time_s,current_nA,label
0.0,4.051244543784288,2
0.01,4.205604950316368,2
0.02,4.281688336632158,2
0.03,3.891450077820424,2
0.04,3.8495435639829836,2
0.05,4.049540213231123,2
0.06,4.163028900697096,2
0.07,3.925199890870301,2
0.08,4.050517180731371,2
0.09,4.304679599212795,2
0.1,3.997598364852878,2
0.11,3.442448578166068,2
0.12,4.000846316700452,2
0.13,4.090105031579679,2
0.14,3.9515307518818763,2
0.15,3.8171060860604693,2
0.16,3.8769854101851413,2
0.17,4.1842369824055,2
0.18,3.738047379704292,2
0.19,3.6506436485486464,2
0.2,4.154195278260676,2
0.21,4.372413745632219,2
0.22,4.544639267804041,2
0.23,4.6056873540513905,2
0.24,4.633086791683586,2
0.25,4.437130794761584,2
0.26,4.235259105021435,2
0.27,4.4401334363309,2
0.28,4.243233928087748,2
0.29,4.299328375439297,2
0.3,4.312386516629605,2
0.31,4.9021719353639135,2
0.32,4.766502544256069,2
0.33,5.020911167157646,2
0.34,5.11921969650144,2
0.35000000000000003,4.974079483476143,2
0.36,4.524214554692925,2
0.37,4.456787017386763,2
0.38,4.665887561833294,2
0.39,4.252273161978053,2
0.4,4.463826107897941,2
0.41000000000000003,4.797921527558424,2
0.42,4.7453309073173235,2
0.43,4.92967406971144,2
0.44,4.87644474537472,2
0.45,4.950688878186118,2
0.46,5.278793749796146,2
0.47000000000000003,4.7106288065089705,2
0.48,4.422757657335779,2
0.49,4.7348355015027535,2
0.5,5.067962417256199,2
0.51,4.562260728266949,2
0.52,4.94867968306846,2
0.53,4.125051488795885,2
0.54,4.2897936369047525,2
0.55,4.322804914862243,2
0.56,4.082812768465731,2
0.5700000000000001,3.884263381842187,2
0.58,3.716013104324131,2
0.59,3.6865696087814914,2
0.6,4.280612935152563,2
0.61,4.4857603040649145,2
0.62,4.843591745724419,2
0.63,4.667978956091211,2
0.64,4.666419960234973,2
0.65,4.296164736655367,2
0.66,4.187656957045107,2
0.67,4.012352422860333,2
0.68,4.149562565444256,2
0.6900000000000001,3.9343343634667645,2
0.7000000000000001,3.7037932987105413,2
0.71,3.845711453045476,2
0.72,3.845977429467588,2
0.73,3.6628984706128267,2
0.74,3.456730269986116,2
0.75,3.312480908926118,2
0.76,3.612036274078461,2
0.77,3.7691302402824,2
0.78,3.5782540660015143,2
0.79,3.4177381003170266,2
0.8,3.1508921456063366,2
0.81,3.124381683533066,2
0.8200000000000001,3.2467799507365007,2
0.8300000000000001,3.0730728842823978,2
0.84,3.7854937156607096,2
0.85,3.983679642907802,2
0.86,3.976195432434402,2
0.87,4.002679382576521,2
0.88,3.608186968016031,2
0.89,3.3076496173137784,2
0.9,3.751697603179989,2
0.91,4.239797829244158,2
0.92,3.58813466772657,2
0.93,3.7625944077223115,2
0.9400000000000001,4.177792436588966,2
0.9500000000000001,4.0631879398011375,2
0.96,4.487342365025523,2
0.97,4.656019511691498,2
0.98,4.718173240009405,2
0.99,4.577037339956928,2
1.0,4.545430965864714,2
1.01,4.364122763351369,2
1.02,4.411705230015491,2
1.03,4.442161249005567,2
1.04,4.274899087721382,2
1.05,3.6957589868312803,2
1.06,3.6709374166783304,2
1.07,3.415451241947972,2
1.08,3.1563311363158513,2
1.09,3.0452019313225396,2
1.1,3.3749610252171687,2
1.11,3.1226498528799405,2
1.12,2.9589557564513793,2
1.1300000000000001,3.2633092924693163,2
1.1400000000000001,3.1200488875484296,2
1.1500000000000001,2.888676189729799,2
1.16,3.228974927544923,2
1.17,3.2693961717697557,2
1.18,3.3609692138151597,2
1.19,3.3614441823924395,2
1.2,3.5452351287759565,2
1.21,3.7849255947948626,2
1.22,3.7715874421122515,2
1.23,3.3699612248760764,2
1.24,3.5172500350016707,2
1.25,3.469191594923891,2
1.26,3.7651655865130205,2
1.27,3.534897004663441,2
1.28,3.4923303596807997,2
1.29,3.1232423134401914,2
1.3,3.4328083128475315,2
1.31,3.8367039159873144,2
1.32,3.714769885749488,2
1.33,3.6883040013670914,2
1.34,3.49006847913065,2
1.35,3.3389764102012354,2
1.36,3.6015842363651536,2
1.37,3.4985853213409226,2
1.3800000000000001,3.6833502757492367,2
1.3900000000000001,3.7107001447343757,2
1.4000000000000001,3.952285774773232,2
1.41,3.845879584178785,2
1.42,4.168790686904919,2
1.43,4.683280116510922,2
1.44,4.1331946572630365,2
1.45,4.0937609997630044,2
1.46,4.058097082425853,2
1.47,3.8495055476281324,2
1.48,3.9800135256026645,2
1.49,4.299509228773242,2
1.5,3.7102625232076942,2
1.51,3.158502451851374,2
1.52,3.712248840351896,2
1.53,3.673137589379715,2
1.54,3.7311695836836747,2
1.55,3.455324482284425,2
1.56,3.5223524821829146,2
1.57,3.9579585649359728,2
1.58,4.1028138410990165,2
1.59,4.147142415762628,2
1.6,3.630937433549792,2
1.61,3.8782695754462653,2
1.62,3.893158854926726,2
1.6300000000000001,3.7315802606141046,2
1.6400000000000001,3.940463161680312,2
1.6500000000000001,3.706195172755798,2
1.6600000000000001,3.8944586678209134,2
1.67,4.249791166779526,2
1.68,4.268505390594455,2
1.69,4.121525128206876,2
1.7,3.9472658364956166,2
1.71,4.060964890980311,2
1.72,3.9324624279022413,2
1.73,4.609710057042465,2
1.74,4.1477963787956496,2
1.75,4.096251439161422,2
1.76,4.163853516607123,2
1.77,4.1909639850205025,2
1.78,4.012990207317769,2
1.79,4.360826199752781,2
1.8,4.513681966044643,2
1.81,4.67191643502386,2
1.82,4.415482440388402,2
1.83,4.259827230508673,2
1.84,4.372179477926484,2
1.85,4.023157059552542,2
1.86,4.209415124815991,2
1.87,4.159871466903182,2
1.8800000000000001,4.445514525392089,2
1.8900000000000001,4.279806292485746,2
1.9000000000000001,4.765833697393209,2
1.9100000000000001,4.80555751376436,2
1.92,4.872454941693657,2
1.93,4.588984304878352,2
1.94,4.601864386880935,2
1.95,4.386064586455193,2
1.96,3.9110331695950498,2
1.97,3.8644954895101375,2
1.98,4.207505147790136,2
1.99,4.168587529387544,2
2.0,4.068389192492201,2
2.0100000000000002,3.9744502098398713,2
2.02,4.612109369176219,2
2.0300000000000002,4.723281733019243,2
2.04,4.200459670435765,2
2.05,4.026525107576192,2
2.06,3.9103096764491077,2
2.07,3.7149402416972634,2
2.08,3.7616802860590077,2
2.09,3.622911715369348,2
2.1,3.515342876928789,2
2.11,3.607304808380593,2
2.12,3.2100439269842185,2
2.13,2.6795799198695542,2
2.14,3.1637487065898657,2
2.15,3.484584530433694,2
2.16,3.6406437507532265,2
2.17,3.7629005826770365,2
2.18,3.732989891176826,2
2.19,4.614199880186835,2
2.2,4.607449379195826,2
2.21,5.285652316616206,2
2.22,5.741539047460288,2
2.23,5.698183866052071,2
2.24,5.468869660851994,2
2.25,5.326519192146266,2
2.2600000000000002,5.080301557091899,2
2.27,5.102886352924219,2
2.2800000000000002,5.183502945480205,2
2.29,4.718305098815051,2
2.3000000000000003,5.387227229058066,2
2.31,5.027229952415849,2
2.32,4.163396101048431,2
2.33,4.123880855077016,2
2.34,3.7861068642048172,2
2.35,3.7923584803471626,2
2.36,3.833217739945106,2
2.37,3.9760568696095895,2
2.38,4.263438486592469,2
2.39,3.9516484027315864,2
2.4,3.853540163346787,2
2.41,4.060437729561189,2
2.42,3.8681300909348098,2
2.43,3.3493974290941777,2
2.44,3.5899495058813953,2
2.45,3.470802218715799,2
2.46,3.3447115657016213,2
2.47,3.4442585058947937,2
2.48,3.501005148732649,2
2.49,3.833445302856421,2
2.5,3.496207938862866,2
2.5100000000000002,4.187519530160611,2
2.52,3.768101232970534,2
2.5300000000000002,3.6814307526412438,2
2.54,3.4672102220113823,2
2.5500000000000003,3.5362253298721145,2
2.56,3.5879220403468643,2
2.57,3.676266364295247,2
2.58,3.7826819709054718,2
2.59,4.174553169819331,2
2.6,4.2014788740972,2
2.61,4.574692930128597,2
2.62,4.021286357458233,2
2.63,3.400272208432114,2
2.64,3.4962377608378308,2
2.65,3.6392612818018417,2
2.66,3.524077853185664,2
2.67,3.568797833642074,2
2.68,3.9165893605249074,2
2.69,4.114858668668195,2
2.7,4.009884493996546,2
2.71,4.064958122228617,2
2.72,4.273475693578142,2
2.73,3.897762276200035,2
2.74,3.679911229689112,2
2.75,3.9735326272781455,2
2.7600000000000002,3.4861159983111283,2
2.77,3.2285780374383743,2
2.7800000000000002,2.961939020817907,2
2.79,3.3257946609727504,2
2.8000000000000003,3.0858503592967748,2
2.81,3.401631077286418,2
2.82,3.361362672363028,2
2.83,3.9291842397050787,2
2.84,3.972624301410322,2
2.85,4.2776567926002915,2
2.86,4.3803239145591375,2
2.87,4.214558085863784,2
2.88,4.189547923975395,2
2.89,4.1729669516680605,2
2.9,4.024815041831616,2
2.91,4.2739030700090685,2
2.92,4.957838981803066,2
2.93,4.894879564550948,2
2.94,5.0084279362450665,2
2.95,5.057410206131401,2
2.96,4.212166576822368,2
2.97,4.330225013570983,2
2.98,4.4222982692275,2
2.99,4.02630852190044,2
3.0,3.5169421471647198,2
3.0100000000000002,3.6862713025398466,2
3.02,4.183800571027951,2
3.0300000000000002,4.060778391123808,2
3.04,3.9607303657139075,2
3.0500000000000003,4.618667059891246,2
3.06,4.810659477902734,2
3.0700000000000003,4.385557452704134,2
3.08,4.144987307346852,2
3.09,4.747940025075241,2
3.1,4.485290234663997,2
3.11,4.285680864234959,2
3.12,4.447123217878698,2
3.13,4.327748153530104,2
3.14,4.420608433396576,2
3.15,4.460111204437748,2
3.16,4.372977419740139,2
3.17,4.678322235620069,2
3.18,4.249167251263974,2
3.19,4.257540781318108,2
3.2,4.067389342345049,2
3.21,4.525868259320929,2
3.22,4.4238535740582625,2
3.23,4.926195370568985,2
3.24,4.714081888907937,2
3.25,4.673597189848512,2
3.2600000000000002,4.9145284977638735,2
3.27,4.552336548261993,2
3.2800000000000002,4.924673545262081,2
3.29,4.839605880938896,2
3.3000000000000003,4.872252176579306,2
3.31,4.939730095755147,2
3.3200000000000003,4.824208570930839,2
3.33,4.512348884102583,2
3.34,4.487812472193403,2
3.35,3.8691718415120633,2
3.36,3.510901708127481,2
3.37,3.5201164566731795,2
3.38,4.006513655547167,2
3.39,4.435693041234525,2
3.4,4.66963436876703,2
3.41,4.166612021448889,2
3.42,4.235165477374797,2
3.43,3.967814986340446,2
3.44,3.951990956386289,2
3.45,4.227229780135864,2
3.46,4.390903549108395,2
3.47,4.715374623930104,2
3.48,4.24456446591961,2
3.49,3.9303123877794355,2
3.5,4.364096944755748,2
3.5100000000000002,4.758852291177307,2
3.52,4.6783819038875265,2
3.5300000000000002,4.603923007250892,2
3.54,4.875821249719607,2
3.5500000000000003,4.939007083526971,2
3.56,5.016898624918726,2
3.5700000000000003,4.653182299078871,2
3.58,4.9135107272632315,2
3.59,4.76559008297967,2
3.6,4.294537213291371,2
3.61,4.04370627712397,2
3.62,3.870165813774231,2
3.63,4.301912943905671,2
3.64,4.0743460138373315,2
3.65,4.1759048615505145,2
3.66,3.560419422147419,2
3.67,3.8698007552465707,2
3.68,3.6585419523159013,2
3.69,3.8034186346144088,2
3.7,3.9336971978528834,2
3.71,4.119670955226144,2
3.72,4.2018556794181805,2
3.73,4.724110718864655,2
3.74,4.710840734167826,2
3.75,5.276829093949652,2
3.7600000000000002,5.329834021875377,2
3.77,5.274684680142145,2
3.7800000000000002,5.399806423002309,2
3.79,5.315562813791546,2
3.8000000000000003,5.311265961834883,2
3.81,5.278537421003507,2
3.8200000000000003,5.220811269400653,2
3.83,5.698967373758777,2
3.84,6.172898524386169,2
3.85,6.048266095810392,2
3.86,6.200280019863695,2
3.87,6.320515017526933,2
3.88,6.398071491061373,2
3.89,6.312692935419943,2
3.9,6.269383470184467,2
3.91,6.204285451590395,2
3.92,5.78027031492613,2
3.93,5.583738154201254,2
3.94,5.086277673885055,2
3.95,5.140972400189369,2
3.96,5.14903856773413,2
3.97,5.232272603001103,2
3.98,4.889525373744296,2
3.99,5.0738397741848305,2
4.0,5.0999923856116,2
4.01,5.622653401167799,2
4.0200000000000005,5.688764910643048,2
4.03,5.35052297000899,2
4.04,4.8329041932859065,2
4.05,4.811423894075789,2
4.0600000000000005,4.438673679890986,2
4.07,4.186697061350165,2
4.08,3.8943446075798436,2
4.09,3.740260266200133,2
4.1,4.178818314745322,2
4.11,3.886860959562387,2
4.12,3.777849005312212,2
4.13,3.394745861844098,2
4.14,2.9717977963160376,2
4.15,2.9954505242460407,2
4.16,3.1546916988269937,2
4.17,2.9132944315219524,2
4.18,2.5914659519711676,2
4.19,2.202117681362067,2
4.2,2.4231128002232327,2
4.21,2.8456965543333514,2
4.22,2.556451103465343,2
4.23,2.517278477320907,2
4.24,2.9721895809046175,2
4.25,3.014465970075172,2
4.26,3.08457699854412,2
4.2700000000000005,3.2838706401767,2
4.28,3.2299214587668126,2
4.29,3.0865838332411353,2
4.3,3.2650032632265953,2
4.3100000000000005,2.9471542067798757,2
4.32,2.5956525500048353,2
4.33,2.540011733172526,2
4.34,2.8877564971958485,2
4.3500000000000005,3.3283404252760462,2
4.36,3.2609518167658247,2
4.37,3.5701017018517116,2
4.38,4.0045674441116255,2
4.39,4.014807164224399,2
4.4,4.193643555088063,2
4.41,4.703129185515057,2
4.42,4.433129475030495,2
4.43,4.321356661570238,2
4.44,4.742691079429514,2
4.45,4.402028667420165,2
4.46,4.405889021052497,2
4.47,4.187289354808489,2
4.48,4.554936908891455,2
4.49,4.163756128333001,2
4.5,4.128356746069267,2
4.51,3.818887013156016,2
4.5200000000000005,3.421480814854662,2
4.53,2.941546140885948,2
4.54,3.000736213770364,2
4.55,3.2376946768410058,2
4.5600000000000005,3.3191159273858646,2
4.57,3.453675538917315,2
4.58,3.385229267728963,2
4.59,3.7256087968685345,2
4.6000000000000005,3.9592540329309207,2
4.61,3.998893818693917,2
4.62,4.057210188834272,2
4.63,3.919521259441135,2
4.64,4.4787639423862355,2
4.65,4.659876265942131,2
4.66,4.564759891290181,2
4.67,4.459374126686551,2
4.68,4.30302238340413,2
4.69,4.188098245687431,2
4.7,4.239100299857322,2
4.71,3.7316418623263723,2
4.72,3.687898490142678,2
4.73,3.6819656510751657,2
4.74,3.7114142407382746,2
4.75,3.7897454280160616,2
4.76,3.8198037085320626,2
4.7700000000000005,3.952599565552297,2
4.78,3.9190994632238847,2
4.79,4.207118970691809,2
4.8,4.372789342917947,2
4.8100000000000005,4.971848501557811,2
4.82,5.073486556495346,2
4.83,4.755011413884883,2
4.84,4.635088792578396,2
4.8500000000000005,4.4278452944041575,2
4.86,4.387317574791515,2
4.87,4.659641665898028,2
4.88,4.501921321097193,2
4.89,4.290652975827211,2
4.9,4.407866561091575,2
4.91,4.13609320781853,2
4.92,3.8747624425877993,2
4.93,3.9955104486055593,2
4.94,3.488361989059953,2
4.95,3.402756946534275,2
4.96,3.70496415614031,2
4.97,3.214956484634789,2
4.98,2.7945598680235575,2
4.99,2.508814654822763,2
5.0,1.884114671439125,2
5.01,2.6330825966744755,2
5.0200000000000005,2.8039109543881597,2
5.03,2.7335607331746044,2
5.04,2.4946671076227425,2
5.05,3.2688669255046836,2
5.0600000000000005,3.5275657234857647,2
5.07,3.538433595607507,2
5.08,3.930114690247176,2
5.09,4.047249989446234,2
5.1000000000000005,3.9002999036713395,2
5.11,3.7384560559064237,2
5.12,3.5973335912991247,2
5.13,3.349732040933147,2
5.14,3.7296997630997573,2
5.15,3.6099709561857316,2
5.16,4.032369552169434,2
5.17,3.7943422291706193,2
5.18,3.645188627317287,2
5.19,3.552487891617676,2
5.2,3.3425051962491295,2
5.21,3.242103065067909,2
5.22,3.473886537234176,2
5.23,3.867056659651844,2
5.24,3.965084840412865,2
5.25,3.631222191576713,2
5.26,3.498243778973943,2
5.2700000000000005,3.3844798377501033,2
5.28,3.9278334887488087,2
5.29,4.214285976179365,2
5.3,4.536877802294768,2
5.3100000000000005,4.282323991541281,2
5.32,3.893286186193878,2
5.33,4.066411661585272,2
5.34,3.9293792372433733,2
5.3500000000000005,4.019055860332195,2
5.36,4.134014239586302,2
5.37,4.008666227688702,2
5.38,4.292292758632064,2
5.39,3.8492907665258045,2
5.4,3.895356820532108,2
5.41,4.098056689119852,2
5.42,4.570551481362163,2
5.43,4.551693086237471,2
5.44,4.852789100602807,2
5.45,5.105169716188918,2
5.46,5.656735053137371,2
5.47,5.58278479067061,2
5.48,6.005918782498688,2
5.49,6.034841385746005,2
5.5,5.3966924295987,2
5.51,5.265164707506114,2
5.5200000000000005,4.878963121083252,2
5.53,5.224632038221609,2
5.54,5.149931628733702,2
5.55,4.661071079743648,2
5.5600000000000005,4.845078181346529,2
5.57,5.1350029680987905,2
5.58,4.907272109133329,2
5.59,4.689885731780963,2
5.6000000000000005,4.678035429454953,2
5.61,4.097214899269157,2
5.62,4.288577141948094,2
5.63,4.73891610794673,2
5.64,4.480664516191837,2
5.65,4.954789127522437,2
5.66,5.141172329957189,2
5.67,5.005232330316427,2
5.68,5.0845761210922555,2
5.69,5.428789110560685,2
5.7,5.326091312167926,2
5.71,5.3047088029222875,2
5.72,5.022522043638505,2
5.73,4.886305438792295,2
5.74,4.996231485995763,2
5.75,4.845509742651978,2
5.76,4.618320536796058,2
5.7700000000000005,4.882595690691228,2
5.78,4.931043066187991,2
5.79,4.701909069255577,2
5.8,5.128337079694347,2
5.8100000000000005,5.614351057571751,2
5.82,5.740381039237381,2
5.83,5.227862742661686,2
5.84,5.220401116439104,2
5.8500000000000005,5.2651339105368775,2
5.86,4.6895554498268615,2
5.87,4.958347200786989,2
5.88,4.921773433457398,2
5.89,5.147653354412511,2
5.9,4.946321252765775,2
5.91,4.988882614864059,2
5.92,5.040699543507977,2
5.93,4.990061864374676,2
5.94,5.030278537006328,2
5.95,4.8884041105463725,2
5.96,4.46437527787038,2
5.97,3.8394697075048025,2
5.98,3.680610166450423,2
5.99,3.9366091218111077,2
6.0,3.648614426418959,2
6.01,3.9843092584241084,2
6.0200000000000005,4.380040830402759,2
6.03,4.475971307158163,2
6.04,4.381354134532387,2
6.05,4.633547702373949,2
6.0600000000000005,4.898009068428022,2
6.07,4.744428936856157,2
6.08,4.6940158836818044,2
6.09,4.394127707029763,2
6.1000000000000005,4.435803713742715,2
6.11,3.806595562085957,2
6.12,3.743052173237742,2
6.13,3.52700374870477,2
6.140000000000001,3.5493469303065392,2
6.15,3.3691080679197274,2
6.16,2.8901678704095595,2
6.17,2.81588531032736,2
6.18,2.7995251615114567,2
6.19,3.2213825094339312,2
6.2,3.11760996925633,2
6.21,2.9657211353137227,2
6.22,2.7314520384843557,2
6.23,3.182023558558225,2
6.24,3.2006342890567776,2
6.25,3.357728993317351,2
6.26,2.984557705244263,2
6.2700000000000005,2.5889052482730746,2
6.28,2.4744876885198224,2
6.29,3.0869443314559057,2
6.3,2.8690231109140947,2
6.3100000000000005,2.804724069534416,2
6.32,2.927910157448405,2
6.33,2.857994240682809,2
6.34,3.107757242941566,2
6.3500000000000005,2.9615134503840124,2
6.36,2.7534141801401204,2
6.37,3.6481102462254693,2
6.38,3.417888333811515,2
6.390000000000001,3.7013915023563135,2
6.4,3.4642896582972216,2
6.41,3.081266586799751,2
6.42,3.1475669983477625,2
6.43,2.852893853628485,2
6.44,2.8562152068743214,2
6.45,2.745108021290687,2
6.46,3.225282261709846,2
6.47,2.8658789230695976,2
6.48,3.1707888195827345,2
6.49,3.334488604249651,2
6.5,3.336133652932763,2
6.51,3.187713278560237,2
6.5200000000000005,3.3177528806361423,2
6.53,3.4498077254434207,2
6.54,3.6163869159735866,2
6.55,3.5784948119226865,2
6.5600000000000005,3.2962277820179526,2
6.57,3.6154988940232538,2
6.58,3.652973602884461,2
6.59,3.514029385954282,2
6.6000000000000005,3.2788451319967624,2
6.61,3.612321866352772,2
6.62,4.043317700389676,2
6.63,4.201995725015896,2
6.640000000000001,4.363820234305727,2
6.65,4.6596079075897014,2
6.66,4.491122374197419,2
6.67,5.046661633123441,2
6.68,4.641789335852454,2
6.69,4.508658398478028,2
6.7,4.23918839482216,2
6.71,4.233285914877146,2
6.72,4.700374004459237,2
6.73,4.562789648784836,2
6.74,4.625957622219103,2
6.75,3.739402300001978,2
6.76,3.8866389667189054,2
6.7700000000000005,4.1808703492789885,2
6.78,4.197616116174909,2
6.79,3.8757415277824148,2
6.8,3.5480415085808223,2
6.8100000000000005,3.436120941148424,2
6.82,3.150010447788743,2
6.83,3.681533807035051,2
6.84,3.845836615016878,2
6.8500000000000005,4.270572429709835,2
6.86,4.1616046118798256,2
6.87,3.9288359867983247,2
6.88,3.7367927392174844,2
6.890000000000001,3.6321580122399886,2
6.9,3.528879638060949,2
6.91,3.9221600162392813,2
6.92,4.188805978438016,2
6.93,4.24667270396886,2
6.94,3.751754701689253,2
6.95,3.860176852044123,2
6.96,3.7861016679933823,2
6.97,4.205917887275364,2
6.98,4.43902742709373,2
6.99,4.4354034478716535,2
7.0,3.7975266491605435,2
7.01,3.779214246439907,2
7.0200000000000005,3.6161930296956326,2
7.03,3.769418346203849,2
7.04,3.4688808337522596,2
7.05,3.5963218334677114,2
7.0600000000000005,3.008221097921586,2
7.07,2.7148145546440565,2
7.08,2.5940451722542583,2
7.09,2.579891537444779,2
7.1000000000000005,2.8320933038846174,2
7.11,2.47996074034384,2
7.12,2.450301323873612,2
7.13,2.4308147238110833,2
7.140000000000001,2.782662887089964,2
7.15,2.8500754764739327,2
7.16,2.6909826688810377,2
7.17,2.5162212239759594,2
7.18,2.507981306451084,2
7.19,2.190139813511209,2
7.2,2.8317824893237153,2
7.21,2.94736937299004,2
7.22,2.793798290118823,2
7.23,2.615658596669979,2
7.24,2.4120252336532886,2
7.25,2.675988034446597,2
7.26,2.3399404921646068,2
7.2700000000000005,2.455516632684317,2
7.28,2.7724891805409237,2
7.29,2.7292216265346907,2
7.3,2.5696076216930046,2
7.3100000000000005,2.9499906253422816,2
7.32,2.7342824689123355,2
7.33,2.7821771977037573,2
7.34,2.936604657107923,2
7.3500000000000005,2.8717770764874513,2
7.36,2.645062885183748,2
7.37,2.622314922190182,2
7.38,2.856507381867507,2
7.390000000000001,2.7644374243942336,2
7.4,3.0168974310753716,2
7.41,3.0428943252186773,2
7.42,2.9671745848087454,2
7.43,2.864925090783705,2
7.44,3.0441834058020953,2
7.45,3.4590611001973666,2
7.46,3.547677097726595,2
7.47,3.31956643793875,2
7.48,3.6973364289233426,2
7.49,3.476790650693157,2
7.5,4.0189637598645565,2
7.51,3.971492456772383,2
7.5200000000000005,3.7254625335148948,2
7.53,3.911226926020948,2
7.54,3.8318659974093916,2
7.55,3.9741523590475594,2
7.5600000000000005,4.002804199871165,2
7.57,3.611764127945634,2
7.58,3.6307338407130256,2
7.59,3.809723718204207,2
7.6000000000000005,3.8606296330646006,2
7.61,4.230381945101732,2
7.62,4.295707679308976,2
7.63,4.197598122970716,2
7.640000000000001,4.2374093048490975,2
7.65,4.0741456765433846,2
7.66,4.168869579650058,2
7.67,4.253731333289662,2
7.68,3.8773818213665665,2
7.69,4.108542238614483,2
7.7,4.730493297790773,2
7.71,4.812141013041154,2
7.72,4.155758343758944,2
7.73,4.019262227744968,2
7.74,3.654843457343745,2
7.75,3.6066846575289944,2
7.76,3.840363980919681,2
7.7700000000000005,3.6528186011191583,2
7.78,4.221526823064151,2
7.79,3.383183271084734,2
7.8,3.3745692891914407,2
7.8100000000000005,3.5445692610931263,2
7.82,3.2446100427794513,2
7.83,3.0119352673203688,2
7.84,3.325019598464594,2
7.8500000000000005,3.9388877830512663,2
7.86,4.52469818893699,2
7.87,4.374031363535512,2
7.88,4.719499031849881,2
7.890000000000001,4.628062062481037,2
7.9,4.824982492837304,2
7.91,4.6828022248303505,2
7.92,4.29303362006606,2
7.930000000000001,4.717573338453393,2
7.94,5.173519610014474,2
7.95,4.936945860312204,2
7.96,5.108624675822491,2
7.97,4.956677490839626,2
7.98,5.478923493890888,2
7.99,4.908047452171774,2
8.0,4.766728866780744,2
8.01,4.280006924735096,2
8.02,3.8024529508884557,2
8.03,3.7893720259581776,2
8.040000000000001,3.682815290019158,2
8.05,3.4280006177683746,2
8.06,3.7224010046252483,2
8.07,4.118133378640155,2
8.08,4.2516302918616615,2
8.09,3.6947272338840986,2
8.1,3.8214435205320223,2
8.11,3.9327200966554745,2
8.120000000000001,3.7008158579599266,2
8.13,3.8287250623802254,2
8.14,3.7022146023345153,2
8.15,3.4995683129677757,2
8.16,3.214513706909373,2
8.17,3.5294550796805315,2
8.18,3.9429749973151105,2
8.19,3.9086368268708025,2
8.2,4.196771928961114,2
8.21,4.60958863395034,2
8.22,4.585832726645444,2
8.23,4.505317045683901,2
8.24,4.587844735984505,2
8.25,4.291701660082291,2
8.26,4.417479595979675,2
8.27,4.418541291383337,2
8.28,4.006462983013504,2
8.290000000000001,3.638908797725475,2
8.3,3.3958537468833425,2
8.31,3.6015157822846233,2
8.32,3.5457844731777306,2
8.33,3.584113515206157,2
8.34,4.012819224076207,2
8.35,4.136999515209731,2
8.36,3.941257870608529,2
8.370000000000001,3.66745958172168,2
8.38,3.787158758053238,2
8.39,3.5333114023210648,2
8.4,3.934998674778409,2
8.41,4.011133406209993,2
8.42,4.0466184940528365,2
8.43,3.7713885898695736,2
8.44,3.9697351001855363,2
8.45,4.2924821979545795,2
8.46,4.224624526256419,2
8.47,4.4651549732785565,2
8.48,4.303937998547796,2
8.49,4.255898503970538,2
8.5,4.821341144594188,2
8.51,4.633956131846631,2
8.52,4.7234686185971535,2
8.53,4.540880008427308,2
8.540000000000001,4.566248596315311,2
8.55,4.706856558762929,2
8.56,4.380940417620325,2
8.57,4.143046957497541,2
8.58,4.289578410726903,2
8.59,4.30641440741794,2
8.6,4.607968436288768,2
8.61,4.623647372109278,2
8.620000000000001,5.088321504878614,2
8.63,5.176917825039958,2
8.64,5.591501284030631,2
8.65,5.9110405850148835,2
8.66,5.538038893976479,2
8.67,5.803672802117505,2
8.68,5.889710667116021,2
8.69,5.9473230817668625,2
8.700000000000001,6.088337830211064,2
8.71,5.791904576665034,2
8.72,5.705776712058789,2
8.73,5.4160461165767195,2
8.74,5.928886265426034,2
8.75,5.522694006904239,2
8.76,5.008206551857838,2
8.77,4.675754859153153,2
8.78,4.592596394976758,2
8.790000000000001,4.515825992026004,2
8.8,4.716449172571328,2
8.81,4.653585913161203,2
8.82,4.448038051283605,2
8.83,4.540064065608381,2
8.84,4.816088243510849,2
8.85,4.793165463339143,2
8.86,4.959963371629208,2
8.870000000000001,4.8875913586850706,2
8.88,4.725216530566416,2
8.89,4.850556836912872,2
8.9,4.8302788952179965,2
8.91,5.031831686607235,2
8.92,5.3656027046127415,2
8.93,5.196933959703394,2
8.94,5.26052635310594,2
8.950000000000001,5.437072745701961,2
8.96,5.4096153275714425,2
8.97,5.413189552645001,2
8.98,5.312497754955442,2
8.99,5.253616662309563,2
9.0,5.276114957324843,2
9.01,4.976300429880723,2
9.02,4.397468599580941,2
9.03,4.332870082336918,2
9.040000000000001,4.251656691598179,2
9.05,4.685513439943865,2
9.06,4.700877089735201,2
9.07,4.79002670664855,2
9.08,4.5944174686180945,2
9.09,4.366148068918129,2
9.1,4.093055935160824,2
9.11,3.7266967119867487,2
9.120000000000001,3.959845158848351,2
9.13,4.050737855870713,2
9.14,4.464214142158951,2
9.15,4.573543255162499,2
9.16,4.585002556455642,2
9.17,3.965123132088078,2
9.18,4.5092892459342755,2
9.19,4.469456645418141,2
9.200000000000001,3.8321076216503127,2
9.21,3.912868221895457,2
9.22,3.6918302234275435,2
9.23,3.4827817206108946,2
9.24,3.610011475111644,2
9.25,3.482562613296543,2
9.26,3.8251964687419417,2
9.27,3.80996285645696,2
9.28,3.9422700934541646,2
9.290000000000001,4.10857377328025,2
9.3,4.169068346320616,2
9.31,4.212885343459995,2
9.32,4.2317254727158,2
9.33,4.631704869097302,2
9.34,4.807633701727674,2
9.35,4.5311417328670895,2
9.36,4.163107211725365,2
9.370000000000001,3.921830099985761,2
9.38,4.0508591182057945,2
9.39,3.732868931448415,2
9.4,7.030832712169974,2
9.41,4.619130617199037,2
9.42,3.5769269769376004,2
9.43,3.807033409268297,2
9.44,4.07528021199292,2
9.450000000000001,3.9332295792102046,2
9.46,3.4415965997624327,2
9.47,3.260898997563254,2
9.48,2.95309330139072,2
9.49,2.6730858292248767,2
9.5,3.1279050605515692,2
9.51,3.145167763149048,2
9.52,3.312630766154795,2
9.53,3.6939283824062845,2
9.540000000000001,3.4356728824413936,2
9.55,3.666138580998952,2
9.56,3.287978808367703,2
9.57,3.4307187275063296,2
9.58,3.7901373614482203,2
9.59,3.488322175447303,2
9.6,3.774242869297538,2
9.61,3.8605254004260603,2
9.620000000000001,3.7457476701124968,2
9.63,3.431044332977764,2
9.64,3.556450318081732,2
9.65,3.7407242427319463,2
9.66,3.6767140039472324,2
9.67,3.4310971394850087,2
9.68,3.7040151135634733,2
9.69,4.069229474635581,2
9.700000000000001,4.332502339718275,2
9.71,4.749479764285689,2
9.72,4.4899282622530885,2
9.73,4.039969165799366,2
9.74,4.1523090187284595,2
9.75,4.022908450438148,2
9.76,4.3004463094455865,2
9.77,3.976596266476514,2
9.78,3.705852832739738,2
9.790000000000001,3.7545520776157386,2
9.8,3.828677508045866,2
9.81,4.037001896275086,2
9.82,4.0054326565533485,2
9.83,3.461706641759804,2
9.84,4.493545624505441,2
9.85,4.453689271993342,2
9.86,5.226722491295095,2
9.870000000000001,5.068366370757877,2
9.88,4.66322870811149,2
9.89,4.506997287908011,2
9.9,4.76810274664508,2
9.91,4.866746271425883,2
9.92,4.8672266208754555,2
9.93,4.763129977397061,2
9.94,4.723463224903414,2
9.950000000000001,4.608911407345366,2
9.96,4.8871169738092926,2
9.97,5.0579212251257815,2
9.98,4.685125452378701,2
9.99,4.198019612419845,2
10.0,3.8308324555953153,2
10.01,3.7468063077217577,2
10.02,3.834783428089591,2
10.03,3.835757205714044,2
10.040000000000001,4.030726779384659,2
10.05,4.0235368518174495,2
10.06,4.473292610542702,2
10.07,4.570119617361194,2
10.08,4.518195819451109,2
10.09,4.038322128682185,2
10.1,4.133737328113161,2
10.11,4.261784771943572,2
10.120000000000001,4.033410751956439,2
10.13,3.702476527033292,2
10.14,4.042397014377109,2
10.15,3.7637360496948644,2
10.16,3.834272589837498,2
10.17,3.859323722190353,2
10.18,3.9999185167582034,2
10.19,3.727580220828058,2
10.200000000000001,3.720671743513775,2
10.21,3.4745030293186216,2
10.22,3.5480540390708106,2
10.23,3.736066318635624,2
10.24,4.016156175033942,2
10.25,4.43806182130159,2
10.26,4.319576513474188,2
10.27,4.207932983364895,2
10.28,4.547713607390896,2
10.290000000000001,4.655885090489684,2
10.3,4.940805537169062,2
10.31,5.399928872139459,2
10.32,5.020916406384445,2
10.33,5.148121668772921,2
10.34,4.8635368486436406,2
10.35,5.220158817088754,2
10.36,4.761613426223556,2
10.370000000000001,4.945449074600369,2
10.38,4.69404966915132,2
10.39,4.78172872633076,2
10.4,5.062848847792793,2
10.41,4.774100125350162,2
10.42,4.280663277711422,2
10.43,4.179219104350374,2
10.44,4.051531616819409,2
10.450000000000001,3.68245397446674,2
10.46,3.14486154272545,2
10.47,3.5750902574205505,2
10.48,4.040198555100562,2
10.49,3.8656447347065495,2
10.5,3.79617501590113,2
10.51,4.045422909434458,2
10.52,4.274200821904648,2
10.53,4.750856403044896,2
10.540000000000001,4.851892998559514,2
10.55,4.4761902385615056,2
10.56,4.652705807488012,2
10.57,4.389725755770306,2
10.58,4.332164662410113,2
10.59,4.6141606567784565,2
10.6,4.296219318646183,2
10.61,4.245856231655191,2
10.620000000000001,3.873973559575652,2
10.63,3.606456140800452,2
10.64,3.4908685842918983,2
10.65,4.003668238835684,2
10.66,4.012756212937129,2
10.67,4.76062450201243,2
10.68,4.955112224900788,2
10.69,5.137851474426372,2
10.700000000000001,4.714128524534148,2
10.71,4.599226860131734,2
10.72,4.2154593407124965,2
10.73,4.106132125029068,2
10.74,3.966033728748705,2
10.75,3.9575571637595557,2
10.76,4.1956972368819585,2
10.77,4.101916534149234,2
10.78,4.330721996594756,2
10.790000000000001,3.8823161214012827,2
10.8,4.021090446729036,2
10.81,3.895530395334387,2
10.82,3.9777967729507453,2
10.83,4.224509030030485,2
10.84,3.793634095256618,2
10.85,4.230505728144007,2
10.86,4.15258898098106,2
10.870000000000001,4.664867126770398,2
10.88,4.618500200354668,2
10.89,4.930895285940232,2
10.9,4.854735722767783,2
10.91,4.844975609745621,2
10.92,4.793407395138271,2
10.93,4.651868389310953,2
10.94,4.513767897102247,2
10.950000000000001,4.5262996988731325,2
10.96,4.629031041960677,2
10.97,4.632304282204363,2
10.98,4.716171527141442,2
10.99,4.214425421239542,2
11.0,4.449107940565967,2
11.01,4.193803453306522,2
11.02,3.7076631066727774,2
11.03,4.260352959426079,2
11.040000000000001,4.633867018241105,2
11.05,4.5675100971553215,2
11.06,4.813815659177036,2
11.07,4.638588157256406,2
11.08,4.441733475970611,2
11.09,4.229171342888865,2
11.1,4.024997441642334,2
11.11,3.949093237932773,2
11.120000000000001,3.7519015934322018,2
11.13,2.969642786838274,2
11.14,3.0207083898011478,2
11.15,2.844034883649761,2
11.16,3.0438564754121464,2
11.17,3.0715218282960794,2
11.18,3.3442302059677944,2
11.19,3.413505516535409,2
11.200000000000001,3.1133405773387226,2
11.21,2.843274369006269,2
11.22,2.607337755046976,2
11.23,2.501862483143049,2
11.24,2.452579136538536,2
11.25,2.8677966744941235,2
11.26,3.0337962649964747,2
11.27,2.603132381485654,2
11.28,2.494746555356151,2
11.290000000000001,2.634889894597787,2
11.3,2.486861151426483,2
11.31,2.661131945424761,2
11.32,2.557301808386578,2
11.33,2.6635605276298664,2
11.34,2.6359841679148146,2
11.35,2.8041715097163786,2
11.36,3.331967428046936,2
11.370000000000001,3.651770552982276,2
11.38,3.380256948714701,2
11.39,4.153735929462715,2
11.4,4.472912287473403,2
11.41,4.231283543066473,2
11.42,3.9627042858958967,2
11.43,4.062904777818137,2
11.44,4.256195154359505,2
11.450000000000001,4.731259923025102,2
11.46,4.80219355617481,2
11.47,4.533915355175695,2
11.48,4.3367744620322926,2
11.49,4.48063442597736,2
11.5,4.052782103333726,2
11.51,4.470980987369308,2
11.52,4.269573942365819,2
11.53,4.51447431334621,2
11.540000000000001,4.802858449433051,2
11.55,5.588115233723518,2
11.56,5.342808939346723,2
11.57,5.1297923857111245,2
11.58,4.9234239827868045,2
11.59,4.880303607042654,2
11.6,4.609648313570126,2
11.61,4.89205541393441,2
11.620000000000001,5.088490821350503,2
11.63,4.90682813202509,2
11.64,4.614789283794417,2
11.65,4.429725839311393,2
11.66,4.253842242672915,2
11.67,4.3683628089250215,2
11.68,4.386231353002951,2
11.69,4.580475802664788,2
11.700000000000001,4.943836898433231,2
11.71,4.934071133360973,2
11.72,5.008693959809597,2
11.73,5.60376462006439,2
11.74,5.605077048887762,2
11.75,5.305830889920568,2
11.76,5.155889615564101,2
11.77,4.568324674010484,2
11.78,4.666037808427637,2
11.790000000000001,4.443742291834942,2
11.8,4.146986347010641,2
11.81,3.8871849961101503,2
11.82,4.222440094228957,2
11.83,4.126858096376962,2
11.84,4.33072687267588,2
11.85,4.4069453875023985,2
11.86,4.423015831210266,2
11.870000000000001,4.272131819920587,2
11.88,4.385376173377394,2
11.89,4.226168590779855,2
11.9,4.247880890322074,2
11.91,4.536522454456541,2
11.92,4.8560176685132355,2
11.93,4.64687431501443,2
11.94,4.687637388165135,2
11.950000000000001,4.784414881021301,2
11.96,4.7732444994211285,2
11.97,4.912259235803532,2
11.98,5.04051459792056,2
11.99,5.45711965632499,2
12.0,5.922340924557326,2
12.01,5.683406233120712,2
12.02,5.985475583896751,2
12.030000000000001,5.911336048530929,2
12.040000000000001,5.669914809467365,2
12.05,5.6749291193226075,2
12.06,5.441419796485905,2
12.07,5.2851855524702085,2
12.08,4.845986475703623,2
12.09,4.784174410475649,2
12.1,4.970011074296245,2
12.11,5.077164982973896,2
12.120000000000001,5.072493376148815,2
12.13,5.457313889434247,2
12.14,5.916236683455669,2
12.15,5.865787164198251,2
12.16,6.13188669172276,2
12.17,6.017630384485142,2
12.18,5.840797736119049,2
12.19,5.928953505978443,2
12.200000000000001,5.716083370128059,2
12.21,4.875920704902984,2
12.22,4.715019933568189,2
12.23,4.216929834159447,2
12.24,4.085334695947388,2
12.25,3.9223326202878965,2
12.26,3.7773245525584644,2
12.27,3.501647770814648,2
12.280000000000001,3.2118124418775906,2
12.290000000000001,3.10732028438553,2
12.3,3.0914745493061466,2
12.31,3.097865535470516,2
12.32,3.261437356502564,2
12.33,3.5354284359256924,2
12.34,3.295781306694937,2
12.35,3.1183873533705206,2
12.36,3.6782135249679064,2
12.370000000000001,3.9249685491573016,2
12.38,3.7127187964356563,2
12.39,3.386316746965587,2
12.4,3.3064493878157055,2
12.41,3.3040760726692824,2
12.42,3.5668596082768045,2
12.43,2.9579589969684132,2
12.44,2.78885722915046,2
12.450000000000001,3.419950111668585,2
12.46,3.4825534499876487,2
12.47,3.551961371763331,2
12.48,3.4368462805217,2
12.49,3.7166165586463706,2
12.5,3.2339040064120095,2
12.51,3.1901069141041565,2
12.52,2.6814384649963037,2
12.530000000000001,2.8076814945887363,2
12.540000000000001,2.8005330167003097,2
12.55,2.4586898015012517,2
12.56,2.8991361500809623,2
12.57,3.2047418655036517,2
12.58,3.5760310308710523,2
12.59,3.191546930470122,2
12.6,2.988023941831811,2
12.61,3.4298048917893174,2
12.620000000000001,3.716464583310923,2
12.63,4.142481939843003,2
12.64,4.060250108561538,2
12.65,4.023244737292899,2
12.66,4.195486307515162,2
12.67,3.793125538501957,2
12.68,3.869290912496269,2
12.69,4.600613485068571,2
12.700000000000001,4.439166375428584,2
12.71,3.9409510336320204,2
12.72,4.063331765275935,2
12.73,3.80167435629818,2
12.74,3.791195417999526,2
12.75,4.120215010510819,2
12.76,4.266322042176834,2
12.77,4.101278205415149,2
12.780000000000001,4.328719072234765,2
12.790000000000001,3.8232751241608938,2
12.8,3.8967936518449204,2
12.81,3.7983168903061815,2
12.82,3.1499165450750493,2
12.83,2.891895631167034,2
12.84,2.9985654244901414,2
12.85,3.310272471184826,2
12.86,3.385413681807091,2
12.870000000000001,3.3629877089221467,2
12.88,3.656123762292541,2
12.89,3.7682123759098687,2
12.9,4.073947390184871,2
12.91,4.229305030189727,2
12.92,4.004637470715532,2
12.93,4.1942610461938825,2
12.94,4.447098442160127,2
12.950000000000001,4.799097975152504,2
12.96,4.569834946966239,2
12.97,4.409967496080204,2
12.98,4.618410656028462,2
12.99,4.795005899569087,2
13.0,4.570917316407079,2
13.01,4.323307510254308,2
13.02,4.168287695264622,2
13.030000000000001,4.173914815551356,2
13.040000000000001,3.9049811316825624,2
13.05,4.0334048794187005,2
13.06,3.540811886754208,2
13.07,3.3510897396986574,2
13.08,3.4681185479195737,2
13.09,3.260824905022967,2
13.1,3.2162061120605574,2
13.11,3.258517820763168,2
13.120000000000001,3.933616658876628,2
13.13,3.5701988613970306,2
13.14,3.679954374620525,2
13.15,3.421594232176347,2
13.16,3.178444414144028,2
13.17,3.0126766438781325,2
13.18,3.067059530089794,2
13.19,3.5665903083004475,2
13.200000000000001,3.9427957358559627,2
13.21,3.818700866581555,2
13.22,3.7613301563455837,2
13.23,3.952739068014189,2
13.24,3.9738010706775055,2
13.25,3.796040412449672,2
13.26,4.003834418788362,2
13.27,4.462717888357599,2
13.280000000000001,4.716328549785287,2
13.290000000000001,5.029053486423652,2
13.3,4.886658555837981,2
13.31,4.491251456676883,2
13.32,3.8753917754663187,2
13.33,3.3008043114918477,2
13.34,3.3131093461970846,2
13.35,3.5253966906454814,2
13.36,3.8117261450748536,2
13.370000000000001,3.8994290644666982,2
13.38,3.705033151752074,2
13.39,3.91996819374785,2
13.4,3.5885004873724506,2
13.41,3.316927676782249,2
13.42,3.558897591103622,2
13.43,3.25361293987456,2
13.44,3.1114283556087945,2
13.450000000000001,2.9232791890523577,2
13.46,3.078872264292351,2
13.47,3.3376403829907475,2
13.48,3.5778274820495164,2
13.49,3.455625394594001,2
13.5,3.462507840916685,2
13.51,3.7245231513326313,2
13.52,3.6018004559214982,2
13.530000000000001,3.3829659515500303,2
13.540000000000001,3.2628933360538173,2
13.55,3.1643789266803757,2
13.56,3.256638475422564,2
13.57,3.32336044821616,2
13.58,3.3435908143995654,2
13.59,3.1825414757452912,2
13.6,3.0001515265371754,2
13.61,3.284071644701929,2
13.620000000000001,3.4528885547317327,2
13.63,3.3844038695168077,2
13.64,3.4298467312229195,2
13.65,3.830294678089251,2
13.66,3.826887510354566,2
13.67,3.842427264963825,2
13.68,4.290939414605601,2
13.69,4.565104472795427,2
13.700000000000001,4.327029111915285,2
13.71,4.597598995340241,2
13.72,4.489691533260064,2
13.73,4.143057322790907,2
13.74,4.498259299106225,2
13.75,4.247410103343634,2
13.76,4.078182864094228,2
13.77,3.9623235740944374,2
13.780000000000001,4.543227551045404,2
13.790000000000001,4.219186517249877,2
13.8,4.0265241301953925,2
13.81,3.9268890902278115,2
13.82,4.083574171254744,2
13.83,4.055526618597647,2
13.84,3.8609050724289338,2
13.85,4.051552772368823,2
13.86,4.4307324056987945,2
13.870000000000001,3.9277740865072164,2
13.88,3.7418991890470403,2
13.89,3.912755572892289,2
13.9,3.5721841880205147,2
13.91,3.571080150540003,2
13.92,3.97400685308829,2
13.93,4.153021969903946,2
13.94,4.285335526514654,2
13.950000000000001,4.468544482597312,2
13.96,4.513750583347294,2
13.97,4.3668269755003,2
13.98,4.603518450151045,2
13.99,4.4083497546159025,2
14.0,4.321753374910257,2
14.01,3.82041486001762,2
14.02,3.703009131704822,2
14.030000000000001,3.7549853599123826,2
14.040000000000001,3.786971271887747,2
14.05,4.070022042922082,2
14.06,3.9389578555390887,2
14.07,3.832422764696563,2
14.08,3.6958532991269486,2
14.09,3.79465233989273,2
14.1,4.253298808758653,2
14.11,3.5733733508178305,2
14.120000000000001,3.477864587647007,2
14.13,3.430634640041832,2
14.14,2.883623989309302,2
14.15,2.960109833093369,2
14.16,2.963995348314297,2
14.17,2.9432526120851303,2
14.18,2.7363151767131857,2
14.19,2.837926555230194,2
14.200000000000001,2.623646369355306,2
14.21,2.5227038953769085,2
14.22,2.6139259496537126,2
14.23,3.0419812935571326,2
14.24,3.2540420250429545,2
14.25,3.5025625571158807,2
14.26,4.108083369300325,2
14.27,4.222077688655079,2
14.280000000000001,3.903274841709438,2
14.290000000000001,3.753504397352746,2
14.3,3.5353137749690005,2
14.31,3.543327376060621,2
14.32,3.472435119605673,2
14.33,3.2581158888641655,2
14.34,3.594107021807526,2
14.35,3.916763848059343,2
14.36,3.975922130833594,2
14.370000000000001,3.694449501565658,2
14.38,3.7594464342605334,2
14.39,3.610159836774054,2
14.4,4.013443101133914,2
14.41,3.6733299222823135,2
14.42,3.892315901929075,2
14.43,4.083420480375814,2
14.44,4.329067257834597,2
14.450000000000001,4.351776501019904,2
14.46,4.223071318006841,2
14.47,4.878801309224038,2
14.48,4.542425127287065,2
14.49,4.691642985223403,2
14.5,4.627701021166746,2
14.51,4.662082491017355,2
14.52,4.691509076163268,2
14.530000000000001,4.315658066759006,2
14.540000000000001,3.9037882027588724,2
14.55,3.5515437071083666,2
14.56,3.4700177339965097,2
14.57,3.5933433684436205,2
14.58,3.4392607820946033,2
14.59,3.0883657795688655,2
14.6,3.4397811657843502,2
14.61,3.059862900165557,2
14.620000000000001,3.2898064672651484,2
14.63,3.1479328172617693,2
14.64,3.5781126464916198,2
14.65,3.4713825770223266,2
14.66,3.025425604841101,2
14.67,3.111672013350134,2
14.68,2.962404500227452,2
14.69,3.295899306316459,2
14.700000000000001,3.459733369641525,2
14.71,3.33552287557052,2
14.72,3.1178785004236564,2
14.73,2.8951180697193224,2
14.74,2.839601842041586,2
14.75,3.3420252709344753,2
14.76,3.3670938637507124,2
14.77,3.6987049372994356,2
14.780000000000001,3.3092602956006014,2
14.790000000000001,2.8340660984706405,2
14.8,2.682793730129008,2
14.81,3.000685637623951,2
14.82,3.018771374548995,2
14.83,3.3689655418272113,2
14.84,3.7901423382842614,2
14.85,3.5399187760680597,2
14.86,3.8223162537190065,2
14.870000000000001,4.233355086011616,2
14.88,4.502844811976781,2
14.89,4.0009512010385375,2
14.9,3.4753008955795646,2
14.91,3.400662240774648,2
14.92,3.3442116133315016,2
14.93,3.6485979430409983,2
14.94,3.4095776688748582,2
14.950000000000001,3.5864115401544883,2
14.96,3.320868375996832,2
14.97,3.4865476207348114,2
14.98,3.4083848079291386,2
14.99,3.5691206217316256,2
15.0,3.5091262471465696,2
15.01,2.9327906595246147,2
15.02,3.183717338316325,2
15.030000000000001,3.59685056907319,2
15.040000000000001,3.4003487885334205,2
15.05,3.689676721464032,2
15.06,3.5469270051886466,2
15.07,3.209767639815113,2
15.08,3.115589679691186,2
15.09,3.1519512246823758,2
15.1,2.862643691679418,2
15.11,3.358768524339332,2
15.120000000000001,2.9891636184063755,2
15.13,2.9368460544724377,2
15.14,2.7818604486983967,2
15.15,3.287244588524002,2
15.16,2.931438444750426,2
15.17,3.272090869541499,2
15.18,3.400740379899455,2
15.19,3.1071479891443947,2
15.200000000000001,3.0968229280281534,2
15.21,3.1354138375432448,2
15.22,3.387605971009898,2
15.23,3.2661089932123093,2
15.24,3.518403783271866,2
15.25,3.5803826399436964,2
15.26,3.750185674059524,2
15.27,3.5254919032083536,2
15.280000000000001,3.5046250071913727,2
15.290000000000001,3.585393989075932,2
15.3,3.649987448292369,2
15.31,3.6737814242217444,2
15.32,4.299211144749196,2
15.33,4.432003989312207,2
15.34,4.5949111414761825,2
15.35,4.605372795592085,2
15.36,4.695923720466943,2
15.370000000000001,4.682601844703851,2
15.38,5.129368915789425,2
15.39,4.99940974622492,2
15.4,5.13501174696279,2
15.41,5.612339311742658,2
15.42,5.636132978262726,2
15.43,5.391912710195425,2
15.44,5.044751986948027,2
15.450000000000001,4.799871022712338,2
15.46,4.830866436348444,2
15.47,5.253309753204806,2
15.48,5.299002805114968,2
15.49,5.059581364146592,2
15.5,4.867229252768417,2
15.51,4.738164140929984,2
15.52,4.284509204668842,2
15.530000000000001,4.126372115823334,2
15.540000000000001,3.9716303956614625,2
15.55,4.761585537435098,2
15.56,4.94803684932706,2
15.57,4.549197185419523,2
15.58,4.049676847037049,2
15.59,3.6746786725952205,2
15.6,4.107731753712443,2
15.610000000000001,3.714737233308256,2
15.620000000000001,4.19934741857712,2
15.63,4.247335974274887,2
15.64,4.152909523674745,2
15.65,3.813313239190835,2
15.66,4.190063823860067,2
15.67,4.325816317107611,2
15.68,4.548259551032833,2
15.69,4.416220970298043,2
15.700000000000001,4.563478715704849,2
15.71,4.926915577937238,2
15.72,5.0028810054128545,2
15.73,4.603481545340433,2
15.74,4.690443333299647,2
15.75,4.835253910179089,2
15.76,5.226830502811997,2
15.77,5.269890615913575,2
15.780000000000001,5.454992296635959,2
15.790000000000001,5.484107059361397,2
15.8,4.951794683510958,2
15.81,5.0916034538156865,2
15.82,5.016433863790909,2
15.83,5.480587684899747,2
15.84,4.924742278749056,2
15.85,4.511498839415,2
15.860000000000001,4.665874706023542,2
15.870000000000001,5.02756931674849,2
15.88,4.8907378216121895,2
15.89,4.769085166137599,2
15.9,4.750867734492024,2
15.91,4.538609200127033,2
15.92,4.76454570903113,2
15.93,4.551352570604049,2
15.94,4.6946416592711655,2
15.950000000000001,4.250260800710113,2
15.96,4.712144174486688,2
15.97,4.0401701993482115,2
15.98,3.73490270417929,2
15.99,4.399876693580171,2
16.0,4.388511040539684,2
16.01,4.162718812823318,2
16.02,3.7846067270654804,2
16.03,3.682596703546688,2
16.04,3.796435476324114,2
16.05,3.9546878662024674,2
16.06,4.050525614891587,2
16.07,3.539379381959212,2
16.080000000000002,3.624804789310187,2
16.09,3.758367180525528,2
16.1,3.8813078670812233,2
16.11,3.901524915188556,2
16.12,3.5631675560858436,2
16.13,3.3457528434753905,2
16.14,3.754882067011999,2
16.15,3.559618425087895,2
16.16,3.3990861362238185,2
16.17,3.3752387421360015,2
16.18,3.093008470100921,2
16.19,3.3632829224976657,2
16.2,3.0675647401142303,2
16.21,3.4679378725175356,2
16.22,3.1401248308547327,2
16.23,3.1468992726272385,2
16.240000000000002,3.3296117304753943,2
16.25,3.6206409420467245,2
16.26,3.594825922118441,2
16.27,3.4362389858452222,2
16.28,3.8946708307342672,2
16.29,3.9566186713431666,2
16.3,3.9126061462032915,2
16.31,3.406072952858145,2
16.32,3.5197431234893397,2
16.330000000000002,3.566356852284766,2
16.34,3.225561389430487,2
16.35,3.0816894741674474,2
16.36,3.1999705811582793,2
16.37,3.4124000220616235,2
16.38,3.182618774183124,2
16.39,2.978525046952189,2
16.4,3.1134406824775667,2
16.41,2.963755670950122,2
16.42,3.0105200128147884,2
16.43,3.612466186984768,2
16.44,3.639132822360056,2
16.45,3.964993678745337,2
16.46,3.615608107180652,2
16.47,3.4364939586605177,2
16.48,3.269281452454203,2
16.490000000000002,3.0295766804468816,2
16.5,2.6255771224102444,2
16.51,2.8177207761805616,2
16.52,3.0455648493435254,2
16.53,2.873071007934264,2
16.54,2.774638384889361,2
16.55,2.919265448132954,2
16.56,3.0332344016521775,2
16.57,3.4226146526508514,2
16.580000000000002,3.8015648741447308,2
16.59,3.6320563297703825,2
16.6,3.6496840243657402,2
16.61,3.4011537956896074,2
16.62,3.886665785055075,2
16.63,3.9734518447804468,2
16.64,4.2576682964033035,2
16.65,4.128977966753845,2
16.66,4.405290086994458,2
16.67,4.575658024689979,2
16.68,4.880441679509297,2
16.69,4.411657179049886,2
16.7,4.3916842848494335,2
16.71,4.663480342470425,2
16.72,4.332030535204509,2
16.73,4.446690844564721,2
16.740000000000002,4.563896541752682,2
16.75,4.706133583630989,2
16.76,4.730077616208824,2
16.77,4.832054428966796,2
16.78,4.871458522382691,2
16.79,5.1200321334050045,2
16.8,4.804684235459002,2
16.81,4.820664485210933,2
16.82,5.083916696254325,2
16.830000000000002,4.7534740574963505,2
16.84,4.482315286323131,2
16.85,4.582651862299665,2
16.86,4.9159729177622475,2
16.87,4.786336768196276,2
16.88,4.734770949738944,2
16.89,4.764383167673149,2
16.9,4.550028236643482,2
16.91,5.116573454514997,2
16.92,4.742942603958079,2
16.93,4.694160725658042,2
16.94,4.654810722330646,2
16.95,3.969302181663223,2
16.96,3.733719337639723,2
16.97,3.3772344068027955,2
16.98,3.6435855402722077,2
16.990000000000002,3.19949465306348,2
17.0,3.546406355775611,2
17.01,3.2575037511833296,2
17.02,3.604179156013316,2
17.03,3.248105705026021,2
17.04,3.443436543321012,2
17.05,3.7640446096878963,2
17.06,3.9500187228428194,2
17.07,3.6090391985129275,2
17.080000000000002,3.9682315618107604,2
17.09,4.1260451147827855,2
17.1,3.4453939408517953,2
17.11,3.5322171877387585,2
17.12,4.381866408513425,2
17.13,4.660010751222054,2
17.14,4.452625650509162,2
17.150000000000002,4.561503095125637,2
17.16,4.39405011971964,2
17.17,4.642102493354167,2
17.18,4.347205362065115,2
17.19,4.654908110828558,2
17.2,4.850193281055836,2
17.21,4.947246302774553,2
17.22,5.439244780496975,2
17.23,5.580304703709567,2
17.240000000000002,5.711718078956085,2
17.25,5.859687918495245,2
17.26,5.875945010110967,2
17.27,5.819870537381062,2
17.28,5.445994143766085,2
17.29,5.113396679901651,2
17.3,5.124469201426263,2
17.31,5.184626906844106,2
17.32,5.071214411208596,2
17.330000000000002,4.8276478479122895,2
17.34,4.706319865965361,2
17.35,4.620718382002747,2
17.36,4.636578787707629,2
17.37,4.509979024721071,2
17.38,4.789259523345668,2
17.39,4.678970714745449,2
17.400000000000002,4.428803377249303,2
17.41,4.363030927061225,2
17.42,4.014673357913863,2
17.43,4.583637613037261,2
17.44,4.710999994969078,2
17.45,4.63632306514069,2
17.46,4.97401347958698,2
17.47,4.818517068013045,2
17.48,4.72718457612352,2
17.490000000000002,4.454960104437031,2
17.5,4.142980073747609,2
17.51,4.188414861613061,2
17.52,4.471039933463011,2
17.53,4.1750977909915585,2
17.54,4.089795245781391,2
17.55,4.023141326427587,2
17.56,4.239428804485904,2
17.57,4.093248094475619,2
17.580000000000002,4.297304835190596,2
17.59,4.470272949026293,2
17.6,4.2356925102651095,2
17.61,4.129096849006397,2
17.62,4.138989596703257,2
17.63,4.001276123881182,2
17.64,3.7476118407753622,2
17.650000000000002,4.192859609140277,2
17.66,3.6684993809085014,2
17.67,3.767611395415005,2
17.68,4.1774612954014705,2
17.69,3.9314358926846777,2
17.7,3.9457582772718123,2
17.71,4.206967316337963,2
17.72,3.3242530253590594,2
17.73,3.3775503048672313,2
17.740000000000002,2.9943211571511177,2
17.75,3.367830942616359,2
17.76,3.206529701274395,2
17.77,3.791462263600679,2
17.78,3.541756436618299,2
17.79,3.7149796008843485,2
17.8,3.4951766964029716,2
17.81,3.4784258853427135,2
17.82,3.5293755672770386,2
17.830000000000002,3.5837468484993082,2
17.84,4.094238546702404,2
17.85,4.48922029835908,2
17.86,4.227977577307158,2
17.87,4.217320252570783,2
17.88,3.8658753799222922,2
17.89,3.485081553404937,2
17.900000000000002,3.347618743000799,2
17.91,3.8897925273540452,2
17.92,3.4226701727200943,2
17.93,3.643686612260383,2
17.94,3.809743913985759,2
17.95,3.6181968655577474,2
17.96,3.8391199811526455,2
17.97,4.036659772792617,2
17.98,4.022377146282223,2
17.990000000000002,3.977529709641376,2
18.0,3.910215250557184,2
18.01,3.6800845450365482,2
18.02,3.7589361116517686,2
18.03,3.639929762848143,2
18.04,3.721701296255001,2
18.05,3.5766843382528557,2
18.06,3.432790363656232,2
18.07,3.3351713715347047,2
18.080000000000002,3.761202180613089,2
18.09,3.394828531576006,2
18.1,3.957569002388988,2
18.11,4.179431440181874,2
18.12,3.7186374264431024,2
18.13,3.5829254519075415,2
18.14,3.1649041259862427,2
18.150000000000002,3.431686122101911,2
18.16,3.8502273737865633,2
18.17,3.930141406339051,2
18.18,4.282519691524723,2
18.19,4.306307529906334,2
18.2,4.550782742073134,2
18.21,4.5784296064380285,2
18.22,4.524565556099651,2
18.23,4.6913102773860285,2
18.240000000000002,4.577889057653139,2
18.25,4.9328931960405376,2
18.26,4.7502255575122225,2
18.27,4.835895894923075,2
18.28,4.552087658602285,2
18.29,4.051146884594774,2
18.3,4.147450701906716,2
18.31,3.6215851613301746,2
18.32,4.2683460725541895,2
18.330000000000002,4.1411672708737886,2
18.34,4.105016497193784,2
18.35,4.006673333118656,2
18.36,4.0458911552553385,2
18.37,4.137686254293241,2
18.38,3.8859562431479935,2
18.39,3.1737077032331262,2
18.400000000000002,2.9444554245369514,2
18.41,2.9125247116551387,2
18.42,3.1006673033933887,2
18.43,3.2426072187683346,2
18.44,3.531756662368681,2
18.45,3.1130949588282055,2
18.46,2.948841975146174,2
18.47,2.9290227545742584,2
18.48,3.4679452726715514,2
18.490000000000002,4.291949348893729,2
18.5,3.8807004334002246,2
18.51,4.201918291328584,2
18.52,4.206345576616103,2
18.53,4.343293415795769,2
18.54,3.933725040777198,2
18.55,4.324277370432092,2
18.56,3.6625501647070675,2
18.57,3.323802950546774,2
18.580000000000002,3.3149851307191702,2
18.59,3.2154053949044528,2
18.6,3.301182348248232,2
18.61,3.177068202026574,2
18.62,3.158315032037146,2
18.63,3.190236973729071,2
18.64,3.2079340641444807,2
18.650000000000002,3.329238260415075,2
18.66,3.650200554654162,2
18.67,3.4716723281773216,2
18.68,3.906345588368288,2
18.69,3.9296447997588806,2
18.7,4.293969503024494,2
18.71,4.167530355141029,2
18.72,3.90534713858954,2
18.73,3.9375441584527127,2
18.740000000000002,4.670216065597755,2
18.75,4.216405997724954,2
18.76,4.386670675514869,2
18.77,4.398281111815633,2
18.78,4.4729184920558005,2
18.79,4.084001997999104,2
18.8,4.205120856300978,2
18.81,4.2683151177357805,2
18.82,3.8211483811264686,2
18.830000000000002,3.876219566544137,2
18.84,3.8197588197149672,2
18.85,3.737528289786783,2
18.86,3.750846496130804,2
18.87,4.083930588907911,2
18.88,4.205342605463344,2
18.89,3.8891852113355347,2
18.900000000000002,4.041111427819326,2
18.91,4.024446235498198,2
18.92,3.8474016133701086,2
18.93,3.511422595525774,2
18.94,3.7889247336116045,2
18.95,3.6483961704281116,2
18.96,3.940839321905015,2
18.97,3.641743612455658,2
18.98,4.242744934065847,2
18.990000000000002,4.964680981070453,2
19.0,5.02185855686586,2
19.01,5.286987704343658,2
19.02,5.029828063546955,2
19.03,4.770363749486488,2
19.04,5.031639373475484,2
19.05,4.971372201902979,2
19.06,4.485500107924656,2
19.07,4.458847811122007,2
19.080000000000002,4.066771804516147,2
19.09,4.007634547979197,2
19.1,4.304033205947638,2
19.11,4.687123375472323,2
19.12,4.696687680280348,2
19.13,5.006121474010675,2
19.14,4.77519490534755,2
19.150000000000002,5.179530040772482,2
19.16,4.856745356406238,2
19.17,4.5418016423496805,2
19.18,4.357037238785549,2
19.19,4.109561755951597,2
19.2,4.245205378767773,2
19.21,4.575485555840148,2
19.22,4.522330959015604,2
19.23,4.558297992153921,2
19.240000000000002,4.110784961157888,2
19.25,4.126980457287851,2
19.26,4.615983083161124,2
19.27,4.9546406766581805,2
19.28,4.5489954520920595,2
19.29,4.369957140410298,2
19.3,5.298129384784683,2
19.31,5.286776185582233,2
19.32,5.587428109572974,2
19.330000000000002,5.880246698720024,2
19.34,5.376102105363373,2
19.35,5.443587288717552,2
19.36,5.352292452731964,2
19.37,5.71052745766742,2
19.38,6.095408723275281,2
19.39,5.650203026379107,2
19.400000000000002,6.460263072222224,2
19.41,6.262128010992628,2
19.42,6.21506268301422,2
19.43,5.242099612247031,2
19.44,5.403572318462589,2
19.45,4.652883936080153,2
19.46,4.546816958236396,2
19.47,4.335486342701111,2
19.48,4.434003883360826,2
19.490000000000002,4.441411634514942,2
19.5,4.563567220888003,2
19.51,4.860218598689454,2
19.52,4.489744488699898,2
19.53,4.382856053134217,2
19.54,4.1050344584789284,2
19.55,3.833668481202701,2
19.56,4.3978875655902865,2
19.57,3.9985768211838866,2
19.580000000000002,3.7657967998966364,2
19.59,4.4109138014798,2
19.6,4.333886213233558,2
19.61,4.282237509085793,2
19.62,4.367493091380391,2
19.63,3.989351353041564,2
19.64,3.7291676836148664,2
19.650000000000002,3.5815455512466543,2
19.66,3.9186820336604713,2
19.67,4.117087730775971,2
19.68,3.926812240488361,2
19.69,3.896303806339884,2
19.7,4.127510539498498,2
19.71,3.4390621227019595,2
19.72,3.580791437098356,2
19.73,3.8374618764842197,2
19.740000000000002,3.5934973036149813,2
19.75,3.8183466502705694,2
19.76,3.840762154917217,2
19.77,4.369707935954485,2
19.78,4.184538593685651,2
19.79,4.3335015674153565,2
19.8,3.8836662860634377,2
19.81,3.916605958513654,2
19.82,4.15594205038729,2
19.830000000000002,3.991485765222835,2
19.84,4.30955015142133,2
19.85,4.5393124654939285,2
19.86,4.526130213170975,2
19.87,4.3966596380519105,2
19.88,3.4832152500797724,2
19.89,3.3511200719922334,2
19.900000000000002,3.7278982017010267,2
19.91,3.677646198628794,2
19.92,3.8379128128658917,2
19.93,3.722657801251438,2
19.94,3.346119490380173,2
19.95,3.6234008722126374,2
19.96,3.3130415711128123,2
19.97,3.3074334763676085,2
19.98,3.47992344032411,2
19.990000000000002,3.339763985548605,2
20.0,3.850716202611694,2
20.01,4.424455363655885,2
20.02,4.152639293298302,2
20.03,3.919127210572512,2
20.04,3.802974649355617,2
20.05,4.14936856556951,2
20.06,4.2721105260141865,2
20.07,4.457676915767389,2
20.080000000000002,4.784578432817857,2
20.09,4.449549903266154,2
20.1,4.547035442338363,2
20.11,4.506871293327364,2
20.12,4.57804244161375,2
20.13,4.845823156014366,2
20.14,4.718258233100464,2
20.150000000000002,4.449023844701194,2
20.16,4.106314532059163,2
20.17,4.592693514107443,2
20.18,4.521517610075934,2
20.19,4.081815169573847,2
20.2,4.465474410577056,2
20.21,3.9344546964584843,2
20.22,3.501873836279413,2
20.23,3.462157737824106,2
20.240000000000002,3.36100663254589,2
20.25,3.5132853001317814,2
20.26,3.0161627044597945,2
20.27,3.2069323350613947,2
20.28,3.648448536409015,2
20.29,3.4053997115058854,2
20.3,3.3576580239466693,2
20.31,3.1947896456589486,2
20.32,3.366084226021372,2
20.330000000000002,3.124766305260114,2
20.34,2.8720699658216464,2
20.35,2.942050274453619,2
20.36,3.143335931403899,2
20.37,3.2716400412947046,2
20.38,3.2199259465585253,2
20.39,3.4872900773120095,2
20.400000000000002,3.6038300861184047,2
20.41,3.312180806934192,2
20.42,2.622815627450907,2
20.43,2.908325530906399,2
20.44,2.944797623214512,2
20.45,2.735837940056666,2
20.46,3.322765672800512,2
20.47,3.848027851839835,2
20.48,4.224060763435128,2
20.490000000000002,4.265739928404631,2
20.5,3.3426132253471845,2
20.51,3.741338390480753,2
20.52,3.50638542890545,2
20.53,3.397321335444433,2
20.54,3.7123635731710296,2
20.55,4.31679787787286,2
20.56,4.721749824548084,2
20.57,4.698494211240374,2
20.580000000000002,4.838011420625407,2
20.59,4.440927012912764,2
20.6,3.9371076358087453,2
20.61,4.249383936561658,2
20.62,4.315844208235831,2
20.63,3.873910567728518,2
20.64,3.8729202933585745,2
20.650000000000002,4.060427212697281,2
20.66,4.311302428607828,2
20.67,4.458150788437978,2
20.68,4.30943619605926,2
20.69,4.038135990009314,2
20.7,4.067505968243007,2
20.71,4.2880246883783215,2
20.72,4.51570478849507,2
20.73,4.911885310270445,2
20.740000000000002,4.830614494092803,2
20.75,4.432978625371096,2
20.76,4.697516616176934,2
20.77,4.65127361244059,2
20.78,4.22272099801028,2
20.79,4.377166062389615,2
20.8,4.739473517079167,2
20.81,4.774048650181523,2
20.82,5.100124775076012,2
20.830000000000002,4.852835093115442,2
20.84,4.561418768315731,2
20.85,4.7473876740044725,2
20.86,4.572703944526883,2
20.87,4.8569020378169165,2
20.88,4.819594737952382,2
20.89,5.082930110990681,2
20.900000000000002,5.153493770957363,2
20.91,4.783133307013359,2
20.92,4.14056613952351,2
20.93,4.3480548818877915,2
20.94,4.473372579218571,2
20.95,4.137616945186332,2
20.96,4.3501151266934865,2
20.97,4.709103153544551,2
20.98,4.437789651990729,2
20.990000000000002,3.8461867788169464,2
21.0,4.136572580437571,2
21.01,4.483428615124922,2
21.02,4.227155179151733,2
21.03,4.423737057277205,2
21.04,4.475319800057343,2
21.05,4.396753813658001,2
21.06,4.521568840230306,2
21.07,4.32716405599803,2
21.080000000000002,3.9824064842368094,2
21.09,4.099151863989111,2
21.1,4.165204003666236,2
21.11,3.4270841507005243,2
21.12,3.149721844726121,2
21.13,3.0442958475096153,2
21.14,3.2885918889729497,2
21.150000000000002,2.9283370237353012,2
21.16,2.9449444772100626,2
21.17,3.599446410209091,2
21.18,3.6584266827836323,2
21.19,3.729158994840902,2
21.2,3.73895826617869,2
21.21,4.043306328338038,2
21.22,4.050800375295371,2
21.23,3.9834164272462527,2
21.240000000000002,4.028195019895318,2
21.25,4.400998812889472,2
21.26,4.474814039184626,2
21.27,4.443617749314229,2
21.28,4.732902345353019,2
21.29,4.51166512249253,2
21.3,3.5532644727177454,2
21.31,3.7247953034276144,2
21.32,3.875870199466363,2
21.330000000000002,3.711989341360313,2
21.34,3.664586797986329,2
21.35,4.0545414748298025,2
21.36,4.177700225412014,2
21.37,4.577744608767665,2
21.38,4.596060472145749,2
21.39,4.492916320709982,2
21.400000000000002,4.644163469338012,2
21.41,4.684047119114355,2
21.42,4.739956033365223,2
21.43,4.600712227521445,2
21.44,4.3785839287612065,2
21.45,4.189328987209493,2
21.46,4.317708529612276,2
21.47,4.469955502321285,2
21.48,3.678192815337188,2
21.490000000000002,3.502753259581461,2
21.5,3.1018269622562977,2
21.51,3.0504605298652234,2
21.52,2.9744844246456608,2
21.53,3.119003833234016,2
21.54,3.259780833480117,2
21.55,3.937399560303539,2
21.56,4.049304923536675,2
21.57,4.225287255915384,2
21.580000000000002,3.7998933705646674,2
21.59,3.7250475620002006,2
21.6,3.4456086221039315,2
21.61,3.670635916489122,2
21.62,3.71834460070127,2
21.63,3.649738617503337,2
21.64,3.9557525152775996,2
21.650000000000002,3.88387955546532,2
21.66,4.273441887649259,2
21.67,4.620274794548097,2
21.68,4.378148983215603,2
21.69,4.65581743727513,2
21.7,4.622163309657128,2
21.71,4.44830149978963,2
21.72,4.51533382867031,2
21.73,4.014143312000792,2
21.740000000000002,3.8603236167523685,2
21.75,3.992662420852587,2
21.76,3.910005670379596,2
21.77,4.224471665191945,2
21.78,4.089240648444226,2
21.79,4.114733504284146,2
21.8,4.069174431758248,2
21.81,3.629347600023881,2
21.82,3.777585254870872,2
21.830000000000002,3.889687411845232,2
21.84,3.3531251845561245,2
21.85,2.7180576484757797,2
21.86,2.7177637862212043,2
21.87,3.194650261723343,2
21.88,4.0453678491100655,2
21.89,3.524927882184831,2
21.900000000000002,4.0330140126009875,2
21.91,4.358807801540175,2
21.92,4.157648262183285,2
21.93,4.675443512778751,2
21.94,4.740083208405741,2
21.95,4.6016263549803975,2
21.96,4.0370122080958515,2
21.97,4.0622343561811505,2
21.98,4.067742888779236,2
21.990000000000002,4.695285412865605,2
22.0,4.357767578951799,2
22.01,4.070935319631607,2
22.02,3.9191551175982267,2
22.03,4.679816847025376,2
22.04,4.285866095525229,2
22.05,4.627903355051759,2
22.06,4.123747146544429,2
22.07,4.233671641687884,2
22.080000000000002,4.238131278688667,2
22.09,4.016064225680909,2
22.1,4.217844276160897,2
22.11,3.9692747815172176,2
22.12,3.5147244729338722,2
22.13,3.4749606172972807,2
22.14,3.2675651600092515,2
22.150000000000002,3.4142581809818373,2
22.16,3.3917704996930116,2
22.17,3.8957260555946944,2
22.18,3.8157195091370806,2
22.19,3.9122727106984896,2
22.2,3.5917650655555966,2
22.21,3.5117132108882188,2
22.22,3.3022509167561203,2
22.23,3.7077084331065806,2
22.240000000000002,3.522296040399887,2
22.25,3.385789410030886,2
22.26,3.5318785115691305,2
22.27,3.3764768633000566,2
22.28,3.83822384018797,2
22.29,4.409084536876473,2
22.3,4.113906123377287,2
22.31,4.3421065593093875,2
22.32,4.068483628382034,2
22.330000000000002,3.9606077114570604,2
22.34,4.160092621268109,2
22.35,4.183702810248019,2
22.36,4.2124622568978,2
22.37,4.502397068510468,2
22.38,4.761371494172172,2
22.39,4.699714905712068,2
22.400000000000002,4.449984068649173,2
22.41,4.405246977421824,2
22.42,4.078912707514316,2
22.43,4.293730390142444,2
22.44,4.211020850262981,2
22.45,3.876684970001471,2
22.46,4.268947747986679,2
22.47,4.238098842139549,2
22.48,4.002352388414903,2
22.490000000000002,4.325953147290352,2
22.5,4.649642586605821,2
22.51,4.05004373339301,2
22.52,4.358789388254754,2
22.53,4.367606296814473,2
22.54,4.606073673111721,2
22.55,4.5262139302653255,2
22.56,4.58104087672328,2
22.57,4.436736194268284,2
22.580000000000002,4.674203986786884,2
22.59,4.4165675231408,2
22.6,4.665663266573859,2
22.61,4.649718550245637,2
22.62,4.799145823218156,2
22.63,4.433279647104138,2
22.64,4.509737285967904,2
22.650000000000002,4.609836144671281,2
22.66,5.074233073899416,2
22.67,5.1645003312108875,2
22.68,4.881414582339879,2
22.69,4.614914715359485,2
22.7,4.769067729584477,2
22.71,4.5391718708852915,2
22.72,4.338073976788144,2
22.73,4.060845522228399,2
22.740000000000002,4.09247333704784,2
22.75,4.145347365156867,2
22.76,4.038403387173004,2
22.77,4.514805079373559,2
22.78,4.6251304255667405,2
22.79,5.060782115501661,2
22.8,4.991781605594368,2
22.81,4.684973645423852,2
22.82,4.334683492870664,2
22.830000000000002,4.266357438523937,2
22.84,4.45314207049611,2
22.85,4.323640325528373,2
22.86,4.534059901591862,2
22.87,4.878254430571542,2
22.88,4.56187264548122,2
22.89,4.194166400366689,2
22.900000000000002,4.443392791939506,2
22.91,4.47526250119528,2
22.92,4.519949490511055,2
22.93,4.665537290869474,2
22.94,4.166641595486601,2
22.95,4.2749957750723055,2
22.96,4.298628816747078,2
22.97,4.399634260571391,2
22.98,4.089154253537421,2
22.990000000000002,4.103091678841411,2
23.0,3.9557545711421858,2
23.01,4.2558934993464,2
23.02,4.205721025583266,2
23.03,4.015137901657016,2
23.04,3.7328910786303933,2
23.05,4.006904872006313,2
23.06,4.284215317494276,2
23.07,4.80074911136704,2
23.080000000000002,4.629424818957558,2
23.09,4.279485184466339,2
23.1,4.2158525464201935,2
23.11,3.996574452170419,2
23.12,3.8186721103252292,2
23.13,3.9712221688521088,2
23.14,4.283508084363024,2
23.150000000000002,4.372225791573377,2
23.16,4.367082819764158,2
23.17,4.562852081580312,2
23.18,4.442116644902058,2
23.19,4.8087091026002,2
23.2,5.577568111025254,2
23.21,5.241421361653362,2
23.22,5.459891155805173,2
23.23,5.656956854078056,2
23.240000000000002,5.640617778670573,2
23.25,5.841030320948674,2
23.26,5.757454587551129,2
23.27,5.7655454015841805,2
23.28,5.612211255035752,2
23.29,5.490762442445664,2
23.3,5.521913249469005,2
23.31,5.489092941116012,2
23.32,5.043544631342448,2
23.330000000000002,5.083434285610935,2
23.34,4.905520578959599,2
23.35,4.6574379864379765,2
23.36,4.866504273886545,2
23.37,4.515261704420494,2
23.38,4.386921853167792,2
23.39,4.046185353422689,2
23.400000000000002,3.9276284228927154,2
23.41,4.612827262044458,2
23.42,4.334845520851629,2
23.43,4.258486274939985,2
23.44,4.627038386747462,2
23.45,4.6885771141080825,2
23.46,4.580459827045866,2
23.47,4.326094539804493,2
23.48,4.484324955224919,2
23.490000000000002,4.344122414524525,2
23.5,4.925860473987207,2
23.51,4.75320768141237,2
23.52,5.156710732570779,2
23.53,5.289686076170289,2
23.54,5.4069303412275564,2
23.55,5.221408099980571,2
23.56,4.969098810509609,2
23.57,4.798545568411977,2
23.580000000000002,5.01489724006736,2
23.59,5.06191570052202,2
23.6,4.427043315464779,2
23.61,4.0192653141274635,2
23.62,3.9790395037947555,2
23.63,4.133071041056341,2
23.64,4.054826431634254,2
23.650000000000002,3.906904671090631,2
23.66,3.6373655650145205,2
23.67,3.9323116530525684,2
23.68,3.967276270209767,2
23.69,4.446669964026323,2
23.7,4.0337589285577256,2
23.71,4.226225941581367,2
23.72,4.358775625673391,2
23.73,4.562917957467426,2
23.740000000000002,4.740844373691949,2
23.75,4.52310077377284,2
23.76,4.419608629135993,2
23.77,4.424796741318418,2
23.78,4.0981885119964065,2
23.79,4.3806634023491595,2
23.8,3.6414994894046226,2
23.81,3.3480475562716268,2
23.82,2.9377898847722275,2
23.830000000000002,3.355604309813037,2
23.84,3.4811321392257866,2
23.85,3.3820247218230315,2
23.86,3.471110181510154,2
23.87,3.5988677998634326,2
23.88,3.287762597328601,2
23.89,3.400338904299837,2
23.900000000000002,3.853788704272981,2
23.91,4.311805438621217,2
23.92,4.522391510343007,2
23.93,4.543335087517742,2
23.94,4.750952503588151,2
23.95,4.875805271454895,2
23.96,4.469776389208267,2
23.97,4.163933538758991,2
23.98,4.32735609631258,2
23.990000000000002,4.105213272017004,2
24.0,3.804214658404712,2
24.01,4.189108213664407,2
24.02,4.1879699516508255,2
24.03,4.150773575905573,2
24.04,3.794869201699207,2
24.05,3.688255483183332,2
24.060000000000002,3.622127044939121,2
24.07,3.403468326888661,2
24.080000000000002,3.118745581301913,2
24.09,3.702103212019098,2
24.1,4.131216511865808,2
24.11,4.088352890458491,2
24.12,3.7033690384329074,2
24.13,3.2441810275210616,2
24.14,3.1918206625676535,2
24.150000000000002,2.6341551228955984,2
24.16,2.6424504998240006,2
24.17,2.2054814917764607,2
24.18,2.3582257345830646,2
24.19,2.5780525137411336,2
24.2,2.667308520699613,2
24.21,3.415899438260393,2
24.22,3.415859918260117,2
24.23,3.9645112853672875,2
24.240000000000002,4.051997044011403,2
24.25,4.617066595593795,2
24.26,4.0579460301728245,2
24.27,3.745452220487451,2
24.28,3.689599401378733,2
24.29,4.174857234263083,2
24.3,4.089640079277184,2
24.310000000000002,3.8879608015772438,2
24.32,4.071059642496238,2
24.330000000000002,4.3206241418496045,2
24.34,4.071212861402996,2
24.35,3.868980366758971,2
24.36,4.362305411943463,2
24.37,4.679900766993533,2
24.38,5.041553182401883,2
24.39,5.203915942381533,2
24.400000000000002,4.841676113661722,2
24.41,4.74816809361025,2
24.42,4.372610243400479,2
24.43,4.61182844334629,2
24.44,4.39666064355105,2
24.45,3.872021623760577,2
24.46,3.9170266206637057,2
24.47,4.244129137936361,2
24.48,3.829550045133842,2
24.490000000000002,3.811169274015392,2
24.5,3.6729382707449014,2
24.51,3.986450362877578,2
24.52,3.407809632631872,2
24.53,3.788601244888679,2
24.54,3.609967199239827,2
24.55,3.6036406285064144,2
24.560000000000002,3.8865433678522425,2
24.57,4.316902647823094,2
24.580000000000002,4.299753761882855,2
24.59,4.0643659209464875,2
24.6,3.9073402131005905,2
24.61,4.246993201411762,2
24.62,3.971776388989653,2
24.63,4.067779289943301,2
24.64,4.063108905662102,2
24.650000000000002,7.252736170427872,2
24.66,5.446726889743051,2
24.67,4.106029063975899,2
24.68,3.9526028492616163,2
24.69,3.809220002178802,2
24.7,3.43745644642804,2
24.71,3.637088582848263,2
24.72,3.732866988117496,2
24.73,3.3441859879265383,2
24.740000000000002,3.2948422420739973,2
24.75,3.2873006485742855,2
24.76,3.1927054744784744,2
24.77,3.2394685794713105,2
24.78,3.285224335624653,2
24.79,3.6100980070788786,2
24.8,3.6477622948840254,2
24.810000000000002,3.851179290623206,2
24.82,3.4719868082246963,2
24.830000000000002,3.224023110414487,2
24.84,2.912388608604872,2
24.85,2.909027249455878,2
24.86,3.033876704474048,2
24.87,3.602999640660403,2
24.88,3.407631519899729,2
24.89,3.707502124763916,2
24.900000000000002,3.5009395877964162,2
24.91,3.557616031739004,2
24.92,3.5587056617903867,2
24.93,3.3410904669785446,2
24.94,3.167401102233822,2
24.95,3.7032761153140417,2
24.96,3.581875497754884,2
24.97,3.906630812518848,2
24.98,4.10825592351576,2
24.990000000000002,3.924298650482817,2
25.0,3.9309082917549554,2
25.01,3.9720164482480915,2
25.02,4.11278281214547,2
25.03,3.986743786858112,2
25.04,3.5611514680697587,2
25.05,3.406581166139453,2
25.060000000000002,3.7961606171280433,2
25.07,3.8076495912517627,2
25.080000000000002,3.7076618812315014,2
25.09,3.318958468910373,2
25.1,3.73756125557282,2
25.11,3.7050773304513527,2
25.12,4.042688411460557,2
25.13,4.231763943066345,2
25.14,4.43390607268694,2
25.150000000000002,4.860685133905593,2
25.16,4.80887262122175,2
25.17,4.690165204113434,2
25.18,5.064242190229366,2
25.19,5.194106277158376,2
25.2,4.8750022697903646,2
25.21,5.083115871834695,2
25.22,5.404044062214329,2
25.23,4.61198766725997,2
25.240000000000002,4.198187599699539,2
25.25,3.948847296676544,2
25.26,4.158826679254133,2
25.27,4.366459676293978,2
25.28,4.477013752947473,2
25.29,4.677620015595148,2
25.3,4.2958743208707935,2
25.310000000000002,3.9245797688376305,2
25.32,4.28717239627839,2
25.330000000000002,4.287860620107998,2
25.34,4.60152599836838,2
25.35,4.343444072183351,2
25.36,4.009870080066819,2
25.37,3.648810842171064,2
25.38,3.9108785448157315,2
25.39,4.240518794647805,2
25.400000000000002,4.369965923582657,2
25.41,4.1960159782126505,2
25.42,4.356933776706956,2
25.43,4.493986108317197,2
25.44,3.8707806979954595,2
25.45,3.7844224126311308,2
25.46,3.8851548069892603,2
25.47,4.210582369394061,2
25.48,4.165403837721288,2
25.490000000000002,4.191091283577926,2
25.5,4.152895168011087,2
25.51,4.212768194882096,2
25.52,3.80367421127668,2
25.53,3.651765166584529,2
25.54,3.0543565917839786,2
25.55,3.0237026813958243,2
25.560000000000002,3.2617705025295702,2
25.57,3.111190722323728,2
25.580000000000002,3.1288069517493313,2
25.59,3.3266237181774945,2
25.6,4.165332083941765,2
25.61,4.125673310144046,2
25.62,4.316878084520022,2
25.63,4.232252479947558,2
25.64,4.3098829680225,2
25.650000000000002,4.270855169704425,2
25.66,4.1242026365878655,2
25.67,4.054403217733296,2
25.68,4.402305066672357,2
25.69,4.443997895756097,2
25.7,4.060460041117115,2
25.71,3.9342153179661326,2
25.72,3.688092311880321,2
25.73,3.9820490557530754,2
25.740000000000002,3.7686852836591798,2
25.75,4.035997263674085,2
25.76,4.3090907874653865,2
25.77,4.319069517869306,2
25.78,4.44141470744284,2
25.79,4.255195796487441,2
25.8,4.470265256439999,2
25.810000000000002,4.071979329791771,2
25.82,3.9336898660337094,2
25.830000000000002,3.8531532440914873,2
25.84,4.147339386394732,2
25.85,4.615750344374602,2
25.86,4.425274166232813,2
25.87,4.355338157939679,2
25.88,3.9851461119704745,2
25.89,3.96308140211573,2
25.900000000000002,4.278858856368934,2
25.91,3.7421805570711437,2
25.92,3.773200362798136,2
25.93,3.9993168937925025,2
25.94,4.015547001926545,2
25.95,3.9603433719312373,2
25.96,4.212643941089979,2
25.97,3.9622377736491528,2
25.98,3.7451778292929547,2
25.990000000000002,3.2475700198490856,2
26.0,3.414992340768188,2
26.01,3.5361518935714606,2
26.02,3.420057896616809,2
26.03,3.224854181864308,2
26.04,3.2889336563762734,2
26.05,3.3872771907327874,2
26.060000000000002,3.109252578248215,2
26.07,2.6469734494065813,2
26.080000000000002,2.293426812183131,2
26.09,2.0522486127903803,2
26.1,1.905447753234251,2
26.11,2.0911009569825905,2
26.12,2.3060421969805316,2
26.13,2.4278445759582636,2
26.14,2.686700413982663,2
26.150000000000002,2.9315890177054373,2
26.16,3.13191023898234,2
26.17,3.2439683102402266,2
26.18,3.0202692127909674,2
26.19,2.7399829730659104,2
26.2,2.706736158279769,2
26.21,3.157758150066372,2
26.22,3.906164154498658,2
26.23,4.073424218331238,2
26.240000000000002,4.167491834446842,2
26.25,4.453045868901252,2
26.26,4.83644457788613,2
26.27,4.491509504604101,2
26.28,5.26487055069804,2
26.29,5.5882847155690145,2
26.3,5.042292485465258,2
26.310000000000002,4.655164556101801,2
26.32,5.387758079871906,2
26.330000000000002,5.542745499458587,2
26.34,5.219272828618267,2
26.35,5.119783372197322,2
26.36,5.221463785160517,2
26.37,5.351114773961161,2
26.38,5.603671528286887,2
26.39,5.511938692562681,2
26.400000000000002,5.440203268464618,2
26.41,5.193103195879355,2
26.42,4.810592426386342,2
26.43,4.453262670087611,2
26.44,4.36720180355028,2
26.45,4.428001947069605,2
26.46,3.9728792059210245,2
26.47,4.55537256440337,2
26.48,4.302740094580375,2
26.490000000000002,4.029581644488958,2
26.5,4.018615232818461,2
26.51,3.345281004162706,2
26.52,3.5132382466909147,2
26.53,3.2813506435285063,2
26.54,2.8086542928146407,2
26.55,2.9684326630776976,2
26.560000000000002,3.1118704904928682,2
26.57,3.751830245352276,2
26.580000000000002,3.8275406137764496,2
26.59,3.8935721854631913,2
26.6,3.91591770602458,2
26.61,3.193787083176578,2
26.62,3.296174855997243,2
26.63,3.3528286040197157,2
26.64,3.3765373883089196,2
26.650000000000002,3.2026372523863094,2
26.66,3.4424678130374744,2
26.67,3.221513577512516,2
26.68,3.4992212680279753,2
26.69,3.6592804318664407,2
26.7,4.090683334914399,2
26.71,3.9501448193774062,2
26.72,4.333994415535054,2
26.73,4.360748819768035,2
26.740000000000002,4.303364605297051,2
26.75,4.031311873313513,2
26.76,4.140262721027378,2
26.77,3.9913470391238617,2
26.78,3.984314186882966,2
26.79,4.2061471399691746,2
26.8,4.17682522518658,2
26.810000000000002,4.2490236793108025,2
26.82,4.6529793200115535,2
26.830000000000002,4.747145306034478,2
26.84,4.480008954923709,2
26.85,4.317123358522699,2
26.86,4.32527848881573,2
26.87,4.8938491410340506,2
26.88,4.42630773723219,2
26.89,4.437552617042888,2
26.900000000000002,4.780381443231073,2
26.91,4.876483589663999,2
26.92,4.751395142275634,2
26.93,4.1890356261307895,2
26.94,4.598366863451052,2
26.95,4.4044569457159835,2
26.96,4.094003509656407,2
26.97,4.155696228651146,2
26.98,4.544476456557673,2
26.990000000000002,4.604742591738945,2
27.0,4.440963765380294,2
27.01,4.467133087101295,2
27.02,4.4539828315152095,2
27.03,4.275953796446065,2
27.04,4.267414509494568,2
27.05,4.007129606154548,2
27.060000000000002,3.7262078808579773,2
27.07,3.9101389249830154,2
27.080000000000002,3.8073653022736984,2
27.09,3.8193519290287306,2
27.1,3.618721386324532,2
27.11,3.4962113472108807,2
27.12,3.409613405305125,2
27.13,3.302257663546589,2
27.14,3.2559072357314234,2
27.150000000000002,3.3862558710980624,2
27.16,3.8414408853559756,2
27.17,4.072883989313959,2
27.18,3.9708018221987675,2
27.19,3.7944947196066936,2
27.2,3.311001855283439,2
27.21,3.1891806084971814,2
27.22,2.959053887234629,2
27.23,3.078594593935885,2
27.240000000000002,3.643489779375867,2
27.25,3.5671725695430827,2
27.26,3.1988559493061053,2
27.27,3.2234393084774857,2
27.28,3.1761988804834713,2
27.29,3.615882213944427,2
27.3,3.120276901547875,2
27.310000000000002,2.927290318518524,2
27.32,3.250172915009833,2
27.330000000000002,2.880455045571645,2
27.34,3.154980057725574,2
27.35,3.050968935212037,2
27.36,3.4366417084134224,2
27.37,3.479105262171194,2
27.38,3.485956587341891,2
27.39,3.7070192619428908,2
27.400000000000002,3.7417169421651613,2
27.41,3.41731752862936,2
27.42,3.328016687821775,2
27.43,2.9341972739249718,2
27.44,2.795886476233615,2
27.45,2.31031260406163,2
27.46,3.1417643024146304,2
27.47,3.2201306112331394,2
27.48,3.4491484622152866,2
27.490000000000002,3.2675854920951553,2
27.5,3.489758763072074,2
27.51,3.7600195458291683,2
27.52,4.049279058020439,2
27.53,4.0209409401292,2
27.54,4.30654828039379,2
27.55,4.10372808153935,2
27.560000000000002,4.199362663365232,2
27.57,4.193102869773368,2
27.580000000000002,3.840838763861427,2
27.59,3.338315770656533,2
27.6,3.319774052120808,2
27.61,3.304123447822248,2
27.62,3.297315962078265,2
27.63,3.6650748872180103,2
27.64,4.088481940836619,2
27.650000000000002,4.265841259401437,2
27.66,4.405640252137411,2
27.67,4.342432671611316,2
27.68,4.358220516965916,2
27.69,4.444109120387654,2
27.7,4.439381324972228,2
27.71,4.56332916222167,2
27.72,4.5199721169814335,2
27.73,4.3276637135541405,2
27.740000000000002,4.3689806651204695,2
27.75,4.265216111591699,2
27.76,4.650175838935688,2
27.77,4.464066623036207,2
27.78,5.22789691074448,2
27.79,5.569674371210747,2
27.8,5.091807831551272,2
27.810000000000002,5.3372581462555475,2
27.82,5.167979491941116,2
27.830000000000002,5.211416638494137,2
27.84,5.536994264199083,2
27.85,5.163711663720139,2
27.86,4.91604800893179,2
27.87,5.037909817341039,2
27.88,4.830202596242407,2
27.89,4.116819726310257,2
27.900000000000002,4.378180909394215,2
27.91,4.44502613889936,2
27.92,4.393912198601824,2
27.93,4.389976391132493,2
27.94,4.985156409029344,2
27.95,5.173557129098238,2
27.96,4.812265639403776,2
27.97,4.765907907268932,2
27.98,5.025335090274669,2
27.990000000000002,5.252847531654718,2
28.0,4.70187591886314,2
28.01,4.489661312768324,2
28.02,4.119415885924393,2
28.03,4.288709532693169,2
28.04,4.0028289166264965,2
28.05,4.443029118155479,2
28.060000000000002,4.765724173945637,2
28.07,4.619223613522866,2
28.080000000000002,4.198944287139379,2
28.09,3.955507434653135,2
28.1,4.0877582453810515,2
28.11,4.320431193456667,2
28.12,4.277492976442296,2
28.13,3.5221485431529724,2
28.14,3.7626098216747086,2
28.150000000000002,3.2139079512689763,2
28.16,2.692111328496489,2
28.17,3.105742096814008,2
28.18,2.859147932286821,2
28.19,3.0442378197083877,2
28.2,3.165864412842248,2
28.21,3.021107958412038,2
28.22,3.1773986933637213,2
28.23,3.103733200302911,2
28.240000000000002,3.206836096475229,2
28.25,3.1767314704980034,2
28.26,3.1169816012038694,2
28.27,3.0183877688587355,2
28.28,2.861992544172138,2
28.29,3.217333712435312,2
28.3,3.1672769370554215,2
28.310000000000002,2.929939557941406,2
28.32,2.9210700978877338,2
28.330000000000002,2.879414982534705,2
28.34,2.8798214411105363,2
28.35,3.193973082242696,2
28.36,3.0967101694435946,2
28.37,3.0794994542694227,2
28.38,3.3537717442910346,2
28.39,3.544172726845625,2
28.400000000000002,3.3950840485441636,2
28.41,3.7292789958236745,2
28.42,4.014014753307811,2
28.43,4.250373423788615,2
28.44,4.311060875685419,2
28.45,4.23075262449489,2
28.46,3.9033314577205074,2
28.47,3.520985092762876,2
28.48,3.544862590983377,2
28.490000000000002,3.5944001915353034,2
28.5,3.5609569171164637,2
28.51,3.5734114445965997,2
28.52,4.002420732042321,2
28.53,4.4632574612575295,2
28.54,4.1035857595169105,2
28.55,4.174971528063758,2
28.560000000000002,4.172198632475212,2
28.57,4.346215493627647,2
28.580000000000002,4.802756219009801,2
28.59,5.342403195729255,2
28.6,5.412051746168734,2
28.61,5.282199765292496,2
28.62,5.0512550868935735,2
28.63,5.650704872577904,2
28.64,5.268203812164754,2
28.650000000000002,5.374480357185384,2
28.66,5.162176166900157,2
28.67,4.666686504229727,2
28.68,5.086071847199715,2
28.69,4.483833423850561,2
28.7,3.8266439812596293,2
28.71,4.0423422450699915,2
28.72,3.951885138624897,2
28.73,4.078979554819382,2
28.740000000000002,4.069059903618326,2
28.75,4.2323253121790065,2
28.76,4.125313625298768,2
28.77,4.368411467892321,2
28.78,4.5953619378879,2
28.79,4.974676635600607,2
28.8,5.2353443890471745,2
28.810000000000002,5.081649990613995,2
28.82,5.1707269529493995,2
28.830000000000002,5.171905696693482,2
28.84,5.174023192437045,2
28.85,4.681559655436654,2
28.86,4.826812176298811,2
28.87,4.916604099376668,2
28.88,5.340681899881209,2
28.89,5.5368564812050804,2
28.900000000000002,5.425549186844891,2
28.91,5.25416519787407,2
28.92,4.844265412301289,2
28.93,5.274848847280817,2
28.94,4.845501286434405,2
28.95,4.231412502700295,2
28.96,4.463232793935819,2
28.97,4.44154736571201,2
28.98,4.4723080761826175,2
28.990000000000002,4.477937618896538,2
29.0,4.1303694534132305,2
29.01,4.22183888350757,2
29.02,4.108200978799016,2
29.03,3.966264639804027,2
29.04,4.372824179113901,2
29.05,4.559680436663488,2
29.060000000000002,3.8517954056206456,2
29.07,3.9279019791228094,2
29.080000000000002,4.237155668951104,2
29.09,3.8604266136603984,2
29.1,3.6296822917659815,2
29.11,3.950117642783355,2
29.12,3.826478553158982,2
29.13,3.283344513905672,2
29.14,3.6949310508752005,2
29.150000000000002,3.6760520924597695,2
29.16,3.814327375545085,2
29.17,3.8189315978991107,2
29.18,4.1546431065904645,2
29.19,3.8278072336600113,2
29.2,4.033189573691393,2
29.21,4.40349605080935,2
29.22,3.980831620726114,2
29.23,3.7732150363146744,2
29.240000000000002,4.261865550217618,2
29.25,4.54200318472181,2
29.26,4.255667266647974,2
29.27,3.885997971054284,2
29.28,3.9774902180939176,2
29.29,4.073129904231436,2
29.3,4.049060087230002,2
29.310000000000002,4.705257285130922,2
29.32,4.817974516286595,2
29.330000000000002,4.4980553655302105,2
29.34,4.747912199878761,2
29.35,4.689604319555719,2
29.36,4.428911061617725,2
29.37,4.641309790733435,2
29.38,4.995255804785494,2
29.39,4.956886476484479,2
29.400000000000002,4.584310737731565,2
29.41,4.557928604524103,2
29.42,4.231223794528106,2
29.43,4.272276391410485,2
29.44,4.458814423249158,2
29.45,3.8528998000459174,2
29.46,4.0703367463725195,2
29.47,3.9574058713710567,2
29.48,3.8023558418056056,2
29.490000000000002,3.44604888159945,2
29.5,3.1972903689370695,2
29.51,3.7775365152303295,2
29.52,4.040426769844347,2
29.53,4.403207794427255,2
29.54,4.119980715723661,2
29.55,4.617593441142404,2
29.560000000000002,4.5369641356576755,2
29.57,4.259770795840632,2
29.580000000000002,3.9283528706870237,2
29.59,3.638488996562723,2
29.6,3.4630949017863024,2
29.61,3.2635250112298055,2
29.62,3.59338244980547,2
29.63,4.371027285916878,2
29.64,4.263936227576923,2
29.650000000000002,4.173030964576661,2
29.66,3.629346782122047,2
29.67,3.404259149068312,2
29.68,3.0045971617784883,2
29.69,3.334610049058812,2
29.7,3.948941861400418,2
29.71,3.6477584874886206,2
29.72,3.625451447500522,2
29.73,3.592508836883756,2
29.740000000000002,3.826882471261148,2
29.75,3.8740316595984545,2
29.76,4.4857131769396705,2
29.77,4.224882461762745,2
29.78,4.457263748360139,2
29.79,4.242892670749025,2
29.8,3.7647477308562785,2
29.810000000000002,4.192475426203676,2
29.82,4.704025803262811,2
29.830000000000002,4.749784677569408,2
29.84,4.49627912348722,2
29.85,4.1240768671508095,2
29.86,4.270504456715982,2
29.87,3.6408741017198243,2
29.88,3.9237742116900893,2
29.89,3.812998336579285,2
29.900000000000002,3.7072071399609814,2
29.91,3.432447796416117,2
29.92,3.0819961259197446,2
29.93,3.1573225317906157,2
29.94,3.296984429411005,2
29.95,3.341296906717528,2
29.96,3.7173387426451883,2
29.97,3.7625765301312732,2
29.98,3.989062320398295,2
29.990000000000002,3.5740335973138584,2
30.0,3.4914285699131993,2
30.01,3.962606368570499,2
30.02,4.241655635101856,2
30.03,4.312019086713812,2
30.04,4.173552401718827,2
30.05,3.890937787538832,2
30.060000000000002,3.751784860372295,2
30.07,3.9572234178797014,2
30.080000000000002,3.399713283483754,2
30.09,3.968326540961188,2
30.1,4.322490564021473,2
30.11,4.6347444700991804,2
30.12,4.7454026761459644,2
30.13,4.7014504807997834,2
30.14,4.738344501808432,2
30.150000000000002,4.560797355709458,2
30.16,5.104743565939888,2
30.17,4.955029355973882,2
30.18,4.7247579480005415,2
30.19,4.577065643641385,2
30.2,4.314449279266932,2
30.21,4.512228165363507,2
30.22,4.313943582469979,2
30.23,4.246892707787363,2
30.240000000000002,4.600827355394915,2
30.25,4.844138621194919,2
30.26,4.469646402365531,2
30.27,4.75722449694717,2
30.28,4.280185728078622,2
30.29,3.8268478364473695,2
30.3,3.7516288570351692,2
30.310000000000002,3.8594616920480904,2
30.32,3.809873451561693,2
30.330000000000002,3.9532434468352426,2
30.34,3.8512023052004256,2
30.35,3.282617304670956,2
30.36,3.3003420611786436,2
30.37,2.939480604970894,2
30.38,3.0464237318622347,2
30.39,2.7868049130580723,2
30.400000000000002,3.054695740546161,2
30.41,3.5330442534417834,2
30.42,3.0898559812060773,2
30.43,2.602347978138784,2
30.44,2.657004740173602,2
30.45,3.111284393439042,2
30.46,3.2443535708390665,2
30.47,3.1990294608957406,2
30.48,2.9743283355772387,2
30.490000000000002,3.281879033446147,2
30.5,3.789272307004484,2
30.51,3.280697687801413,2
30.52,3.43587050531867,2
30.53,4.213326008472334,2
30.54,4.020402192639983,2
30.55,3.9643179603846503,2
30.560000000000002,3.9580825072650905,2
30.57,3.8465362779401495,2
30.580000000000002,4.1727131146395315,2
30.59,4.665871549606457,2
30.6,4.116332649669521,2
30.61,3.8399625339945773,2
30.62,4.2090442424724905,2
30.63,4.358226052671162,2
30.64,4.4461373852927055,2
30.650000000000002,4.598874685557321,2
30.66,4.5662233514252994,2
30.67,4.645934228801382,2
30.68,4.489135204647394,2
30.69,4.3756194855765616,2
30.7,4.311074447294229,2
30.71,4.164552131616443,2
30.72,4.280926104789802,2
30.73,4.337160226916397,2
30.740000000000002,3.774706309445932,2
30.75,3.7396409704834643,2
30.76,3.7715449831328987,2
30.77,4.2279238123374645,2
30.78,4.1238951191904905,2
30.79,4.138831861573258,2
30.8,4.103199256331343,2
30.810000000000002,4.467490241908091,2
30.82,4.082209853120846,2
30.830000000000002,3.8515945875907343,2
30.84,3.625067228633018,2
30.85,3.666530426384209,2
30.86,3.2766373686885713,2
30.87,3.764093540384412,2
30.88,3.905413299723466,2
30.89,4.080730355235895,2
30.900000000000002,4.668299530490301,2
30.91,4.504002261649926,2
30.92,4.696125176100299,2
30.93,4.791490152189769,2
30.94,5.148497905159633,2
30.95,5.229496989734629,2
30.96,4.962284171815956,2
30.970000000000002,4.986188049212505,2
30.98,4.704312238301344,2
30.990000000000002,4.501534307886149,2
31.0,4.4475244337441495,2
31.01,4.350136694137086,2
31.02,4.061857853360222,2
31.03,3.412673274975764,2
31.04,3.555398259362675,2
31.05,3.704018740932305,2
31.060000000000002,3.836665717425145,2
31.07,4.393010105527192,2
31.080000000000002,3.9184724296354867,2
31.09,4.366681014073179,2
31.1,5.036071693309377,2
31.11,5.4321938030413826,2
31.12,5.189995426770094,2
31.13,5.199348397536932,2
31.14,4.860905185431278,2
31.150000000000002,4.583280628590124,2
31.16,5.013215593936597,2
31.17,5.109963053066722,2
31.18,5.214284942110529,2
31.19,4.774679031225837,2
31.2,4.279784353746785,2
31.21,4.550644050067475,2
31.220000000000002,4.615051666693334,2
31.23,4.469003321139835,2
31.240000000000002,4.914074561890021,2
31.25,4.990765368819677,2
31.26,4.650836845861822,2
31.27,4.036640556073764,2
31.28,4.202475410542948,2
31.29,4.049233281847019,2
31.3,4.004977366029048,2
31.310000000000002,3.9416602841269968,2
31.32,4.35289718899429,2
31.330000000000002,4.556396179087381,2
31.34,4.473483622030732,2
31.35,4.391233704432767,2
31.36,4.433731733777583,2
31.37,4.763800317053392,2
31.38,4.710923741512093,2
31.39,4.477028651031049,2
31.400000000000002,4.087950282793603,2
31.41,4.054891159822289,2
31.42,3.7098915327641167,2
31.43,3.835640868472203,2
31.44,3.980429150897351,2
31.45,4.319761418574755,2
31.46,4.228443190074542,2
31.470000000000002,4.498089502100823,2
31.48,4.904879768966634,2
31.490000000000002,4.835279717591434,2
31.5,5.385044119209201,2
31.51,5.653661881723247,2
31.52,5.35246747765323,2
31.53,6.05145856105669,2
31.54,5.827129836746976,2
31.55,6.040954791202525,2
31.560000000000002,6.014935886052634,2
31.57,5.899403252453744,2
31.580000000000002,6.080293807701305,2
31.59,5.915004003249662,2
31.6,5.701851717248056,2
31.61,5.518575915264011,2
31.62,5.042637533052641,2
31.63,5.2405827745009255,2
31.64,4.9296000202841785,2
31.650000000000002,4.896177571648572,2
31.66,4.812268572930418,2
31.67,4.903138202576165,2
31.68,4.809115666699265,2
31.69,4.65216770494498,2
31.7,4.704437121140181,2
31.71,4.72719280199281,2
31.720000000000002,4.353650761115381,2
31.73,4.28713203148831,2
31.740000000000002,4.618235937227801,2
31.75,5.252627734701092,2
31.76,4.643569889225223,2
31.77,4.8137325552594135,2
31.78,4.7623306568109625,2
31.79,4.518373427512201,2
31.8,4.345275698729041,2
31.810000000000002,4.04449130278042,2
31.82,3.6540774013338444,2
31.830000000000002,3.797832649231295,2
31.84,4.323298825141573,2
31.85,4.390887258335333,2
31.86,4.400409682090118,2
31.87,4.183692546223089,2
31.88,3.9017340583251663,2
31.89,3.917738123647781,2
31.900000000000002,3.634337632091675,2
31.91,3.98910867117628,2
31.92,3.8265621379730117,2
31.93,3.6049316865136496,2
31.94,4.282119423004824,2
31.95,4.6219115425578465,2
31.96,4.2211300310093804,2
31.970000000000002,3.949057133759837,2
31.98,3.898932392596631,2
31.990000000000002,3.8634525894811502,2
32.0,3.7471197137774213,2
32.01,4.151143925557576,2
32.02,4.195673959347162,2
32.03,4.165646362963361,2
32.04,3.976798919383646,2
32.05,3.6811664172249543,2
32.06,3.5361028447506353,2
32.07,3.334350011637534,2
32.08,3.044107429152706,2
32.09,3.4451370943506854,2
32.1,3.764159331848612,2
32.11,3.6816013341052725,2
32.12,4.086786276218275,2
32.13,4.245349790148647,2
32.14,3.914688849924201,2
32.15,3.5101477564119374,2
32.160000000000004,3.6458352212123972,2
32.17,3.816120497917935,2
32.18,3.4682376559679184,2
32.19,3.372482970781927,2
32.2,3.676954144052795,2
32.21,4.154334769096343,2
32.22,4.162816933849195,2
32.230000000000004,4.1624748647616805,2
32.24,4.018423564789512,2
32.25,4.437955374206483,2
32.26,4.551656861753463,2
32.27,4.258188012168135,2
32.28,4.453964732950141,2
32.29,4.209973917979784,2
32.3,3.919308616064709,2
32.31,3.800671380168056,2
32.32,3.5767937939477505,2
32.33,3.3627758990660026,2
32.34,3.0300839681124487,2
32.35,2.9291232429932186,2
32.36,2.8851896532081565,2
32.37,2.6137955995064597,2
32.38,2.905455764793101,2
32.39,2.514442755222917,2
32.4,2.5550071857587637,2
32.410000000000004,2.88684584895685,2
32.42,3.3189339258638544,2
32.43,3.2241971657057698,2
32.44,3.5888868613277944,2
32.45,3.525885017158075,2
32.46,4.212225332571853,2
32.47,3.7773976420258983,2
32.480000000000004,3.514351475435831,2
32.49,3.6085428344587887,2
32.5,3.2903103398754787,2
32.51,3.1606699732869723,2
32.52,3.372923098311337,2
32.53,3.489788471773875,2
32.54,3.5308746744168356,2
32.55,3.57079718687538,2
32.56,2.9163783925440843,2
32.57,3.066842407372065,2
32.58,2.9799606544164816,2
32.59,2.9772168462126483,2
32.6,2.6289536920708962,2
32.61,2.956791344283717,2
32.62,3.2174572254116773,2
32.63,2.9656806918237084,2
32.64,3.1199430427231314,2
32.65,3.674430400848001,2
32.660000000000004,3.746684023976899,2
32.67,3.20132223325842,2
32.68,3.1195580224361095,2
32.69,3.243576565113357,2
32.7,3.9187751110965827,2
32.71,3.584310401736795,2
32.72,3.5841178891900043,2
32.730000000000004,3.3232799365499597,2
32.74,3.640063464341429,2
32.75,3.572270071802704,2
32.76,2.8411146372160005,2
32.77,2.845581840628308,2
32.78,2.9292635885817813,2
32.79,3.146258737190916,2
32.8,3.2831079238943937,2
32.81,3.5410086739493396,2
32.82,3.551913375413483,2
32.83,3.6207010717062182,2
32.84,3.6620900312499907,2
32.85,3.5782602500248433,2
32.86,3.7814120822346,2
32.87,4.043165997875715,2
32.88,4.026463170158851,2
32.89,3.8845114204370965,2
32.9,3.5893519758323262,2
32.910000000000004,3.730982416803063,2
32.92,3.473558773054285,2
32.93,3.5713777760483216,2
32.94,3.651391765178923,2
32.95,3.9885784341946535,2
32.96,4.382752527357726,2
32.97,3.483692870709428,2
32.980000000000004,3.4782319664120522,2
32.99,2.935157195843369,2
33.0,3.3707463969075575,2
33.01,3.427101938758411,2
33.02,3.8106913061813064,2
33.03,3.902766404074221,2
33.04,3.5299116381964697,2
33.05,3.3027562567818176,2
33.06,3.3344338066051256,2
33.07,3.5623573419200403,2
33.08,3.622208627136244,2
33.09,3.7102800638328652,2
33.1,3.6379783364630276,2
33.11,3.994333239658101,2
33.12,4.036285177582768,2
33.13,4.0463761859762855,2
33.14,4.125442592291179,2
33.15,3.995316281850025,2
33.160000000000004,3.8965636252105145,2
33.17,4.043277551799445,2
33.18,4.258900727706038,2
33.19,4.482566341596566,2
33.2,4.378992324501811,2
33.21,4.37602155693371,2
33.22,4.166582436261831,2
33.230000000000004,4.372792751316045,2
33.24,4.06781738657215,2
33.25,4.123973716482071,2
33.26,4.360616581244083,2
33.27,4.360171933697592,2
33.28,4.4091540275293495,2
33.29,4.290952356217049,2
33.3,3.7365906745752806,2
33.31,3.572080485634026,2
33.32,3.6274396909301143,2
33.33,3.469466122122851,2
33.34,3.659993477250936,2
33.35,3.2791946989216063,2
33.36,2.802328502210792,2
33.37,3.119020227580897,2
33.38,3.118821375223867,2
33.39,3.3050784320228708,2
33.4,3.2269468278393556,2
33.410000000000004,3.4642592374555976,2
33.42,3.9024284678422188,2
33.43,4.316881685907288,2
33.44,4.101607656443996,2
33.45,3.9719047265726877,2
33.46,4.022920010571779,2
33.47,4.550711891475249,2
33.480000000000004,4.169012113060315,2
33.49,3.8274818591339588,2
33.5,4.090930751657727,2
33.51,3.893206946028945,2
33.52,4.090644156401233,2
33.53,3.915828811210162,2
33.54,4.024057487406264,2
33.55,3.8771601732718803,2
33.56,3.604788046838971,2
33.57,3.68576199499047,2
33.58,3.3736406354162405,2
33.59,3.5655601285375527,2
33.6,3.5426268982988933,2
33.61,3.202748774527322,2
33.62,3.3674541609839386,2
33.63,3.509721895500235,2
33.64,2.8923088473131746,2
33.65,2.9886547056949464,2
33.660000000000004,3.092593132594305,2
33.67,3.209591229886352,2
33.68,2.7733242156950024,2
33.69,2.99620647509116,2
33.7,3.2419407320202533,2
33.71,3.0519873749965543,2
33.72,2.750372064086121,2
33.730000000000004,2.597844324093237,2
33.74,2.7745470314097846,2
33.75,2.54638412259455,2
33.76,2.3082288476340684,2
33.77,3.0722457399899907,2
33.78,3.163516629294885,2
33.79,3.15899578580169,2
33.8,3.0531331899503567,2
33.81,3.0279430083212264,2
33.82,3.6356671846900324,2
33.83,3.9033696927700663,2
33.84,4.589261407188295,2
33.85,4.641382969373011,2
33.86,4.306312740849974,2
33.87,4.352511255036467,2
33.88,4.472700151391796,2
33.89,4.59936907952953,2
33.9,4.414155436545959,2
33.910000000000004,4.883829228757053,2
33.92,4.435741017352925,2
33.93,4.48834304146068,2
33.94,4.356664921819192,2
33.95,4.100866339799526,2
33.96,4.16079174743575,2
33.97,4.500736771657834,2
33.980000000000004,4.565121851396762,2
33.99,4.585984506392742,2
34.0,3.9551697693641557,2
34.01,4.220655957401542,2
34.02,4.083543345181709,2
34.03,4.226536200402612,2
34.04,4.464597940238458,2
34.05,4.47278642042729,2
34.06,3.8585208374991256,2
34.07,4.274010131104336,2
34.08,4.7580767473495795,2
34.09,4.912645299093951,2
34.1,4.615551914491284,2
34.11,4.902442006593016,2
34.12,4.732281844727753,2
34.13,4.640078485526767,2
34.14,4.915362682557384,2
34.15,5.007280236404688,2
34.160000000000004,4.239896128176833,2
34.17,4.27479749604709,2
34.18,4.583159359673557,2
34.19,4.138500127559749,2
34.2,4.401598111083983,2
34.21,3.888348499076923,2
34.22,3.8386565560022907,2
34.230000000000004,4.008193817090249,2
34.24,3.935659721473644,2
34.25,4.275751204129946,2
34.26,3.847354618188348,2
34.27,4.093598027660077,2
34.28,4.099227632282076,2
34.29,3.8477515558859277,2
34.300000000000004,3.9872886385069393,2
34.31,3.9686321877109463,2
34.32,4.390969937503907,2
34.33,4.5171689469790755,2
34.34,4.582367708388813,2
34.35,4.333463899376212,2
34.36,4.341644248553102,2
34.37,4.144519901848524,2
34.38,4.112417791967076,2
34.39,4.454019303796699,2
34.4,4.327655473046066,2
34.410000000000004,3.885152328158334,2
34.42,4.0367511964808624,2
34.43,4.25601223134626,2
34.44,4.6806100059111735,2
34.45,4.857450542584382,2
34.46,4.694732596250521,2
34.47,4.69914994340798,2
34.480000000000004,4.73953838290413,2
34.49,4.788601548409164,2
34.5,4.008763188163762,2
34.51,3.84540323491868,2
34.52,3.9960236466411803,2
34.53,4.307905338288725,2
34.54,4.097408547815347,2
34.550000000000004,3.970100460721673,2
34.56,3.905520677711639,2
34.57,3.876749992048273,2
34.58,4.13116449103673,2
34.59,3.9088205254713366,2
34.6,4.162961813696361,2
34.61,4.548647610853894,2
34.62,4.382242242715723,2
34.63,4.222219051824541,2
34.64,4.244633410192541,2
34.65,4.054001553776529,2
34.660000000000004,4.02369578782969,2
34.67,3.6049301550066972,2
34.68,3.886883020589679,2
34.69,4.369376054773278,2
34.7,4.141698109145199,2
34.71,3.6611058121238,2
34.72,3.955907597572911,2
34.730000000000004,3.841745503414643,2
34.74,3.668353441538872,2
34.75,3.6669547034850503,2
34.76,3.3543586582191214,2
34.77,3.5554881512335346,2
34.78,3.2416400713378293,2
34.79,2.981909720149174,2
34.800000000000004,2.7443470741686817,2
34.81,2.9163776912406565,2
34.82,2.510870095038049,2
34.83,3.251450040906279,2
34.84,3.2199073019866367,2
34.85,2.6983360979622373,2
34.86,2.5279654585416824,2
34.87,2.844821691200505,2
34.88,3.342363895040385,2
34.89,3.454363430049569,2
34.9,3.5331909923687026,2
34.910000000000004,3.1463295950109096,2
34.92,3.6535322939968617,2
34.93,3.8456896695614975,2
34.94,3.9520922932352445,2
34.95,3.961675211383086,2
34.96,4.115963418697583,2
34.97,3.8776892935165184,2
34.980000000000004,4.156062202336301,2
34.99,4.368079173384794,2
35.0,4.3034640758565,2
35.01,4.196026541969141,2
35.02,3.5648774727054215,2
35.03,3.1176061813971594,2
35.04,3.360476712780956,2
35.050000000000004,3.680765113714654,2
35.06,4.015864260444683,2
35.07,3.6325848593219994,2
35.08,4.319126379593324,2
35.09,4.570624639221869,2
35.1,4.351086939954883,2
35.11,4.362252405272551,2
35.12,3.8451112789439192,2
35.13,3.6858140615844874,2
35.14,3.869737786091049,2
35.15,3.900525807049843,2
35.160000000000004,4.404355348354797,2
35.17,3.9447505809944428,2
35.18,3.917088526083294,2
35.19,3.6033441036172884,2
35.2,4.0779342399848,2
35.21,4.145323931651134,2
35.22,4.133183815878403,2
35.230000000000004,4.082143680549179,2
35.24,3.8254265424901157,2
35.25,4.182437984840362,2
35.26,4.2125315994490125,2
35.27,4.260623617134055,2
35.28,4.3995494946083085,2
35.29,4.115427200971329,2
35.300000000000004,4.669206081150544,2
35.31,5.046972985887958,2
35.32,4.932087570786781,2
35.33,4.753572309210183,2
35.34,4.859443753888366,2
35.35,5.090880659194299,2
35.36,5.47769535294717,2
35.37,5.512620012330449,2
35.38,5.400051455739458,2
35.39,5.298900568404861,2
35.4,4.63615835223071,2
35.410000000000004,4.450627302911432,2
35.42,4.507908954047091,2
35.43,3.817438742446591,2
35.44,3.886676038460349,2
35.45,3.6679384107461375,2
35.46,4.147958866605554,2
35.47,4.052504666075078,2
35.480000000000004,3.9725606850887303,2
35.49,3.9363713799997964,2
35.5,3.9414166693392403,2
35.51,4.1719064551334695,2
35.52,4.057165345714516,2
35.53,4.058087699250574,2
35.54,4.278599627626119,2
35.550000000000004,4.25315649359227,2
35.56,4.413543034837249,2
35.57,4.245947291581262,2
35.58,4.3208026660109375,2
35.59,4.659596938707687,2
35.6,4.7643294416460655,2
35.61,4.157783781263824,2
35.62,4.299356078770153,2
35.63,3.9424627369261462,2
35.64,3.6861438050426107,2
35.65,3.856892925232077,2
35.660000000000004,3.5964985650202377,2
35.67,3.322409246778867,2
35.68,3.3891780306008283,2
35.69,3.2764607592174864,2
35.7,2.887057779856896,2
35.71,3.1557084331389373,2
35.72,3.5193351028840794,2
35.730000000000004,3.8237301651056788,2
35.74,3.5868388999656156,2
35.75,3.7445749645018633,2
35.76,3.6301310363059995,2
35.77,3.308000005840588,2
35.78,3.1654607737611986,2
35.79,2.4501163622283153,2
35.800000000000004,2.305541840639067,2
35.81,2.0594278138000695,2
35.82,2.3109745239879653,2
35.83,2.5624662690958675,2
35.84,2.227472679302282,2
35.85,2.6393155870638374,2
35.86,2.60318794124919,2
35.87,2.4398779280284315,2
35.88,2.0886406453305115,2
35.89,2.0528680502314534,2
35.9,2.2081360151650316,2
35.910000000000004,2.6694600954606784,2
35.92,2.7726814267661544,2
35.93,2.806201545645839,2
35.94,3.0900518583295282,2
35.95,3.220739117886884,2
35.96,2.872237644973035,2
35.97,2.8612774582955205,2
35.980000000000004,2.8122338022839033,2
35.99,2.888528229083344,2
36.0,2.865008382864429,2
36.01,2.750011028643823,2
36.02,3.290051239650358,2
36.03,3.348236179068889,2
36.04,3.5485203171284962,2
36.050000000000004,3.5604196695979913,2
36.06,3.8353516866705086,2
36.07,3.826076972494162,2
36.08,4.118969170338563,2
36.09,3.2938434160120527,2
36.1,3.392703929498978,2
36.11,3.527408430332087,2
36.12,3.6609794545746994,2
36.13,3.387806472811871,2
36.14,3.2442709766933415,2
36.15,3.02424440948621,2
36.160000000000004,3.2598257322556186,2
36.17,3.5900492413992806,2
36.18,3.1652883705373642,2
36.19,3.306890912511583,2
36.2,3.131232385567244,2
36.21,3.7132466636071157,2
36.22,3.9013274109826943,2
36.230000000000004,3.8114782345088374,2
36.24,3.7921092261335967,2
36.25,4.180391299960341,2
36.26,4.178556924094477,2
36.27,3.6539334379990906,2
36.28,4.118441453678685,2
36.29,4.336897204762296,2
36.300000000000004,4.150957814693679,2
36.31,4.3060614347506725,2
36.32,4.101638756883465,2
36.33,3.910144538855359,2
36.34,3.884806304790624,2
36.35,4.066323491745403,2
36.36,4.192984533725574,2
36.37,4.439543877870742,2
36.38,4.530118465646768,2
36.39,4.888877525498628,2
36.4,5.2885572258657625,2
36.410000000000004,5.245311706337421,2
36.42,5.025470175451976,2
36.43,4.872078618773268,2
36.44,4.239332106498359,2
36.45,4.221246554196822,2
36.46,4.024326978433279,2
36.47,3.8221675676729223,2
36.480000000000004,3.8292182161458066,2
36.49,3.2516057308326136,2
36.5,3.2757631961355353,2
36.51,3.405995654866737,2
36.52,3.0303359400580807,2
36.53,3.5110350948319433,2
36.54,3.6854104241134977,2
36.550000000000004,4.082561094980565,2
36.56,4.197328816178252,2
36.57,4.279833136187123,2
36.58,4.683102089008505,2
36.59,4.98749769830098,2
36.6,5.438864944035855,2
36.61,5.2598336007621285,2
36.62,4.908702434060608,2
36.63,4.489820157173204,2
36.64,4.163918774289156,2
36.65,4.339728937521607,2
36.660000000000004,5.078211575069769,2
36.67,5.397818136393404,2
36.68,5.20714396005787,2
36.69,5.303563474490471,2
36.7,5.016413586043841,2
36.71,4.775601590175652,2
36.72,4.404959119769924,2
36.730000000000004,4.0902506979171935,2
36.74,4.238586918163714,2
36.75,4.63481386475562,2
36.76,4.866305925590235,2
36.77,5.1926693251904075,2
36.78,5.2954763805503005,2
36.79,5.156203818119478,2
36.800000000000004,4.891686184703245,2
36.81,4.965956773196037,2
36.82,4.393474300415888,2
36.83,4.1828500607742045,2
36.84,3.941407478836382,2
36.85,4.29975105719346,2
36.86,3.8794673775758164,2
36.87,4.154901643686131,2
36.88,4.249178330895404,2
36.89,4.337490253559485,2
36.9,4.171276444884541,2
36.910000000000004,3.739572222148029,2
36.92,3.9073564831325993,2
36.93,4.167616183694511,2
36.94,4.291711642114348,2
36.95,4.221732236620101,2
36.96,3.8771536548858916,2
36.97,3.712904425834184,2
36.980000000000004,3.8691802697780866,2
36.99,3.658405471686634,2
37.0,3.4200042401267763,2
37.01,3.068138250252109,2
37.02,3.3129716441794756,2
37.03,3.527362574256807,2
37.04,3.9016310395754457,2
37.050000000000004,3.303986057152117,2
37.06,3.70560906762181,2
37.07,4.050527642700439,2
37.08,4.387920050131094,2
37.09,4.383018876176611,2
37.1,4.407556643906634,2
37.11,4.428314421769464,2
37.12,4.126803030281474,2
37.13,3.8674807119009804,2
37.14,3.944693020481352,2
37.15,3.8796441681006235,2
37.160000000000004,4.09457366244718,2
37.17,3.984103169674985,2
37.18,3.5695703694466467,2
37.19,3.2097192036351405,2
37.2,3.0730583064441594,2
37.21,3.3714855584478043,2
37.22,3.287215097157986,2
37.230000000000004,3.443059360479804,2
37.24,3.0249502852368266,2
37.25,3.1683655249838347,2
37.26,3.262233852648454,2
37.27,3.673228941234245,2
37.28,3.7496076927478654,2
37.29,3.9907888563143454,2
37.300000000000004,4.542994267216334,2
37.31,4.499999736490486,2
37.32,4.8845685742073925,2
37.33,4.831233694937855,2
37.34,4.596736699028008,2
37.35,4.5062795354673275,2
37.36,4.31209600869142,2
37.37,4.147557704384265,2
37.38,3.970318873480434,2
37.39,3.887339005660644,2
37.4,4.0999800270882805,2
37.410000000000004,3.6079639128967003,2
37.42,3.7285202248130815,2
37.43,3.7897317819324643,2
37.44,4.203002755847732,2
37.45,4.079097733802473,2
37.46,4.391831191963717,2
37.47,4.109014158584631,2
37.480000000000004,3.969199311763264,2
37.49,4.090330014906321,2
37.5,4.2534950490406525,2
37.51,4.1530167412089884,2
37.52,4.200852621352877,2
37.53,4.134202678078119,2
37.54,4.345002749115904,2
37.550000000000004,4.268968759561007,2
37.56,4.178905665763316,2
37.57,4.441871851695044,2
37.58,4.45725601783482,2
37.59,4.600886582240765,2
37.6,5.248713138264337,2
37.61,4.561378795390398,2
37.62,4.2141307720432755,2
37.63,3.9298506205614134,2
37.64,3.6950249357196743,2
37.65,4.128736615505508,2
37.660000000000004,3.3601875246828037,2
37.67,3.5606388199728096,2
37.68,3.170312313468123,2
37.69,3.260526473046977,2
37.7,3.407968847935676,2
37.71,3.7239493326392803,2
37.72,3.676323520620403,2
37.730000000000004,3.659645218725839,2
37.74,3.1129970738195327,2
37.75,3.847726523545604,2
37.76,3.949773376752801,2
37.77,4.0791168063682095,2
37.78,4.3752266191684495,2
37.79,4.318593095841483,2
37.800000000000004,4.406825301744433,2
37.81,4.568820971531977,2
37.82,4.094098280335801,2
37.83,4.235031472392943,2
37.84,4.799481956518687,2
37.85,5.214461370177536,2
37.86,5.5270926392027215,2
37.87,5.915690661802934,2
37.88,5.367243034790419,2
37.89,5.081806896418316,2
37.9,4.715391786858912,2
37.910000000000004,5.634117552289099,2
37.92,5.539816052952403,2
37.93,4.985134222968748,2
37.94,4.574487019543188,2
37.95,4.547385371386309,2
37.96,4.106485283399747,2
37.97,4.625287699718854,2
37.980000000000004,4.78673538740153,2
37.99,4.796768224868683,2
38.0,4.418575498536541,2
38.01,4.002425939443176,2
38.02,4.101112242911535,2
38.03,4.129945313383099,2
38.04,3.753339366917449,2
38.050000000000004,3.7627478030243635,2
38.06,3.7719443959082337,2
38.07,4.003864980249093,2
38.08,4.600281092951777,2
38.09,3.9510644675480853,2
38.1,4.18295361891969,2
38.11,3.967321730694176,2
38.12,4.090024337201981,2
38.13,4.118055567977719,2
38.14,4.247952231985651,2
38.15,3.8709523901513077,2
38.160000000000004,4.158578428542193,2
38.17,4.154296758562926,2
38.18,4.533184599476403,2
38.19,4.931051635828056,2
38.2,4.905049194712861,2
38.21,5.0950077657077655,2
38.22,5.241459221825122,2
38.230000000000004,5.496607174420176,2
38.24,5.705730648560188,2
38.25,5.205367488572916,2
38.26,5.163662517007733,2
38.27,4.6539424678877,2
38.28,4.440676706324425,2
38.29,4.26023243881089,2
38.300000000000004,4.3999857105859475,2
38.31,4.294775702149605,2
38.32,4.220070606953487,2
38.33,4.481151300635046,2
38.34,4.682202687445508,2
38.35,4.692170276928086,2
38.36,4.835214175455226,2
38.37,4.934706238866121,2
38.38,5.397934150750723,2
38.39,5.198987276249853,2
38.4,4.866036861599567,2
38.410000000000004,4.83720277371223,2
38.42,4.484214955152654,2
38.43,4.331542909646228,2
38.44,4.425921053578182,2
38.45,4.239580663321359,2
38.46,4.150996411945424,2
38.47,4.058556981156696,2
38.480000000000004,3.929940374661025,2
38.49,3.626284638176593,2
38.5,3.9504508401283283,2
38.51,4.343587987475091,2
38.52,4.578848342285424,2
38.53,4.788066877088963,2
38.54,4.591481328732469,2
38.550000000000004,4.5819777138322095,2
38.56,4.302961320683487,2
38.57,4.23447156257553,2
38.58,4.198014694768044,2
38.59,3.785768857759036,2
38.6,3.8446331111321594,2
38.61,3.709767358203933,2
38.62,3.8139375630377192,2
38.63,3.7659352211307926,2
38.64,3.8874916467630536,2
38.65,4.096446385498513,2
38.660000000000004,3.731684123737316,2
38.67,3.6679607821030644,2
38.68,3.5175723702893156,2
38.69,3.899666401074285,2
38.7,4.390730211901303,2
38.71,4.363676342821685,2
38.72,4.441914947015324,2
38.730000000000004,3.9801029171615676,2
38.74,4.067967672130654,2
38.75,3.987855434806294,2
38.76,4.373986819904599,2
38.77,4.272134678105491,2
38.78,4.012423127092955,2
38.79,3.630726595692302,2
38.800000000000004,3.7189525499968026,2
38.81,3.5930856499268957,2
38.82,3.9786708606037373,2
38.83,4.160219479669189,2
38.84,4.115589798962682,2
38.85,4.281754423557632,2
38.86,4.747477026478764,2
38.87,4.344094006728405,2
38.88,4.129745885778878,2
38.89,4.666897184000615,2
38.9,4.3864556468411235,2
38.910000000000004,4.535466290759258,2
38.92,4.818242820221773,2
38.93,4.73194950935345,2
38.94,4.85409549979714,2
38.95,4.685407908358433,2
38.96,5.131579896358694,2
38.97,4.893225508021717,2
38.980000000000004,4.5334402246005014,2
38.99,4.731895124494569,2
39.0,4.859856173480753,2
39.01,4.816102495143615,2
39.02,4.743856087998562,2
39.03,6.5719392173424485,2
39.04,5.085089493957229,2
39.050000000000004,4.069480933506265,2
39.06,4.151130629995527,2
39.07,4.077441816026423,2
39.08,3.6472472531260802,2
39.09,3.563380786417395,2
39.1,3.5467805963112213,2
39.11,3.736542108046603,2
39.12,3.8456216750142045,2
39.13,4.358422188385129,2
39.14,4.0450555111919435,2
39.15,4.197244419235488,2
39.160000000000004,4.357376543376671,2
39.17,4.400760682536585,2
39.18,4.276503565272263,2
39.19,4.055180864447892,2
39.2,4.038104977495152,2
39.21,3.527726552448944,2
39.22,3.3131841633761248,2
39.230000000000004,3.1056686409858534,2
39.24,3.3378153042980583,2
39.25,3.581222970156879,2
39.26,3.3192938564437773,2
39.27,3.0168833972959193,2
39.28,2.700639851344318,2
39.29,3.107604390880748,2
39.300000000000004,3.456106921052474,2
39.31,3.694517591487763,2
39.32,4.1509899094883105,2
39.33,4.639614511854991,2
39.34,4.294197351113351,2
39.35,4.153030758650645,2
39.36,4.358802532002081,2
39.37,3.5407382506663283,2
39.38,3.5156268032609583,2
39.39,3.836816847206035,2
39.4,3.7543607781437536,2
39.410000000000004,3.9862460014304735,2
39.42,3.420856134970214,2
39.43,3.55924640138317,2
39.44,3.4727393245080993,2
39.45,3.4616385588864635,2
39.46,3.246916907446652,2
39.47,3.7753278020932917,2
39.480000000000004,3.8173264632877366,2
39.49,3.8768823157419305,2
39.5,4.473301605238353,2
39.51,4.163926150616188,2
39.52,4.187174910216379,2
39.53,3.9754502579061937,2
39.54,3.7711822418243517,2
39.550000000000004,3.88127545789081,2
39.56,3.813290159149632,2
39.57,4.392445381636511,2
39.58,4.858165239523027,2
39.59,4.726312918414288,2
39.6,4.217066855774408,2
39.61,4.112865044954853,2
39.62,4.398370552991914,2
39.63,4.107359042726091,2
39.64,4.551264614925941,2
39.65,4.6607986271088215,2
39.660000000000004,4.262982042955219,2
39.67,4.049657652622284,2
39.68,3.897697851736733,2
39.69,3.6795586380282317,2
39.7,3.3870612671963944,2
39.71,3.2854218261878776,2
39.72,3.2490174208314904,2
39.730000000000004,3.6921858971626897,2
39.74,3.847256197205215,2
39.75,4.003679498762948,2
39.76,4.102362771844798,2
39.77,3.8665656478208708,2
39.78,4.204917942051939,2
39.79,4.061359392455438,2
39.800000000000004,3.960069527215094,2
39.81,4.07147661157226,2
39.82,4.772575476726115,2
39.83,4.535131574919041,2
39.84,4.019938647429681,2
39.85,4.099921738995234,2
39.86,4.283685355474166,2
39.87,4.132250916430843,2
39.88,3.950799773888031,2
39.89,3.5955144821065406,2
39.9,3.731457933662914,2
39.910000000000004,4.309196824840355,2
39.92,4.763464580076562,2
39.93,4.772349425077311,2
39.94,4.577195173176816,2
39.95,4.627699731963714,2
39.96,4.472881497621988,2
39.97,4.2440866732715845,2
39.980000000000004,4.2658206129970875,2
39.99,4.601310223636629,2
40.0,4.487543244008919,2
40.01,4.3818173588937865,2
40.02,4.26862172842026,2
40.03,4.466336185511743,2
40.04,4.661142562483766,2
40.050000000000004,4.290056233094725,2
40.06,4.211018841867132,2
40.07,4.50335123589816,2
40.08,4.358204196015931,2
40.09,4.716918261861557,2
40.1,4.839726106911515,2
40.11,5.253387535628922,2
40.12,5.039863641260572,2
40.13,5.134703378774254,2
40.14,5.228878250328731,2
40.15,5.411264253277897,2
40.160000000000004,5.370262407314348,2
40.17,5.5486949012318,2
40.18,5.215107469234452,2
40.19,5.077784749596778,2
40.2,4.5483987224927125,2
40.21,4.417132132796342,2
40.22,4.134292717064855,2
40.230000000000004,4.214659597786402,2
40.24,4.472573502748243,2
40.25,4.585289219903336,2
40.26,4.747819505467898,2
40.27,4.7001080968766,2
40.28,4.590217391892902,2
40.29,4.1988563197363185,2
40.300000000000004,3.6336871761537255,2
40.31,3.2430767976318045,2
40.32,3.1308935067069905,2
40.33,3.4763069831382367,2
40.34,3.18053278268288,2
40.35,3.029670388277545,2
40.36,2.9934185008330436,2
40.37,3.4590631701803085,2
40.38,3.5023160001914553,2
40.39,3.5903305209736245,2
40.4,3.7476604348724205,2
40.410000000000004,4.1681147197499175,2
40.42,4.175022935463752,2
40.43,3.6573669819555255,2
40.44,3.7275928567769396,2
40.45,4.1629631628545,2
40.46,4.3282887762942615,2
40.47,4.356383383562212,2
40.480000000000004,4.420970093849913,2
40.49,3.8583522233451455,2
40.5,3.3124945509781663,2
40.51,3.634573073578222,2
40.52,4.0353841519243465,2
40.53,3.853492393299785,2
40.54,3.922908256836535,2
40.550000000000004,4.106506240536035,2
40.56,4.566199447061225,2
40.57,4.486930060157599,2
40.58,4.647269408384386,2
40.59,5.147268736128222,2
40.6,4.95308272247502,2
40.61,4.876132497357611,2
40.62,4.475277839815268,2
40.63,4.12875880209735,2
40.64,4.363921899959937,2
40.65,4.6657901629637575,2
40.660000000000004,4.928899647098175,2
40.67,4.543293311567763,2
40.68,4.43068500762805,2
40.69,4.523182331594765,2
40.7,3.825921127325095,2
40.71,3.972804345616571,2
40.72,4.508314099625081,2
40.730000000000004,4.7795398843262475,2
40.74,4.018675672486587,2
40.75,4.129387054519755,2
40.76,4.177636956316278,2
40.77,4.23684257232994,2
40.78,4.24351222990622,2
40.79,4.126666551708318,2
40.800000000000004,3.455162930606987,2
40.81,3.597739548319166,2
40.82,3.81572103232255,2
40.83,3.67679946279328,2
40.84,4.065709356194953,2
40.85,3.594427015697601,2
40.86,3.14615170561402,2
40.87,3.255615847239974,2
40.88,3.136907225510279,2
40.89,3.498623417096683,2
40.9,3.4276192650129635,2
40.910000000000004,3.869628013355607,2
40.92,3.678094574305257,2
40.93,3.7510016682992875,2
40.94,3.213636326558008,2
40.95,3.277184127894007,2
40.96,3.370062067281637,2
40.97,3.775764014901312,2
40.980000000000004,3.370054586916988,2
40.99,3.3528713724623427,2
41.0,3.829213116391531,2
41.01,4.295477015096179,2
41.02,4.029529397669233,2
41.03,3.8323010324897573,2
41.04,3.367506266207919,2
41.050000000000004,2.8292484794932853,2
41.06,2.8361420595352764,2
41.07,2.7697021249278864,2
41.08,3.476818994233057,2
41.09,3.6276530060876353,2
41.1,3.605774390584689,2
41.11,3.8310602723315825,2
41.12,4.139345329673192,2
41.13,4.4692795240114025,2
41.14,4.495898077293996,2
41.15,4.4396133675122815,2
41.160000000000004,4.440471539199305,2
41.17,4.379857637857799,2
41.18,4.1919266300514195,2
41.19,4.468299495839319,2
41.2,4.3668276464780105,2
41.21,4.042752714545728,2
41.22,4.04430644762601,2
41.230000000000004,4.242927076958128,2
41.24,3.8061254523854413,2
41.25,3.749333772042274,2
41.26,3.547139554575156,2
41.27,4.21084437076591,2
41.28,4.2157581599366365,2
41.29,4.633963250284826,2
41.300000000000004,4.639733011034702,2
41.31,4.670235342783052,2
41.32,4.585810947003284,2
41.33,4.464044092300972,2
41.34,4.3967097107148625,2
41.35,4.170782733081335,2
41.36,4.1505709758593845,2
41.37,3.6754758515202495,2
41.38,3.757070312913329,2
41.39,3.440000115004056,2
41.4,3.5227550985299367,2
41.410000000000004,3.661416167417797,2
41.42,4.0967705379612,2
41.43,4.176843551042722,2
41.44,4.083693831698586,2
41.45,3.8971486313557033,2
41.46,4.1103881324266265,2
41.47,4.071265395340219,2
41.480000000000004,3.8509611866538918,2
41.49,3.909323608184992,2
41.5,3.3922664712922437,2
41.51,3.4757054230415356,2
41.52,3.3070166921102775,2
41.53,3.283851428683677,2
41.54,3.9204781008900076,2
41.550000000000004,3.790934142065135,2
41.56,4.0356237648182285,2
41.57,4.329333525637198,2
41.58,4.538294924691574,2
41.59,4.589626731060641,2
41.6,4.216841890811386,2
41.61,4.010838992414402,2
41.62,3.6794604532698463,2
41.63,3.6117952905131876,2
41.64,3.554193483009447,2
41.65,3.3398802690055907,2
41.660000000000004,3.560972996689418,2
41.67,3.465073976863929,2
41.68,3.415786076342737,2
41.69,3.029705901197266,2
41.7,3.1463636139682416,2
41.71,3.2050313766360436,2
41.72,3.1146795318517033,2
41.730000000000004,3.311194041621741,2
41.74,3.413753000222633,2
41.75,3.6388542290033943,2
41.76,3.854218551535767,2
41.77,4.071392816665597,2
41.78,4.537042446994111,2
41.79,4.519773713397944,2
41.800000000000004,4.199748639080166,2
41.81,4.057956573682386,2
41.82,3.9379096890988046,2
41.83,3.6835092581798365,2
41.84,3.0030558080887078,2
41.85,3.1682625134198887,2
41.86,3.260974981152279,2
41.87,3.8771415296275133,2
41.88,4.413701403737047,2
41.89,4.564944890421195,2
41.9,4.6678738641148625,2
41.910000000000004,4.366027302872515,2
41.92,4.3828696092297,2
41.93,4.311565146964011,2
41.94,4.321710740519727,2
41.95,4.071679286288942,2
41.96,4.183258601875006,2
41.97,3.776959190842122,2
41.980000000000004,4.659304858256802,2
41.99,5.003369637758534,2
42.0,5.279073390084568,2
42.01,4.789815958337485,2
42.02,4.251641328891952,2
42.03,4.304327659852606,2
42.04,4.1876354130401525,2
42.050000000000004,4.69238516786998,2
42.06,4.80101159269445,2
42.07,4.709225372187943,2
42.08,5.0575958397099665,2
42.09,5.003437918585679,2
42.1,4.967975313057178,2
42.11,5.166440526770488,2
42.12,4.8578421049585305,2
42.13,5.06068291992509,2
42.14,5.114986437130934,2
42.15,4.742618491229719,2
42.160000000000004,5.223129037429045,2
42.17,4.97120203368589,2
42.18,4.410986693993767,2
42.19,4.149575461566011,2
42.2,3.841166283712691,2
42.21,3.912495188644037,2
42.22,4.380951084919745,2
42.230000000000004,4.413319517958683,2
42.24,4.821307557626251,2
42.25,5.041378010556048,2
42.26,4.181747884930424,2
42.27,4.418418257567114,2
42.28,4.211967267802955,2
42.29,4.336034233254302,2
42.300000000000004,4.286032861636983,2
42.31,5.046821534215576,2
42.32,5.065689969772375,2
42.33,5.1245289944707455,2
42.34,5.317576121524996,2
42.35,4.763910347104576,2
42.36,4.994493664892848,2
42.37,4.833957392074779,2
42.38,4.554654090602141,2
42.39,4.731526767577893,2
42.4,4.236689806469642,2
42.410000000000004,4.479048914530728,2
42.42,4.386523974124964,2
42.43,4.319498882056992,2
42.44,3.6517021831657153,2
42.45,3.9416466789338145,2
42.46,4.017641635230764,2
42.47,3.8835127376108014,2
42.480000000000004,3.632391864949785,2
42.49,3.890596835614605,2
42.5,4.0001872321173515,2
42.51,4.001637121350496,2
42.52,3.721473148813842,2
42.53,3.8351138832746297,2
42.54,3.92051933097965,2
42.550000000000004,4.301296475613373,2
42.56,3.9318956433889887,2
42.57,3.7358904852477623,2
42.58,4.312982307036413,2
42.59,4.335953648656725,2
42.6,4.3739636963649575,2
42.61,4.610250911317191,2
42.62,5.062723724821106,2
42.63,4.62726520837575,2
42.64,5.18271432483577,2
42.65,5.052076552417875,2
42.660000000000004,5.021624960993011,2
42.67,4.936480531866407,2
42.68,5.267205773600925,2
42.69,5.41204362911172,2
42.7,5.22976829386666,2
42.71,4.787503452131737,2
42.72,4.639933559680187,2
42.730000000000004,4.197014742225292,2
42.74,4.429791339611708,2
42.75,4.1945901152442815,2
42.76,4.14610390062673,2
42.77,4.463884378767029,2
42.78,4.646160549775719,2
42.79,4.690114460529888,2
42.800000000000004,4.395676104583623,2
42.81,4.493578935399557,2
42.82,4.218885471088752,2
42.83,4.337061466777574,2
42.84,3.933030583575191,2
42.85,4.281753107653946,2
42.86,4.310115967079982,2
42.87,4.275485841910371,2
42.88,4.358771287187855,2
42.89,4.2901794178677655,2
42.9,4.280429706761535,2
42.910000000000004,4.61824832955597,2
42.92,4.855938974345438,2
42.93,4.972354324533889,2
42.94,4.946513836092803,2
42.95,4.762200832895419,2
42.96,4.989962326818798,2
42.97,4.6329852570527095,2
42.980000000000004,5.0751402598863145,2
42.99,5.169240468163715,2
43.0,5.387163525091248,2
43.01,5.3809947980283175,2
43.02,5.208233854178841,2
43.03,5.356105739047268,2
43.04,4.821752099744931,2
43.050000000000004,4.572802372121978,2
43.06,4.461384893100701,2
43.07,4.02398980324363,2
43.08,4.202081102662042,2
43.09,4.540533911389104,2
43.1,4.002317911676972,2
43.11,3.884364218293775,2
43.12,3.847880327507671,2
43.13,3.954588833764572,2
43.14,4.2013635938941,2
43.15,4.102219013058485,2
43.160000000000004,4.3585691380980816,2
43.17,4.347753379243063,2
43.18,4.142174634221956,2
43.19,4.193293489415218,2
43.2,3.816045200851196,2
43.21,3.7623138188325163,2
43.22,3.7363599959591873,2
43.230000000000004,3.59136204247921,2
43.24,4.34978362101414,2
43.25,4.683571431503513,2
43.26,4.671825486008995,2
43.27,4.725810825285102,2
43.28,4.799692117909095,2
43.29,4.896680165783284,2
43.300000000000004,5.249594301135106,2
43.31,5.387407946724227,2
43.32,4.686062373849284,2
43.33,4.853632886719503,2
43.34,4.531207285579797,2
43.35,4.321061586355767,2
43.36,4.5669915576378655,2
43.37,3.9824031373713695,2
43.38,4.4693834367995295,2
43.39,4.654017777271242,2
43.4,4.683166503102529,2
43.410000000000004,4.851104580063209,2
43.42,5.091394021249298,2
43.43,5.0454054366998395,2
43.44,5.1601731853193185,2
43.45,4.7665296333426985,2
43.46,4.919920160464512,2
43.47,5.000106108586365,2
43.480000000000004,5.307869009035386,2
43.49,5.226421667300532,2
43.5,5.190598515188573,2
43.51,4.809935989123277,2
43.52,4.728787203676882,2
43.53,4.829128485943517,2
43.54,4.946270279276096,2
43.550000000000004,5.337026320316076,2
43.56,5.3340756320210785,2
43.57,5.174386193948072,2
43.58,5.214666921413406,2
43.59,4.935266745496161,2
43.6,5.2171670810538595,2
43.61,4.89895446146051,2
43.62,4.694265094468057,2
43.63,4.320119386451793,2
43.64,4.311582988134179,2
43.65,4.463223936225948,2
43.660000000000004,4.885321252437047,2
43.67,4.780529549844053,2
43.68,4.638893488462248,2
43.69,3.81892584934983,2
43.7,3.90025342365048,2
43.71,3.9180478480392322,2
43.72,3.930719145386716,2
43.730000000000004,4.364284967680482,2
43.74,4.482590634338207,2
43.75,4.316439218659079,2
43.76,4.028168835573381,2
43.77,3.6974495725515184,2
43.78,3.6014616542997926,2
43.79,3.747283453167885,2
43.800000000000004,3.174818317725335,2
43.81,3.2190738037369755,2
43.82,3.524347338501512,2
43.83,3.2785790334600247,2
43.84,3.3002417150438563,2
43.85,3.089274604432411,2
43.86,2.4130444425896096,2
43.87,2.344975124698484,2
43.88,2.2091470175859813,2
43.89,2.6078411482446118,2
43.9,2.883206637549998,2
43.910000000000004,2.69971369159711,2
43.92,3.1959865671311647,2
43.93,3.4818590360506922,2
43.94,3.461015525832641,2
43.95,3.6084281165919627,2
43.96,3.3797345650012467,2
43.97,2.744220018602472,2
43.980000000000004,2.8955457961714264,2
43.99,2.619501053614568,2
44.0,2.6932822458223495,2
44.01,2.9404043882200517,2
44.02,2.4956709851209324,2
44.03,2.704654480264934,2
44.04,3.068344609231066,2
44.050000000000004,2.572481540289455,2
44.06,2.915103960018841,2
44.07,3.561628841308076,2
44.08,3.5331953642593033,2
44.09,3.78965746462588,2
44.1,3.5260374331654423,2
44.11,3.834161701821397,2
44.12,3.9952822553252147,2
44.13,4.0574498895885815,2
44.14,4.097281181291703,2
44.15,4.199311602403637,2
44.160000000000004,4.1612474148973995,2
44.17,3.8694639045880828,2
44.18,3.840627036605345,2
44.19,3.8430540059216347,2
44.2,3.52614754884542,2
44.21,3.542229709276533,2
44.22,3.570510789200932,2
44.230000000000004,3.4659530222934367,2
44.24,3.6191716936089806,2
44.25,3.8242844025981295,2
44.26,3.6538154255462447,2
44.27,3.7306866832807244,2
44.28,4.01521800409875,2
44.29,3.7274299212389748,2
44.300000000000004,3.283449510474804,2
44.31,3.088450225900292,2
44.32,3.3288887631897763,2
44.33,3.2666000538889284,2
44.34,2.989025980159679,2
44.35,3.4497799430112024,2
44.36,3.170377093603797,2
44.37,3.205010009802527,2
44.38,3.4932012653852245,2
44.39,3.733749541666816,2
44.4,3.8786117926130643,2
44.410000000000004,3.701500842177044,2
44.42,3.8894195589322154,2
44.43,3.9046616493045945,2
44.44,4.029385217877548,2
44.45,4.414788283644042,2
44.46,4.03508684523415,2
44.47,4.1407255599573505,2
44.480000000000004,4.1669257334210466,2
44.49,4.417795306939764,2
44.5,4.879863285852817,2
44.51,5.286896936875281,2
44.52,5.394787996504363,2
44.53,5.085684372850325,2
44.54,4.857465066749555,2
44.550000000000004,4.976108656138975,2
44.56,4.5139809653707985,2
44.57,4.396427875394024,2
44.58,4.147633346511656,2
44.59,3.7994640756323883,2
44.6,3.889726930089097,2
44.61,4.124465822400456,2
44.62,4.2821011557759645,2
44.63,4.287373488609414,2
44.64,4.15882966445071,2
44.65,3.994306878361451,2
44.660000000000004,4.241782245204593,2
44.67,4.072681318804661,2
44.68,3.912387934449861,2
44.69,4.0376419634399845,2
44.7,3.7559090470411647,2
44.71,3.804448677840531,2
44.72,3.674068102867741,2
44.730000000000004,3.516420775136222,2
44.74,3.493958927267184,2
44.75,3.75832011093739,2
44.76,3.8325681563664813,2
44.77,3.9323619138603254,2
44.78,4.154156266385101,2
44.79,4.315450330417431,2
44.800000000000004,4.233306270459305,2
44.81,4.367653963487124,2
44.82,4.283164823995723,2
44.83,4.379011012150139,2
44.84,4.636230052572838,2
44.85,4.720118642692133,2
44.86,4.294963839546773,2
44.87,4.124714500819563,2
44.88,4.2957170373027305,2
44.89,3.655549527099491,2
44.9,3.7816754250107056,2
44.910000000000004,3.8792570828736204,2
44.92,4.664066516943435,2
44.93,4.720136960541818,2
44.94,4.6173845826378646,2
44.95,4.885347942953873,2
44.96,4.699234970023668,2
44.97,4.64128742060145,2
44.980000000000004,4.602332262402841,2
44.99,4.71215857221532,2
45.0,4.379349630902641,2
45.01,4.577570672987679,2
45.02,4.370856961599757,2
45.03,4.917268263282268,2
45.04,4.396833847860636,2
45.050000000000004,4.142569021949627,2
45.06,3.5533567815837914,2
45.07,4.43804777981996,2
45.08,4.046624894339689,2
45.09,4.257306369971874,2
45.1,4.437565573115295,2
45.11,4.137112846951159,2
45.12,4.342424240378504,2
45.13,4.005306581565152,2
45.14,3.77427318694713,2
45.15,3.3543150770376005,2
45.160000000000004,3.60861693442956,2
45.17,3.0927552015481776,2
45.18,3.294957526793821,2
45.19,3.330441030726513,2
45.2,3.891245545766747,2
45.21,3.9113608058862597,2
45.22,4.160478050337387,2
45.230000000000004,4.289306318605362,2
45.24,4.231137760396132,2
45.25,4.523913060404455,2
45.26,4.579157993015949,2
45.27,4.775867788163552,2
45.28,4.435417310615154,2
45.29,4.541551707073732,2
45.300000000000004,4.714556255475068,2
45.31,4.334554896961994,2
45.32,4.280168456218736,2
45.33,3.7596306235700023,2
45.34,3.334025346938046,2
45.35,3.383657975239042,2
45.36,3.9553496918732556,2
45.37,4.49177646723843,2
45.38,4.356209074617224,2
45.39,4.051006967334107,2
45.4,4.308591717425027,2
45.410000000000004,3.710068256923259,2
45.42,3.624830319074242,2
45.43,3.450368182269852,2
45.44,3.480874985684773,2
45.45,3.9224543239230236,2
45.46,3.196870265593335,2
45.47,3.3651159148753713,2
45.480000000000004,3.52585282836942,2
45.49,3.5559878282984276,2
45.5,3.682944784708335,2
45.51,3.860355693928991,2
45.52,3.9191799989853986,2
45.53,3.3506869591289004,2
45.54,3.163682689354573,2
45.550000000000004,3.6999582943846128,2
45.56,3.399309536930805,2
45.57,3.4822188677431,2
45.58,3.3296243495790967,2
45.59,3.5651874737895564,2
45.6,3.5512547584722696,2
45.61,3.7816351289277024,2
45.62,3.9119968284790203,2
45.63,3.8103623032192355,2
45.64,3.1977602450648095,2
45.65,3.0325087411023626,2
45.660000000000004,2.787481401820986,2
45.67,2.564820700271672,2
45.68,2.8510017518085466,2
45.69,3.5395318180056248,2
45.7,2.8871238544824136,2
45.71,2.5716459655760255,2
45.72,2.7802395546003162,2
45.730000000000004,2.8304162622456004,2
45.74,3.075812498750328,2
45.75,3.1549757575554795,2
45.76,3.612776027054648,2
45.77,3.813090788410673,2
45.78,4.080248721767341,2
45.79,4.360636677390697,2
45.800000000000004,3.986671169757378,2
45.81,4.154368419111591,2
45.82,4.321071692233735,2
45.83,4.192154264609634,2
45.84,4.074321580944487,2
45.85,3.9762054374607585,2
45.86,3.7294144915097847,2
45.87,3.365359953695524,2
45.88,4.036738911716325,2
45.89,4.339099050252215,2
45.9,4.312544786792729,2
45.910000000000004,3.8655280975987303,2
45.92,4.033613730824428,2
45.93,3.9270783887086704,2
45.94,3.889995905963261,2
45.95,4.53787748566336,2
45.96,5.021828989766831,2
45.97,4.249559514097272,2
45.980000000000004,4.328107461122466,2
45.99,4.3422086278266,2
46.0,4.408613069311811,2
46.01,4.209705614888349,2
46.02,4.189555194347988,2
46.03,3.860669149391072,2
46.04,4.168556214525115,2
46.050000000000004,4.436996176838292,2
46.06,4.8582333714678985,2
46.07,4.553190808991687,2
46.08,4.574281117749936,2
46.09,5.09581650443998,2
46.1,4.7948967139447065,2
46.11,4.429415022676435,2
46.12,4.4715571610133,2
46.13,4.754512259247748,2
46.14,4.490050013455399,2
46.15,4.988676997824464,2
46.160000000000004,4.630350464677612,2
46.17,4.753794789816039,2
46.18,4.4866979601682795,2
46.19,4.306018874082993,2
46.2,4.508491176404615,2
46.21,4.398364557056406,2
46.22,3.9281131652473356,2
46.230000000000004,3.709020000313354,2
46.24,3.94259434777795,2
46.25,4.0609522263481015,2
46.26,4.2604307380129836,2
46.27,4.063632719896384,2
46.28,3.756953186647063,2
46.29,3.5492672471415156,2
46.300000000000004,3.381744976801085,2
46.31,3.430300983068702,2
46.32,3.15181776959471,2
46.33,3.5384988184221804,2
46.34,3.730774062804059,2
46.35,3.512721625239509,2
46.36,3.5051839905343587,2
46.37,3.303433978966745,2
46.38,3.330786309367923,2
46.39,3.1611782985954706,2
46.4,3.852045065752513,2
46.410000000000004,3.4161283531425184,2
46.42,3.114814074948131,2
46.43,3.135959144701995,2
46.44,3.2489206603470775,2
46.45,3.352399827298067,2
46.46,3.6771913386492305,2
46.47,3.834847591511724,2
46.480000000000004,3.5902179545743262,2
46.49,3.9321258514184025,2
46.5,4.116917680358312,2
46.51,4.498158799311744,2
46.52,4.462895327017341,2
46.53,4.725463624971952,2
46.54,3.8815078444931217,2
46.550000000000004,3.755755787226776,2
46.56,3.5216038833157683,2
46.57,3.7683056542770763,2
46.58,3.581932171473702,2
46.59,3.900161566110981,2
46.6,4.133235352169373,2
46.61,3.947818957348453,2
46.62,4.020683646295541,2
46.63,3.957853317071344,2
46.64,3.995036042548381,2
46.65,4.207927676743724,2
46.660000000000004,4.0947851623285425,2
46.67,3.6160906337869454,2
46.68,3.823232823226049,2
46.69,4.144770675456209,2
46.7,3.6487068473308355,2
46.71,3.673482282418365,2
46.72,3.4421487178634385,2
46.730000000000004,3.8172273486356176,2
46.74,4.170528790850264,2
46.75,3.9240699843047637,2
46.76,3.558911482126661,2
46.77,3.6723498412390323,2
46.78,3.3908642499457047,2
46.79,3.694805688927555,2
46.800000000000004,3.688159438887866,2
46.81,4.1742277254877544,2
46.82,4.624281705718364,2
46.83,5.001592749603901,2
46.84,5.015597135965342,2
46.85,4.646077396835531,2
46.86,4.161258654868416,2
46.87,4.31360363614432,2
46.88,4.471893840863684,2
46.89,4.498943555233105,2
46.9,4.072543661599003,2
46.910000000000004,3.839294229005044,2
46.92,3.8789721649117967,2
46.93,3.7173572270320747,2
46.94,3.5257923492372165,2
46.95,3.2993654510901904,2
46.96,3.3310902226651047,2
46.97,3.3392037775421386,2
46.980000000000004,3.1710712778035055,2
46.99,3.2568690192734766,2
47.0,3.4018546231329854,2
47.01,3.561670378634041,2
47.02,3.3342383404989553,2
47.03,3.313795927870026,2
47.04,3.386961627464268,2
47.050000000000004,3.4837317366888962,2
47.06,3.1571164098094178,2
47.07,3.144729942719104,2
47.08,3.398191369826808,2
47.09,3.290112243764385,2
47.1,3.461868558293668,2
47.11,3.5198208942152194,2
47.12,3.437534949183193,2
47.13,3.8512590109657103,2
47.14,3.7803763849737524,2
47.15,3.7427269091205537,2
47.160000000000004,3.6311041935485178,2
47.17,4.087454924847471,2
47.18,4.472744231045214,2
47.19,4.750383048699465,2
47.2,4.921691379625505,2
47.21,4.579004298685458,2
47.22,4.393661680612535,2
47.230000000000004,4.135941704674011,2
47.24,4.414268883826555,2
47.25,5.034580018256748,2
47.26,5.123575996168347,2
47.27,5.486079518232396,2
47.28,5.467056001285145,2
47.29,5.410101367693293,2
47.300000000000004,5.104730790724485,2
47.31,5.167945718455558,2
47.32,5.309823477584798,2
47.33,5.477388941827379,2
47.34,5.35895381771088,2
47.35,5.279130571443438,2
47.36,5.13393433743511,2
47.37,4.860570844865094,2
47.38,5.024193384571495,2
47.39,4.384794128914912,2
47.4,3.8724817543887284,2
47.410000000000004,3.730261749270475,2
47.42,3.3963900496621644,2
47.43,3.764444955107051,2
47.44,3.6625642399821294,2
47.45,3.944802650763507,2
47.46,4.319997134351005,2
47.47,4.305384883562781,2
47.480000000000004,4.367518192033371,2
47.49,4.678332557814029,2
47.5,4.893613566184441,2
47.51,4.217499922240171,2
47.52,4.078950086836299,2
47.53,4.216290697294389,2
47.54,4.25577031717119,2
47.550000000000004,3.948969157396952,2
47.56,3.4702760337036644,2
47.57,3.696424172713817,2
47.58,3.4878232338028563,2
47.59,3.5009795930496574,2
47.6,3.5918884514609624,2
47.61,3.5865836224241674,2
47.62,3.363933292656267,2
47.63,3.4041039202231693,2
47.64,3.309433068892424,2
47.65,3.8476215462751644,2
47.660000000000004,3.923311747623674,2
47.67,4.658125546762815,2
47.68,4.218769934778986,2
47.69,4.111644264067331,2
47.7,4.014256008408223,2
47.71,3.7927247372688297,2
47.72,3.7139352408405677,2
47.730000000000004,3.6065529552486915,2
47.74,3.36860280342845,2
47.75,3.9402134278720995,2
47.76,3.9225512962905316,2
47.77,4.192934408054553,2
47.78,4.45420286683889,2
47.79,4.8134071548165265,2
47.800000000000004,4.453749557331568,2
47.81,4.76717531513954,2
47.82,4.66948311671548,2
47.83,5.179302647516984,2
47.84,5.210073099767234,2
47.85,4.762448815457233,2
47.86,5.042589039610802,2
47.870000000000005,5.266780923353909,2
47.88,4.774110274356285,2
47.89,4.907750048818097,2
47.9,5.27129768870455,2
47.910000000000004,5.2798438130016665,2
47.92,4.875952731045941,2
47.93,5.074603204244249,2
47.94,5.15569583067571,2
47.95,4.974749057823225,2
47.96,4.7468744966459075,2
47.97,4.859413393213932,2
47.980000000000004,4.5154451998655665,2
47.99,4.52108611859256,2
48.0,4.808591260870893,2
48.01,5.158350629702598,2
48.02,4.89367672120821,2
48.03,4.354742027970755,2
48.04,4.1188866384378935,2
48.050000000000004,4.338305083765145,2
48.06,4.094587810537304,2
48.07,4.3918947033407845,2
48.08,4.14221535569334,2
48.09,3.9700807573550385,2
48.1,3.9240927436558017,2
48.11,4.19931059837198,2
48.120000000000005,3.7306964616379332,2
48.13,3.8369538289719713,2
48.14,3.927512018641362,2
48.15,3.6538642425252243,2
48.160000000000004,3.7893603231807664,2
48.17,3.759448494345672,2
48.18,3.4630006307832577,2
48.19,3.4957522274614994,2
48.2,3.250874909039451,2
48.21,3.144315757945161,2
48.22,3.4792017867918945,2
48.230000000000004,3.442861912368993,2
48.24,3.742088257776805,2
48.25,3.7234160237783627,2
48.26,3.4783327783048157,2
48.27,3.6664703000734,2
48.28,3.858532877101406,2
48.29,3.5240625325336636,2
48.300000000000004,3.893440805111823,2
48.31,4.334999442963029,2
48.32,4.479054522401082,2
48.33,4.4530715079402095,2
48.34,4.9777348883951404,2
48.35,5.032691044071379,2
48.36,4.985300965295979,2
48.370000000000005,5.36840036078898,2
48.38,5.685641944941536,2
48.39,5.109318650879845,2
48.4,4.855540974522378,2
48.410000000000004,4.9359227899686395,2
48.42,5.190073566945963,2
48.43,4.740839094590353,2
48.44,4.923978648090953,2
48.45,4.716954234914235,2
48.46,4.848537262472161,2
48.47,4.603044808637781,2
48.480000000000004,3.8817635830253994,2
48.49,3.3917670367188584,2
48.5,3.133539698461112,2
48.51,3.052581396190814,2
48.52,3.145287930255603,2
48.53,3.0841111278938778,2
48.54,3.1622779520948012,2
48.550000000000004,3.105410408370684,2
48.56,3.1935403919980807,2
48.57,3.537871413593907,2
48.58,3.579841987540279,2
48.59,3.7750962845377067,2
48.6,3.99998599555221,2
48.61,3.955267567286928,2
48.620000000000005,3.4523419432330913,2
48.63,3.578703632412995,2
48.64,3.429842687884837,2
48.65,3.731203510729409,2
48.660000000000004,4.145013171725375,2
48.67,4.057543130938494,2
48.68,4.098234430983609,2
48.69,4.277635376449586,2
48.7,4.0195571354411035,2
48.71,4.020215773317744,2
48.72,3.579741202880322,2
48.730000000000004,3.9176517223281833,2
48.74,4.403605724550226,2
48.75,4.391561619344492,2
48.76,4.139398370749354,2
48.77,4.199550990419605,2
48.78,3.8183807622971084,2
48.79,3.7130290179370418,2
48.800000000000004,3.6232406813964357,2
48.81,3.51309695995068,2
48.82,3.6238940684874628,2
48.83,3.7844514303384584,2
48.84,3.8100459334887393,2
48.85,4.084294376571464,2
48.86,4.1864610539266565,2
48.870000000000005,4.027834204258421,2
48.88,3.9944433645380424,2
48.89,3.9720788437462784,2
48.9,3.8662864324238866,2
48.910000000000004,4.0240557816354094,2
48.92,3.417751035299318,2
48.93,3.4850734918094686,2
48.94,3.624201563758199,2
48.95,3.831510102494263,2
48.96,4.1623819559307895,2
48.97,4.1062859733454555,2
48.980000000000004,4.331320392835479,2
48.99,4.47117743618124,2
49.0,4.49892724538183,2
49.01,4.054816112758551,2
49.02,4.358296481232201,2
49.03,4.349760867101256,2
49.04,4.243374353718573,2
49.050000000000004,3.8912315110538636,2
49.06,3.209609441392515,2
49.07,3.8276190714449387,2
49.08,3.9317980646684108,2
49.09,3.624976227467168,2
49.1,3.30529321576389,2
49.11,3.295810184449595,2
49.120000000000005,3.5951680934535597,2
49.13,3.8144799902926443,2
49.14,4.026251229031708,2
49.15,3.772204503441071,2
49.160000000000004,3.744312766563142,2
49.17,3.8058886680086945,2
49.18,3.8092294130943234,2
49.19,3.9829641118834296,2
49.2,4.43054135983782,2
49.21,4.447091493760072,2
49.22,4.236665829204717,2
49.230000000000004,3.80137903448566,2
49.24,3.87106438569489,2
49.25,3.697050599100122,2
49.26,3.8487823531287604,2
49.27,3.9672174383379253,2
49.28,4.413484915886236,2
49.29,4.4327192476369195,2
49.300000000000004,4.5185297622920775,2
49.31,4.281021377051253,2
49.32,3.847144620514592,2
49.33,4.166857430425867,2
49.34,4.492012386814516,2
49.35,4.349096318240169,2
49.36,3.766247199116447,2
49.370000000000005,4.175194537464687,2
49.38,4.494326300866741,2
49.39,4.411814041645254,2
49.4,4.673459516934549,2
49.410000000000004,4.594488963002014,2
49.42,4.59653502645901,2
49.43,4.076177243881258,2
49.44,4.414794761145494,2
49.45,3.876630760383896,2
49.46,4.376704358905853,2
49.47,4.8555052271504415,2
49.480000000000004,4.046179099403624,2
49.49,4.4826924588509165,2
49.5,4.366775163871019,2
49.51,4.4497327378875475,2
49.52,4.005117368051531,2
49.53,3.9132081198541924,2
49.54,3.587250328728592,2
49.550000000000004,3.4048994422795693,2
49.56,3.810703057108689,2
49.57,4.112720381290126,2
49.58,4.333913306156521,2
49.59,4.147778604141901,2
49.6,3.9374085240255092,2
49.61,3.4763554746334315,2
49.620000000000005,3.72081677420034,2
49.63,4.297439381359063,2
49.64,4.680159997094654,2
49.65,4.620838467496054,2
49.660000000000004,4.698531765377153,2
49.67,4.698782284749642,2
49.68,4.886578913248706,2
49.69,5.291507487071385,2
49.7,5.000976039465858,2
49.71,4.750033929286729,2
49.72,4.593677171048482,2
49.730000000000004,4.525002164450265,2
49.74,4.678857589076034,2
49.75,4.591929802811926,2
49.76,4.290938609934182,2
49.77,4.0237877896859775,2
49.78,3.6884321007972645,2
49.79,3.6892641128419026,2
49.800000000000004,4.013242799513012,2
49.81,4.131011973450282,2
49.82,4.277533875232905,2
49.83,3.94259328916269,2
49.84,3.6160478517085144,2
49.85,3.7049814051442023,2
49.86,4.0876024230113925,2
49.870000000000005,4.318208639345125,2
49.88,4.095547399613222,2
49.89,4.735162103152147,2
49.9,4.086568002385219,2
49.910000000000004,4.086131618571346,2
49.92,4.106623720857656,2
49.93,4.036706603308592,2
49.94,4.181971337157197,2
49.95,4.106464098385208,2
49.96,3.6721358313012753,2
49.97,3.6798334014220346,2
49.980000000000004,3.7584831848816616,2
49.99,4.0409055344524205,2
50.0,4.438449012538772,2
50.01,4.152220079172055,2
50.02,4.610778488491411,2
50.03,4.4284048585728915,2
50.04,4.2409251744386856,2
50.050000000000004,4.100389718395291,2
50.06,3.5374969479032616,2
50.07,3.4640370825378373,2
50.08,3.889078651669999,2
50.09,4.035418480330579,2
50.1,4.096351480362284,2
50.11,4.18607976511464,2
50.120000000000005,4.524875625919598,2
50.13,4.223628529063208,2
50.14,4.457360183080852,2
50.15,4.430471880793456,2
50.160000000000004,4.165333732811764,2
50.17,4.280164825056755,2
50.18,4.275897923968288,2
50.19,4.0197385305087545,2
50.2,3.7147349309077455,2
50.21,3.620043994471559,2
50.22,3.513255834742425,2
50.230000000000004,3.9078634577681486,2
50.24,3.856374061702091,2
50.25,3.765029407146188,2
50.26,4.108349055094737,2
50.27,4.4799116277630455,2
50.28,4.196340957767468,2
50.29,3.824310698805604,2
50.300000000000004,3.987857816621607,2
50.31,3.9303139692200353,2
50.32,3.7828068233967387,2
50.33,4.098707843603075,2
50.34,4.0150062439769965,2
50.35,4.556985399128411,2
50.36,4.514797638407323,2
50.370000000000005,4.509819780302246,2
50.38,5.093426637255803,2
50.39,5.071815819012983,2
50.4,4.764534215538142,2
50.410000000000004,4.398953123638437,2
50.42,4.228181174868274,2
50.43,4.272233466033965,2
50.44,4.503123903202958,2
50.45,4.0266538705342985,2
50.46,4.024883732371623,2
50.47,4.384700959023875,2
50.480000000000004,4.4205145095023894,2
50.49,4.7626195881674445,2
50.5,4.259109554439949,2
50.51,4.169003417999063,2
50.52,4.186234830381633,2
50.53,4.324340018785229,2
50.54,4.0506836995792925,2
50.550000000000004,4.163469119181243,2
50.56,4.287068277933811,2
50.57,4.237535322211121,2
50.58,4.346929144158416,2
50.59,4.401856765116342,2
50.6,4.175134577204908,2
50.61,4.1128206552842,2
50.620000000000005,3.7476668597248164,2
50.63,3.3490696192057965,2
50.64,3.4862221593791443,2
50.65,3.000973898718799,2
50.660000000000004,3.0323570818727066,2
50.67,3.246250034602307,2
50.68,3.326282939372153,2
50.69,4.012849776574335,2
50.7,4.132477986861897,2
50.71,4.043128121408243,2
50.72,4.211091813188753,2
50.730000000000004,3.8182095809585164,2
50.74,4.119774410622819,2
50.75,3.9647222113673815,2
50.76,4.281767157887347,2
50.77,4.367019852813166,2
50.78,4.507577742789173,2
50.79,4.299895875204003,2
50.800000000000004,3.945568712747627,2
50.81,3.6216431608840414,2
50.82,3.17336562472255,2
50.83,3.147387058733524,2
50.84,3.066217272359395,2
50.85,3.4462707425316683,2
50.86,3.208796997209689,2
50.870000000000005,3.909525369496442,2
50.88,3.634799911257029,2
50.89,3.414204397555179,2
50.9,3.0534574097262506,2
50.910000000000004,3.150858427785787,2
50.92,3.144566299410173,2
50.93,3.1995449618456786,2
50.94,3.394869516406579,2
50.95,3.7337962369766107,2
50.96,3.4289712804086268,2
50.97,3.4916284669405133,2
50.980000000000004,3.7848060932790504,2
50.99,3.4963279585015137,2
51.0,4.329910318423843,2
51.01,4.960261559302017,2
51.02,4.8429466029389,2
51.03,4.445104191914403,2
51.04,4.123516528556617,2
51.050000000000004,4.177388944270247,2
51.06,4.340901477547354,2
51.07,3.784862746942171,2
51.08,3.538350079886146,2
51.09,3.624691666846469,2
51.1,3.264313079596737,2
51.11,3.253713229369887,2
51.120000000000005,3.450512331674578,2
51.13,3.459556576255123,2
51.14,3.305565122567051,2
51.15,3.3996616360682284,2
51.160000000000004,3.6033109485206345,2
51.17,3.382078864533805,2
51.18,3.541435628788296,2
51.19,3.6792412088125057,2
51.2,3.858415534847915,2
51.21,3.947054129932203,2
51.22,3.9892012757704127,2
51.230000000000004,3.9460916384156426,2
51.24,3.866737390208077,2
51.25,4.084908130429259,2
51.26,4.049371892681748,2
51.27,4.196040111576349,2
51.28,4.323603897215282,2
51.29,4.024980285830257,2
51.300000000000004,3.9321998363739414,2
51.31,3.924009777327612,2
51.32,3.9571401455771067,2
51.33,4.083048873869979,2
51.34,4.125375083693801,2
51.35,4.1247256479268115,2
51.36,3.988938544658404,2
51.370000000000005,4.289502634453667,2
51.38,4.359011421529795,2
51.39,4.291348576506807,2
51.4,4.151821837732083,2
51.410000000000004,4.215926406765634,2
51.42,4.202720152764267,2
51.43,3.7506926411307453,2
51.44,3.4949706654083683,2
51.45,3.915097160420369,2
51.46,4.028546378337853,2
51.47,3.844441462614036,2
51.480000000000004,3.754348496119309,2
51.49,3.5346937252417465,2
51.5,3.4325768440706144,2
51.51,3.779589338324348,2
51.52,3.7503324754351457,2
51.53,4.01136759214855,2
51.54,4.471395430345968,2
51.550000000000004,4.312299381556473,2
51.56,3.9141291405981793,2
51.57,4.045376772850334,2
51.58,3.8084227693848267,2
51.59,3.827752455673883,2
51.6,3.892724206525346,2
51.61,4.429648023817077,2
51.620000000000005,4.4781709234111435,2
51.63,4.300844057551668,2
51.64,4.448078663018473,2
51.65,4.634227706798034,2
51.660000000000004,4.9121719751213035,2
51.67,4.559473798525603,2
51.68,4.869279922366506,2
51.69,5.43008842972136,2
51.7,5.64651150774375,2
51.71,5.89283333912221,2
51.72,5.580377306228149,2
51.730000000000004,5.901001701045338,2
51.74,5.576014280209708,2
51.75,5.407428631408058,2
51.76,5.135072329375481,2
51.77,4.8569004539436715,2
51.78,4.769725729738769,2
51.79,4.365861493270555,2
51.800000000000004,4.134586105167763,2
51.81,3.845555482340919,2
51.82,4.295680371805242,2
51.83,4.725115505762112,2
51.84,5.373777755874582,2
51.85,5.217440955300597,2
51.86,5.104036027266402,2
51.870000000000005,5.212209048848651,2
51.88,4.729351274205531,2
51.89,4.379199960079356,2
51.9,3.888757163863571,2
51.910000000000004,4.136967745047769,2
51.92,3.8792912384107447,2
51.93,4.175156983401168,2
51.94,4.026800657669585,2
51.95,4.025179889376659,2
51.96,3.974171718598822,2
51.97,4.030680611764062,2
51.980000000000004,3.88905989267043,2
51.99,4.1947244184730605,2
52.0,4.127758049688354,2
52.01,4.218110423588931,2
52.02,4.22733943887842,2
52.03,3.9174258132454867,2
52.04,4.307961205085328,2
52.050000000000004,4.09253745275003,2
52.06,4.312424995462859,2
52.07,4.4877214889245405,2
52.08,4.01426016871134,2
52.09,3.9619132764681573,2
52.1,4.130001715051388,2
52.11,4.034970558608134,2
52.120000000000005,3.995216228195571,2
52.13,4.057190184516125,2
52.14,3.9449527369686055,2
52.15,4.0516619018932225,2
52.160000000000004,4.058560514550073,2
52.17,3.996891078336709,2
52.18,3.7222241625517496,2
52.19,3.8649128080164585,2
52.2,3.19587199449333,2
52.21,3.35060004673019,2
52.22,3.419748992340063,2
52.230000000000004,3.2474146022978196,2
52.24,2.928993704415798,2
52.25,3.1545993222798003,2
52.26,3.1691275301224078,2
52.27,3.291492913178365,2
52.28,2.841743394392961,2
52.29,3.0925984665367765,2
52.300000000000004,3.449571394989098,2
52.31,3.461359903488081,2
52.32,3.261104267727478,2
52.33,3.4579960647634542,2
52.34,3.4316737793442007,2
52.35,3.7331179398946426,2
52.36,3.765681818885127,2
52.370000000000005,3.1821448832654253,2
52.38,2.5983653673518936,2
52.39,2.537243440001201,2
52.4,2.8118383845931483,2
52.410000000000004,2.791164057076836,2
52.42,3.0514828701204215,2
52.43,2.9587497633381017,2
52.44,3.64727432903939,2
52.45,3.629285427547751,2
52.46,3.74263159744256,2
52.47,3.496783510165411,2
52.480000000000004,3.428617032237286,2
52.49,3.6256844475559875,2
52.5,3.6500270617218633,2
52.51,2.896912920084986,2
52.52,3.1486317076674077,2
52.53,3.4063577643252967,2
52.54,3.6727879643341232,2
52.550000000000004,4.016998821501023,2
52.56,4.066511566994101,2
52.57,4.738597427789774,2
52.58,4.730922260449941,2
52.59,4.005464847928697,2
52.6,4.068291900425539,2
52.61,4.3790280419352,2
52.620000000000005,3.9507661685408713,2
52.63,3.8790487122612674,2
52.64,4.234777388969677,2
52.65,4.051320710661709,2
52.660000000000004,3.9788765662284233,2
52.67,4.202212896492317,2
52.68,3.818750044884801,2
52.69,3.833543768451231,2
52.7,3.5748676784613114,2
52.71,3.5414039527722663,2
52.72,3.654353305839289,2
52.730000000000004,3.9893348683302268,2
52.74,4.078931537283487,2
52.75,3.910915049780993,2
52.76,4.259029500961372,2
52.77,4.407476454097649,2
52.78,3.816604006623956,2
52.79,4.072363316054331,2
52.800000000000004,4.083519454993751,2
52.81,4.065853034478061,2
52.82,4.396550300592229,2
52.83,4.299008366711609,2
52.84,4.522445368995946,2
52.85,4.832121613909797,2
52.86,4.766537237150422,2
52.870000000000005,4.816634487497516,2
52.88,4.931602643314792,2
52.89,4.969476325140256,2
52.9,5.124504497688481,2
52.910000000000004,4.716146160503072,2
52.92,4.462801463351378,2
52.93,4.059646758835809,2
52.94,4.531381485567826,2
52.95,4.003456692897609,2
52.96,4.377307019472209,2
52.97,4.473381558693491,2
52.980000000000004,4.177788669577467,2
52.99,3.799796640657904,2
53.0,3.809047757830424,2
53.01,3.764554387759271,2
53.02,3.9001543991293297,2
53.03,3.2869694443758948,2
53.04,3.304847435920927,2
53.050000000000004,3.126007618028839,2
53.06,3.575080546513141,2
53.07,3.7335402994937086,2
53.08,3.6163948260482264,2
53.09,4.057448206845597,2
53.1,3.9282592970199457,2
53.11,3.905950716472551,2
53.120000000000005,3.992018201532776,2
53.13,4.250432357443535,2
53.14,4.228757070787576,2
53.15,4.608318892813858,2
53.160000000000004,4.433645312550647,2
53.17,4.112358741347297,2
53.18,4.552340157388526,2
53.19,4.408304779025343,2
53.2,4.535561092022917,2
53.21,4.699685072679941,2
53.22,5.219808261236272,2
53.230000000000004,5.013648875735447,2
53.24,5.061787996730538,2
53.25,4.733766606718363,2
53.26,4.52404415213134,2
53.27,4.256936426766825,2
53.28,4.47120773613753,2
53.29,4.684695338326154,2
53.300000000000004,4.720734512949643,2
53.31,4.428870591520763,2
53.32,4.201554974726277,2
53.33,3.982544449492035,2
53.34,4.085414997443465,2
53.35,3.6289259603516535,2
53.36,3.5536425709326793,2
53.370000000000005,3.2188736235261426,2
53.38,3.4404553675979894,2
53.39,3.2156004410938364,2
53.4,3.8488324027518925,2
53.410000000000004,4.1601299994510725,2
53.42,4.118879566761126,2
53.43,4.2241357448569214,2
53.44,4.334430620291336,2
53.45,4.02892423208773,2
53.46,4.3768399534302,2
53.47,4.31204150906689,2
53.480000000000004,4.063264911133981,2
53.49,4.210385367018767,2
53.5,3.8712184180959146,2
53.51,4.069912953952947,2
53.52,4.160108625380979,2
53.53,3.959930195330289,2
53.54,4.2349379796654585,2
53.550000000000004,4.411277286536497,2
53.56,4.278957350951757,2
53.57,4.403792340770371,2
53.58,3.985968808948113,2
53.59,4.126628513821493,2
53.6,3.7005903569545304,2
53.61,3.76690884985122,2
53.620000000000005,3.9855040204773022,2
53.63,4.082837554687166,2
53.64,4.514669665062872,2
53.65,4.238410094033941,2
53.660000000000004,4.330374256124002,2
53.67,3.693168947186928,2
53.68,3.5787366473032263,2
53.69,3.5351129328186333,2
53.7,4.025679741918358,2
53.71,4.016422091710532,2
53.72,4.2734883445518586,2
53.730000000000004,3.989896025674335,2
53.74,3.896582091620976,2
53.75,3.669855395708943,2
53.76,3.421291861014965,2
53.77,3.217015926423044,2
53.78,3.1213689600616745,2
53.79,3.7879976901397825,2
53.800000000000004,3.7926260276543746,2
53.81,3.4300821038746347,2
53.82,3.338528678519639,2
53.83,3.692691146542258,2
53.84,3.52460550977524,2
53.85,3.9936300777774294,2
53.86,4.285991793750474,2
53.870000000000005,4.202333033759247,2
53.88,3.996239806311342,2
53.89,3.727229823563968,2
53.9,3.8090188800312164,2
53.910000000000004,3.945692627331891,2
53.92,4.330787402598464,2
53.93,4.398800214162393,2
53.94,4.259081253006604,2
53.95,4.622569296196686,2
53.96,4.792433896553612,2
53.97,4.518356895157694,2
53.980000000000004,4.442978323368662,2
53.99,4.585807329571812,2
54.0,4.613611074934144,2
54.01,4.266695600361501,2
54.02,4.28985349636985,2
54.03,4.069440143815042,2
54.04,4.080487057124158,2
54.050000000000004,3.7042063536312018,2
54.06,3.481366585506177,2
54.07,4.127834214107691,2
54.08,3.9942855512375757,2
54.09,4.3103309046601,2
54.1,4.243636297449013,2
54.11,3.8784514179505005,2
54.120000000000005,3.5846191506874128,2
54.13,3.401488652497084,2
54.14,4.0692872171050585,2
54.15,3.996877362479515,2
54.160000000000004,4.048490682868478,2
54.17,4.236811041292575,2
54.18,4.356095061045178,2
54.19,4.565561700467577,2
54.2,4.360139836887532,2
54.21,3.988711075718516,2
54.22,3.7222219744044867,2
54.230000000000004,3.315979171902809,2
54.24,3.237001435648349,2
54.25,2.257579529717888,2
54.26,2.6371209676930905,2
54.27,2.935498996708266,2
54.28,2.7655710888244402,2
54.29,2.4989098932800267,2
54.300000000000004,3.0819221124092935,2
54.31,3.4475627447902966,2
54.32,3.4298835522543616,2
54.33,3.29561554091006,2
54.34,3.3768315749834574,2
54.35,3.0309019747281787,2
54.36,3.210817586259951,2
54.370000000000005,2.949142198511625,2
54.38,2.3768253050234325,2
54.39,2.308560817989407,2
54.4,2.1901026794289518,2
54.410000000000004,2.883042766039433,2
54.42,3.4692280967775577,2
54.43,3.206018801421576,2
54.44,3.257057994350973,2
54.45,3.145402448549432,2
54.46,3.751564805807541,2
54.47,3.2606993572223315,2
54.480000000000004,3.4664111270182794,2
54.49,3.881858525789595,2
54.5,3.7390678448185213,2
54.51,3.771848891229897,2
54.52,4.093036064827415,2
54.53,3.7701065651001793,2
54.54,3.9734466188565025,2
54.550000000000004,3.5373916017132108,2
54.56,3.1316443137202725,2
54.57,3.459479541537039,2
54.58,3.239564905352921,2
54.59,3.3664198938548635,2
54.6,3.09598099859612,2
54.61,3.2658867338024318,2
54.620000000000005,2.8692222057076533,2
54.63,3.3493909864296803,2
54.64,3.6449177135755155,2
54.65,3.5100649038187908,2
54.660000000000004,3.031214270227122,2
54.67,3.07009785748611,2
54.68,3.0615610289675925,2
54.69,3.001166306402766,2
54.7,3.398723153426298,2
54.71,3.8026781907068368,2
54.72,3.943550011485272,2
54.730000000000004,4.371521722234105,2
54.74,3.5401540755528558,2
54.75,3.49998199647802,2
54.76,3.4503201786899473,2
54.77,3.743879327504999,2
54.78,3.6792710074089445,2
54.79,3.868713588534789,2
54.800000000000004,3.7453858949846315,2
54.81,3.5798751828453415,2
54.82,3.848854064233318,2
54.83,3.863449617625333,2
54.84,3.9641178210196544,2
54.85,3.6162951674960433,2
54.86,3.84671500584644,2
54.870000000000005,3.5568763552564318,2
54.88,4.086576973051141,2
54.89,4.00524758810958,2
54.9,3.887416545215657,2
54.910000000000004,4.151456942632739,2
54.92,4.121661503524398,2
54.93,4.31278229797899,2
54.94,4.196816388857053,2
54.95,4.3792964833271695,2
54.96,4.319709001443484,2
54.97,4.533341826097807,2
54.980000000000004,4.806046796569902,2
54.99,4.276491383829795,2
55.0,4.350214627767261,2
55.01,4.833580523256221,2
55.02,4.9252577814768985,2
55.03,5.523623717514683,2
55.04,5.108279414654936,2
55.050000000000004,5.070514600936139,2
55.06,5.1016297297734114,2
55.07,4.842189651771718,2
55.08,4.407878910784397,2
55.09,4.981859041197564,2
55.1,5.201625489817965,2
55.11,5.239523384732883,2
55.120000000000005,5.129134749579993,2
55.13,5.055996732755689,2
55.14,5.1283360202823625,2
55.15,5.424160345308084,2
55.160000000000004,5.081460960881047,2
55.17,5.003248077025963,2
55.18,4.79809622480672,2
55.19,4.418838205898972,2
55.2,4.203077382326923,2
55.21,4.244049413380819,2
55.22,4.134844557215837,2
55.230000000000004,4.129090284840784,2
55.24,4.32149177078387,2
55.25,4.616609574722244,2
55.26,5.306848430879359,2
55.27,5.394678655428006,2
55.28,5.080426275696714,2
55.29,5.284817377702479,2
55.300000000000004,5.066268962267046,2
55.31,4.7615444739543955,2
55.32,4.8618516649712635,2
55.33,5.176219431858332,2
55.34,4.88703456017049,2
55.35,4.887692939729927,2
55.36,4.928220663173777,2
55.370000000000005,4.56664337266106,2
55.38,4.1044102084690355,2
55.39,3.696500748230519,2
55.4,4.089185046534949,2
55.410000000000004,3.9488440213405362,2
55.42,3.7753838609707477,2
55.43,3.888072480234177,2
55.44,4.267822752273615,2
55.45,3.9110480634502203,2
55.46,3.3849667284785085,2
55.47,3.8645429636222612,2
55.480000000000004,4.023661157008903,2
55.49,3.717367920331945,2
55.5,3.621446801829068,2
55.51,3.375303367355862,2
55.52,3.6190869612702907,2
55.53,3.946974645666744,2
55.54,4.141903852521466,2
55.550000000000004,4.174863025708275,2
55.56,4.264502806318608,2
55.57,4.027914345681085,2
55.58,3.899276955142631,2
55.59,3.91104858034385,2
55.6,3.8415532124968674,2
55.61,3.857557433222608,2
55.620000000000005,3.41349984134287,2
55.63,3.721827950484092,2
55.64,3.445881926509027,2
55.65,2.9039958387184566,2
55.660000000000004,2.8109292734220808,2
55.67,2.868739137713668,2
55.68,3.5535283736819867,2
55.69,3.459671564433266,2
55.7,3.5731254542919704,2
55.71,3.706672489422907,2
55.72,3.306797571058274,2
55.730000000000004,3.3462964566493922,2
55.74,3.3367422210695064,2
55.75,3.426770472451187,2
55.76,3.6039580252080015,2
55.77,3.884617658810708,2
55.78,3.653495696986696,2
55.79,3.8250512730742456,2
55.800000000000004,3.636154325244714,2
55.81,3.4146466041953354,2
55.82,3.9697370046520537,2
55.83,3.45901927131791,2
55.84,3.3667385926902673,2
55.85,3.493050371196795,2
55.86,3.3738994132717735,2
55.870000000000005,3.4791038541302126,2
55.88,3.1507193474674686,2
55.89,2.7128400574368765,2
55.9,2.593822511644295,2
55.910000000000004,2.7775420641385353,2
55.92,2.851182841416809,2
55.93,3.146305886045433,2
55.94,2.828022501341742,2
55.95,2.7821305641344303,2
55.96,2.883533646390765,2
55.97,2.720639494274364,2
55.980000000000004,2.8876680382552107,2
55.99,2.9192203649568023,2
56.0,3.1652332286221676,2
56.01,3.330526888975106,2
56.02,2.8723420842862932,2
56.03,3.4023258314807947,2
56.04,2.8466181765401757,2
56.050000000000004,2.522260449692687,2
56.06,2.64880007966348,2
56.07,2.867774949033481,2
56.08,2.9010197034449003,2
56.09,2.8573550696864887,2
56.1,2.948324500461966,2
56.11,3.202861606624825,2
56.120000000000005,2.957732975572357,2
56.13,2.7462488727835765,2
56.14,2.6263891718824777,2
56.15,3.137767405470816,2
56.160000000000004,3.329652989175441,2
56.17,3.558859361683699,2
56.18,4.053757839137942,2
56.19,4.271476744709269,2
56.2,4.2886518960137625,2
56.21,4.70130074184606,2
56.22,4.355869099852217,2
56.230000000000004,4.245110924972639,2
56.24,4.548200599028281,2
56.25,3.8717689644146875,2
56.26,3.658845237342008,2
56.27,3.9166725101404625,2
56.28,3.955206283705556,2
56.29,4.105265097755911,2
56.300000000000004,3.551762590335173,2
56.31,3.3583142962601547,2
56.32,3.606416344974237,2
56.33,3.3902223453139806,2
56.34,3.6849032193785507,2
56.35,3.7978578709607023,2
56.36,3.4860028775733847,2
56.370000000000005,3.635293083224991,2
56.38,3.8839628294759296,2
56.39,3.9979894060977417,2
56.4,4.1503488684338725,2
56.410000000000004,3.6455159887526136,2
56.42,4.319883197829566,2
56.43,5.087112076072122,2
56.44,5.383196440120805,2
56.45,5.277615466752834,2
56.46,5.035126330354958,2
56.47,4.822868202329397,2
56.480000000000004,4.9626864964798845,2
56.49,5.169298835879297,2
56.5,4.868313401751505,2
56.51,4.775386212199,2
56.52,5.053974008053699,2
56.53,4.919522579580133,2
56.54,4.859283277127983,2
56.550000000000004,5.163383194252612,2
56.56,5.391440857353141,2
56.57,5.4803468702483435,2
56.58,5.029408492509333,2
56.59,4.627059549820729,2
56.6,4.355900077968225,2
56.61,4.172436424816084,2
56.620000000000005,4.216383466625992,2
56.63,4.1683602710499486,2
56.64,4.105745574154832,2
56.65,4.022094320162778,2
56.660000000000004,3.7712939596004302,2
56.67,3.66348488394074,2
56.68,4.386635764444595,2
56.69,4.546080011698413,2
56.7,4.497150993515958,2
56.71,4.02231986307347,2
56.72,3.7394670772341922,2
56.730000000000004,3.7535416217645503,2
56.74,4.163397194652381,2
56.75,4.211954359515295,2
56.76,4.2518309236234995,2
56.77,4.541143606991477,2
56.78,4.211838637675364,2
56.79,4.589064300210231,2
56.800000000000004,4.421525350833935,2
56.81,4.7074984990520505,2
56.82,5.109942547973481,2
56.83,4.741895612897303,2
56.84,4.667716385990122,2
56.85,4.824522950486047,2
56.86,4.66084550901805,2
56.870000000000005,4.521431989239595,2
56.88,4.356411578448578,2
56.89,3.7936115165368935,2
56.9,4.113865868075879,2
56.910000000000004,3.8164085141103095,2
56.92,3.1861542543921293,2
56.93,3.5641523672189273,2
56.94,3.745098530671512,2
56.95,3.397139568622608,2
56.96,3.765179607898278,2
56.97,3.9772103981136153,2
56.980000000000004,3.979580342105748,2
56.99,3.88235304373468,2
57.0,3.8594500513457417,2
57.01,3.932012229989356,2
57.02,3.7153645105566957,2
57.03,4.0606031737718435,2
57.04,4.211970736884039,2
57.050000000000004,4.152517752713655,2
57.06,4.631134416839939,2
57.07,4.482578653235764,2
57.08,4.873276969449009,2
57.09,4.868872671570114,2
57.1,4.996634235694449,2
57.11,4.792956964303361,2
57.120000000000005,4.1839291012540825,2
57.13,4.301335230523867,2
57.14,3.9346289794497986,2
57.15,3.767571518448275,2
57.160000000000004,3.8122955688115234,2
57.17,3.6492368528872166,2
57.18,3.6753281187500595,2
57.19,3.764337177997562,2
57.2,3.370218701682144,2
57.21,3.510880961360216,2
57.22,3.3837889355795197,2
57.230000000000004,3.1428004664135667,2
57.24,2.661472718964713,2
57.25,2.3549261363592757,2
57.26,2.5262216806681095,2
57.27,2.6856296028958164,2
57.28,2.9639428654165134,2
57.29,3.5536677483577837,2
57.300000000000004,3.9825262659294984,2
57.31,4.266403422317884,2
57.32,4.5759128163708676,2
57.33,4.569554593461074,2
57.34,4.558706190510582,2
57.35,4.938385516867529,2
57.36,4.905863599822068,2
57.370000000000005,4.882641303674132,2
57.38,5.124653340142796,2
57.39,4.9338412992474945,2
57.4,4.802342077664316,2
57.410000000000004,4.3364040032668925,2
57.42,4.171706202866705,2
57.43,4.061120408721587,2
57.44,3.9775809317690882,2
57.45,4.2094534498234655,2
57.46,3.902705356268755,2
57.47,4.334346406473527,2
57.480000000000004,3.7172076550865008,2
57.49,3.9149720071401033,2
57.5,4.154853643485846,2
57.51,4.335420501917877,2
57.52,4.612282219148412,2
57.53,4.491092531691965,2
57.54,4.796998209913301,2
57.550000000000004,4.52157640731903,2
57.56,4.297463767448798,2
57.57,4.853924160742395,2
57.58,4.8186289744092035,2
57.59,5.006424216904058,2
57.6,5.046349888693337,2
57.61,5.1466519918466345,2
57.620000000000005,4.463840529063914,2
57.63,4.524075616390564,2
57.64,4.47613703670593,2
57.65,4.704288112496897,2
57.660000000000004,4.4084130520031035,2
57.67,4.705657390633133,2
57.68,4.2932831638389795,2
57.69,4.135973537591821,2
57.7,3.675200998485194,2
57.71,3.4015282025251925,2
57.72,3.4633437931628195,2
57.730000000000004,3.9047178707612327,2
57.74,3.9241544696310644,2
57.75,3.5679612642490888,2
57.76,3.0130907519453243,2
57.77,3.3026320952725507,2
57.78,3.18611256689109,2
57.79,3.1191204261297534,2
57.800000000000004,3.51225470753746,2
57.81,3.522812727257132,2
57.82,3.4859189820855643,2
57.83,3.5831010045169833,2
57.84,4.044669442435725,2
57.85,4.112171811499726,2
57.86,3.4891635227258315,2
57.870000000000005,3.3084971705469512,2
57.88,3.2970380128247965,2
57.89,3.6119710726005425,2
57.9,3.298708927344817,2
57.910000000000004,3.411006632150512,2
57.92,3.446719636970594,2
57.93,3.79005979062757,2
57.94,3.5285961898116454,2
57.95,3.6231320041505253,2
57.96,4.095192728349731,2
57.97,4.340369604835143,2
57.980000000000004,4.476125895805581,2
57.99,4.340527114327226,2
58.0,4.349366630647071,2
58.01,4.282470282315681,2
58.02,4.496913509688383,2
58.03,4.596381992047115,2
58.04,4.358948120158736,2
58.050000000000004,4.817584671074007,2
58.06,5.077053876673134,2
58.07,4.723819211183267,2
58.08,4.554002173733001,2
58.09,4.453717240194632,2
58.1,4.639620445601968,2
58.11,4.346413973141756,2
58.120000000000005,4.122172511555494,2
58.13,4.358820871843937,2
58.14,4.481226665830543,2
58.15,3.881046760493658,2
58.160000000000004,4.079257797491908,2
58.17,3.6536289490606606,2
58.18,3.50845893913623,2
58.19,3.4542430568842786,2
58.2,3.375857565820356,2
58.21,3.2542913916783256,2
58.22,3.0348312267855326,2
58.230000000000004,3.2765300617467226,2
58.24,2.891844213285437,2
58.25,2.8520179184657235,2
58.26,3.1909537184521506,2
58.27,3.38447115610141,2
58.28,3.053734035914645,2
58.29,2.601660721509629,2
58.300000000000004,2.43288699041359,2
58.31,1.9724860443409842,2
58.32,2.2012123323888155,2
58.33,2.2509011678721134,2
58.34,2.317432119821986,2
58.35,2.630297903877348,2
58.36,3.0147901904241694,2
58.370000000000005,3.180821164233839,2
58.38,3.1995874123233836,2
58.39,3.0806182243452285,2
58.4,3.0731478541113293,2
58.410000000000004,3.2245664642439777,2
58.42,3.5643169377412063,2
58.43,3.214195377682491,2
58.44,2.973204673005681,2
58.45,3.0741419694253347,2
58.46,2.568594549333816,2
58.47,2.792576419807041,2
58.480000000000004,3.2126365405204225,2
58.49,3.9595768327574388,2
58.5,3.9868718904110323,2
58.51,4.231651735700084,2
58.52,4.214688144843864,2
58.53,4.652093429570584,2
58.54,4.466971662839158,2
58.550000000000004,4.513586609478429,2
58.56,4.633265856782109,2
58.57,4.680029799424649,2
58.58,4.393396958156624,2
58.59,3.9648260829623285,2
58.6,4.2576812210400306,2
58.61,4.303085626060921,2
58.620000000000005,4.294110107887698,2
58.63,4.517403181308779,2
58.64,4.705118921180156,2
58.65,4.7361050567549166,2
58.660000000000004,4.842573881820684,2
58.67,4.609529046470011,2
58.68,4.699822269490326,2
58.69,4.18518781762473,2
58.7,4.172267739900289,2
58.71,4.3667503070330955,2
58.72,4.126410537538342,2
58.730000000000004,4.154122236963137,2
58.74,4.224070575981535,2
58.75,3.9492989120385267,2
58.76,4.274270688450556,2
58.77,4.337606981351332,2
58.78,3.829005982019681,2
58.79,3.8718041874511853,2
58.800000000000004,4.296517823758624,2
58.81,4.265740872456393,2
58.82,4.054817096115349,2
58.83,3.895024391977834,2
58.84,3.8601557864428835,2
58.85,3.53063785602771,2
58.86,3.9749240764652334,2
58.870000000000005,4.239245532325465,2
58.88,4.520545867145996,2
58.89,4.042493937870624,2
58.9,4.074664860223251,2
58.910000000000004,4.372660772878862,2
58.92,4.06711627930861,2
58.93,4.039936774776567,2
58.94,3.724439630380527,2
58.95,3.988270301642556,2
58.96,3.9286305760882887,2
58.97,3.909566800355905,2
58.980000000000004,3.5988397526534275,2
58.99,4.077546378248497,2
59.0,4.0842201465472305,2
59.01,4.3000543455249725,2
59.02,4.3788608757257785,2
59.03,4.0834117111361845,2
59.04,3.610075128896898,2
59.050000000000004,3.594840414116391,2
59.06,3.948854155343528,2
59.07,3.395939394231258,2
59.08,4.008331136367752,2
59.09,4.243711002011396,2
59.1,4.273370751347922,2
59.11,4.213213104484971,2
59.120000000000005,4.43519624744119,2
59.13,4.045817120395617,2
59.14,4.1665822279138345,2
59.15,4.237240589663228,2
59.160000000000004,4.7222099162638,2
59.17,4.546503260532395,2
59.18,4.504501947696285,2
59.19,4.435188232657486,2
59.2,4.245218283818677,2
59.21,4.639524610309092,2
59.22,4.299426597810291,2
59.230000000000004,3.8394939565842545,2
59.24,3.924654332457117,2
59.25,3.7268572281236194,2
59.26,3.8261776596473758,2
59.27,4.023017697772028,2
59.28,4.0621167855694935,2
59.29,4.062698657074481,2
59.300000000000004,3.472260614083932,2
59.31,3.6835652738105464,2
59.32,3.77080534602211,2
59.33,4.324744314038579,2
59.34,4.614477482298026,2
59.35,4.133141425786471,2
59.36,4.42035431810155,2
59.370000000000005,4.010100617148474,2
59.38,4.245301383374831,2
59.39,4.632616694004807,2
59.4,5.098332484091606,2
59.410000000000004,4.876282215900636,2
59.42,4.9886873646737095,2
59.43,5.175835196815109,2
59.44,5.191591622482057,2
59.45,4.598865686433666,2
59.46,4.582740196821598,2
59.47,4.685690716782748,2
59.480000000000004,4.616669602340809,2
59.49,4.311715816383277,2
59.5,4.223626970310322,2
59.51,4.456597845624216,2
59.52,4.522435492469648,2
59.53,4.602070398951357,2
59.54,4.4714244765709354,2
59.550000000000004,4.545115400522115,2
59.56,3.893799907554989,2
59.57,3.8919439417351276,2
59.58,3.794817579118595,2
59.59,3.8230272902790507,2
59.6,3.5084357878070604,2
59.61,3.662494628441429,2
59.620000000000005,4.240912497166806,2
59.63,4.23970375737079,2
59.64,4.228914452600805,2
59.65,4.916536736652061,2
59.660000000000004,4.556424231460713,2
59.67,4.641002318991134,2
59.68,5.024669311815123,2
59.69,4.81160641498812,2
59.7,4.972086718198112,2
59.71,4.922135632280391,2
59.72,4.5254485306442325,2
59.730000000000004,4.42635033861875,2
59.74,4.374708849674401,2
59.75,4.157056587750773,2
59.76,3.686154567334101,2
59.77,3.600832249651028,2
59.78,3.2171488348067654,2
59.79,3.448911567039076,2
59.800000000000004,3.659622134598021,2
59.81,3.332494292555937,2
59.82,3.4224768002738366,2
59.83,3.099425871013949,2
59.84,3.0869521891192235,2
59.85,2.9887613091186065,2
59.86,3.2259431655958304,2
59.870000000000005,2.8445529523821036,2
59.88,3.2386346686211733,2
59.89,3.662631600868365,2
59.9,3.6555076977995746,2
59.910000000000004,3.3087390345918823,2
59.92,2.784737692131303,2
59.93,3.2165843816970616,2
59.94,3.857023483581941,2
59.95,3.883661410220294,2
59.96,3.56585496680534,2
59.97,3.298981209559232,2
59.980000000000004,3.703868550798012,2
59.99,3.7813482896431316,2
60.0,3.528583151252035,2
60.01,4.227150729510084,2
60.02,4.500630723406604,2
60.03,4.60624813437908,2
60.04,4.387534132798286,2
60.050000000000004,4.699819560514007,2
60.06,4.879701431434879,2
60.07,4.761558850781029,2
60.08,4.993763861775936,2
60.09,5.190677099401738,2
60.1,5.149225304843367,2
60.11,4.709360421568299,2
60.120000000000005,4.349045668150246,2
60.13,3.8651271688800306,2
60.14,4.253914508766104,2
60.15,3.814636856394744,2
60.160000000000004,3.8428352117969187,2
60.17,3.4078012227096433,2
60.18,3.944047293731741,2
60.19,3.620265743739256,2
60.2,3.7496928032169294,2
60.21,3.330477834287638,2
60.22,3.644152529931927,2
60.230000000000004,3.987082214910032,2
60.24,3.9933560622792212,2
60.25,3.9753764198675423,2
60.26,4.20760659280909,2
60.27,4.014127577864913,2
60.28,4.321220180434591,2
60.29,4.373113004657588,2
60.300000000000004,3.8901159091808974,2
60.31,4.424323980785392,2
60.32,4.434027320494633,2
60.33,4.2948034437388065,2
60.34,4.312176799190876,2
60.35,4.077417745642238,2
60.36,4.026359294029506,2
60.370000000000005,4.247363948520014,2
60.38,4.417471187054807,2
60.39,4.551301236600738,2
60.4,4.325881845771262,2
60.410000000000004,4.049404802667826,2
60.42,4.1543653135410565,2
60.43,4.357312606892835,2
60.44,4.114014038320641,2
60.45,4.038073007691815,2
60.46,4.1454675961031695,2
60.47,4.1037918133042135,2
60.480000000000004,4.421280210587306,2
60.49,4.0085726239677015,2
60.5,3.596042403979428,2
60.51,3.9469288232644812,2
60.52,4.12708043163881,2
60.53,4.1400225871055305,2
60.54,4.031418125670764,2
60.550000000000004,4.161629964457009,2
60.56,4.198975546883038,2
60.57,4.263921915543991,2
60.58,4.218377489062877,2
60.59,4.348144352146277,2
60.6,4.573523997433419,2
60.61,4.772285325342805,2
60.620000000000005,4.8246108981367755,2
60.63,4.74110463376138,2
60.64,4.792937858503579,2
60.65,5.052234221497575,2
60.660000000000004,4.903240916380903,2
60.67,4.735719580725704,2
60.68,4.8019917296428725,2
60.69,4.930977507912978,2
60.7,4.809406649887073,2
60.71,4.856108119654777,2
60.72,4.532410619612761,2
60.730000000000004,4.476062953652347,2
60.74,4.868447732906711,2
60.75,4.95378860526159,2
60.76,4.675086493646203,2
60.77,4.462189972721536,2
60.78,4.0636520052173335,2
60.79,4.5172687785388,2
60.800000000000004,4.18374813189072,2
60.81,3.448827652320383,2
60.82,3.105423426438014,2
60.83,3.2098997067154564,2
60.84,3.085758936578731,2
60.85,3.2138328573370636,2
60.86,3.389209408472443,2
60.870000000000005,3.2734959228686056,2
60.88,3.085566899314641,2
60.89,3.4350865425765846,2
60.9,3.576124851946482,2
60.910000000000004,2.860310714864862,2
60.92,2.5387448399855472,2
60.93,2.1769219708435186,2
60.94,2.3140439291944634,2
60.95,2.5401035176011537,2
60.96,2.637503140349482,2
60.97,2.5957057982176934,2
60.980000000000004,3.0256788586161227,2
60.99,3.2139145912094187,2
61.0,3.0340937658298883,2
61.01,2.890659849671044,2
61.02,2.7856485970740033,2
61.03,2.808647952218169,2
61.04,2.9377520430259807,2
61.050000000000004,3.1611005705309085,2
61.06,3.011718445274277,2
61.07,2.7262499085069867,2
61.08,2.9651126078085683,2
61.09,3.303453713773202,2
61.1,3.8576441186779467,2
61.11,3.986556201169388,2
61.120000000000005,3.781089658110994,2
61.13,3.9759985874736197,2
61.14,3.9356632258403175,2
61.15,3.560956414143214,2
61.160000000000004,3.5911298932283673,2
61.17,3.712089423016375,2
61.18,4.147053731088788,2
61.19,4.152562880585675,2
61.2,3.9062984482622944,2
61.21,3.381052594652965,2
61.22,3.09471163715924,2
61.230000000000004,2.9103470217021803,2
61.24,3.4914090249118255,2
61.25,3.48815923700198,2
61.26,3.5139573117421534,2
61.27,3.8745602153779664,2
61.28,4.0578484848730305,2
61.29,3.9778091430029483,2
61.300000000000004,4.3048554934169365,2
61.31,4.080570503223016,2
61.32,4.152883145052591,2
61.33,3.781944398405872,2
61.34,3.8774752069021354,2
61.35,4.17808305643124,2
61.36,4.407139258742917,2
61.370000000000005,4.622028853053558,2
61.38,5.378014032505377,2
61.39,5.164403518776131,2
61.4,4.791906136633766,2
61.410000000000004,4.841925867267657,2
61.42,4.5083102551308,2
61.43,4.136493565515708,2
61.44,4.0513315157376395,2
61.45,4.607267611574964,2
61.46,4.7417636600682656,2
61.47,4.775392054083335,2
61.480000000000004,4.223906617994972,2
61.49,4.0250244684110825,2
61.5,4.428406985748318,2
61.51,4.309076582955879,2
61.52,4.9000575688449395,2
61.53,4.936996660259158,2
61.54,4.800665978149261,2
61.550000000000004,4.6316408545161,2
61.56,4.550046076690342,2
61.57,4.083699419924116,2
61.58,4.351025541836732,2
61.59,4.441068638927022,2
61.6,4.324375078726139,2
61.61,4.2603433477872334,2
61.620000000000005,4.463745587478321,2
61.63,4.992461570866898,2
61.64,5.327153440270049,2
61.65,5.247068265230858,2
61.660000000000004,4.889292613118813,2
61.67,4.365932911539718,2
61.68,4.364102380685779,2
61.690000000000005,4.105778804010461,2
61.7,4.13917296619167,2
61.71,4.207604614966241,2
61.72,4.389969865082693,2
61.730000000000004,4.019044936862344,2
61.74,3.765790033431796,2
61.75,3.7001924345311954,2
61.76,3.803980460537709,2
61.77,3.880696731222979,2
61.78,4.623068301100025,2
61.79,3.9206485520407273,2
61.800000000000004,4.243144665411397,2
61.81,4.51879556386555,2
61.82,4.207585863328711,2
61.83,4.053005247936845,2
61.84,4.546808835746974,2
61.85,4.315850447221279,2
61.86,4.112695888868934,2
61.870000000000005,4.135406957968757,2
61.88,4.267028231376224,2
61.89,4.522962513466921,2
61.9,4.7655209217077505,2
61.910000000000004,4.910489426268594,2
61.92,4.278844688201417,2
61.93,4.239246154834573,2
61.940000000000005,4.403697895859475,2
61.95,4.557337723450443,2
61.96,4.300449863935215,2
61.97,3.980650980923361,2
61.980000000000004,3.6733166007915,2
61.99,3.8378821182580056,2
62.0,4.139478196154576,2
62.01,4.165727346095176,2
62.02,3.846014069010171,2
62.03,3.9122997041013248,2
62.04,3.6513737705105065,2
62.050000000000004,3.477427277353285,2
62.06,3.4252452194565204,2
62.07,3.256476850016279,2
62.08,3.010606348055635,2
62.09,3.5485268928581437,2
62.1,3.05879178492616,2
62.11,2.985301321764641,2
62.120000000000005,3.0256340460803925,2
62.13,3.4709873266285376,2
62.14,3.6073761559966164,2
62.15,3.5668690729725614,2
62.160000000000004,3.400181565157388,2
62.17,3.7852182001926886,2
62.18,3.5781566480858484,2
62.190000000000005,3.6801656849468505,2
62.2,3.664155153067242,2
62.21,3.8337524009773336,2
62.22,4.295516642673808,2
62.230000000000004,4.465851733795919,2
62.24,4.382740718642831,2
62.25,4.819241963661378,2
62.26,5.184924229888971,2
62.27,5.389290627922679,2
62.28,5.330270312942065,2
62.29,4.97876599902963,2
62.300000000000004,4.210522949137387,2
62.31,4.249376773392805,2
62.32,4.443733479622209,2
62.33,4.0205164609167,2
62.34,4.13618344371719,2
62.35,3.9963609991428495,2
62.36,4.141293312621763,2
62.370000000000005,3.9524780029169495,2
62.38,3.7515184392636693,2
62.39,3.7590591670203892,2
62.4,3.449849782254211,2
62.410000000000004,3.777303446930382,2
62.42,3.8053082032507306,2
62.43,3.5004852366151216,2
62.440000000000005,3.3760254542230412,2
62.45,3.6056500555239763,2
62.46,3.559680399852906,2
62.47,3.8048522214856533,2
62.480000000000004,3.542420438700083,2
62.49,3.5089267758464433,2
62.5,3.5375769388965868,2
62.51,4.214765120575699,2
62.52,3.987038925803376,2
62.53,4.165849993773231,2
62.54,4.282844163249298,2
62.550000000000004,4.7497610754996735,2
62.56,5.059991259348994,2
62.57,4.82293615892661,2
62.58,4.443344493324146,2
62.59,3.997887810137413,2
62.6,4.064957025372033,2
62.61,4.345701804221011,2
62.620000000000005,4.635206767037734,2
62.63,4.4977110027666525,2
62.64,4.4605124732473875,2
62.65,4.818501860253815,2
62.660000000000004,4.520416629246622,2
62.67,3.7670438788360214,2
62.68,4.117073238886633,2
62.690000000000005,3.7766003151407643,2
62.7,3.7166090137157326,2
62.71,3.8743133461900148,2
62.72,3.755933190120931,2
62.730000000000004,4.086430537284758,2
62.74,4.83465046788491,2
62.75,4.522526647270654,2
62.76,4.50820921670957,2
62.77,4.458801435972263,2
62.78,4.5015475086818455,2
62.79,4.28043167225359,2
62.800000000000004,4.068172406529647,2
62.81,3.8838450570453964,2
62.82,3.76471506518427,2
62.83,3.6619786140246156,2
62.84,2.985981404373068,2
62.85,3.1124901880728664,2
62.86,3.115904450807186,2
62.870000000000005,3.0007587349489486,2
62.88,3.127042322090524,2
62.89,3.2127815197890004,2
62.9,3.178831490144973,2
62.910000000000004,3.263433857013177,2
62.92,3.1722233434156104,2
62.93,2.923791481553959,2
62.940000000000005,3.587042967918261,2
62.95,3.487825577262803,2
62.96,3.614278525641726,2
62.97,4.3885016183365595,2
62.980000000000004,4.232439269431824,2
62.99,4.33958287843298,2
63.0,4.964842414302238,2
63.01,4.400878758888586,2
63.02,4.738700700771595,2
63.03,4.727764720122579,2
63.04,4.511856430506021,2
63.050000000000004,4.474406000626488,2
63.06,4.324446916082562,2
63.07,4.73859936539834,2
63.08,4.660203182185095,2
63.09,4.791895342279567,2
63.1,4.562851950390441,2
63.11,4.589403796498796,2
63.120000000000005,4.422003307118844,2
63.13,3.9774997555881035,2
63.14,4.35045892831182,2
63.15,4.414046486730318,2
63.160000000000004,4.591151763570387,2
63.17,4.325654703713357,2
63.18,4.6287522507167065,2
63.190000000000005,4.69842740699159,2
63.2,4.6711496844513345,2
63.21,4.895656306732071,2
63.22,4.712805166132107,2
63.230000000000004,5.0083590212560845,2
63.24,4.719888268781387,2
63.25,4.657326934172627,2
63.26,4.326257129173545,2
63.27,3.9683087121658147,2
63.28,3.839514575935447,2
63.29,3.8099788919947475,2
63.300000000000004,3.985315355478024,2
63.31,3.8045898751355427,2
63.32,3.990418597929608,2
63.33,3.900726261852579,2
63.34,3.7706694880468596,2
63.35,3.9719413372457173,2
63.36,3.8204924113844885,2
63.370000000000005,4.355575619652439,2
63.38,4.442509981644262,2
63.39,4.01077998743301,2
63.4,3.975931660717894,2
63.410000000000004,3.7949649752937495,2
63.42,3.3504433237997535,2
63.43,3.7151265252623347,2
63.440000000000005,4.049864007991377,2
63.45,3.839531220749105,2
63.46,4.056917654948922,2
63.47,4.299695495435743,2
63.480000000000004,4.26614318105243,2
63.49,4.509336934571507,2
63.5,4.541847223125003,2
63.51,4.812199330493752,2
63.52,4.3987848037539825,2
63.53,4.400830001186275,2
63.54,4.417846729802767,2
63.550000000000004,4.048396245208437,2
63.56,3.7429878453326153,2
63.57,3.319882595232303,2
63.58,3.400701608322047,2
63.59,3.3358696211778405,2
63.6,3.0365723446198145,2
63.61,3.4777991175059437,2
63.620000000000005,3.643436487907698,2
63.63,3.473807415575394,2
63.64,3.5840108996600555,2
63.65,3.558182532423002,2
63.660000000000004,3.1596959438497407,2
63.67,3.3213200228454918,2
63.68,3.8538063573527133,2
63.690000000000005,4.2684875491912235,2
63.7,4.270929992716773,2
63.71,4.120308453550024,2
63.72,4.267753417175237,2
63.730000000000004,4.316497229091437,2
63.74,4.245574756510625,2
63.75,4.748043423432444,2
63.76,4.561010770556346,2
63.77,4.776088653378877,2
63.78,4.739238998180323,2
63.79,4.707442297920077,2
63.800000000000004,4.168943544029395,2
63.81,4.464112011296829,2
63.82,4.65477732312991,2
63.83,4.642570740908679,2
63.84,4.871501688609058,2
63.85,4.90208753949261,2
63.86,4.444287401955572,2
63.870000000000005,4.124861722332943,2
63.88,4.095201539250133,2
63.89,3.606444933024188,2
63.9,3.9638178409399067,2
63.910000000000004,3.906364572769705,2
63.92,3.9545243259077036,2
63.93,3.680988136020816,2
63.940000000000005,3.8960604127402547,2
63.95,3.8660193837495034,2
63.96,3.787029171514103,2
63.97,4.208089426756604,2
63.980000000000004,4.558280042620318,2
63.99,4.714868175548046,2
64.0,4.702612572815344,2
64.01,4.486128388506993,2
64.02,4.3556822818386935,2
64.03,4.225269076127911,2
64.04,4.313855245556462,2
64.05,4.273480507848294,2
64.06,4.244205470818782,2
64.07000000000001,4.656362626919876,2
64.08,4.914775427883954,2
64.09,4.601963438285105,2
64.1,4.625909122824143,2
64.11,4.3435320243331885,2
64.12,4.479942265627835,2
64.13,4.978547482621873,2
64.14,4.779810927744885,2
64.15,4.925828660645378,2
64.16,5.2904129275993945,2
64.17,5.12277317240164,2
64.18,5.150545828979139,2
64.19,5.521351922171604,2
64.2,5.104004126689195,2
64.21000000000001,4.69988390888921,2
64.22,4.277359986689066,2
64.23,4.463523882185911,2
64.24,4.130120783815403,2
64.25,4.275729557592147,2
64.26,4.633373975719059,2
64.27,4.382507710313917,2
64.28,4.128336892514242,2
64.29,4.305310684237469,2
64.3,4.288339914658776,2
64.31,3.590029674792369,2
64.32000000000001,4.065050854796016,2
64.33,4.214942469687626,2
64.34,4.0856794667171625,2
64.35,3.9578669838923766,2
64.36,4.160487017651945,2
64.37,4.1317228033241955,2
64.38,4.134770777332908,2
64.39,4.163994015776647,2
64.4,3.9155342794568946,2
64.41,3.8217699407632315,2
64.42,3.786234985643127,2
64.43,3.592101020641004,2
64.44,3.710728207818835,2
64.45,3.876879939564023,2
64.46000000000001,4.367023939168917,2
64.47,4.114716301945894,2
64.48,4.355536483666266,2
64.49,4.723706165891824,2
64.5,4.920381047317687,2
64.51,4.687225739253791,2
64.52,4.5308771621152095,2
64.53,4.907862561399929,2
64.54,4.764238460500355,2
64.55,4.679278729386793,2
64.56,4.4734525900851185,2
64.57000000000001,4.645352072699307,2
64.58,3.8835992164999023,2
64.59,3.6657415278500554,2
64.6,3.4215351897645334,2
64.61,3.9294161324659953,2
64.62,4.002267210656606,2
64.63,3.944878166315733,2
64.64,3.8925877692091677,2
64.65,3.511893226440115,2
64.66,3.9449525190015837,2
64.67,3.8509049894303544,2
64.68,4.033861415275544,2
64.69,3.8444671107269057,2
64.7,3.8430315240990116,2
64.71000000000001,3.5983859013126733,2
64.72,3.5682699501649813,2
64.73,3.906326192923201,2
64.74,3.9456758323404246,2
64.75,4.057108374836772,2
64.76,4.069148454992583,2
64.77,4.524386914307649,2
64.78,4.2405993838400855,2
64.79,4.177412142938778,2
64.8,4.2129105881966575,2
64.81,3.909433937772873,2
64.82000000000001,3.954321331932376,2
64.83,3.9672884679840723,2
64.84,4.002834174170785,2
64.85,4.036067290209015,2
64.86,3.8421774417869483,2
64.87,3.3976717729768233,2
64.88,3.5097768307537986,2
64.89,3.3056797524818986,2
64.9,3.3489194881756243,2
64.91,3.201972521163974,2
64.92,2.8622345919685177,2
64.93,3.078189038156216,2
64.94,3.3687991632911767,2
64.95,3.7445122276103815,2
64.96000000000001,3.64339876478694,2
64.97,3.690304194452004,2
64.98,3.8177824636016626,2
64.99,4.125345517644483,2
65.0,3.6169655324243446,2
65.01,3.2391389320941792,2
65.02,3.7085658914710202,2
65.03,3.2602825805619915,2
65.04,3.5941711329813066,2
65.05,4.01186738121209,2
65.06,4.238307167139189,2
65.07000000000001,3.9302346559639285,2
65.08,3.6845364896591564,2
65.09,3.6997677640333158,2
65.1,4.226040513868748,2
65.11,4.697386487671666,2
65.12,4.712344141226357,2
65.13,4.189374457778108,2
65.14,4.216423873403656,2
65.15,4.135920132948333,2
65.16,4.128772693183634,2
65.17,3.6465815491170823,2
65.18,3.7510090112009022,2
65.19,3.3499770213156186,2
65.2,2.698163707240284,2
65.21000000000001,2.891926972036297,2
65.22,3.546335825442738,2
65.23,3.3549430796170325,2
65.24,3.2854961374222347,2
65.25,3.61073787685052,2
65.26,3.9790716605379006,2
65.27,4.011062017349329,2
65.28,3.8092414749014996,2
65.29,4.204044000015841,2
65.3,3.8350724741130855,2
65.31,3.703904672388768,2
65.32000000000001,3.9001906987334425,2
65.33,3.465718088352401,2
65.34,3.629173050804139,2
65.35,3.988859105331721,2
65.36,4.464984456309863,2
65.37,4.307968565181733,2
65.38,4.15246590402494,2
65.39,4.339787821999172,2
65.4,4.130767670945577,2
65.41,4.030217759629895,2
65.42,4.118457242975188,2
65.43,4.21209485308567,2
65.44,3.650545344803726,2
65.45,3.355014412756338,2
65.46000000000001,2.900168196997485,2
65.47,2.5376236211625196,2
65.48,2.3668987995376316,2
65.49,2.467235204119805,2
65.5,2.58496213802011,2
65.51,2.1168114812435523,2
65.52,2.040735463878708,2
65.53,1.806511623390414,2
65.54,1.9691293921682191,2
65.55,1.9862794387454792,2
65.56,2.544230211912538,2
65.57000000000001,2.65029227867195,2
65.58,2.613283918390475,2
65.59,2.6776414298074354,2
65.6,2.627515563243702,2
65.61,3.1448327034066836,2
65.62,3.1353644268321568,2
65.63,3.3510391655914438,2
65.64,3.63966988861763,2
65.65,3.488429718664215,2
65.66,3.0285650476569534,2
65.67,2.98951030610759,2
65.68,3.2711244784972897,2
65.69,2.863632427822516,2
65.7,3.04889683332093,2
65.71000000000001,3.38192719220817,2
65.72,3.838018165298867,2
65.73,4.046262354081788,2
65.74,4.124566975661119,2
65.75,4.164832015489186,2
65.76,3.8061125599703987,2
65.77,3.5573164475898706,2
65.78,3.1107972039469707,2
65.79,3.2201014507931465,2
65.8,3.4229601105382668,2
65.81,3.51401420416941,2
65.82000000000001,3.6429867916710097,2
65.83,3.893923085283678,2
65.84,3.5285215094140874,2
65.85,3.5934752541594883,2
65.86,3.7039692913515903,2
65.87,3.600716051343555,2
65.88,3.0383593565416565,2
65.89,2.8443385146145657,2
65.9,2.81589806343125,2
65.91,2.9766934050937923,2
65.92,3.088503481647855,2
65.93,3.7245841953944563,2
65.94,4.019494704547231,2
65.95,4.011023071611738,2
65.96000000000001,4.0442544615786264,2
65.97,4.3998479763976865,2
65.98,4.730763357862877,2
65.99,4.752345464530819,2
66.0,5.168207724442806,2
66.01,4.796959154893433,2
66.02,4.709088855193656,2
66.03,5.5352658755945106,2
66.04,5.582982524665804,2
66.05,5.384744698780725,2
66.06,5.275718457783806,2
66.07000000000001,5.199044794020368,2
66.08,5.552281489555915,2
66.09,5.624905611578506,2
66.1,5.440111528793494,2
66.11,4.821233307301753,2
66.12,4.533217127666909,2
66.13,4.496913656214416,2
66.14,4.410501483891931,2
66.15,4.679940284354965,2
66.16,4.546397363104162,2
66.17,4.729376465893826,2
66.18,4.239358236327442,2
66.19,4.066821340693401,2
66.2,4.256961686182627,2
66.21000000000001,4.816986437437678,2
66.22,4.6950508723445985,2
66.23,4.860366257608525,2
66.24,5.152897845303056,2
66.25,5.307677192849174,2
66.26,5.3889165913769075,2
66.27,5.149738036301464,2
66.28,5.465276028708322,2
66.29,4.945312046580697,2
66.3,4.4918215009987845,2
66.31,4.971725722015796,2
66.32000000000001,4.977010348566987,2
66.33,4.528554389799699,2
66.34,4.069517072087283,2
66.35,3.6444331882495584,2
66.36,4.256380892134537,2
66.37,4.2077237868213855,2
66.38,4.040384092706767,2
66.39,4.497826059918218,2
66.4,4.519237184214522,2
66.41,4.374544240389905,2
66.42,4.6376653579330345,2
66.43,4.743246573794564,2
66.44,4.839048639090719,2
66.45,4.678583405582171,2
66.46000000000001,4.35704897274011,2
66.47,4.035049466707647,2
66.48,4.060701660201378,2
66.49,4.056764075819151,2
66.5,4.187881009348184,2
66.51,4.048729393580331,2
66.52,4.406603751608308,2
66.53,3.990379299833325,2
66.54,4.109786488976944,2
66.55,3.841125961808827,2
66.56,3.788116221476993,2
66.57000000000001,3.548433840034173,2
66.58,3.489428222276535,2
66.59,3.237241655169371,2
66.6,3.029953069684889,2
66.61,3.4000195920661884,2
66.62,3.0663524425248934,2
66.63,3.3438687392534594,2
66.64,3.650829681017986,2
66.65,3.8926938291120994,2
66.66,3.89587951779707,2
66.67,3.5968730439697483,2
66.68,3.1993814604705864,2
66.69,2.945094570699162,2
66.7,2.718008339362141,2
66.71000000000001,2.9241230757293204,2
66.72,2.6306501708340253,2
66.73,2.7090131015447114,2
66.74,2.849493058602997,2
66.75,2.8786769854783545,2
66.76,2.914158390443002,2
66.77,3.3843741950044817,2
66.78,3.587519321846796,2
66.79,3.827959463885128,2
66.8,3.739875330816193,2
66.81,3.98816648046285,2
66.82000000000001,4.075397410496633,2
66.83,4.12740670175754,2
66.84,4.003781271822738,2
66.85,4.070494223094602,2
66.86,4.660788421052162,2
66.87,4.765717122192544,2
66.88,5.17338535559383,2
66.89,4.521421406505258,2
66.9,4.489764169605381,2
66.91,4.6733925605568585,2
66.92,4.715610640934017,2
66.93,4.789969405195227,2
66.94,4.600829519183975,2
66.95,4.883942117818394,2
66.96000000000001,4.342003630452084,2
66.97,4.265419164630431,2
66.98,4.274066299257395,2
66.99,4.084366441667451,2
67.0,4.083845195258023,2
67.01,3.518791417551771,2
67.02,3.199606772134795,2
67.03,3.6395409857425403,2
67.04,3.7445522559377364,2
67.05,3.6627720824097425,2
67.06,3.9740880161161543,2
67.07000000000001,4.369708076705463,2
67.08,4.845484848386224,2
67.09,4.226307351028296,2
67.1,4.5954828562101,2
67.11,4.206999980889592,2
67.12,4.271767422002827,2
67.13,4.4177973902423275,2
67.14,4.831858571286304,2
67.15,4.881635399508498,2
67.16,4.872517400969539,2
67.17,4.547894505224865,2
67.18,4.014944220641494,2
67.19,3.7686856356882243,2
67.2,4.190347010048229,2
67.21000000000001,4.180608806839824,2
67.22,4.63322727249518,2
67.23,4.366636909171108,2
67.24,4.552492353327326,2
67.25,4.5447754226957535,2
67.26,4.85728124259065,2
67.27,4.708280909992802,2
67.28,4.601327968350164,2
67.29,4.886039353324154,2
67.3,4.205384708161896,2
67.31,4.144291983422619,2
67.32000000000001,3.659232930614528,2
67.33,3.684962447630014,2
67.34,3.597355517562564,2
67.35,3.808254333925836,2
67.36,3.9595222312869898,2
67.37,3.8826508775166784,2
67.38,3.621900042761449,2
67.39,3.681903130972375,2
67.4,4.083468934806742,2
67.41,3.797381410229609,2
67.42,3.391728754201946,2
67.43,2.9303303954219904,2
67.44,2.602489384155462,2
67.45,2.740184882778531,2
67.46000000000001,2.4679748422039904,2
67.47,2.5149417966556884,2
67.48,2.7942422103762636,2
67.49,2.3117357472295073,2
67.5,2.7601570711541097,2
67.51,3.2885780756179273,2
67.52,3.8880105810881744,2
67.53,4.316851512673172,2
67.54,4.9687535812736465,2
67.55,4.937059013666511,2
67.56,5.071716888025063,2
67.57000000000001,4.8933794272811415,2
67.58,4.991828462576755,2
67.59,4.9315974945791945,2
67.6,4.367263893187223,2
67.61,3.9043316489086783,2
67.62,4.42643700588267,2
67.63,4.4277498625989615,2
67.64,4.787393882756277,2
67.65,4.548070397395645,2
67.66,4.240403565963936,2
67.67,4.192048597797233,2
67.68,4.395308134308751,2
67.69,4.750194540796167,2
67.7,4.727937966024676,2
67.71000000000001,4.840343007089192,2
67.72,4.715608529155538,2
67.73,5.056523815657851,2
67.74,5.367655722142319,2
67.75,5.008407063846519,2
67.76,5.016102609360868,2
67.77,4.6324172393377046,2
67.78,4.8004478986222185,2
67.79,4.608669728918048,2
67.8,4.321911116533889,2
67.81,3.7117272223854383,2
67.82000000000001,4.0473993296606885,2
67.83,4.097287851693398,2
67.84,4.158695628494722,2
67.85,4.378501320004384,2
67.86,4.124802494009517,2
67.87,3.8521685094611655,2
67.88,4.022586472209071,2
67.89,4.3484549997542254,2
67.9,4.464372386735542,2
67.91,4.872046185443373,2
67.92,4.944750190185772,2
67.93,4.994731198146775,2
67.94,5.1282176824214245,2
67.95,4.949682665086524,2
67.96000000000001,4.502683126177769,2
67.97,4.457800934491249,2
67.98,4.614274517152802,2
67.99,4.309333255920328,2
68.0,3.8800218588360083,2
68.01,3.686325704639237,2
68.02,4.096035837864632,2
68.03,4.226864087384018,2
68.04,4.168483356110668,2
68.05,3.877459424120163,2
68.06,3.967713986513083,2
68.07000000000001,4.0234037338390625,2
68.08,4.150333571296154,2
68.09,4.844800109141894,2
68.1,4.900247600471847,2
68.11,4.613571898819354,2
68.12,4.159782560341182,2
68.13,3.985272710736266,2
68.14,3.8572903368029774,2
68.15,4.1063778453214,2
68.16,3.920599415049512,2
68.17,3.647514083973759,2
68.18,3.8352051973678316,2
68.19,3.6763300460340664,2
68.2,3.872052468448581,2
68.21000000000001,3.645146212290237,2
68.22,3.5469190319974246,2
68.23,3.4273422773205184,2
68.24,3.6011473037535477,2
68.25,3.6002544807430095,2
68.26,3.2940903299497246,2
68.27,2.9948405226912485,2
68.28,5.133253010181148,2
68.29,3.5551867281713325,2
68.3,2.7164412416461072,2
68.31,2.917438067227499,2
68.32000000000001,2.6906663184646646,2
68.33,3.0619808758504465,2
68.34,3.547793701480875,2
68.35000000000001,3.8999958146293534,2
68.36,4.099490105730785,2
68.37,4.209058645170455,2
68.38,4.256117640070262,2
68.39,4.335318433397223,2
68.4,4.130379112546601,2
68.41,4.110233307203839,2
68.42,4.141313770827949,2
68.43,4.308810200053001,2
68.44,3.8274135902815374,2
68.45,3.9044569395392066,2
68.46000000000001,4.214892344485183,2
68.47,4.022694054661471,2
68.48,3.9894124769890613,2
68.49,3.462492675067802,2
68.5,3.5350507957080377,2
68.51,3.1597653367046212,2
68.52,3.087007228372077,2
68.53,3.164467617702182,2
68.54,3.0760920602823316,2
68.55,3.122011166973981,2
68.56,3.315576120444524,2
68.57000000000001,3.373142952331525,2
68.58,3.4758482065379104,2
68.59,2.998524208298856,2
68.60000000000001,3.0540046144888007,2
68.61,2.5195412222579683,2
68.62,2.555418970673337,2
68.63,3.221536609493647,2
68.64,3.5647154281386135,2
68.65,3.203766135387192,2
68.66,3.1295007890133877,2
68.67,3.166694093106746,2
68.68,3.393526985804604,2
68.69,3.695172689036193,2
68.7,4.187309352836089,2
68.71000000000001,3.898152395177319,2
68.72,3.970097964773699,2
68.73,3.473526239778823,2
68.74,3.6422816470345944,2
68.75,3.817638878040567,2
68.76,3.841555527462766,2
68.77,4.042576091928351,2
68.78,3.794323347564981,2
68.79,3.441028640776616,2
68.8,3.2275662241968637,2
68.81,3.4096495089167056,2
68.82000000000001,3.8399939226131785,2
68.83,3.6127568162159283,2
68.84,3.4578521358449894,2
68.85000000000001,3.5447248464956567,2
68.86,4.566662397037461,2
68.87,4.3831631201764445,2
68.88,4.617988964057162,2
68.89,4.505607320594893,2
68.9,4.301954835903528,2
68.91,3.895109811357223,2
68.92,3.8194806777804597,2
68.93,4.078155331321602,2
68.94,3.8238865932816246,2
68.95,3.8687950522273193,2
68.96000000000001,3.6400212136499537,2
68.97,3.5576911252801815,2
68.98,3.1728397093958027,2
68.99,3.9123792789821263,2
69.0,4.007963525713791,2
69.01,3.914678098771114,2
69.02,4.288919952909129,2
69.03,4.234390682384374,2
69.04,4.341034602441328,2
69.05,4.749629973132164,2
69.06,5.092212077223912,2
69.07000000000001,4.65898636025094,2
69.08,4.596684940967412,2
69.09,4.898849801100689,2
69.10000000000001,4.502590280933147,2
69.11,4.3792932649583305,2
69.12,4.2579895053314605,2
69.13,4.374164865386304,2
69.14,4.564125525012077,2
69.15,4.833558954338336,2
69.16,4.773621347762281,2
69.17,4.401383989128333,2
69.18,4.260777460716175,2
69.19,6.901718963618791,2
69.2,4.934927034391223,2
69.21000000000001,3.9742798487491218,2
69.22,3.5702596225265806,2
69.23,3.456612567441831,2
69.24,3.763338736938386,2
69.25,3.9809543729549794,2
69.26,3.755537487257085,2
69.27,3.5250358354291444,2
69.28,4.018895756133787,2
69.29,4.1231945735311255,2
69.3,3.8805600054589164,2
69.31,3.8808638046453385,2
69.32000000000001,4.2006084232526915,2
69.33,3.9272407420636464,2
69.34,3.6753092700713164,2
69.35000000000001,3.7702841538875855,2
69.36,3.4101195336868604,2
69.37,3.2783547784452085,2
69.38,3.2272646320415213,2
69.39,2.5517519850500845,2
69.4,2.7201294461255623,2
69.41,3.021665410525573,2
69.42,3.6720583159154003,2
69.43,3.873920132731191,2
69.44,3.5958081893138703,2
69.45,3.508204460430831,2
69.46000000000001,4.084709531943482,2
69.47,4.204836212065122,2
69.48,4.48131818574632,2
69.49,4.270732505488513,2
69.5,4.182423034264469,2
69.51,4.144636928457036,2
69.52,4.390933696409071,2
69.53,4.230442290581286,2
69.54,4.378162510272582,2
69.55,4.340151206477172,2
69.56,3.9624223254567723,2
69.57000000000001,3.9653642311197363,2
69.58,4.281688547651366,2
69.59,4.255248565222105,2
69.60000000000001,4.136610069965616,2
69.61,4.52632891537401,2
69.62,4.584163188955891,2
69.63,4.1342937808013,2
69.64,4.039023420436665,2
69.65,4.111013224229264,2
69.66,4.166588884605856,2
69.67,4.2947001077710745,2
69.68,4.219520730682145,2
69.69,4.1375365305856455,2
69.7,4.127772374459019,2
69.71000000000001,4.340094773629275,2
69.72,4.112173475688022,2
69.73,4.080539305712634,2
69.74,4.142734206004089,2
69.75,3.975990484358011,2
69.76,4.109401138538291,2
69.77,4.197317648718456,2
69.78,3.591422627176405,2
69.79,3.64188828385863,2
69.8,4.0792490478103,2
69.81,4.495310618999731,2
69.82000000000001,4.639144621132286,2
69.83,4.935060054229773,2
69.84,4.798207021483467,2
69.85000000000001,4.879752184588564,2
69.86,4.838194395193917,2
69.87,4.943835464090289,2
69.88,5.3721434134811314,2
69.89,5.5189143858707155,2
69.9,5.269988229829219,2
69.91,5.590745804480829,2
69.92,5.50192581350479,2
69.93,5.536414111482626,2
69.94,5.315884828105121,2
69.95,5.393214715747455,2
69.96000000000001,5.366934791670691,2
69.97,5.550882168176656,2
69.98,5.2534588352552785,2
69.99,5.39745262749608,2
70.0,4.566750224645786,2
70.01,4.335565449380765,2
70.02,3.9208387543545697,2
70.03,4.024352781791744,2
70.04,4.294300102763872,2
70.05,4.262268314387848,2
70.06,4.6201555212599175,2
70.07000000000001,4.33874553728366,2
70.08,3.9078021292512792,2
70.09,4.121909512859351,2
70.10000000000001,4.441335028750761,2
70.11,4.42707727044838,2
70.12,4.900649979616433,2
70.13,4.95462537586001,2
70.14,4.971838693857193,2
70.15,4.75273277576132,2
70.16,4.308231106224494,2
70.17,4.201841911958547,2
70.18,4.6295710483413695,2
70.19,4.620706065296344,2
70.2,4.447790984613921,2
70.21000000000001,4.14660052051781,2
70.22,4.284596100755976,2
70.23,3.937392220028872,2
70.24,4.044791799990899,2
70.25,3.9096450779562364,2
70.26,3.844827710720419,2
70.27,4.042275774680385,2
70.28,3.7689054550874848,2
70.29,3.7938667678833893,2
70.3,3.381780749532709,2
70.31,3.41157047081337,2
70.32000000000001,3.6112250058624173,2
70.33,3.8743281837313566,2
70.34,4.208262894699611,2
70.35000000000001,4.374029039713585,2
70.36,4.221371181075067,2
70.37,3.6863024180372808,2
70.38,3.9983534440763253,2
70.39,3.84988443022699,2
70.4,3.455028380596217,2
70.41,4.039792431358924,2
70.42,4.018656881468135,2
70.43,4.155331006678984,2
70.44,4.204429622067822,2
70.45,4.17990287351356,2
70.46000000000001,4.052258851614905,2
70.47,3.881628885503388,2
70.48,4.524010448533852,2
70.49,4.058631239773212,2
70.5,3.9300749551178504,2
70.51,3.6848269854699143,2
70.52,3.863053854854189,2
70.53,3.759456558321303,2
70.54,3.6421384827736327,2
70.55,3.859757056097513,2
70.56,4.422056389245052,2
70.57000000000001,4.144571400148707,2
70.58,3.69057728495764,2
70.59,3.739238068562598,2
70.60000000000001,4.002633717845097,2
70.61,3.9413699791665535,2
70.62,4.1265483746041145,2
70.63,3.9585571283253977,2
70.64,4.640387766981314,2
70.65,4.750388997658438,2
70.66,4.538086895670172,2
70.67,4.27120846398458,2
70.68,4.320692478226571,2
70.69,4.479529617816131,2
70.7,4.06108177110156,2
70.71000000000001,4.058124229853882,2
70.72,4.262786602438756,2
70.73,4.331069955603176,2
70.74,4.474736910371589,2
70.75,4.849682381587464,2
70.76,3.883735794385169,2
70.77,3.957244086925137,2
70.78,3.295300347748969,2
70.79,3.3530026311429224,2
70.8,3.785773810182817,2
70.81,3.7707623318945696,2
70.82000000000001,3.528935083362088,2
70.83,3.809949672446406,2
70.84,3.868576922020824,2
70.85000000000001,3.9352950328599063,2
70.86,4.553023891104654,2
70.87,4.070740124662644,2
70.88,3.883367907409362,2
70.89,4.001594041331014,2
70.9,4.346812700039349,2
70.91,4.040004705561434,2
70.92,3.919594975660784,2
70.93,3.9082377638617203,2
70.94,3.8743080477914003,2
70.95,4.084491185546881,2
70.96000000000001,4.06183228410836,2
70.97,4.239695837348677,2
70.98,3.874914146262203,2
70.99,3.9284067152838533,2
71.0,3.945361842287314,2
71.01,4.189863808535429,2
71.02,4.884809655132206,2
71.03,5.067272649333919,2
71.04,4.761211793748604,2
71.05,4.8645128360800705,2
71.06,4.763844650730516,2
71.07000000000001,4.591496729629711,2
71.08,4.382502011495646,2
71.09,4.179359726682108,2
71.10000000000001,3.8371845484084046,2
71.11,3.486424956453881,2
71.12,3.723371891156631,2
71.13,3.6500896247062458,2
71.14,3.7366650688094336,2
71.15,3.516558297228344,2
71.16,3.728966666986633,2
71.17,3.5567056385466413,2
71.18,3.2216928270205956,2
71.19,3.7438165463975475,2
71.2,3.828295027921361,2
71.21000000000001,3.757004116103208,2
71.22,3.7268579220182536,2
71.23,3.6523916357012154,2
71.24,3.826900926751126,2
71.25,3.4057807506880176,2
71.26,2.953732504352188,2
71.27,3.090249474534032,2
71.28,2.687516213147023,2
71.29,2.2785707333357177,2
71.3,2.706543664995287,2
71.31,2.8831441916084017,2
71.32000000000001,3.0459085131294263,2
71.33,2.8243214164171073,2
71.34,3.3357616616490438,2
71.35000000000001,3.6872000393931037,2
71.36,3.333401608546683,2
71.37,3.369247922232712,2
71.38,3.316269826092729,2
71.39,3.3719951950467792,2
71.4,3.742963380740544,2
71.41,3.660751027973331,2
71.42,3.9733929381509094,2
71.43,3.4857360875749976,2
71.44,3.362871864266858,2
71.45,3.3127590629064705,2
71.46000000000001,3.2283258872936953,2
71.47,3.3123959035579182,2
71.48,3.425895624489,2
71.49,3.5485922799684286,2
71.5,3.844835344764245,2
71.51,4.0681610032345565,2
71.52,3.635765211743254,2
71.53,3.7146648183330315,2
71.54,3.5697855451665843,2
71.55,3.845027610574356,2
71.56,4.227586502311259,2
71.57000000000001,4.44328287252814,2
71.58,4.9389873275841,2
71.59,5.058447885290241,2
71.60000000000001,5.235619058859051,2
71.61,4.8870825256611115,2
71.62,4.7913254859215595,2
71.63,4.907666861191232,2
71.64,4.898656567551302,2
71.65,4.549954111275254,2
71.66,4.233301507357822,2
71.67,3.6970133119076176,2
71.68,6.973199858423895,2
71.69,4.813691879922731,2
71.7,3.7920539130687354,2
71.71000000000001,4.018013129764401,2
71.72,4.079060691079979,2
71.73,4.183047552135144,2
71.74,4.453324724151753,2
71.75,4.7338361741764485,2
71.76,4.028442943111687,2
71.77,4.225406677749334,2
71.78,4.340854293237844,2
71.79,4.390610447234005,2
71.8,4.485574237908658,2
71.81,4.347625969369516,2
71.82000000000001,3.6336600160788164,2
71.83,3.498710821870983,2
71.84,3.030880589047623,2
71.85000000000001,2.6597814268024687,2
71.86,3.096850368411623,2
71.87,3.0328442213609117,2
71.88,3.205723756911209,2
71.89,3.286391725296157,2
71.9,3.737081125052825,2
71.91,3.7845403451848387,2
71.92,3.636783986706229,2
71.93,4.092686866738845,2
71.94,3.9421049131029333,2
71.95,4.0661095261412035,2
71.96000000000001,4.200512364225901,2
71.97,3.828568119132911,2
71.98,4.106506701830701,2
71.99,4.479471042877938,2
72.0,4.110312914950262,2
72.01,4.107652245573126,2
72.02,4.476512503489775,2
72.03,3.9683504956721807,2
72.04,4.149605819890143,2
72.05,3.7807153675384035,2
72.06,3.712119683720803,2
72.07000000000001,3.6810929466977025,2
72.08,3.379184584245742,2
72.09,3.1832390367215777,2
72.10000000000001,3.244325468956963,2
72.11,3.7099764772362955,2
72.12,3.8752542064752507,2
72.13,3.4233090967830653,2
72.14,3.6129266479892266,2
72.15,3.6632524014169094,2
72.16,3.5175615768891437,2
72.17,3.4419208276793825,2
72.18,3.6387000034037236,2
72.19,3.2294378599487303,2
72.2,3.1231967701112326,2
72.21000000000001,2.8863377282946843,2
72.22,2.77127843452953,2
72.23,2.987464237419169,2
72.24,3.102533851426144,2
72.25,3.382447391801889,2
72.26,2.8057088662542378,2
72.27,2.848665045280331,2
72.28,2.93350466596213,2
72.29,2.57598940213445,2
72.3,2.5233526315239034,2
72.31,2.6649855278371946,2
72.32000000000001,2.889355514805287,2
72.33,3.0988309690804647,2
72.34,2.6304540505950254,2
72.35000000000001,2.58884333810511,2
72.36,2.2965725546141638,2
72.37,2.4652537596943516,2
72.38,2.4966061246958677,2
72.39,2.4697770035384594,2
72.4,3.5201504863138275,2
72.41,3.2701209333791867,2
72.42,3.3384295207593424,2
72.43,3.5401817547079575,2
72.44,3.6875643200189137,2
72.45,3.8826940580627305,2
72.46000000000001,3.99510622580679,2
72.47,3.901996339642842,2
72.48,3.914926012865588,2
72.49,3.7375669139538656,2
72.5,3.5535630126669675,2
72.51,3.2247105957331272,2
72.52,3.5253792364936882,2
72.53,3.8855915200718845,2
72.54,3.730663128616266,2
72.55,3.7356442462584383,2
72.56,4.215345741055869,2
72.57000000000001,4.511671815668376,2
72.58,4.712967420621842,2
72.59,4.717980313286665,2
72.60000000000001,4.468295124129568,2
72.61,4.275447867324433,2
72.62,4.314546739876771,2
72.63,4.407340041267243,2
72.64,4.092093429975105,2
72.65,4.435948000456969,2
72.66,4.791143926899741,2
72.67,4.9369686822009795,2
72.68,5.2692672835513745,2
72.69,5.323175494002623,2
72.7,5.2685329679443536,2
72.71000000000001,5.156190463598618,2
72.72,4.950772966367421,2
72.73,4.854222757793675,2
72.74,4.473895191500366,2
72.75,4.402819043058097,2
72.76,4.031510934385766,2
72.77,3.801464481390222,2
72.78,4.169401631972686,2
72.79,4.487403490837112,2
72.8,4.2014513675978105,2
72.81,4.427831514897892,2
72.82000000000001,4.218344626427064,2
72.83,4.008418016265235,2
72.84,4.4020560507291915,2
72.85000000000001,4.0517800959950065,2
72.86,3.540207407983883,2
72.87,3.397630137471113,2
72.88,3.2873216399108456,2
72.89,3.2528807089155345,2
72.9,2.840065522905043,2
72.91,3.0555826272780027,2
72.92,3.6873344470932676,2
72.93,3.804056391909207,2
72.94,3.760962508145436,2
72.95,3.974174276766582,2
72.96000000000001,3.9979848471095187,2
72.97,4.014363682830173,2
72.98,3.9896054308414124,2
72.99,4.0522863166267555,2
73.0,3.9306661618357395,2
73.01,3.47626356813482,2
73.02,4.052439713591777,2
73.03,4.197354445906276,2
73.04,3.9788455153881745,2
73.05,4.080452613075316,2
73.06,3.7522524992796087,2
73.07000000000001,3.8848127456208985,2
73.08,4.106709939705053,2
73.09,4.388700532336762,2
73.10000000000001,4.5109869806598315,2
73.11,4.406070237545543,2
73.12,4.655655717435202,2
73.13,4.433689939043537,2
73.14,4.474824098027076,2
73.15,4.220651550179002,2
73.16,4.263687492114305,2
73.17,4.660653757946603,2
73.18,4.813559574741883,2
73.19,4.993449280348812,2
73.2,5.209646608862884,2
73.21000000000001,5.0688100676925565,2
73.22,4.714576418764817,2
73.23,4.11794338167974,2
73.24,3.7990121034010627,2
73.25,3.852262113896104,2
73.26,3.2910578291348527,2
73.27,3.4121138068266084,2
73.28,3.6108394512455977,2
73.29,3.206578518339276,2
73.3,3.5350325582313094,2
73.31,3.4621284459390607,2
73.32000000000001,3.0525843024296053,2
73.33,2.667700267893794,2
73.34,2.785166657576546,2
73.35000000000001,2.930679928647377,2
73.36,3.033426319971229,2
73.37,3.423888460320506,2
73.38,3.499087606898249,2
73.39,3.3847317675071333,2
73.4,3.3554560246114584,2
73.41,3.726338282295496,2
73.42,3.436214190617166,2
73.43,3.537647482429194,2
73.44,3.6419821299702586,2
73.45,3.967581626803777,2
73.46000000000001,4.002468755360608,2
73.47,3.731197202736083,2
73.48,3.8125272146437323,2
73.49,4.0350790067819915,2
73.5,4.071170512303424,2
73.51,4.37469204123051,2
73.52,3.9669798795187963,2
73.53,3.9256348366873506,2
73.54,3.934772783726462,2
73.55,4.160144407772014,2
73.56,4.398981416001282,2
73.57000000000001,4.365948675502521,2
73.58,4.2271092136213415,2
73.59,4.2576956039540015,2
73.60000000000001,3.908756300339966,2
73.61,3.7792534195548466,2
73.62,3.9628188188366087,2
73.63,4.066715670293753,2
73.64,3.8724009038482636,2
73.65,3.6636363893752457,2
73.66,3.470774415320628,2
73.67,3.316717440125799,2
73.68,3.426773514910046,2
73.69,3.824425170331644,2
73.7,4.216565608101914,2
73.71000000000001,3.9337178259045564,2
73.72,4.033831204700873,2
73.73,4.1102692807465,2
73.74,4.159258338404442,2
73.75,3.866574795949494,2
73.76,3.6696351447580824,2
73.77,3.8003868079619316,2
73.78,3.7113208276125773,2
73.79,3.7658407219023937,2
73.8,3.502070425324376,2
73.81,3.4131410723642244,2
73.82000000000001,3.0938838458086333,2
73.83,3.259380649016584,2
73.84,3.234795059312647,2
73.85000000000001,3.386604052408725,2
73.86,3.3440726693569416,2
73.87,3.476435612688944,2
73.88,4.04024306773891,2
73.89,3.8878178632121796,2
73.9,4.0382767768693935,2
73.91,3.847650812897602,2
73.92,3.825473104974345,2
73.93,3.97691850753174,2
73.94,4.0594781852404465,2
73.95,4.249259737616767,2
73.96000000000001,4.495319278901478,2
73.97,4.634142344926861,2
73.98,4.8314584193556716,2
73.99,4.808662647424775,2
74.0,4.52136581239912,2
74.01,4.696076808022944,2
74.02,4.518408462893694,2
74.03,4.663172257987418,2
74.04,4.24126727078897,2
74.05,4.11633973846195,2
74.06,3.9088691184666717,2
74.07000000000001,4.0291780195154745,2
74.08,3.8627500370672236,2
74.09,3.872159627867165,2
74.10000000000001,3.8437671420429473,2
74.11,4.150243305661305,2
74.12,4.268623665167376,2
74.13,4.323848330375956,2
74.14,4.297227466164631,2
74.15,4.050166601825434,2
74.16,3.7967554113341566,2
74.17,3.8956289896495604,2
74.18,3.5054199317136985,2
74.19,3.544216910564876,2
74.2,3.62019894787323,2
74.21000000000001,3.258497071855895,2
74.22,3.316728411561666,2
74.23,3.3868314192480757,2
74.24,4.037102786861919,2
74.25,4.036061487187138,2
74.26,4.280422129042038,2
74.27,4.378894652359166,2
74.28,4.414093602572534,2
74.29,4.607842458705865,2
74.3,4.138136015624814,2
74.31,4.099214414288827,2
74.32000000000001,4.1690066071201795,2
74.33,3.8793991771601317,2
74.34,3.8782241747377446,2
74.35000000000001,3.9170517251175427,2
74.36,3.8775484490294465,2
74.37,3.6383389784173232,2
74.38,3.460936759272138,2
74.39,3.4239912376022876,2
74.4,3.5905674898729716,2
74.41,3.658453504029454,2
74.42,3.749065747494158,2
74.43,3.708647388060156,2
74.44,3.499670461938428,2
74.45,3.4627629542099765,2
74.46000000000001,3.280526008118669,2
74.47,2.494575546877546,2
74.48,2.6412800167830874,2
74.49,2.703409313271682,2
74.5,3.1834140983627246,2
74.51,3.460296719339766,2
74.52,3.649179247328164,2
74.53,3.401072367952561,2
74.54,3.7498641283126615,2
74.55,3.814891222395112,2
74.56,3.732219896510376,2
74.57000000000001,3.537191007203359,2
74.58,3.3979075153321197,2
74.59,3.3854262163720525,2
74.60000000000001,3.1559862705902137,2
74.61,3.2512463196144137,2
74.62,3.279312710283758,2
74.63,3.545914228253095,2
74.64,3.5490448243564527,2
74.65,3.0782131426249237,2
74.66,3.08269218921773,2
74.67,2.854520822812055,2
74.68,2.8000261979377083,2
74.69,2.652595073045731,2
74.7,3.379527954748113,2
74.71000000000001,3.3452868309533326,2
74.72,3.6140699948330113,2
74.73,3.565859531938673,2
74.74,3.5449988250185145,2
74.75,3.4558549321209653,2
74.76,3.3130559248734004,2
74.77,3.190554817943449,2
74.78,3.377597843540107,2
74.79,3.4228744068251733,2
74.8,3.8571707012930276,2
74.81,3.809059944079374,2
74.82000000000001,3.7498814826477065,2
74.83,3.7864183142003665,2
74.84,3.979432295802102,2
74.85000000000001,4.014361372613638,2
74.86,4.394207539991633,2
74.87,5.0852020431325355,2
74.88,5.208793560837459,2
74.89,5.194445980555438,2
74.9,4.508102919345395,2
74.91,4.849648430796408,2
74.92,5.112408848444103,2
74.93,5.4359653494639035,2
74.94,5.517982418772954,2
74.95,5.097235926696861,2
74.96000000000001,4.714041719504987,2
74.97,4.333678648136193,2
74.98,4.323081741528999,2
74.99,4.092143272756875,2
75.0,4.326308811476129,2
75.01,4.131669797850888,2
75.02,4.026193428500802,2
75.03,4.098470262743833,2
75.04,3.9531617552862035,2
75.05,3.700553044914084,2
75.06,3.2168351202429974,2
75.07000000000001,3.5588701535400995,2
75.08,3.341988239770444,2
75.09,3.299208798686081,2
75.10000000000001,3.264174032216948,2
75.11,2.753813435474165,2
75.12,2.959710619345846,2
75.13,3.4618146932185465,2
75.14,3.787508524664497,2
75.15,3.702192345170526,2
75.16,4.030762313820934,2
75.17,3.5364322123586778,2
75.18,3.818567173508747,2
75.19,3.629580729985422,2
75.2,3.940912107635293,2
75.21000000000001,3.9569084454665333,2
75.22,3.620044044780064,2
75.23,3.728064143036128,2
75.24,3.7555269964368674,2
75.25,3.8474916015408236,2
75.26,3.6355092338067254,2
75.27,3.3401375741324433,2
75.28,3.5799792316126045,2
75.29,3.602961984974273,2
75.3,3.804918217087473,2
75.31,3.981546899590371,2
75.32000000000001,4.183974689360187,2
75.33,4.624145910538733,2
75.34,4.618185372990851,2
75.35000000000001,4.273836112159397,2
75.36,4.02724499087279,2
75.37,3.9423112731506045,2
75.38,4.007938270891618,2
75.39,4.397844948719486,2
75.4,4.318258653078868,2
75.41,4.762260108402684,2
75.42,5.1868922006087255,2
75.43,5.190189343198277,2
75.44,5.249657820120996,2
75.45,4.994546541909649,2
75.46000000000001,5.371235930418969,2
75.47,5.0535756646403005,2
75.48,5.2887702654805056,2
75.49,4.867369089099041,2
75.5,4.962004937523285,2
75.51,5.181539439807114,2
75.52,5.320766845458406,2
75.53,5.0563752129222586,2
75.54,4.874356339793096,2
75.55,5.222729952389257,2
75.56,4.957146902137637,2
75.57000000000001,4.727810170777818,2
75.58,5.081293711789339,2
75.59,4.955410199476996,2
75.60000000000001,4.844235819230263,2
75.61,5.280782052600874,2
75.62,4.969873241832302,2
75.63,4.665654079973227,2
75.64,4.649868779083833,2
75.65,4.594064718496505,2
75.66,4.3141204067562615,2
75.67,4.511079770779734,2
75.68,4.464301091512214,2
75.69,4.436263218471011,2
75.7,4.391482974170809,2
75.71000000000001,4.055957695801688,2
75.72,3.81885031810067,2
75.73,3.3887132333982217,2
75.74,3.772533731732672,2
75.75,3.7957641974580403,2
75.76,4.098035248023442,2
75.77,3.960667907979551,2
75.78,4.289896375477461,2
75.79,3.8028200427069985,2
75.8,4.097948262529486,2
75.81,4.0660505804279,2
75.82000000000001,3.666889488649539,2
75.83,2.900500401842285,2
75.84,3.1525977357996995,2
75.85000000000001,3.517743362174302,2
75.86,3.5835261949476678,2
75.87,3.7960555079361384,2
75.88,3.9429273302011527,2
75.89,3.964360874658454,2
75.9,4.239704049371771,2
75.91,3.797121179886921,2
75.92,3.8453035819652746,2
75.93,4.054219715358725,2
75.94,3.92242109428315,2
75.95,4.002650141812913,2
75.96000000000001,3.6688933854182078,2
75.97,3.723414393168198,2
75.98,3.5467999341720766,2
75.99,3.4455899130552288,2
76.0,3.663024786896374,2
76.01,3.1976300252067698,2
76.02,2.96881317444701,2
76.03,3.277299351467993,2
76.04,3.305133429151607,2
76.05,3.1664701411522045,2
76.06,3.377459293175447,2
76.07000000000001,3.1259722801875722,2
76.08,2.8904913689244704,2
76.09,2.9425114492941438,2
76.10000000000001,3.0090342556499046,2
76.11,2.89769674506026,2
76.12,2.933178492134061,2
76.13,3.4175968862656494,2
76.14,3.46558627382179,2
76.15,3.193169177024941,2
76.16,3.280751546214589,2
76.17,2.752201886235128,2
76.18,3.3337079957451397,2
76.19,3.0641360495937393,2
76.2,3.2162032063966906,2
76.21000000000001,3.3405294494486593,2
76.22,3.185272980935599,2
76.23,3.634902187950801,2
76.24,4.254393876567904,2
76.25,4.016998509583241,2
76.26,4.2168096221116365,2
76.27,3.9153069064339348,2
76.28,4.298159566554339,2
76.29,4.626704050306691,2
76.3,4.850026223201936,2
76.31,4.2957045822827995,2
76.32000000000001,4.1124084036987885,2
76.33,3.951422892349108,2
76.34,3.787447670304263,2
76.35000000000001,4.185116751023868,2
76.36,3.6534627703078275,2
76.37,3.798537121985961,2
76.38,4.029534711897366,2
76.39,3.8275747133688753,2
76.4,3.9878663392446154,2
76.41,4.114218579752195,2
76.42,4.0258093339939265,2
76.43,4.331146471677912,2
76.44,4.144147486343068,2
76.45,4.4383365447819845,2
76.46000000000001,4.4318625226985295,2
76.47,4.300380187220945,2
76.48,4.206923763121682,2
76.49,3.792818549820031,2
76.5,3.710944051846867,2
76.51,3.421913619116923,2
76.52,3.554735548538237,2
76.53,3.8544058968912243,2
76.54,3.9984412396907816,2
76.55,3.7965692509272166,2
76.56,3.7417314228309397,2
76.57000000000001,3.845947384656899,2
76.58,3.9547031533069275,2
76.59,4.423079854573663,2
76.60000000000001,4.557382670299475,2
76.61,4.543587624840145,2
76.62,4.518755149000606,2
76.63,4.3682868811386895,2
76.64,4.331502977018181,2
76.65,4.501520420946712,2
76.66,4.251113050459316,2
76.67,4.342270803496475,2
76.68,4.277201456037615,2
76.69,4.736178096434166,2
76.7,4.746219495212109,2
76.71000000000001,4.764448581886014,2
76.72,4.4454291226116,2
76.73,4.815767832300691,2
76.74,4.877830715111385,2
76.75,5.176579521861971,2
76.76,5.00678630063627,2
76.77,4.905642923111337,2
76.78,4.426756179566369,2
76.79,4.906766513544141,2
76.8,4.92075042972387,2
76.81,5.354451457140746,2
76.82000000000001,5.120060369759853,2
76.83,5.141742027537105,2
76.84,5.3088466591996974,2
76.85000000000001,5.2714095744123695,2
76.86,5.049984163147684,2
76.87,4.810508455154974,2
76.88,4.631141175131296,2
76.89,5.324627573589249,2
76.9,5.016077257257051,2
76.91,4.351667283300591,2
76.92,4.327050860915399,2
76.93,4.301329821146262,2
76.94,4.181990567920197,2
76.95,3.987910568958442,2
76.96000000000001,3.9115243714470864,2
76.97,3.546467253671976,2
76.98,4.095721972662998,2
76.99,4.155568663323007,2
77.0,4.173410720519383,2
77.01,4.453877334426951,2
77.02,5.176283927124406,2
77.03,4.944819472556485,2
77.04,4.937233702508667,2
77.05,5.070721945219274,2
77.06,5.159447730281301,2
77.07000000000001,5.2998521734500095,2
77.08,5.42985425595764,2
77.09,5.170366125206774,2
77.10000000000001,5.391964127539816,2
77.11,5.2210187929347915,2
77.12,5.1784530231461,2
77.13,5.2347944497561025,2
77.14,4.909823085504915,2
77.15,4.941727932188673,2
77.16,5.023346413345115,2
77.17,4.384632429721396,2
77.18,4.7432975262268045,2
77.19,4.436945492204524,2
77.2,4.470600815328002,2
77.21000000000001,4.856752361549816,2
77.22,4.956341639538976,2
77.23,5.1554792279779385,2
77.24,5.354469420611727,2
77.25,5.07958425370203,2
77.26,4.677827708629515,2
77.27,4.7276829500028335,2
77.28,4.856847526217309,2
77.29,5.083854131843574,2
77.3,5.19669766096556,2
77.31,4.937716534019541,2
77.32000000000001,5.093192392956857,2
77.33,4.3884288132560645,2
77.34,4.710050707811143,2
77.35000000000001,4.387068027198119,2
77.36,4.090350329666735,2
77.37,4.786312576997593,2
77.38,4.7238527409445865,2
77.39,4.579095886822633,2
77.4,4.194456879587658,2
77.41,4.300420457269936,2
77.42,4.49513086576216,2
77.43,4.3461190419644185,2
77.44,3.7029609810048125,2
77.45,4.193532076812417,2
77.46000000000001,4.092303324618527,2
77.47,3.9948863450262495,2
77.48,3.985379750745851,2
77.49,3.75872377729939,2
77.5,4.143768585990159,2
77.51,4.335216239290586,2
77.52,4.439908181171517,2
77.53,5.050816320081346,2
77.54,4.748142743108126,2
77.55,5.035072343241766,2
77.56,4.301448545851408,2
77.57000000000001,4.4536996707637755,2
77.58,5.048180349196712,2
77.59,4.645931048004767,2
77.60000000000001,5.047129637575783,2
77.61,4.55065151471865,2
77.62,5.084389922331447,2
77.63,4.845456527117296,2
77.64,4.551088160618605,2
77.65,4.344245378558057,2
77.66,4.31885138260552,2
77.67,4.243892997961804,2
77.68,4.204671799366128,2
77.69,4.273774468847365,2
77.7,4.314282708996415,2
77.71000000000001,4.284615831771946,2
77.72,4.13084620392571,2
77.73,4.239129322695373,2
77.74,4.32169242677201,2
77.75,4.3826884735147935,2
77.76,4.343936917332746,2
77.77,4.113228659000794,2
77.78,4.122857536190747,2
77.79,4.031925615526229,2
77.8,3.4433107927081186,2
77.81,3.782110908930487,2
77.82000000000001,3.8775176552178263,2
77.83,3.884028077485215,2
77.84,4.044307120883206,2
77.85000000000001,3.8259980262582283,2
77.86,4.228561154412125,2
77.87,4.5476009425547055,2
77.88,4.163579068737245,2
77.89,3.968049780098162,2
77.9,4.1625188214404725,2
77.91,4.216164675658658,2
77.92,4.189551803031244,2
77.93,4.29517765927177,2
77.94,3.735311590040351,2
77.95,3.5006104029497767,2
77.96000000000001,3.3799952272924383,2
77.97,3.6581341268564684,2
77.98,3.082061737028926,2
77.99,3.2251643849842564,2
78.0,3.195918663069837,2
78.01,3.4608344476927795,2
78.02,3.7437160407806434,2
78.03,4.250470184578078,2
78.04,3.8928745996720795,2
78.05,3.670835586468658,2
78.06,3.7175619304553162,2
78.07000000000001,4.14532334805322,2
78.08,4.254673347885454,2
78.09,4.259088473809318,2
78.10000000000001,4.580092927986988,2
78.11,4.409510202574054,2
78.12,4.69992177629654,2
78.13,5.121520580668245,2
78.14,4.965995423340047,2
78.15,4.430356052266431,2
78.16,4.428587436251205,2
78.17,4.851600158490153,2
78.18,4.906279929058682,2
78.19,4.4258259118364105,2
78.2,4.743146750957301,2
78.21000000000001,4.894190542545228,2
78.22,5.087990408791187,2
78.23,5.300186124606779,2
78.24,5.016451353808853,2
78.25,5.21472501658653,2
78.26,4.910353655799251,2
78.27,4.484527323845909,2
78.28,4.201220861498756,2
78.29,4.377383425248278,2
78.3,4.223721796116297,2
78.31,4.61942354744548,2
78.32000000000001,4.873240433618753,2
78.33,4.976867067945489,2
78.34,5.270189328661161,2
78.35000000000001,4.810243837574414,2
78.36,5.000234455682201,2
78.37,5.062902289488638,2
78.38,4.595815694168805,2
78.39,4.332213699010766,2
78.4,4.254017231662314,2
78.41,4.175528851520634,2
78.42,4.146332654467439,2
78.43,3.956200808527072,2
78.44,4.379662874823661,2
78.45,3.991958578785119,2
78.46000000000001,3.6513555486807463,2
78.47,3.4191799237307423,2
78.48,3.2972353205812026,2
78.49,3.1653822373968286,2
78.5,3.724750999087669,2
78.51,3.5656913706923246,2
78.52,3.5746762529134966,2
78.53,3.2595671280608567,2
78.54,3.2006741908289644,2
78.55,3.4509921562414974,2
78.56,3.698691418344024,2
78.57000000000001,4.007663194940473,2
78.58,3.7242375050927397,2
78.59,3.561027418623218,2
78.60000000000001,3.836580489720882,2
78.61,3.8460729164875707,2
78.62,3.8443366620705706,2
78.63,4.027100504537001,2
78.64,4.306768402314731,2
78.65,4.078150068531033,2
78.66,4.0409533976473915,2
78.67,4.002897814327652,2
78.68,3.728133729763688,2
78.69,3.8402291219906797,2
78.7,3.7034602213445424,2
78.71000000000001,3.7316412828506227,2
78.72,3.942491887034803,2
78.73,4.024340956430177,2
78.74,3.7705901615587005,2
78.75,3.851262473857429,2
78.76,3.9054498040314503,2
78.77,3.7558926872285014,2
78.78,3.5357484504123016,2
78.79,3.625801510953862,2
78.8,3.2673545616656923,2
78.81,3.0380376821642656,2
78.82000000000001,2.7706296253544602,2
78.83,2.5501758891273054,2
78.84,2.55947945144244,2
78.85000000000001,3.0044299806150985,2
78.86,3.279178742869624,2
78.87,3.66948357347274,2
78.88,3.5294808939007187,2
78.89,3.006753554397438,2
78.9,2.9368297150002203,2
78.91,3.362641337378884,2
78.92,3.314869493514356,2
78.93,3.377198839081923,2
78.94,3.3786600534712634,2
78.95,3.638385240800805,2
78.96000000000001,3.90981732544636,2
78.97,3.479924737835522,2
78.98,2.8433876906340694,2
78.99,3.1445909023187517,2
79.0,3.169878596341169,2
79.01,3.438619084158466,2
79.02,3.4152745307323706,2
79.03,3.6213126556271917,2
79.04,3.6208512721472097,2
79.05,3.454902170366475,2
79.06,3.3970464177653965,2
79.07000000000001,3.409612134085375,2
79.08,3.6418320118595804,2
79.09,3.629024050459117,2
79.10000000000001,3.362424605778547,2
79.11,3.897839444424487,2
79.12,3.9962715338369215,2
79.13,4.3822578934766385,2
79.14,4.034493653723287,2
79.15,3.9591928345232903,2
79.16,4.017352682715756,2
79.17,4.202027623684993,2
79.18,3.647057249501554,2
79.19,3.156003779360913,2
79.2,3.053022710482234,2
79.21000000000001,3.3026511441799062,2
79.22,3.181751312187427,2
79.23,3.2276041085511737,2
79.24,3.319534812800556,2
79.25,3.152892726576819,2
79.26,3.6524538925470433,2
79.27,3.461944017291489,2
79.28,2.930643387211241,2
79.29,2.759251459892758,2
79.3,2.6471550152934795,2
79.31,2.8316392706308986,2
79.32000000000001,3.01223283396783,2
79.33,3.2772636319047077,2
79.34,3.8820363261665243,2
79.35000000000001,3.9018711408082987,2
79.36,4.150956107283139,2
79.37,4.009776526071403,2
79.38,4.090838576915309,2
79.39,3.982979499846239,2
79.4,3.9423783547996587,2
79.41,3.9952720740773686,2
79.42,4.274511171187907,2
79.43,4.231807254635398,2
79.44,4.192591510658894,2
79.45,4.262155393428361,2
79.46000000000001,4.484869788132781,2
79.47,4.03744381031053,2
79.48,4.1028063719842445,2
79.49,3.715389881179695,2
79.5,4.114787508244563,2
79.51,4.199285210443415,2
79.52,4.526883393144045,2
79.53,4.002499563115714,2
79.54,3.954401010471009,2
79.55,4.205557777241067,2
79.56,4.582833836653063,2
79.57000000000001,4.623841291490415,2
79.58,4.440297897134947,2
79.59,4.3197909047619625,2
79.60000000000001,3.9925429767095877,2
79.61,4.407735855760129,2
79.62,4.5514941457407625,2
79.63,4.445546894885736,2
79.64,4.555104787036612,2
79.65,4.4682998136368335,2
79.66,4.336090581008919,2
79.67,4.088450839995226,2
79.68,3.870532464208422,2
79.69,3.991337406645348,2
79.7,4.289000824614145,2
79.71000000000001,4.164788193357459,2
79.72,3.923675987615305,2
79.73,4.201166227373996,2
79.74,4.203443454498663,2
79.75,3.550634080491515,2
79.76,3.395748540147184,2
79.77,3.5889320595805296,2
79.78,3.4062849521891807,2
79.79,3.480159511427117,2
79.8,3.179614013297634,2
79.81,3.145078066693354,2
79.82000000000001,2.922619403624617,2
79.83,2.68138897525059,2
79.84,2.598305282277102,2
79.85000000000001,2.9857167095375177,2
79.86,3.2052756687276514,2
79.87,3.8660878958288625,2
79.88,3.7101160891162417,2
79.89,4.027869535995554,2
79.9,4.551565977297343,2
79.91,4.813159023755828,2
79.92,5.0536208975936425,2
79.93,4.982484955364885,2
79.94,4.949824984599564,2
79.95,4.5938684365423095,2
79.96000000000001,3.7774126485467567,2
79.97,3.857579989237334,2
79.98,3.599962635054825,2
79.99,3.519528083807181,2
80.0,3.333524154967276,2
80.01,3.491990543310586,2
80.02,3.4862374056476644,2
80.03,3.893867186753746,2
80.04,3.6995805802089405,2
80.05,3.7807844474324814,2
80.06,3.7485609446012744,2
80.07000000000001,3.690343290242357,2
80.08,3.6994910684548095,2
80.09,4.160341893259711,2
80.10000000000001,4.383178288918127,2
80.11,4.215575991097261,2
80.12,4.020974005370912,2
80.13,3.797215760895892,2
80.14,3.850260183565071,2
80.15,3.4356593182217843,2
80.16,3.431029113057501,2
80.17,3.5961766380631905,2
80.18,3.4310172694273433,2
80.19,3.4994330172385943,2
80.2,3.6246851318774347,2
80.21000000000001,3.1629366090820583,2
80.22,3.305129998179649,2
80.23,3.2446078865936396,2
80.24,3.8435907423545768,2
80.25,3.915362106798908,2
80.26,3.6634741056038798,2
80.27,3.1823045097791782,2
80.28,3.25003092612945,2
80.29,3.695076149490574,2
80.3,3.554136461250243,2
80.31,3.687859637879772,2
80.32000000000001,3.9288140902150555,2
80.33,4.130819897930499,2
80.34,4.116591239831662,2
80.35000000000001,3.918431191393698,2
80.36,3.8530156870499392,2
80.37,3.5646040642096724,2
80.38,3.3410351407670165,2
80.39,3.687348994596406,2
80.4,3.8135650370041336,2
80.41,3.9137016629869987,2
80.42,3.7190940243311448,2
80.43,4.086411721459504,2
80.44,4.011914608706135,2
80.45,4.047902905355325,2
80.46000000000001,4.373150793063228,2
80.47,4.1310770582018534,2
80.48,3.9379637384940174,2
80.49,4.237011648663166,2
80.5,4.4439160201439,2
80.51,4.496893053339031,2
80.52,3.830187173635635,2
80.53,4.209579289201432,2
80.54,4.015794105526143,2
80.55,3.8499078154521187,2
80.56,3.8082193184321604,2
80.57000000000001,3.4880080886609557,2
80.58,3.8844331671659416,2
80.59,3.9447836553695814,2
80.60000000000001,4.148459784840525,2
80.61,3.9141495289284305,2
80.62,4.2022713207195315,2
80.63,4.585415105438013,2
80.64,4.165764919731605,2
80.65,3.830445598366019,2
80.66,3.6192629191748917,2
80.67,3.9193443474913066,2
80.68,3.978691844878527,2
80.69,3.962051140964145,2
80.7,4.069902863573737,2
80.71000000000001,4.610343607244717,2
80.72,4.0546932339014505,2
80.73,3.9614106470616353,2
80.74,3.093642609189178,2
80.75,3.3278180071443444,2
80.76,3.7030171048231764,2
80.77,3.6458290745519415,2
80.78,3.866197447158351,2
80.79,3.444399548676848,2
80.8,3.635576198911167,2
80.81,4.36749739685941,2
80.82000000000001,4.222524831923493,2
80.83,4.31855541828377,2
80.84,4.119557395614067,2
80.85000000000001,4.157464101087266,2
80.86,4.4555767401629245,2
80.87,4.579801634509826,2
80.88,4.492825105830032,2
80.89,4.409852420328968,2
80.9,4.028411932319398,2
80.91,4.3140407260006075,2
80.92,4.494889151836073,2
80.93,4.089699034583823,2
80.94,4.130562477885297,2
80.95,3.8548989995137304,2
80.96000000000001,3.7403398218089654,2
80.97,3.9962582242834905,2
80.98,4.277023255354153,2
80.99,4.450806805338729,2
81.0,4.329050255532589,2
81.01,4.426634126257447,2
81.02,4.1650743884822665,2
81.03,4.3618500431819305,2
81.04,4.320489783806579,2
81.05,4.15391012974356,2
81.06,3.932028582008435,2
81.07000000000001,4.131047003519246,2
81.08,4.079158494994597,2
81.09,3.9325272572670973,2
81.10000000000001,3.7994748272265992,2
81.11,3.467255123290417,2
81.12,3.5677110106193197,2
81.13,3.692347594535181,2
81.14,3.3033116373499425,2
81.15,3.0681047089599054,2
81.16,2.694325363105657,2
81.17,3.16619462188445,2
81.18,3.4247673197111683,2
81.19,3.795083505903539,2
81.2,4.274643640224806,2
81.21000000000001,4.371629357573414,2
81.22,4.317443630476351,2
81.23,4.341009391487517,2
81.24,4.12423789302952,2
81.25,3.884137596091235,2
81.26,3.7765876675372962,2
81.27,3.7286264279852395,2
81.28,3.2853841448646848,2
81.29,3.0065316106826985,2
81.3,2.7459641064553586,2
81.31,2.499579434933217,2
81.32000000000001,2.830191127740975,2
81.33,2.852429604306251,2
81.34,2.912571238381792,2
81.35000000000001,3.1297689568705143,2
81.36,3.4499241895880273,2
81.37,3.6340299107524934,2
81.38,4.134639576054119,2
81.39,4.132388420804893,2
81.4,4.1750454864608395,2
81.41,3.986056604783967,2
81.42,3.450762875579704,2
81.43,3.528066776797162,2
81.44,3.8200230884049433,2
81.45,3.6277099678725633,2
81.46000000000001,3.5202161029225465,2
81.47,3.84029333537724,2
81.48,3.842384543251673,2
81.49,3.5965365310376733,2
81.5,3.3654715931081913,2
81.51,3.6148737402992186,2
81.52,3.616221404675121,2
81.53,3.6134208870883344,2
81.54,3.2611664863618253,2
81.55,3.47019965392334,2
81.56,3.8157099136577908,2
81.57000000000001,3.731456865536253,2
81.58,3.8742847453077194,2
81.59,3.771575755033999,2
81.60000000000001,3.9626763783723185,2
81.61,4.106329854990362,2
81.62,3.9868112065222006,2
81.63,3.3854187417911357,2
81.64,3.220368181740603,2
81.65,3.395970476696975,2
81.66,3.706829353078508,2
81.67,3.56480754734981,2
81.68,3.9892703692910643,2
81.69,4.41357510297661,2
81.7,4.570076386064726,2
81.71000000000001,4.1912111355289685,2
81.72,4.373638466013371,2
81.73,4.183730040405015,2
81.74,3.9972755740052293,2
81.75,4.125888416427788,2
81.76,4.2347222749546996,2
81.77,4.340458581030079,2
81.78,4.492542450583114,2
81.79,4.427156477324432,2
81.8,3.973940663377107,2
81.81,4.566636359259673,2
81.82000000000001,4.399213961469997,2
81.83,4.157334227014506,2
81.84,3.7973984821231803,2
81.85000000000001,3.8606357888706735,2
81.86,3.884686888297371,2
81.87,3.862128328805101,2
81.88,4.300449431608552,2
81.89,4.456997486328713,2
81.9,4.122958216330327,2
81.91,4.698252306452311,2
81.92,4.199112431906388,2
81.93,4.146406346321881,2
81.94,3.924873179115671,2
81.95,4.037353193867169,2
81.96000000000001,4.213853701590057,2
81.97,4.075481447306749,2
81.98,4.365556982599995,2
81.99,4.385403025830368,2
82.0,4.760806662417195,2
82.01,4.947959647757057,2
82.02,4.719644998044893,2
82.03,4.946640953614096,2
82.04,4.6691607873793695,2
82.05,4.779751224674725,2
82.06,4.850946211329093,2
82.07000000000001,4.619360026106804,2
82.08,3.9923728623369437,2
82.09,4.411813164695428,2
82.10000000000001,4.489300687110522,2
82.11,4.446193732513675,2
82.12,4.406882978738016,2
82.13,4.642376572988784,2
82.14,5.19728992715642,2
82.15,5.333335234306608,2
82.16,5.304141153645077,2
82.17,5.254749341700002,2
82.18,5.232414222667838,2
82.19,4.824771679472566,2
82.2,4.908050795320633,2
82.21000000000001,4.4459190156377515,2
82.22,4.526523879330265,2
82.23,4.340248779743588,2
82.24,4.551512115838594,2
82.25,4.604217618081089,2
82.26,4.4444039299003215,2
82.27,4.113651134241896,2
82.28,4.520533421825425,2
82.29,4.444010775990247,2
82.3,4.892552222567923,2
82.31,4.454496472524789,2
82.32000000000001,4.337383369189142,2
82.33,3.6659621566922835,2
82.34,3.913631379433491,2
82.35000000000001,4.159748654428993,2
82.36,3.972331632427586,2
82.37,3.7896969922173396,2
82.38,3.7006740111924596,2
82.39,3.6626410204015256,2
82.4,3.5378549602993274,2
82.41,3.8903243158808367,2
82.42,3.768453314257501,2
82.43,3.254326619370673,2
82.44,3.2566848300861033,2
82.45,3.185834653810139,2
82.46000000000001,2.896712404426473,2
82.47,3.060618514578034,2
82.48,2.6088515080432355,2
82.49,2.855879100622301,2
82.5,2.960925996322909,2
82.51,2.9052206372292146,2
82.52,2.690027937571685,2
82.53,2.406409967576798,2
82.54,2.815580341495415,2
82.55,2.84917257544955,2
82.56,2.4886290092792636,2
82.57000000000001,2.636426488996468,2
82.58,2.6953817561393696,2
82.59,3.2261790791127147,2
82.60000000000001,3.186844313549282,2
82.61,3.545652316144534,2
82.62,3.529101789031751,2
82.63,3.241402865956137,2
82.64,3.450864918375508,2
82.65,3.8507626332620766,2
82.66,4.122633868883466,2
82.67,4.199324891662161,2
82.68,4.461952057124196,2
82.69,4.4640148311978,2
82.7,4.440824389486744,2
82.71000000000001,3.979509512209919,2
82.72,4.041712072400698,2
82.73,4.464786787308396,2
82.74,3.954777818928699,2
82.75,3.5875245604710932,2
82.76,3.5361001919306703,2
82.77,3.198375410649891,2
82.78,3.4724139088022103,2
82.79,3.0357106377276755,2
82.8,3.3249718907891608,2
82.81,3.67703321672411,2
82.82000000000001,3.895449042275403,2
82.83,3.9116939720518276,2
82.84,4.071898744548898,2
82.85000000000001,3.7373792010945217,2
82.86,3.837225038479988,2
82.87,3.6782937882576436,2
82.88,3.9628453636182908,2
82.89,4.167788927129978,2
82.9,3.921405246162903,2
82.91,4.02889964050907,2
82.92,4.137390581094487,2
82.93,3.9893330075928284,2
82.94,3.9967619679850426,2
82.95,4.142019573524023,2
82.96000000000001,3.998419279271058,2
82.97,3.7475886610773332,2
82.98,3.837384297071585,2
82.99,4.273932453273632,2
83.0,4.203309840462047,2
83.01,4.083197232486349,2
83.02,3.85030861921401,2
83.03,4.191126726191729,2
83.04,4.419980109058433,2
83.05,4.336554032180415,2
83.06,4.079812325722646,2
83.07000000000001,3.8461215340169312,2
83.08,3.6191420147398112,2
83.09,3.517471508179669,2
83.10000000000001,3.406842554488033,2
83.11,3.257037414847531,2
83.12,3.6472809149665433,2
83.13,4.131703355134217,2
83.14,3.80989725556715,2
83.15,3.6670276871941274,2
83.16,3.431756109619242,2
83.17,3.5788162768328085,2
83.18,3.5246601126616937,2
83.19,3.2801892431333926,2
83.2,3.820402285656259,2
83.21000000000001,3.976541658760611,2
83.22,3.7013822424918548,2
83.23,4.158136733296528,2
83.24,3.8173872280282435,2
83.25,4.0097400950227975,2
83.26,4.693809265008075,2
83.27,4.587257669277887,2
83.28,4.446851579538378,2
83.29,4.449651281661189,2
83.3,5.035230771386434,2
83.31,5.349963717111467,2
83.32000000000001,5.089342989632586,2
83.33,5.0666915097659695,2
83.34,5.2215096244179815,2
83.35000000000001,4.977815019807172,2
83.36,4.559421079593065,2
83.37,4.810705730603272,2
83.38,4.874064965502601,2
83.39,4.877001933503295,2
83.4,5.102908417015508,2
83.41,4.668126020228884,2
83.42,4.5356629596432825,2
83.43,5.229570201129966,2
83.44,5.267444589680392,2
83.45,5.31863417933158,2
83.46000000000001,5.216758929696145,2
83.47,4.573439289124657,2
83.48,4.284333952295086,2
83.49,4.514707990919543,2
83.5,4.309722270082932,2
83.51,4.23060363146782,2
83.52,4.290103605883067,2
83.53,3.984311457370239,2
83.54,3.6225272030727083,2
83.55,3.6567125520723307,2
83.56,3.585988017255778,2
83.57000000000001,3.6919335277120098,2
83.58,3.31706838634992,2
83.59,3.2338612525764807,2
83.60000000000001,3.505669129307752,2
83.61,4.389732745011272,2
83.62,4.384563779038987,2
83.63,4.536176111383841,2
83.64,4.620705226228233,2
83.65,4.641779894162361,2
83.66,4.770840007392192,2
83.67,4.422084863556346,2
83.68,4.278681057866746,2
83.69,4.3216157677696225,2
83.7,4.01565336804515,2
83.71000000000001,4.136862201467331,2
83.72,3.580194241861476,2
83.73,3.852287499811572,2
83.74,3.8244433236897213,2
83.75,4.03866032248619,2
83.76,4.317247939395774,2
83.77,4.684933215549362,2
83.78,4.692565804117177,2
83.79,4.132232561473405,2
83.8,3.6199720049665522,2
83.81,3.299655755570856,2
83.82000000000001,3.573755743028529,2
83.83,3.217273239068371,2
83.84,3.2291875035516777,2
83.85000000000001,3.1866484862864786,2
83.86,3.3702251375885535,2
83.87,3.635851225236326,2
83.88,3.6991589325602914,2
83.89,3.9564033016566382,2
83.9,3.6489205524554027,2
83.91,3.973250717053122,2
83.92,4.013165562002339,2
83.93,4.2270714457105,2
83.94,4.057830011943178,2
83.95,3.4710056628116535,2
83.96000000000001,3.7124911288059255,2
83.97,3.700604766129975,2
83.98,4.07105790420903,2
83.99,4.183477245825497,2
84.0,5.001490628616775,2
84.01,5.261419400464089,2
84.02,5.064857436829877,2
84.03,4.509330153892917,2
84.04,4.2115036402811885,2
84.05,3.924704832251069,2
84.06,3.7846143949398456,2
84.07000000000001,3.770642305458963,2
84.08,3.8836106260551873,2
84.09,4.284580871450251,2
84.10000000000001,4.00940031523988,2
84.11,3.6150562109533477,2
84.12,3.8889946170331653,2
84.13,4.277565651780209,2
84.14,4.110846001129499,2
84.15,4.394742298497591,2
84.16,4.5735062868271905,2
84.17,4.032123128211749,2
84.18,3.848530234196647,2
84.19,3.72859891966072,2
84.2,4.319166848419035,2
84.21000000000001,4.4313527337625125,2
84.22,4.245589895507846,2
84.23,4.023510606489521,2
84.24,3.576355794534136,2
84.25,3.9207866568146765,2
84.26,4.040799950630876,2
84.27,4.212226685280259,2
84.28,3.826763467664984,2
84.29,4.052559013414825,2
84.3,3.9798497586816515,2
84.31,3.775848742245689,2
84.32000000000001,3.9436397086621326,2
84.33,3.609256408445823,2
84.34,3.699057395437445,2
84.35000000000001,3.653941936106714,2
84.36,3.9924246665330623,2
84.37,4.245880401954789,2
84.38,4.2470373133216,2
84.39,4.3019276194217175,2
84.4,4.441336640821866,2
84.41,4.39462452821308,2
84.42,4.123484560946528,2
84.43,3.9743132910368417,2
84.44,3.6310578749977034,2
84.45,3.930146607253099,2
84.46000000000001,4.04986925706436,2
84.47,3.9250128978815457,2
84.48,3.727137839143592,2
84.49,3.8213807586693505,2
84.5,3.43890502600325,2
84.51,3.1922279106485534,2
84.52,3.2674557055484477,2
84.53,4.032344138417497,2
84.54,4.157285833418169,2
84.55,4.194057781100076,2
84.56,3.842936240251322,2
84.57000000000001,3.5942877367234125,2
84.58,4.019140775990112,2
84.59,3.886359493516692,2
84.60000000000001,3.917741920813325,2
84.61,4.093644136516059,2
84.62,3.965268671921535,2
84.63,3.8248972832040997,2
84.64,3.353728388531758,2
84.65,3.073883018611798,2
84.66,3.332757796713247,2
84.67,3.2752315039980453,2
84.68,3.5371125896609357,2
84.69,3.1343854953034054,2
84.7,3.450818617363673,2
84.71000000000001,3.4945014377472927,2
84.72,3.128370581955233,2
84.73,3.535465339425592,2
84.74,3.1833719834533927,2
84.75,3.5702648661263034,2
84.76,3.60408262735238,2
84.77,3.390473361036922,2
84.78,3.9751315446958535,2
84.79,4.092431462024607,2
84.8,4.427356585731135,2
84.81,4.50718657619848,2
84.82000000000001,4.395143209919795,2
84.83,4.1089226535493735,2
84.84,4.046691399393728,2
84.85000000000001,4.088323763660145,2
84.86,4.3108617174403046,2
84.87,4.168387480984095,2
84.88,4.297050447705634,2
84.89,4.742910707338178,2
84.9,4.713444412165853,2
84.91,4.087040718250735,2
84.92,4.092079262348811,2
84.93,4.056041061764753,2
84.94,4.014639125095594,2
84.95,3.561077126001082,2
84.96000000000001,3.683300532964733,2
84.97,3.564270986790616,2
84.98,3.57794392972846,2
84.99,3.8887459611272166,2
85.0,3.66994310562006,2
85.01,3.673937594823735,2
85.02,3.6492373601343746,2
85.03,3.6373456007893137,2
85.04,3.54788657748655,2
85.05,3.4826187026407176,2
85.06,4.008949618619155,2
85.07000000000001,3.888242867681339,2
85.08,3.976121024239693,2
85.09,4.008246658709838,2
85.10000000000001,4.028062385575793,2
85.11,4.1613209623077525,2
85.12,3.9658535551929197,2
85.13,4.366329434401699,2
85.14,4.0690189506261625,2
85.15,4.0155003189767875,2
85.16,3.6777634097405425,2
85.17,3.964143921347858,2
85.18,3.706732375457676,2
85.19,3.9501704138297047,2
85.2,4.030206522419451,2
85.21000000000001,4.077105182765717,2
85.22,4.385657517626645,2
85.23,4.175816790638724,2
85.24,4.573876390105921,2
85.25,4.407697769757772,2
85.26,4.489243611413864,2
85.27,4.385530146822702,2
85.28,4.521858306598773,2
85.29,4.185575361224009,2
85.3,4.1973664300660625,2
85.31,4.182791813032645,2
85.32000000000001,4.288062737629237,2
85.33,4.37413847188953,2
85.34,4.0929005126554125,2
85.35000000000001,4.453699753153432,2
85.36,4.3920273607509905,2
85.37,4.559795670250785,2
85.38,4.146572389470089,2
85.39,4.014428771165378,2
85.4,4.31858677748855,2
85.41,4.750069066960222,2
85.42,4.795286856138751,2
85.43,4.690800719101,2
85.44,4.320751623876435,2
85.45,4.514570932986195,2
85.46000000000001,4.549960938354704,2
85.47,3.828220316651943,2
85.48,3.3544497094041597,2
85.49,3.518245085904823,2
85.5,3.3306373172450163,2
85.51,3.1030337438178197,2
85.52,3.1632502856548346,2
85.53,3.3441645674409353,2
85.54,3.8150316293957207,2
85.55,3.6019309787219616,2
85.56,3.7652148763274105,2
85.57000000000001,3.4978259733588954,2
85.58,3.407752291054883,2
85.59,3.520495657495998,2
85.60000000000001,3.526613300575897,2
85.61,3.1868780967174293,2
85.62,3.413666860881968,2
85.63,3.6823143485093883,2
85.64,4.382533434842639,2
85.65,4.4071545629108195,2
85.66,4.415663562471364,2
85.67,4.4600198491494405,2
85.68,4.027511783068059,2
85.69,3.657666764409013,2
85.7,3.6684943042392533,2
85.71000000000001,3.050835228703521,2
85.72,2.8253867282656513,2
85.73,2.801871100257866,2
85.74,3.2075090545012173,2
85.75,3.3602399929882076,2
85.76,2.9941440826430843,2
85.77,3.0833190176403105,2
85.78,3.3402924972915224,2
85.79,3.6086096017737446,2
85.8,3.9439712737456434,2
85.81,4.289016542427293,2
85.82000000000001,4.421584720364406,2
85.83,4.517433767093129,2
85.84,4.5315797041258765,2
85.85000000000001,4.7170921223316515,2
85.86,4.422163886249201,2
85.87,4.32203017544724,2
85.88,4.091672765465,2
85.89,4.205341945020139,2
85.9,4.111468991100728,2
85.91,4.38745816180768,2
85.92,4.363512494973852,2
85.93,4.628486770194812,2
85.94,3.9674804740348897,2
85.95,3.7667858427015646,2
85.96000000000001,4.055917261669555,2
85.97,4.056083831611401,2
85.98,4.349634850566805,2
85.99,4.3857591751940275,2
86.0,4.082595933496589,2
86.01,4.582469685482803,2
86.02,4.336248969181573,2
86.03,4.091362886877015,2
86.04,4.314467862803797,2
86.05,4.024795363892676,2
86.06,3.655913032844425,2
86.07000000000001,3.4728221979624627,2
86.08,3.757915981668023,2
86.09,4.388326433111352,2
86.10000000000001,4.3508780333176675,2
86.11,4.110618377728544,2
86.12,4.449355286267463,2
86.13,4.230091994158292,2
86.14,4.081245395679946,2
86.15,4.191151543105386,2
86.16,4.495342692558845,2
86.17,4.465788674388438,2
86.18,4.318708705282003,2
86.19,4.944523966863999,2
86.2,4.660045469651852,2
86.21000000000001,4.435452596642214,2
86.22,4.281885276502772,2
86.23,4.409850198814764,2
86.24,4.236517754862806,2
86.25,4.444417996281637,2
86.26,4.385299813804483,2
86.27,4.256371103083716,2
86.28,4.071505364932086,2
86.29,4.057234211562282,2
86.3,4.178192278327281,2
86.31,4.150418894078898,2
86.32000000000001,4.201256252035258,2
86.33,3.961505394333303,2
86.34,3.7624960477608025,2
86.35000000000001,3.7848965994582016,2
86.36,3.840287299981246,2
86.37,3.869795726506882,2
86.38,3.715562839491273,2
86.39,3.7646552017077575,2
86.4,3.7953901818951534,2
86.41,3.7815231490773487,2
86.42,3.618583882826139,2
86.43,3.8038441657114834,2
86.44,3.820105084046022,2
86.45,3.625526610290556,2
86.46000000000001,3.627562687628727,2
86.47,3.4996950901152997,2
86.48,3.5506198144881904,2
86.49,4.000225216553716,2
86.5,4.042098702600636,2
86.51,4.094972514004812,2
86.52,4.489026750657903,2
86.53,4.516926435406255,2
86.54,4.588122509985188,2
86.55,4.5702031483855405,2
86.56,4.404176350703234,2
86.57000000000001,4.490714774034709,2
86.58,4.923915109196434,2
86.59,4.457290865499735,2
86.60000000000001,4.28202245266976,2
86.61,4.012141611502064,2
86.62,3.8009054340458333,2
86.63,4.167449351286546,2
86.64,4.105872141322557,2
86.65,4.30012198155499,2
86.66,4.081120810359045,2
86.67,3.890305384913846,2
86.68,3.612934901577506,2
86.69,4.061063103709862,2
86.7,4.274567414108487,2
86.71000000000001,3.949471368769982,2
86.72,4.278161262184251,2
86.73,4.1768213991854095,2
86.74,4.287548793638813,2
86.75,4.27211364807952,2
86.76,3.8378664755121448,2
86.77,3.6195566229084455,2
86.78,4.041211821565719,2
86.79,4.303220975750035,2
86.8,3.9834337889065403,2
86.81,4.044018253627772,2
86.82000000000001,3.97880074900784,2
86.83,4.304468742104387,2
86.84,4.2159744660616045,2
86.85000000000001,3.9767340411307557,2
86.86,4.187898783710664,2
86.87,4.506016030090391,2
86.88,4.566915862635054,2
86.89,4.67231712750517,2
86.9,4.266458185943985,2
86.91,3.877741941553737,2
86.92,3.50747503218036,2
86.93,3.8544472022172633,2
86.94,3.759288444198944,2
86.95,4.017473937872961,2
86.96000000000001,3.845657226970112,2
86.97,3.856970951059471,2
86.98,3.6430004128655162,2
86.99,3.5858905216205117,2
87.0,3.1429287410253046,2
87.01,3.1386374999848106,2
87.02,3.1097580531384765,2
87.03,2.7185666194379845,2
87.04,2.96706478529501,2
87.05,3.233068983993611,2
87.06,3.122187301344544,2
87.07000000000001,2.8684908068139054,2
87.08,3.4719135875763474,2
87.09,3.5973003902135456,2
87.10000000000001,2.9632434993096552,2
87.11,2.9455619110126077,2
87.12,2.8663904096378245,2
87.13,2.7742119095239213,2
87.14,3.2062381077266893,2
87.15,3.357283458196096,2
87.16,3.6015559749224426,2
87.17,3.602327651193114,2
87.18,3.883873633408079,2
87.19,3.78971880447154,2
87.2,3.876718878200198,2
87.21000000000001,4.027113709811851,2
87.22,3.8479091202808804,2
87.23,3.2690914795257164,2
87.24,2.8624496228220426,2
87.25,3.631233077490454,2
87.26,3.852591670658731,2
87.27,4.065149041297267,2
87.28,4.461379239848499,2
87.29,4.096522737738753,2
87.3,3.8816544510181887,2
87.31,3.580469909412318,2
87.32000000000001,4.290110850247327,2
87.33,3.978384160573146,2
87.34,4.335909731968111,2
87.35000000000001,4.115632006596672,2
87.36,4.128236557935915,2
87.37,4.475329153949743,2
87.38,4.50882613994382,2
87.39,4.420643336263327,2
87.4,5.021275728563881,2
87.41,4.399549314247335,2
87.42,4.0921099453313845,2
87.43,3.9951776032976443,2
87.44,4.291533329793141,2
87.45,4.119687669970547,2
87.46000000000001,4.38190045931274,2
87.47,3.855698103635558,2
87.48,4.195469719806006,2
87.49,4.429095436211808,2
87.5,4.081679259491749,2
87.51,4.0637380491193555,2
87.52,3.9810331521645,2
87.53,4.110474099775255,2
87.54,4.428420534408882,2
87.55,4.192055036744152,2
87.56,4.277531452480232,2
87.57000000000001,4.319372556951471,2
87.58,4.3228448319777835,2
87.59,4.702899655346516,2
87.60000000000001,4.678096072307359,2
87.61,4.2660437195125995,2
87.62,4.448490251757697,2
87.63,4.857238376188445,2
87.64,4.811180015143927,2
87.65,5.1131370358060995,2
87.66,4.883014539655504,2
87.67,4.912088129929992,2
87.68,4.378115951312887,2
87.69,4.167524746706089,2
87.7,4.19855924199431,2
87.71000000000001,4.368456421849811,2
87.72,4.455321302368433,2
87.73,4.77254056361958,2
87.74,4.262082709363299,2
87.75,4.652295389553812,2
87.76,4.384856393706028,2
87.77,3.9982700385418406,2
87.78,4.29225407325934,2
87.79,3.9478399118743317,2
87.8,4.353566379131684,2
87.81,3.699958650570758,2
87.82000000000001,3.515853332247307,2
87.83,3.8127683272364186,2
87.84,4.021981558928719,2
87.85000000000001,3.273448071593291,2
87.86,3.158043416236396,2
87.87,2.756114981543836,2
87.88,2.919746222841847,2
87.89,3.0422687602974743,2
87.9,3.0678622111385563,2
87.91,3.1308412585901033,2
87.92,2.905663602025162,2
87.93,2.8071306172045984,2
87.94,3.2286421568819854,2
87.95,3.167035533682933,2
87.96000000000001,3.0884089436392346,2
87.97,3.50250529489618,2
87.98,3.218238931081494,2
87.99,3.715642054083393,2
88.0,4.1874224696327635,2
88.01,3.8809517659485193,2
88.02,4.1537048535160945,2
88.03,3.525775882856478,2
88.04,3.602023282421123,2
88.05,3.356064976837548,2
88.06,3.563624552212954,2
88.07000000000001,3.696470770495269,2
88.08,3.648432454210101,2
88.09,3.373900622493806,2
88.10000000000001,3.6964067785402923,2
88.11,3.7178963304378305,2
88.12,3.545676105446974,2
88.13,3.445678056197102,2
88.14,3.47402927898098,2
88.15,3.498494784723957,2
88.16,3.636449247626248,2
88.17,3.943619997626021,2
88.18,4.2460432919338835,2
88.19,4.157287279518957,2
88.2,4.261982646227736,2
88.21000000000001,4.178938235013948,2
88.22,4.504857532662094,2
88.23,4.416858091838297,2
88.24,4.4094459724177515,2
88.25,4.361194464628797,2
88.26,4.455707307989858,2
88.27,4.589054013703249,2
88.28,4.9225754706486935,2
88.29,5.173551313218604,2
88.3,5.06844723219252,2
88.31,4.949402795645787,2
88.32000000000001,4.790712094975404,2
88.33,4.99728989366194,2
88.34,4.967066185334631,2
88.35000000000001,5.567828177325776,2
88.36,5.3930394127723575,2
88.37,5.684818015034716,2
88.38,5.949882467983241,2
88.39,6.18089081405059,2
88.4,5.869421243272303,2
88.41,5.65859159327397,2
88.42,5.446806871574215,2
88.43,5.7196328815721555,2
88.44,5.420120970099723,2
88.45,5.114251512324713,2
88.46000000000001,5.199402350240956,2
88.47,4.70327081559369,2
88.48,4.850588585101113,2
88.49,4.442190286727369,2
88.5,4.28132971847138,2
88.51,4.580561076495544,2
88.52,4.365042744602956,2
88.53,4.415390807869395,2
88.54,4.716304158026358,2
88.55,4.322025459500759,2
88.56,4.338869224544094,2
88.57000000000001,4.488253132065778,2
88.58,4.037138277008338,2
88.59,3.73941362842107,2
88.60000000000001,4.223272182028536,2
88.61,3.876231078980012,2
88.62,3.789564223622253,2
88.63,3.2394641305530367,2
88.64,3.0928730059116685,2
88.65,3.4034958418363432,2
88.66,3.7347359845697756,2
88.67,3.986161535529194,2
88.68,3.9776718409461465,2
88.69,3.675309194265368,2
88.7,3.82493460167621,2
88.71000000000001,3.7173354038419095,2
88.72,3.2899525341829867,2
88.73,3.369142383468156,2
88.74,3.792073361834519,2
88.75,4.127454594715822,2
88.76,4.448332567033311,2
88.77,4.489287933574552,2
88.78,4.176969556567614,2
88.79,4.325618409796483,2
88.8,4.335866946446339,2
88.81,4.229434178697485,2
88.82000000000001,4.395404854381667,2
88.83,4.485297683318388,2
88.84,4.261175805210067,2
88.85000000000001,4.0462724002542325,2
88.86,3.715039549569605,2
88.87,3.81624947736007,2
88.88,4.091652489889331,2
88.89,3.9149400659680453,2
88.9,3.6213975472523137,2
88.91,3.801884267230731,2
88.92,4.269027997216563,2
88.93,4.806000970171853,2
88.94,5.154746112646832,2
88.95,5.025284220922523,2
88.96000000000001,4.667555019850265,2
88.97,4.772976301482216,2
88.98,4.675669582679991,2
88.99,4.551667369618532,2
89.0,5.034990982241894,2
89.01,5.324028537258032,2
89.02,5.372071448908278,2
89.03,5.2075352704085764,2
89.04,5.088926467363126,2
89.05,4.542550050675864,2
89.06,4.784664710505909,2
89.07000000000001,5.073753785432881,2
89.08,4.749777354477806,2
89.09,4.496864305952254,2
89.10000000000001,4.723466190191314,2
89.11,4.559208463007354,2
89.12,4.825042295797411,2
89.13,4.520992249424732,2
89.14,4.380539624319749,2
89.15,4.489420506706438,2
89.16,4.348768810400407,2
89.17,4.205799509404072,2
89.18,4.070755531877497,2
89.19,4.260589426617633,2
89.2,4.507348620365727,2
89.21000000000001,4.596224291098933,2
89.22,4.338964292143225,2
89.23,4.692627924147704,2
89.24,4.695710874474288,2
89.25,4.923785630939087,2
89.26,4.465886549776198,2
89.27,4.750088173681208,2
89.28,4.569592281625713,2
89.29,4.387281775422423,2
89.3,4.4633674784349795,2
89.31,3.8360520066329578,2
89.32000000000001,3.9515921175517006,2
89.33,3.87802852953921,2
89.34,4.290877106331631,2
89.35000000000001,4.338642385253427,2
89.36,4.02337296114663,2
89.37,3.794044072677029,2
89.38,3.1178133954236897,2
89.39,3.8941875499908085,2
89.4,3.195247682805598,2
89.41,3.122542649985317,2
89.42,3.4203121116573887,2
89.43,3.8940727507834034,2
89.44,4.4158513133496795,2
89.45,4.3460439805416,2
89.46000000000001,4.453753325038945,2
89.47,4.321826848665407,2
89.48,3.8487881449269232,2
89.49,3.5677190149890032,2
89.5,3.124590794649092,2
89.51,3.3016854303992544,2
89.52,3.274549489443453,2
89.53,3.293971308319783,2
89.54,3.5550244380114924,2
89.55,3.6696327361030843,2
89.56,3.8903313977052645,2
89.57000000000001,4.414558182609619,2
89.58,4.1480970520926945,2
89.59,3.602482663022742,2
89.60000000000001,3.4778121097483288,2
89.61,3.4714702387810936,2
89.62,3.6477436294925467,2
89.63,3.888126214148577,2
89.64,3.597680800358805,2
89.65,3.2943572497558766,2
89.66,3.7515237435610116,2
89.67,3.866659618765264,2
89.68,3.9800975425431706,2
89.69,4.056980812659214,2
89.7,4.093184457743775,2
89.71000000000001,4.020234440272208,2
89.72,3.8173259576389675,2
89.73,3.6827426252805027,2
89.74,4.328193136450382,2
89.75,4.806616589167403,2
89.76,4.988639904399063,2
89.77,4.870736213853514,2
89.78,4.943814260441737,2
89.79,4.445891017897511,2
89.8,4.683635852084445,2
89.81,4.547190473298253,2
89.82000000000001,4.496821787359766,2
89.83,4.4749062492450005,2
89.84,4.376680124042685,2
89.85000000000001,4.566724225578494,2
89.86,4.9619044982747855,2
89.87,5.108519667657522,2
89.88,5.016345518976576,2
89.89,4.612675500904757,2
89.9,4.5626146213693834,2
89.91,4.484469892040759,2
89.92,4.669620836436516,2
89.93,4.420036482149065,2
89.94,4.126417192913678,2
89.95,4.1983192121900945,2
89.96000000000001,4.439255899279891,2
89.97,4.43865682828833,2
89.98,4.668584574278438,2
89.99,4.240223901989529,2
90.0,4.350363180803205,2
90.01,3.9521337743394644,2
90.02,4.7126465697684985,2
90.03,5.021259294904077,2
90.04,5.028214513458519,2
90.05,4.470956203347834,2
90.06,4.03426163169588,2
90.07000000000001,4.567863208084441,2
90.08,4.183091036249749,2
90.09,4.306485580142479,2
90.10000000000001,4.792439056481533,2
90.11,4.743207556503511,2
90.12,4.330313218401032,2
90.13,3.7942852180862774,2
90.14,3.923325451388316,2
90.15,3.6182092783290445,2
90.16,3.6570363196142606,2
90.17,3.389491511476881,2
90.18,3.280136553743791,2
90.19,3.190793931526797,2
90.2,3.197699972668388,2
90.21000000000001,3.0681540009086063,2
90.22,3.242025277395903,2
90.23,3.600391551806483,2
90.24,3.538291290796836,2
90.25,3.6583699150347724,2
90.26,3.4275539201364653,2
90.27,3.040686722586522,2
90.28,3.2504268499303155,2
90.29,3.5746094104389536,2
90.3,3.074966575998433,2
90.31,3.14159553695033,2
90.32000000000001,3.3499007563794287,2
90.33,3.496890419286837,2
90.34,3.380011034844196,2
90.35000000000001,3.4554901222334125,2
90.36,3.772412032496706,2
90.37,3.551555482900765,2
90.38,4.0369371517657875,2
90.39,3.640006359854987,2
90.4,3.9303711912381667,2
90.41,3.952632640580338,2
90.42,3.811519349689659,2
90.43,3.3085286955084365,2
90.44,3.7148914725522824,2
90.45,3.478749045214166,2
90.46000000000001,3.522379910607443,2
90.47,3.7035985662299646,2
90.48,4.407344647004851,2
90.49,4.265837057715381,2
90.5,4.253718155740079,2
90.51,4.345663674872047,2
90.52,4.344082080439556,2
90.53,4.093984867225653,2
90.54,4.5054179380274215,2
90.55,4.324279884676142,2
90.56,4.424485250562978,2
90.57000000000001,4.320585561832234,2
90.58,4.116873508485385,2
90.59,4.402183154120957,2
90.60000000000001,4.436464969553072,2
90.61,3.7739284966724607,2
90.62,3.880896710261358,2
90.63,3.715134772994074,2
90.64,3.2934587365106216,2
90.65,3.6351286585398075,2
90.66,3.455278907772212,2
90.67,3.584085783080062,2
90.68,3.8862885153686815,2
90.69,3.828962050604254,2
90.7,3.9172400611030143,2
90.71000000000001,3.7326262156032306,2
90.72,4.072136419707654,2
90.73,4.013428914537808,2
90.74,4.164368035318013,2
90.75,4.574452353505757,2
90.76,3.992427666470148,2
90.77,3.799052441680304,2
90.78,3.770193734824979,2
90.79,3.8293311941615498,2
90.8,4.020754690093072,2
90.81,4.364569787326235,2
90.82000000000001,4.116916970255641,2
90.83,4.048075336662819,2
90.84,4.361100797120717,2
90.85000000000001,4.420760727868354,2
90.86,3.8968516297287747,2
90.87,3.4018949330689603,2
90.88,3.3231528150331666,2
90.89,3.547236127270574,2
90.9,3.7436216095535,2
90.91,3.51620219192444,2
90.92,3.752594007887036,2
90.93,3.8487139127381913,2
90.94,3.5574709019105737,2
90.95,3.431320266110337,2
90.96000000000001,2.937225326923235,2
90.97,2.706076204193856,2
90.98,2.3017475338625255,2
90.99,2.033333533885061,2
91.0,2.7057986162437073,2
91.01,2.7218672840446447,2
91.02,2.347071827727241,2
91.03,2.631004583360455,2
91.04,2.8500398232775885,2
91.05,3.0196933669574797,2
91.06,2.870317925278596,2
91.07000000000001,3.1597229784865095,2
91.08,2.9327116640152644,2
91.09,3.2643033213837143,2
91.10000000000001,3.5885072224144903,2
91.11,3.6114549529319664,2
91.12,3.235426432355099,2
91.13,3.539253637301716,2
91.14,3.4199883387988756,2
91.15,3.555723315473073,2
91.16,3.7958663454234465,2
91.17,3.5868805180650756,2
91.18,4.236130009999246,2
91.19,4.200085297408395,2
91.2,3.9900366393886877,2
91.21000000000001,4.274200435084817,2
91.22,4.6858990172957204,2
91.23,4.031741401682684,2
91.24,3.6372515899896367,2
91.25,3.453776011791586,2
91.26,4.107194186788016,2
91.27,3.9607270363010842,2
91.28,4.395553224540322,2
91.29,4.418361502733762,2
91.3,3.9656133220532555,2
91.31,4.2185578765961225,2
91.32000000000001,4.2865028167619625,2
91.33,4.013548482257241,2
91.34,3.824982332065713,2
91.35000000000001,3.5451017207052296,2
91.36,3.413585484094361,2
91.37,3.658786014491461,2
91.38,3.4368647829905137,2
91.39,3.5170875764858374,2
91.4,3.654301951468288,2
91.41,3.6734190724078952,2
91.42,3.2483133563644855,2
91.43,3.5356598291716788,2
91.44,3.2518979470191836,2
91.45,3.163777504207954,2
91.46000000000001,3.1170276288030756,2
91.47,3.1963006008868438,2
91.48,3.303935602632151,2
91.49,3.5678641031563405,2
91.5,3.5227371224843065,2
91.51,3.2257153125355122,2
91.52,3.611141656588835,2
91.53,3.536404637084742,2
91.54,3.5303655554157527,2
91.55,3.2937737820881905,2
91.56,3.1191378505122356,2
91.57000000000001,3.615907660750311,2
91.58,3.26471721810594,2
91.59,2.9905314118753097,2
91.60000000000001,2.9605053834413146,2
91.61,3.154595590226938,2
91.62,2.965034557315137,2
91.63,2.621397164451574,2
91.64,2.4134484513578847,2
91.65,2.454284291735175,2
91.66,2.3253475922703744,2
91.67,3.122744693307704,2
91.68,3.7720841738841067,2
91.69,4.125120864395746,2
91.7,4.219262328567873,2
91.71000000000001,4.3045384800304,2
91.72,4.648669054881947,2
91.73,4.62084908886253,2
91.74,4.325446334519286,2
91.75,4.894468493112617,2
91.76,4.968000048080698,2
91.77,5.2828901010746785,2
91.78,5.668028784477939,2
91.79,4.999100587861684,2
91.8,4.654402562976316,2
91.81,4.531354352194936,2
91.82000000000001,4.620149489775188,2
91.83,4.817815975999582,2
91.84,4.718134731812301,2
91.85000000000001,5.012608101182052,2
91.86,5.084011102620504,2
91.87,5.144786998202547,2
91.88,4.95188677287235,2
91.89,4.946165608093933,2
91.9,4.9390707906111455,2
91.91,5.117950935891005,2
91.92,4.6329408043825335,2
91.93,4.768584966788927,2
91.94,4.2252576219024665,2
91.95,3.9609631787849913,2
91.96000000000001,4.137041128662587,2
91.97,3.8858647374895363,2
91.98,3.9050069672933114,2
91.99,3.6534862577615916,2
92.0,3.857930388684057,2
92.01,3.8855632403220706,2
92.02,3.8899964134685545,2
92.03,4.212577322813488,2
92.04,4.309421243319675,2
92.05,4.418367758375826,2
92.06,4.690708860328309,2
92.07000000000001,4.964962855542625,2
92.08,4.5992627365477805,2
92.09,4.7481376025046425,2
92.10000000000001,4.7961222127616505,2
92.11,5.088226884198663,2
92.12,4.614804758305555,2
92.13,4.357651117746233,2
92.14,4.2660415319607985,2
92.15,4.636865057915916,2
92.16,4.491890619987425,2
92.17,4.430947354369254,2
92.18,4.1940462606033435,2
92.19,4.396798250692268,2
92.2,4.548754658875972,2
92.21000000000001,4.3398148563701096,2
92.22,4.009789251139572,2
92.23,4.227583465737524,2
92.24,4.348978319177384,2
92.25,4.1260398762307915,2
92.26,4.310135322615244,2
92.27,4.4602722708226885,2
92.28,4.762733860608392,2
92.29,4.926398196260767,2
92.3,4.737739133830706,2
92.31,4.448108654970776,2
92.32000000000001,4.974262609413137,2
92.33,4.731244489051441,2
92.34,4.138365809669752,2
92.35000000000001,3.7822523452501615,2
92.36,3.2296231354017566,2
92.37,3.6526868322630746,2
92.38,4.203495969177283,2
92.39,4.253938085543084,2
92.4,3.7741721779301525,2
92.41,4.13723283394943,2
92.42,4.255472438257827,2
92.43,4.578701377128228,2
92.44,4.687994532184566,2
92.45,4.226853051805223,2
92.46000000000001,4.391578941031531,2
92.47,3.9118452397436316,2
92.48,3.7019972631849423,2
92.49,4.024504726742922,2
92.5,4.300820761148777,2
92.51,4.003314819249568,2
92.52,3.6800709095655915,2
92.53,3.7195466453087995,2
92.54,4.315155224431621,2
92.55,4.442546582957443,2
92.56,5.064883018999163,2
92.57000000000001,4.911771003093444,2
92.58,5.070853272844322,2
92.59,4.87424910818282,2
92.60000000000001,4.560127981184076,2
92.61,4.234516259169119,2
92.62,4.311228106971595,2
92.63,4.646954605994368,2
92.64,4.489714179243066,2
92.65,4.843451582032739,2
92.66,5.277820285201761,2
92.67,5.395877520262532,2
92.68,5.348886262797369,2
92.69,5.024045940615224,2
92.7,5.29077009717384,2
92.71000000000001,4.838450064406342,2
92.72,4.926661797321212,2
92.73,4.468761308150636,2
92.74,4.122293602958455,2
92.75,4.092676736476394,2
92.76,4.282868041881613,2
92.77,4.539272859660181,2
92.78,4.486487985153607,2
92.79,4.319539320547745,2
92.8,4.06373104748972,2
92.81,4.255693097550798,2
92.82000000000001,4.417526705313157,2
92.83,4.426068457826874,2
92.84,4.468931561977639,2
92.85000000000001,4.875826855278849,2
92.86,5.076289040857073,2
92.87,4.567671696156145,2
92.88,4.762378294989079,2
92.89,5.077494770213277,2
92.9,4.737528271799959,2
92.91,4.932458680511319,2
92.92,5.690825665654011,2
92.93,5.658415259707912,2
92.94,5.425792551039368,2
92.95,5.25465797365454,2
92.96000000000001,5.166358293994864,2
92.97,4.602862719666746,2
92.98,4.082611993173344,2
92.99,4.150979946980722,2
93.0,4.122067498256017,2
93.01,4.297717699455242,2
93.02,4.187910421578201,2
93.03,4.192513963856724,2
93.04,4.44259208727584,2
93.05,3.75349123986457,2
93.06,3.5185083723153845,2
93.07000000000001,3.4183283744392443,2
93.08,3.43155185615275,2
93.09,3.0868536130489073,2
93.10000000000001,2.920741714393257,2
93.11,3.226785629193338,2
93.12,3.435842239570763,2
93.13,2.7010326315952904,2
93.14,2.767118978362233,2
93.15,2.850101595634885,2
93.16,2.7063842727238923,2
93.17,2.795507083219117,2
93.18,3.027198885332994,2
93.19,3.3270687231744485,2
93.2,3.4230436144762817,2
93.21000000000001,3.6640107222783804,2
93.22,3.700701759750864,2
93.23,3.083291773467588,2
93.24,3.137048711458972,2
93.25,2.875146799563841,2
93.26,3.0197731358196456,2
93.27,3.055463801366742,2
93.28,3.0849141511035696,2
93.29,2.9390466850684662,2
93.3,2.9321327983067222,2
93.31,3.1258999901103803,2
93.32000000000001,2.9545130236523183,2
93.33,2.8830501216375377,2
93.34,2.498182889190689,2
93.35000000000001,2.727451256849548,2
93.36,2.493141862137948,2
93.37,2.6517165798119495,2
93.38,2.9866709273148815,2
93.39,3.4481969062207867,2
93.4,3.412293502347337,2
93.41,3.648064880330775,2
93.42,3.681162515023058,2
93.43,3.1825411024270167,2
93.44,2.843169144344989,2
93.45,3.198908715893696,2
93.46000000000001,3.6069768625018908,2
93.47,3.0459186535875484,2
93.48,3.23588177161653,2
93.49,3.3885042097386844,2
93.5,3.2222697770493762,2
93.51,3.075594258806232,2
93.52,2.8687080117022132,2
93.53,2.437530543808678,2
93.54,2.2951710113555968,2
93.55,2.6629463167211513,2
93.56,2.697329458943441,2
93.57000000000001,3.0355380117903707,2
93.58,2.564967304676807,2
93.59,2.833028064737303,2
93.60000000000001,3.170021612111787,2
93.61,2.5125984288664767,2
93.62,2.512048621517695,2
93.63,2.758287361003098,2
93.64,3.251648713688016,2
93.65,2.935782832057985,2
93.66,3.435247471589825,2
93.67,3.6160049263858998,2
93.68,3.3702976070302504,2
93.69,3.7145437865532425,2
93.7,4.395536471703995,2
93.71000000000001,4.260939112433912,2
93.72,4.116409534935799,2
93.73,3.8350331844231835,2
93.74,4.372373675398346,2
93.75,4.128443275040484,2
93.76,3.8410922425360976,2
93.77,3.6801494807687556,2
93.78,3.538637110404637,2
93.79,3.420900258051232,2
93.8,3.2553066916746514,2
93.81,3.1269179214351674,2
93.82000000000001,3.2548134168080853,2
93.83,3.7117508920728413,2
93.84,3.459524642683273,2
93.85000000000001,3.1444497435407084,2
93.86,3.32246030371802,2
93.87,3.541214988996493,2
93.88,4.023687261456126,2
93.89,4.420477527980273,2
93.9,3.929304306011482,2
93.91,3.370388070157712,2
93.92,3.593558465560691,2
93.93,3.786793889893337,2
93.94,4.227963045106851,2
93.95,4.3163962920081,2
93.96000000000001,4.12528987902913,2
93.97,4.40726124769931,2
93.98,4.070588067184133,2
93.99,4.632133498101057,2
94.0,4.646093746274678,2
94.01,4.372577820058718,2
94.02,4.084146183050653,2
94.03,4.131024908942251,2
94.04,4.095313362658632,2
94.05,4.047024651199428,2
94.06,3.6710985402919034,2
94.07000000000001,3.658151018833513,2
94.08,3.9265771033448003,2
94.09,3.7200516315589285,2
94.10000000000001,3.8206427403007104,2
94.11,4.155592538588215,2
94.12,4.3185600126722585,2
94.13,3.943874578644878,2
94.14,4.040532970775603,2
94.15,4.45153101601642,2
94.16,4.5472640431048434,2
94.17,4.826927317332454,2
94.18,5.021936030961857,2
94.19,4.597232725657992,2
94.2,5.0418985167010115,2
94.21000000000001,5.292938677457959,2
94.22,5.083448920613358,2
94.23,5.342253714911138,2
94.24,5.171823712159316,2
94.25,5.029334027148835,2
94.26,4.673148439020919,2
94.27,4.3126495044052175,2
94.28,4.323679458862061,2
94.29,4.219550074121682,2
94.3,3.7762344763665974,2
94.31,3.8978200364552134,2
94.32000000000001,4.0526834762565205,2
94.33,4.132137818444505,2
94.34,4.201166974043977,2
94.35000000000001,4.2965937207777385,2
94.36,4.314116292096347,2
94.37,4.381637194176191,2
94.38,4.486738590550798,2
94.39,4.272205667522118,2
94.4,3.8862745793631994,2
94.41,3.9881003169502534,2
94.42,4.032198550901958,2
94.43,4.157334940370245,2
94.44,4.4640987960371845,2
94.45,4.407906841599135,2
94.46000000000001,4.329407657180522,2
94.47,4.429157657518674,2
94.48,4.097107213802909,2
94.49,4.099254307773826,2
94.5,4.060353788512946,2
94.51,4.302658928240308,2
94.52,4.142477621211527,2
94.53,4.153986226019862,2
94.54,4.094501716304419,2
94.55,3.380293821382059,2
94.56,3.2926625533163136,2
94.57000000000001,3.3610013531499274,2
94.58,3.1723251533323498,2
94.59,3.220450183514383,2
94.60000000000001,3.677745680054274,2
94.61,3.9828882435085733,2
94.62,3.455904167561693,2
94.63,3.7255274126640052,2
94.64,3.9121344087813275,2
94.65,3.89449678561638,2
94.66,3.2407075304917075,2
94.67,3.5383935422222907,2
94.68,3.4629389152047714,2
94.69,3.576382568363538,2
94.7,3.3445253304331404,2
94.71000000000001,3.1997701931023124,2
94.72,3.5450522757343284,2
94.73,4.050299026714256,2
94.74,3.9242840388683096,2
94.75,4.360491042757409,2
94.76,4.20292513588256,2
94.77,4.057712072826258,2
94.78,3.6502327495220364,2
94.79,3.8261149333318474,2
94.8,3.78814042464542,2
94.81,3.7699370868437776,2
94.82000000000001,3.6853893361101204,2
94.83,3.4358656799124474,2
94.84,3.66954466494463,2
94.85000000000001,3.685208670074101,2
94.86,3.945619192993408,2
94.87,3.6835520345129806,2
94.88,3.7829314216325827,2
94.89,4.410128384749258,2
94.9,4.167602696651781,2
94.91,4.013548217230024,2
94.92,3.87156247390753,2
94.93,3.5890192877807467,2
94.94,4.099776437729398,2
94.95,3.437124029436351,2
94.96000000000001,3.1469962245260388,2
94.97,3.364908184817815,2
94.98,3.2215128297703375,2
94.99,3.2907247233526165,2
95.0,3.3534952537916287,2
95.01,3.5589772389064844,2
95.02,3.626278202798815,2
95.03,3.553518449397593,2
95.04,3.6348372994926024,2
95.05,3.620784361711659,2
95.06,4.138803933519609,2
95.07000000000001,3.9618305865370056,2
95.08,4.123000064541833,2
95.09,4.369544524029581,2
95.10000000000001,3.9581808380985137,2
95.11,3.6470659878386047,2
95.12,4.2293963078841115,2
95.13,4.014629416317329,2
95.14,4.01660992029522,2
95.15,3.965700920187904,2
95.16,3.95829756183484,2
95.17,3.8569881367040844,2
95.18,3.90558919669887,2
95.19,3.68474239651169,2
95.2,3.6528608965720135,2
95.21000000000001,3.129076036990952,2
95.22,3.1832029950578926,2
95.23,3.359757774991951,2
95.24,3.6955719520887116,2
95.25,4.0511691831772305,2
95.26,3.9391539016911645,2
95.27,4.183405416920907,2
95.28,3.8389182457220627,2
95.29,3.7084459724457393,2
95.3,4.196827270629835,2
95.31,4.228829132736913,2
95.32000000000001,4.271931732127532,2
95.33,4.194197574302987,2
95.34,4.704253316916425,2
95.35000000000001,4.78422781812335,2
95.36,5.126544132998506,2
95.37,4.846233747784435,2
95.38,4.486147596497071,2
95.39,4.220730328020519,2
95.4,4.376887857994877,2
95.41,4.805959221260043,2
95.42,4.937844344523112,2
95.43,5.092614195910496,2
95.44,5.032335845498206,2
95.45,4.568403108016769,2
95.46000000000001,5.084814806625141,2
95.47,5.164557054590743,2
95.48,5.196391857048585,2
95.49,5.324322638329348,2
95.5,4.706284236049872,2
95.51,4.493673348616586,2
95.52,4.620513882399532,2
95.53,4.517408927252892,2
95.54,4.443985798751529,2
95.55,4.762652439608541,2
95.56,4.71961468976621,2
95.57000000000001,5.321431447673053,2
95.58,5.177729531205169,2
95.59,5.28801819512367,2
95.60000000000001,5.296358480712452,2
95.61,5.004012756502984,2
95.62,4.611487541570506,2
95.63,4.560846869363317,2
95.64,5.048895018773859,2
95.65,4.832482127775372,2
95.66,4.896251637645335,2
95.67,4.733768748347616,2
95.68,4.723166211901434,2
95.69,4.974414146567236,2
95.7,4.909548314868133,2
95.71000000000001,4.644250215146855,2
95.72,5.034862997220115,2
95.73,4.759987231340865,2
95.74000000000001,4.875725705188365,2
95.75,4.3658070408186,2
95.76,4.693223668160058,2
95.77,5.361874090220127,2
95.78,5.218031023165041,2
95.79,4.805512707445391,2
95.8,4.94241616539296,2
95.81,4.8739149236640475,2
95.82000000000001,5.393263637408543,2
95.83,5.084163574921671,2
95.84,4.596950561367596,2
95.85000000000001,4.623324968883019,2
95.86,4.726264530794309,2
95.87,4.435765316995672,2
95.88,4.664323091543668,2
95.89,4.613739183765426,2
95.9,4.475633548512258,2
95.91,4.582405891470819,2
95.92,4.442679516140722,2
95.93,4.190163653476626,2
95.94,3.713887895450592,2
95.95,3.5676206354646145,2
95.96000000000001,4.31764905766074,2
95.97,4.2960618689220835,2
95.98,3.9782761481561937,2
95.99000000000001,4.3393751547918855,2
96.0,4.2921245605102865,2
96.01,4.34565053314279,2
96.02,4.388810239282561,2
96.03,4.770758922658834,2
96.04,4.317231870150377,2
96.05,4.6989897666635345,2
96.06,4.8402230807417315,2
96.07000000000001,4.77810464046813,2
96.08,4.458349863650932,2
96.09,4.342574796309165,2
96.10000000000001,4.320318702933986,2
96.11,4.800768476157089,2
96.12,5.1272795555123505,2
96.13,4.904703014247054,2
96.14,5.383542190547168,2
96.15,5.514617641936053,2
96.16,5.496697227957139,2
96.17,5.267343662834221,2
96.18,4.977058841284008,2
96.19,5.033095946358307,2
96.2,5.03852075452282,2
96.21000000000001,4.824012956392879,2
96.22,5.0572332163501335,2
96.23,4.997813332263982,2
96.24000000000001,5.016471947433526,2
96.25,5.218767405161694,2
96.26,5.33108923580634,2
96.27,4.739059796628437,2
96.28,4.881034180272977,2
96.29,4.800860192553183,2
96.3,4.594092369526092,2
96.31,4.54944963816561,2
96.32000000000001,4.407762886085463,2
96.33,4.4029013617820425,2
96.34,4.356727918872901,2
96.35000000000001,4.515888085152572,2
96.36,4.0302825644250335,2
96.37,4.079327830729447,2
96.38,4.063282981778858,2
96.39,4.694890110993916,2
96.4,4.07087680508329,2
96.41,4.325031407806251,2
96.42,4.4153145829432665,2
96.43,4.590905141574305,2
96.44,4.405078673610132,2
96.45,4.455054777202734,2
96.46000000000001,4.450751925324762,2
96.47,5.407539686846523,2
96.48,5.1791623545568894,2
96.49000000000001,4.8388129674566285,2
96.5,5.321888087623496,2
96.51,5.287134218946158,2
96.52,5.304049796733688,2
96.53,5.492940121761724,2
96.54,5.365397672661456,2
96.55,5.110110603106489,2
96.56,5.0366259171923815,2
96.57000000000001,4.694729032455489,2
96.58,4.213745307616373,2
96.59,3.953524275892393,2
96.60000000000001,3.2889974080919395,2
96.61,3.2568667155731497,2
96.62,3.1895429902656773,2
96.63,3.441620679638091,2
96.64,3.534037333461234,2
96.65,3.5411987575711823,2
96.66,3.920718842374417,2
96.67,3.81046014529204,2
96.68,3.514975652908934,2
96.69,2.847351018861529,2
96.7,2.969619216162252,2
96.71000000000001,3.0576318951562587,2
96.72,3.51143547128534,2
96.73,3.3144780614701563,2
96.74000000000001,3.5955378409306156,2
96.75,2.932474555336553,2
96.76,2.671138195995906,2
96.77,2.9126937961660846,2
96.78,3.2167332061837848,2
96.79,2.8249027362924615,2
96.8,2.7172783593558276,2
96.81,2.8583213431871672,2
96.82000000000001,2.945534722664732,2
96.83,3.206117483613571,2
96.84,3.544298887167499,2
96.85000000000001,3.2277021016629517,2
96.86,3.4307221365090856,2
96.87,3.28376161623369,2
96.88,3.4504569569845884,2
96.89,3.373159833710392,2
96.9,3.740912379471877,2
96.91,3.9330719703168926,2
96.92,3.659594170534893,2
96.93,3.2180272428024916,2
96.94,3.633219455060781,2
96.95,3.469878203337693,2
96.96000000000001,3.352383504774221,2
96.97,3.6273755461830506,2
96.98,3.3747189969238383,2
96.99000000000001,3.4936667387170846,2
97.0,3.549527878022288,2
97.01,3.5714534300567116,2
97.02,3.95297713750774,2
97.03,4.089729274934001,2
97.04,4.358159044639866,2
97.05,4.251568190147565,2
97.06,4.021258504556932,2
97.07000000000001,4.313478935726297,2
97.08,4.120452383452584,2
97.09,4.143433700176495,2
97.10000000000001,4.249089403442254,2
97.11,4.006124739224777,2
97.12,3.7883463551381165,2
97.13,3.7325606814465386,2
97.14,3.970111736947219,2
97.15,4.07115514582826,2
97.16,3.6806017423805155,2
97.17,4.265819336320002,2
97.18,4.346909253023669,2
97.19,4.192183156329807,2
97.2,4.129741188534151,2
97.21000000000001,4.0481610616173205,2
97.22,3.9379049527686534,2
97.23,4.274404489731976,2
97.24000000000001,4.920275547717428,2
97.25,4.682957144306286,2
97.26,4.485012603236319,2
97.27,4.410965272167261,2
97.28,3.979853314234413,2
97.29,4.131449701959167,2
97.3,4.171236690391827,2
97.31,4.196484714329156,2
97.32000000000001,3.6518324422452904,2
97.33,3.0457761857323065,2
97.34,3.037041823178396,2
97.35000000000001,3.320771098520064,2
97.36,2.884918065244088,2
97.37,3.250094012722591,2
97.38,3.2391391491504127,2
97.39,3.0803723070457703,2
97.4,3.195925193688158,2
97.41,2.9086776349277685,2
97.42,2.2986357308139365,2
97.43,2.810553436450282,2
97.44,2.9156977142432443,2
97.45,2.8197326345422877,2
97.46000000000001,2.774020475087699,2
97.47,2.677044227429338,2
97.48,2.7093779386139145,2
97.49000000000001,2.806590039892016,2
97.5,3.12073705415937,2
97.51,3.0115404132939063,2
97.52,2.810796674959958,2
97.53,2.7778384399846066,2
97.54,3.5981709759805085,2
97.55,3.682771038191078,2
97.56,3.8277340076122024,2
97.57000000000001,3.7727827649297914,2
97.58,4.286599062107038,2
97.59,4.501517053365619,2
97.60000000000001,4.156509369330497,2
97.61,4.185516570594044,2
97.62,4.0573328364318755,2
97.63,4.168095378291775,2
97.64,4.433633731932151,2
97.65,4.0437418542349945,2
97.66,4.141079965717832,2
97.67,3.898258317548713,2
97.68,4.30974139637008,2
97.69,4.552592279070748,2
97.7,3.933540351299689,2
97.71000000000001,3.6209521311578095,2
97.72,3.2781399176248356,2
97.73,3.3328840389788534,2
97.74000000000001,3.485001539234378,2
97.75,3.760741442535037,2
97.76,3.7150513708173905,2
97.77,3.6635325914082535,2
97.78,3.777727293118181,2
97.79,4.6925387141327155,2
97.8,4.194095731583983,2
97.81,3.6422476977143354,2
97.82000000000001,3.5261196546569584,2
97.83,3.3698815286156663,2
97.84,3.223835385497596,2
97.85000000000001,3.2979579724223558,2
97.86,3.036590163590554,2
97.87,2.964277777880278,2
97.88,2.984406489463205,2
97.89,3.0091464844643787,2
97.9,3.0682267834246755,2
97.91,3.1190133774339905,2
97.92,2.9783384850405463,2
97.93,3.0082541747282154,2
97.94,3.1060007317752882,2
97.95,3.467482903673819,2
97.96000000000001,3.1011733558796934,2
97.97,3.197991139186749,2
97.98,3.3248766802723377,2
97.99000000000001,3.444625802882131,2
98.0,3.5656992237392804,2
98.01,3.237088468373548,2
98.02,3.3589311741913668,2
98.03,3.4530142013774987,2
98.04,3.6629378050173127,2
98.05,3.649506022382971,2
98.06,3.5316581652893486,2
98.07000000000001,3.862165809926442,2
98.08,3.5308496711439523,2
98.09,3.1884806129166,2
98.10000000000001,2.9181427883007154,2
98.11,3.1244346359521615,2
98.12,3.0071973626042565,2
98.13,3.074977352578342,2
98.14,3.5600303000564786,2
98.15,3.270449991264019,2
98.16,2.861318886567391,2
98.17,3.2102840635490257,2
98.18,3.0528436687073324,2
98.19,2.815582919637671,2
98.2,2.903529216399353,2
98.21000000000001,2.9590277600322197,2
98.22,2.8172402633743667,2
98.23,3.094757809381171,2
98.24000000000001,2.964533170353495,2
98.25,2.8344248847082434,2
98.26,2.422405397961217,2
98.27,1.8846055479567099,2
98.28,2.163095872978326,2
98.29,1.972557704262071,2
98.3,2.132035557711128,2
98.31,2.864959846915312,2
98.32000000000001,3.1103013559454036,2
98.33,3.2072508532360358,2
98.34,3.4067290604814824,2
98.35000000000001,4.077334736406446,2
98.36,3.535181444997315,2
98.37,3.543147719236854,2
98.38,4.006622675938351,2
98.39,4.093243875452233,2
98.4,4.425208543125992,2
98.41,4.205432341244922,2
98.42,3.8305891179286147,2
98.43,4.389051774559998,2
98.44,4.371439206358755,2
98.45,4.568323120101798,2
98.46000000000001,4.763207869854265,2
98.47,5.049411560115426,2
98.48,5.027894913969284,2
98.49000000000001,5.020849404913206,2
98.5,5.059695152467994,2
98.51,4.771945031859785,2
98.52,4.992368851846027,2
98.53,4.731218129940801,2
98.54,4.971578096190614,2
98.55,5.099659817018039,2
98.56,4.364533502137723,2
98.57000000000001,4.55663895019384,2
98.58,4.567168390376431,2
98.59,4.888375835993635,2
98.60000000000001,5.290466151111478,2
98.61,5.19281008923487,2
98.62,5.17468297944561,2
98.63,4.693628067819218,2
98.64,4.576544501892214,2
98.65,4.988035079914793,2
98.66,4.88933991377642,2
98.67,5.063189115963426,2
98.68,4.950704769552954,2
98.69,4.822540518984865,2
98.7,4.9030833772870555,2
98.71000000000001,3.9876563219749386,2
98.72,4.094198633926374,2
98.73,3.4474438445340123,2
98.74000000000001,3.4792893455212193,2
98.75,3.294684426734286,2
98.76,3.037915359050379,2
98.77,3.5528866481511185,2
98.78,3.9148130867403,2
98.79,3.82242620828876,2
98.8,4.513982363006362,2
98.81,4.744149314324913,2
98.82000000000001,4.6249346493102514,2
98.83,4.027632212253536,2
98.84,3.9969080406959234,2
98.85000000000001,3.818291336399001,2
98.86,3.7054277852862914,2
98.87,3.8520447007730887,2
98.88,3.688843113843446,2
98.89,4.094220453676204,2
98.9,3.9346166493784946,2
98.91,3.6515356272629935,2
98.92,3.870424418220115,2
98.93,3.8754902170078895,2
98.94,4.130274652580382,2
98.95,4.165773351328242,2
98.96000000000001,3.7555887241598422,2
98.97,3.8661588849795914,2
98.98,3.6222948179520027,2
98.99000000000001,3.7015101242219233,2
99.0,3.5619264329262093,2
99.01,3.547516612324214,2
99.02,3.6049898520587567,2
99.03,3.852417597428333,2
99.04,3.7109588553635584,2
99.05,2.9494991015034517,2
99.06,2.7835146381247164,2
99.07000000000001,2.9430423010150495,2
99.08,3.383583920051464,2
99.09,3.530139897628372,2
99.10000000000001,3.8592375150173277,2
99.11,3.9179785622053753,2
99.12,3.9879587104246292,2
99.13,3.9205824388151544,2
99.14,4.22585338533629,2
99.15,4.669642441368277,2
99.16,4.329378011422161,2
99.17,4.360110375820006,2
99.18,3.986391876974142,2
99.19,4.461326195836863,2
99.2,4.46362877908071,2
99.21000000000001,4.411624174580236,2
99.22,4.047856894804207,2
99.23,3.9792046140127515,2
99.24000000000001,3.9598634144534604,2
99.25,3.659567413985595,2
99.26,3.736379047080867,2
99.27,3.5194495514423365,2
99.28,3.6906605502654295,2
99.29,3.4422047814606684,2
99.3,3.542494293803049,2
99.31,3.533367321069835,2
99.32000000000001,3.665420837484382,2
99.33,3.745814943124329,2
99.34,3.7980833933750873,2
99.35000000000001,3.6087164595548162,2
99.36,3.8048149016815813,2
99.37,3.9057504887657433,2
99.38,4.095698621972506,2
99.39,4.078950459298126,2
99.4,4.020195451554362,2
99.41,3.7306146581094692,2
99.42,3.570346167964637,2
99.43,3.479224657746891,2
99.44,3.8037023055068815,2
99.45,3.470726029646319,2
99.46000000000001,3.1441617831378736,2
99.47,3.209728342817378,2
99.48,3.0716250151560307,2
99.49000000000001,3.05609753621179,2
99.5,3.0259274697927516,2
99.51,2.9445813020909184,2
99.52,2.833933572579974,2
99.53,2.6865544352088,2
99.54,2.7132140579557165,2
99.55,2.427565271817568,2
99.56,2.7564090530201377,2
99.57000000000001,2.6302011625441706,2
99.58,2.8955820305741637,2
99.59,2.819208191498446,2
99.60000000000001,3.231206162185615,2
99.61,3.3194918346129243,2
99.62,3.082509308925355,2
99.63,3.8820265723221303,2
99.64,3.775458495234276,2
99.65,3.6402265199893544,2
99.66,3.5378471271819247,2
99.67,3.6968121922943813,2
99.68,3.3155276167663175,2
99.69,3.4224743575462298,2
99.7,3.002761261705155,2
99.71000000000001,3.0815997777008177,2
99.72,3.4926406254075313,2
99.73,3.3862391482710126,2
99.74000000000001,3.6991222137380846,2
99.75,3.256221574300546,2
99.76,3.1544666609334135,2
99.77,2.8920960517450314,2
99.78,3.5435331369749896,2
99.79,3.4736450457353074,2
99.8,3.3419929575810774,2
99.81,3.3347615778903825,2
99.82000000000001,3.4031814085643326,2
99.83,3.3577396451283597,2
99.84,3.0844785599781854,2
99.85000000000001,3.5583370908687586,2
99.86,3.910810542732124,2
99.87,4.014129013845292,2
99.88,4.092010519673946,2
99.89,4.1438338816549205,2
99.9,4.000072589886153,2
99.91,3.839924835469055,2
99.92,4.307563742471448,2
99.93,4.453917354927159,2
99.94,4.0317545811051545,2
99.95,3.9006100548773155,2
99.96000000000001,4.048713045360242,2
99.97,4.148085333269326,2
99.98,4.282852324620241,2
99.99000000000001,3.833530245053825,2
100.0,3.9408855000481666,2
100.01,4.262838935558356,2
100.02,3.8100782669434987,2
100.03,4.321950184678488,2
100.04,4.383278137002446,2
100.05,4.37603893461121,2
100.06,4.068824012746632,2
100.07000000000001,3.881506794921052,2
100.08,3.786387402826789,2
100.09,3.403763714016238,2
100.10000000000001,3.374186717631668,2
100.11,3.184003148113441,2
100.12,3.4591041265583518,2
100.13,2.650123392146256,2
100.14,2.715118519640837,2
100.15,2.569432639027594,2
100.16,2.7132497352890668,2
100.17,3.508833135665218,2
100.18,4.032287049937468,2
100.19,3.888818027691836,2
100.2,3.847390866856399,2
100.21000000000001,3.625270133632739,2
100.22,3.6199992994587604,2
100.23,3.866570466438546,2
100.24000000000001,3.507709942247686,2
100.25,4.00083130051992,2
100.26,4.25983175533349,2
100.27,4.4805966916909785,2
100.28,4.540902110880635,2
100.29,4.230795890252373,2
100.3,4.49447323545267,2
100.31,4.354437081424937,2
100.32000000000001,3.840585391261663,2
100.33,3.8790739395488756,2
100.34,3.5627821730677844,2
100.35000000000001,3.4350667684748166,2
100.36,3.6917915393792535,2
100.37,3.6887185481679348,2
100.38,3.7092366676834403,2
100.39,4.0693538485097625,2
100.4,3.423196542305556,2
100.41,3.7995899656537793,2
100.42,3.8614184157253835,2
100.43,3.855684994498124,2
100.44,3.859429237388337,2
100.45,4.054756183729274,2
100.46000000000001,4.339962854070501,2
100.47,4.2389852566482045,2
100.48,4.177072234951252,2
100.49000000000001,4.331896725097073,2
100.5,3.704262274210641,2
100.51,3.7058720076045657,2
100.52,3.876405696220979,2
100.53,3.748995368455909,2
100.54,3.547826843161638,2
100.55,3.549883238092567,2
100.56,3.429166306273434,2
100.57000000000001,3.4166495187953516,2
100.58,3.3412212671510635,2
100.59,3.8495550911043805,2
100.60000000000001,3.541739036626653,2
100.61,3.8240822017822174,2
100.62,3.6752954173515384,2
100.63,3.8000786859604476,2
100.64,4.003391809991022,2
100.65,4.436658443211834,2
100.66,4.504317946578508,2
100.67,4.341567449872518,2
100.68,4.32604637244524,2
100.69,4.837000752247338,2
100.7,4.799611556452509,2
100.71000000000001,4.349106614461071,2
100.72,4.205598726843939,2
100.73,4.069142552461365,2
100.74000000000001,4.269049112608721,2
100.75,3.8959207422251003,2
100.76,3.7624618118635507,2
100.77,3.8467121541417684,2
100.78,3.7825900108910253,2
100.79,3.830091161899506,2
100.8,3.888897786119625,2
100.81,3.960779281474045,2
100.82000000000001,3.702066175516508,2
100.83,3.957837837449459,2
100.84,3.810392737563636,2
100.85000000000001,3.8260693174481353,2
100.86,3.5001014903606227,2
100.87,3.561394439417182,2
100.88,3.6591376830000475,2
100.89,3.7034888896266316,2
100.9,3.5120551782030085,2
100.91,3.8804262622479593,2
100.92,4.057688873859314,2
100.93,4.012565519854632,2
100.94,3.969356310254475,2
100.95,3.7632831408728036,2
100.96000000000001,3.6104915047598474,2
100.97,4.062210740489034,2
100.98,3.9544668484813275,2
100.99000000000001,4.742115548397117,2
101.0,4.33934310878942,2
101.01,4.40989322358138,2
101.02,4.432994715314081,2
101.03,4.39996677174574,2
101.04,3.9088892076400503,2
101.05,3.5294926941476636,2
101.06,3.6319546686632767,2
101.07000000000001,3.378613024929776,2
101.08,3.7833100135244306,2
101.09,3.741520546116212,2
101.10000000000001,3.839619134448421,2
101.11,3.84419580658897,2
101.12,3.8404540122968625,2
101.13,4.287288206633983,2
101.14,4.565782808744013,2
101.15,4.552927627859993,2
101.16,4.688869067235727,2
101.17,4.952358762770928,2
101.18,4.687741874828271,2
101.19,4.178402792911487,2
101.2,4.317248968485908,2
101.21000000000001,4.63854542817896,2
101.22,4.088872365147081,2
101.23,3.9081987586980462,2
101.24000000000001,3.8489800681748045,2
101.25,3.5857157458676285,2
101.26,3.5861695294619986,2
101.27,3.3120701296528083,2
101.28,3.2904566712670222,2
101.29,3.5595615952186157,2
101.3,3.0172607517877883,2
101.31,2.8177280669447167,2
101.32000000000001,3.332811100180462,2
101.33,3.165976390289992,2
101.34,2.5131272817478987,2
101.35000000000001,2.710314755976947,2
101.36,2.8181036776376613,2
101.37,2.9782641099180527,2
101.38,3.0966969834396023,2
101.39,3.547680305099284,2
101.4,3.393714878798197,2
101.41,3.4277655382446337,2
101.42,3.3623961884612705,2
101.43,3.617789333410046,2
101.44,3.8763104549220477,2
101.45,3.9941919224035463,2
101.46000000000001,4.605006238199957,2
101.47,4.701272541922018,2
101.48,4.986722195563188,2
101.49000000000001,4.637198910416693,2
101.5,4.375656205343468,2
101.51,4.899176296755302,2
101.52,4.425652262008141,2
101.53,4.600640623284164,2
101.54,4.905132123628655,2
101.55,5.147684869447243,2
101.56,4.58091517532762,2
101.57000000000001,4.4234294867450465,2
101.58,4.557371797869205,2
101.59,4.711868181966039,2
101.60000000000001,4.638128997972428,2
101.61,4.377088837821067,2
101.62,4.261893544010961,2
101.63,4.060541582877866,2
101.64,3.7023883308583714,2
101.65,3.647413014037915,2
101.66,4.206629926910153,2
101.67,4.106955425757787,2
101.68,3.6676448877502033,2
101.69,3.5992573066779547,2
101.7,4.128934335073806,2
101.71000000000001,3.6647189862878493,2
101.72,3.697981154445219,2
101.73,3.9372060196305947,2
101.74000000000001,3.6202203889579745,2
101.75,3.7122559120337364,2
101.76,3.482276579037951,2
101.77,3.1867573639751696,2
101.78,3.4445011545272166,2
101.79,4.016574255388421,2
101.8,3.9052590460041468,2
101.81,4.079277236258308,2
101.82000000000001,4.2084076411817115,2
101.83,4.236864820127465,2
101.84,4.0180396884110525,2
101.85000000000001,3.729138162342247,2
101.86,3.530359229444239,2
101.87,3.5266795173430463,2
101.88,3.4552147114841656,2
101.89,3.1841225193918565,2
101.9,3.207582541678987,2
101.91,3.1067108355267132,2
101.92,3.353842746298136,2
101.93,3.30769299346069,2
101.94,3.61598228628522,2
101.95,3.719470537649084,2
101.96000000000001,3.6068064512006357,2
101.97,3.599824606561332,2
101.98,3.6015613833160782,2
101.99000000000001,3.6884833469426392,2
102.0,3.821922040783346,2
102.01,3.7121553678928576,2
102.02,3.6733586994882055,2
102.03,3.7384230363228528,2
102.04,2.9267320596926214,2
102.05,3.190739397989226,2
102.06,3.0014497313698243,2
102.07000000000001,3.019405820129826,2
102.08,2.925549090690531,2
102.09,3.2450638669457796,2
102.10000000000001,3.6108917187115552,2
102.11,3.6179818815148628,2
102.12,3.628027549164252,2
102.13,3.6542018635794205,2
102.14,3.6843289692180097,2
102.15,3.9995095977498285,2
102.16,4.85249324684159,2
102.17,4.718520689370189,2
102.18,4.8077377490131115,2
102.19,4.4870566515985875,2
102.2,4.224363508652857,2
102.21000000000001,3.912862525839138,2
102.22,4.301083831890997,2
102.23,4.470318687853872,2
102.24000000000001,4.31423851530355,2
102.25,4.343144135883068,2
102.26,4.525429809367501,2
102.27,4.811748555642147,2
102.28,4.846314559240988,2
102.29,4.787737010814093,2
102.3,5.0826690360463065,2
102.31,4.661750943809205,2
102.32000000000001,4.051062631627034,2
102.33,4.40187218845322,2
102.34,4.234402301529817,2
102.35000000000001,4.589764838266023,2
102.36,5.074637542283622,2
102.37,5.492440616396119,2
102.38,4.489771730339618,2
102.39,4.667738096921185,2
102.4,4.456773766460132,2
102.41,4.226252401669307,2
102.42,4.309022063604413,2
102.43,4.100569795804663,2
102.44,4.302802058226029,2
102.45,4.646892099185013,2
102.46000000000001,4.5249683651288475,2
102.47,4.574173479842528,2
102.48,4.386990165587049,2
102.49000000000001,4.480889630413172,2
102.5,4.834338820052711,2
102.51,4.867060985483761,2
102.52,4.746619985928113,2
102.53,5.043255855723239,2
102.54,4.823639916117996,2
102.55,4.6329897373156825,2
102.56,4.38151431567043,2
102.57000000000001,3.898908599831695,2
102.58,3.665341040705159,2
102.59,3.7143933985614015,2
102.60000000000001,3.8078933511284347,2
102.61,3.5529365240668285,2
102.62,3.4530706704494945,2
102.63,2.9715479032859258,2
102.64,3.694065683918338,2
102.65,4.140227191445369,2
102.66,3.9234033714836976,2
102.67,3.9700293300122853,2
102.68,3.723797290261218,2
102.69,4.041661912662235,2
102.7,4.219694807363253,2
102.71000000000001,3.8253633110530716,2
102.72,3.5668300227543566,2
102.73,3.5904252888789463,2
102.74000000000001,4.023596763941673,2
102.75,3.91382746142837,2
102.76,4.292908575695354,2
102.77,4.351699709252326,2
102.78,4.080630684625123,2
102.79,3.9541052151199048,2
102.8,4.137865702963571,2
102.81,4.362354644346816,2
102.82000000000001,4.590104777294293,2
102.83,4.59175819450639,2
102.84,4.658884698689342,2
102.85000000000001,5.232348477830839,2
102.86,5.7911009115228245,2
102.87,5.625412971800881,2
102.88,4.961934657153092,2
102.89,4.902381283478691,2
102.9,4.844990989315914,2
102.91,4.402804336669915,2
102.92,4.397827509175254,2
102.93,4.0620165327661875,2
102.94,4.162564436697456,2
102.95,4.314879777557418,2
102.96000000000001,4.432685079276014,2
102.97,4.669688542820895,2
102.98,4.735700297391878,2
102.99000000000001,4.88557252274557,2
103.0,5.163056067235102,2
103.01,4.921539556265451,2
103.02,4.788614926899376,2
103.03,4.609081004702807,2
103.04,4.337012427305347,2
103.05,4.2187933961006365,2
103.06,4.433478614969382,2
103.07000000000001,4.596153465708482,2
103.08,4.056508344087354,2
103.09,4.536896112517822,2
103.10000000000001,4.723205538939313,2
103.11,4.715376993774446,2
103.12,6.94139475862384,2
103.13,4.966974009003879,2
103.14,4.32812487146921,2
103.15,4.579913535538233,2
103.16,4.841699963288506,2
103.17,4.719953925641787,2
103.18,5.018157932671053,2
103.19,4.528293382017615,2
103.2,4.12600794396721,2
103.21000000000001,4.3991912135201545,2
103.22,4.099285751899284,2
103.23,4.078057959452674,2
103.24000000000001,3.5673580431934067,2
103.25,2.804734325094499,2
103.26,2.6348160282633892,2
103.27,2.664002551127667,2
103.28,2.5355645290256144,2
103.29,2.857803364653279,2
103.3,3.258438834872381,2
103.31,3.505450205190755,2
103.32000000000001,3.22722321508634,2
103.33,3.453176112400182,2
103.34,3.1598655903423762,2
103.35000000000001,3.771800594395028,2
103.36,3.808448400598702,2
103.37,3.585111411100003,2
103.38,3.641585068699303,2
103.39,3.7250851669437184,2
103.4,3.9530377478964813,2
103.41,3.422799861852936,2
103.42,3.2832774628021424,2
103.43,3.4913959757131345,2
103.44,5.358181104899671,2
103.45,5.351351421384953,2
103.46000000000001,5.032445480490014,2
103.47,4.734081643912581,2
103.48,5.163369904280333,2
103.49000000000001,5.211343249146288,2
103.5,5.477375408294373,2
103.51,5.461883243921128,2
103.52,5.72285991789649,2
103.53,5.857379510991605,2
103.54,5.828122197866951,2
103.55,5.5211176724548485,2
103.56,5.243903725490705,2
103.57000000000001,4.850362854033298,2
103.58,4.744250602839904,2
103.59,4.983533727872007,2
103.60000000000001,5.04980369457318,2
103.61,4.725217767355443,2
103.62,4.926991933086907,2
103.63,4.50108715817804,2
103.64,4.545165358517196,2
103.65,4.885846080111796,2
103.66,4.46404278754425,2
103.67,4.465950610842817,2
103.68,4.221414206592503,2
103.69,4.660637085912694,2
103.7,5.231959208248383,2
103.71000000000001,5.266094059001569,2
103.72,5.388307958318068,2
103.73,5.636602305110999,2
103.74000000000001,5.689666718533214,2
103.75,5.287414187910209,2
103.76,5.032640227934755,2
103.77,4.801319935747385,2
103.78,4.2302083209364065,2
103.79,4.484244886303469,2
103.8,4.081169013247017,2
103.81,4.307819652639499,2
103.82000000000001,4.071094491896149,2
103.83,4.001003252347949,2
103.84,4.159029524870907,2
103.85000000000001,4.575924185429837,2
103.86,4.764675082540552,2
103.87,4.654804494085207,2
103.88,4.579634407867673,2
103.89,4.1881749636840695,2
103.9,4.349760834109509,2
103.91,4.291537510721516,2
103.92,3.9987732036660746,2
103.93,4.219391315995265,2
103.94,4.599567621415517,2
103.95,4.489082051463148,2
103.96000000000001,4.280807670748606,2
103.97,4.088905744826351,2
103.98,4.193813270832731,2
103.99000000000001,3.836595990052111,2
104.0,3.8743345124834865,2
104.01,3.7718655321078742,2
104.02,3.9378895844973605,2
104.03,4.1089548397251825,2
104.04,3.77996663893971,2
104.05,3.9911549062581586,2
104.06,4.121738668557043,2
104.07000000000001,4.055564941723531,2
104.08,3.928035016145461,2
104.09,3.814888181191881,2
104.10000000000001,3.7849055099964586,2
104.11,3.542546894963826,2
104.12,3.3943970429297092,2
104.13,3.5128521401049397,2
104.14,3.399627671007124,2
104.15,3.7084763163358807,2
104.16,3.700430765580404,2
104.17,3.5958382219786285,2
104.18,3.7301814940089675,2
104.19,3.642151999181185,2
104.2,3.4570216315154765,2
104.21000000000001,3.4155707282352608,2
104.22,2.8953448471359464,2
104.23,2.4474237805475645,2
104.24000000000001,2.341929466040062,2
104.25,2.1695339211985893,2
104.26,2.5367713924825934,2
104.27,3.0400438502485216,2
104.28,3.22806308958917,2
104.29,2.767866706773337,2
104.3,2.491651975513437,2
104.31,2.741698133459338,2
104.32000000000001,2.818884791994155,2
104.33,2.4109732213973554,2
104.34,2.3269712597355947,2
104.35000000000001,2.1897510962439473,2
104.36,2.783591406646433,2
104.37,3.1050573080041017,2
104.38,3.1130980474929717,2
104.39,3.2665971591899554,2
104.4,3.3812451037367133,2
104.41,3.465555473130688,2
104.42,4.0365392446674075,2
104.43,4.43203281271345,2
104.44,4.820877486973388,2
104.45,4.8325113859681945,2
104.46000000000001,4.653548219585619,2
104.47,4.236678143884705,2
104.48,3.931011179926313,2
104.49000000000001,4.225233890255135,2
104.5,3.8416757694463497,2
104.51,3.806649723488272,2
104.52,3.433518447120024,2
104.53,3.462590613061199,2
104.54,3.2156150407815,2
104.55,3.482180433173321,2
104.56,3.4648467163424175,2
104.57000000000001,3.289160475439282,2
104.58,3.0892888475707765,2
104.59,3.2182697621002223,2
104.60000000000001,3.3108109720227668,2
104.61,3.223261579715635,2
104.62,3.2107892389863792,2
104.63,3.150073244556898,2
104.64,2.617724519415589,2
104.65,2.744913024653413,2
104.66,2.4296171001732216,2
104.67,2.335230780747048,2
104.68,2.5926137648707144,2
104.69,2.665466616945089,2
104.7,3.231853072461696,2
104.71000000000001,3.0827740492585143,2
104.72,3.057994986348103,2
104.73,3.198166704681391,2
104.74000000000001,3.2678223751320084,2
104.75,3.637870222458559,2
104.76,3.8554459485573456,2
104.77,4.263215955225941,2
104.78,3.7791106819998563,2
104.79,4.023971485425331,2
104.8,3.7435290301709343,2
104.81,3.895144671110214,2
104.82000000000001,3.836551618400244,2
104.83,3.6577673403406865,2
104.84,4.024611794678894,2
104.85000000000001,3.546887911221911,2
104.86,4.105843630667983,2
104.87,4.274086166080433,2
104.88,4.2945874722131645,2
104.89,4.223028395142218,2
104.9,4.095723264105568,2
104.91,4.218889472490479,2
104.92,3.8021109987657167,2
104.93,2.951181395856975,2
104.94,3.0803452863735172,2
104.95,2.960976941881388,2
104.96000000000001,2.805341940548748,2
104.97,2.4783924097339796,2
104.98,2.971744816058583,2
104.99000000000001,3.5904018802850546,2
105.0,3.6167060918329343,2
105.01,3.6109339079470884,2
105.02,3.7697293297270953,2
105.03,3.8957151745930805,2
105.04,3.758752299095406,2
105.05,4.126544664156059,2
105.06,4.434719037882733,2
105.07000000000001,4.601734302482157,2
105.08,5.045352514105936,2
105.09,5.160194533794129,2
105.10000000000001,4.858253964845241,2
105.11,4.794830571980889,2
105.12,4.981657603656747,2
105.13,4.585559447902552,2
105.14,4.449715586261639,2
105.15,3.956184904533101,2
105.16,4.530492364412905,2
105.17,4.5928239189084685,2
105.18,4.7025027360179505,2
105.19,4.204848871049285,2
105.2,4.4994274313276135,2
105.21000000000001,4.53761365287647,2
105.22,3.9743157764401786,2
105.23,4.106299549260404,2
105.24000000000001,3.818623868404199,2
105.25,3.852777334898904,2
105.26,4.080779442413222,2
105.27,4.127926037781515,2
105.28,3.592638596817311,2
105.29,3.7083187069934525,2
105.3,3.978949396963748,2
105.31,3.924288351567177,2
105.32000000000001,4.077988072258217,2
105.33,4.221085434154812,2
105.34,3.6263052652744667,2
105.35000000000001,4.0179344512590385,2
105.36,3.857579424015086,2
105.37,3.666554387070801,2
105.38,3.5030041788609885,2
105.39,3.901328686632594,2
105.4,4.328734502479859,2
105.41,4.429702059649576,2
105.42,4.250431102685576,2
105.43,5.049624296172344,2
105.44,4.939582574595555,2
105.45,4.660730038564244,2
105.46000000000001,4.884975314193258,2
105.47,4.762164558180759,2
105.48,5.278247468576947,2
105.49000000000001,4.9106311048781714,2
105.5,4.768346604794627,2
105.51,5.125800031021276,2
105.52,5.151522574410875,2
105.53,4.952415447602456,2
105.54,4.595783488372464,2
105.55,4.214355783895874,2
105.56,3.826085683909074,2
105.57000000000001,4.118814350067494,2
105.58,4.329522039274301,2
105.59,4.444204390024913,2
105.60000000000001,4.086699122557032,2
105.61,3.9955629385797584,2
105.62,4.088408173528365,2
105.63,4.4367569826780136,2
105.64,4.495367116024356,2
105.65,4.483204192988872,2
105.66,4.171876409756946,2
105.67,4.41015945383814,2
105.68,4.29028361835508,2
105.69,3.861834670836415,2
105.7,3.6250338287197357,2
105.71000000000001,3.8561984146857102,2
105.72,4.073456431544453,2
105.73,3.3064942003231605,2
105.74000000000001,3.3499100943059013,2
105.75,3.0486971606217,2
105.76,3.2559617019327454,2
105.77,3.497098735803153,2
105.78,3.2430947374772785,2
105.79,3.321584914226648,2
105.8,3.626316814021358,2
105.81,3.953713491580847,2
105.82000000000001,3.718826995149922,2
105.83,4.052646236969621,2
105.84,4.120458661004853,2
105.85000000000001,3.9685969151241967,2
105.86,3.946080009188488,2
105.87,4.178195836462743,2
105.88,4.382249797464459,2
105.89,4.601154341595783,2
105.9,4.350494172599211,2
105.91,4.378975244887371,2
105.92,4.273127988710508,2
105.93,4.30588759002992,2
105.94,4.131660531905504,2
105.95,4.568253211465623,2
105.96000000000001,4.506300469492508,2
105.97,4.416278443283795,2
105.98,4.50050507188234,2
105.99000000000001,4.764673743067727,2
106.0,4.701006575960698,2
106.01,4.542418203262736,2
106.02,4.7403862394491245,2
106.03,5.159791234907523,2
106.04,5.446373007843502,2
106.05,5.022942824781368,2
106.06,5.139635186999356,2
106.07000000000001,5.005808251559129,2
106.08,5.266118860674625,2
106.09,5.658951812289958,2
106.10000000000001,4.820573705783361,2
106.11,4.742351419708783,2
106.12,4.538754572342313,2
106.13,4.283489988385566,2
106.14,3.993610871895466,2
106.15,3.8676362329556735,2
106.16,3.798866841773864,2
106.17,3.7196146618588024,2
106.18,3.1747548478289986,2
106.19,3.2935579526645267,2
106.2,3.663208855993487,2
106.21000000000001,3.5388379164419357,2
106.22,3.1197923135586985,2
106.23,3.2348186907781704,2
106.24000000000001,3.6118638208168528,2
106.25,3.6951573460388936,2
106.26,3.5196361928961766,2
106.27,3.270395686659958,2
106.28,3.5433865155546416,2
106.29,3.5233254871257302,2
106.3,3.4239133697213444,2
106.31,3.3094780325648347,2
106.32000000000001,3.440850441799569,2
106.33,3.5298980505782245,2
106.34,3.5922956334872347,2
106.35000000000001,3.359697704307534,2
106.36,3.1332168501302213,2
106.37,3.0355359757441573,2
106.38,3.2141794130227983,2
106.39,3.4484552949814278,2
106.4,3.919139715315952,2
106.41,3.6901697853544624,2
106.42,3.926722899656112,2
106.43,3.446792317052596,2
106.44,3.6013262400807244,2
106.45,3.2126850783627674,2
106.46000000000001,2.944216298999426,2
106.47,3.26313628472107,2
106.48,3.380137193064681,2
106.49000000000001,3.3523076275548216,2
106.5,3.0221175691645885,2
106.51,3.2244846559730482,2
106.52,3.3265601832312766,2
106.53,3.59886813566863,2
106.54,3.146944383520237,2
106.55,3.4079467710051765,2
106.56,3.3135253687294774,2
106.57000000000001,3.464654066390899,2
106.58,3.500419532462214,2
106.59,3.3091916931593013,2
106.60000000000001,3.2615688435492283,2
106.61,3.086916350043828,2
106.62,3.0294111433197513,2
106.63,2.868900303968893,2
106.64,3.0957872722413233,2
106.65,2.942580784665362,2
106.66,3.2063548186954187,2
106.67,4.2110015104253105,2
106.68,4.117113585905104,2
106.69,3.6571689919629766,2
106.7,4.28758488070316,2
106.71000000000001,4.357708547584294,2
106.72,4.285060384376025,2
106.73,4.1504523090773064,2
106.74000000000001,3.837579487926464,2
106.75,3.7578962404058127,2
106.76,3.5611388587116637,2
106.77,3.3866696389163264,2
106.78,3.614001689197426,2
106.79,3.9277930974168545,2
106.8,3.8710523533182974,2
106.81,4.0261819524655325,2
106.82000000000001,4.617305376168389,2
106.83,4.317391488459448,2
106.84,3.8227412352042287,2
106.85000000000001,4.076420652855184,2
106.86,3.860879004850818,2
106.87,3.7253675639211776,2
106.88,3.787692187520424,2
106.89,4.160004464215092,2
106.9,4.18112901588016,2
106.91,3.5625010380479654,2
106.92,3.7077486969367044,2
106.93,3.802578991414822,2
106.94,3.578592407650356,2
106.95,3.1384331839540316,2
106.96000000000001,3.116293272032919,2
106.97,2.5521364179680637,2
106.98,2.190686911469576,2
106.99000000000001,1.988842390211711,2
107.0,1.8350584339973934,2
107.01,2.3006453717966773,2
107.02,2.4278514631138224,2
107.03,2.6838190757439606,2
107.04,2.87439591283838,2
107.05,2.5510049194660205,2
107.06,2.536202107143952,2
107.07000000000001,2.617918084826985,2
107.08,2.718448028841071,2
107.09,2.9823225965529767,2
107.10000000000001,3.346190812709797,2
107.11,3.516352766644124,2
107.12,4.063847357837758,2
107.13,4.181707719593769,2
107.14,4.012113709267142,2
107.15,4.374717989618604,2
107.16,3.991708963012681,2
107.17,4.143867133044721,2
107.18,4.0869402904552965,2
107.19,3.835103294421408,2
107.2,3.9108905812167847,2
107.21000000000001,3.838916900392547,2
107.22,3.332072739478587,2
107.23,3.451054183762084,2
107.24000000000001,3.2135007883626763,2
107.25,3.3268538165143777,2
107.26,3.358141365259206,2
107.27,3.54430799931536,2
107.28,2.9460353239504373,2
107.29,2.77068197717566,2
107.3,2.924056118324098,2
107.31,3.8484856531168044,2
107.32000000000001,3.9029695598805123,2
107.33,3.7879985513743804,2
107.34,4.05658084538994,2
107.35000000000001,3.8840217170306395,2
107.36,4.018186299169363,2
107.37,4.031099511512819,2
107.38,4.331716992259658,2
107.39,4.486001733263578,2
107.4,4.301640201321532,2
107.41,3.84589947737528,2
107.42,3.558374609689379,2
107.43,3.686515822577038,2
107.44,3.7031921098727976,2
107.45,3.740602979081532,2
107.46000000000001,3.8385526826092717,2
107.47,3.6226933162595594,2
107.48,3.6308269941739937,2
107.49000000000001,3.6649109099607986,2
107.5,3.291074593532909,2
107.51,3.1886459163579772,2
107.52,3.380683869554035,2
107.53,3.640654880188161,2
107.54,3.4477224848280694,2
107.55,3.6444525754204733,2
107.56,3.505916957273071,2
107.57000000000001,3.3062553982161096,2
107.58,3.9168382584704395,2
107.59,3.8075543184268628,2
107.60000000000001,3.408932681245833,2
107.61,3.343931613043402,2
107.62,3.3341005236673555,2
107.63,3.6592909551845456,2
107.64,3.5916497058351182,2
107.65,3.7396955504872285,2
107.66,4.066845978135547,2
107.67,3.8948549108045634,2
107.68,3.9877937179506264,2
107.69,3.9711762460317446,2
107.7,4.037877400047772,2
107.71000000000001,4.062685019443282,2
107.72,4.097822253665624,2
107.73,4.007138078160576,2
107.74000000000001,4.013553852247375,2
107.75,3.9349051470377545,2
107.76,4.601912875660458,2
107.77,4.713181686621018,2
107.78,4.642513064975655,2
107.79,4.482521418324414,2
107.8,4.711561223346724,2
107.81,4.409401141580183,2
107.82000000000001,4.004841371546542,2
107.83,3.6194644054286758,2
107.84,4.025134319283522,2
107.85000000000001,4.375520851843142,2
107.86,4.383252612369778,2
107.87,4.186188330428878,2
107.88,4.011881114215515,2
107.89,4.5892681768742385,2
107.9,4.504614784608706,2
107.91,4.551347674556859,2
107.92,4.371555184496996,2
107.93,4.360017423201806,2
107.94,4.431073587973855,2
107.95,7.564771236729156,2
107.96000000000001,5.851139918950377,2
107.97,4.8529977957633665,2
107.98,4.6664630537319605,2
107.99000000000001,4.652571060684115,2
108.0,4.68417832072301,2
108.01,4.557816052840468,2
108.02,4.569153988127654,2
108.03,4.311289773069786,2
108.04,4.422594867904334,2
108.05,4.396096056588294,2
108.06,4.199976480510635,2
108.07000000000001,4.146712348945623,2
108.08,4.502486259579168,2
108.09,4.422617424706127,2
108.10000000000001,4.501509795595657,2
108.11,4.571681277206945,2
108.12,4.678785664453535,2
108.13,4.297937803032726,2
108.14,3.974844250666419,2
108.15,3.765343847737187,2
108.16,3.960757695570812,2
108.17,4.038901034936849,2
108.18,4.095000336254384,2
108.19,4.051246541454036,2
108.2,3.670789307988956,2
108.21000000000001,3.5336058458810675,2
108.22,3.640074867319696,2
108.23,3.62776878566115,2
108.24000000000001,3.7156137207334856,2
108.25,3.3028583175245974,2
108.26,3.3688311374882245,2
108.27,2.840604233793522,2
108.28,2.5870955276876213,2
108.29,2.4531830922373423,2
108.3,2.085774465249709,2
108.31,2.050088957976129,2
108.32000000000001,2.3235317913573446,2
108.33,2.821583896003674,2
108.34,2.787707630629374,2
108.35000000000001,2.722871915693006,2
108.36,2.8165076304289562,2
108.37,2.8589071119956784,2
108.38,2.686020374317484,2
108.39,2.9708714897471533,2
108.4,2.9904009492464723,2
108.41,2.9046416382770395,2
108.42,2.8530219353639965,2
108.43,3.6339067988199445,2
108.44,3.8900252368032526,2
108.45,3.8048336582081683,2
108.46000000000001,3.1340744747185587,2
108.47,2.737858272046529,2
108.48,2.888577745306406,2
108.49000000000001,2.917355548136259,2
108.5,2.699196184708038,2
108.51,2.7918859129665323,2
108.52,2.701702996911085,2
108.53,2.6498694255396398,2
108.54,2.7357762195729434,2
108.55,2.5743031917820427,2
108.56,2.324271042317979,2
108.57000000000001,2.108122741909043,2
108.58,2.182548157006881,2
108.59,1.9157539872567568,2
108.60000000000001,2.7447286907593016,2
108.61,3.134739557306894,2
108.62,3.425205084570024,2
108.63,3.231904395679498,2
108.64,3.068377527640194,2
108.65,2.7603002541150343,2
108.66,3.405139961305744,2
108.67,3.845246685358952,2
108.68,4.051209727676816,2
108.69,4.011790730445093,2
108.7,3.9006187191703265,2
108.71000000000001,4.053896870948556,2
108.72,4.501191068547833,2
108.73,4.63320292372699,2
108.74000000000001,4.254566420307724,2
108.75,4.011974842770273,2
108.76,4.143368924941092,2
108.77,3.884328749218561,2
108.78,3.762463527527319,2
108.79,4.214171391633327,2
108.8,4.103752586323497,2
108.81,3.646963922593263,2
108.82000000000001,4.499882287489417,2
108.83,4.758061208351507,2
108.84,4.664219858561182,2
108.85000000000001,4.5957397417533805,2
108.86,3.933653007952433,2
108.87,3.8289509986783368,2
108.88,3.6352187638555202,2
108.89,3.699390283799837,2
108.9,4.19061968229495,2
108.91,4.296254299331779,2
108.92,4.841871978129345,2
108.93,4.362108845834686,2
108.94,3.888948231148463,2
108.95,4.251960897616227,2
108.96000000000001,4.256241289984952,2
108.97,4.3630187301460275,2
108.98,4.319093088544769,2
108.99000000000001,4.342480855542775,2
109.0,4.503139425277127,2
109.01,4.52444726473591,2
109.02,4.310129751718526,2
109.03,4.939328428628843,2
109.04,4.872123843776785,2
109.05,4.728396399963882,2
109.06,4.557670981521833,2
109.07000000000001,4.598485830205191,2
109.08,4.46991032176101,2
109.09,3.8480080165435444,2
109.10000000000001,3.7912020045467036,2
109.11,3.505177740887572,2
109.12,3.6304496204465693,2
109.13,3.6588853721741335,2
109.14,3.50492332463274,2
109.15,3.8210570201886846,2
109.16,3.8189537464856795,2
109.17,3.730270859423256,2
109.18,3.6546488432791,2
109.19,3.580253504391131,2
109.2,3.7658350511853564,2
109.21000000000001,3.5684199340906657,2
109.22,3.6314945947276005,2
109.23,3.525535362689409,2
109.24000000000001,3.39078745393106,2
109.25,3.585611811505045,2
109.26,3.3621226405718074,2
109.27,3.5734673615285955,2
109.28,3.7038580005097077,2
109.29,4.109540159054992,2
109.3,3.6002227148697568,2
109.31,3.9289240183358105,2
109.32000000000001,3.8503168484909516,2
109.33,3.358793170224282,2
109.34,3.2361957101745604,2
109.35000000000001,3.4576114308849433,2
109.36,3.4875061984303612,2
109.37,3.920625112920659,2
109.38,3.832701776778318,2
109.39,3.8399554042131183,2
109.4,3.8035693252388136,2
109.41,3.533790294992136,2
109.42,3.5722760966183,2
109.43,3.5529464641459927,2
109.44,3.6224729791621977,2
109.45,3.6770336625022173,2
109.46000000000001,3.7098115238702567,2
109.47,3.76616222638627,2
109.48,4.101074275640796,2
109.49000000000001,3.8139525421030975,2
109.5,3.6274625981696897,2
109.51,4.066145047229809,2
109.52,4.419545966023702,2
109.53,4.450971966828944,2
109.54,4.979372407382417,2
109.55,5.01992014626651,2
109.56,5.448857742528403,2
109.57000000000001,5.717558917694478,2
109.58,6.00693054991424,2
109.59,5.480828004316447,2
109.60000000000001,5.522072008848058,2
109.61,5.346276684644487,2
109.62,4.832489195052948,2
109.63,5.127798718626597,2
109.64,5.35340711814581,2
109.65,5.176907003594489,2
109.66,4.884195961658713,2
109.67,4.812216337724551,2
109.68,4.216895679949467,2
109.69,3.81350427648251,2
109.7,3.747286115163431,2
109.71000000000001,3.9469655837751842,2
109.72,3.8997483109412925,2
109.73,3.7522943312786357,2
109.74000000000001,3.5425119761682824,2
109.75,4.279170982910628,2
109.76,3.946986302363635,2
109.77,3.4343992824575897,2
109.78,3.327851650713627,2
109.79,3.5417891498779044,2
109.8,3.6182547657117263,2
109.81,3.443661979134519,2
109.82000000000001,3.5537836870376154,2
109.83,3.9126253676404463,2
109.84,3.9791783144614263,2
109.85000000000001,4.024855518501604,2
109.86,4.06690830141886,2
109.87,3.848906911280212,2
109.88,3.9913516592722926,2
109.89,4.287408274065792,2
109.9,4.641792759874111,2
109.91,4.699355010154735,2
109.92,4.633582792372316,2
109.93,5.101955843413339,2
109.94,5.025854580122936,2
109.95,4.786104218959063,2
109.96000000000001,4.512253417232322,2
109.97,4.2333067442815375,2
109.98,4.06737985156437,2
109.99000000000001,4.606474668874736,2
110.0,4.331432761972719,2
110.01,4.730864801195221,2
110.02,4.599592315345851,2
110.03,4.834849945759863,2
110.04,4.4457593691511885,2
110.05,4.396132719766926,2
110.06,3.898633284635827,2
110.07000000000001,3.9150435651816022,2
110.08,4.1464605204863325,2
110.09,4.405701484345492,2
110.10000000000001,4.363833525500019,2
110.11,4.225905824992653,2
110.12,4.22801370668007,2
110.13,4.043147072838344,2
110.14,3.8763713041597687,2
110.15,3.7730862991869936,2
110.16,3.8603413151210955,2
110.17,4.281216318434015,2
110.18,4.621127683330083,2
110.19,4.468729647582834,2
110.2,4.190851514505352,2
110.21000000000001,3.9641670427118165,2
110.22,3.5486984163833473,2
110.23,3.800082841801186,2
110.24000000000001,3.4252489808260704,2
110.25,2.8430246684970832,2
110.26,3.165252213301765,2
110.27,3.4429423005971933,2
110.28,3.1923940364626673,2
110.29,3.3588885521334078,2
110.3,3.0494124084793084,2
110.31,3.116882166845596,2
110.32000000000001,3.306879562834688,2
110.33,3.5727058538990066,2
110.34,3.7276864095414126,2
110.35000000000001,3.218235560121092,2
110.36,3.382037116825798,2
110.37,4.061738748702956,2
110.38,4.166842420439762,2
110.39,3.757707478759432,2
110.4,3.5807341590863766,2
110.41,3.477707659570389,2
110.42,2.8693241044781477,2
110.43,3.0109013139039957,2
110.44,3.0105309568098817,2
110.45,3.0234689016223264,2
110.46000000000001,3.085841989766039,2
110.47,2.972669995295259,2
110.48,3.3176552127470145,2
110.49000000000001,3.4380096438232703,2
110.5,3.342973155958382,2
110.51,3.5347505680324405,2
110.52,3.6819962064537206,2
110.53,3.443220805833608,2
110.54,3.4498972879582235,2
110.55,3.455489495532443,2
110.56,3.3441276650133998,2
110.57000000000001,3.0253152290934158,2
110.58,2.948179173124286,2
110.59,3.412151474840054,2
110.60000000000001,3.287051669018609,2
110.61,3.613054538560012,2
110.62,3.641746242796356,2
110.63,3.7250774487810414,2
110.64,3.405721662508362,2
110.65,3.794929077774372,2
110.66,4.399137935184224,2
110.67,4.161407355837957,2
110.68,4.514590116675851,2
110.69,4.10351839539606,2
110.7,4.07792138774386,2
110.71000000000001,3.7379808572320203,2
110.72,3.8711109541839823,2
110.73,3.8261757671777903,2
110.74000000000001,3.8291564855955964,2
110.75,4.2179518113292165,2
110.76,4.548482794639237,2
110.77,4.444845325635522,2
110.78,4.7140890291898865,2
110.79,4.968609565334302,2
110.8,5.186090008434148,2
110.81,5.10934107451633,2
110.82000000000001,5.092072604679385,2
110.83,4.902499679299809,2
110.84,5.47354354104681,2
110.85000000000001,5.4392385051610335,2
110.86,5.272040000224112,2
110.87,5.287394454695899,2
110.88,5.235614188545672,2
110.89,5.69639936811894,2
110.9,5.52054970102291,2
110.91,5.585433130762499,2
110.92,5.393037104899974,2
110.93,4.775617550418544,2
110.94,4.698470411927811,2
110.95,4.87043493982845,2
110.96000000000001,4.821910980290052,2
110.97,4.412123683758145,2
110.98,4.820062871621484,2
110.99000000000001,4.400982403127942,2
111.0,4.1418768860491495,2
111.01,3.8089292835928927,2
111.02,3.534424792537955,2
111.03,3.593731650216164,2
111.04,3.8074605811802407,2
111.05,3.6604176751926296,2
111.06,3.854270476833983,2
111.07000000000001,4.086745628152212,2
111.08,3.9848728912683913,2
111.09,3.557481703463908,2
111.10000000000001,4.030680798779056,2
111.11,3.8376037390057394,2
111.12,3.2276656148053964,2
111.13,3.194672962252813,2
111.14,3.44059168248593,2
111.15,3.7043847694416265,2
111.16,3.4118071622217605,2
111.17,2.9468349084842504,2
111.18,3.138821276875367,2
111.19,3.371396862262352,2
111.2,3.750996160776983,2
111.21000000000001,4.060137712622761,2
111.22,4.095680765824539,2
111.23,3.825850644882579,2
111.24000000000001,3.7065243201081834,2
111.25,3.667035095352337,2
111.26,3.4409850406333193,2
111.27,3.803157763201979,2
111.28,4.114063713865768,2
111.29,3.7071408652159445,2
111.3,3.6452860614756832,2
111.31,4.265031557305272,2
111.32000000000001,4.568006123483709,2
111.33,4.564531649357622,2
111.34,4.818571353432466,2
111.35000000000001,5.20403454420653,2
111.36,5.110436934163521,2
111.37,4.614938950741307,2
111.38,4.797014412004121,2
111.39,4.975559162982994,2
111.4,4.593048020029357,2
111.41,4.607553505710265,2
111.42,4.322781497861341,2
111.43,3.8245015976198715,2
111.44,3.9045818778119363,2
111.45,4.325555104902866,2
111.46000000000001,4.384015082206512,2
111.47,4.39573005244943,2
111.48,3.978584732129874,2
111.49000000000001,4.158734414223665,2
111.5,3.9860294552867646,2
111.51,3.767000886279992,2
111.52,4.040261639710355,2
111.53,3.6918168792525172,2
111.54,3.6626201902822775,2
111.55,3.3711353085844955,2
111.56,3.3491699312477916,2
111.57000000000001,2.793140542618952,2
111.58,3.067279291640212,2
111.59,3.2711001937923396,2
111.60000000000001,3.960750275414208,2
111.61,4.033336805800911,2
111.62,3.774390834498385,2
111.63,4.077920451939003,2
111.64,4.344645517385885,2
111.65,4.68041098445721,2
111.66,4.056824611751627,2
111.67,3.8525101539282707,2
111.68,3.6101195336634606,2
111.69,4.0822074560532595,2
111.7,4.3022195370152145,2
111.71000000000001,4.592288053733322,2
111.72,4.225662435823783,2
111.73,4.240656796697804,2
111.74000000000001,3.755516470863852,2
111.75,3.467649498383204,2
111.76,3.5558836934818605,2
111.77,3.6631113345102206,2
111.78,3.808249184261878,2
111.79,3.643180250948163,2
111.8,3.7993823771646134,2
111.81,3.820750468600985,2
111.82000000000001,4.283510232282151,2
111.83,4.134286141883352,2
111.84,3.6010787374332214,2
111.85000000000001,3.8157204848402078,2
111.86,3.929303980522727,2
111.87,3.6842543525820375,2
111.88,3.623321916341328,2
111.89,3.7159348367146365,2
111.9,3.636846774671091,2
111.91,3.3585404143649784,2
111.92,3.36610321817125,2
111.93,3.680049663427311,2
111.94,3.6095879503547765,2
111.95,3.7086268705185508,2
111.96000000000001,3.6863491946170246,2
111.97,3.367784691456626,2
111.98,3.400870614026769,2
111.99000000000001,3.3346315200894576,2
112.0,3.616079431854936,2
112.01,4.0044766204955575,2
112.02,4.253838215960306,2
112.03,4.0201602378676045,2
112.04,3.6886892631403883,2
112.05,3.29094683073214,2
112.06,3.4098378099277955,2
112.07000000000001,3.267927132364115,2
112.08,3.025809650713574,2
112.09,3.679088025974647,2
112.10000000000001,3.848937851630855,2
112.11,3.959292495805215,2
112.12,4.044473206042296,2
112.13,4.498670896925813,2
112.14,4.401477316729569,2
112.15,4.5363759635620315,2
112.16,4.738695115108632,2
112.17,5.191176850706822,2
112.18,5.071642634212275,2
112.19,5.314276198248553,2
112.2,4.664807069424246,2
112.21000000000001,5.1982442326449005,2
112.22,5.198156593745343,2
112.23,5.292328809744226,2
112.24000000000001,4.799334794512266,2
112.25,4.337310079123759,2
112.26,4.120500901003314,2
112.27,4.114061965574082,2
112.28,4.030546702870425,2
112.29,3.911332551373402,2
112.3,3.8644078701936353,2
112.31,3.2164948049724504,2
112.32000000000001,3.415688554945118,2
112.33,3.4260004229371117,2
112.34,3.752876197393086,2
112.35000000000001,3.6427568315722962,2
112.36,3.573076542103831,2
112.37,3.6605590593832535,2
112.38,3.8883073997900413,2
112.39,4.22548958465255,2
112.4,4.191413855227591,2
112.41,4.293694191760906,2
112.42,4.273694429788326,2
112.43,4.163061839392694,2
112.44,3.6020747518391856,2
112.45,3.700213449497477,2
112.46000000000001,3.472172721675112,2
112.47,3.771661749823748,2
112.48,3.548529912860475,2
112.49000000000001,3.432684947336308,2
112.5,3.256537065759844,2
112.51,3.4819658207372095,2
112.52,3.447858091903434,2
112.53,3.664100488156877,2
112.54,2.941139175734186,2
112.55,3.612025321170759,2
112.56,3.3645722429043903,2
112.57000000000001,3.645903399758878,2
112.58,3.8229638094740914,2
112.59,4.042304571917317,2
112.60000000000001,3.8063676840047864,2
112.61,3.729691462034718,2
112.62,3.869592057645777,2
112.63,3.883752090826728,2
112.64,3.6377353035578457,2
112.65,3.836411874763955,2
112.66,4.4998140139987335,2
112.67,4.330337498654197,2
112.68,4.435609975031032,2
112.69,4.45660739923125,2
112.7,4.305888808790109,2
112.71000000000001,4.503743113246789,2
112.72,4.677940711434598,2
112.73,4.454368713408763,2
112.74000000000001,4.814940226518577,2
112.75,4.73647156485296,2
112.76,4.967560724684365,2
112.77,4.968364631108917,2
112.78,4.882742924039397,2
112.79,4.792115025288906,2
112.8,4.904493088208193,2
112.81,4.502401540328179,2
112.82000000000001,4.557368703276759,2
112.83,4.87285357333248,2
112.84,4.9302301450060995,2
112.85000000000001,4.342317652049126,2
112.86,3.9162304356906494,2
112.87,3.930560173750967,2
112.88,3.714539864342207,2
112.89,3.9951559869034563,2
112.9,3.8612751004681543,2
112.91,4.03135130383469,2
112.92,4.577693760727184,2
112.93,4.526445213131295,2
112.94,4.187126207468763,2
112.95,4.280563529460748,2
112.96000000000001,4.332613456398314,2
112.97,4.370193164871576,2
112.98,4.72077479528126,2
112.99000000000001,4.312623612842254,2
113.0,4.56454440536318,2
113.01,4.336339848937797,2
113.02,4.69386703210244,2
113.03,4.023182787907939,2
113.04,4.652861963272784,2
113.05,4.510844407013689,2
113.06,4.11685360735729,2
113.07000000000001,4.36230227474624,2
113.08,4.471034729587917,2
113.09,4.552332596490016,2
113.10000000000001,4.76048114280225,2
113.11,4.69474418034157,2
113.12,4.5423791152378925,2
113.13,4.159652580616774,2
113.14,4.11143008963245,2
113.15,3.955379956069277,2
113.16,3.957471853975258,2
113.17,3.99371965856749,2
113.18,4.486595134231745,2
113.19,4.226200880497529,2
113.2,4.163616148837406,2
113.21000000000001,4.023890929178144,2
113.22,3.6240236710996285,2
113.23,4.486596810169789,2
113.24000000000001,4.172705453005256,2
113.25,4.260096386519419,2
113.26,4.715806712937864,2
113.27,4.293074574544399,2
113.28,4.511979693822519,2
113.29,4.024630324763184,2
113.3,3.794824697552293,2
113.31,3.9743789947034376,2
113.32000000000001,3.899671374530592,2
113.33,4.32181082230139,2
113.34,4.326038739787384,2
113.35000000000001,4.441048055123858,2
113.36,4.201487851024412,2
113.37,3.8870916997517493,2
113.38,3.5708672800357273,2
113.39,3.3488836820159573,2
113.4,3.2170970022929484,2
113.41,3.62322655350216,2
113.42,3.7751991345226035,2
113.43,3.4356615509379056,2
113.44,3.3754017410373667,2
113.45,3.429259976385687,2
113.46000000000001,4.317464359086508,2
113.47,4.288148448158737,2
113.48,4.387859418368007,2
113.49000000000001,4.067907771941512,2
113.5,4.265297289134735,2
113.51,4.629888080319534,2
113.52,4.524167489645412,2
113.53,4.646138407804939,2
113.54,4.744574340527744,2
113.55,4.689795044176073,2
113.56,4.986583520809061,2
113.57000000000001,4.661633778653671,2
113.58,4.348358088209902,2
113.59,4.314783205758251,2
113.60000000000001,4.177527166328818,2
113.61,3.334867704744151,2
113.62,3.1941726922453526,2
113.63,2.671245405085188,2
113.64,2.7132851842973467,2
113.65,3.044036097813819,2
113.66,3.154972172942392,2
113.67,3.2772796510588362,2
113.68,3.305477253237756,2
113.69,3.434905044608138,2
113.7,4.291798194532737,2
113.71000000000001,4.162848271920272,2
113.72,4.142807611494549,2
113.73,3.883580104966748,2
113.74000000000001,3.355852175854337,2
113.75,3.4954998028101882,2
113.76,3.866605093158106,2
113.77,4.537279891965926,2
113.78,4.430415784277595,2
113.79,4.313941586680758,2
113.8,4.547611587971923,2
113.81,4.977963738930289,2
113.82000000000001,4.5300507496355475,2
113.83,4.665334830835848,2
113.84,5.116684441681592,2
113.85000000000001,4.934480600746227,2
113.86,4.512896493347308,2
113.87,4.684078877243422,2
113.88,4.234445625811276,2
113.89,4.548254194814741,2
113.9,5.057442682418598,2
113.91,4.810001382380207,2
113.92,5.198769963538234,2
113.93,5.257750645222441,2
113.94,5.524657962752888,2
113.95,5.1880643309888566,2
113.96000000000001,5.2458876413437245,2
113.97,5.189916488224677,2
113.98,4.848335458926958,2
113.99000000000001,4.663788849759858,2
114.0,4.7606407113221705,2
114.01,4.3658528098165865,2
114.02,3.988862556925586,2
114.03,3.6281432502832933,2
114.04,3.4455538203728096,2
114.05,3.582111751780057,2
114.06,3.4803830962744975,2
114.07000000000001,3.894351624205597,2
114.08,3.4957846161627053,2
114.09,3.6915821402171702,2
114.10000000000001,3.618453098805838,2
114.11,3.626922909389086,2
114.12,3.858133479973439,2
114.13,3.125895481400486,2
114.14,2.607625056315743,2
114.15,2.7291079208695583,2
114.16,2.7931581488225787,2
114.17,2.5092142595131843,2
114.18,3.226419465468295,2
114.19,2.97551484533804,2
114.2,2.9271477564710793,2
114.21000000000001,3.3602605124317217,2
114.22,3.232962558404366,2
114.23,3.0637802510864613,2
114.24000000000001,3.2676356150660024,2
114.25,3.130329360325077,2
114.26,3.3291678813252874,2
114.27,3.5416200771010242,2
114.28,3.6949134111933333,2
114.29,4.059458115428769,2
114.3,3.944187279828911,2
114.31,3.806955532619513,2
114.32000000000001,3.802027429172697,2
114.33,3.0200750997240178,2
114.34,3.1786100360884144,2
114.35000000000001,3.1673523820031577,2
114.36,3.358977860205829,2
114.37,3.169126920821272,2
114.38,3.6333707131034463,2
114.39,3.6111698712308975,2
114.4,3.886790794629293,2
114.41,3.754324554971476,2
114.42,3.9111189163058357,2
114.43,3.4793729733429646,2
114.44,2.9090984717978015,2
114.45,2.959563016455562,2
114.46000000000001,3.0579047440778724,2
114.47,3.1248623168248995,2
114.48,3.130436874640033,2
114.49000000000001,3.103614486482491,2
114.5,3.384603066229318,2
114.51,3.9515705072889613,2
114.52,4.689500506264023,2
114.53,4.930653350312052,2
114.54,4.1894330561023425,2
114.55,4.468237175266474,2
114.56,4.715553950231137,2
114.57000000000001,4.615451275820187,2
114.58,4.816618748051391,2
114.59,4.837000959604309,2
114.60000000000001,4.749125224056214,2
114.61,4.745964730392296,2
114.62,4.51437677790588,2
114.63,3.9416813584746957,2
114.64,3.41558395896994,2
114.65,3.733828482974516,2
114.66,3.4698039726462726,2
114.67,3.0894700633804457,2
114.68,2.7413994472800525,2
114.69,2.7323766151958906,2
114.7,3.288629986382476,2
114.71000000000001,3.318646506342116,2
114.72,2.9813032413826295,2
114.73,3.5029863863642388,2
114.74000000000001,3.6452226331174775,2
114.75,3.58252240428027,2
114.76,3.76181361700484,2
114.77,3.7889398662327425,2
114.78,3.60679995635675,2
114.79,3.491216711426727,2
114.8,3.191657188717546,2
114.81,3.1394069393818,2
114.82000000000001,3.4890602430768296,2
114.83,3.795986865500676,2
114.84,3.7665497984154106,2
114.85000000000001,3.7431642989988956,2
114.86,3.4760318391128076,2
114.87,3.640622400729071,2
114.88,3.2846341615937207,2
114.89,3.591829800569504,2
114.9,3.7512718177184627,2
114.91,3.701014731674278,2
114.92,3.854291547430638,2
114.93,3.772190334685184,2
114.94,3.8484324279974307,2
114.95,3.924463625877344,2
114.96000000000001,4.2625506661552155,2
114.97,4.374965614097299,2
114.98,4.634579484866045,2
114.99000000000001,4.682510796888787,2
115.0,4.598010090989678,2
115.01,4.684065585557776,2
115.02,4.7133862150196615,2
115.03,4.539703710714325,2
115.04,4.086907336323768,2
115.05,3.9302522934008848,2
115.06,3.7871633313522857,2
115.07000000000001,3.9657625159469974,2
115.08,3.950747917610848,2
115.09,3.7254606398754877,2
115.10000000000001,3.706276437588698,2
115.11,3.64480548666388,2
115.12,3.4199951184774213,2
115.13,3.893667173979381,2
115.14,3.851545834336225,2
115.15,3.642051687563137,2
115.16,3.2068853946837548,2
115.17,3.310978387188508,2
115.18,3.5266737858874633,2
115.19,3.389383990227172,2
115.2,3.490193349017075,2
115.21000000000001,3.2319550582417262,2
115.22,3.2437817508852076,2
115.23,3.6267271349967825,2
115.24000000000001,3.5979003661932474,2
115.25,3.455567863003389,2
115.26,3.890290679324841,2
115.27,3.957312613286457,2
115.28,3.8190376572555995,2
115.29,3.5918905389128803,2
115.3,3.3071918289528743,2
115.31,3.497392206726118,2
115.32000000000001,3.764969659835389,2
115.33,3.7885041244451236,2
115.34,3.7534347925834797,2
115.35000000000001,3.9447698190647684,2
115.36,3.54854005067457,2
115.37,3.615188711768405,2
115.38,3.6585486033354404,2
115.39,3.81017364509987,2
115.4,3.9648475076267227,2
115.41,3.8527737215566766,2
115.42,4.392905558906557,2
115.43,4.046305259179565,2
115.44,3.9066674625724347,2
115.45,4.159107525281945,2
115.46000000000001,3.9633058244980055,2
115.47,3.998547777117121,2
115.48,3.8478220444739586,2
115.49000000000001,3.7521737840423666,2
115.5,3.4101990466225836,2
115.51,3.684724007365161,2
115.52,3.938096797607636,2
115.53,4.16515476583274,2
115.54,4.027008796335635,2
115.55,4.118415985798176,2
115.56,4.671853512132067,2
115.57000000000001,4.686881806544735,2
115.58,4.290609024809617,2
115.59,4.01958220791115,2
115.60000000000001,3.7622920288463475,2
115.61,4.160308411347556,2
115.62,4.255995588960855,2
115.63,3.7844355847435045,2
115.64,4.1751488925742954,2
115.65,4.31818637043099,2
115.66,4.33578377901557,2
115.67,4.732089002760737,2
115.68,4.593985716999929,2
115.69,4.92046289777165,2
115.7,4.202387971132249,2
115.71000000000001,3.9744721174939155,2
115.72,4.201360133829074,2
115.73,4.656706910472508,2
115.74000000000001,4.246003368461862,2
115.75,4.102948314254691,2
115.76,4.13974541247688,2
115.77,3.8596115144144933,2
115.78,3.799062819704565,2
115.79,4.267511106745718,2
115.8,3.9485393038035217,2
115.81,3.885580131195065,2
115.82000000000001,3.974367454680261,2
115.83,4.108803577164081,2
115.84,3.8529175624563723,2
115.85000000000001,3.8171095216237285,2
115.86,3.7532778171023207,2
115.87,3.8639775884046723,2
115.88,3.544338393161893,2
115.89,3.9501325617426155,2
115.9,4.028229796513063,2
115.91,4.327749346292613,2
115.92,4.133121825001071,2
115.93,3.774092869241874,2
115.94,3.526234859006759,2
115.95,3.77213128882723,2
115.96000000000001,3.6700292148058953,2
115.97,3.244081375186989,2
115.98,3.370812516066092,2
115.99000000000001,3.3428431470384035,2
116.0,3.324883547621893,2
116.01,2.90784191652131,2
116.02,2.5895178947783073,2
116.03,2.575302727180919,2
116.04,2.4549757775294503,2
116.05,2.4481650271904813,2
116.06,2.8392233946312526,2
116.07000000000001,2.653804511287614,2
116.08,2.5318109615668662,2
116.09,2.5292837140651785,2
116.10000000000001,2.4034117154548262,2
116.11,2.5020414383141003,2
116.12,2.942999098773624,2
116.13,2.967244336720893,2
116.14,3.1436797482828966,2
116.15,2.5716697041905743,2
116.16,2.7376048621124696,2
116.17,3.2819849486537964,2
116.18,3.3816269653936377,2
116.19,3.4797880290268575,2
116.2,3.6127125497495993,2
116.21000000000001,4.095702439579042,2
116.22,4.469696200977173,2
116.23,4.133177270415031,2
116.24000000000001,4.460599676222922,2
116.25,4.804420110361139,2
116.26,4.2394477484748325,2
116.27,4.222902665620976,2
116.28,4.3495156669536446,2
116.29,3.521138673296399,2
116.3,3.376258249038872,2
116.31,3.2358331210049616,2
116.32000000000001,3.129472326111382,2
116.33,3.512499140105789,2
116.34,3.5452256388435313,2
116.35000000000001,3.7100376928225933,2
116.36,3.764377118975784,2
116.37,4.4872262247392385,2
116.38,4.720817739696206,2
116.39,4.643758066492427,2
116.4,4.504577427864008,2
116.41,4.256770377984823,2
116.42,3.9553545028963235,2
116.43,3.620701325868075,2
116.44,3.9368738310957125,2
116.45,3.6896062542725665,2
116.46000000000001,3.9025521981909517,2
116.47,3.769634280490108,2
116.48,3.5798652130406703,2
116.49000000000001,3.5283063888444963,2
116.5,4.083175416714207,2
116.51,4.935519640714545,2
116.52,4.738129113239446,2
116.53,4.534501068541041,2
116.54,4.751632511442214,2
116.55,4.719732202004172,2
116.56,4.462658368536573,2
116.57000000000001,4.555445010326291,2
116.58,4.717360779951206,2
116.59,4.5776211280508585,2
116.60000000000001,4.4597758417632285,2
116.61,4.89970009532349,2
116.62,4.577159538054201,2
116.63,4.3664363767342955,2
116.64,4.198741975786939,2
116.65,4.660258268449516,2
116.66,4.034184038851302,2
116.67,4.263777746030465,2
116.68,4.2290421482702,2
116.69,4.719951273293382,2
116.7,4.748715980925006,2
116.71000000000001,4.064295188753636,2
116.72,4.514446181362625,2
116.73,4.396133396899608,2
116.74000000000001,3.778335490497614,2
116.75,3.6856333940379353,2
116.76,3.7272989492869684,2
116.77,3.457314995836239,2
116.78,3.0776954516005803,2
116.79,3.2539587305268505,2
116.8,2.9761537170936303,2
116.81,2.787856367032179,2
116.82000000000001,3.2936428232182307,2
116.83,3.2706229056681098,2
116.84,2.9986925931899853,2
116.85000000000001,2.845079368391184,2
116.86,3.0699950039972057,2
116.87,3.2825373473516963,2
116.88,3.5428990388524904,2
116.89,3.816483675170289,2
116.9,3.929331908633862,2
116.91,4.108668455843094,2
116.92,3.963046536640466,2
116.93,3.6500316869842724,2
116.94,4.069778075541599,2
116.95,4.312201433754164,2
116.96000000000001,4.201242513413427,2
116.97,3.9928843943240024,2
116.98,4.641324303017607,2
116.99000000000001,4.320926288420924,2
117.0,4.353214301154185,2
117.01,4.12799452793206,2
117.02,3.998693279452491,2
117.03,3.7862620823506234,2
117.04,3.19445924620614,2
117.05,3.3855575594349783,2
117.06,3.6330883143591826,2
117.07000000000001,3.481472426608614,2
117.08,4.271763545257119,2
117.09,4.324854318285864,2
117.10000000000001,4.339762508098503,2
117.11,4.415420355557555,2
117.12,4.205872080231626,2
117.13,3.908300981412351,2
117.14,3.701760076379449,2
117.15,3.5771450561036326,2
117.16,3.7782775972727305,2
117.17,3.6934098635113926,2
117.18,3.899372515049013,2
117.19,3.551990506229688,2
117.2,3.414244009533657,2
117.21000000000001,3.2710065587528376,2
117.22,2.262428987953,2
117.23,2.3064309409311874,2
117.24000000000001,2.181804552706143,2
117.25,2.4931384053619228,2
117.26,2.8513955333884016,2
117.27,2.569522368788573,2
117.28,2.64302876484299,2
117.29,2.4161450132884874,2
117.3,2.6664668123870423,2
117.31,2.605164257614888,2
117.32000000000001,2.5933370479169033,2
117.33,2.672579509445361,2
117.34,2.886329749444424,2
117.35000000000001,3.0133087593677486,2
117.36,3.223383226686864,2
117.37,3.5046927093365725,2
117.38,3.516509129829838,2
117.39,3.2714450606256618,2
117.4,2.890607510903272,2
117.41,2.785414071991231,2
117.42,2.970577805121273,2
117.43,2.6816530490860915,2
117.44,3.1177213333172107,2
117.45,2.9082030719103704,2
117.46000000000001,2.9853929717005743,2
117.47,3.5051385872609218,2
117.48,3.5029894259654117,2
117.49000000000001,3.243271326191224,2
117.5,2.607747257423338,2
117.51,2.862046883157566,2
117.52,3.0637280491300185,2
117.53,3.320576955347976,2
117.54,3.420561057666384,2
117.55,3.326504288786339,2
117.56,3.171053538042217,2
117.57000000000001,3.265769811988704,2
117.58,3.619678106167802,2
117.59,2.8192193404971997,2
117.60000000000001,3.2032555173044455,2
117.61,3.200623554431395,2
117.62,3.23317409844417,2
117.63,3.5068378067021233,2
117.64,3.50776945259961,2
117.65,3.620965657169764,2
117.66,3.1959421022247994,2
117.67,3.197746621395461,2
117.68,3.4214510748285427,2
117.69,3.368341473799597,2
117.7,3.3375452702045227,2
117.71000000000001,3.4502696314611594,2
117.72,3.6273855022075754,2
117.73,4.095776347503855,2
117.74000000000001,4.2107379839867685,2
117.75,4.572587046135094,2
117.76,4.487843000896707,2
117.77,3.7679806400685685,2
117.78,3.669888295694897,2
117.79,3.4733800606010496,2
117.8,3.508178263146029,2
117.81,3.466362187719622,2
117.82000000000001,3.5943552317234873,2
117.83,3.4449939282869084,2
117.84,3.561605345358276,2
117.85000000000001,3.7101952391289164,2
117.86,3.7492111097687584,2
117.87,3.3596974376105395,2
117.88,3.67695690696243,2
117.89,3.884849183494677,2
117.9,3.842160384911077,2
117.91,3.3447945971335837,2
117.92,3.495885686531883,2
117.93,3.3967259304109585,2
117.94,3.301354505333418,2
117.95,3.349048050168646,2
117.96000000000001,3.8264726939467164,2
117.97,3.8854572708255,2
117.98,3.8655578457407573,2
117.99000000000001,3.731250779029709,2
118.0,3.7669373434809716,2
118.01,3.789923754111297,2
118.02,3.981786513039432,2
118.03,3.833025300627406,2
118.04,3.6196447134916436,2
118.05,3.532203943284671,2
118.06,3.5543175653862824,2
118.07000000000001,3.5928694580230016,2
118.08,3.6308183940972616,2
118.09,3.3869726891710283,2
118.10000000000001,3.424065427691984,2
118.11,3.675350454037011,2
118.12,4.068280946325071,2
118.13,4.340366308862863,2
118.14,4.289109920836071,2
118.15,4.215344937784877,2
118.16,4.546000691706384,2
118.17,4.46027052481214,2
118.18,4.659922771547167,2
118.19,4.585686756403087,2
118.2,3.847364909164207,2
118.21000000000001,4.0507641599817745,2
118.22,4.319454966671942,2
118.23,4.194558373121948,2
118.24000000000001,3.847209130870707,2
118.25,4.2935993572672135,2
118.26,4.222914150089628,2
118.27,4.103220889385361,2
118.28,4.2200770963824725,2
118.29,4.97334206741463,2
118.3,5.013170742112827,2
118.31,4.962357817742894,2
118.32000000000001,4.88589275781628,2
118.33,5.265958683169468,2
118.34,5.2887688993581925,2
118.35000000000001,5.404635888942382,2
118.36,5.350284446166868,2
118.37,5.367079735050135,2
118.38,5.151494113612888,2
118.39,5.084319460862242,2
118.4,4.7814896851128825,2
118.41,4.5594022090485815,2
118.42,4.6424182433346655,2
118.43,4.378827711739959,2
118.44,4.377920558741215,2
118.45,4.235968697431284,2
118.46000000000001,3.893876118668924,2
118.47,3.969017897010082,2
118.48,4.191826896337975,2
118.49000000000001,3.8000040968961657,2
118.5,3.992538115069906,2
118.51,3.677357488901704,2
118.52,4.093689243622632,2
118.53,4.244984550435259,2
118.54,3.8478321710952943,2
118.55,4.1047208847395416,2
118.56,3.920500348935563,2
118.57000000000001,3.654913655396136,2
118.58,3.8939174428212704,2
118.59,4.246435846043791,2
118.60000000000001,4.356747091685836,2
118.61,4.215778551724842,2
118.62,4.242242447659084,2
118.63,4.053076579106632,2
118.64,3.99836224628396,2
118.65,4.114144788821107,2
118.66,3.698621993150112,2
118.67,3.855212013521682,2
118.68,3.4694980018182418,2
118.69,3.1616564775722558,2
118.7,3.4307454841547744,2
118.71000000000001,3.248524644693884,2
118.72,3.042876034416938,2
118.73,3.0548353168947417,2
118.74000000000001,2.9817983420084224,2
118.75,3.149176399506448,2
118.76,3.2837465018483467,2
118.77,3.0761282041665874,2
118.78,2.6837511655224247,2
118.79,2.7579070922040283,2
118.8,3.193925437924696,2
118.81,3.255881627755438,2
118.82000000000001,3.2318077967744827,2
118.83,3.798887275439367,2
118.84,4.032233589677018,2
118.85000000000001,3.5395219253207055,2
118.86,3.50652956189138,2
118.87,3.619076450133176,2
118.88,3.3546781497695473,2
118.89,3.336220050006927,2
118.9,3.408631835654835,2
118.91,3.404380950714675,2
118.92,3.1208900913520643,2
118.93,3.6247858948788125,2
118.94,3.73790556542178,2
118.95,3.5206761714062242,2
118.96000000000001,3.816829326680709,2
118.97,3.812195800544211,2
118.98,4.111968400521939,2
118.99000000000001,4.071222269712363,2
119.0,3.6458721585428466,2
119.01,3.3789197570747223,2
119.02,3.7643287463652175,2
119.03,4.080506816029007,2
119.04,3.6958160260018813,2
119.05,4.120921517546581,2
119.06,4.399462541101344,2
119.07000000000001,4.179825050513308,2
119.08,4.139728073508414,2
119.09,3.501647002117492,2
119.10000000000001,3.3529368788698775,2
119.11,3.3577353676239965,2
119.12,3.509597995660795,2
119.13,3.525837417346407,2
119.14,3.6125652501400993,2
119.15,3.376992489613608,2
119.16,3.5310488597536884,2
119.17,4.05482835040487,2
119.18,4.173852990466915,2
119.19,4.166074680926688,2
119.2,3.9396412199933533,2
119.21000000000001,3.8446680795443573,2
119.22,3.4884427189084337,2
119.23,3.1300100293948225,2
119.24000000000001,3.1971583423197174,2
119.25,3.4345240659706557,2
119.26,3.2486389213322138,2
119.27,3.6625669841188504,2
119.28,3.537408705302186,2
119.29,3.558190389083735,2
119.3,3.8702525543269,2
119.31,3.794523437325738,2
119.32000000000001,3.9928825178464633,2
119.33,4.15584568633256,2
119.34,3.9493175805037057,2
119.35000000000001,3.7710572558327513,2
119.36,4.140284586500597,2
119.37,4.500234901722822,2
119.38,4.627443943447808,2
119.39,4.3188459225501825,2
119.4,4.533025608926688,2
119.41,4.4009364876299175,2
119.42,4.00139299554599,2
119.43,3.8208597161679863,2
119.44,3.7753855946249257,2
119.45,4.105697369210434,2
119.46000000000001,3.867749383259984,2
119.47,3.6073499218647638,2
119.48,3.5098367178822403,2
119.49000000000001,3.524317756398429,2
119.5,3.762573093029271,2
119.51,3.9479330967996744,2
119.52,3.3157645202925314,2
119.53,3.283375415258699,2
119.54,3.3901438032847104,2
119.55,3.2045213301769797,2
119.56,3.0629467450397154,2
119.57000000000001,3.3336137189749735,2
119.58,3.593815752119654,2
119.59,3.584226502851954,2
119.60000000000001,3.739683920979501,2
119.61,3.896949669871735,2
119.62,3.5964945344281793,2
119.63,3.329878133436061,2
119.64,3.2854716428404798,2
119.65,3.1605804862357463,2
119.66,3.0754681538800424,2
119.67,3.1409685615458676,2
119.68,3.2008990192246496,2
119.69,2.555358632716044,2
119.7,2.7269094116160026,2
119.71000000000001,2.78283705143082,2
119.72,2.968478191525349,2
119.73,2.890035139566326,2
119.74000000000001,2.820999362950385,2
119.75,2.8282482745806568,2
119.76,3.24817957993653,2
119.77,3.2052712329232484,2
119.78,3.59947420265815,2
119.79,3.916367544747054,2
119.8,3.828858898666075,2
119.81,3.701180404544651,2
119.82000000000001,3.596146025341393,2
119.83,3.5957132032262313,2
119.84,3.477804947930416,2
119.85000000000001,3.7384730488097855,2
119.86,3.581678117214067,2
119.87,3.86803290183623,2
119.88,3.6170273371310877,2
119.89,3.1829045091202213,2
119.9,2.755430933662865,2
119.91,2.726792218387613,2
119.92,2.6253039269358966,2
119.93,2.521166500527469,2
119.94,2.947564676971992,2
119.95,2.845548458974114,2
119.96000000000001,2.4040849192175506,2
119.97,2.7236846007362323,2
119.98,3.2298619940437368,2
119.99000000000001,3.4343340773599387,2
120.0,3.301034266802408,2
120.01,3.4195493301602813,2
120.02,3.2499916809723106,2
120.03,3.049708839477905,2
120.04,3.088747995306966,2
120.05,3.1637293678223024,2
120.06,3.189901478154046,2
120.07000000000001,3.744540670608716,2
120.08,3.782210849927035,2
120.09,4.075911425205106,2
120.10000000000001,4.700676056310913,2
120.11,4.496440256711385,2
120.12,4.488894389639011,2
120.13,4.67147679033538,2
120.14,4.638912686834493,2
120.15,4.496508129442504,2
120.16,5.110845131698586,2
120.17,5.339286721618041,2
120.18,4.609890419484252,2
120.19,4.93347573630293,2
120.2,5.293549782879675,2
120.21000000000001,5.502872202333059,2
120.22,5.5652691998268455,2
120.23,5.848171284829276,2
120.24000000000001,5.913427436192974,2
120.25,5.886053545237612,2
120.26,5.735456785033106,2
120.27,5.25829508352088,2
120.28,4.743532352993528,2
120.29,4.888179232891251,2
120.3,5.013289535000256,2
120.31,4.8998586559151835,2
120.32000000000001,4.567155141746651,2
120.33,4.190273114298236,2
120.34,4.068626410920614,2
120.35000000000001,4.260624405271783,2
120.36,4.868763489870716,2
120.37,4.774942391722198,2
120.38,4.778977620671814,2
120.39,5.02009191057165,2
120.4,4.900000851911569,2
120.41,4.91447761949727,2
120.42,5.0559211626487,2
120.43,5.262564554535898,2
120.44,5.151646803609355,2
120.45,4.900316935330483,2
120.46000000000001,4.86811322959358,2
120.47,4.300406606820704,2
120.48,4.353581220845382,2
120.49000000000001,4.563837016828195,2
120.5,4.988612686578911,2
120.51,5.15172998494037,2
120.52,4.309524031198132,2
120.53,4.672901945069656,2
120.54,5.021240198214258,2
120.55,4.658274013712835,2
120.56,4.478939443067576,2
120.57000000000001,4.838774509674754,2
120.58,4.7706390250551065,2
120.59,4.5271091370529914,2
120.60000000000001,4.261488846090983,2
120.61,4.981794690228237,2
120.62,5.1067299228880785,2
120.63,4.917121069611889,2
120.64,6.854142405144495,2
120.65,5.731180899795586,2
120.66,5.316662692668227,2
120.67,5.349676094427996,2
120.68,5.11876163792126,2
120.69,5.148068374912777,2
120.7,5.18589715731049,2
120.71000000000001,5.294203462128272,2
120.72,5.626159441529251,2
120.73,6.090219800575989,2
120.74000000000001,5.997686313561496,2
120.75,5.257322456588255,2
120.76,5.379970903165816,2
120.77,5.168093660000723,2
120.78,4.57211286662063,2
120.79,4.710595120871148,2
120.8,4.764030979424057,2
120.81,4.459395052917036,2
120.82000000000001,4.077449502791587,2
120.83,4.465180803916026,2
120.84,4.56207144620622,2
120.85000000000001,4.281757073205307,2
120.86,4.441299096593438,2
120.87,4.278109145540742,2
120.88,4.4046462429798074,2
120.89,4.453169091768559,2
120.9,3.681268802416195,2
120.91,3.743822343102989,2
120.92,3.722250820986585,2
120.93,3.540270987133599,2
120.94,3.228110417490304,2
120.95,3.243670898201111,2
120.96000000000001,3.2193632799839866,2
120.97,3.4819899631591187,2
120.98,3.492662868778155,2
120.99000000000001,3.5684949060705553,2
121.0,3.704340616614187,2
121.01,3.6024669641813407,2
121.02,3.3599244138598126,2
121.03,4.051061585795891,2
121.04,4.023936893175461,2
121.05,3.962044749264929,2
121.06,4.366317084395866,2
121.07000000000001,4.864362718715809,2
121.08,5.187534507262231,2
121.09,4.958188123241753,2
121.10000000000001,4.960762300153743,2
121.11,5.030302874136091,2
121.12,5.5610312673591915,2
121.13,5.523991660443255,2
121.14,5.503229316066776,2
121.15,5.0658610119836815,2
121.16,4.603615931470237,2
121.17,4.926991519036095,2
121.18,4.932272460123084,2
121.19,4.965772598182999,2
121.2,5.173376475443737,2
121.21000000000001,5.297521458723374,2
121.22,5.372273613923406,2
121.23,5.415221684176553,2
121.24000000000001,5.312994044297544,2
121.25,5.240942269624777,2
121.26,5.376388913094058,2
121.27,4.972873327994099,2
121.28,4.577972143251062,2
121.29,4.543321999510254,2
121.3,4.531243407722247,2
121.31,4.683379106256948,2
121.32000000000001,4.552057502796415,2
121.33,4.276446887281697,2
121.34,4.419297063029928,2
121.35000000000001,4.758895402073325,2
121.36,4.7864317040815125,2
121.37,4.295838849464596,2
121.38,4.344326261554948,2
121.39,3.7626780983754027,2
121.4,3.774771029450644,2
121.41,3.227868670680646,2
121.42,3.1832142154782943,2
121.43,3.409688269629048,2
121.44,3.387848870167804,2
121.45,3.7745317329485766,2
121.46000000000001,3.8591476977400996,2
121.47,3.554873314883586,2
121.48,3.854571016923107,2
121.49000000000001,4.064393478955334,2
121.5,4.418864314473984,2
121.51,4.578065480464665,2
121.52,4.653391809769227,2
121.53,4.3067208956590015,2
121.54,4.506448885510595,2
121.55,4.414315050734375,2
121.56,4.601263658898809,2
121.57000000000001,5.172998610989708,2
121.58,5.397607437999902,2
121.59,5.338609496007569,2
121.60000000000001,5.225527817495957,2
121.61,4.984622985884358,2
121.62,4.22799662912052,2
121.63,4.218360233412547,2
121.64,4.050954944300762,2
121.65,4.137063826665304,2
121.66,3.9770863451349583,2
121.67,4.042008865270519,2
121.68,4.390853696039602,2
121.69,4.396167415361154,2
121.7,4.048809368901586,2
121.71000000000001,3.808544097845483,2
121.72,4.023387399257185,2
121.73,4.234416822960681,2
121.74000000000001,3.9640031594770395,2
121.75,3.9594643642566325,2
121.76,4.219839699847761,2
121.77,4.685398071636281,2
121.78,4.666843730785497,2
121.79,4.543762720062219,2
121.8,4.384647211666994,2
121.81,4.386735726232772,2
121.82000000000001,4.7416257693679995,2
121.83,4.708478044449148,2
121.84,4.779293766813339,2
121.85000000000001,4.298578211357617,2
121.86,4.720455275964109,2
121.87,5.027179959157529,2
121.88,4.840559206654781,2
121.89,4.7269385106169395,2
121.9,4.9883908562690245,2
121.91,5.724034357131274,2
121.92,5.074284413710506,2
121.93,4.822092506237822,2
121.94,4.628197469571205,2
121.95,4.860312333113654,2
121.96000000000001,4.874684224365343,2
121.97,4.642048739316005,2
121.98,4.176583608081423,2
121.99000000000001,4.4454554965535245,2
122.0,4.344172764756004,2
122.01,3.9816916626509022,2
122.02,3.7902359407822166,2
122.03,3.69074212124051,2
122.04,3.6366707674768963,2
122.05,3.3770038075720317,2
122.06,3.1468768757751873,2
122.07000000000001,3.903543823814066,2
122.08,4.006547535996165,2
122.09,3.8893216532939845,2
122.10000000000001,4.007479616810264,2
122.11,4.052221907079385,2
122.12,3.790118258921684,2
122.13,3.268407492903887,2
122.14,3.1911532134324108,2
122.15,3.2203243182722066,2
122.16,3.2672511517350493,2
122.17,2.821632397932145,2
122.18,3.642142863714728,2
122.19,4.358686380838582,2
122.2,4.448848957553753,2
122.21000000000001,4.411186929995298,2
122.22,4.210038407257267,2
122.23,4.352947549632327,2
122.24000000000001,4.284501836915303,2
122.25,4.610843575407232,2
122.26,4.808748983084769,2
122.27,4.486882300129456,2
122.28,4.243342264832405,2
122.29,4.493741983255332,2
122.3,4.641178378413251,2
122.31,4.261652091176948,2
122.32000000000001,4.105977166331551,2
122.33,4.051758257872046,2
122.34,4.036169093105972,2
122.35000000000001,4.012185366203533,2
122.36,4.265746902266972,2
122.37,4.280474163376662,2
122.38,4.2753058948195175,2
122.39,4.033361632758089,2
122.4,4.077498719722558,2
122.41,4.061611353259257,2
122.42,3.9194926870352216,2
122.43,3.601526738314622,2
122.44,4.00316966519342,2
122.45,4.507098691736929,2
122.46000000000001,4.525663234653525,2
122.47,4.879559957864537,2
122.48,4.856637662630465,2
122.49000000000001,4.378036742883139,2
122.5,4.425314912430665,2
122.51,4.286592054657976,2
122.52,4.392753867934547,2
122.53,4.798528244079418,2
122.54,4.575112389551672,2
122.55,4.627392558373142,2
122.56,4.80863415890974,2
122.57000000000001,5.111450136411696,2
122.58,5.279601971910864,2
122.59,4.835748044663364,2
122.60000000000001,4.435948450027402,2
122.61,4.609079168767727,2
122.62,4.439197091039308,2
122.63,4.116522736641709,2
122.64,4.44156171605145,2
122.65,4.2926670637027,2
122.66,4.725330522815201,2
122.67,4.527998188144275,2
122.68,4.263605040886874,2
122.69,4.2190113696133835,2
122.7,4.411949426927282,2
122.71000000000001,4.453750066617852,2
122.72,4.944341431554161,2
122.73,4.898499324507337,2
122.74000000000001,4.758634507882804,2
122.75,5.110357576546207,2
122.76,5.167957726668998,2
122.77,4.933983006526984,2
122.78,4.908189424977391,2
122.79,4.879182875770991,2
122.8,4.733059799195288,2
122.81,4.711437467958021,2
122.82000000000001,4.275476510206789,2
122.83,4.147059989630325,2
122.84,4.254541397534071,2
122.85000000000001,4.079419700236289,2
122.86,3.8188789677572923,2
122.87,3.825475603332314,2
122.88,3.7089932355721706,2
122.89,3.3635084444126697,2
122.9,3.059645212612983,2
122.91,3.2693013348937883,2
122.92,3.3680313956489965,2
122.93,3.5202021494399327,2
122.94,3.483566940131898,2
122.95,3.1064187104140903,2
122.96000000000001,2.9481105585208955,2
122.97,2.9620851700529065,2
122.98,3.1894333536573423,2
122.99000000000001,2.77505702670038,2
123.0,2.2427207918523067,2
123.01,2.8289681629441956,2
123.02,3.1154678426021376,2
123.03,2.9557021498932845,2
123.04,2.993642093530229,2
123.05,2.9749321211883526,2
123.06,3.159508725525802,2
123.07000000000001,3.0997938977155446,2
123.08,2.8643833811286132,2
123.09,3.1165812034275273,2
123.10000000000001,3.7189931321678404,2
123.11,3.8971978417303124,2
123.12,3.9287487272002926,2
123.13000000000001,3.8751677925724537,2
123.14,3.664177213322982,2
123.15,3.582285303557653,2
123.16,3.7352182082367498,2
123.17,4.098073041966547,2
123.18,4.437296210961074,2
123.19,4.44183764263175,2
123.2,4.450578677494745,2
123.21000000000001,4.4203152511623385,2
123.22,4.540067451291069,2
123.23,4.499686869248112,2
123.24000000000001,4.467983987049224,2
123.25,4.177458542652505,2
123.26,3.9092444963737716,2
123.27,3.7224993642926107,2
123.28,3.8182263816040116,2
123.29,3.749591896795668,2
123.3,4.5062938643222985,2
123.31,4.565576068450535,2
123.32000000000001,4.954072913843917,2
123.33,5.279336283712258,2
123.34,5.271723691935894,2
123.35000000000001,5.132980548336676,2
123.36,4.764972409131184,2
123.37,4.517949881863493,2
123.38000000000001,4.704255241167659,2
123.39,4.710228850497602,2
123.4,4.457181642275897,2
123.41,4.352695256649977,2
123.42,4.410768461654429,2
123.43,4.376720501758636,2
123.44,4.271568265684419,2
123.45,4.228887171000158,2
123.46000000000001,3.521610795004405,2
123.47,3.5746083392318773,2
123.48,3.3173055900369466,2
123.49000000000001,3.488558025037494,2
123.5,3.5776574004911357,2
123.51,3.83193644792708,2
123.52,4.063558470885417,2
123.53,4.544427335436219,2
123.54,3.9281063589328546,2
123.55,3.8995798620746096,2
123.56,3.331497331041369,2
123.57000000000001,3.5373758909397806,2
123.58,3.5363138926544844,2
123.59,3.4493025044620413,2
123.60000000000001,3.58002618629627,2
123.61,3.323719704976056,2
123.62,3.9148956725178445,2
123.63000000000001,3.8541559382284616,2
123.64,3.8904243957124667,2
123.65,3.864966875684888,2
123.66,4.1398151241194725,2
123.67,3.7852148554714726,2
123.68,4.04134845331683,2
123.69,3.890289494506982,2
123.7,3.7568102726067534,2
123.71000000000001,4.03028627695505,2
123.72,3.95126819470605,2
123.73,4.130043215705799,2
123.74000000000001,4.296231015413227,2
123.75,4.167687774428586,2
123.76,4.216917497261097,2
123.77,4.0581242734398035,2
123.78,4.04676833440374,2
123.79,4.176300055758794,2
123.8,3.887594519395001,2
123.81,4.023582655811049,2
123.82000000000001,4.111227440484335,2
123.83,3.6782287993053817,2
123.84,3.4990209343199288,2
123.85000000000001,3.3532025425710006,2
123.86,3.291974440031417,2
123.87,3.091945851075632,2
123.88000000000001,3.4488418715012283,2
123.89,3.804437657037344,2
123.9,3.600765858196403,2
123.91,3.3136800945575673,2
123.92,3.3785327913422134,2
123.93,3.817559772047814,2
123.94,4.446149868148556,2
123.95,4.210407471730122,2
123.96000000000001,3.5448059486263643,2
123.97,3.1688796119619353,2
123.98,2.7469703868908493,2
123.99000000000001,2.9903758445424553,2
124.0,3.118970662364379,2
124.01,3.2686098468328524,2
124.02,3.660756972597584,2
124.03,4.156205978772872,2
124.04,4.37941872589092,2
124.05,4.5497780155621825,2
124.06,4.077157593903544,2
124.07000000000001,3.9253425896850533,2
124.08,4.325167659853801,2
124.09,4.136916492664442,2
124.10000000000001,4.436459827875734,2
124.11,4.4277711240483235,2
124.12,4.606892853505377,2
124.13000000000001,4.299186692431458,2
124.14,4.485485563531509,2
124.15,4.255754855705213,2
124.16,4.295499467545511,2
124.17,4.2577053888627585,2
124.18,4.56967313578978,2
124.19,4.748455654775716,2
124.2,4.173334073829018,2
124.21000000000001,3.926391266900081,2
124.22,3.753585771776357,2
124.23,3.97421665075102,2
124.24000000000001,3.8364451701292275,2
124.25,3.5441525148404702,2
124.26,3.2030938663317614,2
124.27,3.488864431009604,2
124.28,2.9524865319085865,2
124.29,3.356188226680222,2
124.3,3.0559506758450365,2
124.31,3.02350445219814,2
124.32000000000001,2.7900837235952993,2
124.33,2.6506521607738205,2
124.34,2.7222867821104164,2
124.35000000000001,2.8113187200163083,2
124.36,2.4920631804710642,2
124.37,2.5280040909029564,2
124.38000000000001,2.7044526534433473,2
124.39,2.966591438881155,2
124.4,2.49125707508939,2
124.41,2.5064625585819806,2
124.42,2.0739679583472945,2
124.43,2.1225738134650123,2
124.44,2.1883540824592,2
124.45,2.5477726497183277,2
124.46000000000001,2.9687944943164246,2
124.47,2.782412827668139,2
124.48,2.987544441293137,2
124.49000000000001,3.274373203457633,2
124.5,3.1352756054222293,2
124.51,3.4407624775741144,2
124.52,3.5352096530152455,2
124.53,3.504210714836024,2
124.54,3.5939549138152858,2
124.55,3.1868433298775707,2
124.56,3.307956420282247,2
124.57000000000001,3.137520637258324,2
124.58,3.2319364237531163,2
124.59,3.1937625056776002,2
124.60000000000001,3.3560959685247087,2
124.61,3.7581768505665134,2
124.62,3.8183812369788543,2
124.63000000000001,4.119999717527469,2
124.64,3.8181770160544244,2
124.65,4.242561582393301,2
124.66,3.9313699030058458,2
124.67,3.583098187200818,2
124.68,3.5469211865597523,2
124.69,3.466300947871997,2
124.7,3.0714472339487116,2
124.71000000000001,2.8447522210820395,2
124.72,1.941921648390367,2
124.73,1.7648904571306179,2
124.74000000000001,1.8014499014985885,2
124.75,2.4434211021041574,2
124.76,2.8011035079842155,2
124.77,3.0126498967422455,2
124.78,3.7248724635959567,2
124.79,3.244541907160266,2
124.8,3.3009064846415916,2
124.81,3.9475145294159026,2
124.82000000000001,3.8090183497895227,2
124.83,3.593582930120439,2
124.84,3.8657997643404913,2
124.85000000000001,3.7214854578290173,2
124.86,4.106132473711606,2
124.87,4.3311042265827915,2
124.88000000000001,4.244022385879215,2
124.89,4.49744430729815,2
124.9,4.380962505925545,2
124.91,4.380467444477692,2
124.92,4.508236691418686,2
124.93,4.34704616230012,2
124.94,4.7402492400743075,2
124.95,4.686053138747508,2
124.96000000000001,4.69951328987806,2
124.97,4.256591109998309,2
124.98,4.0483149432474725,2
124.99000000000001,4.089633141722489,2
125.0,4.32680722030052,2
125.01,4.694449975902845,2
125.02,4.324484205765347,2
125.03,4.05783133393833,2
125.04,3.703596979379763,2
125.05,3.8730918192114414,2
125.06,4.286219029335897,2
125.07000000000001,4.212838832851333,2
125.08,4.208094079276976,2
125.09,4.224834290471233,2
125.10000000000001,4.069449956087271,2
125.11,3.716473597297143,2
125.12,4.045143832280443,2
125.13000000000001,4.084333763459279,2
125.14,3.9205852357822444,2
125.15,4.7799645755557325,2
125.16,4.701164771842359,2
125.17,4.145984285394954,2
125.18,4.316911824925625,2
125.19,3.7634594939172192,2
125.2,3.9191479516104044,2
125.21000000000001,4.051745945736838,2
125.22,4.437532517555672,2
125.23,4.109796667172966,2
125.24000000000001,4.015614078504623,2
125.25,3.994482005990765,2
125.26,4.24032709261095,2
125.27,4.339327768750052,2
125.28,4.452383729847505,2
125.29,4.752473412130225,2
125.3,4.61428476201457,2
125.31,4.967288213890353,2
125.32000000000001,4.845531364788439,2
125.33,5.014687818333326,2
125.34,4.772825863313861,2
125.35000000000001,4.8641325027097615,2
125.36,5.105856398184756,2
125.37,4.688688904022989,2
125.38000000000001,4.887381165448291,2
125.39,4.849289627335901,2
125.4,5.34189608110705,2
125.41,5.132937986372175,2
125.42,5.102799447476862,2
125.43,4.9482994516388406,2
125.44,5.041271322996148,2
125.45,4.31858145668652,2
125.46000000000001,3.887122725542696,2
125.47,4.087833935091378,2
125.48,4.0865646042201025,2
125.49000000000001,3.510271413280708,2
125.5,3.3795956453432305,2
125.51,3.330335674623254,2
125.52,3.2598609447676195,2
125.53,3.5978110739541864,2
125.54,3.9939925999009445,2
125.55,3.3605395120657784,2
125.56,3.390633006579833,2
125.57000000000001,3.483797798009407,2
125.58,3.1156302855954294,2
125.59,3.559110889873408,2
125.60000000000001,3.708309971296027,2
125.61,3.978453597605248,2
125.62,3.854302914737039,2
125.63000000000001,3.648181130019425,2
125.64,3.5220286870511477,2
125.65,3.538650780145355,2
125.66,3.4642274510145095,2
125.67,3.774374579171468,2
125.68,4.552303121550002,2
125.69,4.662128897324814,2
125.7,4.044206236298678,2
125.71000000000001,4.083721962128182,2
125.72,3.73881255924191,2
125.73,3.6494260816182584,2
125.74000000000001,3.6743913159449884,2
125.75,3.633530024948674,2
125.76,3.3769186652020866,2
125.77,3.5871070995140864,2
125.78,3.063471249084852,2
125.79,3.2665900520876554,2
125.8,3.0843583026586865,2
125.81,3.2548856450037946,2
125.82000000000001,2.948409295558596,2
125.83,3.1191565482014942,2
125.84,3.5974729406011026,2
125.85000000000001,3.469233412040923,2
125.86,3.34760378937433,2
125.87,3.5353828071829327,2
125.88000000000001,3.641646529342924,2
125.89,3.28599730380885,2
125.9,3.671219829395835,2
125.91,3.933296083796277,2
125.92,4.3032192280593975,2
125.93,4.4275667167649395,2
125.94,4.919680360590418,2
125.95,4.297148723653403,2
125.96000000000001,4.699201943242401,2
125.97,4.5188059375261895,2
125.98,4.312803466218051,2
125.99000000000001,4.079098468709041,2
126.0,4.21550209977255,2
126.01,4.420683558016429,2
126.02,4.246486885080833,2
126.03,4.299350629794546,2
126.04,5.052490944972826,2
126.05,4.7574463138016805,2
126.06,4.569934684353394,2
126.07000000000001,4.915237079902003,2
126.08,4.377325886631921,2
126.09,4.409041593360163,2
126.10000000000001,3.683786244397134,2
126.11,3.3245557144740663,2
126.12,3.0549174342212226,2
126.13000000000001,2.901087317112489,2
126.14,2.6576118863550913,2
126.15,2.8487949221443545,2
126.16,3.3605311794098403,2
126.17,4.002201696182332,2
126.18,3.7103175558931443,2
126.19,3.945669926903373,2
126.2,4.293506588237937,2
126.21000000000001,4.298416670353826,2
126.22,4.469310711824215,2
126.23,4.5527225949902,2
126.24000000000001,4.627365698304868,2
126.25,4.355919226487403,2
126.26,3.7553895801324164,2
126.27,3.6810567482655703,2
126.28,3.495674694176733,2
126.29,3.4673768056125036,2
126.3,3.79304559251545,2
126.31,4.220508665151744,2
126.32000000000001,4.241164282773952,2
126.33,3.8815822305870764,2
126.34,3.7831256913910662,2
126.35000000000001,3.5859758100572408,2
126.36,3.6624994934627977,2
126.37,3.564004995789608,2
126.38000000000001,3.8633543824835286,2
126.39,3.6367692746878233,2
126.4,4.291720889865662,2
126.41,3.8453859804791017,2
126.42,3.9474655861182795,2
126.43,3.496407066809905,2
126.44,3.843664480685697,2
126.45,3.872581280549754,2
126.46000000000001,3.943619053474184,2
126.47,3.6950388628017974,2
126.48,4.033215872906006,2
126.49000000000001,4.212029908574956,2
126.5,4.036295280329786,2
126.51,4.027974787954481,2
126.52,3.7729235535797434,2
126.53,3.521043988034841,2
126.54,3.3946056135919482,2
126.55,3.3775263426543694,2
126.56,3.440268856911007,2
126.57000000000001,3.4836836840801633,2
126.58,3.290182066946413,2
126.59,3.576221861510568,2
126.60000000000001,3.9272885915328146,2
126.61,4.193408886088019,2
126.62,4.374156518515608,2
126.63000000000001,3.627698848663057,2
126.64,3.382036077122788,2
126.65,3.022127709479788,2
126.66,2.6176745925418294,2
126.67,3.0800095246255554,2
126.68,3.65229016499038,2
126.69,3.689206028252175,2
126.7,3.8538265936746265,2
126.71000000000001,3.7666476259415598,2
126.72,4.121388821732577,2
126.73,4.188589444254447,2
126.74000000000001,4.0219975205695935,2
126.75,4.179112416080829,2
126.76,4.109737987035292,2
126.77,4.154178824837537,2
126.78,4.335201074583684,2
126.79,5.367039855261957,2
126.8,5.736421235100468,2
126.81,5.605283173921724,2
126.82000000000001,5.178502482840463,2
126.83,4.422161652135054,2
126.84,4.743808546171621,2
126.85000000000001,4.986704894987044,2
126.86,4.71011496552651,2
126.87,4.614286935358262,2
126.88000000000001,4.611790812161682,2
126.89,4.718928354837908,2
126.9,5.11580438565003,2
126.91,4.635031027125189,2
126.92,4.762392933294516,2
126.93,4.748152800388514,2
126.94,4.528801470300276,2
126.95,4.704414577373695,2
126.96000000000001,4.602439789161404,2
126.97,4.5194148669129195,2
126.98,4.556379074075003,2
126.99000000000001,4.370983770902929,2
127.0,4.519294300395198,2
127.01,4.354783998400319,2
127.02,4.798171174873871,2
127.03,4.783047496189513,2
127.04,4.51490141753602,2
127.05,4.550896431430749,2
127.06,4.776160451613921,2
127.07000000000001,4.25224859794643,2
127.08,4.586017225855614,2
127.09,4.62382849287883,2
127.10000000000001,4.552841585818582,2
127.11,4.303108234696671,2
127.12,4.371127231563857,2
127.13000000000001,4.083650810123639,2
127.14,3.5116845306579867,2
127.15,3.358497038313321,2
127.16,3.3454270012498415,2
127.17,3.5846052007035176,2
127.18,3.564151277433669,2
127.19,3.283298611818716,2
127.2,3.1676588435145754,2
127.21000000000001,3.256740830688494,2
127.22,3.513982772024105,2
127.23,3.7929828386100946,2
127.24000000000001,3.427799686915403,2
127.25,3.4995137889163863,2
127.26,3.768779442451974,2
127.27,3.5445371528260448,2
127.28,4.100136868398314,2
127.29,3.9500205796547623,2
127.3,4.244002342596613,2
127.31,4.415429840905266,2
127.32000000000001,4.179026879269061,2
127.33,4.16570721792228,2
127.34,4.535635539635326,2
127.35000000000001,4.32995914814107,2
127.36,4.347190680263982,2
127.37,3.885874423628164,2
127.38000000000001,3.9991681812805293,2
127.39,3.8846376164489906,2
127.4,4.044598863275401,2
127.41,3.800903437248121,2
127.42,3.911399139515097,2
127.43,3.8210240517997547,2
127.44,3.091525028592187,2
127.45,3.207267042504034,2
127.46000000000001,3.643839059784697,2
127.47,3.368802884575855,2
127.48,3.2493003492386046,2
127.49000000000001,3.69987881970225,2
127.5,3.887558285781453,2
127.51,3.805610079461618,2
127.52,3.908847161229002,2
127.53,3.740692223909663,2
127.54,4.466860875173471,2
127.55,4.6714495173214585,2
127.56,5.08845827698726,2
127.57000000000001,5.00565413898561,2
127.58,4.544174973360657,2
127.59,4.632367629301398,2
127.60000000000001,4.924739855650997,2
127.61,5.199780734594033,2
127.62,4.601640068209601,2
127.63000000000001,4.601378392553089,2
127.64,4.088506761524585,2
127.65,3.91365300186228,2
127.66,4.088154140368655,2
127.67,4.456558241782364,2
127.68,4.473938438402158,2
127.69,4.101355586285778,2
127.7,4.261038807246728,2
127.71000000000001,3.993858856602861,2
127.72,3.911650055525832,2
127.73,3.946109439006772,2
127.74000000000001,3.7617095677633037,2
127.75,3.9658632342101874,2
127.76,4.182469727964628,2
127.77,4.455537064687333,2
127.78,4.813820560932481,2
127.79,4.691873173129449,2
127.8,4.275054548796762,2
127.81,3.927231559171771,2
127.82000000000001,4.426128396601219,2
127.83,4.841173073505975,2
127.84,5.136252778638543,2
127.85000000000001,4.856736855719913,2
127.86,5.249351124415591,2
127.87,5.076339684916515,2
127.88000000000001,5.065909066563624,2
127.89,5.193470807890569,2
127.9,5.431462374318001,2
127.91,5.441662002781735,2
127.92,5.687075407682703,2
127.93,5.522131586177118,2
127.94,5.312438738805423,2
127.95,5.090433598126949,2
127.96000000000001,4.655740098676519,2
127.97,3.797326129341557,2
127.98,4.112658836406436,2
127.99000000000001,4.035061658132229,2
128.0,4.242109402451554,2
128.01,4.387407947067932,2
128.02,4.393460090356213,2
128.03,4.621713119827122,2
128.04,4.863129741017648,2
128.05,4.507166829521305,2
128.06,4.890772649586679,2
128.07,5.046594500633047,2
128.08,4.693855735787722,2
128.09,4.440527567838131,2
128.1,4.044334926329259,2
128.11,4.217777394391936,2
128.12,4.145892440339084,2
128.13,3.4249984370935103,2
128.14000000000001,3.325447308803143,2
128.15,3.2849786963423564,2
128.16,3.386421117846509,2
128.17000000000002,3.011686721088428,2
128.18,3.143568610941565,2
128.19,3.654412318657387,2
128.2,3.7419556450478226,2
128.21,3.9347677309146243,2
128.22,4.384242069375517,2
128.23,4.319030995170246,2
128.24,4.251197765904228,2
128.25,4.323784582695054,2
128.26,4.0407016656762815,2
128.27,3.839842876391949,2
128.28,3.278094694596049,2
128.29,3.998638496214255,2
128.3,4.234136184626941,2
128.31,3.942316909599022,2
128.32,4.238173066911111,2
128.33,3.985413241483926,2
128.34,4.006154053561015,2
128.35,4.0233840222237305,2
128.36,3.8946313638411754,2
128.37,3.6748707638432316,2
128.38,4.049799606941974,2
128.39000000000001,4.0687597755741045,2
128.4,4.538423219917924,2
128.41,4.18964958246535,2
128.42000000000002,4.03672236690492,2
128.43,4.020107258234239,2
128.44,4.330667514890976,2
128.45,4.073994486429333,2
128.46,4.228458320381559,2
128.47,4.302770684548898,2
128.48,4.677212840442042,2
128.49,4.7505814270467,2
128.5,4.166573935626017,2
128.51,3.862645778994608,2
128.52,3.603458995755946,2
128.53,3.5149092717145445,2
128.54,3.938657086015022,2
128.55,3.86965615860484,2
128.56,3.892474506895951,2
128.57,3.83949124186089,2
128.58,4.008211119409674,2
128.59,3.802869578761639,2
128.6,3.7742471419163164,2
128.61,3.745058443179766,2
128.62,3.750459862967775,2
128.63,3.6151091917160922,2
128.64000000000001,3.2753496720737827,2
128.65,3.612059019852667,2
128.66,3.617872168348959,2
128.67000000000002,3.9758245100944394,2
128.68,4.114089699444788,2
128.69,4.248502265407762,2
128.7,4.544002976533257,2
128.71,5.225663259907737,2
128.72,5.4724810535477895,2
128.73,5.576374607391374,2
128.74,5.50155542256322,2
128.75,5.708058168570543,2
128.76,5.325740373623049,2
128.77,5.358843496346377,2
128.78,5.584829444486639,2
128.79,5.696185699605368,2
128.8,5.504980084884634,2
128.81,5.4835190403625,2
128.82,5.241908627423468,2
128.83,4.900056421997759,2
128.84,5.221101810764721,2
128.85,4.975964927737517,2
128.86,4.752944255580796,2
128.87,4.558466862311641,2
128.88,4.305452360669268,2
128.89000000000001,4.069571350067269,2
128.9,3.573800586151867,2
128.91,3.176655401670546,2
128.92000000000002,3.2044041407755133,2
128.93,3.413275233389705,2
128.94,2.9970375524991137,2
128.95,3.148868916419847,2
128.96,3.5975188117144867,2
128.97,3.5041745878292256,2
128.98,3.273461415419099,2
128.99,3.329080188375125,2
129.0,3.543277214743845,2
129.01,3.430486634885019,2
129.02,3.7574117712325124,2
129.03,3.9146424817630363,2
129.04,4.413631196485723,2
129.05,3.895876938334453,2
129.06,3.506309785658389,2
129.07,3.4371204760996688,2
129.08,3.114006423151596,2
129.09,3.648534129914447,2
129.1,3.74965205832138,2
129.11,3.6812137994631398,2
129.12,4.15329691352913,2
129.13,4.220867099053147,2
129.14000000000001,4.139603800861989,2
129.15,3.9041753605085554,2
129.16,4.071234939755855,2
129.17000000000002,4.2120718352611535,2
129.18,4.384046423302821,2
129.19,4.574051934577197,2
129.2,4.927633155801287,2
129.21,4.6002817588403095,2
129.22,5.173996777604594,2
129.23,5.566597556968108,2
129.24,5.896483745133292,2
129.25,5.6484131616814945,2
129.26,5.281281237789232,2
129.27,5.182877530759681,2
129.28,5.144898439840292,2
129.29,5.273281751337042,2
129.3,5.099420802900969,2
129.31,5.250522873604264,2
129.32,5.02702993072203,2
129.33,4.937855640820357,2
129.34,5.048861124335425,2
129.35,4.978470519413529,2
129.36,4.689138912848189,2
129.37,4.364680288603252,2
129.38,4.630003773089247,2
129.39000000000001,4.707608665451324,2
129.4,5.0299172919319055,2
129.41,5.251388510991916,2
129.42000000000002,5.04646457617276,2
129.43,5.227039532105979,2
129.44,5.2041923575725795,2
129.45,5.051597414954752,2
129.46,5.697251528924363,2
129.47,6.192209504333495,2
129.48,6.15727714462148,2
129.49,5.700735806324735,2
129.5,5.395116477500591,2
129.51,5.102063920267305,2
129.52,5.222564779780151,2
129.53,5.20911662033183,2
129.54,4.9997404222092205,2
129.55,5.4852120175461385,2
129.56,5.214942796116662,2
129.57,5.621480170101306,2
129.58,5.791055630768716,2
129.59,5.794410075558582,2
129.6,5.39428617055292,2
129.61,5.709393031093523,2
129.62,6.097456924479687,2
129.63,5.954626654134422,2
129.64000000000001,6.112685328490864,2
129.65,5.929242595753368,2
129.66,6.1627327652923425,2
129.67000000000002,5.677772137591021,2
129.68,5.790309573362424,2
129.69,4.897672721499731,2
129.7,4.476456686957883,2
129.71,4.128600446325227,2
129.72,4.119633191390352,2
129.73,3.857261732396179,2
129.74,3.6232856616755695,2
129.75,3.6101426717625587,2
129.76,3.612954101261749,2
129.77,3.324945474407821,2
129.78,3.0119201634840636,2
129.79,2.8696063272590364,2
129.8,3.266533026874992,2
129.81,4.087017827290671,2
129.82,4.491851280700472,2
129.83,4.341468025423194,2
129.84,4.425269608094099,2
129.85,4.382290423282269,2
129.86,4.303541207428892,2
129.87,4.3042617902123546,2
129.88,4.3523663445802345,2
129.89000000000001,3.82238191046673,2
129.9,3.6646895786481415,2
129.91,3.6861710692919645,2
129.92000000000002,4.393114812946615,2
129.93,4.534308323932282,2
129.94,4.793099482014984,2
129.95,4.682549547217581,2
129.96,5.022003028250948,2
129.97,5.000346010187327,2
129.98,5.1342690926038985,2
129.99,5.070470042405879,2
130.0,5.119834295111539,2
130.01,4.873069817684967,2
130.02,5.304181244565059,2
130.03,5.03729581659458,2
130.04,4.664765614979014,2
130.05,4.643718088469422,2
130.06,5.110055800404545,2
130.07,4.805501117365123,2
130.08,4.6736440915063815,2
130.09,4.678883312487307,2
130.1,4.235864182344146,2
130.11,3.82254580031084,2
130.12,4.1590919134584,2
130.13,4.1645790971522585,2
130.14000000000001,3.8477050035901543,2
130.15,3.7740715972538363,2
130.16,3.6381936742624594,2
130.17000000000002,3.676620784094602,2
130.18,3.764653813471848,2
130.19,3.179498873325833,2
130.2,3.6395132955152034,2
130.21,3.6964779145208704,2
130.22,3.545963175479994,2
130.23,3.841922768675886,2
130.24,3.5646302449034573,2
130.25,3.5191196561539955,2
130.26,3.2225234063456476,2
130.27,3.5111774051357334,2
130.28,3.898230662472184,2
130.29,4.017229386336726,2
130.3,3.96193733558992,2
130.31,3.6042957030035385,2
130.32,3.5142778913799613,2
130.33,3.62851823240836,2
130.34,3.5028943683823317,2
130.35,3.423711485977611,2
130.36,3.163397669151579,2
130.37,3.0364496904719678,2
130.38,2.717288691041114,2
130.39000000000001,2.923928896663913,2
130.4,3.0456486656039057,2
130.41,3.1678606545856725,2
130.42000000000002,3.148904021516389,2
130.43,3.06666098009931,2
130.44,3.0755871660914464,2
130.45,3.0472443683466715,2
130.46,3.185923016912032,2
130.47,3.7866668880571486,2
130.48,3.7543974381956877,2
130.49,3.6112497305607194,2
130.5,3.579499982355839,2
130.51,3.482073538512129,2
130.52,3.393265836976332,2
130.53,3.2883753023149183,2
130.54,3.5536179343753544,2
130.55,3.788684247227027,2
130.56,4.065482660887676,2
130.57,4.374586057731772,2
130.58,4.233827896025887,2
130.59,3.7662702476198016,2
130.6,4.347678235803968,2
130.61,3.6732942394282406,2
130.62,3.609163570504687,2
130.63,3.2440699317162887,2
130.64000000000001,3.4337945501843516,2
130.65,3.219307446885079,2
130.66,3.6179952001660776,2
130.67000000000002,3.7220601903825465,2
130.68,4.17807999965198,2
130.69,4.189052211795194,2
130.7,4.498603606300258,2
130.71,4.141158280299319,2
130.72,4.406141948614164,2
130.73,4.3272721005170975,2
130.74,4.361942620815874,2
130.75,4.5885391415643575,2
130.76,4.639209803507731,2
130.77,4.351288306832538,2
130.78,4.1774784082852525,2
130.79,3.860064873758969,2
130.8,4.076724282349079,2
130.81,3.971103228312767,2
130.82,3.846840003639014,2
130.83,3.919536557800957,2
130.84,3.8604570173401895,2
130.85,4.2055971114576405,2
130.86,4.407473881029586,2
130.87,4.571545000796518,2
130.88,4.396738295362705,2
130.89000000000001,4.558175563165464,2
130.9,4.64498674633128,2
130.91,4.23589807194436,2
130.92000000000002,4.142567096358242,2
130.93,4.079775407194626,2
130.94,4.495511841629214,2
130.95,4.327018630100417,2
130.96,4.43099822916943,2
130.97,4.756499289050433,2
130.98,4.419463593902637,2
130.99,4.4566810907455245,2
131.0,4.986867800961624,2
131.01,4.4437041833992055,2
131.02,4.227402573721028,2
131.03,4.281988096666186,2
131.04,4.357014756409988,2
131.05,4.365912038231607,2
131.06,4.4839371915365085,2
131.07,4.792808393981162,2
131.08,4.728897216749495,2
131.09,4.634972155976874,2
131.1,4.739951029407115,2
131.11,5.229763849458709,2
131.12,5.2767761145981495,2
131.13,5.443426914920023,2
131.14000000000001,4.853354308708299,2
131.15,4.717134914455296,2
131.16,4.301559651826583,2
131.17000000000002,4.275717917716073,2
131.18,4.65244040340453,2
131.19,4.221199621637545,2
131.2,4.69125498525926,2
131.21,4.620819489511479,2
131.22,4.811684006327634,2
131.23,5.022005283742657,2
131.24,5.485195075900676,2
131.25,5.501319777067974,2
131.26,5.104165472595753,2
131.27,5.280606826751449,2
131.28,4.395902804687337,2
131.29,4.099237181801444,2
131.3,3.924819847508826,2
131.31,3.336293560350091,2
131.32,3.879801073401273,2
131.33,4.268389959879435,2
131.34,4.369334586627446,2
131.35,4.60998166064206,2
131.36,4.6527669228480955,2
131.37,4.832265220949322,2
131.38,5.106714639200641,2
131.39000000000001,4.586302026783406,2
131.4,4.787025059184419,2
131.41,5.028255613343916,2
131.42000000000002,4.758114438366979,2
131.43,4.616824643621916,2
131.44,4.3354822475232515,2
131.45,4.3900886848180605,2
131.46,4.461810288596635,2
131.47,4.471108770945995,2
131.48,4.206849426232381,2
131.49,4.574830192557082,2
131.5,4.35250104369228,2
131.51,4.473831643328682,2
131.52,4.649851258323864,2
131.53,4.099940166885938,2
131.54,4.184829142061513,2
131.55,4.521527039561946,2
131.56,4.46536517603408,2
131.57,4.673536378702765,2
131.58,4.414070556088214,2
131.59,4.671351938618154,2
131.6,4.282069422359824,2
131.61,4.247666919876083,2
131.62,4.572784926397778,2
131.63,4.849719103995513,2
131.64000000000001,4.396503223680523,2
131.65,4.296211271065689,2
131.66,4.096738536536133,2
131.67000000000002,4.421315463621081,2
131.68,4.358077223310217,2
131.69,4.364284186883826,2
131.7,4.464376083318445,2
131.71,4.074019232053902,2
131.72,4.151327388438279,2
131.73,3.849985027704071,2
131.74,3.72622132005392,2
131.75,3.6279522619428755,2
131.76,3.8022905303315935,2
131.77,3.597421584529481,2
131.78,3.5032332931314456,2
131.79,3.6447173913797233,2
131.8,4.0727418857156605,2
131.81,4.189455390285166,2
131.82,4.490841555168567,2
131.83,3.839974448195014,2
131.84,4.262605381570048,2
131.85,3.9934334223775103,2
131.86,3.821603397908796,2
131.87,4.389510837365897,2
131.88,4.398813951596298,2
131.89000000000001,4.146479922112977,2
131.9,3.9585058636982575,2
131.91,3.5707637612067136,2
131.92000000000002,3.617825267264769,2
131.93,3.5608490238154884,2
131.94,3.79443694997128,2
131.95,4.302021763868627,2
131.96,3.9165602083823043,2
131.97,4.093754803898851,2
131.98,3.64997022124029,2
131.99,3.808162116325534,2
132.0,3.494892285092602,2
132.01,3.163870818447614,2
132.02,3.9701352921773037,2
132.03,4.581694337716451,2
132.04,4.32293632512681,2
132.05,4.82957327050899,2
132.06,4.73540686686521,2
132.07,4.273459785863418,2
132.08,4.430111505071025,2
132.09,4.656048697414642,2
132.1,4.803629367787191,2
132.11,4.244486208868765,2
132.12,3.8961512582900717,2
132.13,4.1720315278710105,2
132.14000000000001,3.828369013441549,2
132.15,4.134034378687473,2
132.16,4.017821293381908,2
132.17000000000002,3.550089583211933,2
132.18,3.2213788746731113,2
132.19,3.4278975457731833,2
132.2,3.6272989495152763,2
132.21,4.10708475085942,2
132.22,4.102037867344482,2
132.23,4.035357935783045,2
132.24,4.541122539164201,2
132.25,4.249184607928752,2
132.26,4.1439985790968015,2
132.27,4.264121134630665,2
132.28,3.98392882025065,2
132.29,4.11207227770479,2
132.3,4.102112135901865,2
132.31,4.41352672834731,2
132.32,4.253761806916062,2
132.33,4.047434229726723,2
132.34,4.586386395398704,2
132.35,4.769000167750497,2
132.36,4.9998855400826665,2
132.37,5.13663272189102,2
132.38,4.832011634116607,2
132.39000000000001,4.476893097317998,2
132.4,4.160294562600012,2
132.41,3.9812284783634833,2
132.42000000000002,4.3231529212787185,2
132.43,4.283562596046043,2
132.44,4.521505921668553,2
132.45,4.7026058908672725,2
132.46,5.086337869314786,2
132.47,5.2047793938817595,2
132.48,5.144630088208261,2
132.49,4.662190678961285,2
132.5,5.145991043852733,2
132.51,5.333057460977561,2
132.52,5.319937641999683,2
132.53,5.248161310054413,2
132.54,4.618879602018044,2
132.55,4.676534547372983,2
132.56,4.4586508765145805,2
132.57,3.948154816450573,2
132.58,3.8161484872647433,2
132.59,3.9028156809677528,2
132.6,4.018351120827183,2
132.61,3.6826615516444194,2
132.62,3.3284780317095235,2
132.63,3.3098286205360807,2
132.64000000000001,3.5405531890463715,2
132.65,3.3618367329019136,2
132.66,3.299732871009439,2
132.67000000000002,3.4230977754575727,2
132.68,3.2483232073451265,2
132.69,2.7549559536448567,2
132.7,2.9674992520351178,2
132.71,2.575857948169312,2
132.72,2.8118149684034797,2
132.73,2.868018669982426,2
132.74,2.916400037106996,2
132.75,2.712274024101249,2
132.76,2.7469853236205015,2
132.77,2.623342965581388,2
132.78,3.567898034176192,2
132.79,3.3833492399431115,2
132.8,3.7392601175801485,2
132.81,3.6051955252903793,2
132.82,3.713558801771563,2
132.83,3.74435927589571,2
132.84,3.723062568578426,2
132.85,3.695008005213961,2
132.86,3.795629658290448,2
132.87,4.2060477042699,2
132.88,3.864931452204208,2
132.89000000000001,3.377445662226215,2
132.9,3.2044185778228544,2
132.91,3.320209038135435,2
132.92000000000002,3.3043718635121264,2
132.93,3.8108302872705213,2
132.94,4.232008653894467,2
132.95,4.079989952827981,2
132.96,4.509710318190396,2
132.97,4.577908305213327,2
132.98,4.313624336603095,2
132.99,4.248334269963356,2
133.0,4.16878236317923,2
133.01,3.9433768183133244,2
133.02,3.769423335321914,2
133.03,3.9203756288120823,2
133.04,3.8150423873099464,2
133.05,3.753419368167836,2
133.06,3.719368809824314,2
133.07,3.6997888280665303,2
133.08,3.9906662030537072,2
133.09,3.757442819004895,2
133.1,3.8469740924946993,2
133.11,3.4335826935278426,2
133.12,3.3424103180583224,2
133.13,3.0377268101341457,2
133.14000000000001,3.5923701684591958,2
133.15,3.6710682888692894,2
133.16,3.5833145920224854,2
133.17000000000002,3.1328773233693448,2
133.18,2.84010376332209,2
133.19,3.1973843330203042,2
133.2,3.3781334309875377,2
133.21,3.0320543750631637,2
133.22,2.721895025838332,2
133.23,3.3732970335164323,2
133.24,3.819953703598843,2
133.25,3.921639013475261,2
133.26,3.9623561880349696,2
133.27,3.9185096882871338,2
133.28,3.570374254841462,2
133.29,3.8571045681200915,2
133.3,3.8160052926743284,2
133.31,4.041319737157601,2
133.32,3.9226614626928495,2
133.33,4.0332463780418015,2
133.34,3.89385202513362,2
133.35,3.924162364092598,2
133.36,4.1576815184665765,2
133.37,3.990263661248956,2
133.38,4.563445431358019,2
133.39000000000001,4.343346233810817,2
133.4,4.347671123152893,2
133.41,4.704487053081687,2
133.42000000000002,5.044943931885952,2
133.43,5.072858452295668,2
133.44,5.041752180890935,2
133.45,4.957128076476831,2
133.46,5.245710259219718,2
133.47,5.392361346493097,2
133.48,5.561840032911031,2
133.49,5.868748480221202,2
133.5,5.811630065439888,2
133.51,5.51516161932849,2
133.52,5.463173064310298,2
133.53,5.332754085080362,2
133.54,5.145910041939491,2
133.55,4.916768897198523,2
133.56,4.980269837092487,2
133.57,5.062887837157641,2
133.58,4.7593993003262804,2
133.59,4.772988409477671,2
133.6,5.155606346278239,2
133.61,4.828536004966114,2
133.62,5.133556407451449,2
133.63,4.772424656717653,2
133.64000000000001,4.797554358041194,2
133.65,4.213188307545602,2
133.66,4.373141005859172,2
133.67000000000002,4.273267203996998,2
133.68,3.7515856783638495,2
133.69,3.6429248778029426,2
133.7,4.179044880271113,2
133.71,4.322617836993288,2
133.72,4.3223688282632935,2
133.73,4.440391188882763,2
133.74,4.682471759825294,2
133.75,5.045918261451886,2
133.76,4.8588798587941495,2
133.77,4.940956221599804,2
133.78,4.981461621335493,2
133.79,4.913533141996353,2
133.8,4.769349078313919,2
133.81,5.146874408792706,2
133.82,5.106712236268749,2
133.83,4.651117701860788,2
133.84,3.7629407038826796,2
133.85,4.056991758273278,2
133.86,3.9293692533738174,2
133.87,3.893311552098327,2
133.88,4.019534182097402,2
133.89000000000001,4.714798900929709,2
133.9,5.026874504370755,2
133.91,4.859956210098726,2
133.92000000000002,4.98099642005573,2
133.93,4.712245649975008,2
133.94,4.860277331998827,2
133.95,4.541168202426325,2
133.96,4.538794231888891,2
133.97,4.546102920115267,2
133.98,4.19355526971631,2
133.99,4.007458861797028,2
134.0,3.3906331351703187,2
134.01,3.3441244462663726,2
134.02,3.725785363738985,2
134.03,4.319553981223557,2
134.04,4.710231147522976,2
134.05,4.529925928675326,2
134.06,4.4749850882637965,2
134.07,4.407305381398075,2
134.08,4.307213882807574,2
134.09,4.552544769113146,2
134.1,4.341050703856709,2
134.11,4.718451070237454,2
134.12,4.685915874827158,2
134.13,4.286976332145425,2
134.14000000000001,4.230736164598124,2
134.15,4.343382712220851,2
134.16,4.585836897674457,2
134.17000000000002,4.7409471195687285,2
134.18,4.577252674927285,2
134.19,4.372635947416788,2
134.2,4.825663287898093,2
134.21,4.750614331140374,2
134.22,4.354358678792453,2
134.23,4.153058544262384,2
134.24,3.5818446558029784,2
134.25,3.1621698247983687,2
134.26,3.0958463782793975,2
134.27,2.9608126311130856,2
134.28,2.87020848785898,2
134.29,3.2014189430529503,2
134.3,3.528934638948708,2
134.31,3.2460635093244163,2
134.32,3.8573839356146484,2
134.33,3.9001615422641898,2
134.34,3.9123526955109034,2
134.35,3.696740575900522,2
134.36,3.641969518134036,2
134.37,4.252534800715067,2
134.38,3.9209315691434465,2
134.39000000000001,4.004574467264385,2
134.4,3.8504302539833537,2
134.41,3.3526582429076166,2
134.42000000000002,2.982237424963132,2
134.43,3.2570393836454974,2
134.44,2.843260540828992,2
134.45,2.609046683060687,2
134.46,2.981004724889864,2
134.47,3.281555948004361,2
134.48,3.3700060522736357,2
134.49,3.099223141284024,2
134.5,2.8544782749656497,2
134.51,2.5939028991813493,2
134.52,2.6966348790138563,2
134.53,3.0086281511284967,2
134.54,2.987600644136039,2
134.55,3.339530418218504,2
134.56,3.8617480132812942,2
134.57,3.9863813645941013,2
134.58,3.6326289708117647,2
134.59,3.6937283785892703,2
134.6,4.107847824953587,2
134.61,3.9183024814165752,2
134.62,3.7400928125115653,2
134.63,4.08904020650785,2
134.64000000000001,3.673272895879849,2
134.65,3.7621731070587954,2
134.66,3.610968632090104,2
134.67000000000002,3.527240842298457,2
134.68,4.0571230267387435,2
134.69,3.915162296657245,2
134.7,3.9580965130922117,2
134.71,4.2545326483566965,2
134.72,3.8658142044120676,2
134.73,4.116086638275633,2
134.74,3.9775074761696265,2
134.75,3.6170427918865204,2
134.76,3.5158401234412824,2
134.77,3.581874201870609,2
134.78,3.691722581891649,2
134.79,3.510332667616003,2
134.8,3.498088056023175,2
134.81,3.153660226058158,2
134.82,3.037759358387662,2
134.83,2.748090348083399,2
134.84,2.8508193361555993,2
134.85,2.728449335556567,2
134.86,3.443429270569572,2
134.87,3.607578045140171,2
134.88,3.1860500488909054,2
134.89000000000001,3.0560044907435526,2
134.9,3.3494295997572223,2
134.91,3.483787897074591,2
134.92000000000002,3.09028630260274,2
134.93,2.958206735004014,2
134.94,3.244648757512533,2
134.95,3.425365065189467,2
134.96,3.646079362828604,2
134.97,3.6021398626772365,2
134.98,3.399232716676124,2
134.99,3.097776478847232,2
135.0,3.4570421290984044,2
135.01,4.062005480072436,2
135.02,4.134288342965187,2
135.03,4.38599557827947,2
135.04,4.12101949169024,2
135.05,4.103008984062105,2
135.06,4.074870716870693,2
135.07,4.176456615069381,2
135.08,4.180803899028691,2
135.09,4.949545673061259,2
135.1,5.081147566517472,2
135.11,5.34116009362356,2
135.12,5.283777572102513,2
135.13,4.553067564261422,2
135.14000000000001,4.624781534439777,2
135.15,4.872620425798497,2
135.16,5.180165638567306,2
135.17000000000002,5.0431035775033966,2
135.18,4.532158987959894,2
135.19,4.396981628868712,2
135.2,3.94650251936852,2
135.21,4.316534407618908,2
135.22,4.413473373098276,2
135.23,4.226937272332722,2
135.24,4.414509504066561,2
135.25,4.789306546827991,2
135.26,4.932550611467412,2
135.27,5.405863369289019,2
135.28,5.014381395200556,2
135.29,5.188620662912323,2
135.3,4.656351287840234,2
135.31,5.127313055910124,2
135.32,5.220871405643059,2
135.33,4.99296879400274,2
135.34,4.566217762005972,2
135.35,4.3566190346977365,2
135.36,4.247436006012299,2
135.37,4.283938502678986,2
135.38,4.250718979062675,2
135.39000000000001,4.0461349522717205,2
135.4,4.369460705405082,2
135.41,3.8510713236374325,2
135.42000000000002,4.028395087610257,2
135.43,4.0781760678639065,2
135.44,4.068377186099708,2
135.45,4.240072466109465,2
135.46,4.026870243351243,2
135.47,3.8060921467011424,2
135.48,3.7434417834085427,2
135.49,3.619904247927276,2
135.5,3.5907710765594696,2
135.51,3.8356976953799164,2
135.52,3.8834141811818315,2
135.53,3.903493066444958,2
135.54,3.9786583321494375,2
135.55,3.887231949524188,2
135.56,4.154485681661987,2
135.57,4.2992556313339,2
135.58,4.270904880190373,2
135.59,3.922938272574022,2
135.6,4.301622031313559,2
135.61,4.459742754938342,2
135.62,4.574448696783837,2
135.63,4.998439861358592,2
135.64000000000001,5.09564511856769,2
135.65,4.972326367644435,2
135.66,4.730411185701776,2
135.67000000000002,4.501647907432868,2
135.68,4.529598989889296,2
135.69,4.750524619510661,2
135.7,4.952551435052183,2
135.71,4.466169929584869,2
135.72,4.681511493104917,2
135.73,4.529404200045776,2
135.74,4.309762570742637,2
135.75,4.382499611081504,2
135.76,4.56742129941831,2
135.77,4.161272833325357,2
135.78,4.206733911414739,2
135.79,3.726725407188428,2
135.8,3.9784241731640617,2
135.81,3.6662047644992373,2
135.82,3.753628307026086,2
135.83,3.674444440211572,2
135.84,3.5453742420705114,2
135.85,3.0240484072660814,2
135.86,2.72522644309872,2
135.87,2.8314015250223155,2
135.88,2.6847320901537666,2
135.89000000000001,2.725983339347641,2
135.9,2.6304581650618686,2
135.91,2.6885679918051446,2
135.92000000000002,2.479228765734869,2
135.93,2.496397527988138,2
135.94,2.570836099510954,2
135.95,2.722119477171835,2
135.96,2.3328607384872755,2
135.97,2.5140879678666828,2
135.98,2.3476470302781824,2
135.99,2.1258281888443182,2
136.0,2.6621203725622773,2
136.01,3.0026036824346742,2
136.02,3.2584558314372667,2
136.03,3.2700554679978766,2
136.04,3.1784853187128346,2
136.05,3.682025987302081,2
136.06,3.7520313656901862,2
136.07,3.522153057472075,2
136.08,3.288079668570447,2
136.09,3.447438432559918,2
136.1,3.40408973476308,2
136.11,3.7564259433259988,2
136.12,3.8012139675091245,2
136.13,3.4809240392798957,2
136.14000000000001,4.060100951076733,2
136.15,3.764934846485863,2
136.16,3.442203302356491,2
136.17000000000002,3.4742092635248256,2
136.18,3.6587597851214886,2
136.19,3.43806283195643,2
136.2,3.691320044529327,2
136.21,3.582367386787705,2
136.22,4.316916970515256,2
136.23,4.379707046673676,2
136.24,4.034335111219014,2
136.25,3.831565047474679,2
136.26,3.9881319480228576,2
136.27,3.7592155056427505,2
136.28,3.761684515635961,2
136.29,4.343600490052529,2
136.3,4.490515598109797,2
136.31,4.60998921549698,2
136.32,5.111105444764126,2
136.33,4.784972470679739,2
136.34,4.701782863449458,2
136.35,4.545666043155158,2
136.36,4.313610661046576,2
136.37,4.209937695966565,2
136.38,4.05983718951218,2
136.39000000000001,3.8673916409474836,2
136.4,3.7969400762068517,2
136.41,3.6318854548213007,2
136.42000000000002,3.760550153459178,2
136.43,3.5140047701803674,2
136.44,3.850716495379236,2
136.45,4.071277229075394,2
136.46,4.190523046695349,2
136.47,4.04150561744806,2
136.48,4.049841586338364,2
136.49,4.009421500929194,2
136.5,4.01611769593877,2
136.51,3.635112115344207,2
136.52,3.7012284086631775,2
136.53,3.8232180572274825,2
136.54,4.250038338055496,2
136.55,3.939769490024055,2
136.56,3.609919830701788,2
136.57,3.9275687376130493,2
136.58,3.506367684297017,2
136.59,3.968133529754939,2
136.6,4.306509100717804,2
136.61,4.440531575403905,2
136.62,3.9665805977581012,2
136.63,3.924742452580296,2
136.64000000000001,3.917399056333097,2
136.65,4.007611609743928,2
136.66,4.163793188892562,2
136.67000000000002,3.9350988876535284,2
136.68,4.242230799077494,2
136.69,4.365461936424132,2
136.70000000000002,4.473578942851029,2
136.71,4.362916882223987,2
136.72,4.43660053561496,2
136.73,3.7858091545049213,2
136.74,3.9198836779405117,2
136.75,4.397594459027241,2
136.76,4.579082840364293,2
136.77,4.709332947935451,2
136.78,4.857385935042818,2
136.79,5.11427572452138,2
136.8,4.946404561492411,2
136.81,5.130904893883475,2
136.82,5.147425275536709,2
136.83,5.050953567689197,2
136.84,5.328518065345161,2
136.85,5.0008365946314735,2
136.86,4.716665137866671,2
136.87,3.977278574117016,2
136.88,3.7163103380585656,2
136.89000000000001,3.619960474961748,2
136.9,3.6437706467163613,2
136.91,3.8065865296022574,2
136.92000000000002,4.075606185415885,2
136.93,3.6914324597375514,2
136.94,3.753366921222545,2
136.95000000000002,3.499470021983485,2
136.96,3.1726701219174176,2
136.97,3.3472685252311067,2
136.98,3.441338179958992,2
136.99,3.636996151866569,2
137.0,3.8375588320411294,2
137.01,3.717155956724334,2
137.02,4.055502773676641,2
137.03,3.7897179835839387,2
137.04,3.511665500104296,2
137.05,3.6733182290380304,2
137.06,3.766814234704579,2
137.07,3.5606960075992227,2
137.08,3.3686841653058006,2
137.09,3.539446610534836,2
137.1,3.656385627893266,2
137.11,3.396594140187537,2
137.12,3.2747558019874856,2
137.13,3.0892209811013545,2
137.14000000000001,2.579687323452409,2
137.15,3.108230810381142,2
137.16,3.264964391676628,2
137.17000000000002,3.6666663091567298,2
137.18,3.6134100800933626,2
137.19,3.3766596851952317,2
137.20000000000002,3.1912266589067193,2
137.21,3.0241098566992393,2
137.22,2.9747277649249204,2
137.23,2.638741451434945,2
137.24,2.665306073188215,2
137.25,2.635972343404019,2
137.26,3.019776123751838,2
137.27,3.2700182089718983,2
137.28,3.23463957465423,2
137.29,3.446025597867777,2
137.3,3.1910817445956683,2
137.31,2.914176307469446,2
137.32,2.9960754926752284,2
137.33,3.1254166844723685,2
137.34,3.1731607398482944,2
137.35,3.640024327274897,2
137.36,3.870759725052179,2
137.37,4.176917737422342,2
137.38,4.002475531838377,2
137.39000000000001,4.096443874630928,2
137.4,3.791148597540551,2
137.41,3.604823380351157,2
137.42000000000002,3.7381581574599383,2
137.43,3.5122854507522163,2
137.44,3.336867630278787,2
137.45000000000002,3.525200572262724,2
137.46,3.3562448904453013,2
137.47,3.6932378762293405,2
137.48,3.6632056297613107,2
137.49,3.6479190812956674,2
137.5,3.7543179079547833,2
137.51,3.7407207799191986,2
137.52,3.8459754006262323,2
137.53,3.601423138640683,2
137.54,2.8703012203332845,2
137.55,2.5829559988409923,2
137.56,2.5956485629189636,2
137.57,2.8750406562925255,2
137.58,3.5991498251377783,2
137.59,3.471193951327252,2
137.6,3.338755079826209,2
137.61,3.500411648236677,2
137.62,3.613163779828764,2
137.63,3.7242920532415793,2
137.64000000000001,3.679413963666575,2
137.65,3.15028775104979,2
137.66,3.29116824906323,2
137.67000000000002,3.3485755969835007,2
137.68,2.9635186092416235,2
137.69,3.2319040940517056,2
137.70000000000002,3.5154689332171567,2
137.71,3.7220202270609675,2
137.72,3.6345317163124715,2
137.73,3.733673813740179,2
137.74,3.5059062805649504,2
137.75,3.162768862203303,2
137.76,3.218454540100012,2
137.77,2.8710110653937306,2
137.78,2.9460943450611947,2
137.79,3.0367595123058853,2
137.8,2.901503094719417,2
137.81,3.5612576615890434,2
137.82,3.4355194669668734,2
137.83,3.552095046008835,2
137.84,3.542787995932401,2
137.85,3.8546921230295994,2
137.86,3.774439355403338,2
137.87,3.4380017941604852,2
137.88,3.611758125082933,2
137.89000000000001,3.2247865589901483,2
137.9,3.0620084835705375,2
137.91,3.0112084760187163,2
137.92000000000002,2.9762104990187983,2
137.93,2.9804342757225575,2
137.94,2.961687963785896,2
137.95000000000002,3.1011170354171305,2
137.96,2.99838987683998,2
137.97,3.2217932479387095,2
137.98,3.0611235550493823,2
137.99,2.795360300679889,2
138.0,2.5952801596799513,2
138.01,2.619179992285946,2
138.02,3.032382203358017,2
138.03,3.121347258264583,2
138.04,3.078627607649079,2
138.05,3.159349434112109,2
138.06,2.900606154893378,2
138.07,2.5270836138736334,2
138.08,2.3945433232686844,2
138.09,2.2579379278215956,2
138.1,3.1119210864284823,2
138.11,3.745206976245939,2
138.12,4.312235199579106,2
138.13,3.936420566535024,2
138.14000000000001,4.439953142312399,2
138.15,4.194069433097975,2
138.16,4.640709926974403,2
138.17000000000002,4.700920025614689,2
138.18,4.349626105638315,2
138.19,4.783572616283132,2
138.20000000000002,5.162728106572612,2
138.21,4.745905650156639,2
138.22,4.7635800936800585,2
138.23,4.138424861537009,2
138.24,4.012649725878827,2
138.25,3.9014708679329275,2
138.26,3.795444161350399,2
138.27,4.272562777192534,2
138.28,3.8668129592823948,2
138.29,3.81670252488639,2
138.3,4.048894170000614,2
138.31,3.6713592132889703,2
138.32,3.4539101868567794,2
138.33,3.8244937933385468,2
138.34,4.2231117536328755,2
138.35,4.078041615133832,2
138.36,4.3131931677966655,2
138.37,4.722950284881504,2
138.38,4.535289370329045,2
138.39000000000001,4.706057023969525,2
138.4,4.515658524066386,2
138.41,4.080685394069431,2
138.42000000000002,4.0736414464702975,2
138.43,3.997018753651347,2
138.44,3.7347793666066345,2
138.45000000000002,3.6651736381082025,2
138.46,3.634396718388079,2
138.47,3.7499155517263008,2
138.48,4.069444687766612,2
138.49,4.357366733979963,2
138.5,4.297114094259537,2
138.51,4.1124265800211255,2
138.52,4.480807570474692,2
138.53,4.404481724842002,2
138.54,4.194855876500846,2
138.55,4.2235818960726945,2
138.56,3.683923793997069,2
138.57,3.582456611821927,2
138.58,3.4719476578541175,2
138.59,3.301037948166986,2
138.6,3.4786144905072023,2
138.61,3.836051193013488,2
138.62,4.331995152052233,2
138.63,4.15834547122698,2
138.64000000000001,4.062390334819963,2
138.65,3.863568136500544,2
138.66,4.02967711015726,2
138.67000000000002,3.497588537367382,2
138.68,3.4375608643871067,2
138.69,3.5763906245154704,2
138.70000000000002,3.442205038901903,2
138.71,3.376441763023444,2
138.72,3.7196817978932546,2
138.73,3.731626049665364,2
138.74,4.096950771139645,2
138.75,4.551161195080454,2
138.76,4.646399928069479,2
138.77,4.499376791015227,2
138.78,4.897565141208979,2
138.79,4.091975820450616,2
138.8,3.6431521449309634,2
138.81,3.8970997422420792,2
138.82,4.608419235327796,2
138.83,4.740959448220989,2
138.84,4.719212299424897,2
138.85,4.515125719030317,2
138.86,4.621202985380176,2
138.87,4.8872041547185825,2
138.88,5.010623884103853,2
138.89000000000001,4.9273596492547735,2
138.9,5.127445191618942,2
138.91,5.1011254211694474,2
138.92000000000002,5.135522904014711,2
138.93,5.297013978106158,2
138.94,4.902658740245934,2
138.95000000000002,4.8060485736253336,2
138.96,4.75770165293431,2
138.97,4.34173040920963,2
138.98,3.9988105768916906,2
138.99,3.8216050937072072,2
139.0,4.134568012021185,2
139.01,4.065666941679609,2
139.02,4.095922682852329,2
139.03,4.173713584573771,2
139.04,4.3351691460568205,2
139.05,4.443638641207553,2
139.06,4.418394039100394,2
139.07,4.3373382229780555,2
139.08,4.613717529167852,2
139.09,4.412697816833851,2
139.1,4.756792591605119,2
139.11,4.51938551700866,2
139.12,4.387075745469378,2
139.13,4.5490548641758775,2
139.14000000000001,5.164302702697562,2
139.15,4.499295773078687,2
139.16,4.694674177128455,2
139.17000000000002,4.759117114383693,2
139.18,4.554756153606138,2
139.19,4.601045618056873,2
139.20000000000002,4.20068999682137,2
139.21,3.9559734954046255,2
139.22,4.081637695607701,2
139.23,3.7877935701606984,2
139.24,3.8517971811707556,2
139.25,3.6785392736835894,2
139.26,3.5822314012986975,2
139.27,3.92881839267429,2
139.28,3.605827125738682,2
139.29,3.635665259286994,2
139.3,3.80767960130989,2
139.31,3.900021368811533,2
139.32,3.742384016363437,2
139.33,3.871642671189601,2
139.34,3.592733178473297,2
139.35,3.4954974755344543,2
139.36,3.996637365192239,2
139.37,4.178127365797399,2
139.38,4.161097037684533,2
139.39000000000001,4.27246882843516,2
139.4,4.016802602953881,2
139.41,4.094823771836929,2
139.42000000000002,3.957458260568231,2
139.43,3.79739492808862,2
139.44,3.782551263207695,2
139.45000000000002,3.6339169361959325,2
139.46,3.7105205604559246,2
139.47,3.8574762203837842,2
139.48,3.794422604265432,2
139.49,3.0070075685893283,2
139.5,2.860208755712577,2
139.51,2.667723115213553,2
139.52,2.9058657086480455,2
139.53,2.8085523306173,2
139.54,2.785790068931975,2
139.55,3.145131536102555,2
139.56,3.0094692260474174,2
139.57,3.1659994024816145,2
139.58,3.074358254600249,2
139.59,3.033460626573843,2
139.6,2.8004457121463844,2
139.61,2.7727065147335495,2
139.62,3.0392834872025047,2
139.63,2.861927761842269,2
139.64000000000001,2.7730052797131286,2
139.65,3.5161844731706813,2
139.66,3.637296948432341,2
139.67000000000002,3.7694457823635186,2
139.68,3.6150833879556172,2
139.69,3.9488599927863466,2
139.70000000000002,4.295374484698687,2
139.71,4.094432012336674,2
139.72,4.387772797375126,2
139.73,4.728603025830144,2
139.74,4.069538916471131,2
139.75,4.306150388512859,2
139.76,4.059017508679209,2
139.77,4.428673522082267,2
139.78,4.158970289894222,2
139.79,4.315047974998011,2
139.8,3.7850216959221124,2
139.81,4.122582069916826,2
139.82,4.131139935504613,2
139.83,4.483890229571106,2
139.84,4.232492881336678,2
139.85,4.269655108077055,2
139.86,4.67308727938407,2
139.87,4.5984806750641924,2
139.88,4.660366758593795,2
139.89000000000001,4.79247073234631,2
139.9,4.273483242365876,2
139.91,4.098493197761991,2
139.92000000000002,4.411036976774201,2
139.93,3.7897827956003654,2
139.94,4.127587667717029,2
139.95000000000002,3.948028538202206,2
139.96,4.53554267477529,2
139.97,4.605767898427894,2
139.98,4.318379037014538,2
139.99,4.564051497499542,2
140.0,4.913721974415271,2
140.01,4.993534086478819,2
140.02,4.767839728218969,2
140.03,5.09856089355313,2
140.04,4.725517668493327,2
140.05,4.956561569185379,2
140.06,4.178558100641656,2
140.07,4.194031654799865,2
140.08,4.016477371443359,2
140.09,3.6259951096145135,2
140.1,4.033106867009095,2
140.11,3.4214221807181,2
140.12,3.8713544612067166,2
140.13,3.4499406917342585,2
140.14000000000001,3.803391690717582,2
140.15,3.6022494718895834,2
140.16,3.0884817935784064,2
140.17000000000002,3.051336663018518,2
140.18,3.3059590747313172,2
140.19,3.120830591564501,2
140.20000000000002,3.282482108955104,2
140.21,3.549672220473247,2
140.22,4.0177235506021995,2
140.23,4.033872225145817,2
140.24,4.360772985865862,2
140.25,4.565319628490253,2
140.26,4.482617985298069,2
140.27,4.759369414210606,2
140.28,4.936745221928568,2
140.29,4.79601026928385,2
140.3,4.918553754913043,2
140.31,4.90368084204925,2
140.32,4.96859426118035,2
140.33,5.405168572575995,2
140.34,5.0367826650185945,2
140.35,5.005267453695443,2
140.36,4.9134125533236555,2
140.37,5.045400863180932,2
140.38,4.812827721306938,2
140.39000000000001,4.571062583085788,2
140.4,4.495725046892552,2
140.41,4.580746504150253,2
140.42000000000002,4.393161103529084,2
140.43,3.601733135592047,2
140.44,3.3717883890527722,2
140.45000000000002,3.8353706234083162,2
140.46,4.290121547577049,2
140.47,4.120502152594841,2
140.48,4.617728212888485,2
140.49,4.463426789136172,2
140.5,3.982183189458935,2
140.51,3.8972500308633973,2
140.52,4.113052677888981,2
140.53,3.9415812309368756,2
140.54,4.118369616481422,2
140.55,4.182152254027389,2
140.56,4.082784282137081,2
140.57,4.294463917484477,2
140.58,4.613263808136529,2
140.59,4.603432541129663,2
140.6,4.710170236472313,2
140.61,4.226497378437662,2
140.62,4.59810474927804,2
140.63,4.387281515161399,2
140.64000000000001,4.104409152375139,2
140.65,4.345212383110745,2
140.66,4.201950810823822,2
140.67000000000002,3.985058326930715,2
140.68,3.9033659034735115,2
140.69,3.5684907498539546,2
140.70000000000002,3.4119470776092893,2
140.71,3.7603977984683308,2
140.72,4.114651110938413,2
140.73,4.121724270781181,2
140.74,3.9170436730026976,2
140.75,4.042584882503546,2
140.76,3.5010327814665625,2
140.77,3.8827049375840614,2
140.78,3.8747032360379583,2
140.79,3.5941653399660707,2
140.8,4.05609434483684,2
140.81,4.062552421999271,2
140.82,3.9355386322940658,2
140.83,4.522697037752457,2
140.84,4.321571269605831,2
140.85,4.501531441602845,2
140.86,4.647804091243054,2
140.87,4.342908285222599,2
140.88,4.269045505457945,2
140.89000000000001,4.17073404488979,2
140.9,3.653098383381125,2
140.91,3.131320637584699,2
140.92000000000002,2.601726611732193,2
140.93,2.6141140645945917,2
140.94,2.4712769287611667,2
140.95000000000002,2.360171255989484,2
140.96,2.404945841357712,2
140.97,2.565492178723615,2
140.98,2.6203452737862927,2
140.99,2.5586482080800863,2
141.0,3.249875102745157,2
141.01,3.267912356887992,2
141.02,3.623989899559581,2
141.03,3.311244597146398,2
141.04,3.7584182419307,2
141.05,3.6271787664766864,2
141.06,4.458226252526035,2
141.07,4.04072079953737,2
141.08,3.7343235955618366,2
141.09,3.7074194487647105,2
141.1,3.636140210179945,2
141.11,3.340283325434201,2
141.12,3.823864068905885,2
141.13,4.229291002782014,2
141.14000000000001,4.109916617866893,2
141.15,4.384984002430981,2
141.16,4.749426070563101,2
141.17000000000002,4.671759138604206,2
141.18,4.414839058028535,2
141.19,4.73653490639266,2
141.20000000000002,4.981942946119819,2
141.21,4.528653432599741,2
141.22,4.876995062210187,2
141.23,4.500266450275525,2
141.24,4.557638190374988,2
141.25,4.270661792645761,2
141.26,4.290085543463683,2
141.27,4.293840859976496,2
141.28,4.896887388975294,2
141.29,4.347673329551756,2
141.3,4.09458184223761,2
141.31,3.9532632295241896,2
141.32,4.051116325588302,2
141.33,3.957607187016379,2
141.34,3.3390998559599443,2
141.35,3.61400219079423,2
141.36,4.03078517968391,2
141.37,4.1502748663237545,2
141.38,4.005922196674888,2
141.39000000000001,4.063323919012675,2
141.4,3.712211256059505,2
141.41,4.041651523574234,2
141.42000000000002,4.178443465740137,2
141.43,4.009454356642574,2
141.44,4.031744267917326,2
141.45000000000002,4.3207781764090125,2
141.46,4.618629213830387,2
141.47,4.5357081534502415,2
141.48,5.090312454132545,2
141.49,5.368889573378723,2
141.5,5.381572356829174,2
141.51,5.131370514921829,2
141.52,4.914787298276558,2
141.53,4.880134941946765,2
141.54,4.760867891374977,2
141.55,5.166547182195295,2
141.56,4.784405513593068,2
141.57,4.849246357396694,2
141.58,4.197151268945224,2
141.59,4.284295830718887,2
141.6,4.502902574865728,2
141.61,4.860708519247948,2
141.62,4.607061473500056,2
141.63,4.344620513619484,2
141.64000000000001,4.60009694557319,2
141.65,4.878660861133148,2
141.66,4.726455399463169,2
141.67000000000002,4.098629933750401,2
141.68,3.788782662627386,2
141.69,3.783701098718724,2
141.70000000000002,3.4035682415722794,2
141.71,3.6696807548518002,2
141.72,3.483795705360073,2
141.73,3.514915167362427,2
141.74,3.873600991567623,2
141.75,3.990403119299773,2
141.76,4.542259151380741,2
141.77,4.88405904430335,2
141.78,4.501306852526474,2
141.79,4.619166285910648,2
141.8,4.600572683379652,2
141.81,4.876874008245304,2
141.82,4.937470734999997,2
141.83,4.702130347059665,2
141.84,4.76680338619868,2
141.85,4.5855693317832085,2
141.86,4.343900507289527,2
141.87,4.277965562394659,2
141.88,4.3206537908040845,2
141.89000000000001,4.656983241388763,2
141.9,4.4505673982876965,2
141.91,3.8624624603953572,2
141.92000000000002,3.8203864469836413,2
141.93,3.910983395527506,2
141.94,3.9715569770688024,2
141.95000000000002,3.9025133329299737,2
141.96,4.1813142444807605,2
141.97,4.251675404654784,2
141.98,4.397358299549969,2
141.99,3.837159257546512,2
142.0,3.804242725373075,2
142.01,3.7843926814687774,2
142.02,4.283055820720126,2
142.03,4.22465736364288,2
142.04,4.015152108190787,2
142.05,3.8099622163735907,2
142.06,4.106410834357871,2
142.07,3.9313087192475344,2
142.08,3.6965159094282534,2
142.09,3.98659664708565,2
142.1,4.098986205621796,2
142.11,4.022183705757906,2
142.12,3.6438166476393006,2
142.13,3.836472534971651,2
142.14000000000001,4.087118811039422,2
142.15,3.8083160262281006,2
142.16,3.930850191985171,2
142.17000000000002,3.909236966496298,2
142.18,3.667832963455246,2
142.19,3.5752058987355024,2
142.20000000000002,3.604349739368007,2
142.21,3.2703901009781666,2
142.22,3.505080940111892,2
142.23,3.3533132813258177,2
142.24,3.228014429672611,2
142.25,3.4484581728310477,2
142.26,3.375338088381625,2
142.27,3.3767462035102263,2
142.28,3.4091637913330715,2
142.29,3.248625153816737,2
142.3,3.1770103589115104,2
142.31,3.2542918560161587,2
142.32,3.324477989229088,2
142.33,3.5413534007780876,2
142.34,3.7490784094625598,2
142.35,4.1194544119054,2
142.36,3.6807101885368807,2
142.37,3.971302979901751,2
142.38,3.8776881320228167,2
142.39000000000001,4.076426321504465,2
142.4,4.1649517288042786,2
142.41,3.9849127087816925,2
142.42000000000002,4.417109746836726,2
142.43,4.591071117934716,2
142.44,4.6511640987147445,2
142.45000000000002,5.206563319298889,2
142.46,4.809869235982186,2
142.47,4.735988461337967,2
142.48,4.821655372255878,2
142.49,4.43717383393653,2
142.5,4.205336060331864,2
142.51,4.467192423173211,2
142.52,4.279831016048751,2
142.53,4.498877908784086,2
142.54,4.270608357634202,2
142.55,4.815895200079502,2
142.56,4.070568444592318,2
142.57,4.349285729400691,2
142.58,4.385442204525859,2
142.59,3.913216942357567,2
142.6,3.858701895335623,2
142.61,3.3269954744366594,2
142.62,3.494122248855563,2
142.63,3.375599663367926,2
142.64000000000001,2.8856053479136055,2
142.65,3.04398481288301,2
142.66,3.180621180621177,2
142.67000000000002,3.859508401062477,2
142.68,4.10815480330271,2
142.69,3.4208952506102315,2
142.70000000000002,3.329107333261102,2
142.71,3.7091955909806327,2
142.72,3.2773657957145828,2
142.73,3.1310225589317473,2
142.74,3.2184328564990317,2
142.75,3.146980758248892,2
142.76,3.6831110282576303,2
142.77,3.7666896254784596,2
142.78,3.7994591400050934,2
142.79,3.55977822858886,2
142.8,3.2914501119881368,2
142.81,3.3917774576670827,2
142.82,3.4298785230665065,2
142.83,3.142048482172755,2
142.84,3.2941517751228595,2
142.85,3.3809949655893576,2
142.86,3.355563335101683,2
142.87,3.7578774681264524,2
142.88,3.778587813285692,2
142.89000000000001,3.733284758262351,2
142.9,4.080449057554912,2
142.91,4.029643862143298,2
142.92000000000002,3.912927727021372,2
142.93,3.5901060503031337,2
142.94,3.6482754319536896,2
142.95000000000002,3.9476335071599764,2
142.96,3.8347329700525217,2
142.97,3.474628175526854,2
142.98,3.813590932884148,2
142.99,4.129807687347856,2
143.0,4.28256097769367,2
143.01,4.281534585335527,2
143.02,4.3724085919198235,2
143.03,3.895966480079914,2
143.04,3.741430253623985,2
143.05,3.9586996033066164,2
143.06,4.058687127940624,2
143.07,4.308535842950249,2
143.08,4.712266007900491,2
143.09,4.291090000260959,2
143.1,4.39899074439349,2
143.11,4.285888242685578,2
143.12,4.130800851638761,2
143.13,4.818066824006006,2
143.14000000000001,4.291366387150559,2
143.15,4.210674523819581,2
143.16,4.12266514995368,2
143.17000000000002,4.123904819231678,2
143.18,3.552673904204524,2
143.19,3.31942979442325,2
143.20000000000002,3.4013255228675994,2
143.21,3.0658604736189017,2
143.22,3.429415291365772,2
143.23,3.6506969811314978,2
143.24,3.235923391644157,2
143.25,3.247064549612029,2
143.26,3.4287541256324796,2
143.27,3.0960839784203373,2
143.28,2.739536629307648,2
143.29,2.5942823876077576,2
143.3,3.496291170767072,2
143.31,3.856719145363504,2
143.32,3.698615026409897,2
143.33,3.3516156724874366,2
143.34,3.182617340884743,2
143.35,3.6956810466715333,2
143.36,4.302336842539533,2
143.37,4.042075896905165,2
143.38,4.1260092265860875,2
143.39000000000001,4.039108438547113,2
143.4,4.395114619593859,2
143.41,4.045659375724207,2
143.42000000000002,4.318470703815168,2
143.43,3.906923678232782,2
143.44,4.18475735832543,2
143.45000000000002,3.925245807902468,2
143.46,3.8436291072081072,2
143.47,3.6763992498909808,2
143.48,4.2644049814024925,2
143.49,4.519590886387671,2
143.5,4.351084255040283,2
143.51,4.082300159235246,2
143.52,4.446250365946991,2
143.53,3.438782237526568,2
143.54,3.630668723333399,2
143.55,3.3958082134809078,2
143.56,4.094895631061993,2
143.57,4.85909352917825,2
143.58,4.781879540050751,2
143.59,4.6001503567429,2
143.6,4.559403582904354,2
143.61,4.327342272502327,2
143.62,4.069522378346361,2
143.63,4.129030095690176,2
143.64000000000001,4.292853494105084,2
143.65,4.3013287153447735,2
143.66,4.353390377832429,2
143.67000000000002,4.138830205549835,2
143.68,3.8603697129025973,2
143.69,3.6069936847253694,2
143.70000000000002,3.8650098000694393,2
143.71,3.9010661456489752,2
143.72,3.968057628088402,2
143.73,4.0679615086498995,2
143.74,4.044783632816584,2
143.75,4.071034278457779,2
143.76,4.431071294473123,2
143.77,4.608086566932681,2
143.78,4.498444163671762,2
143.79,4.3148156854861,2
143.8,4.574391861513559,2
143.81,4.611236107272124,2
143.82,4.462850546263859,2
143.83,4.050689675539226,2
143.84,4.52559119022697,2
143.85,4.153707330239826,2
143.86,4.218922803184329,2
143.87,4.71417329367709,2
143.88,4.546078113373305,2
143.89000000000001,4.478585288275692,2
143.9,4.672612108950726,2
143.91,4.26730163967826,2
143.92000000000002,3.7674694246887257,2
143.93,3.6895445879815134,2
143.94,3.7434560327046724,2
143.95000000000002,3.788771574256469,2
143.96,4.2114280482462725,2
143.97,3.922284631473601,2
143.98,3.889338796218352,2
143.99,4.327456859654987,2
144.0,4.215989873555389,2
144.01,4.757357586154233,2
144.02,4.615238982217147,2
144.03,4.357073491778127,2
144.04,4.310269808625335,2
144.05,4.352792595659405,2
144.06,4.200910649922737,2
144.07,4.29362374234389,2
144.08,4.221995492208988,2
144.09,4.5594768267411,2
144.1,4.647429564002531,2
144.11,4.585735719351622,2
144.12,4.4374867649740715,2
144.13,4.621205916886752,2
144.14000000000001,4.567916275116104,2
144.15,4.382925597936275,2
144.16,4.139746810158934,2
144.17000000000002,4.323931084448045,2
144.18,4.15791033251738,2
144.19,4.057142815761959,2
144.20000000000002,4.20818209306101,2
144.21,4.490779673871784,2
144.22,4.610325456810849,2
144.23,4.790904867851334,2
144.24,4.9128578499025535,2
144.25,4.823924456938174,2
144.26,4.853328853035018,2
144.27,5.285323124089777,2
144.28,5.101276361783793,2
144.29,4.681626767439597,2
144.3,3.897669642905717,2
144.31,4.45630622528256,2
144.32,4.971894529200701,2
144.33,4.593967019246829,2
144.34,4.898920532835893,2
144.35,5.10157539271623,2
144.36,5.173094722773917,2
144.37,5.1983553959156374,2
144.38,4.867544052866382,2
144.39000000000001,4.81742878011102,2
144.4,4.834275105299766,2
144.41,4.7706061433163285,2
144.42000000000002,4.678038781715177,2
144.43,4.978672763367507,2
144.44,5.168578171122713,2
144.45000000000002,5.299418305896224,2
144.46,5.4336479214863145,2
144.47,5.3552576142404495,2
144.48,5.550092249985439,2
144.49,5.055622592921761,2
144.5,4.969767984483988,2
144.51,5.073401730290666,2
144.52,5.120035566077139,2
144.53,5.1140968236483255,2
144.54,5.26535741425124,2
144.55,5.547109847793111,2
144.56,5.091067332109796,2
144.57,5.06706089290107,2
144.58,4.755697841390509,2
144.59,4.983300579576227,2
144.6,5.090096775809224,2
144.61,4.706163900957742,2
144.62,4.633655483275246,2
144.63,4.144975617980122,2
144.64000000000001,4.3996004019828785,2
144.65,4.2078254528229575,2
144.66,3.8668223769671464,2
144.67000000000002,3.7822180603931197,2
144.68,3.9694189300466323,2
144.69,4.053763944364726,2
144.70000000000002,3.9098096772026754,2
144.71,3.889094992452697,2
144.72,3.8175196365629502,2
144.73,3.571116193347145,2
144.74,3.0854087835296924,2
144.75,3.175043087067924,2
144.76,3.4232878299115845,2
144.77,3.4764422467475207,2
144.78,4.109549574698628,2
144.79,3.9297918746467007,2
144.8,3.92494538759156,2
144.81,4.070175994901942,2
144.82,4.188021555740576,2
144.83,4.0967175141356735,2
144.84,4.071684642860751,2
144.85,4.040907624388227,2
144.86,4.2304049833467525,2
144.87,4.010479157703882,2
144.88,3.3198828921411736,2
144.89000000000001,3.2906807510899134,2
144.9,3.8398278136121395,2
144.91,4.082870775159187,2
144.92000000000002,3.630146019220194,2
144.93,3.8584062554922878,2
144.94,3.9316203890819876,2
144.95000000000002,3.8322290045090437,2
144.96,3.5435439552325105,2
144.97,3.358676248782681,2
144.98,3.264163096153101,2
144.99,3.8577256165909812,2
145.0,4.05331302312435,2
145.01,3.846935740579746,2
145.02,3.7086776306727494,2
145.03,3.7271996348715075,2
145.04,3.6317483981987895,2
145.05,3.6730159712119925,2
145.06,3.664424092392263,2
145.07,3.7255413677848863,2
145.08,3.186807358940066,2
145.09,3.4948716560395603,2
145.1,3.3866832785791674,2
145.11,3.7049510752375285,2
145.12,4.3566659205802045,2
145.13,3.909416839519559,2
145.14000000000001,3.9463632714471104,2
145.15,3.832707055007785,2
145.16,3.9612980362615438,2
145.17000000000002,3.3680969117848223,2
145.18,3.329787923870838,2
145.19,3.164870170867266,2
145.20000000000002,3.7093666469557793,2
145.21,4.265223234114641,2
145.22,4.157634676012223,2
145.23,3.8168209092299614,2
145.24,3.5975413275152643,2
145.25,3.6488522409319306,2
145.26,3.2869290195634737,2
145.27,3.5053001695206856,2
145.28,3.499161499240824,2
145.29,3.650202651319312,2
145.3,3.7969257194091024,2
145.31,4.208060975004772,2
145.32,4.367174986931975,2
145.33,4.413460985547259,2
145.34,4.442733142450436,2
145.35,3.837960520308908,2
145.36,3.9050673884496283,2
145.37,4.087997765142621,2
145.38,4.044852623265002,2
145.39000000000001,4.512059228828992,2
145.4,4.0399978979490125,2
145.41,3.826374715592593,2
145.42000000000002,3.663759425544153,2
145.43,3.700008790612647,2
145.44,3.546840898941942,2
145.45000000000002,3.240674010907796,2
145.46,3.215802994032407,2
145.47,3.581742426722438,2
145.48,3.837250585780612,2
145.49,3.656636054496521,2
145.5,3.585192589081818,2
145.51,3.406346761792011,2
145.52,3.1083044659803942,2
145.53,3.3184487287325104,2
145.54,3.023627439824052,2
145.55,3.3090707189125554,2
145.56,3.8934368100313588,2
145.57,4.010534260438844,2
145.58,4.185927199204894,2
145.59,4.335711130517336,2
145.6,4.163686325713366,2
145.61,4.25214345776967,2
145.62,4.315431308837639,2
145.63,4.106555529225281,2
145.64000000000001,3.3829563461016283,2
145.65,3.1477557427043354,2
145.66,2.966061012958079,2
145.67000000000002,3.211403186632069,2
145.68,2.8712464671365754,2
145.69,3.514204946396541,2
145.70000000000002,4.0243923511251465,2
145.71,4.320065577062118,2
145.72,4.1435399468511,2
145.73,3.5402709977628373,2
145.74,3.822025209542799,2
145.75,3.6279259298535247,2
145.76,3.8882668479860687,2
145.77,4.069785405147436,2
145.78,3.938128462073295,2
145.79,3.598609934692336,2
145.8,3.691784440001839,2
145.81,3.2778659883845367,2
145.82,3.4297309899199138,2
145.83,3.619967718971995,2
145.84,3.4711103408663964,2
145.85,3.0981183359111117,2
145.86,3.6496410900837795,2
145.87,3.533151186714382,2
145.88,3.5211073882054986,2
145.89000000000001,3.878229002046987,2
145.9,3.7293886865737806,2
145.91,3.540694757831059,2
145.92000000000002,4.156151770574843,2
145.93,3.932951991200489,2
145.94,4.284414472965935,2
145.95000000000002,4.299325122559473,2
145.96,4.3067633830925525,2
145.97,4.132572666743723,2
145.98,4.062771073117014,2
145.99,4.562841045591203,2
146.0,4.74886004231017,2
146.01,4.287876455920076,2
146.02,3.9781928036830196,2
146.03,4.088873560973692,2
146.04,4.2609657889719195,2
146.05,4.452097768140611,2
146.06,4.3851296409566904,2
146.07,4.105960344324739,2
146.08,3.865870692586668,2
146.09,3.227462123002526,2
146.1,3.767547519227828,2
146.11,3.045847811046543,2
146.12,3.07285534343114,2
146.13,2.663646117772895,2
146.14000000000001,2.6316959775902133,2
146.15,2.9317793956277476,2
146.16,2.3907544492978667,2
146.17000000000002,2.651581191664801,2
146.18,3.0333405597761525,2
146.19,3.0117886440125377,2
146.20000000000002,3.886749615610123,2
146.21,3.262004801317075,2
146.22,2.850484572576447,2
146.23,2.8795436963085783,2
146.24,2.9114464887840326,2
146.25,3.0527347793144775,2
146.26,3.410470209785969,2
146.27,3.11358053384752,2
146.28,2.8174173559134252,2
146.29,2.738905632199057,2
146.3,3.157110015420704,2
146.31,3.470745285296771,2
146.32,3.503901393123901,2
146.33,3.4093695804121134,2
146.34,3.4251427746587515,2
146.35,3.5852108090079136,2
146.36,3.6547322495013645,2
146.37,3.2902488745887934,2
146.38,2.942411669663337,2
146.39000000000001,2.9748790044636237,2
146.4,3.282773534168967,2
146.41,3.0539353385629906,2
146.42000000000002,3.2639930647420097,2
146.43,2.830844273578049,2
146.44,2.967901286895146,2
146.45000000000002,2.8496558152927007,2
146.46,2.3725628004549675,2
146.47,2.3804852332579074,2
146.48,2.184501726193588,2
146.49,2.287708662390569,2
146.5,2.5758499780162425,2
146.51,2.8476884536981095,2
146.52,2.402752007809135,2
146.53,2.725403803320959,2
146.54,2.9698586472043544,2
146.55,2.9528341715209634,2
146.56,2.6982032486105982,2
146.57,2.712748086094261,2
146.58,3.2979821849153645,2
146.59,3.5371987661600968,2
146.6,3.8590236334279164,2
146.61,3.592930406393492,2
146.62,3.4827601544928224,2
146.63,3.167017704310662,2
146.64000000000001,3.0618103436604533,2
146.65,3.5404516832668014,2
146.66,3.4591425990047298,2
146.67000000000002,3.3179850817053786,2
146.68,3.4538256915448353,2
146.69,3.3456692344198933,2
146.70000000000002,3.4373763927432734,2
146.71,3.3325021349152912,2
146.72,3.453333231741699,2
146.73,3.4003181960372193,2
146.74,3.143539151978386,2
146.75,3.5278383139195824,2
146.76,4.090135735222433,2
146.77,4.222097879075755,2
146.78,3.7743915506094337,2
146.79,3.7322861824767646,2
146.8,3.8284438174394153,2
146.81,3.368132890972207,2
146.82,3.279407946816777,2
146.83,2.9534797794227616,2
146.84,2.7663847848399987,2
146.85,2.9859256028380807,2
146.86,3.073312967891152,2
146.87,2.855732128284202,2
146.88,2.9511541407349178,2
146.89000000000001,2.9533621033687694,2
146.9,3.3081631903393016,2
146.91,2.7897721824562773,2
146.92000000000002,2.7008863355519948,2
146.93,3.2607240299233027,2
146.94,3.0048467083370394,2
146.95000000000002,2.7980498849962534,2
146.96,2.771477444102135,2
146.97,3.2538059147194898,2
146.98,3.442382724775774,2
146.99,3.1971302097579595,2
147.0,3.253488260750044,2
147.01,3.2285113628073794,2
147.02,3.4331004505524163,2
147.03,3.4779192873193874,2
147.04,3.5857773842587988,2
147.05,3.5360789004967383,2
147.06,3.9571718588393345,2
147.07,3.9493266257600834,2
147.08,3.7769317703369136,2
147.09,4.099734643131508,2
147.1,4.257085724233756,2
147.11,3.9736344994273236,2
147.12,2.8599546563289744,2
147.13,3.127076088981558,2
147.14000000000001,3.09087475806081,2
147.15,3.193816870271298,2
147.16,3.6093926354979438,2
147.17000000000002,3.378451635899815,2
147.18,3.121935964160704,2
147.19,2.814183399542086,2
147.20000000000002,3.5570533827583835,2
147.21,3.938988905024468,2
147.22,4.135380486715137,2
147.23,3.5758871330057813,2
147.24,3.2149005172816914,2
147.25,3.4924756449433443,2
147.26,3.6570076702270202,2
147.27,3.6142983847399317,2
147.28,3.2697887314830614,2
147.29,3.641788701035779,2
147.3,4.18530860460369,2
147.31,4.2910509008435715,2
147.32,4.0477508604959365,2
147.33,4.474822935365708,2
147.34,4.475099916779454,2
147.35,4.8893843243022586,2
147.36,4.699013880995568,2
147.37,5.21336024622142,2
147.38,4.964956603882962,2
147.39000000000001,7.721625430817837,2
147.4,6.064126916338031,2
147.41,4.742383706735841,2
147.42000000000002,4.777925130086072,2
147.43,4.411566648974266,2
147.44,4.0868988494704785,2
147.45000000000002,3.9701452548137794,2
147.46,4.074667737281997,2
147.47,3.846803523902167,2
147.48,4.165054515214895,2
147.49,4.118147428147248,2
147.5,4.5900608569522845,2
147.51,4.232961964674398,2
147.52,4.306664429201672,2
147.53,4.406112494699988,2
147.54,4.442324580267516,2
147.55,4.384230962579163,2
147.56,4.5858364374949305,2
147.57,4.177124782865587,2
147.58,4.239558687712559,2
147.59,3.9361226985805686,2
147.6,3.7784152969206852,2
147.61,3.8766276794391477,2
147.62,4.157604887984652,2
147.63,3.752618655198506,2
147.64000000000001,4.245078061007246,2
147.65,4.504562281584748,2
147.66,4.466435630373999,2
147.67000000000002,4.117334710961258,2
147.68,4.538775790411703,2
147.69,4.615881451438263,2
147.70000000000002,4.685040549989734,2
147.71,4.424508286937525,2
147.72,4.437068377307443,2
147.73,4.215974550848634,2
147.74,4.538705953091975,2
147.75,4.836139408558415,2
147.76,4.709022314870475,2
147.77,4.472331348740607,2
147.78,4.649309775317289,2
147.79,4.76899140639343,2
147.8,4.361651987522792,2
147.81,4.242880386348316,2
147.82,7.325020805050787,2
147.83,5.74767019071696,2
147.84,4.744868536944754,2
147.85,4.824797101298816,2
147.86,4.584015180189329,2
147.87,4.7427328221752445,2
147.88,4.775580725854274,2
147.89000000000001,5.01682740993735,2
147.9,4.4376615955582785,2
147.91,4.494230087918668,2
147.92000000000002,4.50430043777285,2
147.93,4.052377646362432,2
147.94,3.9716471419842945,2
147.95000000000002,4.086154134415019,2
147.96,4.09173267634075,2
147.97,4.075546511203381,2
147.98,4.063921865352171,2
147.99,3.925661783543394,2
148.0,4.501313810479649,2
148.01,4.544202896070922,2
148.02,4.577546345579932,2
148.03,4.14371124264993,2
148.04,4.039927736110601,2
148.05,3.886064260791917,2
148.06,3.888704353582628,2
148.07,3.808729842225018,2
148.08,3.652932452833948,2
148.09,3.622916580526529,2
148.1,3.353808086725452,2
148.11,3.5870644041612048,2
148.12,3.856440055036041,2
148.13,4.011912734813681,2
148.14000000000001,4.253191762935431,2
148.15,4.450461551545038,2
148.16,4.0415287630209615,2
148.17000000000002,4.4602902015219055,2
148.18,4.660500809360458,2
148.19,4.05349915779358,2
148.20000000000002,3.8328089023373066,2
148.21,3.500288059496908,2
148.22,3.6732216699223605,2
148.23,3.5545981071857327,2
148.24,3.6059294245353595,2
148.25,4.136772127362446,2
148.26,4.532296417135316,2
148.27,4.207699523047864,2
148.28,4.316661590306563,2
148.29,4.8026684863589395,2
148.3,4.463221146561966,2
148.31,4.691145132522448,2
148.32,4.574367843062712,2
148.33,4.250366221831361,2
148.34,4.6543319457511885,2
148.35,4.467497197797686,2
148.36,4.378383688129716,2
148.37,4.239993018462672,2
148.38,4.514469221180834,2
148.39000000000001,4.741653580108563,2
148.4,4.457290925941618,2
148.41,4.444413727119296,2
148.42000000000002,4.504458012963759,2
148.43,4.730379099807211,2
148.44,4.485166884312615,2
148.45000000000002,4.828344833823529,2
148.46,4.976276981159748,2
148.47,4.609577643065068,2
148.48,4.685933447171421,2
148.49,4.755970051252362,2
148.5,4.479470188764663,2
148.51,4.552368545461587,2
148.52,4.497814637408325,2
148.53,4.014169520073792,2
148.54,3.107251397723736,2
148.55,3.777103587559062,2
148.56,3.7642371249951787,2
148.57,3.8184105053175705,2
148.58,3.5457298119411105,2
148.59,3.4216111045660065,2
148.6,4.093782481217013,2
148.61,4.769477001798627,2
148.62,4.166855831523175,2
148.63,4.166459891848712,2
148.64000000000001,4.679094623476265,2
148.65,4.667262716037083,2
148.66,4.794361364645069,2
148.67000000000002,4.66689027498051,2
148.68,4.746202750672417,2
148.69,5.08114990420024,2
148.70000000000002,5.120848426228369,2
148.71,4.664325416844235,2
148.72,4.419197639233033,2
148.73,4.596396459899348,2
148.74,4.517535672580904,2
148.75,4.3112983048269715,2
148.76,3.971332660930978,2
148.77,3.691772303719973,2
148.78,3.5199846911540384,2
148.79,3.6973963307441635,2
148.8,3.5811111796256374,2
148.81,3.6734148563930216,2
148.82,3.7507409522290485,2
148.83,3.993530958217174,2
148.84,3.761297648498385,2
148.85,4.243146469032906,2
148.86,3.720450512080434,2
148.87,3.6561489033483334,2
148.88,3.570193957246808,2
148.89000000000001,3.389397766477116,2
148.9,2.8259240177294678,2
148.91,3.2871234210753424,2
148.92000000000002,3.5933952467993238,2
148.93,3.7753740183076783,2
148.94,3.592056157322769,2
148.95000000000002,3.4895901598112307,2
148.96,3.445363797161831,2
148.97,3.432919780554995,2
148.98,3.714900830829936,2
148.99,3.6032956209859783,2
149.0,3.4002312519085187,2
149.01,3.501750413230307,2
149.02,3.563630885508735,2
149.03,3.7499272904286802,2
149.04,4.168408431474613,2
149.05,4.036256222475903,2
149.06,4.296740383170606,2
149.07,4.307339645779312,2
149.08,4.566843028176991,2
149.09,4.8592563788791505,2
149.1,4.558768777004456,2
149.11,5.063732654912434,2
149.12,5.008669580483483,2
149.13,4.582738677347408,2
149.14000000000001,4.201772808205971,2
149.15,4.59897620765395,2
149.16,4.911472464987197,2
149.17000000000002,5.131001477866928,2
149.18,4.864559905019386,2
149.19,4.672241996601539,2
149.20000000000002,4.158569017574415,2
149.21,4.0600155759598655,2
149.22,4.102361208408506,2
149.23,4.517168478347371,2
149.24,4.387402295343806,2
149.25,4.254111396287527,2
149.26,4.310690917836951,2
149.27,4.5206103200834695,2
149.28,4.908502025646712,2
149.29,4.619485658563076,2
149.3,4.50909783657183,2
149.31,4.496991074778354,2
149.32,4.371855354044572,2
149.33,4.158867068255782,2
149.34,4.0701732867806975,2
149.35,3.71800640670177,2
149.36,3.574439123908391,2
149.37,3.2676350419247653,2
149.38,3.344309630615211,2
149.39000000000001,3.2989369721888644,2
149.4,3.214489808726945,2
149.41,3.29756530075547,2
149.42000000000002,2.66702951394912,2
149.43,2.7105096685173904,2
149.44,2.8945990786601468,2
149.45000000000002,3.281328658535244,2
149.46,3.525777368782582,2
149.47,3.9331651657295152,2
149.48,3.533719021476496,2
149.49,3.876847583810706,2
149.5,3.9738196562265307,2
149.51,3.824292787995032,2
149.52,3.872490358184392,2
149.53,4.7707742023675435,2
149.54,4.734872000779183,2
149.55,4.684145048751802,2
149.56,4.85912742577159,2
149.57,4.711175349196954,2
149.58,4.415522205873921,2
149.59,4.771775453626719,2
149.6,4.286789916797671,2
149.61,4.270344133769752,2
149.62,4.2249506844274505,2
149.63,3.9664377407668674,2
149.64000000000001,3.596409342355841,2
149.65,3.6006472667880547,2
149.66,3.744342769454667,2
149.67000000000002,4.066704266249326,2
149.68,3.8414677265307238,2
149.69,3.6350628644315215,2
149.70000000000002,4.103952162726041,2
149.71,3.961000359228548,2
149.72,3.8703095889471144,2
149.73,4.228604821281928,2
149.74,3.739359318609383,2
149.75,3.425057596624504,2
149.76,3.8769362311564555,2
149.77,3.7188117711390847,2
149.78,3.595647643879489,2
149.79,3.5086420752476446,2
149.8,3.467051838422532,2
149.81,3.390232780038068,2
149.82,3.4915790421954593,2
149.83,3.8973664464406332,2
149.84,3.679968071472291,2
149.85,3.5444913867686,2
149.86,3.599123054640697,2
149.87,4.084472932682783,2
149.88,3.9923106360473266,2
149.89000000000001,3.7383580473474725,2
149.9,3.1923629559499807,2
149.91,3.057524857720356,2
149.92000000000002,2.9059642674976476,2
149.93,2.677750418879694,2
149.94,2.8299039799430816,2
149.95000000000002,2.8724036919827016,2
149.96,3.389200108220996,2
149.97,3.5113158824830433,2
149.98,3.845936542118629,2
149.99,3.8128311056909396,2
150.0,3.5826603868118148,2
150.01,3.7997409349179514,2
150.02,3.499928721394011,2
150.03,3.8778744998398973,2
150.04,3.678210269064848,2
150.05,3.920152486673822,2
150.06,4.034743487378548,2
150.07,3.7561370924585566,2
150.08,4.123504626735745,2
150.09,4.655275575150512,2
150.1,4.377432032424829,2
150.11,4.154244071139275,2
150.12,4.158286327328087,2
150.13,4.38829101146934,2
150.14000000000001,4.696386361838388,2
150.15,4.525249490941154,2
150.16,4.511782029634178,2
150.17000000000002,4.3609117590979825,2
150.18,4.207823977371192,2
150.19,4.036418400216179,2
150.20000000000002,3.646447225281451,2
150.21,3.926362776980136,2
150.22,3.962615640771516,2
150.23,4.3986684646270575,2
150.24,4.592350735570143,2
150.25,4.419733536922673,2
150.26,4.054412493867247,2
150.27,4.578053606136679,2
150.28,4.039002739294027,2
150.29,3.938236878472939,2
150.3,3.8519698618491405,2
150.31,3.683436341537547,2
150.32,3.473881106954526,2
150.33,3.180476014687301,2
150.34,3.056852691288261,2
150.35,3.1366618053897115,2
150.36,3.3096076663579965,2
150.37,3.229909980078569,2
150.38,3.156702297713029,2
150.39000000000001,2.945687898280251,2
150.4,3.0985890147597837,2
150.41,3.2023603338372264,2
150.42000000000002,3.3896576564510457,2
150.43,3.297348882649596,2
150.44,3.109582940704853,2
150.45000000000002,3.1930858209275836,2
150.46,3.421268819238868,2
150.47,3.227804583326444,2
150.48,3.1272125599946228,2
150.49,2.867514309489436,2
150.5,2.648763425929949,2
150.51,2.628992660078397,2
150.52,2.5277247927428865,2
150.53,2.901733115040994,2
150.54,3.0200481722880768,2
150.55,3.4764932749441653,2
150.56,3.890154460651404,2
150.57,3.905442100716261,2
150.58,3.347158854129634,2
150.59,3.525316476551658,2
150.6,3.8969627596863305,2
150.61,4.086460060428947,2
150.62,4.1766251173735895,2
150.63,4.088711147191371,2
150.64000000000001,3.746072910390992,2
150.65,3.9487061801327346,2
150.66,3.8985117143817067,2
150.67000000000002,3.99711320731232,2
150.68,3.8310622030969226,2
150.69,4.4144343911545905,2
150.70000000000002,4.440718417819258,2
150.71,4.28903390329968,2
150.72,3.938173115967982,2
150.73,3.5480668230756587,2
150.74,3.769114310138967,2
150.75,3.6272362947000496,2
150.76,3.5370388792504976,2
150.77,3.4295334451816726,2
150.78,3.17716675814953,2
150.79,3.177230214351181,2
150.8,3.2754843124766384,2
150.81,3.062735892300324,2
150.82,3.250506678927029,2
150.83,2.978801775337269,2
150.84,2.95597600665556,2
150.85,3.1636820552440588,2
150.86,3.2434434130108794,2
150.87,2.8540828872022566,2
150.88,2.179248466913497,2
150.89000000000001,2.5219634061404372,2
150.9,2.8653254361592153,2
150.91,3.1027126927212936,2
150.92000000000002,3.128055136814815,2
150.93,3.1449761551783744,2
150.94,3.200262643417148,2
150.95000000000002,3.446045172515784,2
150.96,3.4636241918158595,2
150.97,3.6232188165467996,2
150.98,4.033264810079698,2
150.99,3.755945208721357,2
151.0,3.727832111423692,2
151.01,3.511842799134597,2
151.02,3.4491704860451295,2
151.03,3.4755768457829315,2
151.04,3.2787936634193797,2
151.05,2.8907702255861123,2
151.06,2.6315159660020626,2
151.07,2.8940355866998306,2
151.08,2.8152760832111174,2
151.09,2.8717804724885516,2
151.1,2.9986161978265296,2
151.11,3.3558041784916703,2
151.12,3.3398104094382193,2
151.13,3.4756481646391615,2
151.14000000000001,3.20733682251248,2
151.15,3.2410305021768644,2
151.16,3.0399383638977326,2
151.17000000000002,3.0959369320795176,2
151.18,3.222486862589771,2
151.19,3.2338917968534617,2
151.20000000000002,3.190601994508562,2
151.21,3.3477973015032125,2
151.22,3.298773825241513,2
151.23,3.2515696636707094,2
151.24,3.0281038121731756,2
151.25,3.2686053024150277,2
151.26,3.329763717466202,2
151.27,3.260898406512558,2
151.28,3.0405172648090963,2
151.29,3.798567932771928,2
151.3,2.9640287242028363,2
151.31,2.8527741968353086,2
151.32,2.8308362974831165,2
151.33,3.2085689050956843,2
151.34,3.1985906389469885,2
151.35,3.3302842071092558,2
151.36,3.272253472119089,2
151.37,3.867386483431433,2
151.38,3.9926618094380455,2
151.39000000000001,3.809135425139951,2
151.4,4.027608112160831,2
151.41,3.954748844274407,2
151.42000000000002,4.476819521754966,2
151.43,4.812048818796247,2
151.44,4.814252899879559,2
151.45000000000002,4.665754194942906,2
151.46,4.419266894378413,2
151.47,4.627260840535831,2
151.48,4.9758924733975896,2
151.49,4.795651574710701,2
151.5,4.843358850516023,2
151.51,4.9022295324942275,2
151.52,5.064178891977711,2
151.53,4.7371818577914215,2
151.54,4.789249219401003,2
151.55,5.346084937615936,2
151.56,5.238655894389902,2
151.57,5.243318894126921,2
151.58,5.226309291858869,2
151.59,5.260506775857417,2
151.6,4.806518711008778,2
151.61,5.306025866707513,2
151.62,5.203750631849601,2
151.63,5.237683584437132,2
151.64000000000001,5.138872617794758,2
151.65,5.292261861352987,2
151.66,5.020848445062832,2
151.67000000000002,4.54840556669088,2
151.68,4.460273400041827,2
151.69,4.550046004889559,2
151.70000000000002,4.396834127724327,2
151.71,4.166920945189597,2
151.72,4.248954681136224,2
151.73,3.9612531107487006,2
151.74,4.242607611085078,2
151.75,4.1298612793573115,2
151.76,4.257810664621445,2
151.77,3.9030442016646125,2
151.78,4.296203460102668,2
151.79,4.399426631392582,2
151.8,4.533346447328362,2
151.81,4.1143394679616545,2
151.82,3.8905246098489052,2
151.83,3.957877837048914,2
151.84,3.655318002809576,2
151.85,3.5121498155668567,2
151.86,3.774855438987275,2
151.87,3.625712625269598,2
151.88,3.769046395751287,2
151.89000000000001,3.557812695666744,2
151.9,3.7722683160189936,2
151.91,3.477463928134286,2
151.92000000000002,3.697982576059049,2
151.93,4.341162036319616,2
151.94,4.15547051661069,2
151.95000000000002,3.9525630617742538,2
151.96,4.2800894427588,2
151.97,4.2704370413445725,2
151.98,3.911995531541867,2
151.99,4.016934480624054,2
152.0,4.076596255222726,2
152.01,3.8896992281151292,2
152.02,3.7105723422857655,2
152.03,3.98562583719301,2
152.04,3.7071070970375923,2
152.05,3.3480459552959934,2
152.06,3.1936584581327034,2
152.07,3.5195222384045497,2
152.08,3.493485907034949,2
152.09,3.384247982425068,2
152.1,3.426422175179773,2
152.11,3.6218973570880646,2
152.12,4.094536635957305,2
152.13,4.184511609641794,2
152.14000000000001,4.721389504319744,2
152.15,4.85647355571389,2
152.16,4.686503194684826,2
152.17000000000002,4.8703133269877625,2
152.18,4.963753925428806,2
152.19,5.196640524293465,2
152.20000000000002,5.285775347839649,2
152.21,5.18947730213488,2
152.22,4.934268649286456,2
152.23,4.879053522877969,2
152.24,4.3712527615084085,2
152.25,4.28796046234425,2
152.26,3.9249391408813694,2
152.27,4.062258834510937,2
152.28,4.292384693853749,2
152.29,4.352541836760139,2
152.3,4.271218537135442,2
152.31,4.163277107136764,2
152.32,4.487228314070059,2
152.33,4.718014967898767,2
152.34,4.345514795599268,2
152.35,4.38328056823027,2
152.36,4.437091375276186,2
152.37,4.335168454530536,2
152.38,3.9147070540192903,2
152.39000000000001,3.3411170951564935,2
152.4,3.455807752796176,2
152.41,3.030510515892331,2
152.42000000000002,2.9791254976724186,2
152.43,3.2751264682287395,2
152.44,3.465453519722209,2
152.45000000000002,3.349878224541888,2
152.46,3.668604006866868,2
152.47,3.850786360452528,2
152.48,3.7274305156147567,2
152.49,4.1856738072872774,2
152.5,4.305193774477517,2
152.51,4.0537535973825065,2
152.52,3.466712754432079,2
152.53,3.5834783428701495,2
152.54,3.4820769989383553,2
152.55,3.5398097223307836,2
152.56,3.518763820347136,2
152.57,2.9440880620277126,2
152.58,2.966905745571253,2
152.59,2.757835025408847,2
152.6,2.7380752294334125,2
152.61,2.700223090289747,2
152.62,2.8483038588109904,2
152.63,3.04840810301965,2
152.64000000000001,3.2742822643027845,2
152.65,2.667468739010446,2
152.66,3.203399078345468,2
152.67000000000002,2.820686775659313,2
152.68,2.934807033012618,2
152.69,2.806568564760993,2
152.70000000000002,3.0096429057293363,2
152.71,2.5903344454335717,2
152.72,3.1702443847688033,2
152.73,3.151417695178921,2
152.74,3.37809274683597,2
152.75,3.2134482294553393,2
152.76,3.762681136120155,2
152.77,3.397662909863171,2
152.78,2.712462823300745,2
152.79,3.2273679366078056,2
152.8,6.0208664411402575,2
152.81,4.274233296725484,2
152.82,3.5905316465954034,2
152.83,3.516648396302108,2
152.84,3.638731790415979,2
152.85,3.9057627546790323,2
152.86,3.9237008910880946,2
152.87,4.2999721022660085,2
152.88,4.469833166117214,2
152.89000000000001,4.169547230806193,2
152.9,4.3599213149420475,2
152.91,4.314193419697494,2
152.92000000000002,4.274397373170166,2
152.93,4.341141135332092,2
152.94,4.567843977779859,2
152.95000000000002,4.238305719936566,2
152.96,4.5843502111549395,2
152.97,4.878350639216171,2
152.98,4.6113460150235905,2
152.99,5.048481920602051,2
153.0,4.89450345104749,2
153.01,4.965779604301565,2
153.02,4.738399390528344,2
153.03,4.896746198917967,2
153.04,4.6810033185211095,2
153.05,4.658161123082598,2
153.06,3.8503839289684265,2
153.07,3.7316622317220483,2
153.08,3.5983544642200167,2
153.09,3.1026372339621746,2
153.1,3.410093041983116,2
153.11,3.3598266372361336,2
153.12,2.9087475468963566,2
153.13,3.188333836216742,2
153.14000000000001,3.5781851327732377,2
153.15,3.5822691560687927,2
153.16,3.1963013628662607,2
153.17000000000002,2.7429081317946045,2
153.18,2.5216659443625296,2
153.19,2.4344125234850056,2
153.20000000000002,3.075386499177799,2
153.21,3.1100136104928513,2
153.22,2.838447748102522,2
153.23,2.7803687900590774,2
153.24,3.205675317772661,2
153.25,3.4424039884545685,2
153.26,3.511392453091528,2
153.27,3.512480148467429,2
153.28,3.56227662134559,2
153.29,3.6502033789563413,2
153.3,3.6301528373223397,2
153.31,3.696083620893385,2
153.32,3.64129227740812,2
153.33,3.4347267117145215,2
153.34,3.4165920441730444,2
153.35,3.568473704486397,2
153.36,3.405489015765528,2
153.37,3.584217666169869,2
153.38,3.860868521217734,2
153.39000000000001,3.9714462784806877,2
153.4,3.8151697687351454,2
153.41,3.8608559826559015,2
153.42000000000002,3.9182549149520294,2
153.43,3.982894063669601,2
153.44,4.40676769964308,2
153.45000000000002,4.03797930685542,2
153.46,4.092782152109596,2
153.47,3.97013408770511,2
153.48,3.6201891800254598,2
153.49,3.3017629680950944,2
153.5,3.620168721394612,2
153.51,3.260315994609776,2
153.52,3.4189197287796658,2
153.53,3.5142780584936637,2
153.54,3.3197314407711502,2
153.55,3.624642859951901,2
153.56,3.327414281723945,2
153.57,3.2391037045877726,2
153.58,3.006009666058826,2
153.59,3.3221154588255755,2
153.6,3.725235846714561,2
153.61,3.8231437919037723,2
153.62,4.560274339572883,2
153.63,4.630535938348249,2
153.64000000000001,4.746601365933986,2
153.65,4.9571174220662755,2
153.66,4.6709138187022665,2
153.67000000000002,4.719514718204982,2
153.68,4.373598691829754,2
153.69,3.9627835603722392,2
153.70000000000002,4.275959922569105,2
153.71,4.007541735306072,2
153.72,4.058750042465024,2
153.73,4.515137902980198,2
153.74,3.9505066261676434,2
153.75,4.139952793608993,2
153.76,4.1197572128513915,2
153.77,4.087844465627357,2
153.78,4.095942250073771,2
153.79,4.091306732726281,2
153.8,4.230439779534238,2
153.81,3.909526211015789,2
153.82,4.060848250611144,2
153.83,3.7352893651533545,2
153.84,4.357854917743428,2
153.85,4.292320411528517,2
153.86,4.313924596641864,2
153.87,4.784249019558551,2
153.88,4.486355941061433,2
153.89000000000001,4.434533961241499,2
153.9,3.9915740374834403,2
153.91,3.7175502036146915,2
153.92000000000002,3.3423431302428566,2
153.93,3.6342633765890477,2
153.94,3.832191538957558,2
153.95000000000002,3.7251229563447095,2
153.96,3.6090487596076413,2
153.97,3.9231610363114933,2
153.98,3.9294148225802137,2
153.99,3.6907533392982623,2
154.0,4.025736768679611,2
154.01,3.9830879340408343,2
154.02,4.176673001502235,2
154.03,4.179347556898758,2
154.04,4.750093487975339,2
154.05,4.616479691911741,2
154.06,3.9857737937800195,2
154.07,3.9226429903986273,2
154.08,4.0058561829985715,2
154.09,4.135531700201239,2
154.1,4.351121785970949,2
154.11,4.15143644549058,2
154.12,4.579394711105909,2
154.13,4.794820275122694,2
154.14000000000001,4.752437049223581,2
154.15,4.480566444337307,2
154.16,4.978760298368862,2
154.17000000000002,5.087490569317154,2
154.18,4.839272613000535,2
154.19,5.152598094353613,2
154.20000000000002,5.099754501293197,2
154.21,5.417397289969515,2
154.22,5.03678771014195,2
154.23,4.8763187368546115,2
154.24,5.180241223419837,2
154.25,4.87271427398075,2
154.26,4.713631087629138,2
154.27,3.8665959260565455,2
154.28,3.9967262134471104,2
154.29,4.32406498444544,2
154.3,4.030629078015719,2
154.31,4.154375833004468,2
154.32,3.9856512713712586,2
154.33,3.559499376957131,2
154.34,3.5113739033325224,2
154.35,3.397422503298511,2
154.36,3.493773829412794,2
154.37,3.457742019619728,2
154.38,3.890868005644879,2
154.39000000000001,3.7437716830176635,2
154.4,3.7327336303018406,2
154.41,3.827328416674843,2
154.42000000000002,3.830152083654391,2
154.43,3.6954106826328195,2
154.44,3.7404170054372634,2
154.45000000000002,3.9150308725779244,2
154.46,4.178151968018321,2
154.47,3.560280110982778,2
154.48,3.747788905443475,2
154.49,3.58190773490832,2
154.5,3.9518061435299945,2
154.51,4.220787705860879,2
154.52,4.460956384451527,2
154.53,4.249486796257734,2
154.54,3.8298864871147535,2
154.55,4.207036251451184,2
154.56,4.517521151202928,2
154.57,3.8980839776893927,2
154.58,4.297887962212807,2
154.59,4.3686456995480265,2
154.6,4.369166513180067,2
154.61,4.09923245955348,2
154.62,4.376701547931944,2
154.63,4.2087065445387655,2
154.64000000000001,4.056192577923519,2
154.65,3.4453437997279774,2
154.66,3.290015164421191,2
154.67000000000002,3.0799650809183676,2
154.68,2.5835249837303826,2
154.69,3.1668440769439816,2
154.70000000000002,3.2148079194915242,2
154.71,2.8893871976609153,2
154.72,2.727374284203215,2
154.73,2.6900748943333648,2
154.74,2.652120256046722,2
154.75,3.01374146307692,2
154.76,3.0360770800769656,2
154.77,3.1604077780138016,2
154.78,3.1693588119033316,2
154.79,3.5819011885763525,2
154.8,4.014036675220222,2
154.81,3.97472398536536,2
154.82,3.7091583281926344,2
154.83,3.7072089642766457,2
154.84,2.855336181312809,2
154.85,3.058647172719506,2
154.86,2.767752882744892,2
154.87,2.8283583750985812,2
154.88,3.079145010025769,2
154.89000000000001,3.0096504135853843,2
154.9,2.98446170674815,2
154.91,3.1591102777544413,2
154.92000000000002,3.085068342068252,2
154.93,3.438463554929595,2
154.94,3.7136047338052154,2
154.95000000000002,3.9029937604454203,2
154.96,3.734112316078463,2
154.97,3.9231816955890557,2
154.98,3.720364838163278,2
154.99,3.7236042789312256,2
155.0,3.004447119682988,2
155.01,3.431868410248218,2
155.02,3.977951598518869,2
155.03,4.043850014924071,2
155.04,3.5913493470347375,2
155.05,3.5705410842163134,2
155.06,3.633621457221508,2
155.07,3.67479975103594,2
155.08,4.427258489120212,2
155.09,4.315244249780234,2
155.1,4.120141550361702,2
155.11,4.154304551343118,2
155.12,4.098427019526479,2
155.13,3.8762429006847334,2
155.14000000000001,3.3894650314819263,2
155.15,3.6580169873356163,2
155.16,3.447359615566918,2
155.17000000000002,3.2174682577464515,2
155.18,3.0659273529752076,2
155.19,2.745132807990236,2
155.20000000000002,3.056491328456483,2
155.21,3.2988706178594516,2
155.22,3.4228047075618013,2
155.23,3.6816222034980086,2
155.24,3.8357553461316543,2
155.25,4.0187160565821145,2
155.26,4.533762475531025,2
155.27,4.758549002622291,2
155.28,4.732482387343255,2
155.29,4.394689624163188,2
155.3,3.9030502997532066,2
155.31,3.4142435787659413,2
155.32,3.7409436777596947,2
155.33,3.6087778160055057,2
155.34,3.670357005287033,2
155.35,3.4333001911504213,2
155.36,4.114853836161121,2
155.37,3.594546742760242,2
155.38,3.6743732682014083,2
155.39000000000001,3.6053337859437034,2
155.4,3.6499971773809845,2
155.41,3.594157961586119,2
155.42000000000002,3.3821807564327497,2
155.43,3.127175630832523,2
155.44,3.7948393302022505,2
155.45000000000002,3.7309591632320185,2
155.46,3.854824346847536,2
155.47,3.417724072206605,2
155.48,2.876153049207053,2
155.49,2.796825106280101,2
155.5,3.1645094575775228,2
155.51,3.2560818932700286,2
155.52,3.1774970055852205,2
155.53,3.381525820176807,2
155.54,3.2874481205637434,2
155.55,3.748738219902441,2
155.56,4.1754982439761035,2
155.57,3.9943950088644993,2
155.58,3.7748912785305073,2
155.59,3.7766482255047715,2
155.6,3.9198722894690383,2
155.61,3.85030996468315,2
155.62,4.1616362181383675,2
155.63,4.220703750008625,2
155.64000000000001,4.506973430440228,2
155.65,4.138317873094154,2
155.66,3.9565791396602483,2
155.67000000000002,4.111981239932681,2
155.68,4.115775899541575,2
155.69,4.051031007623544,2
155.70000000000002,3.898846647831541,2
155.71,3.933536434753649,2
155.72,4.344845554025477,2
155.73,3.741121501721274,2
155.74,3.723951165536598,2
155.75,3.720828153163729,2
155.76,3.4406429098979596,2
155.77,3.452381419491327,2
155.78,3.04264617373049,2
155.79,2.9728669012399607,2
155.8,2.9995115682053797,2
155.81,3.098088791200477,2
155.82,3.7195679354508386,2
155.83,3.516368236546848,2
155.84,3.189445331540976,2
155.85,3.55159731383934,2
155.86,2.3319517106019982,2
155.87,2.3233619684761315,2
155.88,2.3987539801794657,2
155.89000000000001,2.292208652366152,2
155.9,2.4361025481350196,2
155.91,2.4087494108625007,2
155.92000000000002,2.0744708641391627,2
155.93,2.4421486467996094,2
155.94,2.7840305775191845,2
155.95000000000002,2.625856288055382,2
155.96,2.6099336865137537,2
155.97,3.2748126440689385,2
155.98,3.474393486375562,2
155.99,3.527010811770797,2
156.0,4.032580837348378,2
156.01,3.569862736108889,2
156.02,3.036895541124097,2
156.03,3.1804953464620422,2
156.04,3.5004701742273814,2
156.05,3.065733498668843,2
156.06,2.790946464648459,2
156.07,3.136549749902278,2
156.08,2.896421088952009,2
156.09,2.9341951621685816,2
156.1,3.1002437008808594,2
156.11,3.4607581166886208,2
156.12,3.427860041868594,2
156.13,3.624584512997247,2
156.14000000000001,3.3109323607813903,2
156.15,3.5466832958030317,2
156.16,3.3345378271493806,2
156.17000000000002,3.0099062283270417,2
156.18,3.6940438427327966,2
156.19,4.243128795919149,2
156.20000000000002,4.2607849835308835,2
156.21,4.673050521506416,2
156.22,4.51345032450868,2
156.23,4.423567132132156,2
156.24,4.3311927895835165,2
156.25,4.039284268166985,2
156.26,3.371199981939878,2
156.27,3.346447699782363,2
156.28,3.7808120028164396,2
156.29,3.880878481299877,2
156.3,4.123570196038055,2
156.31,4.222589135585778,2
156.32,3.96047552717015,2
156.33,4.034757417716197,2
156.34,3.93712507602209,2
156.35,3.6423635204209144,2
156.36,3.938665248472422,2
156.37,3.5749748207320273,2
156.38,3.430759763757682,2
156.39000000000001,4.115816683567161,2
156.4,4.302989502620925,2
156.41,4.342122733363544,2
156.42000000000002,3.6921064528581864,2
156.43,3.6894883076967906,2
156.44,3.390592047343138,2
156.45000000000002,3.429441495379841,2
156.46,3.432564815821767,2
156.47,3.2465954558480155,2
156.48,3.654124665777723,2
156.49,3.959253945703809,2
156.5,3.6443110827320737,2
156.51,4.125859218359514,2
156.52,3.787549739979507,2
156.53,4.2803204747078185,2
156.54,4.192536248042199,2
156.55,4.059812794836855,2
156.56,4.4757135769460525,2
156.57,4.381630228611198,2
156.58,4.6544487631864895,2
156.59,4.220359509566226,2
156.6,4.206395870051357,2
156.61,4.320206909387319,2
156.62,4.627160338401392,2
156.63,4.766304876159937,2
156.64000000000001,4.70240390638768,2
156.65,4.76635689844349,2
156.66,4.483530856074646,2
156.67000000000002,4.606327123896495,2
156.68,4.681032794833538,2
156.69,4.392612246950236,2
156.70000000000002,4.388203717654305,2
156.71,4.567881856620351,2
156.72,5.203504662885309,2
156.73,5.419043787611229,2
156.74,5.340890433350826,2
156.75,5.287441900357848,2
156.76,5.117530611941273,2
156.77,5.037337925645314,2
156.78,5.153553773368774,2
156.79,5.251134352516826,2
156.8,5.101878704555567,2
156.81,4.680215097410639,2
156.82,4.551551734122316,2
156.83,4.259594210234851,2
156.84,3.8892257270364117,2
156.85,4.072696847191449,2
156.86,4.163310633716,2
156.87,3.8866380090667967,2
156.88,3.8060191211438634,2
156.89000000000001,3.9123331178051624,2
156.9,3.994079227221298,2
156.91,4.119136705702442,2
156.92000000000002,3.8912663931498903,2
156.93,4.003581731532176,2
156.94,3.989721280725712,2
156.95000000000002,4.209444421974717,2
156.96,4.493032721884203,2
156.97,5.301996339503898,2
156.98,5.542854148809278,2
156.99,5.424274831960411,2
157.0,5.271140355986927,2
157.01,4.8788465595043355,2
157.02,4.532804518674582,2
157.03,4.556462726341263,2
157.04,4.586538983781579,2
157.05,5.28617184208303,2
157.06,4.9513748550058185,2
157.07,4.620606860684669,2
157.08,4.6294037166532815,2
157.09,4.4237261989279455,2
157.1,4.491639424919866,2
157.11,4.3082581888776685,2
157.12,4.196573253142705,2
157.13,4.298621600277009,2
157.14000000000001,4.10813075176057,2
157.15,3.995173081912136,2
157.16,4.145431643056671,2
157.17000000000002,4.14407752066048,2
157.18,3.9484121252595425,2
157.19,3.8170217451230593,2
157.20000000000002,4.130663955472871,2
157.21,4.205520249789521,2
157.22,4.082545503478786,2
157.23,4.319618017408683,2
157.24,4.411239341810486,2
157.25,4.753986833352631,2
157.26,4.9295617839075,2
157.27,5.167100884827686,2
157.28,4.954002116423169,2
157.29,4.606753860066573,2
157.3,4.7647624300078295,2
157.31,4.909656619269465,2
157.32,4.789029154905062,2
157.33,4.414491010916099,2
157.34,4.460010882832707,2
157.35,4.524067126727377,2
157.36,4.086974047202006,2
157.37,4.184318974710575,2
157.38,4.491896777555053,2
157.39000000000001,4.070454757245406,2
157.4,4.213338958734314,2
157.41,4.563263637737431,2
157.42000000000002,4.895905817496173,2
157.43,4.275244196788498,2
157.44,4.555878289720258,2
157.45000000000002,4.411452744145416,2
157.46,4.248582109085878,2
157.47,4.935545474029845,2
157.48,4.904294956549532,2
157.49,4.705401554284384,2
157.5,4.861303557984056,2
157.51,5.252766382110726,2
157.52,5.176593724668349,2
157.53,4.907729957720199,2
157.54,4.8428071196160705,2
157.55,5.0675973804237895,2
157.56,4.872751030619558,2
157.57,5.094817912532233,2
157.58,4.945554667729623,2
157.59,4.325533842835368,2
157.6,4.723615114976744,2
157.61,4.746252430608633,2
157.62,4.9702499564288125,2
157.63,4.958876708209866,2
157.64000000000001,4.873526365065878,2
157.65,4.994956201683942,2
157.66,4.85183678656061,2
157.67000000000002,5.280433935870029,2
157.68,5.14376626416598,2
157.69,5.544688751993584,2
157.70000000000002,5.561533757787207,2
157.71,4.730729874339705,2
157.72,4.377190243449801,2
157.73,4.580204621812628,2
157.74,4.261949022058408,2
157.75,3.8514550611723495,2
157.76,4.230133592782663,2
157.77,3.7571324431466127,2
157.78,4.0018387440246945,2
157.79,3.8987237928814555,2
157.8,4.107834728956332,2
157.81,4.172583803337017,2
157.82,3.567930882717936,2
157.83,3.52190576440978,2
157.84,3.5005344689634317,2
157.85,3.66638302637287,2
157.86,3.789990122997237,2
157.87,3.741529365245778,2
157.88,3.4460467347089487,2
157.89000000000001,3.6377546747442584,2
157.9,3.920803302748402,2
157.91,4.022455862296229,2
157.92000000000002,3.9580306552245563,2
157.93,3.857271639702686,2
157.94,3.611524768850068,2
157.95000000000002,3.7207521706802082,2
157.96,3.802992694738716,2
157.97,4.05961530482265,2
157.98,3.877163497369609,2
157.99,3.9232211660721603,2
158.0,3.558010639118691,2
158.01,3.5060311888884423,2
158.02,3.396266288545662,2
158.03,3.756298002715844,2
158.04,4.264128626187214,2
158.05,3.9044218139841695,2
158.06,4.171149622375973,2
158.07,4.346856285047629,2
158.08,4.156621070784595,2
158.09,3.927964318359294,2
158.1,3.718582885264132,2
158.11,3.6398002169048453,2
158.12,3.5741651572344035,2
158.13,3.57344430646729,2
158.14000000000001,3.47161667036025,2
158.15,3.752806717186778,2
158.16,3.921679980665742,2
158.17000000000002,3.8804302512762936,2
158.18,3.739548681948487,2
158.19,3.6051912087302123,2
158.20000000000002,3.768982847762336,2
158.21,3.8080005407905086,2
158.22,3.883511398396817,2
158.23,4.138368163923183,2
158.24,4.1091411196500145,2
158.25,4.486436569620831,2
158.26,3.8704554090485326,2
158.27,3.5107965949404765,2
158.28,4.072565906495002,2
158.29,3.9526168973994613,2
158.3,4.041293881719048,2
158.31,4.392209531539529,2
158.32,4.45024087930531,2
158.33,4.663899073949065,2
158.34,4.771931862750254,2
158.35,4.973227905598694,2
158.36,5.0155920913566865,2
158.37,5.121182483747843,2
158.38,4.844752573107879,2
158.39000000000001,4.908481057434409,2
158.4,4.806169044412366,2
158.41,4.70088713907817,2
158.42000000000002,4.155039338239874,2
158.43,4.020079946757875,2
158.44,3.979998150370286,2
158.45000000000002,4.4227618161646145,2
158.46,4.301346840144905,2
158.47,4.351358177554574,2
158.48,4.705894898598251,2
158.49,4.28463848043579,2
158.5,4.147661659063124,2
158.51,4.382122546481867,2
158.52,5.043533709735383,2
158.53,4.376756903551605,2
158.54,4.305847165270489,2
158.55,4.453251558210027,2
158.56,4.646223563033637,2
158.57,5.217988642788969,2
158.58,4.913399799390139,2
158.59,4.75547701136661,2
158.6,4.218645563278918,2
158.61,4.233080598030547,2
158.62,4.354595775162526,2
158.63,4.9118707186782595,2
158.64000000000001,5.303465627417848,2
158.65,5.602704881781941,2
158.66,5.24543466404802,2
158.67000000000002,5.241680644350488,2
158.68,5.2277738303047245,2
158.69,5.2373417846897325,2
158.70000000000002,5.1015426642554935,2
158.71,5.311811351296015,2
158.72,5.079791249111785,2
158.73,5.065148696915503,2
158.74,5.3703704653455695,2
158.75,5.843502878992567,2
158.76,5.424355568602881,2
158.77,5.437925943026191,2
158.78,5.422865762158522,2
158.79,5.626206678599953,2
158.8,5.926428797667559,2
158.81,5.639305144171782,2
158.82,5.453965873897995,2
158.83,5.329316330887075,2
158.84,5.332012534403326,2
158.85,5.4330878463754315,2
158.86,5.183443798434966,2
158.87,5.591240835276989,2
158.88,4.913845333853832,2
158.89000000000001,4.484104546872584,2
158.9,4.607863368541652,2
158.91,4.5005401198978,2
158.92000000000002,4.290114550650196,2
158.93,4.532956615263908,2
158.94,4.70988848779922,2
158.95000000000002,4.992830674346256,2
158.96,4.600128182280344,2
158.97,4.770351439441624,2
158.98,4.920582145597934,2
158.99,4.543078004206624,2
159.0,4.499911915746969,2
159.01,4.724416199433847,2
159.02,5.0322518205009,2
159.03,4.8874289759372616,2
159.04,4.487371611916537,2
159.05,4.872757845236003,2
159.06,4.796752357159642,2
159.07,4.181871257352898,2
159.08,4.095797548743496,2
159.09,4.407177113788325,2
159.1,4.020992984850065,2
159.11,4.052105164123456,2
159.12,3.9541686253369193,2
159.13,3.9481341748249403,2
159.14000000000001,3.8297203292447297,2
159.15,3.9893079154146456,2
159.16,3.9273042597802457,2
159.17000000000002,4.120681934081497,2
159.18,4.004460789098267,2
159.19,4.320940202865659,2
159.20000000000002,4.292515667604079,2
159.21,3.9211912009726397,2
159.22,3.686526114818043,2
159.23,3.3898039934682385,2
159.24,3.1388760813717727,2
159.25,2.852917822599065,2
159.26,2.6599260884622473,2
159.27,2.7923822330990276,2
159.28,3.1223720428762634,2
159.29,2.826899263093818,2
159.3,2.7162457709582535,2
159.31,3.072149926789295,2
159.32,3.120185949496089,2
159.33,2.7233828945941343,2
159.34,2.861747131851849,2
159.35,3.0781464313874234,2
159.36,3.2593801019648647,2
159.37,3.9697866758518625,2
159.38,3.759410947433184,2
159.39000000000001,4.095163552948932,2
159.4,4.078733318726528,2
159.41,4.203550596177439,2
159.42000000000002,3.998619116253205,2
159.43,3.8081090220458416,2
159.44,3.4728939483656966,2
159.45000000000002,3.1096771189564114,2
159.46,3.388868158960495,2
159.47,3.2980088047078526,2
159.48,4.0893030754159945,2
159.49,3.946189146779684,2
159.5,4.142172428215706,2
159.51,4.1435789874693985,2
159.52,3.6120631780791372,2
159.53,3.2695022992703557,2
159.54,2.9145813302654946,2
159.55,3.4393107339003417,2
159.56,3.863285864500554,2
159.57,4.423131197042156,2
159.58,3.7517086904808616,2
159.59,3.3885625523852343,2
159.6,3.6210611611327397,2
159.61,3.4414852772867315,2
159.62,3.694037977349407,2
159.63,3.598446193766104,2
159.64000000000001,3.4834109941674707,2
159.65,3.020564061547583,2
159.66,2.9550981566239547,2
159.67000000000002,3.1646095546478867,2
159.68,2.9682303420090688,2
159.69,3.0908703352192344,2
159.70000000000002,2.8852039661243563,2
159.71,2.7772626410965757,2
159.72,2.6997918812559267,2
159.73,2.96145744420018,2
159.74,3.3084779965835964,2
159.75,3.8984245193588922,2
159.76,4.129367429757666,2
159.77,4.21950388653847,2
159.78,4.7004323934398755,2
159.79,4.708170932644472,2
159.8,4.811419642263216,2
159.81,5.001262375212655,2
159.82,4.950349920412839,2
159.83,4.836018680246561,2
159.84,4.705238447157079,2
159.85,4.472423897393967,2
159.86,4.284621844712292,2
159.87,4.557062832611976,2
159.88,4.190604050413555,2
159.89000000000001,4.210589390507587,2
159.9,4.182807580009165,2
159.91,3.7607417468489666,2
159.92000000000002,4.022148790025227,2
159.93,3.641316624838115,2
159.94,3.4660350463554113,2
159.95000000000002,3.495180757171821,2
159.96,3.967812582792391,2
159.97,4.1185835951425185,2
159.98,4.1948124249714756,2
159.99,4.558295325652374,2
160.0,4.4275944942229355,2
160.01,4.95098876199936,2
160.02,4.998567877155643,2
160.03,4.9365479046275285,2
160.04,4.333834493206155,2
160.05,4.576971862943651,2
160.06,4.671552912606615,2
160.07,4.541348307386266,2
160.08,4.344135930644742,2
160.09,4.880189349850992,2
160.1,4.566389275849019,2
160.11,4.60858906879039,2
160.12,4.557549825715549,2
160.13,4.696840557161029,2
160.14000000000001,4.082494447000389,2
160.15,4.2648013208229,2
160.16,4.69160077101934,2
160.17000000000002,4.083489302716516,2
160.18,3.8064385710795507,2
160.19,3.985959315993819,2
160.20000000000002,3.949441538579092,2
160.21,4.147068333087555,2
160.22,4.343258047285652,2
160.23,4.372728304065083,2
160.24,4.83491084941469,2
160.25,4.964622264656874,2
160.26,4.492556473541432,2
160.27,4.641847934378236,2
160.28,4.568419465714032,2
160.29,4.666715741790999,2
160.3,4.931003472346377,2
160.31,5.2956028343782435,2
160.32,5.189917098452448,2
160.33,5.308464635169597,2
160.34,4.871565131015717,2
160.35,4.653050975687036,2
160.36,4.428324148565388,2
160.37,4.678482900743533,2
160.38,5.100013049580318,2
160.39000000000001,5.893618165614323,2
160.4,5.948282643898947,2
160.41,6.071970800274072,2
160.42000000000002,5.374489128213649,2
160.43,4.730447869974499,2
160.44,4.411245961029001,2
160.45000000000002,4.014742696162754,2
160.46,4.1582575289133485,2
160.47,4.634282243828567,2
160.48,4.574240900949131,2
160.49,4.331033525893387,2
160.5,4.384443701415127,2
160.51,4.142245751310357,2
160.52,3.9741453409287075,2
160.53,3.921482251980454,2
160.54,4.039267171947874,2
160.55,3.563115230560687,2
160.56,3.03175524161989,2
160.57,2.8850509337727206,2
160.58,3.1445390587002393,2
160.59,2.8716305203133357,2
160.6,3.5041729255630756,2
160.61,3.795168432458645,2
160.62,4.005281317805297,2
160.63,4.247058589277723,2
160.64000000000001,4.343198505881683,2
160.65,4.452513551351187,2
160.66,4.7591534611774335,2
160.67000000000002,4.9665773389420105,2
160.68,4.955039032411353,2
160.69,5.404522101806627,2
160.70000000000002,5.286016719876969,2
160.71,5.02849966694013,2
160.72,4.505418455737665,2
160.73,4.250196101021869,2
160.74,4.565830628454792,2
160.75,4.499582680461124,2
160.76,4.585437252573858,2
160.77,4.549789806049986,2
160.78,4.15401252557464,2
160.79,4.057007737296934,2
160.8,3.814992796575242,2
160.81,3.710231780571464,2
160.82,3.4877125370445246,2
160.83,3.675501118432805,2
160.84,3.9381398822390152,2
160.85,3.954247985624565,2
160.86,3.3951169404480015,2
160.87,3.072351042613279,2
160.88,3.3481225298730846,2
160.89000000000001,3.19923913967091,2
160.9,3.065540522079765,2
160.91,3.1785216429028553,2
160.92000000000002,3.037691123765472,2
160.93,2.532851217360044,2
160.94,2.4176617333687274,2
160.95000000000002,2.4615134185748877,2
160.96,2.458166735573971,2
160.97,2.810997504121438,2
160.98,2.9550308101517895,2
160.99,3.0645999943190794,2
161.0,3.485916548223165,2
161.01,3.0953230662099296,2
161.02,3.6291054986297873,2
161.03,4.134094616009785,2
161.04,4.087923766503462,2
161.05,3.9678384020874318,2
161.06,4.351489395204625,2
161.07,4.24158516344913,2
161.08,4.317542808760932,2
161.09,4.364607935247956,2
161.1,4.466737411128743,2
161.11,4.108426471743211,2
161.12,4.22218019106298,2
161.13,3.9500284500985035,2
161.14000000000001,3.7853398555534565,2
161.15,4.069884109062843,2
161.16,3.9202747083284057,2
161.17000000000002,3.7475001185225927,2
161.18,3.830491864307935,2
161.19,4.228959922060994,2
161.20000000000002,4.887444441055816,2
161.21,5.122371344284136,2
161.22,5.330057958263195,2
161.23,5.190281766345834,2
161.24,5.796438449700801,2
161.25,5.673070361567136,2
161.26,5.495666755573192,2
161.27,5.454523392525082,2
161.28,5.383994067436173,2
161.29,4.873358834978357,2
161.3,4.58850032856004,2
161.31,4.637477998041846,2
161.32,4.350079000296542,2
161.33,4.498567323045679,2
161.34,4.458928092286481,2
161.35,4.67844059648717,2
161.36,4.575537296707587,2
161.37,4.654463754176325,2
161.38,4.075696891891424,2
161.39000000000001,3.6121395140174455,2
161.4,3.423324828976456,2
161.41,3.5690831277749813,2
161.42000000000002,3.3908365514256436,2
161.43,3.65801560852315,2
161.44,3.8017872768935197,2
161.45000000000002,3.6916263181206923,2
161.46,3.785889163353592,2
161.47,3.681493488855992,2
161.48,3.8026223537832093,2
161.49,3.6777450097942426,2
161.5,3.822307457655714,2
161.51,4.2255785036001665,2
161.52,3.8528681766201682,2
161.53,3.6708605254186084,2
161.54,3.5187858326045602,2
161.55,3.655062100442961,2
161.56,3.926888155840678,2
161.57,3.4413356791499092,2
161.58,3.445221017068093,2
161.59,3.5086998793560027,2
161.6,3.8077016322416317,2
161.61,3.5731175126480847,2
161.62,3.8225791513525835,2
161.63,3.923336787102639,2
161.64000000000001,4.433650913925778,2
161.65,5.011887726434243,2
161.66,5.1361806218771635,2
161.67000000000002,4.948774075863589,2
161.68,4.992918547835634,2
161.69,5.058380086518892,2
161.70000000000002,5.101776185853247,2
161.71,5.110701217301508,2
161.72,5.150966781025184,2
161.73,5.333265413581134,2
161.74,5.822695712925155,2
161.75,5.127786663353426,2
161.76,5.383260407290437,2
161.77,5.285048471296551,2
161.78,4.932756933719263,2
161.79,4.456762162129296,2
161.8,4.497646019421547,2
161.81,4.458086861415016,2
161.82,4.106647756541831,2
161.83,4.087289118829146,2
161.84,4.372320023274906,2
161.85,4.774672961814214,2
161.86,4.73330501993503,2
161.87,4.695230806182706,2
161.88,4.802191320549006,2
161.89000000000001,5.0520720330550875,2
161.9,4.998853034639418,2
161.91,4.998208173518456,2
161.92000000000002,4.785271015661409,2
161.93,4.662060340383807,2
161.94,4.415673878612438,2
161.95000000000002,4.080962355717088,2
161.96,3.731473388576186,2
161.97,3.5140637855463446,2
161.98,3.2988917661606467,2
161.99,3.453643553912722,2
162.0,3.6352004292279867,2
162.01,3.552514674576729,2
162.02,3.3595241206116975,2
162.03,4.0332379012491435,2
162.04,3.9049570465909365,2
162.05,3.7463732780704184,2
162.06,3.326059074240277,2
162.07,3.5399375988791304,2
162.08,4.101358506632717,2
162.09,4.038334257747378,2
162.1,3.9361993923170875,2
162.11,4.020973085656292,2
162.12,4.106005112892139,2
162.13,3.3883267473390113,2
162.14000000000001,3.6329595252953717,2
162.15,4.200926592126152,2
162.16,4.196673691768549,2
162.17000000000002,4.146217916833805,2
162.18,4.356747310737656,2
162.19,4.512582437582272,2
162.20000000000002,4.510354552307283,2
162.21,4.678341143611602,2
162.22,4.84297770530624,2
162.23,4.426286663345599,2
162.24,4.058215762244674,2
162.25,3.686499604654223,2
162.26,3.289011187971195,2
162.27,3.58974870329716,2
162.28,3.86108748912413,2
162.29,4.001841981661671,2
162.3,4.4725293626534315,2
162.31,4.337914623661925,2
162.32,4.108630362632917,2
162.33,4.132514279825692,2
162.34,4.4428531852475714,2
162.35,4.231168338788731,2
162.36,4.758283796149067,2
162.37,4.662137958759286,2
162.38,4.74126518262075,2
162.39000000000001,4.713204703114744,2
162.4,4.52940636276285,2
162.41,4.73437673398411,2
162.42000000000002,3.6763621698646003,2
162.43,3.612787575198389,2
162.44,3.876817936863689,2
162.45000000000002,3.477803087572399,2
162.46,3.3314468104837562,2
162.47,3.2585810900870893,2
162.48,3.2392078167291185,2
162.49,3.1446229429983457,2
162.5,2.941556901442147,2
162.51,3.027291096192281,2
162.52,3.3528029834739046,2
162.53,3.525892901419746,2
162.54,3.8642251009087945,2
162.55,3.8209726735894978,2
162.56,4.195637770991032,2
162.57,3.814628840721312,2
162.58,4.204676462465267,2
162.59,4.493658523890545,2
162.6,3.9973056181443973,2
162.61,4.130210743287475,2
162.62,4.081418765724852,2
162.63,4.043184073633131,2
162.64000000000001,4.057572501941385,2
162.65,3.8763526381431785,2
162.66,4.154704764628971,2
162.67000000000002,4.140392720234181,2
162.68,3.8077084469280122,2
162.69,3.816272665675305,2
162.70000000000002,3.7002889902419205,2
162.71,3.9047609353281785,2
162.72,3.541637682145039,2
162.73,4.154911839414068,2
162.74,4.173569593672414,2
162.75,3.8059484416111986,2
162.76,3.7681472144568406,2
162.77,3.6545959780793926,2
162.78,3.463880284378152,2
162.79,3.637921740697846,2
162.8,4.306081543137727,2
162.81,4.805123212350834,2
162.82,4.781644156071594,2
162.83,4.482308408025672,2
162.84,4.5133815084034214,2
162.85,4.6711630223826335,2
162.86,4.661739629175364,2
162.87,4.806669231428165,2
162.88,4.851768665014807,2
162.89000000000001,4.847251285891607,2
162.9,4.417938790037292,2
162.91,4.339215348972546,2
162.92000000000002,4.846687105488679,2
162.93,4.900765963991078,2
162.94,5.1417199230967245,2
162.95000000000002,5.597413853146268,2
162.96,5.103560522404793,2
162.97,5.729596498568022,2
162.98,5.832346512361227,2
162.99,5.978361735613722,2
163.0,5.5906606427068875,2
163.01,5.636782120126381,2
163.02,5.246087808429599,2
163.03,5.163871137260284,2
163.04,5.142919375524085,2
163.05,4.96096556879109,2
163.06,5.190865320157817,2
163.07,4.924484474426952,2
163.08,4.261931588867043,2
163.09,4.166672381191044,2
163.1,4.505165380667197,2
163.11,5.150474862887072,2
163.12,5.408203774926597,2
163.13,5.56965816141816,2
163.14000000000001,5.305406918238276,2
163.15,5.827498963258507,2
163.16,5.838631413136799,2
163.17000000000002,5.859705721708469,2
163.18,5.851727511651022,2
163.19,5.338387478478445,2
163.20000000000002,5.313315197157716,2
163.21,4.769833626685146,2
163.22,4.927157278525467,2
163.23,4.929696468107478,2
163.24,4.657662544660236,2
163.25,4.91098762760363,2
163.26,4.718344397325475,2
163.27,4.551804559476087,2
163.28,4.647913130417065,2
163.29,4.578634526603006,2
163.3,4.586900956694126,2
163.31,4.820701347415284,2
163.32,4.5294318350034795,2
163.33,4.243290654575506,2
163.34,4.153009598546767,2
163.35,4.119876321557202,2
163.36,4.289816102547828,2
163.37,4.810992756595768,2
163.38,4.717767095820479,2
163.39000000000001,4.656248835543299,2
163.4,4.406031225347843,2
163.41,4.146449236493411,2
163.42000000000002,4.323700435749049,2
163.43,4.302391241716277,2
163.44,4.625473538607944,2
163.45000000000002,4.885403426654191,2
163.46,5.043202344841785,2
163.47,4.524949895508384,2
163.48,4.666054704342771,2
163.49,4.334606316150755,2
163.5,3.767378493796157,2
163.51,3.85324192806024,2
163.52,4.252667682216331,2
163.53,4.429054417856499,2
163.54,4.136324503831386,2
163.55,4.915012947916319,2
163.56,5.054898793550339,2
163.57,4.7109182224921895,2
163.58,4.060236396087896,2
163.59,3.9962532015266783,2
163.6,3.4401775470189335,2
163.61,3.2043955742575934,2
163.62,2.8025800639603737,2
163.63,2.708795710407298,2
163.64000000000001,2.6867457949818743,2
163.65,2.570522141921971,2
163.66,3.3651843612023864,2
163.67000000000002,3.37576662081904,2
163.68,3.814486462230562,2
163.69,3.994324356310575,2
163.70000000000002,3.936233317050667,2
163.71,3.8071420271019303,2
163.72,4.2092062480322046,2
163.73,3.8947135168204396,2
163.74,3.727637281958706,2
163.75,3.5730414533301444,2
163.76,3.636914732016516,2
163.77,3.4157496953679036,2
163.78,3.739578192243894,2
163.79,4.070118215727474,2
163.8,3.859735636360414,2
163.81,4.023197989130733,2
163.82,3.782854249360974,2
163.83,3.8552286335690176,2
163.84,4.20122567277848,2
163.85,4.210363870330879,2
163.86,4.15956056071969,2
163.87,4.79176471491261,2
163.88,4.814668280072932,2
163.89000000000001,4.494323761180976,2
163.9,4.183982468994585,2
163.91,4.811378383377954,2
163.92000000000002,4.520402694034516,2
163.93,4.269638823126848,2
163.94,4.2502646232474754,2
163.95000000000002,4.43259498550584,2
163.96,4.03784949021124,2
163.97,3.955154118525717,2
163.98,3.5795863909943426,2
163.99,3.5783193998588607,2
164.0,3.8532508074377523,2
164.01,3.796776380624796,2
164.02,4.375073551025537,2
164.03,4.09766245240761,2
164.04,4.149598584983141,2
164.05,4.505071274359023,2
164.06,4.740414916270964,2
164.07,5.41510172659113,2
164.08,5.365327212956439,2
164.09,4.975257338468986,2
164.1,4.901488509990868,2
164.11,4.573870251925822,2
164.12,4.550635817122571,2
164.13,4.845060140430513,2
164.14000000000001,4.95793526789301,2
164.15,4.832560951907739,2
164.16,4.554681317326272,2
164.17000000000002,4.59132619563913,2
164.18,4.682291861169887,2
164.19,4.258771522836721,2
164.20000000000002,3.944153553971814,2
164.21,3.867679505804647,2
164.22,3.5036526208538503,2
164.23,3.040205202812654,2
164.24,2.844178921260703,2
164.25,3.0681621882112453,2
164.26,3.190219856323108,2
164.27,3.1451631477270707,2
164.28,2.965396019307611,2
164.29,3.1733461616933525,2
164.3,3.3456607190824097,2
164.31,3.763237765190456,2
164.32,3.0753890996484614,2
164.33,2.6731587776820485,2
164.34,3.0716421422881903,2
164.35,3.2986355496380066,2
164.36,3.6334432911163734,2
164.37,3.4173295366311605,2
164.38,3.3653403945414717,2
164.39000000000001,3.066813991536943,2
164.4,2.498511721773461,2
164.41,2.6882017608880058,2
164.42000000000002,3.2204798692346235,2
164.43,3.2509524659780795,2
164.44,3.1229017049390646,2
164.45000000000002,2.8933953479509844,2
164.46,3.319642044404265,2
164.47,3.4106517663920384,2
164.48,3.5039437896504158,2
164.49,3.1444432740274233,2
164.5,2.9702365135694517,2
164.51,3.281415182543514,2
164.52,3.204162847066061,2
164.53,3.0991512002805552,2
164.54,3.900261989547009,2
164.55,3.9299426081225293,2
164.56,3.888124503750229,2
164.57,3.8608418441246544,2
164.58,3.682650094910378,2
164.59,3.693839802014682,2
164.6,4.274143127698302,2
164.61,4.363765507883501,2
164.62,3.8753745616588953,2
164.63,3.763936460594752,2
164.64000000000001,3.8170816928982725,2
164.65,3.408590012320627,2
164.66,3.335172866339462,2
164.67000000000002,3.1293699384378106,2
164.68,3.104183720705998,2
164.69,3.213604693784061,2
164.70000000000002,3.4902001662639326,2
164.71,3.214258904314683,2
164.72,3.2685611337465117,2
164.73,3.2489726853764442,2
164.74,3.261681732998994,2
164.75,3.1033608588740784,2
164.76,3.1795782422211647,2
164.77,3.4014954416291086,2
164.78,3.0670009571314227,2
164.79,3.6500066660087045,2
164.8,3.951795851047316,2
164.81,3.5104897417497694,2
164.82,3.969371941532595,2
164.83,4.40155412526668,2
164.84,4.218939471423669,2
164.85,4.255318119652753,2
164.86,4.255422254402873,2
164.87,3.839596207006673,2
164.88,4.1466071081481095,2
164.89000000000001,3.599044344577501,2
164.9,3.721131951539629,2
164.91,4.193277369208026,2
164.92000000000002,3.6954793177803844,2
164.93,3.6428879668663376,2
164.94,4.001549708276201,2
164.95000000000002,4.115379358964982,2
164.96,4.339994125332019,2
164.97,4.11126336220572,2
164.98,3.833605478890064,2
164.99,3.793666868100482,2
165.0,3.8894777555942017,2
165.01,4.070489232313096,2
165.02,4.189409661968667,2
165.03,4.447773225222511,2
165.04,4.435810236429786,2
165.05,4.095421236783096,2
165.06,3.7019476596398255,2
165.07,3.9466103387574,2
165.08,4.236935218213677,2
165.09,4.7717800799073125,2
165.1,5.381260213268426,2
165.11,5.518637788318253,2
165.12,5.470637479482978,2
165.13,5.204442945334652,2
165.14000000000001,4.836437454914491,2
165.15,4.77172959073158,2
165.16,4.664826013465533,2
165.17000000000002,5.138138955542589,2
165.18,5.190359852313549,2
165.19,5.0062068337696175,2
165.20000000000002,4.655770953446089,2
165.21,4.741537498336269,2
165.22,4.7064847473532625,2
165.23,4.507914552710743,2
165.24,4.262620358828307,2
165.25,4.391943514226113,2
165.26,4.2373840730361545,2
165.27,4.122016137348484,2
165.28,3.972509716266167,2
165.29,4.778323242007329,2
165.3,4.745210712411305,2
165.31,4.437451931557824,2
165.32,3.6647373863916948,2
165.33,3.233434182821207,2
165.34,3.2271023190454993,2
165.35,3.7846451774752583,2
165.36,4.454113968859626,2
165.37,4.341193487317167,2
165.38,4.410256714078382,2
165.39000000000001,4.322371237952436,2
165.4,4.419135747456789,2
165.41,4.3090942288291085,2
165.42000000000002,4.120309211120207,2
165.43,3.9222127253789205,2
165.44,4.1311672124207774,2
165.45000000000002,4.4871635031502155,2
165.46,4.311146252990974,2
165.47,4.4861247393638735,2
165.48,4.481901420447993,2
165.49,4.32534196114863,2
165.5,4.484960250208582,2
165.51,4.818381742471652,2
165.52,4.5030499211467925,2
165.53,4.3613343751249705,2
165.54,4.740766192126599,2
165.55,4.65462805717487,2
165.56,4.364013467025434,2
165.57,4.375742923083482,2
165.58,4.340617593948211,2
165.59,4.605637799077433,2
165.6,4.532704718622453,2
165.61,4.476558626961035,2
165.62,4.414206701005821,2
165.63,4.4202527173548045,2
165.64000000000001,4.807919051830329,2
165.65,4.932495084346378,2
165.66,4.5438919887816045,2
165.67000000000002,4.569280111325325,2
165.68,4.6103142151290415,2
165.69,4.655987604800585,2
165.70000000000002,4.171111484517458,2
165.71,4.195445312535605,2
165.72,4.014996167502947,2
165.73,3.589258812374936,2
165.74,3.972949971924346,2
165.75,3.8956838227238917,2
165.76,3.830377403934047,2
165.77,4.097266475251958,2
165.78,4.377689612604034,2
165.79,4.269426531795901,2
165.8,4.250787678493262,2
165.81,3.9395149103157756,2
165.82,3.678557301687446,2
165.83,4.0784073847089255,2
165.84,4.083447090683743,2
165.85,4.349927906782675,2
165.86,4.268113511626293,2
165.87,4.360336909348778,2
165.88,3.830250592674381,2
165.89000000000001,4.091088296351212,2
165.9,4.073764427972174,2
165.91,3.933233626996091,2
165.92000000000002,4.117999540497718,2
165.93,4.387751969827498,2
165.94,4.2340046588046185,2
165.95000000000002,3.8717177976255583,2
165.96,4.356447952329673,2
165.97,4.259705150434485,2
165.98,3.690019460384865,2
165.99,3.601470467168346,2
166.0,3.768710978781252,2
166.01,3.7686490123228773,2
166.02,3.7552226511639346,2
166.03,3.6800002825972515,2
166.04,3.5927206829963954,2
166.05,3.271373458945008,2
166.06,2.976582741363144,2
166.07,3.182050830922472,2
166.08,3.6124657914080016,2
166.09,3.573057783661615,2
166.1,4.008391729568374,2
166.11,4.318880835792469,2
166.12,4.249627698734038,2
166.13,4.405402701897377,2
166.14000000000001,4.503508302800433,2
166.15,4.310081020654697,2
166.16,3.6677193109582142,2
166.17000000000002,3.7402619805869604,2
166.18,3.9649875624646973,2
166.19,3.8116620790311186,2
166.20000000000002,4.399168668972435,2
166.21,4.651777331866427,2
166.22,4.1693716948777375,2
166.23,4.097297978352011,2
166.24,3.849620221100519,2
166.25,3.7605713545350725,2
166.26,3.9698715284724284,2
166.27,3.9015572052912506,2
166.28,3.749812514814948,2
166.29,3.8014886231117324,2
166.3,4.036607191104181,2
166.31,4.24539062512889,2
166.32,4.3951935149844505,2
166.33,4.74389104668311,2
166.34,4.6438647582381885,2
166.35,4.477137318686425,2
166.36,4.385380325391023,2
166.37,4.1175163791823595,2
166.38,3.869829628918933,2
166.39000000000001,4.092171981649228,2
166.4,4.318288676762281,2
166.41,3.536806240333812,2
166.42000000000002,3.849521476687476,2
166.43,3.7480395453292474,2
166.44,3.5940709958650414,2
166.45000000000002,3.542027191359648,2
166.46,3.2302226698950416,2
166.47,3.2595890269588024,2
166.48,3.876178272872723,2
166.49,3.45005573900446,2
166.5,3.680243599339366,2
166.51,3.98835316050112,2
166.52,4.1544031662115355,2
166.53,4.573512274173539,2
166.54,4.794276874979381,2
166.55,4.904947828225821,2
166.56,5.108562147600925,2
166.57,5.278734633320408,2
166.58,5.051973928985439,2
166.59,5.125604891299316,2
166.6,4.935714925467886,2
166.61,4.46415846072602,2
166.62,4.938134448464889,2
166.63,4.687524111841418,2
166.64000000000001,4.92914942282253,2
166.65,4.987740087462827,2
166.66,4.63513084281342,2
166.67000000000002,4.351798821633102,2
166.68,4.429196059535508,2
166.69,4.49945191773649,2
166.70000000000002,4.342924938091914,2
166.71,3.860440252622957,2
166.72,4.101966364442204,2
166.73,3.2630180391394195,2
166.74,3.4353533532747393,2
166.75,3.812781833381115,2
166.76,3.3075605318398535,2
166.77,3.422129905474957,2
166.78,3.3711784697324094,2
166.79,3.4893009297912725,2
166.8,3.8174344571006786,2
166.81,3.454211591536385,2
166.82,3.44552100517313,2
166.83,3.4543668612781993,2
166.84,2.9567975616056406,2
166.85,3.223635268935668,2
166.86,3.76269744870737,2
166.87,3.976423940670203,2
166.88,4.015572150689659,2
166.89000000000001,4.265023538195531,2
166.9,4.069949209984806,2
166.91,3.8132043544434264,2
166.92000000000002,3.977413035453967,2
166.93,4.044536701349783,2
166.94,4.129017422927136,2
166.95000000000002,3.8727732423246195,2
166.96,3.459089592419815,2
166.97,3.218762665847253,2
166.98,3.055268292824172,2
166.99,2.571424104733988,2
167.0,2.848913303128815,2
167.01,2.598714307657285,2
167.02,2.3578761473309404,2
167.03,2.4478786732600617,2
167.04,2.34637330605458,2
167.05,2.0646965772954253,2
167.06,1.8425059799795704,2
167.07,2.2099905970477107,2
167.08,2.2936732612609205,2
167.09,2.0354558616232707,2
167.1,2.6444196371791735,2
167.11,2.5784502309587944,2
167.12,2.870725846666605,2
167.13,2.953030503152387,2
167.14000000000001,3.0854672689346505,2
167.15,3.182793639624332,2
167.16,2.873857669307218,2
167.17000000000002,3.622282196529519,2
167.18,3.444570455314047,2
167.19,3.73397241276717,2
167.20000000000002,3.5365395486162705,2
167.21,3.2696672550911487,2
167.22,3.730649446809561,2
167.23,4.198651451181384,2
167.24,4.3073258928362215,2
167.25,4.50526025737848,2
167.26,4.099405880254061,2
167.27,4.276301031947466,2
167.28,4.432552951090695,2
167.29,4.513547491392983,2
167.3,4.928726833684412,2
167.31,4.189782423826038,2
167.32,4.120031678720174,2
167.33,4.5279531957658286,2
167.34,4.159988304345731,2
167.35,4.328017024017282,2
167.36,4.157564818105327,2
167.37,4.166866415225688,2
167.38,3.850595826070025,2
167.39000000000001,4.5066829850192045,2
167.4,4.130991706282636,2
167.41,4.0810092038833705,2
167.42000000000002,3.999409868364793,2
167.43,4.303857110396766,2
167.44,4.293222919264172,2
167.45000000000002,3.817188535840114,2
167.46,3.6531873158230943,2
167.47,3.0752575991796625,2
167.48,3.1883611645435366,2
167.49,3.7741409171686477,2
167.5,3.7402714495507623,2
167.51,3.8625800870949853,2
167.52,4.1886044631226795,2
167.53,3.9740395022237713,2
167.54,4.288223080239241,2
167.55,4.801234589316351,2
167.56,4.218309700980724,2
167.57,4.5186146197297905,2
167.58,4.046687670701222,2
167.59,3.8225065957986755,2
167.6,4.160818228850894,2
167.61,4.236014515298555,2
167.62,4.082420984753988,2
167.63,4.707043683293348,2
167.64000000000001,4.542892939074106,2
167.65,4.799237049401154,2
167.66,4.632753153188154,2
167.67000000000002,4.699191708545968,2
167.68,4.768672489437931,2
167.69,4.71456715227104,2
167.70000000000002,4.24118088268593,2
167.71,4.295562432137045,2
167.72,4.101812573252215,2
167.73,3.9619062722020058,2
167.74,4.1338383318119964,2
167.75,4.269062779884812,2
167.76,4.028009914705066,2
167.77,4.086836848749758,2
167.78,4.083918137006564,2
167.79,3.83135214681291,2
167.8,3.621498820015036,2
167.81,3.4371495134774444,2
167.82,3.4903177945607062,2
167.83,3.4551014555759654,2
167.84,3.5688926032617196,2
167.85,3.362773588338624,2
167.86,3.3774440825850323,2
167.87,3.412021267273507,2
167.88,3.5632714275709714,2
167.89000000000001,4.02337609347454,2
167.9,4.325416637490987,2
167.91,4.271782641926254,2
167.92000000000002,3.79275594948967,2
167.93,3.668134315078032,2
167.94,3.9622604755987942,2
167.95000000000002,3.950393495934703,2
167.96,3.5990313665931044,2
167.97,3.580888575026817,2
167.98,3.489416057060116,2
167.99,3.8976972930141804,2
168.0,3.7429047141906002,2
168.01,3.885980114512806,2
168.02,4.0923882285608295,2
168.03,3.73221667000067,2
168.04,3.548009961887038,2
168.05,3.4722432106664014,2
168.06,3.5640454805714676,2
168.07,3.4390998604753564,2
168.08,3.10543913662874,2
168.09,2.9095231930587713,2
168.1,3.2849250411464848,2
168.11,3.9435169335456877,2
168.12,4.035688682427883,2
168.13,4.33775046433986,2
168.14000000000001,4.404260456348107,2
168.15,4.561712570682681,2
168.16,4.71540344784445,2
168.17000000000002,4.8359013744315975,2
168.18,4.853012802876954,2
168.19,4.808086686152395,2
168.20000000000002,4.612321881564229,2
168.21,4.699990707665448,2
168.22,4.717932774689521,2
168.23,4.389088172659426,2
168.24,4.686947513877408,2
168.25,4.899198897699242,2
168.26,4.864043073009605,2
168.27,5.11135452901032,2
168.28,5.206320044607636,2
168.29,4.960987473658303,2
168.3,4.350609073416882,2
168.31,3.7916797959490864,2
168.32,4.170166937330351,2
168.33,4.145138198176842,2
168.34,4.025686667994813,2
168.35,3.8362485226489507,2
168.36,3.870652888116833,2
168.37,4.142742104265343,2
168.38,3.898313833686818,2
168.39000000000001,3.9353001534066396,2
168.4,4.694873086341907,2
168.41,5.139623266820468,2
168.42000000000002,4.3933128361710105,2
168.43,3.839828886733475,2
168.44,4.367517021980944,2
168.45000000000002,4.58461426974973,2
168.46,4.540723858438205,2
168.47,4.636381020031558,2
168.48,4.483099856367423,2
168.49,4.246143390115034,2
168.5,4.428463487384186,2
168.51,4.35815591367635,2
168.52,4.56728685215307,2
168.53,4.355099935624607,2
168.54,4.5215630371219495,2
168.55,4.557803978580525,2
168.56,4.123886404444591,2
168.57,4.529209631326183,2
168.58,4.077416918749106,2
168.59,4.4467784424101975,2
168.6,4.5309924091038685,2
168.61,4.659411189043381,2
168.62,4.453805347543802,2
168.63,4.303897518795852,2
168.64000000000001,4.274596632822212,2
168.65,3.8819560309907293,2
168.66,4.056737302790532,2
168.67000000000002,3.9495075733442637,2
168.68,3.353936063659604,2
168.69,3.953285461435001,2
168.70000000000002,4.033072572770143,2
168.71,4.121998371932621,2
168.72,3.9140139744449334,2
168.73,4.016772257306108,2
168.74,4.223552058775788,2
168.75,3.7892450555950665,2
168.76,3.9813403716896554,2
168.77,3.683066496705002,2
168.78,3.350283417820986,2
168.79,3.1657860328236103,2
168.8,3.8443677584381137,2
168.81,4.0818803656639275,2
168.82,4.068687998985067,2
168.83,4.544140906477402,2
168.84,4.22833012357197,2
168.85,3.9146024838995803,2
168.86,3.6634881422423233,2
168.87,4.229221781810304,2
168.88,4.4524065702137285,2
168.89000000000001,4.176039001102203,2
168.9,3.962454517637,2
168.91,4.046434542559648,2
168.92000000000002,3.7206034766820673,2
168.93,3.6980847774002235,2
168.94,3.44687551627259,2
168.95000000000002,3.4826263365469288,2
168.96,3.7654363140945595,2
168.97,4.282716059985673,2
168.98,3.8109519139372394,2
168.99,3.999843432214074,2
169.0,4.1919003484857065,2
169.01,4.107065910814572,2
169.02,3.928461261313933,2
169.03,3.7673917090926796,2
169.04,3.2656412333375733,2
169.05,3.5597754008399707,2
169.06,3.3872383080794206,2
169.07,2.975716114910693,2
169.08,3.169614084262848,2
169.09,3.341468373061431,2
169.1,3.6472930127452496,2
169.11,4.197509074198378,2
169.12,4.189157850586364,2
169.13,4.0854308509366355,2
169.14000000000001,3.966188282096689,2
169.15,3.8861838636136796,2
169.16,3.688535397450446,2
169.17000000000002,3.596740365559415,2
169.18,3.4326727506991483,2
169.19,3.1950814091246778,2
169.20000000000002,3.76763321127284,2
169.21,4.183449471364861,2
169.22,3.6372970030530745,2
169.23,3.7636244730509762,2
169.24,3.768859330970817,2
169.25,3.8330356055103447,2
169.26,3.438627981376448,2
169.27,2.97134823333852,2
169.28,3.058590516785386,2
169.29,3.047969804350203,2
169.3,2.987510291761654,2
169.31,3.030144288215873,2
169.32,3.297046123824603,2
169.33,3.6170522392342104,2
169.34,3.377368093718356,2
169.35,3.1881795876858723,2
169.36,3.3118615885229477,2
169.37,3.7271702424656183,2
169.38,3.6938762591624945,2
169.39000000000001,3.765539998015083,2
169.4,3.4026587975725695,2
169.41,2.8403306927229193,2
169.42000000000002,3.6117125644330104,2
169.43,3.7290756583764164,2
169.44,3.46769553123971,2
169.45000000000002,2.9138794376327364,2
169.46,3.4321207083180116,2
169.47,3.2213975585291035,2
169.48,3.0314271701708506,2
169.49,2.925211462078349,2
169.5,3.071595428265239,2
169.51,3.3453848608925756,2
169.52,3.325931134734335,2
169.53,3.096262528765485,2
169.54,3.8376302751522813,2
169.55,3.714603374822782,2
169.56,3.7461782829439727,2
169.57,3.3463458228856844,2
169.58,3.5758174253993738,2
169.59,3.9275139687167475,2
169.6,3.6910596933212365,2
169.61,3.2005339003852273,2
169.62,3.172310699884201,2
169.63,3.7923114122208017,2
169.64000000000001,3.6315750586795494,2
169.65,4.386022337665962,2
169.66,4.188558276128306,2
169.67000000000002,3.652716447443228,2
169.68,3.542951373115388,2
169.69,3.0585656322801094,2
169.70000000000002,2.948944758373049,2
169.71,3.162327890303524,2
169.72,3.114375274825249,2
169.73,3.5149121949703517,2
169.74,3.4115508400108534,2
169.75,3.047753993402996,2
169.76,3.1848531795987345,2
169.77,3.2243286511967564,2
169.78,3.2952083126601264,2
169.79,3.0048926029771095,2
169.8,3.1802719639152173,2
169.81,3.65575351251836,2
169.82,3.3178533690982395,2
169.83,2.844818580949576,2
169.84,2.522828216503832,2
169.85,2.662412653244453,2
169.86,2.3406688867558705,2
169.87,2.599100674134209,2
169.88,2.84023075983436,2
169.89000000000001,3.060301848468519,2
169.9,3.8878153103326474,2
169.91,3.3704466074424007,2
169.92000000000002,2.949663826581851,2
169.93,3.416954284494546,2
169.94,3.626165514108741,2
169.95000000000002,3.9887268406543956,2
169.96,3.411541420615404,2
169.97,3.0851078977674256,2
169.98,3.45389315009752,2
169.99,3.4611553966479165,2
170.0,3.887387219013206,2
170.01,3.7805249190477297,2
170.02,3.7424010918154056,2
170.03,4.417087356169857,2
170.04,4.0805511621443165,2
170.05,4.282352992711435,2
170.06,3.8100276466959766,2
170.07,3.58362054570902,2
170.08,3.8341793958627663,2
170.09,3.449930193488851,2
170.1,3.7532669560701484,2
170.11,3.715407742401622,2
170.12,3.467527025626787,2
170.13,3.4904296477624843,2
170.14000000000001,3.3753963426638967,2
170.15,3.2362666471473975,2
170.16,3.172457044153115,2
170.17000000000002,2.8606191147722186,2
170.18,2.475189029999056,2
170.19,2.0251283773275452,2
170.20000000000002,2.3652539472661336,2
170.21,2.6512000706819743,2
170.22,2.561214870252599,2
170.23,2.66839521377107,2
170.24,3.1940368816948617,2
170.25,3.0972312825292825,2
170.26,3.1118199673030915,2
170.27,3.7498957621991584,2
170.28,3.8848249548540457,2
170.29,4.152879000502428,2
170.3,4.338760164746954,2
170.31,4.448082659544361,2
170.32,4.197736207303785,2
170.33,3.9021961959776164,2
170.34,4.103034938036268,2
170.35,4.241023888123852,2
170.36,4.282655830417243,2
170.37,4.337073563814966,2
170.38,4.084554355118894,2
170.39000000000001,3.7423987397927605,2
170.4,3.560437295705772,2
170.41,3.5333435487987392,2
170.42000000000002,3.411470564891433,2
170.43,3.9145566721237657,2
170.44,4.34120552562184,2
170.45000000000002,4.548626658973019,2
170.46,4.839596743402587,2
170.47,4.389022827335757,2
170.48,4.553502155806114,2
170.49,4.48807418714958,2
170.5,4.3087417199148605,2
170.51,4.197760932533126,2
170.52,4.101408574221011,2
170.53,3.9838666093505086,2
170.54,3.811158231431548,2
170.55,3.4502132616158723,2
170.56,3.0597489773278643,2
170.57,3.267589369865233,2
170.58,2.544864814412935,2
170.59,3.2415662152011135,2
170.6,3.141274722362937,2
170.61,2.717216139470562,2
170.62,2.993441209430726,2
170.63,3.055750118720602,2
170.64000000000001,2.8816433090052533,2
170.65,2.8308012073298916,2
170.66,2.922479121352183,2
170.67000000000002,3.337412210400595,2
170.68,2.6542945234411204,2
170.69,2.879098171082816,2
170.70000000000002,3.457470803008654,2
170.71,3.280877193530158,2
170.72,3.5647498057831735,2
170.73,3.7984952075302294,2
170.74,4.351684024911195,2
170.75,4.383021246259379,2
170.76,4.544045926796136,2
170.77,4.791468394974202,2
170.78,4.887207010031879,2
170.79,4.545499641335537,2
170.8,4.28451428732567,2
170.81,4.331805500618173,2
170.82,4.5444131002888115,2
170.83,4.585776582894012,2
170.84,4.233600812792098,2
170.85,4.140730945429222,2
170.86,3.7336605468525983,2
170.87,3.92687299034117,2
170.88,4.49501883446768,2
170.89000000000001,4.59478398612864,2
170.9,3.9812592383148573,2
170.91,4.0128994296192,2
170.92000000000002,4.00747648940136,2
170.93,3.8564249151736476,2
170.94,3.291413374736199,2
170.95000000000002,3.497861807903762,2
170.96,3.8165470170842593,2
170.97,3.5844339368124434,2
170.98,3.372770729467605,2
170.99,3.345549438614413,2
171.0,3.9047634556266715,2
171.01,3.833981234388085,2
171.02,3.6336104383908423,2
171.03,3.5570839664178866,2
171.04,3.7654048540962894,2
171.05,3.215660396639283,2
171.06,3.228411764799861,2
171.07,3.2070263807103463,2
171.08,3.2556897103718487,2
171.09,3.1330205061562117,2
171.1,2.842645168903031,2
171.11,3.2225203422555273,2
171.12,2.7794098513695547,2
171.13,3.344805581002184,2
171.14000000000001,3.5088650014441587,2
171.15,3.750988845918148,2
171.16,3.793780705383382,2
171.17000000000002,4.148249315074426,2
171.18,4.285369588728324,2
171.19,4.6265104639638865,2
171.20000000000002,4.8035534284945784,2
171.21,5.039917910365017,2
171.22,4.7334118651449755,2
171.23,4.552219245788961,2
171.24,4.501556504227793,2
171.25,4.452381822318119,2
171.26,4.570139081859845,2
171.27,4.300715604101113,2
171.28,4.268872756498653,2
171.29,4.419655135965812,2
171.3,3.8349897073123254,2
171.31,4.150893266561454,2
171.32,4.71520946613246,2
171.33,4.384339750971307,2
171.34,4.765137559290715,2
171.35,4.752827156012377,2
171.36,4.42665405007768,2
171.37,4.6185124092350165,2
171.38,5.1062187580733065,2
171.39000000000001,4.881387690653182,2
171.4,4.4911351803901995,2
171.41,3.8088916656208927,2
171.42000000000002,3.7870046766349263,2
171.43,3.854556624266946,2
171.44,4.383131432653921,2
171.45000000000002,4.871951229017087,2
171.46,4.596876252107851,2
171.47,4.766013598087261,2
171.48,4.363325265451484,2
171.49,4.347657684182936,2
171.5,4.276070876496914,2
171.51,4.000230178072283,2
171.52,3.9661121642088095,2
171.53,4.208379741574615,2
171.54,4.498180051907904,2
171.55,4.407293135910761,2
171.56,4.341897043908788,2
171.57,3.7865644999247285,2
171.58,3.8855011915261,2
171.59,3.821730334127449,2
171.6,3.813950335365207,2
171.61,3.69616013859586,2
171.62,3.457693083573953,2
171.63,3.264465787542288,2
171.64000000000001,3.146295232974378,2
171.65,2.855757871856709,2
171.66,3.0527515223272075,2
171.67000000000002,3.3062715632187434,2
171.68,3.33661588048865,2
171.69,3.4530239907293514,2
171.70000000000002,3.4426973920818487,2
171.71,3.8220789566050435,2
171.72,3.8551862127825305,2
171.73,3.948337034062997,2
171.74,4.1811822879451634,2
171.75,4.156301669098969,2
171.76,4.535382005388339,2
171.77,4.293526762571999,2
171.78,4.753214254741169,2
171.79,4.622149272344553,2
171.8,4.375028961621617,2
171.81,3.893043692826003,2
171.82,4.150669191463856,2
171.83,4.032051114100899,2
171.84,4.069524156121203,2
171.85,4.13659090995941,2
171.86,3.984756372609929,2
171.87,4.29040516252956,2
171.88,4.390244670327855,2
171.89000000000001,4.109915659655584,2
171.9,3.718091515959829,2
171.91,3.9676315063984475,2
171.92000000000002,3.9025636973011495,2
171.93,4.110043700051726,2
171.94,4.028313115990782,2
171.95000000000002,4.085588984397434,2
171.96,4.3052286035361425,2
171.97,3.8493695904773992,2
171.98,4.342152421366969,2
171.99,4.414363729999404,2
172.0,3.793796031413142,2
172.01,4.196377486591695,2
172.02,4.456856984426529,2
172.03,4.3573668147762135,2
172.04,4.717089909914049,2
172.05,4.464396379208142,2
172.06,4.3810579838147055,2
172.07,5.007200798811934,2
172.08,5.0540610825352905,2
172.09,5.255754734107085,2
172.1,5.361615801548709,2
172.11,4.832827225685648,2
172.12,4.834278564675804,2
172.13,4.809545345034956,2
172.14000000000001,5.064567210201129,2
172.15,5.383364763707141,2
172.16,5.610459139455662,2
172.17000000000002,5.3153769459088736,2
172.18,4.776672781173339,2
172.19,4.840591443773786,2
172.20000000000002,4.731407616601806,2
172.21,4.3602739177791525,2
172.22,4.126975355437931,2
172.23,4.0975660172482,2
172.24,4.160955863411339,2
172.25,3.9873257761133605,2
172.26,3.984088660513935,2
172.27,3.9650153723797654,2
172.28,4.046385690380108,2
172.29,3.765250819402357,2
172.3,3.5909256870258646,2
172.31,4.013929510727278,2
172.32,3.9391370303872604,2
172.33,4.0802147176710655,2
172.34,3.727095630167779,2
172.35,4.090907311095769,2
172.36,4.40809316955234,2
172.37,4.451969110527133,2
172.38,4.2328126069871725,2
172.39000000000001,3.80259408514461,2
172.4,4.466715687740413,2
172.41,4.305162847549032,2
172.42000000000002,3.8684378527333316,2
172.43,3.712539846229296,2
172.44,3.854417748708008,2
172.45000000000002,3.5155464274139616,2
172.46,3.396716191855409,2
172.47,3.048784513874065,2
172.48,3.5528112094344437,2
172.49,3.5740507716601297,2
172.5,3.2051588610077717,2
172.51,3.0296224346841387,2
172.52,2.9438650909893553,2
172.53,3.056005788071586,2
172.54,2.8921364378141243,2
172.55,2.8994675848384555,2
172.56,2.8289495720882556,2
172.57,2.539016830626775,2
172.58,2.425834104438793,2
172.59,2.3646312865379167,2
172.6,2.1826982532242045,2
172.61,1.9554484495754736,2
172.62,1.9912735870647733,2
172.63,2.4371217372941247,2
172.64000000000001,2.5514976532537474,2
172.65,1.7945012326137948,2
172.66,2.3012434554566426,2
172.67000000000002,2.274767873661555,2
172.68,2.8547029709519816,2
172.69,3.197805462547552,2
172.70000000000002,3.191140505352032,2
172.71,3.2167664092976342,2
172.72,2.97184165243841,2
172.73,3.2592499227541376,2
172.74,3.7913405329846275,2
172.75,3.606248688132333,2
172.76,3.474785325618964,2
172.77,4.086479512522196,2
172.78,4.102286425560778,2
172.79,3.660255802000034,2
172.8,3.3078108519662823,2
172.81,3.859898575693365,2
172.82,4.0081210075478175,2
172.83,3.709740595146603,2
172.84,3.8343318586478667,2
172.85,3.6151256970199146,2
172.86,3.1095994654165215,2
172.87,3.10074960457917,2
172.88,3.1882024615650484,2
172.89000000000001,2.8253736504964344,2
172.9,2.586723838835863,2
172.91,2.444231269869044,2
172.92000000000002,2.5419139672656135,2
172.93,2.724180097411053,2
172.94,2.4429539671800318,2
172.95000000000002,2.4337364249176114,2
172.96,2.4570020392934566,2
172.97,2.118987237403238,2
172.98,2.370782385900525,2
172.99,2.7028005140013556,2
173.0,2.9208950155535893,2
173.01,2.6543417203632442,2
173.02,2.958323961810965,2
173.03,3.0338028893624864,2
173.04,3.4087934472988954,2
173.05,3.603420746524037,2
173.06,3.7315138429701866,2
173.07,3.6784519982489963,2
173.08,3.9815126468651147,2
173.09,3.6593902734811223,2
173.1,3.3353561004600705,2
173.11,4.1787117977216965,2
173.12,3.6104611751290943,2
173.13,3.3118776240677534,2
173.14000000000001,3.608406396822317,2
173.15,3.1865676562264897,2
173.16,3.476572691836348,2
173.17000000000002,3.8765100514831516,2
173.18,4.270253388267937,2
173.19,4.2621307763516985,2
173.20000000000002,3.9035926554762184,2
173.21,3.6541560460463085,2
173.22,4.0471820845487425,2
173.23,3.5138014127640185,2
173.24,3.7956988733700094,2
173.25,3.3605478663510144,2
173.26,3.397528540315067,2
173.27,3.2812745357554234,2
173.28,3.2276097595674074,2
173.29,3.6849320529999523,2
173.3,3.563718103632348,2
173.31,3.902804703612038,2
173.32,3.7086102200895272,2
173.33,3.8120202656062556,2
173.34,3.794753394583537,2
173.35,3.42627745682672,2
173.36,3.1010642988875783,2
173.37,3.1165425099283306,2
173.38,3.0933421399109036,2
173.39000000000001,3.3757111117066523,2
173.4,2.912531046998081,2
173.41,2.7864811166832943,2
173.42000000000002,3.0298070857109223,2
173.43,3.056230696453606,2
173.44,2.738431517269571,2
173.45000000000002,2.9666105826254405,2
173.46,3.3104141603306454,2
173.47,3.0966756630605667,2
173.48,3.4609349939925385,2
173.49,3.3459199291352326,2
173.5,3.310378139898854,2
173.51,3.2284084587408035,2
173.52,3.5928931323100253,2
173.53,3.5873946855573986,2
173.54,3.8476944901312793,2
173.55,3.725364709540978,2
173.56,3.854601301459499,2
173.57,3.5610364136639148,2
173.58,3.8885932316889797,2
173.59,3.812845754971806,2
173.6,4.185491129415205,2
173.61,4.15211526795622,2
173.62,4.164013117899668,2
173.63,4.795441936597344,2
173.64000000000001,4.927089787284113,2
173.65,4.889489626133161,2
173.66,4.455111581294956,2
173.67000000000002,4.195615502987563,2
173.68,4.398576927695184,2
173.69,4.264522796299377,2
173.70000000000002,4.179397002253482,2
173.71,3.8548602050709078,2
173.72,3.9841311236906582,2
173.73,4.015241839391501,2
173.74,4.215698201319591,2
173.75,4.544874617372481,2
173.76,4.617517358432329,2
173.77,4.223463186576491,2
173.78,3.772727002908308,2
173.79,4.002507980813678,2
173.8,4.036290166436191,2
173.81,4.528843320515409,2
173.82,4.483018186901025,2
173.83,3.9452971654145257,2
173.84,3.5921201463393446,2
173.85,3.4203530891269396,2
173.86,3.971683174154692,2
173.87,4.305679595440502,2
173.88,4.123224264661143,2
173.89000000000001,4.056022271496624,2
173.9,3.664397620448891,2
173.91,3.302157127528807,2
173.92000000000002,3.688948243723228,2
173.93,3.986633706250526,2
173.94,3.90976274173711,2
173.95000000000002,4.44098772816297,2
173.96,4.519958458095433,2
173.97,4.527961447135681,2
173.98,4.536812066458794,2
173.99,4.182307699437665,2
174.0,4.431632655833559,2
174.01,4.658181331950631,2
174.02,4.660538126906619,2
174.03,4.277632105990852,2
174.04,4.558466132566302,2
174.05,3.9925386615536755,2
174.06,3.7740234430685042,2
174.07,3.9610275548158165,2
174.08,3.8492460770291057,2
174.09,3.5838920105369656,2
174.1,4.017666808823729,2
174.11,4.337030171884553,2
174.12,4.6054834245883685,2
174.13,4.639027302159861,2
174.14000000000001,4.584992693208475,2
174.15,5.018906293372164,2
174.16,5.323674187019556,2
174.17000000000002,5.167429870563964,2
174.18,5.818868795981846,2
174.19,5.601536869006167,2
174.20000000000002,5.550596824630269,2
174.21,5.789499393454744,2
174.22,5.715827022078434,2
174.23,5.469359395799053,2
174.24,5.430570506085754,2
174.25,5.286024655623123,2
174.26,4.553779599098586,2
174.27,4.7826890729726355,2
174.28,4.528074791535043,2
174.29,4.149275854192747,2
174.3,4.475741710046307,2
174.31,4.5353168291413,2
174.32,4.6743279173521834,2
174.33,4.571101459282931,2
174.34,4.57753844535334,2
174.35,4.434581338070329,2
174.36,4.147071877694819,2
174.37,4.326538805139226,2
174.38,4.361297610520694,2
174.39000000000001,4.812921586975523,2
174.4,4.098205074294546,2
174.41,4.422375881013116,2
174.42000000000002,4.270232098803901,2
174.43,4.10636331947306,2
174.44,4.261320424660977,2
174.45000000000002,3.9835322776614817,2
174.46,3.8578008577173803,2
174.47,4.040464126491579,2
174.48,3.8848092872428657,2
174.49,3.6963761357367675,2
174.5,3.5261761431657446,2
174.51,3.672970654340201,2
174.52,3.364366291440351,2
174.53,3.642033149458834,2
174.54,4.277233259253958,2
174.55,4.250456164325182,2
174.56,4.348728573916349,2
174.57,4.388860653538977,2
174.58,4.08542142347157,2
174.59,4.166527099366925,2
174.6,4.2128716227138465,2
174.61,4.693626713303503,2
174.62,4.694489260150548,2
174.63,4.976899827563308,2
174.64000000000001,5.000802139617186,2
174.65,4.756490532712872,2
174.66,4.345041933972435,2
174.67000000000002,4.397844601490592,2
174.68,4.5734732570748715,2
174.69,4.490901882037132,2
174.70000000000002,4.262454901744761,2
174.71,4.634834952405855,2
174.72,4.446291210668238,2
174.73,4.075300337226557,2
174.74,4.049354286102074,2
174.75,4.066431751475566,2
174.76,3.851419953048126,2
174.77,3.8403663684829836,2
174.78,3.376032063981417,2
174.79,3.558508688496659,2
174.8,3.3051955711200582,2
174.81,3.2664802930707157,2
174.82,3.14809537791774,2
174.83,3.630401155423672,2
174.84,3.5813992548855276,2
174.85,3.384301521557903,2
174.86,4.038144753430868,2
174.87,4.542799742185316,2
174.88,4.725482795595367,2
174.89000000000001,4.812177405598292,2
174.9,4.4857530855111944,2
174.91,4.745206255960462,2
174.92000000000002,4.7740299373999155,2
174.93,4.516194798984108,2
174.94,4.504477030378041,2
174.95000000000002,4.322484907381859,2
174.96,3.8589025641080896,2
174.97,4.259876175241484,2
174.98,3.720012452587186,2
174.99,4.3590544324524565,2
175.0,4.262559293826192,2
175.01,4.364390287263288,2
175.02,4.479335493431681,2
175.03,4.150996086545818,2
175.04,4.076278951068406,2
175.05,4.039914037184452,2
175.06,3.8649125867941625,2
175.07,4.172311588634714,2
175.08,3.8123765675693404,2
175.09,3.887440229389567,2
175.1,3.4141573426774676,2
175.11,3.5405320144180235,2
175.12,3.6345622472034704,2
175.13,4.2116045470179495,2
175.14000000000001,4.016242849722879,2
175.15,3.966616776694827,2
175.16,3.901975447046797,2
175.17000000000002,4.388150809633906,2
175.18,4.186179717342445,2
175.19,4.231390849320138,2
175.20000000000002,4.1251270364547725,2
175.21,4.069637180462959,2
175.22,4.065844284537945,2
175.23,4.370385707033579,2
175.24,4.745255795480681,2
175.25,4.277498718365773,2
175.26,4.471094370463431,2
175.27,4.779520004977036,2
175.28,4.797895576045038,2
175.29,5.053601899665568,2
175.3,4.5943896058966684,2
175.31,4.678892556946349,2
175.32,4.96477489900811,2
175.33,4.689766120281382,2
175.34,4.255829792214288,2
175.35,4.553763090554695,2
175.36,4.378599730522894,2
175.37,4.176893285142857,2
175.38,3.626438865190209,2
175.39000000000001,3.5182954277831935,2
175.4,3.36855487564048,2
175.41,2.9209398752771394,2
175.42000000000002,2.863057613583518,2
175.43,3.31254585564146,2
175.44,3.4782366609877844,2
175.45000000000002,3.0665845276191193,2
175.46,3.2704223271459556,2
175.47,3.549277445783431,2
175.48,3.6238125885615027,2
175.49,3.6514554195972106,2
175.5,3.461632107591113,2
175.51,3.633985429655587,2
175.52,3.8363608934759705,2
175.53,3.932212541306049,2
175.54,4.433499849338807,2
175.55,4.331939414262347,2
175.56,3.9294498317146673,2
175.57,4.410874338926514,2
175.58,3.8344320875062126,2
175.59,3.7380301510063068,2
175.6,3.5032857858690396,2
175.61,3.52407061807841,2
175.62,3.533072917623263,2
175.63,3.3088188451909466,2
175.64000000000001,3.6803655609690193,2
175.65,3.67415569957462,2
175.66,4.052092266619052,2
175.67000000000002,3.715653062774523,2
175.68,5.864680122503275,2
175.69,4.151470110588854,2
175.70000000000002,3.4098250035457065,2
175.71,3.9639495948915133,2
175.72,3.881459449880619,2
175.73,3.237800021041299,2
175.74,3.44847522753912,2
175.75,3.6919562181056924,2
175.76,3.429779034846893,2
175.77,3.647057638109193,2
175.78,3.912073584772909,2
175.79,3.340253803351784,2
175.8,3.722453518587744,2
175.81,4.0841873373609685,2
175.82,3.9884452591672273,2
175.83,4.172387876801124,2
175.84,4.715130070081436,2
175.85,4.457346062391658,2
175.86,4.74047362002843,2
175.87,4.735887619027794,2
175.88,4.339365519953054,2
175.89000000000001,3.78959240770124,2
175.9,4.015160394788791,2
175.91,3.643545369910821,2
175.92000000000002,3.9534328043242972,2
175.93,3.3391470805583117,2
175.94,3.4474610235023126,2
175.95000000000002,3.4119256629253836,2
175.96,3.9458520901613445,2
175.97,4.01520665650002,2
175.98,4.1872697459888775,2
175.99,4.046476417009025,2
176.0,3.9912244148677063,2
176.01,4.290262969799779,2
176.02,4.265861143726654,2
176.03,3.9789013977178573,2
176.04,4.304109115097449,2
176.05,4.75135441075589,2
176.06,5.102012848131521,2
176.07,5.357382535150989,2
176.08,5.14153103841636,2
176.09,4.74933854732413,2
176.1,4.3382562543615215,2
176.11,3.9340518489879113,2
176.12,3.9141500633689175,2
176.13,4.424596574598599,2
176.14000000000001,3.91350411146791,2
176.15,3.926905859840641,2
176.16,3.843512832022763,2
176.17000000000002,3.526067845378333,2
176.18,3.501664189895266,2
176.19,3.9169107374878163,2
176.20000000000002,3.9896295450318933,2
176.21,4.168370413261827,2
176.22,4.454410016827065,2
176.23,4.518531048283179,2
176.24,4.362333699720458,2
176.25,4.354542084711239,2
176.26,4.01499685443317,2
176.27,4.029707764088724,2
176.28,4.061293640701429,2
176.29,4.428348726317736,2
176.3,4.2936555470609505,2
176.31,4.172411536083759,2
176.32,3.725742926282554,2
176.33,3.9369015887671557,2
176.34,3.526923098439022,2
176.35,3.433175115930046,2
176.36,3.288634046371065,2
176.37,3.61212827340248,2
176.38,3.7891627348963466,2
176.39000000000001,4.01076839918833,2
176.4,4.277606176607186,2
176.41,4.068665008021506,2
176.42000000000002,3.815954679474759,2
176.43,3.357282625632651,2
176.44,3.457697531192546,2
176.45000000000002,3.2902236545944965,2
176.46,3.4890411788437303,2
176.47,3.86891132972871,2
176.48,4.145563078224726,2
176.49,4.165251864252003,2
176.5,4.170819134727149,2
176.51,4.151121807103393,2
176.52,4.73804330130191,2
176.53,4.499237863322254,2
176.54,4.471755996486084,2
176.55,4.373299295888468,2
176.56,4.1140836221143395,2
176.57,3.9950630859150427,2
176.58,4.003467907995927,2
176.59,3.667442048691087,2
176.6,4.167786078712642,2
176.61,4.356768832645857,2
176.62,4.63047581317137,2
176.63,4.521721105786491,2
176.64000000000001,4.3808524920040774,2
176.65,4.2821613219881804,2
176.66,4.056645551583695,2
176.67000000000002,4.419262257049537,2
176.68,4.773063316660997,2
176.69,4.851497585144532,2
176.70000000000002,5.247461507640355,2
176.71,5.801682991161471,2
176.72,6.144766049253661,2
176.73,5.7973643350184485,2
176.74,4.932281534776837,2
176.75,5.049510823157819,2
176.76,5.065500544699466,2
176.77,4.98981587549491,2
176.78,4.825130926952324,2
176.79,5.125300860041997,2
176.8,4.574628955462804,2
176.81,4.951223999341638,2
176.82,5.3473141576281735,2
176.83,5.255132139025931,2
176.84,5.210147242549788,2
176.85,4.753176704528205,2
176.86,4.962458749457752,2
176.87,5.2263960948444375,2
176.88,5.3203110805889615,2
176.89000000000001,4.837090233780085,2
176.9,4.29738904850713,2
176.91,4.199563342698014,2
176.92000000000002,4.202046393599201,2
176.93,4.4694770276316635,2
176.94,4.354385029287055,2
176.95000000000002,4.620016083178378,2
176.96,4.877942534069958,2
176.97,4.924323082633312,2
176.98,5.078113991590062,2
176.99,4.852418981288372,2
177.0,4.443719936308472,2
177.01,4.2381521275727865,2
177.02,3.9784001055082694,2
177.03,4.323568507513924,2
177.04,4.535613231654117,2
177.05,3.9067689646441788,2
177.06,3.966760560345931,2
177.07,3.464125457913964,2
177.08,3.2106066432393656,2
177.09,3.525282070314302,2
177.1,3.084210932374789,2
177.11,2.7892728616382803,2
177.12,2.6201914428517594,2
177.13,2.309108561217898,2
177.14000000000001,2.075800727457971,2
177.15,2.2523202428149784,2
177.16,1.9497457349730156,2
177.17000000000002,2.0842180624388824,2
177.18,2.2783715470632497,2
177.19,2.663569645575679,2
177.20000000000002,3.0605179998342154,2
177.21,2.7645451419264866,2
177.22,2.5130226693227193,2
177.23,2.2708488903892996,2
177.24,2.667837033096865,2
177.25,2.8989668303895906,2
177.26,2.9090005035043505,2
177.27,2.6803587822602424,2
177.28,2.856319579124994,2
177.29,3.3585155799666326,2
177.3,3.792041684263957,2
177.31,3.3954278453567843,2
177.32,3.759344666911149,2
177.33,3.3622887761729454,2
177.34,3.3120794666939037,2
177.35,3.2335280515918328,2
177.36,3.3856262767678356,2
177.37,3.1630357185926803,2
177.38,3.2758840877902946,2
177.39000000000001,3.04204269961822,2
177.4,3.1865671196585894,2
177.41,2.894684621630485,2
177.42000000000002,2.892525922532065,2
177.43,3.004317650435414,2
177.44,3.032999732059324,2
177.45000000000002,3.369080032119975,2
177.46,2.792163868051485,2
177.47,2.9624236513774145,2
177.48,2.8309563438955023,2
177.49,3.115287328323667,2
177.5,3.2124286867509304,2
177.51,3.5994151713322795,2
177.52,3.57349669301724,2
177.53,3.9658398870153895,2
177.54,4.013633215466498,2
177.55,3.645848813699992,2
177.56,3.450804418057485,2
177.57,3.3395177518969663,2
177.58,3.438043787990405,2
177.59,3.749170933249853,2
177.6,3.947300334273922,2
177.61,4.140880602537106,2
177.62,3.915311834838759,2
177.63,4.173772767734141,2
177.64000000000001,4.185851828611815,2
177.65,4.392409935149569,2
177.66,3.93456505501424,2
177.67000000000002,4.069304479204406,2
177.68,3.889311002129819,2
177.69,3.5418775890225658,2
177.70000000000002,3.7708661852877077,2
177.71,3.6722273469332136,2
177.72,3.8552745162289552,2
177.73,3.5925811899933366,2
177.74,4.20894003782246,2
177.75,4.15432682563667,2
177.76,4.005951392607983,2
177.77,4.285847364081049,2
177.78,4.232973305716162,2
177.79,5.10661453570987,2
177.8,5.326048459234306,2
177.81,5.0593144439248805,2
177.82,4.974426432541743,2
177.83,4.895764082947861,2
177.84,4.5071954922118875,2
177.85,4.82014200334456,2
177.86,4.616417971258577,2
177.87,4.484706371450551,2
177.88,4.498180254781953,2
177.89000000000001,4.188930011133152,2
177.9,4.2299150169754585,2
177.91,4.0644468511700085,2
177.92000000000002,3.9229814822915197,2
177.93,3.8847441419160678,2
177.94,3.688036851747357,2
177.95000000000002,3.2759069489180335,2
177.96,3.3975599621543915,2
177.97,2.80910785435457,2
177.98,2.2897209161763312,2
177.99,2.473421276551255,2
178.0,2.5745501371488917,2
178.01,2.790568755721061,2
178.02,3.099746553202006,2
178.03,2.629556501462062,2
178.04,2.5924389796933003,2
178.05,2.606357075727349,2
178.06,2.834198704146836,2
178.07,3.015446054210104,2
178.08,2.9991426135172765,2
178.09,3.111738934726289,2
178.1,3.1226888560739665,2
178.11,2.9518265704751934,2
178.12,3.071923659555324,2
178.13,2.557214022585763,2
178.14000000000001,2.770991592029281,2
178.15,3.2940520881183493,2
178.16,3.2663524697259523,2
178.17000000000002,3.923941811590806,2
178.18,4.102407832345054,2
178.19,4.505373844243764,2
178.20000000000002,4.564144006151121,2
178.21,4.66400574689015,2
178.22,4.638187343153365,2
178.23,4.130167640319189,2
178.24,3.560315148004836,2
178.25,3.5359157706702833,2
178.26,3.411561136693305,2
178.27,3.3087378321660474,2
178.28,3.019678500905076,2
178.29,3.431797214931754,2
178.3,3.196453502090265,2
178.31,2.9663191833833493,2
178.32,3.080558491034358,2
178.33,3.4794701043286618,2
178.34,3.7718763498842804,2
178.35,3.6106371340573866,2
178.36,3.589400336014401,2
178.37,4.095204987641281,2
178.38,4.399064983758027,2
178.39000000000001,4.607543583500272,2
178.4,4.655943745684213,2
178.41,4.618729751581334,2
178.42000000000002,5.125942534726681,2
178.43,5.3331054382255125,2
178.44,5.234389728060725,2
178.45000000000002,5.3158630124907775,2
178.46,5.113654721056089,2
178.47,4.547722626709405,2
178.48,4.2032763794598695,2
178.49,4.052412308096749,2
178.5,3.8982933402033995,2
178.51,3.7035939988633984,2
178.52,3.5412448590318544,2
178.53,3.9571774505924187,2
178.54,4.480701529608923,2
178.55,4.804459516796511,2
178.56,4.112762841258954,2
178.57,4.406888054805281,2
178.58,4.574872211280576,2
178.59,4.506837221670503,2
178.6,4.315346109095708,2
178.61,4.197420471302491,2
178.62,4.458169857037201,2
178.63,4.52162782795876,2
178.64000000000001,4.815001939161469,2
178.65,4.964322594966573,2
178.66,5.2760305658452635,2
178.67000000000002,5.32804790241273,2
178.68,4.873034376371781,2
178.69,4.332384855978393,2
178.70000000000002,4.482188225703485,2
178.71,4.604131808482657,2
178.72,4.368863441964781,2
178.73,4.402045468811316,2
178.74,4.233086826670427,2
178.75,4.070049931048319,2
178.76,3.656962141179996,2
178.77,3.7039527203085005,2
178.78,3.587111518811914,2
178.79,3.7356027991416476,2
178.8,3.2652795750666295,2
178.81,3.5092824316099382,2
178.82,3.4123635882633585,2
178.83,3.168925784944576,2
178.84,3.1273941478663905,2
178.85,2.761837078439367,2
178.86,2.803226573208137,2
178.87,2.957808139869489,2
178.88,3.0826181130083463,2
178.89000000000001,3.30467610052295,2
178.9,3.2133720720063215,2
178.91,3.5128527779804144,2
178.92000000000002,3.63698060340502,2
178.93,3.9044597611224328,2
178.94,4.38408510125249,2
178.95000000000002,3.906168733674915,2
178.96,3.807142587212708,2
178.97,3.610291474557294,2
178.98,4.255087152098126,2
178.99,4.398808539587596,2
179.0,4.440289060770837,2
179.01,4.735114790133367,2
179.02,4.665123965200778,2
179.03,4.730831334627168,2
179.04,4.528536091826336,2
179.05,4.089091352922279,2
179.06,4.334459177417198,2
179.07,4.029069192681327,2
179.08,4.238261307935826,2
179.09,4.521459613052929,2
179.1,3.833397596719957,2
179.11,4.146084607147822,2
179.12,4.2036039308879625,2
179.13,3.90847620390866,2
179.14000000000001,3.4247021940895546,2
179.15,3.4621650768197667,2
179.16,3.4653486765989707,2
179.17000000000002,3.828219861914447,2
179.18,3.8637411981897345,2
179.19,3.5691927997764865,2
179.20000000000002,3.1720563741838674,2
179.21,3.2963412586306116,2
179.22,3.367908542956703,2
179.23,3.8052290276904084,2
179.24,3.685351657345217,2
179.25,3.8354400124327594,2
179.26,3.814277444884464,2
179.27,3.067204241365827,2
179.28,3.3633601174170478,2
179.29,3.3062984394767154,2
179.3,3.5624158221916464,2
179.31,3.6541256184168787,2
179.32,3.4085659989824184,2
179.33,3.4183448454171956,2
179.34,3.4676233958797917,2
179.35,3.5729974579194814,2
179.36,3.760854575971373,2
179.37,3.793414844518585,2
179.38,4.308824499798499,2
179.39000000000001,4.516090498156518,2
179.4,4.746672225381792,2
179.41,4.905728816372381,2
179.42000000000002,4.836808077263703,2
179.43,4.960481835248122,2
179.44,5.21825714291789,2
179.45000000000002,5.1321368593263,2
179.46,5.3166320020597695,2
179.47,4.816008213511522,2
179.48,5.045788491355913,2
179.49,4.72277935991793,2
179.5,4.280928037861801,2
179.51,4.173758977283905,2
179.52,4.215139398859215,2
179.53,4.288468413804817,2
179.54,7.844225554601595,2
179.55,5.692441958645464,2
179.56,4.830162347569393,2
179.57,5.2135438623212735,2
179.58,5.156115818392475,2
179.59,4.806046795185727,2
179.6,5.431158117470992,2
179.61,5.776747541455189,2
179.62,5.653035005534832,2
179.63,5.101775028848392,2
179.64000000000001,5.167405018330814,2
179.65,4.883524299340203,2
179.66,5.042802284043161,2
179.67000000000002,5.0035466824517325,2
179.68,4.450988944764022,2
179.69,4.071573102687226,2
179.70000000000002,3.8484693718767993,2
179.71,4.328535722878739,2
179.72,4.111537484764702,2
179.73,3.4561651580422383,2
179.74,3.4534321314257355,2
179.75,3.434040036106143,2
179.76,3.9410746899901454,2
179.77,4.376086504156756,2
179.78,3.967668282732869,2
179.79,4.082368196131642,2
179.8,4.298456659916624,2
179.81,4.234285181201596,2
179.82,4.2607447386709305,2
179.83,4.5479189440045555,2
179.84,4.5760685551520766,2
179.85,4.708427931135067,2
179.86,5.036197124524842,2
179.87,4.806051362993672,2
179.88,4.951011041480419,2
179.89000000000001,4.729992900897288,2
179.9,4.961156411542474,2
179.91,4.688982286214548,2
179.92000000000002,4.743195035365895,2
179.93,4.604297340081978,2
179.94,4.710189586566974,2
179.95000000000002,4.39981936836366,2
179.96,4.281197570686083,2
179.97,4.23816431466285,2
179.98,3.909908135128645,2
179.99,3.746761190656563,2
180.0,3.3075324543731006,2
180.01,3.483642262074602,2
180.02,3.7602990940027414,2
180.03,3.390048377555387,2
180.04,3.119229572357357,2
180.05,2.9356480451185907,2
180.06,2.6813035439513087,2
180.07,2.9263219866828165,2
180.08,2.8376764195135675,2
180.09,3.024796977009923,2
180.1,2.910524415880543,2
180.11,2.9230311963620084,2
180.12,3.324962465528824,2
180.13,3.065081090378892,2
180.14000000000001,2.9993838303914795,2
180.15,3.217781398498662,2
180.16,3.2057577171359783,2
180.17000000000002,3.3386332294370176,2
180.18,3.4052618654070095,2
180.19,3.0378352567831666,2
180.20000000000002,3.5304516609064165,2
180.21,3.549261658480994,2
180.22,4.046180220065456,2
180.23,4.137349359956807,2
180.24,4.49666192859816,2
180.25,4.736635683656037,2
180.26,5.011149303828118,2
180.27,4.846912934889192,2
180.28,5.268563370857379,2
180.29,5.00797694833407,2
180.3,5.009939184483069,2
180.31,5.153494883789455,2
180.32,5.936933108776825,2
180.33,6.053181816727682,2
180.34,5.698809838546062,2
180.35,5.605245409854635,2
180.36,5.063273667904817,2
180.37,5.3734169169393615,2
180.38,4.350169207878002,2
180.39000000000001,4.266282986258017,2
180.4,4.861758716031558,2
180.41,4.990850971878489,2
180.42000000000002,5.030534199427888,2
180.43,4.589807722707109,2
180.44,4.907891601319032,2
180.45000000000002,4.558021690035926,2
180.46,4.245484041319234,2
180.47,4.597503724382852,2
180.48,4.269256317507518,2
180.49,3.827686388074952,2
180.5,3.5717753898027014,2
180.51,3.6681970780625144,2
180.52,3.559013266599573,2
180.53,4.117834944795444,2
180.54,4.115740209813706,2
180.55,3.752787127533019,2
180.56,3.2482516859028885,2
180.57,3.578556585339166,2
180.58,3.7057699618287536,2
180.59,3.907563709616104,2
180.6,3.795844174325038,2
180.61,3.8599487654049724,2
180.62,4.2112976245479405,2
180.63,4.191735085382921,2
180.64000000000001,3.8475002744296605,2
180.65,4.067533663071063,2
180.66,3.9619120563529613,2
180.67000000000002,4.239471714894987,2
180.68,4.222741417369675,2
180.69,4.44464442339672,2
180.70000000000002,4.543833458120671,2
180.71,4.8572157319383695,2
180.72,5.044077438369579,2
180.73,4.569980395457038,2
180.74,3.982129158270695,2
180.75,3.962113003819135,2
180.76,4.136415028489074,2
180.77,3.917263946043638,2
180.78,4.051805219868906,2
180.79,4.160954495007297,2
180.8,4.124180113634765,2
180.81,3.9319499205209083,2
180.82,3.6499370221645235,2
180.83,4.387363766147475,2
180.84,3.7477657095115653,2
180.85,3.42198978226482,2
180.86,4.216575244027739,2
180.87,3.902233973937531,2
180.88,3.752598454855044,2
180.89000000000001,3.9700229378876,2
180.9,4.109321545318845,2
180.91,4.223921518014566,2
180.92000000000002,4.6252186683735665,2
180.93,4.291254573287601,2
180.94,4.311699576686291,2
180.95000000000002,4.265315766680162,2
180.96,3.9897302094414426,2
180.97,4.020152971485159,2
180.98,4.176898195795066,2
180.99,4.324922978215076,2
181.0,4.5954323342572385,2
181.01,4.5245525030314875,2
181.02,4.186681301058779,2
181.03,3.775864392292947,2
181.04,3.667547061367659,2
181.05,3.317544620127766,2
181.06,3.18442692484003,2
181.07,2.9311417240393185,2
181.08,2.852499707399251,2
181.09,3.472550626663274,2
181.1,3.4903484213931026,2
181.11,3.9867869716891673,2
181.12,4.106447370317284,2
181.13,3.919452010863448,2
181.14000000000001,3.8925736644245177,2
181.15,3.4356311692124044,2
181.16,3.398258114275335,2
181.17000000000002,3.0870352544565978,2
181.18,3.347918626751224,2
181.19,3.289909695899486,2
181.20000000000002,3.2748967669396594,2
181.21,3.2289943314068363,2
181.22,3.5606354163487692,2
181.23,3.352456110167703,2
181.24,3.146393594391065,2
181.25,3.3288216468865697,2
181.26,3.703727096414617,2
181.27,3.827215056046129,2
181.28,4.464091215809733,2
181.29,4.152981193632268,2
181.3,3.523835741856289,2
181.31,3.709498372073586,2
181.32,3.695118107582253,2
181.33,3.859213718793766,2
181.34,4.115927856256658,2
181.35,3.672159163528129,2
181.36,3.623712468353917,2
181.37,3.8273888417331485,2
181.38,3.9170367319637047,2
181.39000000000001,3.8754660158542507,2
181.4,4.097086792449459,2
181.41,4.369756678480434,2
181.42000000000002,3.751623110643603,2
181.43,4.2229247240673775,2
181.44,3.854179670878096,2
181.45000000000002,4.037467543698177,2
181.46,3.9400522306103203,2
181.47,4.301604781278532,2
181.48,4.475742514278894,2
181.49,4.5951417237843994,2
181.5,4.598523439615918,2
181.51,4.386433650137537,2
181.52,4.067270203146324,2
181.53,3.6686869342902266,2
181.54,3.5245422601695164,2
181.55,3.830520840906463,2
181.56,3.5635953485800793,2
181.57,3.9497851967131936,2
181.58,3.6641660872330495,2
181.59,3.6511735009878703,2
181.6,3.813865123932701,2
181.61,4.123326802010161,2
181.62,4.007127520060914,2
181.63,4.142766181361705,2
181.64000000000001,4.188717156501539,2
181.65,4.099075987800266,2
181.66,3.794878825589279,2
181.67000000000002,3.9400681222631766,2
181.68,3.9539557079631757,2
181.69,3.868024343591526,2
181.70000000000002,3.9137411163017592,2
181.71,4.084191665800171,2
181.72,3.5998163792756017,2
181.73,3.4850651028056334,2
181.74,3.2605442828242315,2
181.75,3.079912359708235,2
181.76,2.9484023718450048,2
181.77,3.364773379747033,2
181.78,3.5227129663870476,2
181.79,3.258789878662668,2
181.8,3.3855602656607022,2
181.81,3.5683312627579453,2
181.82,3.509869001603016,2
181.83,3.194146544949092,2
181.84,2.966297738730707,2
181.85,2.620263168149929,2
181.86,3.3645420096834875,2
181.87,2.938307526118111,2
181.88,2.6891239837880305,2
181.89000000000001,2.813557191855214,2
181.9,2.4144490089622415,2
181.91,2.2446682355361065,2
181.92000000000002,2.452764186207819,2
181.93,2.6650603887679583,2
181.94,2.9146392339360134,2
181.95000000000002,3.2258818200339863,2
181.96,3.2918673822062017,2
181.97,3.167503968201933,2
181.98,3.3803471569355823,2
181.99,3.836281583811512,2
182.0,4.027648529563641,2
182.01,3.7801560392659352,2
182.02,3.976150568481812,2
182.03,4.136975039012357,2
182.04,3.772774207490332,2
182.05,3.7294677424651934,2
182.06,3.917060368109548,2
182.07,4.254344638803557,2
182.08,4.045717883566141,2
182.09,3.628259497227967,2
182.1,3.809533804826352,2
182.11,3.758272705378295,2
182.12,3.8503494735231096,2
182.13,3.9192253785733753,2
182.14000000000001,3.969382122479129,2
182.15,3.8552653058658533,2
182.16,4.126599137893835,2
182.17000000000002,3.8734312644757023,2
182.18,3.961255693739561,2
182.19,4.075677556057854,2
182.20000000000002,4.01270998510874,2
182.21,4.2361889892779905,2
182.22,4.080783118967232,2
182.23,4.723458120433605,2
182.24,4.718147441594245,2
182.25,4.997181732578552,2
182.26,5.149073930650052,2
182.27,5.437496626140266,2
182.28,5.318702894993995,2
182.29,5.506182109202929,2
182.3,5.768089377282259,2
182.31,5.672878387138563,2
182.32,5.307667100077654,2
182.33,5.695323236846658,2
182.34,5.531177248889569,2
182.35,5.40032384633812,2
182.36,5.336886225578065,2
182.37,4.981287143708609,2
182.38,4.97952829182084,2
182.39000000000001,4.980238071549636,2
182.4,4.879355648719289,2
182.41,4.772554151174857,2
182.42000000000002,4.6323452252481205,2
182.43,4.461412316798449,2
182.44,4.621133118194096,2
182.45000000000002,4.641283249722047,2
182.46,4.840993612913761,2
182.47,4.609144691856721,2
182.48,4.867767741624972,2
182.49,5.033561035514872,2
182.5,4.861380307301651,2
182.51,4.586467804013043,2
182.52,4.6963215464252706,2
182.53,4.177328937134752,2
182.54,4.042004885712825,2
182.55,4.115857899770748,2
182.56,4.0618240162606325,2
182.57,3.752139470378767,2
182.58,3.8025358984341824,2
182.59,3.539292927234163,2
182.6,3.6592421780673834,2
182.61,3.5824147523904233,2
182.62,3.584945482455339,2
182.63,3.393535864427186,2
182.64000000000001,3.6734152722669533,2
182.65,3.664690993937222,2
182.66,3.4891240948659594,2
182.67000000000002,3.5060039470957793,2
182.68,4.046927263896911,2
182.69,4.137094386332867,2
182.70000000000002,4.428209214985694,2
182.71,3.928756936946589,2
182.72,3.8799619415946514,2
182.73,3.608659598413545,2
182.74,3.500646455841252,2
182.75,3.3333963943856215,2
182.76,3.7653780309130735,2
182.77,3.9919667653119126,2
182.78,3.778746929198271,2
182.79,3.669218485713022,2
182.8,3.8051051775165465,2
182.81,4.076930541903145,2
182.82,4.3641804356688105,2
182.83,4.507709769191775,2
182.84,4.970932459979969,2
182.85,4.994755841785625,2
182.86,4.769227608704934,2
182.87,4.46145100762685,2
182.88,4.109443480662581,2
182.89000000000001,3.755741092081097,2
182.9,3.9713141073216245,2
182.91,4.424908981895663,2
182.92000000000002,4.4120942286871125,2
182.93,4.888826990799802,2
182.94,4.807742251151421,2
182.95000000000002,4.898918975860378,2
182.96,4.360716370578315,2
182.97,4.5547732128852925,2
182.98,4.318779535510824,2
182.99,4.5222343862889405,2
183.0,4.833552704851561,2
183.01,4.836557538136939,2
183.02,4.875652378332401,2
183.03,4.821662426060553,2
183.04,4.920714403102406,2
183.05,5.3593460685303,2
183.06,5.226668132235169,2
183.07,5.150703832126162,2
183.08,4.5317412605226375,2
183.09,4.598149720267646,2
183.1,4.317021611163977,2
183.11,4.229267504509838,2
183.12,4.341596563172023,2
183.13,3.8495687929013016,2
183.14000000000001,3.9965339955775705,2
183.15,4.06803579023919,2
183.16,4.260469318797432,2
183.17000000000002,4.053517846061258,2
183.18,4.363388552754296,2
183.19,4.413435855241037,2
183.20000000000002,4.170819957596209,2
183.21,3.765735568325885,2
183.22,3.6357523630730006,2
183.23,3.9188818231741935,2
183.24,4.053219801823841,2
183.25,3.439965936266587,2
183.26,3.4016182194736375,2
183.27,3.4969763841578323,2
183.28,4.0882825353196885,2
183.29,4.444325430157965,2
183.3,4.349300887289842,2
183.31,4.365698558724072,2
183.32,3.943049241914616,2
183.33,3.204519367601965,2
183.34,3.171606364946861,2
183.35,3.5386617330413532,2
183.36,3.6360853456698643,2
183.37,3.4602551868674953,2
183.38,3.772751330892265,2
183.39000000000001,4.303589581389523,2
183.4,3.8513513419795116,2
183.41,3.851322520573721,2
183.42000000000002,3.7152374201555087,2
183.43,3.756282692543439,2
183.44,3.6514199230298914,2
183.45000000000002,4.477283167134882,2
183.46,4.395719858502499,2
183.47,4.441206821371553,2
183.48,4.4445903851591595,2
183.49,4.045083848185856,2
183.5,4.098239125169291,2
183.51,3.6713493892778133,2
183.52,4.215117891163076,2
183.53,4.449525715451144,2
183.54,4.241149034275493,2
183.55,4.169744526365882,2
183.56,4.4435273181806005,2
183.57,4.476468494481907,2
183.58,3.96089152514297,2
183.59,4.0124793535523775,2
183.6,4.318765146640201,2
183.61,3.625663325161821,2
183.62,3.702189322347721,2
183.63,3.4952205318976777,2
183.64000000000001,3.904809476366231,2
183.65,3.785999436748464,2
183.66,3.6499658166118962,2
183.67000000000002,3.9194847879870767,2
183.68,3.673241842139308,2
183.69,3.729676642313789,2
183.70000000000002,3.8363592613236173,2
183.71,3.797762804410756,2
183.72,3.448578766537333,2
183.73,3.256766856297035,2
183.74,3.2940764525497666,2
183.75,2.8280178271675123,2
183.76,2.969431775955305,2
183.77,2.997892364039232,2
183.78,3.2602396666964344,2
183.79,3.518251113524513,2
183.8,3.2483953870782543,2
183.81,3.1764013933784048,2
183.82,2.9958902105986307,2
183.83,2.9471537053888404,2
183.84,2.981049705589728,2
183.85,3.40019066817769,2
183.86,3.2913256671442346,2
183.87,3.61339311041789,2
183.88,3.7257957570198372,2
183.89000000000001,4.145879273843617,2
183.9,4.031165241094384,2
183.91,3.7975744607042654,2
183.92000000000002,3.858621172115655,2
183.93,3.417404671231729,2
183.94,3.5203295988726304,2
183.95000000000002,3.728590218109533,2
183.96,4.066952774355853,2
183.97,4.17531297519085,2
183.98,4.117297916293712,2
183.99,4.655525882784312,2
184.0,4.587326132392869,2
184.01,4.228664313923485,2
184.02,4.1960419760797105,2
184.03,3.7955711666108076,2
184.04,3.4664367429966885,2
184.05,3.588258673008952,2
184.06,3.253774631856651,2
184.07,3.1536862994099724,2
184.08,2.9072227373433543,2
184.09,3.0562486198315537,2
184.1,2.9489415951725024,2
184.11,3.2048099649659942,2
184.12,3.412205705387184,2
184.13,3.10142419907502,2
184.14000000000001,3.4521865935423,2
184.15,3.458358831101814,2
184.16,3.1655879760820422,2
184.17000000000002,3.3546864413596387,2
184.18,3.918070777772639,2
184.19,3.87061254226345,2
184.20000000000002,3.4165815634395447,2
184.21,3.736386700446251,2
184.22,4.209108890946005,2
184.23,3.882137716355555,2
184.24,3.668476592122467,2
184.25,3.71167529397706,2
184.26,3.1925537195903413,2
184.27,3.863098632086563,2
184.28,3.8623967552369374,2
184.29,3.887848867125674,2
184.3,4.000321318813369,2
184.31,3.9271061290802085,2
184.32,3.7883785281633675,2
184.33,3.5428022219683326,2
184.34,3.2546981764068548,2
184.35,3.444399776039732,2
184.36,3.8831959385547004,2
184.37,4.1640257368087115,2
184.38,4.065708911734234,2
184.39000000000001,4.004574059641678,2
184.4,4.462622692481455,2
184.41,4.19006416497058,2
184.42000000000002,3.6983245933138096,2
184.43,3.7997437592548855,2
184.44,4.061309490230938,2
184.45000000000002,3.3502518471119465,2
184.46,3.5280683523715397,2
184.47,3.255570966438748,2
184.48,2.9281025316174922,2
184.49,2.9533603968814495,2
184.5,2.7308282582930445,2
184.51,2.356251726472075,2
184.52,2.5512967014129657,2
184.53,2.6836107106198845,2
184.54,2.3284968914936304,2
184.55,2.0970137910650153,2
184.56,2.419056848315826,2
184.57,2.726889712995623,2
184.58,2.104473500923688,2
184.59,1.936029069333911,2
184.6,2.1190132493645546,2
184.61,2.4269989849115667,2
184.62,2.7006937431789835,2
184.63,3.001462343498285,2
184.64000000000001,2.897209763195488,2
184.65,3.05788937243635,2
184.66,3.0405084920569925,2
184.67000000000002,2.977660007205719,2
184.68,2.651628260418652,2
184.69,2.870713161250672,2
184.70000000000002,2.5163698592474235,2
184.71,2.3330938804891757,2
184.72,2.6942853164526577,2
184.73,2.777845069036482,2
184.74,3.197986939307649,2
184.75,3.182852233620173,2
184.76,3.107179342405789,2
184.77,3.5214339176444343,2
184.78,3.4558964210910803,2
184.79,3.589992720159285,2
184.8,3.5849990656378488,2
184.81,3.6605577066881034,2
184.82,3.6317717304353447,2
184.83,3.9173399816163275,2
184.84,3.9448992228275483,2
184.85,3.8562891538756903,2
184.86,3.942637030739968,2
184.87,3.5097898090099995,2
184.88,3.8457295495244854,2
184.89000000000001,3.4343178123001863,2
184.9,3.30282802045291,2
184.91,3.2443319803469937,2
184.92000000000002,3.3905346943084163,2
184.93,3.910545529380709,2
184.94,4.21167530016899,2
184.95000000000002,3.773374129281107,2
184.96,3.5450489450768154,2
184.97,3.194026555079298,2
184.98,2.906315415479654,2
184.99,2.848491556332545,2
185.0,3.3347281143692498,2
185.01,3.331650883167243,2
185.02,3.365663216348585,2
185.03,3.493946644689506,2
185.04,3.278357359049579,2
185.05,3.3304632623571013,2
185.06,3.4673419061724937,2
185.07,4.217347151006118,2
185.08,4.457387292065571,2
185.09,4.878001763408523,2
185.1,4.798407177835982,2
185.11,4.868292446232425,2
185.12,4.855569679717173,2
185.13,4.263247532919204,2
185.14000000000001,3.539258585144805,2
185.15,3.2666417488413204,2
185.16,3.6922895675540106,2
185.17000000000002,3.611120915227488,2
185.18,3.870572335299912,2
185.19,4.253157895702303,2
185.20000000000002,3.8642737907362776,2
185.21,4.296010745105139,2
185.22,3.937059520953561,2
185.23,3.8848816076624804,2
185.24,3.5904608287423527,2
185.25,3.6985784311946137,2
185.26,3.682862087558811,2
185.27,3.9403978775508195,2
185.28,4.229595438779333,2
185.29,4.654348095594102,2
185.3,4.801910221756405,2
185.31,4.952582251434079,2
185.32,4.73034047662585,2
185.33,4.606882175135952,2
185.34,4.635148794766105,2
185.35,4.220074853708755,2
185.36,4.516324597083515,2
185.37,4.426784438928948,2
185.38,4.439163948451925,2
185.39000000000001,3.965087599872653,2
185.4,3.8655312740430348,2
185.41,4.123400082431459,2
185.42000000000002,4.229915691023331,2
185.43,4.441960127735816,2
185.44,4.302186223195575,2
185.45000000000002,4.308502775315984,2
185.46,4.248253792831172,2
185.47,4.4116995468356786,2
185.48,4.444430102595051,2
185.49,4.291515978596125,2
185.5,3.5370036881734697,2
185.51,3.6316219274057966,2
185.52,3.193033373228056,2
185.53,3.4689790806497998,2
185.54,3.757795731805975,2
185.55,3.13475364134184,2
185.56,3.306142742269301,2
185.57,3.4534174706279885,2
185.58,3.6146353453440656,2
185.59,3.3040277534327025,2
185.6,3.5087325590441765,2
185.61,3.201105090614278,2
185.62,3.476538450117417,2
185.63,3.651805666975176,2
185.64000000000001,3.5931398160082257,2
185.65,3.754182657502247,2
185.66,3.5104607973486983,2
185.67000000000002,3.4011431604492914,2
185.68,3.7908236831882465,2
185.69,4.130378394080741,2
185.70000000000002,3.806374725923373,2
185.71,3.650325628601723,2
185.72,3.527915347251185,2
185.73,3.592707126314618,2
185.74,3.5954427772545308,2
185.75,4.001903939380234,2
185.76,4.436314724716091,2
185.77,4.903597954996368,2
185.78,5.425066894071089,2
185.79,4.83496878522716,2
185.8,4.6979330748677555,2
185.81,4.431552995658485,2
185.82,4.134020700795294,2
185.83,4.519762509945427,2
185.84,4.586999020153366,2
185.85,4.078050610141992,2
185.86,4.805058507222,2
185.87,4.21019421385065,2
185.88,4.0889074097850235,2
185.89000000000001,4.1048972821997864,2
185.9,3.7738348249793665,2
185.91,3.952318710899804,2
185.92000000000002,3.7820963979351845,2
185.93,4.037067927413342,2
185.94,4.146396849179254,2
185.95000000000002,3.422235195403129,2
185.96,3.040769022780645,2
185.97,3.377162406019803,2
185.98,3.5539390471987566,2
185.99,3.307847889547728,2
186.0,3.187435452909258,2
186.01,3.243791555500807,2
186.02,2.7456384700213823,2
186.03,3.514664936980325,2
186.04,3.285425002622276,2
186.05,3.3656059563891865,2
186.06,3.902400153522391,2
186.07,3.8599988843588147,2
186.08,3.9652362719978305,2
186.09,3.6975768755985063,2
186.1,3.5724694088149582,2
186.11,3.3530928354805085,2
186.12,3.780356528577707,2
186.13,3.613252488380169,2
186.14000000000001,3.4413768293250473,2
186.15,3.2532055250465497,2
186.16,3.436251545262066,2
186.17000000000002,3.657377071216853,2
186.18,3.125610107105352,2
186.19,3.232266472414158,2
186.20000000000002,3.3944570165667143,2
186.21,3.853116576753138,2
186.22,3.5210777282879047,2
186.23,3.2512948032289883,2
186.24,3.507930479715983,2
186.25,3.5398256461410953,2
186.26,3.9764808961415907,2
186.27,4.290862594918193,2
186.28,4.340917093521739,2
186.29,4.2880443642750725,2
186.3,4.21463544010242,2
186.31,4.184676483165455,2
186.32,4.183438649104536,2
186.33,4.567809983144701,2
186.34,3.933878672331278,2
186.35,3.821647106576993,2
186.36,3.897505181433112,2
186.37,3.736957961661935,2
186.38,3.6822031303794533,2
186.39000000000001,3.5889846904982967,2
186.4,3.999347990090607,2
186.41,3.8795284288808567,2
186.42000000000002,3.6873358874344833,2
186.43,3.9397459595721482,2
186.44,3.794230817211595,2
186.45000000000002,3.767118296069262,2
186.46,3.476835163796559,2
186.47,3.414179674436021,2
186.48,3.462884913279046,2
186.49,3.158213102895888,2
186.5,3.214028608223622,2
186.51,3.4380440494357742,2
186.52,2.929975262089555,2
186.53,2.852169855126083,2
186.54,3.6905744650459633,2
186.55,3.6635588845899045,2
186.56,4.019848383299573,2
186.57,4.010045675805381,2
186.58,3.915552669061575,2
186.59,4.188443403140527,2
186.6,4.508769397302231,2
186.61,4.205070199824109,2
186.62,3.873561527113991,2
186.63,3.4985235377662454,2
186.64000000000001,3.29984406617326,2
186.65,3.691791112632448,2
186.66,3.731449788500888,2
186.67000000000002,4.093764731052467,2
186.68,3.7915856874607883,2
186.69,3.528256451051142,2
186.70000000000002,3.464244015743822,2
186.71,3.601929143768906,2
186.72,3.602108636303178,2
186.73,3.8396375747759834,2
186.74,3.973077103669556,2
186.75,4.113903647145204,2
186.76,4.296560115892601,2
186.77,4.5775207949532986,2
186.78,3.82270122250481,2
186.79,3.8369312140023184,2
186.8,4.092002105298947,2
186.81,4.797890844094571,2
186.82,4.689731660478175,2
186.83,3.9981146887645735,2
186.84,4.402144650604774,2
186.85,4.016972881259244,2
186.86,4.145782247372192,2
186.87,4.2836071129834625,2
186.88,4.290989443094553,2
186.89000000000001,3.6573848428017834,2
186.9,3.588756715280201,2
186.91,3.185189190433602,2
186.92000000000002,3.395225695052918,2
186.93,3.204920559978785,2
186.94,2.6826000042797826,2
186.95000000000002,3.015962454613877,2
186.96,2.7552872512726734,2
186.97,2.9179073123538948,2
186.98,2.8173241825082,2
186.99,3.1814941730421333,2
187.0,3.497430214999571,2
187.01,3.615102257923028,2
187.02,3.6231527808718855,2
187.03,3.5359544138980623,2
187.04,3.2409604584411458,2
187.05,3.150222722256703,2
187.06,3.37074204371329,2
187.07,3.9874620661512976,2
187.08,4.150474606100964,2
187.09,4.338010041093368,2
187.1,4.2736616623291015,2
187.11,4.395401964917505,2
187.12,3.7473140980354733,2
187.13,3.5680513724115897,2
187.14000000000001,3.810615440788158,2
187.15,4.034003481202248,2
187.16,3.876657111683194,2
187.17000000000002,3.518292824107637,2
187.18,3.54634824793468,2
187.19,3.468620857487203,2
187.20000000000002,3.788261651589118,2
187.21,4.008701778878649,2
187.22,4.446711805418411,2
187.23,4.716664360252059,2
187.24,4.567336411422086,2
187.25,4.6093834402237714,2
187.26,5.124851949145843,2
187.27,4.898933296622502,2
187.28,4.858602031389978,2
187.29,4.7715011206148255,2
187.3,4.699055216271152,2
187.31,4.381491676692635,2
187.32,4.714059918084974,2
187.33,4.38279009269813,2
187.34,4.87095193805693,2
187.35,5.248150143736816,2
187.36,5.194420707206577,2
187.37,5.076576272317998,2
187.38,4.748779024940462,2
187.39000000000001,4.694002846966839,2
187.4,4.930627029192748,2
187.41,4.643701931670412,2
187.42000000000002,4.995224424453893,2
187.43,5.186129988980555,2
187.44,5.037453974769393,2
187.45000000000002,5.159265888731285,2
187.46,4.78477577013883,2
187.47,4.677111133559602,2
187.48,5.237528800679536,2
187.49,5.452090769968048,2
187.5,5.448063612031461,2
187.51,5.322793419771793,2
187.52,5.16948690839132,2
187.53,5.044390713235599,2
187.54,4.720732438041024,2
187.55,4.833408800749782,2
187.56,5.045976067803841,2
187.57,4.869941115048865,2
187.58,4.915374641523191,2
187.59,4.6176732070603785,2
187.6,4.536996952632587,2
187.61,4.243538761416946,2
187.62,4.154879998290171,2
187.63,4.173221292190579,2
187.64000000000001,4.327153439404583,2
187.65,4.120864385381191,2
187.66,4.243689440251752,2
187.67000000000002,3.9483620831054775,2
187.68,4.043376132278854,2
187.69,4.665481121249175,2
187.70000000000002,4.493708240432301,2
187.71,4.066447906531075,2
187.72,4.313854122542599,2
187.73,4.36350969745904,2
187.74,4.457029168755582,2
187.75,4.771684942205017,2
187.76,4.4931449744539576,2
187.77,4.250826308875459,2
187.78,4.380037386231728,2
187.79,4.636585471084308,2
187.8,4.640153680444511,2
187.81,4.555899690211091,2
187.82,4.591766142891159,2
187.83,4.740424482873716,2
187.84,4.256124207559128,2
187.85,3.9499816923893265,2
187.86,3.9298266401300306,2
187.87,4.132364504405135,2
187.88,4.734384820996215,2
187.89000000000001,4.628825737354384,2
187.9,4.635429485877554,2
187.91,4.3834651930701565,2
187.92000000000002,4.531302668103067,2
187.93,4.167093053241932,2
187.94,4.14715064270678,2
187.95000000000002,3.863254983332076,2
187.96,3.2784374410681183,2
187.97,4.113820755318802,2
187.98,4.329642016888413,2
187.99,4.525848200462445,2
188.0,4.73078769084095,2
188.01,5.061470281427732,2
188.02,5.0013325268382065,2
188.03,5.147181201266448,2
188.04,4.890653844129193,2
188.05,4.752793405098164,2
188.06,4.242593888539543,2
188.07,4.275547342596647,2
188.08,4.097829845800442,2
188.09,4.050331347513995,2
188.1,4.280213397169429,2
188.11,4.337775168568151,2
188.12,4.59584134290507,2
188.13,4.368872925871916,2
188.14000000000001,4.4401774160846506,2
188.15,4.214968078429257,2
188.16,4.143592541724258,2
188.17000000000002,4.042391040816228,2
188.18,3.7509161287352866,2
188.19,3.658859599950094,2
188.20000000000002,3.8565889760186005,2
188.21,3.611430744482427,2
188.22,3.4621739985506808,2
188.23,3.8683262918919366,2
188.24,4.2832184943829406,2
188.25,4.4906424453064995,2
188.26,4.925507074611011,2
188.27,5.219601953686981,2
188.28,5.07257876238438,2
188.29,5.528904771794627,2
188.3,5.817872027039625,2
188.31,5.615556645479622,2
188.32,5.525180888066772,2
188.33,5.1851455170726775,2
188.34,5.039508405582574,2
188.35,4.495155016001711,2
188.36,4.279468775400434,2
188.37,4.4764489828014735,2
188.38,4.138594645522322,2
188.39000000000001,4.035997552512836,2
188.4,4.1906478077250995,2
188.41,4.089540142563125,2
188.42000000000002,4.406837308741575,2
188.43,4.705290708696479,2
188.44,4.459681787393835,2
188.45000000000002,4.289915469829004,2
188.46,4.273654772125504,2
188.47,4.057863235499623,2
188.48,4.514949195491405,2
188.49,4.346611491983337,2
188.5,4.570022473678662,2
188.51,4.088801661387433,2
188.52,3.8609413510098287,2
188.53,3.567334416884523,2
188.54,3.2580812781955477,2
188.55,3.185974323320498,2
188.56,3.3714960925401116,2
188.57,3.868814141197267,2
188.58,3.824641595053948,2
188.59,3.8653734486432687,2
188.6,3.974962578413266,2
188.61,3.7710748051854415,2
188.62,3.7872190312939797,2
188.63,4.399990789073447,2
188.64000000000001,4.469968480696817,2
188.65,5.0143909835765,2
188.66,4.91975182048166,2
188.67000000000002,4.652036440959781,2
188.68,4.882489025914233,2
188.69,5.152326279369111,2
188.70000000000002,4.896416038468812,2
188.71,4.910044255599243,2
188.72,4.801027541322533,2
188.73,4.32972775840261,2
188.74,3.921913854163803,2
188.75,3.8715588370957357,2
188.76,4.210232889619151,2
188.77,4.4301280731317645,2
188.78,4.127504841411512,2
188.79,3.7967259454892814,2
188.8,3.569511562118217,2
188.81,3.341232865288993,2
188.82,3.1572817554099046,2
188.83,2.667641451459807,2
188.84,2.1087896687593752,2
188.85,1.5726363233405378,2
188.86,1.3760670231795011,2
188.87,1.9689421703819316,2
188.88,3.193614305764778,2
188.89000000000001,3.84657394276648,2
188.9,3.9324151690909925,2
188.91,3.719364557429963,2
188.92000000000002,3.6252449887208584,2
188.93,3.702521155650093,2
188.94,4.317928714142535,2
188.95000000000002,4.0051826224242335,2
188.96,4.005501299853527,2
188.97,4.032535955311398,2
188.98,4.004283643898594,2
188.99,3.4347190429546273,2
189.0,3.4131160268252807,2
189.01,3.088639449638312,2
189.02,3.828022785483273,2
189.03,4.0069958128812,2
189.04,4.3226178226903365,2
189.05,4.039632143736133,2
189.06,3.908400575011377,2
189.07,4.496125115245273,2
189.08,4.7366610652632035,2
189.09,4.782435109263692,2
189.1,5.084890148717407,2
189.11,5.532059680309339,2
189.12,5.80881296968717,2
189.13,5.925289314748105,2
189.14000000000001,6.057402409808191,2
189.15,5.758315648892572,2
189.16,5.637924855020875,2
189.17000000000002,5.666984352833877,2
189.18,5.590448836476711,2
189.19,5.573927930361064,2
189.20000000000002,5.376538068895844,2
189.21,4.465230256732249,2
189.22,4.610404499423117,2
189.23,4.579983665387747,2
189.24,4.557967407155655,2
189.25,5.1257933420630195,2
189.26,5.114271368507741,2
189.27,4.7747866936166785,2
189.28,4.892215847378019,2
189.29,4.82723616171173,2
189.3,5.060719737424203,2
189.31,4.78557910299755,2
189.32,4.476116863773597,2
189.33,4.275513817832744,2
189.34,3.7580443003199284,2
189.35,3.6582377092255642,2
189.36,4.142810604703783,2
189.37,3.922609134631102,2
189.38,3.5459016627903313,2
189.39000000000001,3.4417055834476775,2
189.4,3.5599527662539048,2
189.41,3.3925874516373717,2
189.42000000000002,3.473637183128213,2
189.43,3.5974899732371375,2
189.44,3.638230244233178,2
189.45000000000002,3.6490878351536784,2
189.46,4.18387842490433,2
189.47,4.215538455630717,2
189.48,3.9699008964652673,2
189.49,4.1867150041173655,2
189.5,4.151040685427638,2
189.51,4.156179023077177,2
189.52,4.427693037114425,2
189.53,4.764998399100658,2
189.54,4.365731651458519,2
189.55,4.819880284602235,2
189.56,4.719537779063136,2
189.57,4.631192267764656,2
189.58,4.281925760480823,2
189.59,4.465295362837574,2
189.6,4.015951139197602,2
189.61,4.1668994279287315,2
189.62,4.618077714433848,2
189.63,4.467122095731811,2
189.64000000000001,4.726922173605556,2
189.65,4.677446821910278,2
189.66,4.215260474639726,2
189.67000000000002,4.227659607748117,2
189.68,4.152387017129568,2
189.69,4.391139997297685,2
189.70000000000002,4.249081236660466,2
189.71,4.365527702416948,2
189.72,4.029868314575079,2
189.73,4.148560900616792,2
189.74,4.14043959953527,2
189.75,4.0902687380184775,2
189.76,4.09004941756354,2
189.77,3.998205179012955,2
189.78,4.038501318848763,2
189.79,3.978831119425187,2
189.8,3.705172893673221,2
189.81,3.36739913975071,2
189.82,3.2906067729052566,2
189.83,3.271696505412064,2
189.84,2.493223480048984,2
189.85,2.6493739406611723,2
189.86,3.4086073232943566,2
189.87,3.6632320685082154,2
189.88,3.6483387995339944,2
189.89000000000001,3.4525061584705536,2
189.9,3.0261591938771395,2
189.91,3.3753069677367806,2
189.92000000000002,3.558308204189278,2
189.93,3.252574669596799,2
189.94,3.6002413144065115,2
189.95000000000002,3.878093923311283,2
189.96,3.7000797174082805,2
189.97,3.6473641031138144,2
189.98,3.7534138265764465,2
189.99,3.934707129921041,2
190.0,3.6310730680812005,2
190.01,3.828595223247985,2
190.02,3.8625094755152167,2
190.03,4.1909927024925295,2
190.04,4.387980021562312,2
190.05,4.365571222044981,2
190.06,4.588770282799039,2
190.07,4.102214481321392,2
190.08,3.9859670481876623,2
190.09,3.711752337076743,2
190.1,3.583213699124544,2
190.11,3.4640761706424756,2
190.12,3.159888290545253,2
190.13,3.513849241852149,2
190.14000000000001,3.7752156009459554,2
190.15,3.6257250949483133,2
190.16,3.007193984700149,2
190.17000000000002,2.9633574141343644,2
190.18,3.053246998515364,2
190.19,3.532381875243806,2
190.20000000000002,3.4193715978982047,2
190.21,3.754629787606949,2
190.22,3.6361378779368634,2
190.23,3.833657140669338,2
190.24,4.079110442025721,2
190.25,4.23509833743571,2
190.26,3.940407038380413,2
190.27,3.8433599820070428,2
190.28,4.025390862497601,2
190.29,3.575191283990918,2
190.3,3.8414050916667364,2
190.31,3.5136841318795193,2
190.32,3.179303613390459,2
190.33,3.1104448533095157,2
190.34,3.005302585115045,2
190.35,3.156287726973361,2
190.36,3.3163661893117395,2
190.37,3.404651514381062,2
190.38,3.1856711177045827,2
190.39000000000001,3.609622143350212,2
190.4,3.6669549782702564,2
190.41,3.9639177258531073,2
190.42000000000002,3.3176971918963907,2
190.43,3.5375426985511456,2
190.44,3.4214420765541953,2
190.45000000000002,3.6943794558519585,2
190.46,4.231019483085056,2
190.47,3.876935905125017,2
190.48,4.132410001883058,2
190.49,3.9495022860829345,2
190.5,3.4243222808609644,2
190.51,3.744555468792958,2
190.52,4.28559217443092,2
190.53,4.855175704964634,2
190.54,4.854826933980507,2
190.55,4.360109570698705,2
190.56,4.2653473439421745,2
190.57,4.20786649849439,2
190.58,4.497678807501704,2
190.59,4.440980715569539,2
190.6,3.808771272633175,2
190.61,4.006528607840043,2
190.62,4.026240356611055,2
190.63,4.2797196017014665,2
190.64000000000001,4.322129878976499,2
190.65,4.485118518835827,2
190.66,4.440782419325791,2
190.67000000000002,4.477058125282387,2
190.68,4.168266810749797,2
190.69,4.251796107429673,2
190.70000000000002,4.174166713876172,2
190.71,4.295562912264822,2
190.72,3.9310024771319227,2
190.73,4.334326736717519,2
190.74,4.371257944272815,2
190.75,4.558847534833558,2
190.76,4.504309196584333,2
190.77,4.624792344905252,2
190.78,3.9261898381571414,2
190.79,3.9030995836535665,2
190.8,3.6881473837255796,2
190.81,3.6173514973324483,2
190.82,3.941968701638527,2
190.83,3.4945472706104272,2
190.84,3.7546765970245812,2
190.85,3.9099162495334214,2
190.86,4.2817161175727385,2
190.87,3.6660180954117383,2
190.88,3.8664381633134113,2
190.89000000000001,3.951394178049973,2
190.9,3.9411922538523636,2
190.91,4.35622610238154,2
190.92000000000002,3.723336348969404,2
190.93,3.7864615833706465,2
190.94,4.097495965890477,2
190.95000000000002,3.627221044144674,2
190.96,3.832929454572634,2
190.97,3.941830979764348,2
190.98,3.344194086729261,2
190.99,3.7205502465319875,2
191.0,3.4958207111073905,2
191.01,3.993463510832711,2
191.02,4.156768830693809,2
191.03,4.226023788843342,2
191.04,4.4903529824653265,2
191.05,4.694702203521518,2
191.06,4.0701692913355245,2
191.07,3.5800881454174034,2
191.08,3.5814425454199297,2
191.09,3.3189284564423884,2
191.1,3.857260370370358,2
191.11,3.5908216377851647,2
191.12,3.6578234327472927,2
191.13,3.857239884326829,2
191.14000000000001,4.564027476782413,2
191.15,4.833260426510561,2
191.16,4.562604974065535,2
191.17000000000002,4.655017594163008,2
191.18,4.78737218302754,2
191.19,4.884853500857549,2
191.20000000000002,4.518561410669127,2
191.21,5.042371800812934,2
191.22,4.591303675796996,2
191.23000000000002,4.724895547138651,2
191.24,4.402447547445193,2
191.25,4.4729153910916155,2
191.26,4.370115393702497,2
191.27,3.9640654154861905,2
191.28,3.2664658999201337,2
191.29,3.590747073823371,2
191.3,3.4731970160225867,2
191.31,3.5653024035005947,2
191.32,4.118819308572004,2
191.33,4.283672393127908,2
191.34,3.434192347221325,2
191.35,3.1437780320092066,2
191.36,2.707722618934379,2
191.37,2.600744951448428,2
191.38,2.663907585361648,2
191.39000000000001,3.5213820024385694,2
191.4,3.8544164719372227,2
191.41,3.9699606865409183,2
191.42000000000002,4.098717696622629,2
191.43,4.223452286317324,2
191.44,3.7046249861089184,2
191.45000000000002,3.3348446825755076,2
191.46,3.530364696458832,2
191.47,3.5787305069568895,2
191.48000000000002,3.7064930370715197,2
191.49,4.190668182329234,2
191.5,3.975534146670143,2
191.51,3.8732678330843386,2
191.52,3.9558632179738016,2
191.53,3.4780218455959497,2
191.54,3.112860373399883,2
191.55,3.587774518839454,2
191.56,3.5456446029239324,2
191.57,3.4521685989754722,2
191.58,3.5753042761958063,2
191.59,3.144770915100669,2
191.6,3.143373507562628,2
191.61,3.0662369647756322,2
191.62,3.263708083260466,2
191.63,2.73938354708084,2
191.64000000000001,2.638451558086131,2
191.65,2.6441239470303706,2
191.66,2.642344515539064,2
191.67000000000002,3.0760519836879903,2
191.68,2.945408071133111,2
191.69,3.9222894011749188,2
191.70000000000002,4.141690752632582,2
191.71,3.9896705000089625,2
191.72,4.161979273014764,2
191.73000000000002,4.351634748919701,2
191.74,4.228552541005784,2
191.75,4.5320289884728435,2
191.76,4.20237371903853,2
191.77,4.348250365511716,2
191.78,4.283701474493153,2
191.79,4.337357512641006,2
191.8,4.368437090453292,2
191.81,4.336718646113053,2
191.82,4.8630644857847045,2
191.83,4.610996045763326,2
191.84,4.326168808882396,2
191.85,4.268482389830251,2
191.86,4.610877571635793,2
191.87,4.5606003971408065,2
191.88,4.484279059694822,2
191.89000000000001,4.278411367251766,2
191.9,4.112744042541065,2
191.91,4.404523952315835,2
191.92000000000002,4.3464206464542965,2
191.93,4.383916209464648,2
191.94,4.147748898609745,2
191.95000000000002,4.3530822917692795,2
191.96,4.664328702155943,2
191.97,4.335085188067236,2
191.98000000000002,4.045937641044513,2
191.99,3.80210085272927,2
192.0,4.115327639477535,2
192.01,3.831522748695297,2
192.02,3.7508862496845494,2
192.03,3.4968682771529487,2
192.04,4.026503497898996,2
192.05,3.8732187840262435,2
192.06,4.357139650483015,2
192.07,4.31390892414843,2
192.08,4.142699126650153,2
192.09,4.354775484085856,2
192.1,4.308173142535134,2
192.11,4.676872777478661,2
192.12,4.54783805076124,2
192.13,4.36506501370717,2
192.14000000000001,4.1994340671280455,2
192.15,4.531610270775396,2
192.16,4.5495225067045695,2
192.17000000000002,4.2856214173925045,2
192.18,3.850338075833402,2
192.19,3.925157004878005,2
192.20000000000002,3.6668358440590505,2
192.21,3.1992284814009517,2
192.22,3.5877687398260814,2
192.23000000000002,3.2798085189726565,2
192.24,2.8455210182156403,2
192.25,2.922014621350704,2
192.26,2.944884343111967,2
192.27,2.802966070146442,2
192.28,2.9847092906946564,2
192.29,3.002193813746428,2
192.3,3.725064405995485,2
192.31,3.69791641943833,2
192.32,3.3675772865343148,2
192.33,3.5158752831280196,2
192.34,3.6728193066205117,2
192.35,3.6106189354782225,2
192.36,3.178268796498099,2
192.37,3.698638393720605,2
192.38,3.3710854560968277,2
192.39000000000001,3.6843272410171144,2
192.4,4.065188535983572,2
192.41,3.970846542127073,2
192.42000000000002,4.222956781210302,2
192.43,4.4746621104021065,2
192.44,4.1234179420516694,2
192.45000000000002,4.527865315579381,2
192.46,4.568384551476061,2
192.47,3.8982670917995526,2
192.48000000000002,3.9645837434769784,2
192.49,3.809759361236713,2
192.5,3.9551187954983282,2
192.51,3.778247531371546,2
192.52,3.620827353690891,2
192.53,3.3652883668416806,2
192.54,3.4924661325430875,2
192.55,3.69060954679808,2
192.56,3.720758337347017,2
192.57,3.6653728840946895,2
192.58,3.7262150686734237,2
192.59,4.053053349076079,2
192.6,3.753076946527395,2
192.61,3.3990966014727038,2
192.62,3.1189884732018647,2
192.63,2.742692060382956,2
192.64000000000001,2.5811850619983283,2
192.65,3.0463988491865788,2
192.66,2.6602451346821505,2
192.67000000000002,2.7230492224632443,2
192.68,3.0395965747200036,2
192.69,3.1389801740936267,2
192.70000000000002,3.4722828096775165,2
192.71,3.360678706853755,2
192.72,3.2849872604644865,2
192.73000000000002,3.2460549314373,2
192.74,3.478215842158301,2
192.75,4.3039436345091495,2
192.76,4.271413464275945,2
192.77,4.177265046561786,2
192.78,3.886657950662688,2
192.79,4.391055343532493,2
192.8,4.242355381749725,2
192.81,4.043052634945213,2
192.82,3.9792636800302756,2
192.83,4.497720593787506,2
192.84,4.288923482275816,2
192.85,4.252901598934665,2
192.86,3.514721463413772,2
192.87,3.8409919921258053,2
192.88,3.7757818930757368,2
192.89000000000001,4.056610945709769,2
192.9,4.23054913111986,2
192.91,4.252501965296292,2
192.92000000000002,4.0997885212918845,2
192.93,4.107759274174248,2
192.94,3.7171728617507034,2
192.95000000000002,3.80914074822526,2
192.96,3.984971570567956,2
192.97,4.009694222310326,2
192.98000000000002,4.018950537577939,2
192.99,3.8453298694597446,2
193.0,3.8153117870988043,2
193.01,3.5229944041003063,2
193.02,3.416123874274457,2
193.03,4.0595311792115805,2
193.04,4.078716282161032,2
193.05,4.208375483813676,2
193.06,4.18009562223448,2
193.07,4.180674613892593,2
193.08,4.200688720699754,2
193.09,4.11234637212012,2
193.1,4.269210007560216,2
193.11,4.039489558818731,2
193.12,3.6153002619501415,2
193.13,3.7095083053193023,2
193.14000000000001,4.055402823737917,2
193.15,3.865911532422102,2
193.16,4.101548015813331,2
193.17000000000002,4.281919271483644,2
193.18,4.695782425513064,2
193.19,5.154239476114146,2
193.20000000000002,5.203190261637002,2
193.21,5.048924314052291,2
193.22,4.48606398595578,2
193.23000000000002,4.714135432699082,2
193.24,4.963272705795578,2
193.25,4.793994368480054,2
193.26,4.814334980115893,2
193.27,4.442026506198498,2
193.28,4.228319865029043,2
193.29,3.8310129230952565,2
193.3,3.9241323989082124,2
193.31,3.818493258763434,2
193.32,4.190713589950095,2
193.33,4.238152165668925,2
193.34,4.314378613279918,2
193.35,4.286178633826548,2
193.36,4.705154325250465,2
193.37,5.046120786461359,2
193.38,4.892882498866914,2
193.39000000000001,4.8881517020197816,2
193.4,5.200185198524592,2
193.41,4.746982117714341,2
193.42000000000002,4.757843077872466,2
193.43,4.582879817635085,2
193.44,4.941814756322267,2
193.45000000000002,4.997973118605589,2
193.46,4.405813073540252,2
193.47,4.24744505844713,2
193.48000000000002,4.620410303230638,2
193.49,4.811098393084237,2
193.5,4.434624716522152,2
193.51,4.113856331908182,2
193.52,4.124602899530061,2
193.53,4.0967349675103035,2
193.54,4.014327045495379,2
193.55,3.898639352862926,2
193.56,3.7422186897308025,2
193.57,4.4070391287388,2
193.58,4.262700929467304,2
193.59,4.049687842837697,2
193.6,4.188070214549503,2
193.61,4.140553073422493,2
193.62,3.8653985987025345,2
193.63,3.808007538546053,2
193.64000000000001,3.8101768934115507,2
193.65,3.9510749505111296,2
193.66,4.044662695430293,2
193.67000000000002,3.7524830774609716,2
193.68,3.9496965672661126,2
193.69,4.207489047285275,2
193.70000000000002,3.8819185781399828,2
193.71,3.6736643187288016,2
193.72,3.6565620295659924,2
193.73000000000002,3.7531117780177885,2
193.74,3.8507867423740936,2
193.75,3.8536039857252913,2
193.76,3.4626580194521765,2
193.77,3.8031390865305794,2
193.78,3.5418640451932886,2
193.79,3.9703351069354746,2
193.8,4.304090985233573,2
193.81,3.958190183499357,2
193.82,4.0622369198191945,2
193.83,4.4416411925246795,2
193.84,4.5643141210382305,2
193.85,4.026870424440099,2
193.86,4.013566464623996,2
193.87,4.248438735891429,2
193.88,4.699856599352614,2
193.89000000000001,4.591459051951795,2
193.9,4.060217519373838,2
193.91,4.674155920425292,2
193.92000000000002,4.572044816421397,2
193.93,4.924106372115594,2
193.94,4.758566054768435,2
193.95000000000002,4.838478618290116,2
193.96,4.560414324809008,2
193.97,4.3156551872301945,2
193.98000000000002,4.796804824493811,2
193.99,4.983374005890003,2
194.0,4.877122715875065,2
194.01,5.054186712241764,2
194.02,4.756705456317105,2
194.03,4.681476061425235,2
194.04,4.642295638449236,2
194.05,4.3631766281913364,2
194.06,4.074854864204549,2
194.07,3.532282672373155,2
194.08,3.3049221770593844,2
194.09,3.892324192030681,2
194.1,3.39961317319972,2
194.11,3.4498476050566027,2
194.12,3.548100278235117,2
194.13,3.5225242932482708,2
194.14000000000001,3.818003242497467,2
194.15,3.7582730447152604,2
194.16,4.052594628572815,2
194.17000000000002,4.2029171722825005,2
194.18,3.7992024893056473,2
194.19,4.148382714075587,2
194.20000000000002,4.044641990836649,2
194.21,3.5327033108282464,2
194.22,3.7129645541463274,2
194.23000000000002,3.660339726295277,2
194.24,4.155755791764688,2
194.25,4.450595784899353,2
194.26,4.149898269179115,2
194.27,4.403783393970935,2
194.28,4.166200148543082,2
194.29,3.680085828401407,2
194.3,3.5379493884090025,2
194.31,3.2075800194403183,2
194.32,3.2829541065094103,2
194.33,3.9016352448888405,2
194.34,3.9337718414927085,2
194.35,4.071124515618369,2
194.36,3.7797901862303145,2
194.37,3.6487160654437476,2
194.38,3.8383317597816253,2
194.39000000000001,3.8350674535046587,2
194.4,3.647354237516103,2
194.41,3.9667411810621456,2
194.42000000000002,4.009868587494429,2
194.43,4.591138886950242,2
194.44,4.718825706372934,2
194.45000000000002,4.325464817413783,2
194.46,4.3256868104283885,2
194.47,3.95200207511449,2
194.48000000000002,4.524868930212672,2
194.49,4.192202440834188,2
194.5,4.488654622672457,2
194.51,4.710165334676584,2
194.52,4.445773094677841,2
194.53,4.494242468607846,2
194.54,4.517300031734094,2
194.55,4.701504853676101,2
194.56,4.681498037460355,2
194.57,4.424061886371034,2
194.58,4.540539124802155,2
194.59,4.6463335107949515,2
194.6,4.317892151352736,2
194.61,3.6329216865549805,2
194.62,3.8372332179390796,2
194.63,3.9592884126233043,2
194.64000000000001,4.085701350995285,2
194.65,4.450845326878586,2
194.66,4.6539838480358435,2
194.67000000000002,4.95503284373932,2
194.68,5.081388109481962,2
194.69,5.014034674303005,2
194.70000000000002,4.56425334175916,2
194.71,4.944491851063224,2
194.72,4.790664758894059,2
194.73000000000002,4.539933506878224,2
194.74,4.666437557704881,2
194.75,4.079700887743312,2
194.76,3.862346680700104,2
194.77,3.697830413657071,2
194.78,3.5416741894564923,2
194.79,4.135806964426276,2
194.8,4.0988998514791,2
194.81,3.9079954747181143,2
194.82,3.903505121377445,2
194.83,4.1550333158586445,2
194.84,3.5994394490646466,2
194.85,3.6719134486168863,2
194.86,3.5763878512427025,2
194.87,3.695123009425787,2
194.88,3.400960280770744,2
194.89000000000001,3.4099218292012687,2
194.9,3.430226479669109,2
194.91,3.127215786970459,2
194.92000000000002,3.7427128798747544,2
194.93,3.8859940009054985,2
194.94,4.15841635909062,2
194.95000000000002,4.042277380625658,2
194.96,4.09888783732446,2
194.97,3.748494509384352,2
194.98000000000002,3.5922805462545275,2
194.99,3.3783798802717566,2
195.0,3.5245542707667554,2
195.01,4.0557312818556355,2
195.02,4.3061323721750355,2
195.03,4.78883781527787,2
195.04,4.934856211232905,2
195.05,4.960429905093483,2
195.06,4.603032432370046,2
195.07,4.634333443243168,2
195.08,4.436559087996731,2
195.09,4.628648425201892,2
195.1,4.180690453654634,2
195.11,4.131988568490936,2
195.12,4.123733464270656,2
195.13,4.617534940464802,2
195.14000000000001,4.265900446498133,2
195.15,4.570281962736054,2
195.16,4.746549765842895,2
195.17000000000002,4.599423618514962,2
195.18,4.655550830327397,2
195.19,4.519221775289104,2
195.20000000000002,4.471436994310122,2
195.21,4.63764075942531,2
195.22,5.29484391238422,2
195.23000000000002,5.4385358045960155,2
195.24,5.3648139423868475,2
195.25,5.631706704678054,2
195.26,5.0660661535774745,2
195.27,4.844834930450918,2
195.28,4.779392713724873,2
195.29,4.407200979645562,2
195.3,4.213189922259559,2
195.31,3.7226907100335724,2
195.32,3.3881154869709764,2
195.33,3.379886971294229,2
195.34,3.1753973279075978,2
195.35,3.3770808555945058,2
195.36,3.5152349824814935,2
195.37,3.664881240292681,2
195.38,3.5554739735457375,2
195.39000000000001,3.9065912567931522,2
195.4,4.057812674187833,2
195.41,4.115645966475342,2
195.42000000000002,4.1700430685072805,2
195.43,4.094239250695185,2
195.44,4.45839561035103,2
195.45000000000002,4.73602187966161,2
195.46,4.55891355780754,2
195.47,4.549750942611018,2
195.48000000000002,4.382416143488658,2
195.49,5.04273535691434,2
195.5,4.866150260636708,2
195.51,5.118194891520872,2
195.52,5.765487880875024,2
195.53,5.67873847945086,2
195.54,5.017334432088962,2
195.55,5.343492077323309,2
195.56,5.064151595569507,2
195.57,4.763085840246288,2
195.58,5.19089617794645,2
195.59,4.703027119180705,2
195.6,5.039201732983321,2
195.61,4.871873010239921,2
195.62,4.259683683146671,2
195.63,4.48418872835322,2
195.64000000000001,3.797810319619604,2
195.65,3.8050359690809836,2
195.66,3.361442030745458,2
195.67000000000002,3.3323471990645577,2
195.68,3.5965919690280588,2
195.69,3.7566705091314128,2
195.70000000000002,3.83993308938231,2
195.71,4.141888609223568,2
195.72,4.127688824571583,2
195.73000000000002,4.053621467758625,2
195.74,4.129096779839699,2
195.75,3.928742568092614,2
195.76,4.180329359444235,2
195.77,4.1823116714676924,2
195.78,4.366881151675582,2
195.79,4.279954372696364,2
195.8,4.393334675706549,2
195.81,4.542430219133229,2
195.82,3.916029559270165,2
195.83,3.510452034577016,2
195.84,3.4012268848838074,2
195.85,3.4239369897387735,2
195.86,3.8428852739526596,2
195.87,3.987210998422817,2
195.88,4.136754893485451,2
195.89000000000001,4.5598918674649305,2
195.9,4.893783293672389,2
195.91,4.518666133810312,2
195.92000000000002,4.816139877469217,2
195.93,4.7642295377059165,2
195.94,4.541817976610807,2
195.95000000000002,4.404488604691934,2
195.96,4.186818616493154,2
195.97,4.208134767466045,2
195.98000000000002,4.163816854384613,2
195.99,4.497625423581717,2
196.0,4.995538621273012,2
196.01,4.7811861486170555,2
196.02,4.335942253346802,2
196.03,4.491565071949635,2
196.04,4.709242914697403,2
196.05,4.746119193913069,2
196.06,4.235544340754517,2
196.07,3.9875189935519852,2
196.08,4.030476967602359,2
196.09,3.852888380314221,2
196.1,3.584917284473354,2
196.11,4.2340032972753106,2
196.12,3.927352217394291,2
196.13,4.2764644721155705,2
196.14000000000001,4.3657446196063034,2
196.15,4.501514806175013,2
196.16,4.773758757757048,2
196.17000000000002,4.501201345029049,2
196.18,4.366143878930381,2
196.19,4.463432270990358,2
196.20000000000002,3.893145396805962,2
196.21,4.371218750130712,2
196.22,4.366954298938899,2
196.23000000000002,4.063379839288639,2
196.24,4.366949727546405,2
196.25,4.3562117354075305,2
196.26,4.116174968622124,2
196.27,4.372537912579755,2
196.28,3.6764024918545144,2
196.29,3.8276360844244417,2
196.3,4.216110225145408,2
196.31,3.9584971334935353,2
196.32,3.5994762491804178,2
196.33,3.7594295457943407,2
196.34,3.5917407788265105,2
196.35,4.269513865547964,2
196.36,4.092371048624813,2
196.37,4.028056627096486,2
196.38,4.172986423239073,2
196.39000000000001,3.640504758603588,2
196.4,3.6933674444700815,2
196.41,4.0412014109848355,2
196.42000000000002,4.014097134062163,2
196.43,3.6874480050244998,2
196.44,3.595684896075919,2
196.45000000000002,3.0935930025076743,2
196.46,3.1018139906202293,2
196.47,3.5061571063257624,2
196.48000000000002,3.378645907082999,2
196.49,3.638877917783167,2
196.5,3.2550114471415195,2
196.51,3.861995170761137,2
196.52,4.196330234602313,2
196.53,4.037251159294068,2
196.54,3.658667446135831,2
196.55,3.548830757767972,2
196.56,3.673840248659687,2
196.57,4.0141534624073625,2
196.58,3.414845175024593,2
196.59,3.8149103155687927,2
196.6,3.906196795984277,2
196.61,3.5859456208037854,2
196.62,2.9051219861329853,2
196.63,3.053560315699451,2
196.64000000000001,3.210505517527595,2
196.65,3.1148351451346694,2
196.66,3.461772230282201,2
196.67000000000002,4.09186296979448,2
196.68,3.969493309100691,2
196.69,3.7609948649328966,2
196.70000000000002,4.2713175774636305,2
196.71,4.18165768820351,2
196.72,4.350293484269306,2
196.73000000000002,4.143213424793775,2
196.74,4.451972431578008,2
196.75,4.054175428687687,2
196.76,4.089862076362595,2
196.77,4.164727513025979,2
196.78,4.096530653681564,2
196.79,3.9065839875601065,2
196.8,4.4239179645336915,2
196.81,4.610700160178126,2
196.82,4.304510799272483,2
196.83,3.7403115055307175,2
196.84,4.185186321789749,2
196.85,3.9042787468247595,2
196.86,3.9313613414456863,2
196.87,3.9642532860801616,2
196.88,4.048832238031778,2
196.89000000000001,3.565583434414463,2
196.9,3.510113765380387,2
196.91,3.5546363301704353,2
196.92000000000002,3.5834485930347717,2
196.93,3.827632231218974,2
196.94,3.89160828625559,2
196.95000000000002,4.028596655829389,2
196.96,3.856109766463808,2
196.97,4.35416507188098,2
196.98000000000002,4.236770194932604,2
196.99,4.306385562828462,2
197.0,4.308116910931979,2
197.01,4.4050906762280695,2
197.02,4.704713840156037,2
197.03,4.395999530251583,2
197.04,4.59033324839091,2
197.05,4.740174710736162,2
197.06,4.715275014920366,2
197.07,4.7079994452099365,2
197.08,4.309783810353631,2
197.09,4.182570134324203,2
197.1,3.6239372422067877,2
197.11,3.574804686469971,2
197.12,3.599399655490702,2
197.13,3.2431300010599085,2
197.14000000000001,3.403563193853663,2
197.15,3.805231845629729,2
197.16,3.8857498764983056,2
197.17000000000002,3.8956216838305093,2
197.18,3.7571959236077546,2
197.19,3.886754808944484,2
197.20000000000002,3.610147301994646,2
197.21,2.9658091109615223,2
197.22,3.5167703668833115,2
197.23000000000002,3.837292854869587,2
197.24,3.5421214358378386,2
197.25,3.178188685323812,2
197.26,3.29051093684038,2
197.27,3.3797101209351013,2
197.28,3.6729906536588177,2
197.29,3.6107798887874822,2
197.3,3.9769330491615285,2
197.31,3.9178574948123606,2
197.32,4.269751053391562,2
197.33,4.191367754079085,2
197.34,3.9273728040327756,2
197.35,3.8285468544885273,2
197.36,4.031056972934123,2
197.37,4.128203282314482,2
197.38,4.13026568719299,2
197.39000000000001,3.8215004665723287,2
197.4,3.8223515190323725,2
197.41,3.6551362798147715,2
197.42000000000002,3.4972986122446637,2
197.43,3.8295672056291026,2
197.44,3.6294808183953013,2
197.45000000000002,3.433311362929699,2
197.46,3.5789675592553194,2
197.47,3.3614843786110864,2
197.48000000000002,3.2683116747753345,2
197.49,3.887043312765963,2
197.5,3.8509373093676893,2
197.51,4.057329170084189,2
197.52,4.764239234159158,2
197.53,4.744337766314529,2
197.54,4.8185767259230525,2
197.55,4.825280479441965,2
197.56,4.650581689184945,2
197.57,4.621193353224368,2
197.58,4.508446556009041,2
197.59,4.199516443939325,2
197.6,4.415604694229206,2
197.61,3.8613832781621507,2
197.62,3.8774123409385717,2
197.63,3.8105440255823426,2
197.64000000000001,3.5359118927051956,2
197.65,3.758788444876232,2
197.66,3.493422176844561,2
197.67000000000002,3.4285303636626727,2
197.68,3.691873172906907,2
197.69,3.1771993325791152,2
197.70000000000002,3.5647678248163093,2
197.71,3.5979749209796577,2
197.72,3.5506007935090653,2
197.73000000000002,3.2047284463021355,2
197.74,3.3098763563813955,2
197.75,3.385922745603251,2
197.76,3.6021763339134347,2
197.77,3.50891948592119,2
197.78,3.2816832988445586,2
197.79,3.44240370694255,2
197.8,3.3345150600236737,2
197.81,3.543998494473726,2
197.82,3.297444405309587,2
197.83,3.59267051412878,2
197.84,4.055570076729665,2
197.85,4.002826634278841,2
197.86,4.384694864368161,2
197.87,4.559709267905043,2
197.88,4.599082903660601,2
197.89000000000001,4.535361603227632,2
197.9,4.32762057421764,2
197.91,4.634218779020719,2
197.92000000000002,4.852964806459083,2
197.93,4.471494505423725,2
197.94,4.456941981273733,2
197.95000000000002,4.180644584776841,2
197.96,4.297184069548229,2
197.97,4.479703406231674,2
197.98000000000002,3.9887555514068445,2
197.99,3.9662202031107414,2
198.0,4.08985498612406,2
198.01,4.106753675267701,2
198.02,4.601423624504783,2
198.03,4.095617078588003,2
198.04,4.4700214478939495,2
198.05,4.172695684461579,2
198.06,3.5481854416280454,2
198.07,3.684096943098992,2
198.08,3.6801211591112555,2
198.09,3.7382216938995043,2
198.1,3.912149058091334,2
198.11,4.076661694080357,2
198.12,3.9186039251469587,2
198.13,4.156744662189701,2
198.14000000000001,3.5696906656654708,2
198.15,3.5859359113581974,2
198.16,3.9473151443441132,2
198.17000000000002,4.033528705392367,2
198.18,4.0443377248814505,2
198.19,3.9424497478420713,2
198.20000000000002,4.046591176509945,2
198.21,3.9624506710273435,2
198.22,4.143840586073029,2
198.23000000000002,3.982314344081019,2
198.24,4.416339048436265,2
198.25,4.529665818574562,2
198.26,4.990334518175841,2
198.27,4.781406351447491,2
198.28,5.050171770839977,2
198.29,4.586656630033465,2
198.3,4.732561664716011,2
198.31,4.626517022164,2
198.32,4.597615170041046,2
198.33,4.744497578901138,2
198.34,4.880654570937255,2
198.35,5.030167773123811,2
198.36,5.026846584526152,2
198.37,5.07768179995124,2
198.38,4.907068030039795,2
198.39000000000001,4.633847802969636,2
198.4,4.617693105171739,2
198.41,3.9481009894613814,2
198.42000000000002,4.072021211562172,2
198.43,4.311264055640725,2
198.44,4.455789202909811,2
198.45000000000002,4.23703071159934,2
198.46,3.6339923091530735,2
198.47,3.856510915897089,2
198.48000000000002,3.6474187987429842,2
198.49,3.3179251016496867,2
198.5,3.654827668143701,2
198.51,3.3053365146753944,2
198.52,3.3261992810668164,2
198.53,3.8971612084776597,2
198.54,3.718384787888862,2
198.55,3.444611391626879,2
198.56,3.6438749136650697,2
198.57,3.7721465761881556,2
198.58,3.325354127053943,2
198.59,3.4077218111338725,2
198.6,3.8007513475704076,2
198.61,4.217312179376313,2
198.62,4.121781501700866,2
198.63,4.250072218780169,2
198.64000000000001,4.378650711020215,2
198.65,4.6264284679962495,2
198.66,4.538054480169194,2
198.67000000000002,4.85124678285361,2
198.68,4.559375253679465,2
198.69,4.724496382980845,2
198.70000000000002,4.36813034264896,2
198.71,3.82410065891703,2
198.72,4.015158595927973,2
198.73000000000002,4.850972165016307,2
198.74,4.856662654019565,2
198.75,4.711738723885534,2
198.76,4.992482429840414,2
198.77,4.76725265278307,2
198.78,4.190497359311138,2
198.79,4.438534872255531,2
198.8,4.835168791549099,2
198.81,4.788169304759759,2
198.82,4.797917155625452,2
198.83,4.545627927290661,2
198.84,4.445009555123889,2
198.85,4.463506045441797,2
198.86,4.42989429270071,2
198.87,4.397047902428033,2
198.88,3.467471276467399,2
198.89000000000001,3.567448148882041,2
198.9,3.234561096406992,2
198.91,3.445874724217835,2
198.92000000000002,3.800904554637004,2
198.93,3.9795430305021964,2
198.94,3.656323141979374,2
198.95000000000002,3.4543476634059926,2
198.96,3.4900039137591903,2
198.97,3.7827972059225408,2
198.98000000000002,4.086292558290292,2
198.99,4.179839816157632,2
199.0,3.888658568763568,2
199.01,4.232399308931174,2
199.02,4.2018528881481245,2
199.03,4.069002235316611,2
199.04,3.92419115324061,2
199.05,3.500550329948286,2
199.06,3.862091702743692,2
199.07,3.8404290134702515,2
199.08,3.6602769096084113,2
199.09,3.8663078705115224,2
199.1,4.1027506885755365,2
199.11,3.6015791112298667,2
199.12,4.080764091943272,2
199.13,4.702050710183983,2
199.14000000000001,4.660741623066202,2
199.15,4.662486701604475,2
199.16,5.274385282283393,2
199.17000000000002,4.837328592219852,2
199.18,4.605797601370729,2
199.19,4.709913316148688,2
199.20000000000002,4.964090640448098,2
199.21,4.87846672442565,2
199.22,4.560108927656129,2
199.23000000000002,4.869059193272219,2
199.24,4.779971190830714,2
199.25,4.702369745940939,2
199.26,4.895572700092097,2
199.27,5.232618509086317,2
199.28,5.1772711251898205,2
199.29,5.195053106959965,2
199.3,5.37200937340662,2
199.31,5.1706603941285865,2
199.32,4.898200827575285,2
199.33,4.704184549415855,2
199.34,4.373000042249665,2
199.35,4.0274987189966485,2
199.36,4.654035114748926,2
199.37,4.335148529622978,2
199.38,4.378553907880882,2
199.39000000000001,4.316415941068132,2
199.4,4.581892484429186,2
199.41,4.556616483000214,2
199.42000000000002,4.893936632133127,2
199.43,4.76788891834391,2
199.44,4.76060813970311,2
199.45000000000002,4.897290087927099,2
199.46,4.8639924545782645,2
199.47,4.926879686481605,2
199.48000000000002,4.914567055883659,2
199.49,4.42258788718123,2
199.5,4.597235071191087,2
199.51,4.871154026982655,2
199.52,4.74733088122986,2
199.53,4.614444761785033,2
199.54,4.636116896806654,2
199.55,5.123785650430085,2
199.56,4.930777808391806,2
199.57,5.014054056868539,2
199.58,4.86309658797603,2
199.59,4.9460866725566435,2
199.6,4.490037285447831,2
199.61,4.949841297462001,2
199.62,4.958946001854389,2
199.63,4.784070720088741,2
199.64000000000001,4.6343585514742145,2
199.65,4.6497412749395375,2
199.66,5.152200503143685,2
199.67000000000002,5.475166159562295,2
199.68,5.251474292920686,2
199.69,5.153004724524046,2
199.70000000000002,5.078619858747647,2
199.71,4.417747624504836,2
199.72,4.310688012177075,2
199.73000000000002,4.339154089315368,2
199.74,4.0480312642668626,2
199.75,4.532557784105236,2
199.76,4.16032436885515,2
199.77,3.8566433954933044,2
199.78,4.066933987789318,2
199.79,4.139227109595578,2
199.8,3.9971346938476144,2
199.81,4.282794734448584,2
199.82,4.323581881471373,2
199.83,4.815141287575446,2
199.84,4.229740193338282,2
199.85,4.05894583916891,2
199.86,4.521767230457961,2
199.87,4.605714693537281,2
199.88,4.5153232681558855,2
199.89000000000001,4.349472841077661,2
199.9,4.413640471987522,2
199.91,4.047917557977442,2
199.92000000000002,3.63671298127472,2
199.93,3.832636172058686,2
199.94,4.091715080804984,2
199.95000000000002,4.3491173141659365,2
199.96,4.192567388968411,2
199.97,4.0404417951414215,2
199.98000000000002,4.03545051092019,2
199.99,3.7504220540123527,2
200.0,3.963510232202632,2
200.01,3.883261113417591,2
200.02,3.8760691792367656,2
200.03,3.838771449216288,2
200.04,4.000540327237506,2
200.05,4.081555190635374,2
200.06,4.6135143090071775,2
200.07,4.443324103318418,2
200.08,4.906957716395817,2
200.09,4.302943408592372,2
200.1,4.41134486141036,2
200.11,3.9209631934256457,2
200.12,3.6387695701163154,2
200.13,3.398743849947299,2
200.14000000000001,3.1606741632696447,2
200.15,3.072321875350928,2
200.16,3.7885540797884794,2
200.17000000000002,3.5609206955809873,2
200.18,3.1475946004440476,2
200.19,3.372715498921335,2
200.20000000000002,3.5040906275725603,2
200.21,4.181617562788012,2
200.22,4.151898310733741,2
200.23000000000002,3.4886193338697025,2
200.24,3.4186566273208414,2
200.25,3.3500581054536784,2
200.26,3.065747309954433,2
200.27,2.999770297007189,2
200.28,3.057419864121099,2
200.29,3.1344439175500636,2
200.3,2.8298809281280004,2
200.31,3.11954232247336,2
200.32,3.6710960053973274,2
200.33,3.783476788648132,2
200.34,4.118594579677167,2
200.35,4.158106158601023,2
200.36,3.8458001644567803,2
200.37,3.9379777749545632,2
200.38,3.8017917261249017,2
200.39000000000001,3.5072742564331634,2
200.4,3.534424795770529,2
200.41,3.813416110241676,2
200.42000000000002,3.7355768506474263,2
200.43,4.311664318785526,2
200.44,4.549916667119801,2
200.45000000000002,4.339703818393578,2
200.46,4.14190799011458,2
200.47,4.735384465282387,2
200.48000000000002,4.566570300457229,2
200.49,4.613107171937916,2
200.5,4.671304397025259,2
200.51,4.115748060244981,2
200.52,3.619437686219513,2
200.53,3.9001121877434155,2
200.54,3.613353285788108,2
200.55,3.655379664822862,2
200.56,3.262000584586182,2
200.57,3.242738781669273,2
200.58,3.379022976380473,2
200.59,2.857427121187155,2
200.6,2.987003564073402,2
200.61,3.119254132971506,2
200.62,3.0745805026366315,2
200.63,2.8553359123415074,2
200.64000000000001,2.8630993183588,2
200.65,2.8704900496723895,2
200.66,3.5288217700274265,2
200.67000000000002,3.5417040938485322,2
200.68,3.4559738818444696,2
200.69,3.475571270912559,2
200.70000000000002,3.6480551620541117,2
200.71,3.792844013307316,2
200.72,3.9410059663884676,2
200.73000000000002,4.117765667716318,2
200.74,3.692256074110211,2
200.75,3.869364880551913,2
200.76,3.9346004268820423,2
200.77,3.764604444983953,2
200.78,3.818299139189939,2
200.79,3.8053206226423053,2
200.8,3.818892082523684,2
200.81,3.886400389849301,2
200.82,3.42225594524587,2
200.83,3.554573978288838,2
200.84,3.783397523651881,2
200.85,3.8741290160366746,2
200.86,3.6812787224864865,2
200.87,3.4685882543427526,2
200.88,3.573351745840703,2
200.89000000000001,3.8435507275638097,2
200.9,4.229972194276557,2
200.91,4.423666827466089,2
200.92000000000002,4.526279503574962,2
200.93,3.753266356709788,2
200.94,3.6040796257392413,2
200.95000000000002,3.7323265449747556,2
200.96,3.566424615367653,2
200.97,3.346245923021927,2
200.98000000000002,3.1106180200502447,2
200.99,3.6995841122493363,2
201.0,3.36130671702366,2
201.01,3.365028171138484,2
201.02,3.2222875408117644,2
201.03,3.0553206796738275,2
201.04,3.2663593097481276,2
201.05,3.5728966400534077,2
201.06,3.28215780600872,2
201.07,3.368820538730722,2
201.08,3.3997549113626886,2
201.09,3.331663912809392,2
201.1,3.133953432326676,2
201.11,3.5346533744723128,2
201.12,3.288226020481448,2
201.13,2.9902705935059712,2
201.14000000000001,3.402554360328859,2
201.15,3.518948968274474,2
201.16,3.232422509058143,2
201.17000000000002,3.2873305457787714,2
201.18,3.1817815096685815,2
201.19,3.6854320997841343,2
201.20000000000002,3.6484545304120535,2
201.21,3.834228805421703,2
201.22,3.8442768706862296,2
201.23000000000002,4.266984255992626,2
201.24,4.297911387145299,2
201.25,4.596088028640998,2
201.26,4.689878108325261,2
201.27,4.464178291488509,2
201.28,4.41828780044069,2
201.29,4.31616211784762,2
201.3,4.122066176880434,2
201.31,3.804723452678834,2
201.32,4.209453602195239,2
201.33,3.6045219232290027,2
201.34,4.021322139597456,2
201.35,3.6401997935837014,2
201.36,3.8300718378712775,2
201.37,3.681157481735111,2
201.38,3.2407949684306767,2
201.39000000000001,3.641223352552333,2
201.4,2.9973074919776814,2
201.41,3.3231486796147975,2
201.42000000000002,3.4276456797898467,2
201.43,3.7826410472357477,2
201.44,3.9818384993261398,2
201.45000000000002,4.157314734639072,2
201.46,4.3959859183748184,2
201.47,4.593695465041128,2
201.48000000000002,4.662016159881629,2
201.49,4.501011995555439,2
201.5,4.385979919805365,2
201.51,4.377632759954612,2
201.52,4.2644393316989335,2
201.53,4.857361690338063,2
201.54,4.747112323911359,2
201.55,4.346631979899043,2
201.56,4.277804995450492,2
201.57,4.0124627746999675,2
201.58,4.565931841206067,2
201.59,4.537042127288211,2
201.6,4.663195040442606,2
201.61,4.742843358362307,2
201.62,4.936500054170146,2
201.63,4.910407998289272,2
201.64000000000001,4.706386764902365,2
201.65,4.649134681977329,2
201.66,4.236701484152633,2
201.67000000000002,4.1705977499128135,2
201.68,4.661804126314826,2
201.69,4.803929118490715,2
201.70000000000002,4.693421678308292,2
201.71,5.194050980757478,2
201.72,4.901975767806548,2
201.73000000000002,4.908889834047534,2
201.74,4.732162642290505,2
201.75,4.600970666925932,2
201.76,4.652492510977717,2
201.77,4.7504478330738475,2
201.78,4.617964220027683,2
201.79,4.319279597117804,2
201.8,4.806475953582779,2
201.81,4.754573395775757,2
201.82,4.385296758246141,2
201.83,4.057127241465841,2
201.84,4.615524274054321,2
201.85,5.252067277997243,2
201.86,5.222239483287449,2
201.87,4.926081589458977,2
201.88,4.927703379842474,2
201.89000000000001,4.7483398536717205,2
201.9,4.836024509189593,2
201.91,4.851612081148793,2
201.92000000000002,4.757257485425881,2
201.93,4.657622808225122,2
201.94,4.5294988828839156,2
201.95000000000002,4.745298774928724,2
201.96,4.616147101682332,2
201.97,5.1369327183558475,2
201.98000000000002,5.632050419181107,2
201.99,5.361672074679033,2
202.0,5.123310666814206,2
202.01,4.99707360334076,2
202.02,4.715546551827808,2
202.03,4.8851765395440205,2
202.04,5.132251711988212,2
202.05,5.382694939342323,2
202.06,5.1854740963145405,2
202.07,5.004456038493146,2
202.08,4.339872848514255,2
202.09,4.119773990964106,2
202.1,3.8437540044077156,2
202.11,3.5456714533653235,2
202.12,3.453140940127199,2
202.13,3.42079522810708,2
202.14000000000001,3.4717143894531373,2
202.15,3.909752442686424,2
202.16,4.248997210739638,2
202.17000000000002,3.9053956757712345,2
202.18,4.036138874697743,2
202.19,3.80593188662413,2
202.20000000000002,3.8672467748896544,2
202.21,4.251960201920801,2
202.22,4.08897508406409,2
202.23000000000002,3.8003297612549387,2
202.24,3.834883106446961,2
202.25,4.225453064907969,2
202.26,4.771039613412107,2
202.27,4.519383309881916,2
202.28,4.504725722372127,2
202.29,4.53228415309246,2
202.3,4.076337517219648,2
202.31,3.650481045752626,2
202.32,3.7773720595197977,2
202.33,3.693188229024373,2
202.34,3.3268241136214383,2
202.35,3.588781883533547,2
202.36,3.6472076889830047,2
202.37,3.685750566411679,2
202.38,3.406851478795486,2
202.39000000000001,2.9827012326322238,2
202.4,2.915002327800612,2
202.41,3.0373031025017143,2
202.42000000000002,2.932763667690764,2
202.43,2.728640538948179,2
202.44,2.750366478920454,2
202.45000000000002,2.885263835798054,2
202.46,3.397563838805002,2
202.47,3.5003703640218458,2
202.48000000000002,3.1346664941061095,2
202.49,2.648255016048726,2
202.5,2.088269679656319,2
202.51,2.3757203721469082,2
202.52,2.239993057640466,2
202.53,2.5570523557510088,2
202.54,3.035680049034169,2
202.55,3.299384182519649,2
202.56,3.3051038525256575,2
202.57,3.898298483253547,2
202.58,3.77787439311926,2
202.59,3.544200063550229,2
202.6,3.6843145853768315,2
202.61,3.935020217392444,2
202.62,3.2090211148640853,2
202.63,3.602778202648424,2
202.64000000000001,3.182121541954938,2
202.65,2.682488570638602,2
202.66,2.7167304268984216,2
202.67000000000002,2.543966581952957,2
202.68,2.807360316521026,2
202.69,3.027576532785852,2
202.70000000000002,3.2122244316287545,2
202.71,3.6378879749822075,2
202.72,3.5847098758803253,2
202.73000000000002,3.730320863625755,2
202.74,3.284315448201728,2
202.75,3.6280218340360797,2
202.76,3.5232089138506213,2
202.77,3.4904035327059546,2
202.78,3.444336049959972,2
202.79,3.471697234987799,2
202.8,3.4199031776071376,2
202.81,2.8645897456459073,2
202.82,3.329512289035813,2
202.83,3.2122941359168857,2
202.84,3.185027097752628,2
202.85,3.2118347491565182,2
202.86,3.439239101126155,2
202.87,3.3556470373242044,2
202.88,3.7220795821477086,2
202.89000000000001,4.280978537639575,2
202.9,4.716401825544224,2
202.91,4.716486701071464,2
202.92000000000002,4.481486376964449,2
202.93,4.262425993894904,2
202.94,4.131424149638972,2
202.95000000000002,3.8771894436836463,2
202.96,4.00728301695205,2
202.97,3.942391846569092,2
202.98000000000002,3.9435265784951405,2
202.99,3.8619351740643313,2
203.0,4.003572269699123,2
203.01,4.075729157233026,2
203.02,3.968028057205865,2
203.03,3.929202741459014,2
203.04,3.8939546081171055,2
203.05,4.094602544491675,2
203.06,3.864686144066219,2
203.07,3.74636225466993,2
203.08,3.2334112482512474,2
203.09,3.005485148923276,2
203.1,3.038008191634934,2
203.11,3.0103984765854275,2
203.12,2.5533426293677017,2
203.13,2.8467751493555014,2
203.14000000000001,2.7126044851352757,2
203.15,2.3822986467496907,2
203.16,2.6473022483727533,2
203.17000000000002,3.0188744112189534,2
203.18,2.426436325888049,2
203.19,2.7771436729303307,2
203.20000000000002,2.8383099406587617,2
203.21,2.8820333372750815,2
203.22,2.6765401858286992,2
203.23000000000002,2.7649201617151293,2
203.24,2.8625865800288843,2
203.25,3.614773651648589,2
203.26,3.801204316819133,2
203.27,3.8203864964902414,2
203.28,4.173240650397469,2
203.29,4.406683759738328,2
203.3,3.954055622915262,2
203.31,4.146079727296888,2
203.32,4.1591497544117715,2
203.33,3.944788497943576,2
203.34,3.6573241780215464,2
203.35,3.6500181368898197,2
203.36,3.6820885463402995,2
203.37,4.039294527424348,2
203.38,3.3972706897399023,2
203.39000000000001,3.1008699521522676,2
203.4,3.2462583380953567,2
203.41,3.2823774081042796,2
203.42000000000002,3.3854197304021505,2
203.43,3.3170058569675076,2
203.44,3.4557843590291624,2
203.45000000000002,3.059915274123596,2
203.46,3.7482511992261287,2
203.47,3.891760015188189,2
203.48000000000002,4.032146020010945,2
203.49,3.7268905222310607,2
203.5,3.5874255800922277,2
203.51,3.7735340474018018,2
203.52,3.696933397998177,2
203.53,3.803186726651776,2
203.54,3.602022821463779,2
203.55,3.2626945048374223,2
203.56,3.651158915083648,2
203.57,3.4320624421416808,2
203.58,3.7466470683065727,2
203.59,3.5343865790448503,2
203.6,3.5360295104079036,2
203.61,3.4727717009764874,2
203.62,3.4659399480044124,2
203.63,3.7341073505015157,2
203.64000000000001,4.223054732591084,2
203.65,4.146424496821985,2
203.66,4.1661016280610434,2
203.67000000000002,4.073152267777593,2
203.68,4.090380099699461,2
203.69,3.8779506451377075,2
203.70000000000002,3.596736432218825,2
203.71,3.7291335349086707,2
203.72,3.819441324131662,2
203.73000000000002,4.1593574877334465,2
203.74,4.157405337937629,2
203.75,4.128287425752366,2
203.76,4.262122179611831,2
203.77,4.514947143371966,2
203.78,4.418568687228044,2
203.79,3.647140813221542,2
203.8,3.3848821689887885,2
203.81,3.749606817926924,2
203.82,4.257867531514902,2
203.83,4.60988809064405,2
203.84,4.424571223020252,2
203.85,4.289073666722806,2
203.86,4.469743215710083,2
203.87,4.592827149765337,2
203.88,3.829288046894008,2
203.89000000000001,3.8586051856068506,2
203.9,3.8574784223852996,2
203.91,3.545294113739058,2
203.92000000000002,3.4215478420275915,2
203.93,3.5541904308064507,2
203.94,3.5371030997557593,2
203.95000000000002,3.8474577172293283,2
203.96,4.361519260063327,2
203.97,4.593187630953327,2
203.98000000000002,4.660523369962227,2
203.99,4.552345957901844,2
204.0,4.722727587759423,2
204.01,4.4740405500370874,2
204.02,4.271664792756971,2
204.03,3.8955751588667202,2
204.04,3.4667617648876417,2
204.05,3.8829362909041936,2
204.06,3.971118698836214,2
204.07,4.124539943567153,2
204.08,4.076264792808847,2
204.09,4.604069850193111,2
204.1,5.041933840471213,2
204.11,4.933013516464486,2
204.12,4.831728794551431,2
204.13,4.686202587765162,2
204.14000000000001,4.301741173047038,2
204.15,4.155563662781691,2
204.16,4.050709914393092,2
204.17000000000002,3.417495628707141,2
204.18,2.830244968841414,2
204.19,2.9290199447946486,2
204.20000000000002,3.271966387782263,2
204.21,3.126526565316242,2
204.22,3.709612639799221,2
204.23000000000002,3.658974096161627,2
204.24,3.4530678392706227,2
204.25,3.104342105255679,2
204.26,3.2215451999379634,2
204.27,2.7298220124211428,2
204.28,2.644408768275909,2
204.29,2.792615335444157,2
204.3,2.5174219300933958,2
204.31,2.517593327065645,2
204.32,2.67284984147839,2
204.33,2.460608672683646,2
204.34,2.798954664342365,2
204.35,3.1858842049049905,2
204.36,2.980942550636286,2
204.37,3.0260803668469625,2
204.38,3.0881951098322786,2
204.39000000000001,3.2776540344392218,2
204.4,3.265560911119929,2
204.41,3.134345961193293,2
204.42000000000002,2.921510096304078,2
204.43,3.266357985206661,2
204.44,3.1757021831661474,2
204.45000000000002,3.038130129569228,2
204.46,3.4309995019557262,2
204.47,3.5288735061569767,2
204.48000000000002,3.286330226592545,2
204.49,3.302396755228185,2
204.5,3.0973964776731333,2
204.51,2.853140226295413,2
204.52,2.813333142054961,2
204.53,2.873963764129287,2
204.54,2.8116661482663643,2
204.55,3.0839882769969558,2
204.56,3.3601134507887878,2
204.57,3.223522252360045,2
204.58,3.2514109883230873,2
204.59,3.1928591386968828,2
204.6,2.9932345643672105,2
204.61,3.1384764028721204,2
204.62,2.691939108696519,2
204.63,2.550971434537067,2
204.64000000000001,2.3662832297343597,2
204.65,2.273664452148881,2
204.66,2.1386525393687283,2
204.67000000000002,1.866882123164212,2
204.68,1.9975468204264,2
204.69,2.092631502706395,2
204.70000000000002,2.2804754185474914,2
204.71,2.5192095697486665,2
204.72,2.782230364520435,2
204.73000000000002,2.6760622517957824,2
204.74,2.8259323745097604,2
204.75,2.8691138782070467,2
204.76,2.951692841944337,2
204.77,2.92692502576231,2
204.78,2.806926255377276,2
204.79,2.8567575569983656,2
204.8,2.836173677346675,2
204.81,3.037369113105588,2
204.82,3.401414058763785,2
204.83,3.19479654104429,2
204.84,3.1230917489560364,2
204.85,3.8677361331238345,2
204.86,3.365094418122295,2
204.87,2.972340031098475,2
204.88,3.3735010266294974,2
204.89000000000001,3.978229876537258,2
204.9,4.391983387118858,2
204.91,4.4417701340328675,2
204.92000000000002,4.27545921883198,2
204.93,4.1701704882765505,2
204.94,4.266774917569578,2
204.95000000000002,4.5050619175099635,2
204.96,4.606598535124862,2
204.97,3.975081705492839,2
204.98000000000002,3.644229387438247,2
204.99,3.758531156657845,2
205.0,3.3905375273192333,2
205.01,2.911926896245462,2
205.02,3.268430160037754,2
205.03,3.414623547123494,2
205.04,3.9119254537380117,2
205.05,4.195985003498429,2
205.06,3.99996257175668,2
205.07,5.90981227112754,2
205.08,4.574591473300655,2
205.09,3.3976685121174985,2
205.1,3.7966226162411396,2
205.11,3.761906717636245,2
205.12,4.1675972657627245,2
205.13,4.181600459403171,2
205.14000000000001,4.2422160699070455,2
205.15,4.381413084250729,2
205.16,4.291236124888605,2
205.17000000000002,4.194825153489817,2
205.18,4.243981704862578,2
205.19,4.572613356170052,2
205.20000000000002,4.658393161247094,2
205.21,4.597404566530379,2
205.22,4.421293794214496,2
205.23000000000002,4.345677667934175,2
205.24,4.06641890839844,2
205.25,3.7814714253167043,2
205.26,3.735977138332112,2
205.27,3.76407741304155,2
205.28,3.9937052355130525,2
205.29,3.6744020672001403,2
205.3,3.7099604550610756,2
205.31,3.8599192694903204,2
205.32,3.595891173979353,2
205.33,3.505970622983864,2
205.34,3.7705353965565407,2
205.35,3.7767352826040037,2
205.36,3.2276040105477306,2
205.37,3.5241927797112016,2
205.38,3.5969783266474824,2
205.39000000000001,3.1822663638361792,2
205.4,3.0153061980405744,2
205.41,3.0779921852504186,2
205.42000000000002,3.2586953636671128,2
205.43,3.624251187268471,2
205.44,3.4064412430112747,2
205.45000000000002,3.3379166897135017,2
205.46,3.654490594463482,2
205.47,3.985100378847263,2
205.48000000000002,3.894979190031833,2
205.49,3.7545348315280336,2
205.5,3.920715088980128,2
205.51,3.341799926656278,2
205.52,3.4037930688851725,2
205.53,3.455789256325918,2
205.54,3.3776471968296624,2
205.55,3.573503797141727,2
205.56,3.9255122840090406,2
205.57,3.656445792831256,2
205.58,3.4845432866409407,2
205.59,3.7248160437896587,2
205.6,3.340855071063559,2
205.61,3.2559185062334244,2
205.62,3.9446610648281517,2
205.63,4.0037820525458265,2
205.64000000000001,3.922973233240455,2
205.65,3.442121057920499,2
205.66,2.816017537313741,2
205.67000000000002,3.235661191914625,2
205.68,2.982461985032465,2
205.69,3.0971031147758854,2
205.70000000000002,3.548462599034171,2
205.71,3.4525083261241436,2
205.72,3.37702222807752,2
205.73000000000002,3.6365437568344547,2
205.74,4.056759624528713,2
205.75,4.291037237368545,2
205.76,4.678520349466397,2
205.77,3.9568785431111317,2
205.78,4.080574437494139,2
205.79,4.436349671224839,2
205.8,4.520298450197425,2
205.81,4.427491050148853,2
205.82,4.0376588897088945,2
205.83,3.8260518412196984,2
205.84,4.268323085433734,2
205.85,4.231235129460928,2
205.86,4.029550052177367,2
205.87,3.58714241684177,2
205.88,3.7604301358546097,2
205.89000000000001,3.5561479295961127,2
205.9,3.591448103123248,2
205.91,4.121208902777033,2
205.92000000000002,4.334829398248701,2
205.93,4.67240964127056,2
205.94,4.645891303411718,2
205.95000000000002,4.78329696311138,2
205.96,5.081772371759358,2
205.97,4.738740919108588,2
205.98000000000002,4.654438338221519,2
205.99,4.393738073766721,2
206.0,4.181901488255827,2
206.01,4.121778145941546,2
206.02,3.839394251088649,2
206.03,3.75054221890119,2
206.04,3.9698487222661036,2
206.05,3.9455288086729503,2
206.06,3.731183082194133,2
206.07,3.9808491419922762,2
206.08,3.723138511116564,2
206.09,3.4378951148559955,2
206.1,3.834369761589855,2
206.11,4.090446674916119,2
206.12,3.9850313024851993,2
206.13,4.52359171398617,2
206.14000000000001,4.311018308058137,2
206.15,4.473166370327771,2
206.16,3.978066180788168,2
206.17000000000002,3.6926527343118973,2
206.18,4.014936213387428,2
206.19,4.415957298493082,2
206.20000000000002,4.3318260560847754,2
206.21,4.94453492949364,2
206.22,5.220966016160501,2
206.23000000000002,4.901582213893375,2
206.24,4.704270307706501,2
206.25,4.241093669711372,2
206.26,4.091552034652224,2
206.27,4.150174737441964,2
206.28,4.146577878163068,2
206.29,4.140650172252575,2
206.3,4.409159447532467,2
206.31,4.415457867601586,2
206.32,4.567997198917018,2
206.33,4.637753667851372,2
206.34,4.6552631311161745,2
206.35,4.850862844416276,2
206.36,4.9930212619289245,2
206.37,4.574597192182024,2
206.38,5.032486717359522,2
206.39000000000001,4.963368896116469,2
206.4,4.597670201425252,2
206.41,4.519487577835888,2
206.42000000000002,4.541442977532654,2
206.43,4.653835308779667,2
206.44,4.860612356885495,2
206.45000000000002,4.992135443822316,2
206.46,5.413766684825826,2
206.47,5.30234889085245,2
206.48000000000002,5.127082440622992,2
206.49,4.598608694434979,2
206.5,4.813574510429218,2
206.51,4.9049201511737905,2
206.52,4.654167352575911,2
206.53,4.657562250612594,2
206.54,4.588917792169594,2
206.55,4.579649782013816,2
206.56,4.443984724094558,2
206.57,4.4316224901879115,2
206.58,3.958110453587357,2
206.59,3.84734079397919,2
206.6,3.9498683410282656,2
206.61,3.755098678271021,2
206.62,3.889812502010545,2
206.63,4.485965555825612,2
206.64000000000001,4.110234756076805,2
206.65,3.579948536931478,2
206.66,3.963624668535742,2
206.67000000000002,4.560287271863519,2
206.68,4.6094434990018165,2
206.69,4.550280205422633,2
206.70000000000002,4.312385221236348,2
206.71,4.433926497741697,2
206.72,4.386164175936935,2
206.73000000000002,4.5882034814885415,2
206.74,4.044093599265959,2
206.75,4.132346592118965,2
206.76,3.8827695277047307,2
206.77,4.1628953825294674,2
206.78,3.822193449406325,2
206.79,4.018349140765726,2
206.8,3.8515831911275664,2
206.81,3.7432356900823276,2
206.82,4.009645232066074,2
206.83,3.7830512535487446,2
206.84,3.379490633579218,2
206.85,3.4621285490492006,2
206.86,3.3286079529647066,2
206.87,3.0074427061734768,2
206.88,3.205885513903962,2
206.89000000000001,3.367452168697398,2
206.9,3.463815646757135,2
206.91,3.6612771660884365,2
206.92000000000002,3.129906931874158,2
206.93,3.0007157175689425,2
206.94,3.179280519251271,2
206.95000000000002,3.554897099065485,2
206.96,3.6673804879993424,2
206.97,4.0316547044964475,2
206.98000000000002,3.8366062170395048,2
206.99,3.678830474859813,2
207.0,3.6056354008300664,2
207.01,3.6216466104082468,2
207.02,3.156554221624732,2
207.03,3.2349377720597805,2
207.04,3.301728342141042,2
207.05,3.197890416059731,2
207.06,3.060280633579881,2
207.07,3.231176665628131,2
207.08,3.4749952032180365,2
207.09,3.5684117061830243,2
207.1,3.6519848157368617,2
207.11,3.6764281569864825,2
207.12,3.7131178752699223,2
207.13,3.934661158089647,2
207.14000000000001,4.400554931834164,2
207.15,4.7834442603898255,2
207.16,4.398058100410612,2
207.17000000000002,3.7601357199642815,2
207.18,3.934405226469804,2
207.19,3.947014870818579,2
207.20000000000002,3.935269397973652,2
207.21,4.049668594886626,2
207.22,3.9754577695341347,2
207.23000000000002,3.519040981670557,2
207.24,3.243617633524461,2
207.25,3.0130660089407804,2
207.26,3.300646025704521,2
207.27,3.9048651889891106,2
207.28,3.781266274121311,2
207.29,4.540151098445667,2
207.3,3.9488279828957893,2
207.31,3.8100918473897463,2
207.32,3.88101434370006,2
207.33,3.1698621902405004,2
207.34,3.6841345310236857,2
207.35,3.5196738976596205,2
207.36,3.5772474097249294,2
207.37,3.7465093224974577,2
207.38,3.3210720851135638,2
207.39000000000001,4.078116831342945,2
207.4,4.1081828658409485,2
207.41,4.000867364269192,2
207.42000000000002,3.6860001272223633,2
207.43,3.7754051524646046,2
207.44,3.3513589948411813,2
207.45000000000002,3.455666311078437,2
207.46,3.9058167823274705,2
207.47,4.245378968742425,2
207.48000000000002,4.063439135852904,2
207.49,3.978233539943245,2
207.5,4.133803443814552,2
207.51,4.455324273619846,2
207.52,4.84413365733881,2
207.53,5.221409037586159,2
207.54,4.83493251177537,2
207.55,4.964824295720735,2
207.56,4.476378364841551,2
207.57,4.297492939772643,2
207.58,3.9350373219229557,2
207.59,3.614784785352905,2
207.6,3.7218640901245528,2
207.61,3.5536486020729616,2
207.62,3.679490352155864,2
207.63,3.369072365358323,2
207.64000000000001,3.569307184489549,2
207.65,3.4904961352455364,2
207.66,3.4587975768857224,2
207.67000000000002,3.1444688883468666,2
207.68,3.51872668196864,2
207.69,3.606658105504745,2
207.70000000000002,3.7989309782213985,2
207.71,3.457343491441651,2
207.72,3.70305717744913,2
207.73000000000002,3.7444098776598316,2
207.74,3.6294320633668744,2
207.75,4.056600502738327,2
207.76,4.166774600909101,2
207.77,4.278321668131666,2
207.78,3.693791393028158,2
207.79,4.0307578391953225,2
207.8,4.154493463923541,2
207.81,4.4897226753333115,2
207.82,4.272823924358807,2
207.83,4.043422683285782,2
207.84,4.496631243051372,2
207.85,4.718509926712904,2
207.86,4.241896981033889,2
207.87,4.222300414154263,2
207.88,4.489811055525257,2
207.89000000000001,4.491233925727733,2
207.9,4.286325952280016,2
207.91,4.068213141786617,2
207.92000000000002,4.079629066702932,2
207.93,4.361013772860304,2
207.94,4.042903705438073,2
207.95000000000002,3.4339104674728405,2
207.96,3.3756082473719893,2
207.97,3.565585817761414,2
207.98000000000002,3.799383780725502,2
207.99,3.5322132606481684,2
208.0,3.6554094726727806,2
208.01,3.508932731401118,2
208.02,3.7664357918032807,2
208.03,3.7524263883431455,2
208.04,4.014719305017678,2
208.05,4.0323161697556715,2
208.06,4.1707620118732684,2
208.07,4.028250317756999,2
208.08,3.8242550974724527,2
208.09,3.761242673043795,2
208.1,3.9598240828792752,2
208.11,4.678991594172569,2
208.12,4.968126953588969,2
208.13,5.30196685450397,2
208.14000000000001,5.1421233761178895,2
208.15,4.8758256793724915,2
208.16,4.163870493446783,2
208.17000000000002,3.9780271208270395,2
208.18,3.589376633477016,2
208.19,3.8482120088690634,2
208.20000000000002,3.8076498133466226,2
208.21,3.45293921952784,2
208.22,3.662523211910414,2
208.23000000000002,3.786064335915133,2
208.24,3.4862512014346283,2
208.25,3.9663781168463736,2
208.26,3.7564993888274603,2
208.27,3.949874234505679,2
208.28,3.9195041444122625,2
208.29,4.394287064626747,2
208.3,4.615861858963306,2
208.31,4.243133342800742,2
208.32,4.734382212288275,2
208.33,4.3020206016747915,2
208.34,3.971690542579733,2
208.35,4.434491422734542,2
208.36,4.383223503131314,2
208.37,4.433344995723167,2
208.38,4.509869220639124,2
208.39000000000001,4.153816940515564,2
208.4,4.671257405436653,2
208.41,5.225892537752202,2
208.42000000000002,4.573931085923141,2
208.43,4.3890761923785915,2
208.44,4.542792626108797,2
208.45000000000002,4.456833147599156,2
208.46,4.25721344465395,2
208.47,4.390683346707717,2
208.48000000000002,4.538531130597595,2
208.49,4.96407548957549,2
208.5,4.376323567130011,2
208.51,4.052958532086228,2
208.52,3.8340387957482243,2
208.53,4.52970995185947,2
208.54,4.90455447194695,2
208.55,4.8920377426944315,2
208.56,4.778990246613553,2
208.57,4.825996206896842,2
208.58,5.076202079278192,2
208.59,4.896799734703662,2
208.6,4.884683589697376,2
208.61,4.700777257829538,2
208.62,4.235353827165397,2
208.63,3.704791091426766,2
208.64000000000001,3.5385417428021846,2
208.65,3.4791445105914875,2
208.66,3.654946263759405,2
208.67000000000002,3.7655394621158567,2
208.68,3.3948616934474107,2
208.69,3.458047382262165,2
208.70000000000002,3.3575524518019453,2
208.71,3.3511274511371028,2
208.72,3.438760153072552,2
208.73000000000002,3.857836174225063,2
208.74,3.7417051646216852,2
208.75,4.243032778172751,2
208.76,3.8503871651573083,2
208.77,3.6167305172707884,2
208.78,3.627789969787561,2
208.79,3.3337665179272524,2
208.8,3.026509123997834,2
208.81,3.1446929207047423,2
208.82,2.8549351616266523,2
208.83,2.697558760474858,2
208.84,2.804447721551818,2
208.85,3.4064857984018895,2
208.86,3.411450635809964,2
208.87,3.5072670873876697,2
208.88,3.230799041662972,2
208.89000000000001,3.0106859453449633,2
208.9,2.4601791011432175,2
208.91,2.3354651925310077,2
208.92000000000002,2.7186470067774797,2
208.93,2.683871521839086,2
208.94,2.8582561099323103,2
208.95000000000002,3.035668609407012,2
208.96,3.3406432970999558,2
208.97,3.876772064103362,2
208.98000000000002,4.061095792719471,2
208.99,3.987466219605414,2
209.0,4.214475438908647,2
209.01,4.279182560011124,2
209.02,3.6170871457260825,2
209.03,3.315555130860136,2
209.04,3.3202682719441654,2
209.05,3.222448664171905,2
209.06,3.265357852995885,2
209.07,2.6513165586481606,2
209.08,3.024531941210292,2
209.09,3.1078957982008215,2
209.1,3.541706225532236,2
209.11,3.5948312640407543,2
209.12,3.692319587545666,2
209.13,3.429609506453925,2
209.14000000000001,5.294047963489209,2
209.15,4.127817739678566,2
209.16,3.3420736163609837,2
209.17000000000002,2.9427196965865368,2
209.18,3.3148008109113234,2
209.19,3.3974718280542873,2
209.20000000000002,3.314328224462916,2
209.21,3.1365095380563313,2
209.22,3.4371825022289215,2
209.23000000000002,3.2963340154217793,2
209.24,3.4336222568543144,2
209.25,3.4425804413680563,2
209.26,3.3480667304067775,2
209.27,3.045490723898385,2
209.28,3.509619302075418,2
209.29,3.2738737194856404,2
209.3,3.1023688645326937,2
209.31,3.5714386233902036,2
209.32,3.585422550122456,2
209.33,3.7175241170172932,2
209.34,4.1747575804151555,2
209.35,4.579361469508866,2
209.36,4.3659053187242876,2
209.37,4.655699034148701,2
209.38,4.135831597772834,2
209.39000000000001,3.624088232429103,2
209.4,3.6742870835894665,2
209.41,3.6829436884765663,2
209.42000000000002,3.8981173171956454,2
209.43,4.062031743233272,2
209.44,4.251781609196439,2
209.45000000000002,4.680586585975747,2
209.46,5.168664184750652,2
209.47,5.300443354321192,2
209.48000000000002,5.164231107071068,2
209.49,4.989574317742973,2
209.5,4.886508811131728,2
209.51,4.635210269478547,2
209.52,4.833383235254097,2
209.53,5.0449076943092805,2
209.54,4.760673462838591,2
209.55,4.637737299659112,2
209.56,4.072791377241805,2
209.57,4.039830197205819,2
209.58,4.04675701695717,2
209.59,3.728357764773697,2
209.6,3.6059492154052726,2
209.61,3.3186307553322463,2
209.62,2.9406842000729343,2
209.63,3.46644072842986,2
209.64000000000001,3.0744123680170583,2
209.65,3.199294979603453,2
209.66,3.5558758523465857,2
209.67000000000002,4.0030993623596265,2
209.68,3.702106985754373,2
209.69,4.093978614687615,2
209.70000000000002,4.1302960496989005,2
209.71,4.279612572603464,2
209.72,4.750178865929641,2
209.73000000000002,4.848275301042945,2
209.74,4.500380305084882,2
209.75,3.8680335191919593,2
209.76,4.062509715887267,2
209.77,4.171612196488231,2
209.78,3.9293021580791336,2
209.79,3.9883539029591417,2
209.8,3.6054832460851385,2
209.81,3.746840886034221,2
209.82,3.3924861644295556,2
209.83,3.7959652703892983,2
209.84,4.4115852725753015,2
209.85,4.452309463679997,2
209.86,4.51689894922359,2
209.87,4.631705830171697,2
209.88,4.646988092644353,2
209.89000000000001,4.2716208886327065,2
209.9,4.644791575515331,2
209.91,4.707859495824533,2
209.92000000000002,4.795727495392849,2
209.93,5.001951360216138,2
209.94,5.1751826136556485,2
209.95000000000002,5.40741761485967,2
209.96,5.395421198617326,2
209.97,5.0124213609730885,2
209.98000000000002,5.029279991625606,2
209.99,4.919214581716262,2
210.0,4.579420727348589,2
210.01,4.932748676727401,2
210.02,4.796936357506199,2
210.03,4.7819357435695204,2
210.04,4.497402995533225,2
210.05,4.432259452316065,2
210.06,4.652703170366167,2
210.07,5.167113137122676,2
210.08,4.636689163815279,2
210.09,4.579314786566932,2
210.1,3.6344368107679315,2
210.11,3.5493857023011337,2
210.12,3.627667850374171,2
210.13,3.7111073293817545,2
210.14000000000001,4.20405715053861,2
210.15,4.119258478533655,2
210.16,4.5498500398569055,2
210.17000000000002,4.564828484854951,2
210.18,4.3637269210256395,2
210.19,4.3813705260952736,2
210.20000000000002,4.379778305777515,2
210.21,4.398101649052036,2
210.22,4.1606680631004505,2
210.23000000000002,3.943539255851739,2
210.24,4.270911083795669,2
210.25,4.542698869510648,2
210.26,4.253632612720358,2
210.27,4.190094357738349,2
210.28,4.279672592852148,2
210.29,4.482514817743881,2
210.3,4.4875878047718425,2
210.31,4.765792053844338,2
210.32,4.667131039819462,2
210.33,5.038654455772564,2
210.34,5.6578065531958055,2
210.35,5.5125981494390786,2
210.36,5.467671985073398,2
210.37,5.054481646941251,2
210.38,4.900486314614187,2
210.39000000000001,4.861152979106882,2
210.4,4.972942001826535,2
210.41,4.817658362957182,2
210.42000000000002,4.947391636175686,2
210.43,4.7463388970318565,2
210.44,4.957554885977763,2
210.45000000000002,4.979338735305612,2
210.46,4.986174395744097,2
210.47,4.7571504439848855,2
210.48000000000002,4.6576858080744135,2
210.49,4.485969685760982,2
210.5,4.683543585782035,2
210.51,4.231175210925587,2
210.52,4.007903504299059,2
210.53,4.349047252636203,2
210.54,4.367290113020366,2
210.55,4.677022105978986,2
210.56,4.844474262334345,2
210.57,5.024258608381357,2
210.58,5.041091565946275,2
210.59,4.750672750877514,2
210.6,4.696983364956522,2
210.61,4.273654911062094,2
210.62,4.199411686510467,2
210.63,4.025027909420167,2
210.64000000000001,3.4952078119347365,2
210.65,3.6664870218423906,2
210.66,3.7927438105007654,2
210.67000000000002,4.171075976052493,2
210.68,3.807295448753267,2
210.69,4.132823881592715,2
210.70000000000002,3.4624139840034855,2
210.71,3.4744545150112094,2
210.72,4.0869490658479855,2
210.73000000000002,4.070119971866242,2
210.74,3.8549150476985523,2
210.75,3.845800600604178,2
210.76,4.101622682797319,2
210.77,4.011554962161507,2
210.78,4.121547953959801,2
210.79,4.217297010554298,2
210.8,4.351112573138949,2
210.81,4.609634034351226,2
210.82,5.109558122245435,2
210.83,5.023381585397293,2
210.84,5.0124983707271396,2
210.85,4.574910662031909,2
210.86,4.785119603907191,2
210.87,5.092155258513668,2
210.88,5.177974441169033,2
210.89000000000001,4.667432908982302,2
210.9,4.4860829951411345,2
210.91,4.451981043222975,2
210.92000000000002,4.164035039524367,2
210.93,4.755342337880553,2
210.94,4.795852720405286,2
210.95000000000002,4.980213166953655,2
210.96,5.150612528304107,2
210.97,5.067272930349657,2
210.98000000000002,4.620330386770804,2
210.99,4.781777592790067,2
211.0,5.273480830911149,2
211.01,5.038981911997556,2
211.02,4.774543761491379,2
211.03,4.934730393048474,2
211.04,5.103032145618578,2
211.05,5.317087446619705,2
211.06,5.1453465319962675,2
211.07,4.990115790720387,2
211.08,4.14646494507058,2
211.09,4.146057173637206,2
211.1,3.9716612589006184,2
211.11,3.349268337604973,2
211.12,3.950938680212076,2
211.13,4.024286459595978,2
211.14000000000001,3.5165831258822187,2
211.15,3.6716404239749187,2
211.16,4.231648305085096,2
211.17000000000002,4.54951030437898,2
211.18,4.768441702327378,2
211.19,4.342583903016766,2
211.20000000000002,4.154114947795094,2
211.21,3.8926319429673457,2
211.22,3.9084918959827424,2
211.23000000000002,4.137335878424357,2
211.24,4.247523362814552,2
211.25,3.965627894680962,2
211.26,3.9169332099402268,2
211.27,4.220881731370698,2
211.28,4.343483782088324,2
211.29,4.422347538383296,2
211.3,4.131393878465117,2
211.31,4.163607280938688,2
211.32,3.825701733417962,2
211.33,3.609167418370044,2
211.34,3.229177565491248,2
211.35,3.795995753215006,2
211.36,4.317561136996659,2
211.37,4.001307183464216,2
211.38,3.7814046482526695,2
211.39000000000001,3.7132629023966,2
211.4,4.087171024617244,2
211.41,4.250644720249358,2
211.42000000000002,4.616970658654668,2
211.43,5.033276105150863,2
211.44,5.066962345169274,2
211.45000000000002,5.044783711649169,2
211.46,5.326188986322273,2
211.47,5.499723316756856,2
211.48000000000002,5.654247218615986,2
211.49,5.623447919359308,2
211.5,5.756242385713726,2
211.51,5.495555747135175,2
211.52,5.185234982424315,2
211.53,4.9706669671895805,2
211.54,5.517312807876865,2
211.55,5.069893838811027,2
211.56,5.229954838329829,2
211.57,5.668070362652951,2
211.58,5.613777376285345,2
211.59,5.362229997694215,2
211.6,5.38350314907377,2
211.61,5.105378150870026,2
211.62,4.737092928045483,2
211.63,5.0447203820450275,2
211.64000000000001,5.303433492101887,2
211.65,5.082836371555886,2
211.66,4.836307555724759,2
211.67000000000002,4.81395787618311,2
211.68,4.7054596760372505,2
211.69,4.4031604957999475,2
211.70000000000002,3.931094588393322,2
211.71,3.524795401015794,2
211.72,3.2320989398256406,2
211.73000000000002,3.014257024146934,2
211.74,3.1729851389082486,2
211.75,3.0279679141090465,2
211.76,2.9048804638188397,2
211.77,2.659214057145146,2
211.78,2.4433424439615994,2
211.79,2.241426462970965,2
211.8,2.3946916472071593,2
211.81,2.85047425381049,2
211.82,3.39105801816042,2
211.83,3.4669019923687405,2
211.84,3.820929436300161,2
211.85,3.6170741606985426,2
211.86,3.816394979930362,2
211.87,3.587818325842183,2
211.88,3.7522333516567734,2
211.89000000000001,3.544742957039906,2
211.9,3.380849175862027,2
211.91,3.42775523699941,2
211.92000000000002,3.9436426133752938,2
211.93,4.191204008512095,2
211.94,3.9653265043483965,2
211.95000000000002,3.670083956632512,2
211.96,3.4714443109602153,2
211.97,3.7067134225512035,2
211.98000000000002,3.7978658526036715,2
211.99,4.002850789780172,2
212.0,3.8570100706397756,2
212.01,3.96636811595169,2
212.02,4.046446226389872,2
212.03,4.400318812200514,2
212.04,4.807886105401283,2
212.05,4.983153784124875,2
212.06,5.242938899651111,2
212.07,5.113025584554317,2
212.08,4.803612989987629,2
212.09,4.71459472652033,2
212.1,4.60566941960319,2
212.11,4.4885600263323395,2
212.12,4.4367820264252895,2
212.13,4.344745217955094,2
212.14000000000001,4.180507239552745,2
212.15,4.1254081571947285,2
212.16,4.34002346952625,2
212.17000000000002,4.060916984869253,2
212.18,4.435972210494828,2
212.19,4.699059604710875,2
212.20000000000002,4.653695858946896,2
212.21,3.913246945304306,2
212.22,3.3049410198554345,2
212.23000000000002,3.4060503541783054,2
212.24,3.657654489909522,2
212.25,4.194127330910043,2
212.26,4.059880687832666,2
212.27,3.908189329614266,2
212.28,3.572439880194571,2
212.29,3.784852984674561,2
212.3,3.8083497669332544,2
212.31,3.692364134396123,2
212.32,3.7297066871371154,2
212.33,3.7300148388448595,2
212.34,4.031192776041092,2
212.35,3.9071530113543127,2
212.36,3.915556889492276,2
212.37,4.16466111091417,2
212.38,4.073272415169378,2
212.39000000000001,3.855900974252943,2
212.4,3.5073499476825005,2
212.41,3.2616703366494253,2
212.42000000000002,3.153232186414008,2
212.43,3.510211541564135,2
212.44,3.3503487813304664,2
212.45000000000002,3.35441408788364,2
212.46,3.127414429854319,2
212.47,3.2298549685145272,2
212.48000000000002,3.3881514263141543,2
212.49,3.5498954025275262,2
212.5,4.0924890508085605,2
212.51,4.079272128753266,2
212.52,4.154374520954932,2
212.53,3.979088106654811,2
212.54,4.596674407412191,2
212.55,4.777073786008445,2
212.56,4.949854852529755,2
212.57,5.163462711478583,2
212.58,5.259255862618049,2
212.59,5.455454151692601,2
212.6,5.256812018440852,2
212.61,5.772960525398061,2
212.62,5.157651741052781,2
212.63,4.964033404395921,2
212.64000000000001,5.358190036306779,2
212.65,5.173990265350731,2
212.66,5.244355565063823,2
212.67000000000002,4.986266216976903,2
212.68,5.014038835074184,2
212.69,4.810602736654543,2
212.70000000000002,5.06065470646767,2
212.71,5.036953917603311,2
212.72,4.437422318674834,2
212.73000000000002,4.163260643948139,2
212.74,3.8707106975460026,2
212.75,4.282034785427069,2
212.76,3.9020963072128745,2
212.77,3.835917526840482,2
212.78,4.450572195124502,2
212.79,4.759001087610093,2
212.8,4.440967840546382,2
212.81,4.146354058547141,2
212.82,3.8538999223297403,2
212.83,3.92697724866688,2
212.84,3.793825547895494,2
212.85,3.87969186533187,2
212.86,3.979327112999932,2
212.87,3.994715482529828,2
212.88,4.037088210699163,2
212.89000000000001,4.057766054620227,2
212.9,3.833298673293066,2
212.91,3.4402602582750275,2
212.92000000000002,3.5116029566268114,2
212.93,3.33898900064294,2
212.94,3.6816528825928687,2
212.95000000000002,3.3592643906704565,2
212.96,3.32223914919311,2
212.97,3.433922532154576,2
212.98000000000002,3.8477095092799054,2
212.99,3.7516899019066368,2
213.0,3.82868957650273,2
213.01,4.020604582581179,2
213.02,4.234717407609109,2
213.03,4.315182284590375,2
213.04,4.79600062252652,2
213.05,4.603901927899199,2
213.06,5.033916017786254,2
213.07,5.125920312352377,2
213.08,5.0828113929949925,2
213.09,5.066179444128364,2
213.1,5.225194562457714,2
213.11,4.898945376621779,2
213.12,4.850339719240411,2
213.13,4.696614052035926,2
213.14000000000001,5.080989904692681,2
213.15,4.788631772366372,2
213.16,5.275826616386995,2
213.17000000000002,5.021420554843456,2
213.18,4.525876188788027,2
213.19,4.226633257325827,2
213.20000000000002,3.963178936427195,2
213.21,4.436589135665504,2
213.22,4.011981727506869,2
213.23000000000002,4.10233002058836,2
213.24,4.507919666506927,2
213.25,5.242204206739357,2
213.26,5.086767380039201,2
213.27,5.009831171732026,2
213.28,4.578432846208772,2
213.29,4.412708894571152,2
213.3,4.990695566445796,2
213.31,5.138536569310609,2
213.32,5.368883889934056,2
213.33,5.415546169720544,2
213.34,5.576628172984866,2
213.35,5.968221815806145,2
213.36,5.641991798009189,2
213.37,5.686796854588354,2
213.38,5.3222273445690735,2
213.39000000000001,4.613231797498112,2
213.4,4.626960199112069,2
213.41,4.599478244097825,2
213.42000000000002,4.518269877407609,2
213.43,4.285312815219539,2
213.44,4.295590959408045,2
213.45000000000002,4.386018135885694,2
213.46,4.9032628097627615,2
213.47,4.96457438431613,2
213.48000000000002,5.034507183025991,2
213.49,4.718804468147053,2
213.5,4.376432401469842,2
213.51,4.060889292253414,2
213.52,3.970887352302047,2
213.53,3.990870895132998,2
213.54,4.05289345218352,2
213.55,3.8158592975519863,2
213.56,3.1992451463290985,2
213.57,3.160418672708977,2
213.58,3.50995011397964,2
213.59,3.452310164316471,2
213.6,3.486053970355344,2
213.61,3.0858105589853837,2
213.62,3.2124668616019636,2
213.63,3.4072228249096215,2
213.64000000000001,3.3050137472129806,2
213.65,3.647755323745936,2
213.66,4.022646351100696,2
213.67000000000002,4.619857253895839,2
213.68,4.295270007974149,2
213.69,4.346865941858845,2
213.70000000000002,3.9756896974683666,2
213.71,4.1493740669866,2
213.72,4.271622332822929,2
213.73000000000002,3.6984078062324643,2
213.74,3.805679734630047,2
213.75,3.768686936845611,2
213.76,3.456054066873573,2
213.77,3.4277044660649287,2
213.78,4.069124166152523,2
213.79,4.224671274927131,2
213.8,3.967883199757306,2
213.81,3.877226759062463,2
213.82,3.3411560464137917,2
213.83,3.1009455784783313,2
213.84,3.6680238525290725,2
213.85,3.960995186668658,2
213.86,4.092695400135164,2
213.87,4.193930511511107,2
213.88,4.575948121966773,2
213.89000000000001,4.609115922296235,2
213.9,4.467936058914758,2
213.91,4.3952076719709785,2
213.92000000000002,4.281531502521627,2
213.93,4.1754937592161685,2
213.94,4.63860585680931,2
213.95000000000002,4.275306491950355,2
213.96,4.104680576055834,2
213.97,3.577183898300306,2
213.98000000000002,3.9058923096136353,2
213.99,4.012347769389442,2
214.0,4.503659447993085,2
214.01,4.272059930335662,2
214.02,4.019706286061148,2
214.03,3.6877115055213214,2
214.04,3.848046481078686,2
214.05,3.764031989225172,2
214.06,3.8726592804749282,2
214.07,3.7652351216170064,2
214.08,4.196396898900849,2
214.09,4.535166290585521,2
214.1,4.506040315844155,2
214.11,4.753855671836976,2
214.12,4.640966908436358,2
214.13,4.5638999071684685,2
214.14000000000001,3.8943391238031264,2
214.15,4.048547769158133,2
214.16,4.05017432096779,2
214.17000000000002,4.294540128427759,2
214.18,4.46744794042373,2
214.19,4.208564479492167,2
214.20000000000002,4.1332642760361775,2
214.21,3.984498010146673,2
214.22,4.282041233681847,2
214.23000000000002,4.699629011715011,2
214.24,4.855905946941836,2
214.25,5.332888302418112,2
214.26,5.348036407614008,2
214.27,4.93711638428365,2
214.28,4.450250983860137,2
214.29,4.144588865795267,2
214.3,4.001631152376719,2
214.31,3.8095375390131063,2
214.32,3.8439809704226016,2
214.33,3.8083998293419357,2
214.34,3.8487156343742606,2
214.35,4.555610412689668,2
214.36,4.748227614050749,2
214.37,4.749774650557739,2
214.38,4.975651730647353,2
214.39000000000001,4.649491808039983,2
214.4,4.343848378982984,2
214.41,4.569072869223508,2
214.42000000000002,4.5120443583453005,2
214.43,4.495600646927412,2
214.44,4.122239782620991,2
214.45000000000002,3.9757590195068624,2
214.46,3.8621573484066185,2
214.47,3.7396664879225043,2
214.48000000000002,4.37343565044528,2
214.49,4.937002680853229,2
214.5,5.165816735021796,2
214.51,5.076585203709847,2
214.52,4.802543098416605,2
214.53,4.429152091560289,2
214.54,4.483027539007862,2
214.55,4.7956219372886695,2
214.56,4.936512226290854,2
214.57,4.871734101043174,2
214.58,4.973806766000582,2
214.59,4.871062247833285,2
214.6,4.705272906960742,2
214.61,4.347545302287044,2
214.62,4.219484471810899,2
214.63,4.283536100167273,2
214.64000000000001,4.137111831499478,2
214.65,3.7994915543991614,2
214.66,3.852018490767778,2
214.67000000000002,3.95285328312397,2
214.68,3.8529900315560113,2
214.69,3.861455589996199,2
214.70000000000002,3.158289674171306,2
214.71,3.452622533107687,2
214.72,3.589038621732314,2
214.73000000000002,4.031151598106141,2
214.74,3.9676921063460537,2
214.75,4.178846729894382,2
214.76,4.494849456997438,2
214.77,4.4523614033042955,2
214.78,4.504681952069008,2
214.79,4.494627763563987,2
214.8,3.992109180098976,2
214.81,4.1025456799277995,2
214.82,3.825571337565882,2
214.83,3.5998197690783686,2
214.84,3.7883804774579666,2
214.85,4.175911835202686,2
214.86,4.379540551250145,2
214.87,4.506509535766917,2
214.88,4.551504972659781,2
214.89000000000001,4.742493339366004,2
214.9,5.145419506031541,2
214.91,4.8674347048436,2
214.92000000000002,4.626562415640161,2
214.93,4.771055837952612,2
214.94,4.210867948814158,2
214.95000000000002,4.161748104043123,2
214.96,4.219543485573357,2
214.97,4.043824593184906,2
214.98000000000002,3.496140434331477,2
214.99,3.9390502224371904,2
215.0,3.7752555857510637,2
215.01,3.640471169254092,2
215.02,4.052772889758205,2
215.03,3.210720825212784,2
215.04,3.7178239734463636,2
215.05,4.376774510825126,2
215.06,4.087087430894905,2
215.07,3.9397482642512665,2
215.08,4.084100617494657,2
215.09,4.146696600078547,2
215.1,4.411026185212673,2
215.11,4.510966708315287,2
215.12,4.695148722200643,2
215.13,5.599917932725743,2
215.14000000000001,4.988250741230435,2
215.15,5.26977097340248,2
215.16,5.561917395908424,2
215.17000000000002,5.094635574772387,2
215.18,4.758858777172723,2
215.19,4.825218285084341,2
215.20000000000002,4.388596004271233,2
215.21,4.175656876818463,2
215.22,4.225870144841183,2
215.23000000000002,4.009574947400823,2
215.24,3.9441342934429837,2
215.25,3.7040479183071597,2
215.26,3.4666551605120945,2
215.27,3.65358961356797,2
215.28,3.6595594697278373,2
215.29,3.728560973420411,2
215.3,3.955215274347525,2
215.31,4.0117747075662855,2
215.32,3.9156440059423585,2
215.33,3.674615449733204,2
215.34,3.834363928200162,2
215.35,4.4159909367456045,2
215.36,4.623851543654673,2
215.37,4.135043904847708,2
215.38,3.5479151366892845,2
215.39000000000001,3.384844535926066,2
215.4,3.010811342451496,2
215.41,2.7457185603392507,2
215.42000000000002,2.1980949038898205,2
215.43,2.4443347360928964,2
215.44,2.271723948252029,2
215.45000000000002,2.1135886273297557,2
215.46,2.1142187448490515,2
215.47,2.1207425876599815,2
215.48000000000002,2.234334242051637,2
215.49,2.0140864634187237,2
215.5,2.491746004955785,2
215.51,2.721621770311759,2
215.52,2.966711765156312,2
215.53,2.945390156005503,2
215.54,3.355273539419012,2
215.55,3.5581850023553425,2
215.56,3.6563103717556515,2
215.57,3.973499304129736,2
215.58,3.502855018988489,2
215.59,3.607536743152212,2
215.6,3.4571266767259345,2
215.61,3.305613295499916,2
215.62,3.601480190934647,2
215.63,4.030015633893518,2
215.64000000000001,4.38752644658899,2
215.65,4.350692517946074,2
215.66,4.223888615624531,2
215.67000000000002,4.55307499352562,2
215.68,4.2195704768138524,2
215.69,4.678432046036587,2
215.70000000000002,4.501218973453193,2
215.71,4.437024121065556,2
215.72,4.242248427658091,2
215.73000000000002,4.2279172644553835,2
215.74,3.947082644079982,2
215.75,3.846838206173903,2
215.76,3.9056816444272107,2
215.77,3.8849737601617367,2
215.78,3.1912097471067113,2
215.79,3.9730399149603386,2
215.8,4.423857662725527,2
215.81,4.051379059514174,2
215.82,3.870136913306611,2
215.83,3.8344979028231463,2
215.84,6.160782350368258,2
215.85,5.0178167295436715,2
215.86,3.8409983905510114,2
215.87,4.520584150066985,2
215.88,4.3561606206332515,2
215.89000000000001,4.831932836767512,2
215.9,4.577588142688696,2
215.91,4.81924251500862,2
215.92000000000002,4.8437635395165595,2
215.93,4.516971263954398,2
215.94,4.631773488988232,2
215.95000000000002,4.620513821227265,2
215.96,4.81972130146554,2
215.97,4.517967968000726,2
215.98000000000002,4.442404723266396,2
215.99,4.627338112793662,2
216.0,4.046744950875616,2
216.01,3.715040806803836,2
216.02,3.754953191588256,2
216.03,3.8304647420041946,2
216.04,3.8203428429022064,2
216.05,4.064497673178222,2
216.06,4.029641884096608,2
216.07,4.316412259485626,2
216.08,4.376426779509216,2
216.09,4.022058348464299,2
216.1,4.0656696362235865,2
216.11,4.036885321725606,2
216.12,3.843058527752838,2
216.13,3.4288684762896446,2
216.14000000000001,3.151695186516584,2
216.15,2.996298963114246,2
216.16,3.3966465906006906,2
216.17000000000002,3.3649428805278223,2
216.18,3.7747090729544763,2
216.19,3.5076134735856757,2
216.20000000000002,3.3568237687721254,2
216.21,3.26181394833526,2
216.22,3.2530957190841616,2
216.23000000000002,3.395878800542929,2
216.24,3.633864202104044,2
216.25,4.026249303848418,2
216.26,3.400492493310175,2
216.27,4.033915137619106,2
216.28,3.729943133384576,2
216.29,3.7853479028833275,2
216.3,4.0790061053731685,2
216.31,4.253072806350158,2
216.32,4.545228210718283,2
216.33,4.779086762893647,2
216.34,4.819336247931419,2
216.35,4.94994993206043,2
216.36,4.504214682062645,2
216.37,4.252610861802317,2
216.38,3.9514358776571306,2
216.39000000000001,3.2846945277988415,2
216.4,3.0901570832495904,2
216.41,2.8879929791819494,2
216.42000000000002,2.7353627707561827,2
216.43,3.050980994877029,2
216.44,2.9286909768171303,2
216.45000000000002,3.275185628333164,2
216.46,2.9035900351867023,2
216.47,2.8280991991922533,2
216.48000000000002,2.834665634066521,2
216.49,3.2872723676930393,2
216.5,3.3759387415871607,2
216.51,3.5209577211291245,2
216.52,3.257975324313951,2
216.53,3.5734239794873175,2
216.54,3.599404651482273,2
216.55,3.1426672009768444,2
216.56,3.426893370103761,2
216.57,3.566848522694637,2
216.58,3.512707123907059,2
216.59,3.4636811508000216,2
216.6,3.2140354412080585,2
216.61,3.6208997045038354,2
216.62,3.864799295068273,2
216.63,3.578443900918292,2
216.64000000000001,3.634939401627261,2
216.65,3.4705012395423505,2
216.66,3.162082566411907,2
216.67000000000002,3.6865739021575274,2
216.68,3.6176945788522206,2
216.69,3.417635805964663,2
216.70000000000002,3.1386461620691137,2
216.71,3.1563613180868977,2
216.72,2.6400404260370487,2
216.73000000000002,2.7328916113528163,2
216.74,3.2026699518553436,2
216.75,3.5451293222201095,2
216.76,3.727137364200504,2
216.77,4.4358401016644295,2
216.78,4.464856517688867,2
216.79,4.160176089943294,2
216.8,4.380651560890583,2
216.81,4.3807576587833195,2
216.82,4.353997345899649,2
216.83,4.402386298688828,2
216.84,4.249908110271201,2
216.85,4.754494721346119,2
216.86,4.217767798978214,2
216.87,4.427212924503251,2
216.88,4.422196731852143,2
216.89000000000001,4.5089988376939525,2
216.9,4.350364743365628,2
216.91,4.744274713076612,2
216.92000000000002,4.9204449104861485,2
216.93,4.6101949429577616,2
216.94,4.866384486504289,2
216.95000000000002,4.8647978091818045,2
216.96,4.612970053330118,2
216.97,4.0721151595575815,2
216.98000000000002,4.282719851358784,2
216.99,4.049302207169498,2
217.0,4.193587857002013,2
217.01,4.5883975398272465,2
217.02,4.29971227478235,2
217.03,4.650731862753461,2
217.04,4.26016012244415,2
217.05,4.654333413331563,2
217.06,5.104758580690996,2
217.07,5.249210936077804,2
217.08,5.248515053667382,2
217.09,5.3759591312563195,2
217.1,5.14295722062374,2
217.11,4.6524710661409,2
217.12,4.377603104941464,2
217.13,4.988215719130599,2
217.14000000000001,4.5594657239731005,2
217.15,4.775292985991649,2
217.16,4.666319197459873,2
217.17000000000002,4.498495964172463,2
217.18,4.927179783676633,2
217.19,4.860736869110936,2
217.20000000000002,5.038921873514441,2
217.21,5.614744585443818,2
217.22,5.39403671479058,2
217.23000000000002,5.388795948497635,2
217.24,5.449530144310437,2
217.25,5.213260531800898,2
217.26,5.231347077904818,2
217.27,5.427802428913936,2
217.28,5.506743263042572,2
217.29,5.389202802993318,2
217.3,4.433352180995393,2
217.31,3.9803040680660815,2
217.32,4.502065849844438,2
217.33,4.181347753789521,2
217.34,4.494080226553252,2
217.35,4.097282691296753,2
217.36,3.8145956763403897,2
217.37,4.0258110487196666,2
217.38,4.463600793805925,2
217.39000000000001,4.601604220485038,2
217.4,4.642474149611492,2
217.41,4.192719738281134,2
217.42000000000002,3.570554943635501,2
217.43,3.4909818141129887,2
217.44,3.585671502787423,2
217.45000000000002,3.612427570909656,2
217.46,4.277576542440811,2
217.47,3.812899338843222,2
217.48000000000002,3.745283543118194,2
217.49,4.244014678642169,2
217.5,4.404004512792827,2
217.51,4.053564065830727,2
217.52,3.4206095219235273,2
217.53,3.3672558764699536,2
217.54,3.1438936958557036,2
217.55,3.1034354923346283,2
217.56,3.8411641513684334,2
217.57,3.5701581968729204,2
217.58,3.4298804299385566,2
217.59,3.745729637095745,2
217.6,3.854551995502591,2
217.61,4.293745788619344,2
217.62,4.496325647803646,2
217.63,4.25114621970305,2
217.64000000000001,4.3718624092702765,2
217.65,4.367660879434476,2
217.66,3.832220023051006,2
217.67000000000002,4.461570508725642,2
217.68,4.115049036583788,2
217.69,4.073060855091826,2
217.70000000000002,3.9320383223518065,2
217.71,3.9719242542809683,2
217.72,4.029430778753089,2
217.73000000000002,4.190420141003557,2
217.74,4.036598495620969,2
217.75,4.339553460585028,2
217.76,4.113236366788712,2
217.77,3.951249635912186,2
217.78,3.468781415633671,2
217.79,3.5870504588255887,2
217.8,4.0589889833218935,2
217.81,3.9827994732013683,2
217.82,4.48458570575637,2
217.83,4.127241319099925,2
217.84,3.72984485763713,2
217.85,4.150275207664258,2
217.86,4.087329566530495,2
217.87,3.802574943805243,2
217.88,3.896787900324035,2
217.89000000000001,4.001349021315207,2
217.9,4.269028078825885,2
217.91,4.148372898361021,2
217.92000000000002,3.7493183655480404,2
217.93,3.6968892457080327,2
217.94,3.7216230647404225,2
217.95000000000002,4.068607083038387,2
217.96,3.6343452001421857,2
217.97,3.5642270134843437,2
217.98000000000002,3.6909170769019264,2
217.99,4.159714379829445,2
218.0,3.9542129502300547,2
218.01,3.7283309056846536,2
218.02,3.9439163329726643,2
218.03,3.3043361260778426,2
218.04,3.213361345936843,2
218.05,3.459378666753022,2
218.06,3.6133811036445604,2
218.07,3.709329395998446,2
218.08,3.2736950332126975,2
218.09,2.9850163058285517,2
218.1,3.466931493772426,2
218.11,3.4934971885559514,2
218.12,3.4822501802862518,2
218.13,3.3103157398198046,2
218.14000000000001,3.3845297572810407,2
218.15,3.307708985109609,2
218.16,3.6197289679050284,2
218.17000000000002,3.359186984722255,2
218.18,3.65980134986483,2
218.19,4.159715863389133,2
218.20000000000002,4.318797242952471,2
218.21,3.9372847586730724,2
218.22,4.176211039189436,2
218.23000000000002,4.0198647891623605,2
218.24,3.869607792459005,2
218.25,3.9209491852146874,2
218.26,3.858803864520485,2
218.27,3.7414451668131727,2
218.28,3.961655330594659,2
218.29,3.9982221402787532,2
218.3,3.4567239622794252,2
218.31,3.8009175846815673,2
218.32,4.160546960257332,2
218.33,4.314899592161292,2
218.34,4.470547280316247,2
218.35,4.3604971423754515,2
218.36,3.985484904895277,2
218.37,4.03726358358046,2
218.38,4.472175785561085,2
218.39000000000001,4.502248466966976,2
218.4,4.922778430865617,2
218.41,5.314987413130334,2
218.42000000000002,5.173287711996461,2
218.43,4.924567627184544,2
218.44,4.710537568418639,2
218.45000000000002,4.603663207891005,2
218.46,4.267345887424503,2
218.47,4.398382285430719,2
218.48000000000002,4.62961839048366,2
218.49,4.042340448898822,2
218.5,4.543606377534086,2
218.51,4.339640800261109,2
218.52,4.222008133527953,2
218.53,4.287019632539997,2
218.54,4.020758925436886,2
218.55,3.8512744266731413,2
218.56,3.630741162676899,2
218.57,3.6672164966444805,2
218.58,3.5357659239055668,2
218.59,3.6890117530873803,2
218.6,3.3473099320604085,2
218.61,3.538442270675681,2
218.62,3.2652738631260076,2
218.63,3.625170095005192,2
218.64000000000001,3.8929288007366063,2
218.65,3.2975048362782964,2
218.66,3.6064565687269976,2
218.67000000000002,2.9062240940945054,2
218.68,2.6835989650672825,2
218.69,3.1079463093212993,2
218.70000000000002,3.0438203675968243,2
218.71,3.5816247559688374,2
218.72,3.8240184650061906,2
218.73000000000002,3.7200193052717663,2
218.74,3.585554921010766,2
218.75,4.052922599449469,2
218.76,3.911929356992007,2
218.77,3.3936938586181435,2
218.78,3.1913179175617543,2
218.79,3.3071246899739473,2
218.8,3.1538687273159214,2
218.81,3.9157732420160785,2
218.82,3.7409002830333153,2
218.83,3.589986245467507,2
218.84,3.351851544439224,2
218.85,3.666367721574122,2
218.86,3.6206893861102714,2
218.87,3.889231523019229,2
218.88,4.227494921888083,2
218.89000000000001,4.307699972520969,2
218.9,4.364337729585756,2
218.91,3.9877413249560467,2
218.92000000000002,3.559882642996523,2
218.93,3.179960501886464,2
218.94,3.2824902676218772,2
218.95000000000002,4.007146235344314,2
218.96,3.845851652122325,2
218.97,4.151652430116429,2
218.98000000000002,4.285315963449916,2
218.99,4.266373684722975,2
219.0,4.170833735833097,2
219.01,4.031869126579444,2
219.02,3.9015603455877947,2
219.03,4.082923593465742,2
219.04,4.31843827861441,2
219.05,4.166461058324004,2
219.06,4.025795769709498,2
219.07,3.858271785608947,2
219.08,4.155817049167623,2
219.09,4.389354104350379,2
219.1,4.7687301487612155,2
219.11,4.461859635268289,2
219.12,4.240663398730502,2
219.13,4.685339303360966,2
219.14000000000001,4.991914172669941,2
219.15,4.611993279333223,2
219.16,4.297285233150324,2
219.17000000000002,4.339318266262254,2
219.18,4.657225776351716,2
219.19,4.335318708381852,2
219.20000000000002,4.326398017389286,2
219.21,4.602356574995681,2
219.22,4.484637200474579,2
219.23000000000002,4.414541042791479,2
219.24,4.775803547928442,2
219.25,4.57987283629617,2
219.26,4.881153808352317,2
219.27,4.750645372333044,2
219.28,4.368047945526377,2
219.29,4.488971234037392,2
219.3,4.265438340298144,2
219.31,3.907134674695526,2
219.32,4.473091494383418,2
219.33,4.544585761924141,2
219.34,4.399754910822108,2
219.35,4.274569673199541,2
219.36,4.680812762464819,2
219.37,5.067494696446473,2
219.38,4.806376952096595,2
219.39000000000001,4.800694585981104,2
219.4,4.616574148892784,2
219.41,4.77248388394897,2
219.42000000000002,4.594983897022593,2
219.43,3.9880588849836296,2
219.44,3.6970379881336894,2
219.45000000000002,4.02250989765434,2
219.46,3.816281953051423,2
219.47,4.057172217282371,2
219.48000000000002,4.1566973481559515,2
219.49,3.9391601708606676,2
219.5,3.901358961016531,2
219.51,3.7340396624660754,2
219.52,3.652884294985796,2
219.53,3.1818379364472147,2
219.54,3.2310895525515986,2
219.55,3.1440422114257727,2
219.56,3.2513248259902934,2
219.57,3.4755056176534183,2
219.58,3.7037991526073664,2
219.59,3.5726591536638996,2
219.6,3.4328590419725176,2
219.61,3.4466181479893883,2
219.62,3.8118871832751213,2
219.63,3.6850356846463312,2
219.64000000000001,3.5226761251066807,2
219.65,3.258555628471708,2
219.66,3.4765170628948487,2
219.67000000000002,3.4463307294124976,2
219.68,3.2168169239094757,2
219.69,3.069362288798797,2
219.70000000000002,3.3519950863231656,2
219.71,3.457593608887564,2
219.72,3.322218828655781,2
219.73000000000002,3.552723767213209,2
219.74,3.890689579056319,2
219.75,4.087530823173537,2
219.76,4.137355966467504,2
219.77,4.598844754960975,2
219.78,4.914179894756231,2
219.79,4.84048805287467,2
219.8,5.042393764918413,2
219.81,5.122666985001683,2
219.82,4.859187657895829,2
219.83,5.226729995614301,2
219.84,5.582101094371453,2
219.85,5.763271384536949,2
219.86,5.765531958011288,2
219.87,5.856910958484372,2
219.88,5.576371303455558,2
219.89000000000001,5.729145668135713,2
219.9,5.190776243164661,2
219.91,4.979322317909761,2
219.92000000000002,4.170800990698013,2
219.93,4.267106656063742,2
219.94,4.532131887758193,2
219.95000000000002,4.946179484136895,2
219.96,4.790629173560197,2
219.97,4.777230147630552,2
219.98000000000002,4.695426081347668,2
219.99,5.138296906521287,2
220.0,5.118488155391308,2
220.01,5.532063317151716,2
220.02,5.7315998260147385,2
220.03,5.77176892800347,2
220.04,5.436863860515963,2
220.05,4.986146396485518,2
220.06,4.912790412315995,2
220.07,4.849108754663375,2
220.08,4.434487233674548,2
220.09,4.697752249810633,2
220.1,4.680062331139154,2
220.11,4.778487873805969,2
220.12,5.181944758696264,2
220.13,4.8437987941006435,2
220.14000000000001,4.169302541080361,2
220.15,3.986312946410866,2
220.16,4.477830145245551,2
220.17000000000002,4.432432346521847,2
220.18,4.3354571794849015,2
220.19,4.155513067804352,2
220.20000000000002,4.13814552331191,2
220.21,3.962679268718861,2
220.22,3.8270347120268022,2
220.23000000000002,4.140770988804665,2
220.24,4.8607736056202615,2
220.25,4.535979592384519,2
220.26,4.330482503870273,2
220.27,4.1393890971398974,2
220.28,4.5762404395709035,2
220.29,4.733491379534632,2
220.3,4.587289391544159,2
220.31,4.38619375535095,2
220.32,4.790279119252244,2
220.33,4.722910472568912,2
220.34,4.639533931339654,2
220.35,3.9634212942678424,2
220.36,4.192557745319817,2
220.37,4.1712668322428055,2
220.38,4.184397719053294,2
220.39000000000001,4.19514536359172,2
220.4,4.441992464122604,2
220.41,3.7652378093928536,2
220.42000000000002,3.4497322616577684,2
220.43,4.059750236327752,2
220.44,3.7062563516012554,2
220.45000000000002,3.519438472948491,2
220.46,3.921922574309699,2
220.47,3.943957129081942,2
220.48000000000002,3.9663848257887198,2
220.49,4.420392376981685,2
220.5,4.2154892675999625,2
220.51,4.041939529226313,2
220.52,4.253220170270268,2
220.53,4.273142679554226,2
220.54,4.53716207572485,2
220.55,4.300807632430275,2
220.56,4.327156633297871,2
220.57,4.273741206909212,2
220.58,4.135521568117632,2
220.59,3.7586900620081742,2
220.6,3.663616934189581,2
220.61,3.544584563606192,2
220.62,3.9451362376921257,2
220.63,4.11133030528602,2
220.64000000000001,4.226098252360696,2
220.65,4.151915989839792,2
220.66,3.884026094552783,2
220.67000000000002,3.9587084509989117,2
220.68,4.3646411029189,2
220.69,4.084949524694346,2
220.70000000000002,4.205022407372563,2
220.71,4.056100443896469,2
220.72,4.0489268294910294,2
220.73000000000002,3.999933048694306,2
220.74,4.127380692425447,2
220.75,4.07040535277069,2
220.76,3.920815044185609,2
220.77,3.4819577659769045,2
220.78,3.596131244340877,2
220.79,3.8095202705177234,2
220.8,3.8462870508730873,2
220.81,3.841010524291694,2
220.82,4.27812991333179,2
220.83,4.709576591297383,2
220.84,4.942215015666403,2
220.85,4.942833422487056,2
220.86,4.876048631740087,2
220.87,4.489949009285342,2
220.88,3.900963298532373,2
220.89000000000001,4.299266590879511,2
220.9,4.301655321900662,2
220.91,5.232467139141259,2
220.92000000000002,4.943811873127739,2
220.93,4.970401883832935,2
220.94,5.162922732214734,2
220.95000000000002,4.861663445089338,2
220.96,4.699102515454452,2
220.97,4.574125465502731,2
220.98000000000002,4.40143210580207,2
220.99,4.474304530226356,2
221.0,4.442411523450009,2
221.01,3.821155715221629,2
221.02,3.8702745867059107,2
221.03,3.989169777987267,2
221.04,3.97873526603869,2
221.05,4.447469097189099,2
221.06,4.501307741065053,2
221.07,4.457847870844962,2
221.08,4.669736970796892,2
221.09,5.2449216436466575,2
221.1,5.079819809173271,2
221.11,5.27038096277267,2
221.12,5.664357123894381,2
221.13,5.432542369238466,2
221.14000000000001,4.957080345559848,2
221.15,4.985559588159402,2
221.16,5.2687384867129605,2
221.17000000000002,5.06102352454908,2
221.18,5.2653438543987,2
221.19,4.895323225334122,2
221.20000000000002,4.735804223550497,2
221.21,4.636044840011297,2
221.22,4.533001146655463,2
221.23000000000002,4.236175453176803,2
221.24,4.117530596884096,2
221.25,3.5483942774019,2
221.26,3.789891791814989,2
221.27,3.821138512956007,2
221.28,4.1647973583669895,2
221.29,4.1229486070190875,2
221.3,3.6011306481399075,2
221.31,3.7314006192390554,2
221.32,3.570634506043417,2
221.33,3.9164619632741644,2
221.34,3.8648292612590103,2
221.35,4.449309866574822,2
221.36,4.151034166194814,2
221.37,4.205707532695942,2
221.38,4.35474189627979,2
221.39000000000001,4.225680464353017,2
221.4,3.825436150058453,2
221.41,3.7861627704558356,2
221.42000000000002,3.2921869560426247,2
221.43,3.165075843232625,2
221.44,3.1981023877755534,2
221.45000000000002,3.561858799324404,2
221.46,3.6848961066347017,2
221.47,3.601929644255061,2
221.48000000000002,3.5098117113840956,2
221.49,3.402742148040224,2
221.5,3.723012998607344,2
221.51,3.3300858739663477,2
221.52,3.157134627022584,2
221.53,2.8194213824487004,2
221.54,3.10340658272007,2
221.55,3.6220974639147565,2
221.56,3.822510644764271,2
221.57,4.0233445014606435,2
221.58,3.8722088921959132,2
221.59,4.023210598243274,2
221.6,3.808113910199041,2
221.61,3.6643824499219324,2
221.62,3.687280572863771,2
221.63,3.730511115843856,2
221.64000000000001,4.2652740353134275,2
221.65,4.484253476733153,2
221.66,4.46863076865366,2
221.67000000000002,4.906101186560155,2
221.68,5.4964167050211366,2
221.69,5.3524276855422075,2
221.70000000000002,5.325679222766454,2
221.71,4.842181984330796,2
221.72,4.804780112912013,2
221.73000000000002,4.5321673736075425,2
221.74,3.944537380427781,2
221.75,4.2304744483934495,2
221.76,4.237560645827211,2
221.77,3.9675584704186804,2
221.78,3.453028323954797,2
221.79,3.335225916742724,2
221.8,3.21069950135122,2
221.81,3.2583130608246407,2
221.82,2.8386016808284933,2
221.83,3.0764292017332946,2
221.84,3.350514441883611,2
221.85,3.046556270103684,2
221.86,2.661730698365983,2
221.87,3.0829890713896377,2
221.88,3.1324811145519553,2
221.89000000000001,3.400461582556234,2
221.9,3.4917176087983353,2
221.91,3.5175485520453424,2
221.92000000000002,3.85899473211013,2
221.93,4.111208509219161,2
221.94,4.209087685892232,2
221.95000000000002,4.316602367265726,2
221.96,4.161953956045686,2
221.97,4.302816618876339,2
221.98000000000002,4.712681607377377,2
221.99,4.9315190056596965,2
222.0,4.307919205997916,2
222.01,4.405141280284076,2
222.02,4.51592619179071,2
222.03,4.785267673558438,2
222.04,5.057514924886837,2
222.05,5.09218770950747,2
222.06,4.632031637662609,2
222.07,4.536857705686027,2
222.08,4.258297198093626,2
222.09,3.902151017487284,2
222.1,4.307700310561761,2
222.11,4.1454815240951195,2
222.12,4.694571713840005,2
222.13,4.516130675117748,2
222.14000000000001,4.262152094520703,2
222.15,4.4064531139459095,2
222.16,4.343550642183284,2
222.17000000000002,4.387875732809985,2
222.18,4.196323878650844,2
222.19,4.023883219880352,2
222.20000000000002,3.882853991560101,2
222.21,3.5992893254950533,2
222.22,3.913146591802836,2
222.23000000000002,3.980149365460041,2
222.24,4.025615045993467,2
222.25,4.21178841389009,2
222.26,4.291765793653068,2
222.27,4.904072359077801,2
222.28,4.934518124507864,2
222.29,4.259776968919198,2
222.3,4.093866859126793,2
222.31,3.820336051302676,2
222.32,3.97079005930551,2
222.33,3.8565738326836105,2
222.34,4.012888455336968,2
222.35,3.8178594873120137,2
222.36,3.891067086560473,2
222.37,3.7526591997199445,2
222.38,3.6812256325775876,2
222.39000000000001,3.777052921135654,2
222.4,3.9272082748081254,2
222.41,4.339260975947364,2
222.42000000000002,4.625846863101116,2
222.43,4.830501620434444,2
222.44,4.869778232643921,2
222.45000000000002,4.644513031782554,2
222.46,4.756306725525921,2
222.47,5.018970839149198,2
222.48000000000002,5.2555458232599355,2
222.49,5.134570979934512,2
222.5,4.92373727850315,2
222.51,5.055759250552134,2
222.52,4.26013299137386,2
222.53,4.68650754083507,2
222.54,4.965777259649999,2
222.55,4.7897841308630715,2
222.56,4.616934711865192,2
222.57,5.143438855509462,2
222.58,4.735971779551858,2
222.59,4.588151303342727,2
222.6,5.025770662136766,2
222.61,4.619146445217265,2
222.62,4.60304106351477,2
222.63,4.475046650939484,2
222.64000000000001,5.01132315874836,2
222.65,4.756317690517967,2
222.66,4.296261626504455,2
222.67000000000002,4.335197126214143,2
222.68,4.147824779223878,2
222.69,4.302253978069517,2
222.70000000000002,4.394922062105605,2
222.71,4.024016479758137,2
222.72,4.542903015459069,2
222.73000000000002,4.315595347505508,2
222.74,4.141278533497605,2
222.75,4.290830365321858,2
222.76,4.724395628622701,2
222.77,4.287594803855571,2
222.78,4.127845161968091,2
222.79,4.386193559379222,2
222.8,4.185317527291812,2
222.81,4.211363088642701,2
222.82,4.073008255035823,2
222.83,4.2058964340489675,2
222.84,3.8317363785951724,2
222.85,3.9382609523292844,2
222.86,4.082013707913202,2
222.87,4.266768390913872,2
222.88,4.091542066068708,2
222.89000000000001,4.492615054469061,2
222.9,3.8485388747595106,2
222.91,3.6757746416037946,2
222.92000000000002,4.400644135501369,2
222.93,4.368773449208839,2
222.94,4.650595290186088,2
222.95000000000002,4.639252129851844,2
222.96,5.067830743152533,2
222.97,4.906594550837721,2
222.98000000000002,4.879324592219257,2
222.99,5.039170647538196,2
223.0,5.369564165855044,2
223.01,4.709840190941459,2
223.02,4.785708422125627,2
223.03,4.465507539170123,2
223.04,4.4033582354635525,2
223.05,4.2112158658576835,2
223.06,3.555089970758504,2
223.07,3.899289372044162,2
223.08,3.537608631660101,2
223.09,3.56419220322361,2
223.1,3.577406309289221,2
223.11,3.394335031900843,2
223.12,3.635889192138909,2
223.13,3.5687616026592184,2
223.14000000000001,3.4091908174932355,2
223.15,3.055922467776918,2
223.16,2.888225342264941,2
223.17000000000002,3.1191358774417965,2
223.18,2.640928040899082,2
223.19,3.2522601131567415,2
223.20000000000002,3.2839538028006694,2
223.21,3.1097259571491684,2
223.22,3.367371232714574,2
223.23000000000002,3.312189700070417,2
223.24,3.6331451975880404,2
223.25,3.368780498796235,2
223.26,3.1514025167946866,2
223.27,3.4050677882764937,2
223.28,3.8040360100317914,2
223.29,3.879011874051718,2
223.3,3.9564850851974818,2
223.31,3.724509104999121,2
223.32,3.605990623424199,2
223.33,5.3129693684674875,2
223.34,4.621798726363583,2
223.35,4.2862856793272694,2
223.36,4.405104373390202,2
223.37,4.93432678339767,2
223.38,5.016048318629371,2
223.39000000000001,5.249512028333117,2
223.4,5.062534443726423,2
223.41,4.911677755487378,2
223.42000000000002,4.776180940804276,2
223.43,4.433244407086363,2
223.44,4.265016097344424,2
223.45000000000002,4.331742124022726,2
223.46,4.128861956335498,2
223.47,4.273603160139642,2
223.48000000000002,4.036404846067048,2
223.49,3.809869845546837,2
223.5,3.8324893117530676,2
223.51,3.2705792067357535,2
223.52,3.6492839397069328,2
223.53,3.8844325791868712,2
223.54,4.1272141740984685,2
223.55,4.325248384100888,2
223.56,4.260225616597441,2
223.57,4.303341912113903,2
223.58,4.383440586930034,2
223.59,3.9339480326269936,2
223.6,3.9976860650734425,2
223.61,3.891074868119177,2
223.62,4.425240000570695,2
223.63,4.328403813937779,2
223.64000000000001,4.25993727233244,2
223.65,3.8881410309670574,2
223.66,3.7885027856122586,2
223.67000000000002,3.2106195411373917,2
223.68,3.8163084191492604,2
223.69,4.000045341331647,2
223.70000000000002,3.896059118519148,2
223.71,4.0492924701575905,2
223.72,3.772181705197711,2
223.73000000000002,3.7435143979316963,2
223.74,3.4551231479087985,2
223.75,3.075894179631037,2
223.76,3.3848566696650515,2
223.77,3.41660030097923,2
223.78,2.9850282858482236,2
223.79,2.85198938686385,2
223.8,3.3366196405007957,2
223.81,3.197948255280902,2
223.82,3.4543837280142946,2
223.83,3.3003758867901216,2
223.84,3.4393780382467902,2
223.85,3.6440453847294365,2
223.86,3.492301436528743,2
223.87,3.505162561696225,2
223.88,3.6419561069474184,2
223.89000000000001,3.5168935016366136,2
223.9,3.505892060530639,2
223.91,3.287947575316462,2
223.92000000000002,3.388799461270244,2
223.93,3.754815733521227,2
223.94,3.4496886009453385,2
223.95000000000002,3.304750538025745,2
223.96,2.7951809285680516,2
223.97,3.060678097182488,2
223.98000000000002,2.7014841606660243,2
223.99,2.9736653343035013,2
224.0,3.2379357389928116,2
224.01,3.5719440856196183,2
224.02,3.7192404957794327,2
224.03,3.3197232711155458,2
224.04,3.3502640764804736,2
224.05,3.470739696921586,2
224.06,3.6746110880758005,2
224.07,3.868844350635693,2
224.08,3.760891571718253,2
224.09,3.754080064651565,2
224.1,3.750717256856279,2
224.11,3.4169062438145916,2
224.12,3.2013114212138114,2
224.13,3.260759759899185,2
224.14000000000001,3.0972207025900893,2
224.15,2.7730671554952724,2
224.16,2.4653522681649127,2
224.17000000000002,2.815741732456559,2
224.18,3.0346552844552934,2
224.19,3.173144931715265,2
224.20000000000002,3.1631536386747445,2
224.21,3.0819687230418977,2
224.22,2.6025090200211825,2
224.23000000000002,2.9105006933463065,2
224.24,2.90415302715115,2
224.25,3.189835781549617,2
224.26,3.0051443438457652,2
224.27,3.5714252449866493,2
224.28,3.667393151483797,2
224.29,3.6663928889532125,2
224.3,3.4109244065306594,2
224.31,3.516655016965279,2
224.32,3.7396703550366692,2
224.33,3.1307638192371225,2
224.34,3.179484771984729,2
224.35,3.227909210986736,2
224.36,3.4330020808766695,2
224.37,3.014439884017097,2
224.38,3.3396919717934175,2
224.39000000000001,3.614485152152189,2
224.4,3.872574458744047,2
224.41,3.697878845711952,2
224.42000000000002,4.046070615904565,2
224.43,3.8111415710385286,2
224.44,3.231226528017458,2
224.45000000000002,3.3961743763630774,2
224.46,3.4392261421887462,2
224.47,3.8409693485808734,2
224.48000000000002,3.563819654232208,2
224.49,3.5095269640168705,2
224.5,3.435099611873251,2
224.51,3.7191890637925455,2
224.52,3.440039251458036,2
224.53,3.856800342858173,2
224.54,3.662761604206458,2
224.55,3.5710581553243306,2
224.56,3.625822124133873,2
224.57,3.3757728699955676,2
224.58,3.549136028773635,2
224.59,3.6686804142109084,2
224.6,3.526254853172432,2
224.61,3.6544226892806977,2
224.62,3.7776729538945553,2
224.63,3.9617516662544894,2
224.64000000000001,4.27759133418407,2
224.65,4.368004085025334,2
224.66,4.468573370605485,2
224.67000000000002,4.109121965343167,2
224.68,3.663709168852319,2
224.69,3.540702048763525,2
224.70000000000002,3.6793972306877842,2
224.71,3.82909591173281,2
224.72,3.1305973727014598,2
224.73000000000002,3.2548902263028645,2
224.74,3.6484266343027705,2
224.75,4.323793982816529,2
224.76,4.699749911451605,2
224.77,4.482033341190697,2
224.78,4.26953470103273,2
224.79,4.381911762915982,2
224.8,4.572910929190423,2
224.81,4.8339028133062785,2
224.82,4.919814082792254,2
224.83,4.480711685402596,2
224.84,4.038332548032261,2
224.85,4.4478882524362,2
224.86,4.3562771642095,2
224.87,4.046188525684355,2
224.88,3.7207456720412226,2
224.89000000000001,3.594833449528629,2
224.9,4.086940564552909,2
224.91,4.009272977106799,2
224.92000000000002,4.213212512345605,2
224.93,4.290949400971782,2
224.94,4.24537043554163,2
224.95000000000002,3.6614990202267568,2
224.96,3.932462458312081,2
224.97,3.72866370070298,2
224.98000000000002,3.2865920903073786,2
224.99,2.834713199951427,2
225.0,3.1180639101847754,2
225.01,3.4346570896709934,2
225.02,2.8437503919836655,2
225.03,2.8114148546906317,2
225.04,3.033338055671556,2
225.05,3.1738903333192576,2
225.06,3.110764543241096,2
225.07,3.1758530761747448,2
225.08,3.526507388632103,2
225.09,3.6976856729864545,2
225.1,3.91125873570513,2
225.11,3.7963627606418964,2
225.12,3.456200175718818,2
225.13,3.5794072356551028,2
225.14000000000001,3.848215348560666,2
225.15,3.671386402821437,2
225.16,3.7703078599753588,2
225.17000000000002,3.7924487495276225,2
225.18,3.3421637738320467,2
225.19,3.3632063081157377,2
225.20000000000002,3.4762437066998335,2
225.21,3.3969133198030317,2
225.22,3.766737098936165,2
225.23000000000002,3.436956478008628,2
225.24,4.102762225281656,2
225.25,4.091421538669589,2
225.26,4.027905615086051,2
225.27,4.284420162662119,2
225.28,3.832174570112417,2
225.29,4.494074977809194,2
225.3,4.251385301217549,2
225.31,4.477578631070963,2
225.32,4.430461564072275,2
225.33,4.098994049454234,2
225.34,4.377666775654431,2
225.35,4.489814261348536,2
225.36,5.305115028639412,2
225.37,5.284323138760497,2
225.38,4.9763906957692905,2
225.39000000000001,4.353168952011616,2
225.4,4.107090507542316,2
225.41,4.168990998559489,2
225.42000000000002,4.046182214497334,2
225.43,4.257809122423542,2
225.44,4.334715765496074,2
225.45000000000002,3.947873907072691,2
225.46,3.837140785170706,2
225.47,3.608184223427847,2
225.48000000000002,3.745043276377864,2
225.49,3.8926944419690352,2
225.5,3.7330695119770487,2
225.51,3.2951446149982253,2
225.52,4.1624123494948755,2
225.53,4.237561400387437,2
225.54,4.3045401296164645,2
225.55,3.7430182248417623,2
225.56,3.9738369168094625,2
225.57,4.277824702895719,2
225.58,4.345869073679576,2
225.59,4.349263384444282,2
225.6,4.3529167289566395,2
225.61,4.065978885551162,2
225.62,3.8619955009990057,2
225.63,3.8106093281366924,2
225.64000000000001,4.141103649282278,2
225.65,4.202770766319652,2
225.66,3.9724326736728615,2
225.67000000000002,3.791904650887519,2
225.68,3.200112201119788,2
225.69,3.4075512916200683,2
225.70000000000002,3.407374225684245,2
225.71,3.519577218115957,2
225.72,4.426400270779244,2
225.73000000000002,4.2570322613265095,2
225.74,4.292078499911368,2
225.75,4.084023026797328,2
225.76,4.028243992860286,2
225.77,3.749572112489567,2
225.78,3.463406243990442,2
225.79,3.005775981436308,2
225.8,2.7983132941717614,2
225.81,2.9845701638376596,2
225.82,2.9973632684046576,2
225.83,3.0353284493111268,2
225.84,3.004228316580059,2
225.85,3.1474567907828006,2
225.86,3.2589748110405696,2
225.87,3.341872538196474,2
225.88,3.315385399071445,2
225.89000000000001,3.59055785608501,2
225.9,3.0629906422065694,2
225.91,2.9402558013599647,2
225.92000000000002,2.8201454217550896,2
225.93,3.121154427678683,2
225.94,3.05631859861419,2
225.95000000000002,2.874926832818282,2
225.96,3.0364445269423923,2
225.97,3.359482491967728,2
225.98000000000002,3.6330052414699536,2
225.99,3.9328901129306733,2
226.0,3.973263511304114,2
226.01,4.0554747568556335,2
226.02,3.9764499894840437,2
226.03,3.886369588586162,2
226.04,3.6218042251795213,2
226.05,3.856020863522661,2
226.06,3.3613327512431272,2
226.07,3.054829800192289,2
226.08,3.678351947109407,2
226.09,3.67771691247275,2
226.1,3.74962468839954,2
226.11,3.4312230029523905,2
226.12,3.6256530772716435,2
226.13,4.052498922064301,2
226.14000000000001,4.458263486407798,2
226.15,3.9827689613694224,2
226.16,4.315568731182876,2
226.17000000000002,4.286919850184309,2
226.18,3.542289779851531,2
226.19,3.1517558929867295,2
226.20000000000002,2.7037013999879735,2
226.21,3.0038562788700602,2
226.22,3.0505539004801134,2
226.23000000000002,2.9610397936967408,2
226.24,3.0380695122121457,2
226.25,3.6318937411752064,2
226.26,3.5852451253244113,2
226.27,3.7198538651730595,2
226.28,3.926473383419684,2
226.29,3.589835232997971,2
226.3,3.7908302060400474,2
226.31,4.072336050930016,2
226.32,4.348446232738833,2
226.33,4.272206239718099,2
226.34,4.510398242839106,2
226.35,4.598470854373474,2
226.36,4.557856176917768,2
226.37,4.761531560567428,2
226.38,5.179584003247693,2
226.39000000000001,5.323232008150149,2
226.4,5.16985188876966,2
226.41,4.914546661943438,2
226.42000000000002,4.972464463013253,2
226.43,4.91893085872106,2
226.44,5.145103800117856,2
226.45000000000002,4.761276828695012,2
226.46,4.978971287986952,2
226.47,4.485643123381991,2
226.48000000000002,4.387463082723696,2
226.49,4.513970875702464,2
226.5,4.430741882854259,2
226.51,4.512004156258072,2
226.52,4.853401955208964,2
226.53,4.607363606011509,2
226.54,4.148853812265334,2
226.55,3.8124045019748714,2
226.56,3.806019058776179,2
226.57,4.178412123687756,2
226.58,4.071654862328986,2
226.59,4.675326250784676,2
226.6,4.247596589778998,2
226.61,3.727385820117692,2
226.62,3.8210428219919836,2
226.63,3.6783681766205407,2
226.64000000000001,3.497323658895189,2
226.65,3.553622912046048,2
226.66,3.249136920828711,2
226.67000000000002,3.4787660913352463,2
226.68,3.586281833872577,2
226.69,3.526223575707709,2
226.70000000000002,3.633365130132536,2
226.71,4.211833777658662,2
226.72,4.120963514760112,2
226.73000000000002,3.969833408920882,2
226.74,4.163170884033779,2
226.75,3.9589029586301274,2
226.76,4.0993858227990945,2
226.77,4.32217034839044,2
226.78,4.686490224179104,2
226.79,4.526938058896395,2
226.8,4.10024787144933,2
226.81,4.017380357346969,2
226.82,4.065705584598529,2
226.83,3.8841701832349775,2
226.84,3.9331614115572453,2
226.85,4.433646974017426,2
226.86,4.228553435640788,2
226.87,3.9765948268222573,2
226.88,4.2448218100888235,2
226.89000000000001,3.8692890533486746,2
226.9,3.8860162446482707,2
226.91,3.749022284556821,2
226.92000000000002,3.305680284848541,2
226.93,3.334652810585967,2
226.94,3.2233445086908428,2
226.95000000000002,3.4445549311274517,2
226.96,3.5567312324763414,2
226.97,3.6507537317083143,2
226.98000000000002,3.4169381652233968,2
226.99,3.3150013994317873,2
227.0,3.4546965714016085,2
227.01,3.257343610712418,2
227.02,3.320745192772981,2
227.03,3.487796566568411,2
227.04,3.7512066261577,2
227.05,3.6229744735229654,2
227.06,3.5496178998104884,2
227.07,3.650256993027005,2
227.08,3.4776549292343235,2
227.09,3.1380185792632576,2
227.1,3.3243662732259747,2
227.11,3.3177945017011488,2
227.12,3.537841469186651,2
227.13,3.421910136658419,2
227.14000000000001,3.5044633088734254,2
227.15,3.0428754034601138,2
227.16,3.3107860311467996,2
227.17000000000002,3.2276282423799465,2
227.18,3.265419414971807,2
227.19,3.2956359339943955,2
227.20000000000002,3.2675835625959464,2
227.21,3.3591045026677024,2
227.22,3.4270124436555904,2
227.23000000000002,3.546426462416981,2
227.24,3.2352900881070012,2
227.25,3.530356189448709,2
227.26,3.542169725017994,2
227.27,3.684422751851926,2
227.28,3.6794134937775222,2
227.29,3.40958389079447,2
227.3,4.185828539481218,2
227.31,4.2029377986052925,2
227.32,3.735617276229927,2
227.33,3.7359823323665924,2
227.34,3.651231881860818,2
227.35,3.6401389858108413,2
227.36,3.2125596073545157,2
227.37,3.2997913385204645,2
227.38,3.122569917782867,2
227.39000000000001,3.6284202911107815,2
227.4,3.635303318294366,2
227.41,3.8754599159430962,2
227.42000000000002,4.138409894005414,2
227.43,4.251053546513607,2
227.44,4.271952245161414,2
227.45000000000002,4.555795365019738,2
227.46,4.324076896742571,2
227.47,4.503699535317116,2
227.48000000000002,4.33557438981368,2
227.49,4.327838843371421,2
227.5,3.9522231963114365,2
227.51,3.587573576870724,2
227.52,3.607370655714933,2
227.53,3.9502951015752084,2
227.54,3.897830296727639,2
227.55,4.386823757551306,2
227.56,4.460754316178531,2
227.57,4.367001614358984,2
227.58,4.750047816376689,2
227.59,5.045911756810701,2
227.6,4.555492465685783,2
227.61,4.489126255468415,2
227.62,4.585600056781465,2
227.63,4.731239579767646,2
227.64000000000001,4.830652499769834,2
227.65,4.700887463632822,2
227.66,4.542814858284159,2
227.67000000000002,4.458744427591242,2
227.68,4.2004801709293496,2
227.69,3.7938622812202993,2
227.70000000000002,3.9610768344699765,2
227.71,4.128164069641823,2
227.72,4.61293973218107,2
227.73000000000002,4.384309180435385,2
227.74,4.4495028026453385,2
227.75,4.3324892393177885,2
227.76,4.257943557304891,2
227.77,4.0532273545610815,2
227.78,4.061533141092249,2
227.79,4.447579817269358,2
227.8,4.280670200542432,2
227.81,4.367399300809015,2
227.82,4.161776144299255,2
227.83,3.731036562008708,2
227.84,3.713754460224546,2
227.85,4.284682286535488,2
227.86,4.025146365549656,2
227.87,3.7487953672680057,2
227.88,3.525850770192082,2
227.89000000000001,4.0852613379358305,2
227.9,4.389916091852236,2
227.91,4.530472787776617,2
227.92000000000002,4.861136893448035,2
227.93,5.031899055955994,2
227.94,4.898042973004445,2
227.95000000000002,4.680708157040937,2
227.96,4.904087995006024,2
227.97,4.845264101824877,2
227.98000000000002,4.501002815999275,2
227.99,4.599389904712107,2
228.0,4.448940303783228,2
228.01,4.718736378477128,2
228.02,4.372680891331385,2
228.03,4.496361312421077,2
228.04,4.492107595727638,2
228.05,4.494674378233667,2
228.06,4.523987076895689,2
228.07,4.417144281286764,2
228.08,4.517468428787211,2
228.09,4.545399016726411,2
228.1,4.52350740655145,2
228.11,4.812967316129366,2
228.12,4.351100651833633,2
228.13,4.482223829218266,2
228.14000000000001,4.4966381696086355,2
228.15,4.589155837832477,2
228.16,4.700925492901586,2
228.17000000000002,4.817801793730439,2
228.18,4.626924849197576,2
228.19,4.379583543756001,2
228.20000000000002,4.475284502099664,2
228.21,4.845811376954586,2
228.22,4.702626922322478,2
228.23000000000002,4.3454718739986165,2
228.24,4.534922102376159,2
228.25,4.245188610381309,2
228.26,4.309308321258663,2
228.27,3.9945324912323037,2
228.28,3.913424429299593,2
228.29,3.9186450716430965,2
228.3,3.8429001913743215,2
228.31,3.9247344642017667,2
228.32,4.022933929784149,2
228.33,3.8759413148592623,2
228.34,3.7324590701071845,2
228.35,4.117109956513434,2
228.36,4.038172373878982,2
228.37,4.118268237996597,2
228.38,3.71776472118189,2
228.39000000000001,4.254953774552547,2
228.4,4.358848159241849,2
228.41,3.749664168706901,2
228.42000000000002,3.4881787359510823,2
228.43,3.335474957945933,2
228.44,3.88644655571244,2
228.45000000000002,4.613031661230186,2
228.46,4.702348411429946,2
228.47,4.942585841292576,2
228.48000000000002,5.202078215980295,2
228.49,4.7698830852284235,2
228.5,4.672292848587227,2
228.51,4.580263128635314,2
228.52,4.913873420049429,2
228.53,5.416518801008072,2
228.54,5.902877748987055,2
228.55,5.8539502477937635,2
228.56,5.778034630510997,2
228.57,5.474581730098005,2
228.58,5.344075797205214,2
228.59,5.511686407543273,2
228.6,5.630591237502515,2
228.61,5.623687252891307,2
228.62,5.222158395141526,2
228.63,5.648455362515559,2
228.64000000000001,5.617493338971147,2
228.65,5.512692822351176,2
228.66,5.6160668438625905,2
228.67000000000002,5.274015054547715,2
228.68,4.938885921578557,2
228.69,4.740942626186042,2
228.70000000000002,4.380929264938923,2
228.71,4.376013995877081,2
228.72,3.7619050225824795,2
228.73000000000002,3.650324022140372,2
228.74,3.127693355146859,2
228.75,3.1418794476883174,2
228.76,3.167084800402598,2
228.77,3.5825137731596484,2
228.78,3.705495342819907,2
228.79,3.514733999212758,2
228.8,3.453547276505742,2
228.81,3.9139657396258776,2
228.82,3.613843272280249,2
228.83,4.25810454968293,2
228.84,4.3514242674118,2
228.85,3.949077805854818,2
228.86,3.6605692993672734,2
228.87,3.9301397776766276,2
228.88,4.14631129080661,2
228.89000000000001,4.253531274892338,2
228.9,4.260931472534497,2
228.91,4.205330071912451,2
228.92000000000002,3.9640635124452674,2
228.93,4.0777562469539035,2
228.94,4.528371693027587,2
228.95000000000002,4.466929817953909,2
228.96,4.494568656699197,2
228.97,4.735836229010796,2
228.98000000000002,4.51464169339378,2
228.99,4.579895011283737,2
229.0,4.748489723682854,2
229.01,4.46561337530026,2
229.02,4.051086422527873,2
229.03,3.9818133898336323,2
229.04,4.2259115088078705,2
229.05,3.7872106454297283,2
229.06,3.8771073164793437,2
229.07,3.8367202442710955,2
229.08,3.7896817706590262,2
229.09,3.8961488643729885,2
229.1,3.425989196249435,2
229.11,3.8208478388026474,2
229.12,3.586355647034154,2
229.13,3.730589682898551,2
229.14000000000001,3.9566007483555468,2
229.15,4.374886261616927,2
229.16,4.327652190285238,2
229.17000000000002,3.880650479601784,2
229.18,3.441858193861229,2
229.19,3.8588460306647714,2
229.20000000000002,3.714499006680888,2
229.21,3.6360401893967005,2
229.22,3.3525989577921753,2
229.23000000000002,3.308326819226782,2
229.24,3.8715729848466878,2
229.25,3.8936411386307275,2
229.26,3.675398796770228,2
229.27,4.0050308197105515,2
229.28,3.2982625907215115,2
229.29,3.3657064243893795,2
229.3,3.328256881539317,2
229.31,3.317404795723644,2
229.32,2.9784226715249194,2
229.33,3.03903477199515,2
229.34,3.02191999679662,2
229.35,2.84882460507991,2
229.36,2.849796279329132,2
229.37,2.415848272744366,2
229.38,3.19077566514281,2
229.39000000000001,2.300736377734904,2
229.4,2.4287029065195425,2
229.41,2.5389273401885277,2
229.42000000000002,2.523786917399475,2
229.43,2.6037711999797613,2
229.44,2.923424098091048,2
229.45000000000002,2.67475285649902,2
229.46,2.3043533343078293,2
229.47,2.322896054963192,2
229.48000000000002,1.7200368792607366,2
229.49,1.6998131040619238,2
229.5,1.7766885405599997,2
229.51,2.0250138015203594,2
229.52,2.588356232828189,2
229.53,2.813894395671569,2
229.54,3.029745556908849,2
229.55,2.9209695521639802,2
229.56,2.855885805939425,2
229.57,2.8040134979158204,2
229.58,2.8872953442897837,2
229.59,2.872993322099523,2
229.6,3.077002590103402,2
229.61,3.3447419563050853,2
229.62,3.7726683999141857,2
229.63,3.87349627075719,2
229.64000000000001,3.977610771464718,2
229.65,4.307954797678312,2
229.66,4.481330459497908,2
229.67000000000002,4.331444731524115,2
229.68,4.002816316580329,2
229.69,3.8668153798542417,2
229.70000000000002,3.6455506067273573,2
229.71,3.714485656861153,2
229.72,3.881463148660754,2
229.73000000000002,3.77821378998043,2
229.74,3.6965602265418336,2
229.75,2.975832360555879,2
229.76,2.9168211421503543,2
229.77,3.9139474131043275,2
229.78,4.240517152292304,2
229.79,4.593593997144292,2
229.8,4.672013755725159,2
229.81,4.867461180071031,2
229.82,4.683160232788421,2
229.83,4.3845465030519435,2
229.84,4.767368240633482,2
229.85,4.381320292767272,2
229.86,4.482142501250677,2
229.87,4.93891647023674,2
229.88,5.118880673980676,2
229.89000000000001,4.934099104273696,2
229.9,5.20282889153752,2
229.91,5.143962575458194,2
229.92000000000002,4.99166128170335,2
229.93,5.102337358280146,2
229.94,4.742565995167114,2
229.95000000000002,4.260345589781551,2
229.96,4.167937438816173,2
229.97,3.9660248700466028,2
229.98000000000002,3.5568464068763133,2
229.99,3.610073750466339,2
230.0,3.4956501336185237,2
230.01,3.2761738184319844,2
230.02,3.3439278345047936,2
230.03,3.1409672102625206,2
230.04,3.555739816717863,2
230.05,4.104376681522181,2
230.06,4.292721548978916,2
230.07,4.142321667782188,2
230.08,4.24422685746621,2
230.09,4.030241082455609,2
230.1,4.21601672638725,2
230.11,4.3989749447763,2
230.12,4.58201767029394,2
230.13,4.4193439896066575,2
230.14000000000001,4.577814710900881,2
230.15,4.659309816534854,2
230.16,4.668073193941074,2
230.17000000000002,4.626743321543718,2
230.18,4.26033451679706,2
230.19,4.352270478671076,2
230.20000000000002,4.237600522434429,2
230.21,3.8503281977788655,2
230.22,3.665102597535522,2
230.23000000000002,3.8207659013946045,2
230.24,3.7020651618561686,2
230.25,3.5695530415773526,2
230.26,3.02349492351035,2
230.27,3.430286210787584,2
230.28,3.174883372457356,2
230.29,3.2742859434479263,2
230.3,3.2138866140418587,2
230.31,3.3677038711809084,2
230.32,3.5013317701567424,2
230.33,3.4931929264206922,2
230.34,3.6229175499503343,2
230.35,3.6660508279177617,2
230.36,3.3105146560592966,2
230.37,3.721316485340388,2
230.38,4.1797245721021055,2
230.39000000000001,3.9124300912505547,2
230.4,3.4825019900863023,2
230.41,3.8892298259990303,2
230.42000000000002,3.5965112242547037,2
230.43,4.00358681186675,2
230.44,4.333168064610881,2
230.45000000000002,4.255066252798198,2
230.46,4.179749429800482,2
230.47,3.880312327783269,2
230.48000000000002,3.9109433298546676,2
230.49,4.058948250039018,2
230.5,4.1556293386508525,2
230.51,4.313549337222811,2
230.52,4.582546162106556,2
230.53,4.510895838136961,2
230.54,5.258968768625573,2
230.55,5.260197468371526,2
230.56,5.2469861292908995,2
230.57,5.233029015378566,2
230.58,5.224393245862604,2
230.59,5.215023934127408,2
230.6,5.3897930092129,2
230.61,4.540824767420259,2
230.62,4.41772322499313,2
230.63,3.909182959144033,2
230.64000000000001,4.3047552492155425,2
230.65,3.8749840932242767,2
230.66,3.663522859724576,2
230.67000000000002,3.5085918966647007,2
230.68,3.2143310995927847,2
230.69,3.2066579951033582,2
230.70000000000002,2.691856574215315,2
230.71,3.2551456337768663,2
230.72,3.449229835744905,2
230.73000000000002,3.288462702482383,2
230.74,3.5219550045701977,2
230.75,3.661649374748661,2
230.76,3.4285734118693796,2
230.77,3.6859239566169215,2
230.78,3.657074013086077,2
230.79,4.012521242310172,2
230.8,3.8737394776164735,2
230.81,3.5034599876761616,2
230.82,3.8297275796800934,2
230.83,3.7815183409432507,2
230.84,3.796403773954327,2
230.85,3.8921160679643534,2
230.86,3.6247287315803653,2
230.87,3.5794163658279103,2
230.88,3.469949636477608,2
230.89000000000001,3.4110806354710514,2
230.9,3.8240453125347433,2
230.91,3.6218407665539663,2
230.92000000000002,3.4257652531209084,2
230.93,3.8795382170854316,2
230.94,3.6124407460881254,2
230.95000000000002,3.6693065368921447,2
230.96,3.896348076435865,2
230.97,4.09885845063299,2
230.98000000000002,3.6908654632863267,2
230.99,3.519086537695496,2
231.0,3.072916300147691,2
231.01,3.401638923557326,2
231.02,3.758637839781413,2
231.03,4.068060970306299,2
231.04,4.0542348109100175,2
231.05,3.983222717340811,2
231.06,3.825586508034918,2
231.07,3.411647371047333,2
231.08,3.617826880594344,2
231.09,3.3811373597869303,2
231.1,2.8632913499067447,2
231.11,3.349485581548289,2
231.12,3.239623088578302,2
231.13,3.384727979933661,2
231.14000000000001,3.4052986494907214,2
231.15,3.785632412457172,2
231.16,3.3901150647097413,2
231.17000000000002,3.6672714906117223,2
231.18,3.6872669733799204,2
231.19,3.847308547767062,2
231.20000000000002,3.7479609468210233,2
231.21,3.6676023076975635,2
231.22,3.961220813650182,2
231.23000000000002,3.7528062988502398,2
231.24,3.628247412195064,2
231.25,3.596786579965991,2
231.26,3.2266272621401946,2
231.27,3.227849838107863,2
231.28,3.246362453511754,2
231.29,3.51625285217179,2
231.3,3.415344977226431,2
231.31,2.9397793693509384,2
231.32,3.054670854312757,2
231.33,3.014216867409889,2
231.34,2.776586482172231,2
231.35,2.990445812093454,2
231.36,3.193954580003526,2
231.37,3.4474745751690694,2
231.38,6.285928611506481,2
231.39000000000001,4.927480508084889,2
231.4,3.9662189306089597,2
231.41,4.5426852586422815,2
231.42000000000002,4.905729031326083,2
231.43,4.882382921492572,2
231.44,4.305072134383369,2
231.45000000000002,4.804444243071331,2
231.46,4.648338667398005,2
231.47,4.760995253219728,2
231.48000000000002,4.81874325340548,2
231.49,4.703779216778555,2
231.5,4.4973183360548505,2
231.51,4.349917236839154,2
231.52,3.555403055585531,2
231.53,3.268882318829084,2
231.54,3.2029214391421794,2
231.55,3.2968417812500723,2
231.56,3.535005482520659,2
231.57,3.4186460306019133,2
231.58,3.6700245497950226,2
231.59,3.63825438412786,2
231.6,3.5721712933194554,2
231.61,3.6296573286257847,2
231.62,3.8746338794383157,2
231.63,3.820802535431392,2
231.64000000000001,3.9421283679301764,2
231.65,4.159180006974754,2
231.66,6.991318752085513,2
231.67000000000002,5.156148566397343,2
231.68,3.9349213184900504,2
231.69,4.106817108140296,2
231.70000000000002,4.05779158952385,2
231.71,3.8312174352101738,2
231.72,3.8606787018443947,2
231.73000000000002,4.094993504822956,2
231.74,4.34447015466415,2
231.75,4.599330232338351,2
231.76,4.548420053087772,2
231.77,4.601814712185582,2
231.78,4.8546506501702265,2
231.79,4.588311197015882,2
231.8,4.806447065991225,2
231.81,4.92356541130537,2
231.82,5.030130283768958,2
231.83,4.448532204316503,2
231.84,4.248033153046254,2
231.85,4.048546981377593,2
231.86,4.446944658734611,2
231.87,4.151740920892323,2
231.88,3.834446189249328,2
231.89000000000001,3.506581338264752,2
231.9,3.4500307918226807,2
231.91,3.619253424897816,2
231.92000000000002,4.177561834072715,2
231.93,4.051584476872553,2
231.94,3.8316838104496167,2
231.95000000000002,4.290177983419988,2
231.96,4.746137153293717,2
231.97,4.173097596097471,2
231.98000000000002,4.00914210826906,2
231.99,4.069421515642701,2
232.0,4.11562518897666,2
232.01,4.73186477116939,2
232.02,4.502532884392758,2
232.03,4.127252369983005,2
232.04,3.895213436282806,2
232.05,4.214437350985274,2
232.06,4.189228729591663,2
232.07,4.6239303091324135,2
232.08,4.74461930516132,2
232.09,4.47802349642642,2
232.1,4.674677262731748,2
232.11,4.9479217062972385,2
232.12,5.266317938973322,2
232.13,4.742050628438843,2
232.14000000000001,4.747370537245878,2
232.15,4.356769366547502,2
232.16,4.237366363486862,2
232.17000000000002,4.147465174899762,2
232.18,4.212563916757957,2
232.19,4.327446574997079,2
232.20000000000002,4.123661353651925,2
232.21,4.456342348425346,2
232.22,4.788530755130939,2
232.23000000000002,4.762499280378419,2
232.24,5.175058034290045,2
232.25,5.035123854091374,2
232.26,4.407326919426807,2
232.27,4.105449538764845,2
232.28,3.969108673569171,2
232.29,4.232947645348526,2
232.3,3.9315751111962958,2
232.31,3.921105478279763,2
232.32,4.631309242527887,2
232.33,4.633925635266393,2
232.34,5.026072976421082,2
232.35,4.5839293868927085,2
232.36,3.952723972701772,2
232.37,3.501553768301385,2
232.38,3.8583854216494933,2
232.39000000000001,3.806507703485821,2
232.4,3.7329581252288837,2
232.41,4.247770519782274,2
232.42000000000002,4.531335486492577,2
232.43,4.610326796797522,2
232.44,4.888854320581087,2
232.45000000000002,4.756550977831212,2
232.46,4.779715962376033,2
232.47,4.358406598090132,2
232.48000000000002,4.106039600948439,2
232.49,4.019834677540336,2
232.5,4.010447186776407,2
232.51,4.289011535787075,2
232.52,4.61094872249361,2
232.53,5.3599731060824025,2
232.54,5.87580486164592,2
232.55,6.012508645096007,2
232.56,5.38967230617542,2
232.57,5.656429544966112,2
232.58,6.026642660385082,2
232.59,5.8636476731904414,2
232.6,5.196992005823129,2
232.61,5.135798792242676,2
232.62,5.2755929875880145,2
232.63,5.217737349734165,2
232.64000000000001,4.9811310898663805,2
232.65,4.86170238648949,2
232.66,5.1415442136044085,2
232.67000000000002,5.161938451040566,2
232.68,5.463116508735754,2
232.69,5.625320944418426,2
232.70000000000002,5.4078771949718405,2
232.71,5.505082336361881,2
232.72,5.780605940011095,2
232.73000000000002,5.645224343090596,2
232.74,5.671397514713988,2
232.75,5.073593396355489,2
232.76,4.8411439286376945,2
232.77,4.715244686786572,2
232.78,4.353869082854322,2
232.79,4.355759332509572,2
232.8,4.800780374363943,2
232.81,4.8083782007465015,2
232.82,5.106458756434539,2
232.83,5.196744215017501,2
232.84,5.56454924952544,2
232.85,5.390543490442867,2
232.86,5.06188882747821,2
232.87,5.177531046561913,2
232.88,4.615614013443668,2
232.89000000000001,4.723184628913309,2
232.9,4.0253878966781205,2
232.91,3.775686246064604,2
232.92000000000002,3.897401150780003,2
232.93,3.5469524596853708,2
232.94,3.4761781632627677,2
232.95000000000002,3.1565689451095875,2
232.96,3.4424883519249767,2
232.97,3.820054033877759,2
232.98000000000002,3.8389744795111582,2
232.99,4.477578271843832,2
233.0,4.3634461981587,2
233.01,3.9490914278823044,2
233.02,3.5494787757930544,2
233.03,3.5533263815171012,2
233.04,3.6896207924751425,2
233.05,4.428371464559904,2
233.06,4.082430404009248,2
233.07,3.895164488102167,2
233.08,4.041029126491992,2
233.09,4.064499061022409,2
233.1,3.887439699801497,2
233.11,3.8864416667148154,2
233.12,3.5765553920033137,2
233.13,3.49235527810227,2
233.14000000000001,3.2283969442173706,2
233.15,3.601019334226947,2
233.16,3.8510614476102174,2
233.17000000000002,3.8511834844537645,2
233.18,3.8705644978261766,2
233.19,3.9468744824267707,2
233.20000000000002,3.823187809882806,2
233.21,3.3622886819032307,2
233.22,3.329621204984445,2
233.23000000000002,3.534879431862545,2
233.24,3.851226111746164,2
233.25,3.8864336083162554,2
233.26,3.7269022930833087,2
233.27,3.9129984692562125,2
233.28,3.9710074064078063,2
233.29,3.678897515362111,2
233.3,3.201120216996973,2
233.31,3.128469032697943,2
233.32,3.6475727364700536,2
233.33,3.840238029435437,2
233.34,4.276726725122736,2
233.35,4.239354728194931,2
233.36,4.204589508884101,2
233.37,3.420783589345564,2
233.38,2.9364981557722927,2
233.39000000000001,3.17332761670505,2
233.4,3.3102251535750193,2
233.41,2.7367992081435877,2
233.42000000000002,2.9005300308272286,2
233.43,3.2953550783260295,2
233.44,3.454868313184527,2
233.45000000000002,3.3585008818573248,2
233.46,2.7171633827702255,2
233.47,2.960089417359851,2
233.48000000000002,2.811937302549649,2
233.49,3.0755649968400673,2
233.5,3.3658392052938564,2
233.51,3.6901434743527513,2
233.52,3.829104221099423,2
233.53,3.748120875401979,2
233.54,3.9393073675981927,2
233.55,3.657966022468588,2
233.56,4.066328412000569,2
233.57,3.8663439541997047,2
233.58,4.393039119001857,2
233.59,4.283180680072164,2
233.6,4.395006260473915,2
233.61,4.391134993888564,2
233.62,3.841724917125053,2
233.63,4.009521839182538,2
233.64000000000001,3.790640386019691,2
233.65,3.7775293629394424,2
233.66,3.813160701106771,2
233.67000000000002,3.5402165723273025,2
233.68,3.4149280506785167,2
233.69,3.8292952695073224,2
233.70000000000002,3.4732500954975944,2
233.71,3.693358824808455,2
233.72,3.6167820396272763,2
233.73000000000002,3.9382975543158567,2
233.74,4.144512239363116,2
233.75,3.933246241546441,2
233.76,4.133942544364095,2
233.77,3.9591809787464047,2
233.78,4.447928588891988,2
233.79,4.4372458721686545,2
233.8,4.2976449129071534,2
233.81,4.148868496173096,2
233.82,4.033243446927727,2
233.83,3.946796994008692,2
233.84,4.155615124122033,2
233.85,3.9993422794644666,2
233.86,3.7615735553455036,2
233.87,4.089580035619649,2
233.88,4.46619977052393,2
233.89000000000001,4.198752856994427,2
233.9,4.096168869760026,2
233.91,4.438870947480414,2
233.92000000000002,4.525047570943863,2
233.93,4.9254938327957305,2
233.94,5.030836035180249,2
233.95000000000002,5.065081202087159,2
233.96,4.855942072293554,2
233.97,4.4935769666676295,2
233.98000000000002,4.10235084864426,2
233.99,4.0837385551411485,2
234.0,4.474482717183332,2
234.01,4.130163135766585,2
234.02,4.08215740586138,2
234.03,3.603707165411023,2
234.04,4.035556107374318,2
234.05,3.802663298274466,2
234.06,4.465071249780082,2
234.07,4.5493821689878216,2
234.08,4.931722889949369,2
234.09,4.346685967043206,2
234.1,3.6101236759789446,2
234.11,3.540238921656101,2
234.12,3.5979165749858457,2
234.13,3.815223386472809,2
234.14000000000001,4.270079717868432,2
234.15,4.155475789216113,2
234.16,4.0194332931572685,2
234.17000000000002,3.953058504721393,2
234.18,4.061454999328867,2
234.19,3.703317802312295,2
234.20000000000002,3.2240194008233924,2
234.21,3.393840262445299,2
234.22,3.071546305388519,2
234.23000000000002,3.4880554078931234,2
234.24,2.9134079792173937,2
234.25,2.7995939341017357,2
234.26,2.536505221063275,2
234.27,2.4921195542946823,2
234.28,2.3936725413819295,2
234.29,2.8731272188902848,2
234.3,3.781722899036516,2
234.31,3.4562230629847104,2
234.32,3.314234319191446,2
234.33,3.3418173020995705,2
234.34,3.1074443432367063,2
234.35,3.355009361987768,2
234.36,3.0269143635738285,2
234.37,3.297046624323617,2
234.38,3.392594147958044,2
234.39000000000001,3.6671929666654153,2
234.4,3.697217443808478,2
234.41,3.9350945528969383,2
234.42000000000002,4.092153280103364,2
234.43,4.031808135472107,2
234.44,4.186798270559866,2
234.45000000000002,4.571683215842087,2
234.46,4.0083358812987075,2
234.47,3.4325737693654665,2
234.48000000000002,3.8571674962343883,2
234.49,4.1262976587288795,2
234.5,4.518717019267701,2
234.51,4.436162951244136,2
234.52,4.889427019348204,2
234.53,5.620242630260775,2
234.54,5.784912442261031,2
234.55,5.771243453344983,2
234.56,5.802218724773118,2
234.57,5.669747037749356,2
234.58,5.593889482530985,2
234.59,5.561641544148915,2
234.6,6.049357025818989,2
234.61,5.628893656940989,2
234.62,5.402966807568101,2
234.63,5.263518035867119,2
234.64000000000001,5.314847288545543,2
234.65,5.253009141615413,2
234.66,4.763077017166594,2
234.67000000000002,4.707688231654193,2
234.68,4.60714290515844,2
234.69,4.544000442492469,2
234.70000000000002,4.727596310397794,2
234.71,4.9936557288804515,2
234.72,4.6563863263831955,2
234.73000000000002,5.1371999716329935,2
234.74,4.599401195984933,2
234.75,4.338029202474802,2
234.76,4.241333530907546,2
234.77,4.416644235609443,2
234.78,3.885057397556045,2
234.79,4.524277170543997,2
234.8,3.9627749945380333,2
234.81,4.4056387956473575,2
234.82,4.247695118585326,2
234.83,4.249707646485387,2
234.84,3.595400525086225,2
234.85,3.8463040252652796,2
234.86,3.817966914457318,2
234.87,4.168551123906486,2
234.88,3.7575397862147413,2
234.89000000000001,4.186907653952876,2
234.9,3.681958399583637,2
234.91,3.785374564354205,2
234.92000000000002,3.393343023817549,2
234.93,4.009534939139301,2
234.94,4.277962255832938,2
234.95000000000002,4.702047772610688,2
234.96,4.557091140345467,2
234.97,4.412915785130932,2
234.98000000000002,4.360115994578249,2
234.99,4.28542628547526,2
235.0,4.145171419567855,2
235.01,4.069922182336431,2
235.02,4.395888424825558,2
235.03,4.630903351163216,2
235.04,4.2357610851976295,2
235.05,4.414065637237699,2
235.06,3.9765379513210766,2
235.07,4.40154273090589,2
235.08,4.091219420103215,2
235.09,4.307188015536849,2
235.1,4.456961936867248,2
235.11,4.324858635887896,2
235.12,4.183836036897332,2
235.13,4.100210126570703,2
235.14000000000001,4.2286877251235655,2
235.15,4.444867968313463,2
235.16,5.027127777350116,2
235.17000000000002,5.417097199701555,2
235.18,5.439632807038896,2
235.19,5.3707703517987415,2
235.20000000000002,5.0813540855412995,2
235.21,5.157391153072116,2
235.22,5.431161531521507,2
235.23000000000002,5.614734707681883,2
235.24,5.533733795464756,2
235.25,5.210838690850981,2
235.26,5.1292355753973045,2
235.27,5.222204034848912,2
235.28,5.436438250120967,2
235.29,5.360001222546849,2
235.3,5.494611250854799,2
235.31,5.646295936687078,2
235.32,5.399362696205656,2
235.33,5.096253398997995,2
235.34,5.466966310455298,2
235.35,5.522780833585814,2
235.36,5.529336310596361,2
235.37,5.223012694241053,2
235.38,4.518905392458135,2
235.39000000000001,4.602965898013461,2
235.4,4.680380828920328,2
235.41,4.8068485189774295,2
235.42000000000002,4.726563119386313,2
235.43,4.494937530438038,2
235.44,4.521869815151671,2
235.45000000000002,4.826327358216513,2
235.46,4.89943340617756,2
235.47,4.428945821884838,2
235.48000000000002,4.33476248533902,2
235.49,4.1177172097975605,2
235.5,4.558067348544014,2
235.51,4.440851151533782,2
235.52,4.821067126196416,2
235.53,4.802078524272261,2
235.54,4.605660194333952,2
235.55,4.273232241607177,2
235.56,4.146001828027072,2
235.57,4.1350074223141675,2
235.58,3.804777681771665,2
235.59,4.0056541310200595,2
235.6,3.7648459311036424,2
235.61,3.3752603772753993,2
235.62,3.063634739825896,2
235.63,3.02118903185615,2
235.64000000000001,3.274310504961041,2
235.65,3.8115510096969025,2
235.66,3.7624030903098897,2
235.67000000000002,3.8803743952164846,2
235.68,3.872342445165477,2
235.69,3.2815350836001578,2
235.70000000000002,3.4603904103875003,2
235.71,3.5081914923236504,2
235.72,3.110665528519738,2
235.73000000000002,3.678434068149596,2
235.74,3.880601594275732,2
235.75,3.420481646415087,2
235.76,3.6267800803334582,2
235.77,4.521529319815555,2
235.78,4.47123000728609,2
235.79,4.619773467575642,2
235.8,4.396825753877216,2
235.81,4.229900498201852,2
235.82,4.650051295413214,2
235.83,4.765181825496771,2
235.84,4.9917626759995075,2
235.85,4.825978604085508,2
235.86,4.871515258832458,2
235.87,4.762675522855689,2
235.88,4.860504120917769,2
235.89000000000001,4.742297551093898,2
235.9,5.171896023391618,2
235.91,4.987767485882095,2
235.92000000000002,5.00959403357327,2
235.93,4.398492845988997,2
235.94,4.696089562455296,2
235.95000000000002,4.293769222133607,2
235.96,4.081282827117535,2
235.97,3.7223812227743296,2
235.98000000000002,3.3464527516434637,2
235.99,3.6872234985938053,2
236.0,3.494561203632013,2
236.01,3.1316705122419277,2
236.02,2.7879429495204042,2
236.03,3.223156603691966,2
236.04,3.1979840742698262,2
236.05,3.264124542262373,2
236.06,3.598955320056016,2
236.07,3.806640319825709,2
236.08,3.8805216519445085,2
236.09,4.252529833394058,2
236.1,3.8627108582836946,2
236.11,3.789275476135586,2
236.12,4.067433803763066,2
236.13,4.583413406849762,2
236.14000000000001,5.079008937152747,2
236.15,4.632186517915098,2
236.16,4.590059595944618,2
236.17000000000002,4.670581445349029,2
236.18,4.557191961932573,2
236.19,4.698389051748887,2
236.20000000000002,5.268734628662484,2
236.21,4.88688907559078,2
236.22,4.442710134709697,2
236.23000000000002,4.578916468962595,2
236.24,4.389398383841687,2
236.25,4.541998925869276,2
236.26,4.542847011135003,2
236.27,4.435779879905381,2
236.28,4.19654936996638,2
236.29,4.204200739624604,2
236.3,4.072990133786177,2
236.31,4.38197327374011,2
236.32,4.373393616050786,2
236.33,3.9749397814034966,2
236.34,4.373976213453732,2
236.35,4.297605125880096,2
236.36,4.85864113365684,2
236.37,4.696329090546251,2
236.38,4.400379761445727,2
236.39000000000001,4.275674479972998,2
236.4,4.219500752647925,2
236.41,4.124751809370333,2
236.42000000000002,3.9330153656383553,2
236.43,3.810612912678913,2
236.44,4.29710286696816,2
236.45000000000002,4.1960392360131005,2
236.46,4.784375921303917,2
236.47,5.001903318915414,2
236.48000000000002,4.883852491947478,2
236.49,4.981937117864184,2
236.5,4.733525350996132,2
236.51,4.962305927027709,2
236.52,5.242764555248454,2
236.53,5.287495099505444,2
236.54,5.015444419608347,2
236.55,5.082518040481841,2
236.56,4.777133738976443,2
236.57,4.306881953440333,2
236.58,4.350108244008902,2
236.59,3.8532874037957656,2
236.6,3.7502946339392107,2
236.61,3.8795210490641217,2
236.62,4.334720293821186,2
236.63,4.120120054551941,2
236.64000000000001,3.8212724527872526,2
236.65,4.0627141504060535,2
236.66,4.118051913006095,2
236.67000000000002,4.127425269988596,2
236.68,3.6932235653010466,2
236.69,4.03172031812067,2
236.70000000000002,3.43074644857143,2
236.71,3.5429618185385023,2
236.72,3.936027408854902,2
236.73000000000002,3.9748078624251324,2
236.74,3.90746305011839,2
236.75,3.62285749149559,2
236.76,3.4986062761060954,2
236.77,4.170101070942033,2
236.78,3.9978401865126854,2
236.79,4.127162706500238,2
236.8,3.8782451290255358,2
236.81,3.804712357041599,2
236.82,3.362754920258606,2
236.83,3.4124233964556145,2
236.84,3.3686575272372616,2
236.85,3.814263409153704,2
236.86,3.5934153223889838,2
236.87,3.512652658291346,2
236.88,3.8176586367388756,2
236.89000000000001,3.8264283637029655,2
236.9,3.797424768625265,2
236.91,3.7685852427619384,2
236.92000000000002,3.5111509852488907,2
236.93,3.4372945190452606,2
236.94,3.516247793634792,2
236.95000000000002,3.2352838959228283,2
236.96,3.0106051762376853,2
236.97,3.4540378613867846,2
236.98000000000002,3.6505024991478394,2
236.99,3.7710135617737186,2
237.0,3.63985602096469,2
237.01,3.738439866301767,2
237.02,3.083704921756903,2
237.03,2.8333239100084353,2
237.04,3.1271417180162726,2
237.05,3.023212857223607,2
237.06,3.061436062175885,2
237.07,3.256871154586191,2
237.08,3.1180393638141712,2
237.09,3.030671045254759,2
237.1,3.0258622238303485,2
237.11,3.1661499897102763,2
237.12,2.787664114098302,2
237.13,2.9943700526864445,2
237.14000000000001,3.088260604817849,2
237.15,3.210457486149101,2
237.16,3.0795974757134266,2
237.17000000000002,3.1572225130240406,2
237.18,3.512413809622064,2
237.19,3.7541075942572273,2
237.20000000000002,4.126346037266559,2
237.21,3.8586338194966814,2
237.22,4.066256738571229,2
237.23000000000002,3.882868589371876,2
237.24,3.251782728248372,2
237.25,3.5907278389760577,2
237.26,3.8504657442448296,2
237.27,4.286112829399546,2
237.28,3.8429229554314825,2
237.29,3.9051132040762786,2
237.3,3.85139949092837,2
237.31,4.1903650208164525,2
237.32,3.777708103217935,2
237.33,3.728166493706592,2
237.34,3.7819366978526054,2
237.35,4.013857685891973,2
237.36,4.129953301212809,2
237.37,4.107806693408201,2
237.38,4.008942685063873,2
237.39000000000001,3.9828416592511156,2
237.4,4.19762266790562,2
237.41,3.9439295148480555,2
237.42000000000002,3.883184751112253,2
237.43,3.828572793643184,2
237.44,3.254575023681002,2
237.45000000000002,2.7748925487168066,2
237.46,2.474852475301261,2
237.47,2.566963562452507,2
237.48000000000002,2.852183449617481,2
237.49,2.7921008983827336,2
237.5,2.452554607746637,2
237.51,2.8747364076598223,2
237.52,3.0667011168452922,2
237.53,3.0963108120893126,2
237.54,3.255647679777938,2
237.55,3.031197739296888,2
237.56,3.4204994080311995,2
237.57,3.5687737760915432,2
237.58,3.5700723977180933,2
237.59,3.5166559211591033,2
237.6,3.5851942772509924,2
237.61,3.763386362776984,2
237.62,3.2932962703436632,2
237.63,3.1422460759760873,2
237.64000000000001,3.134253613573484,2
237.65,3.1156971662251514,2
237.66,3.002406347358727,2
237.67000000000002,3.3224704762572177,2
237.68,3.194599108494657,2
237.69,2.9721394642876615,2
237.70000000000002,2.942284191882142,2
237.71,3.4748452090565327,2
237.72,3.5311398271944165,2
237.73000000000002,3.4414057835171374,2
237.74,3.403678258455616,2
237.75,2.9668393624916143,2
237.76,3.017046572728444,2
237.77,3.1824941106017963,2
237.78,3.3883129737768494,2
237.79,3.4044945199056067,2
237.8,3.2523896152150744,2
237.81,3.5834191875379724,2
237.82,3.5190239436469115,2
237.83,3.2891504879456814,2
237.84,3.1423276938564824,2
237.85,3.132650457817885,2
237.86,3.135752019822439,2
237.87,3.068762687137137,2
237.88,3.2501549340942373,2
237.89000000000001,3.300333353088697,2
237.9,3.6206494277378245,2
237.91,3.68083773911936,2
237.92000000000002,3.611801030985,2
237.93,3.5071973148238618,2
237.94,3.443442173086534,2
237.95000000000002,3.1940043562113907,2
237.96,3.207616657907603,2
237.97,3.4226303332146233,2
237.98000000000002,3.700731509422188,2
237.99,3.7813413052063547,2
238.0,4.761916191696031,2
238.01,4.777447021277834,2
238.02,4.20842967974709,2
238.03,4.305005862466172,2
238.04,4.594811146908124,2
238.05,4.460090201208654,2
238.06,3.9991906663841705,2
238.07,3.4864548174488226,2
238.08,3.5105230314294342,2
238.09,3.2721048039883738,2
238.1,3.2854925702798288,2
238.11,3.2505675244421397,2
238.12,3.7413428306816305,2
238.13,4.004244675261362,2
238.14000000000001,3.8440056911902922,2
238.15,3.7418037384898377,2
238.16,4.031229208142152,2
238.17000000000002,4.061869928049736,2
238.18,4.14543645250414,2
238.19,4.46546426193855,2
238.20000000000002,4.200274646675412,2
238.21,4.449931742807362,2
238.22,4.29330328203206,2
238.23000000000002,3.628028095263364,2
238.24,3.3342955005637505,2
238.25,3.1379681701096542,2
238.26,3.6039646080300582,2
238.27,3.608116359467054,2
238.28,3.5611223184720395,2
238.29,4.028726608939122,2
238.3,3.8053726936499817,2
238.31,3.7129505171685646,2
238.32,3.750194628809229,2
238.33,3.7602961677310707,2
238.34,3.87985766821921,2
238.35,4.047106560386724,2
238.36,3.807473614823517,2
238.37,3.2964765137567418,2
238.38,3.47922909035786,2
238.39000000000001,3.0065898245711145,2
238.4,3.197256027870035,2
238.41,3.4852957984604434,2
238.42000000000002,3.855656113068922,2
238.43,3.833201612173986,2
238.44,4.4187311750885945,2
238.45000000000002,3.982786786043144,2
238.46,4.396901531023209,2
238.47,4.13997082923999,2
238.48000000000002,4.13618908117689,2
238.49,4.167023673195409,2
238.5,4.5322433863170355,2
238.51,4.168049076657978,2
238.52,4.756411816092233,2
238.53,4.073436335381503,2
238.54,4.04345555728548,2
238.55,4.2016940327823935,2
238.56,4.474269871727883,2
238.57,4.022132458505743,2
238.58,3.4618594339828848,2
238.59,3.887180465779504,2
238.6,3.967392784808155,2
238.61,3.4309182493528994,2
238.62,3.3434728307767614,2
238.63,3.199852364514593,2
238.64000000000001,3.6012470365145317,2
238.65,3.538504067658236,2
238.66,3.5328689430388565,2
238.67000000000002,3.507158218892114,2
238.68,4.029953524657921,2
238.69,4.284079189166672,2
238.70000000000002,4.451524755067879,2
238.71,4.463742938747731,2
238.72,4.471870112690133,2
238.73000000000002,4.1670152531549,2
238.74,4.397079359471208,2
238.75,4.2508801461844365,2
238.76,3.862885606398723,2
238.77,3.834914486567151,2
238.78,3.8552074289988734,2
238.79,4.251022109902526,2
238.8,4.468593719707192,2
238.81,4.141843966216842,2
238.82,4.421902880936752,2
238.83,3.644147231400767,2
238.84,3.797744011275877,2
238.85,3.6230207506669245,2
238.86,3.26289030330192,2
238.87,3.0023942626548568,2
238.88,3.517254156884653,2
238.89000000000001,3.6935224590929145,2
238.9,3.8311900015001363,2
238.91,4.122863066934126,2
238.92000000000002,4.044129459518174,2
238.93,4.430103261963457,2
238.94,4.324155948746161,2
238.95000000000002,3.3993031463072607,2
238.96,3.9149103702405603,2
238.97,3.087773873066774,2
238.98000000000002,3.1034488068652277,2
238.99,3.406421377909077,2
239.0,2.7998751857823345,2
239.01,2.87867689526242,2
239.02,2.9447207707479546,2
239.03,3.310229266357428,2
239.04,3.5160441803109173,2
239.05,3.1847180392376266,2
239.06,3.0823876640414953,2
239.07,2.8703244759748725,2
239.08,2.4572115103177357,2
239.09,2.4270725304103444,2
239.1,3.004639287491032,2
239.11,3.23018804144277,2
239.12,3.427993644499497,2
239.13,3.1423113088142927,2
239.14000000000001,2.6754493447195564,2
239.15,2.968927315313687,2
239.16,3.3580225761268254,2
239.17000000000002,3.4684212658222315,2
239.18,3.7368005537092537,2
239.19,3.6684031934452777,2
239.20000000000002,3.717345709699923,2
239.21,3.541162621748297,2
239.22,3.696417544380591,2
239.23000000000002,3.674152470898719,2
239.24,3.8783210265600636,2
239.25,4.112144890758989,2
239.26,4.000838205594045,2
239.27,4.146315846061576,2
239.28,3.9344993108228765,2
239.29,4.449885691980573,2
239.3,4.8048534253073365,2
239.31,4.807846763114494,2
239.32,4.511914177105434,2
239.33,4.530045188198473,2
239.34,4.133464503718263,2
239.35,4.236070355402864,2
239.36,3.6086310548411675,2
239.37,3.3422939854974834,2
239.38,3.512375957217934,2
239.39000000000001,3.955752826134723,2
239.4,4.064151947596064,2
239.41,3.9672602120726084,2
239.42000000000002,3.6972650181388116,2
239.43,3.5825832017347112,2
239.44,3.1236073637164585,2
239.45000000000002,3.0987622128696644,2
239.46,3.8129389260434166,2
239.47,3.8676751977302026,2
239.48000000000002,3.9991337838035177,2
239.49,3.4723203188576868,2
239.5,3.9232294112721133,2
239.51,4.361877596690761,2
239.52,4.3866150267328425,2
239.53,4.5220054723500684,2
239.54,4.280328314891236,2
239.55,4.174061933928015,2
239.56,4.919810018023825,2
239.57,4.695294733686789,2
239.58,5.144326712863051,2
239.59,5.6118205663837815,2
239.6,5.575971390872669,2
239.61,5.384242911055231,2
239.62,4.870434048157546,2
239.63,4.936071367933451,2
239.64000000000001,4.846741370890662,2
239.65,4.731982424830239,2
239.66,4.523536975784476,2
239.67000000000002,4.556504308030338,2
239.68,4.633261233218471,2
239.69,4.560478002332794,2
239.70000000000002,4.837932222942209,2
239.71,4.748762681750356,2
239.72,4.6313621266400355,2
239.73000000000002,4.249789825909864,2
239.74,4.165347883486155,2
239.75,4.130334300672565,2
239.76,3.4210194023705975,2
239.77,3.624216478131702,2
239.78,3.921238354017074,2
239.79,4.552322462755374,2
239.8,4.23362360805907,2
239.81,4.179529023662871,2
239.82,4.290134521812192,2
239.83,4.245480343355468,2
239.84,4.008811689639408,2
239.85,3.591663984519621,2
239.86,3.6529557716817886,2
239.87,4.036198775113802,2
239.88,4.033965808566369,2
239.89000000000001,4.0130730442298175,2
239.9,4.1210955361040265,2
239.91,4.322633060272516,2
239.92000000000002,4.3834299452906444,2
239.93,3.994536888794476,2
239.94,4.125161534333131,2
239.95000000000002,3.9348927530688487,2
239.96,3.737498225109859,2
239.97,3.4577573231048575,2
239.98000000000002,3.4874600517373073,2
239.99,3.386310736931909,2
240.0,3.3646214460295867,2
240.01,3.1455301372235493,2
240.02,3.4846328417312185,2
240.03,3.425312441591817,2
240.04,3.276981822451271,2
240.05,2.8705721795774832,2
240.06,3.4601345349215222,2
240.07,3.0737101363730894,2
240.08,3.2476477518052946,2
240.09,3.5104238776658963,2
240.1,3.449560964111728,2
240.11,3.6233791310277743,2
240.12,3.8014772986570713,2
240.13,4.05950253698849,2
240.14000000000001,4.224582467296162,2
240.15,4.1134090887006485,2
240.16,3.9886630647652277,2
240.17000000000002,4.5703731642956855,2
240.18,4.823210609132905,2
240.19,4.543129916284393,2
240.20000000000002,4.582331646303979,2
240.21,4.635939431607358,2
240.22,4.567143203033002,2
240.23000000000002,5.0080433335286525,2
240.24,4.877957614908622,2
240.25,4.766808703296424,2
240.26,4.923193637852012,2
240.27,4.56316842329097,2
240.28,4.357450571561977,2
240.29,4.738064872210253,2
240.3,4.655922503447212,2
240.31,4.362431186441537,2
240.32,4.375733775017152,2
240.33,4.378724180094634,2
240.34,4.719545132976165,2
240.35,4.955788736610801,2
240.36,4.918213968279506,2
240.37,5.296105098376678,2
240.38,5.528019255757364,2
240.39000000000001,5.4765159043689895,2
240.4,5.089025639891946,2
240.41,5.487569279312413,2
240.42000000000002,5.69814425695052,2
240.43,5.185150645975053,2
240.44,4.89813721179915,2
240.45000000000002,4.430466724594995,2
240.46,4.083227661287002,2
240.47,4.434351991340946,2
240.48000000000002,4.416430046508304,2
240.49,4.186481679327823,2
240.5,4.381989134985842,2
240.51,4.581995953010683,2
240.52,4.902346011046654,2
240.53,4.984923483515966,2
240.54,5.06787822413744,2
240.55,4.7279001879582365,2
240.56,4.682788727925528,2
240.57,4.605686978853042,2
240.58,3.880105374728056,2
240.59,3.9934896221307836,2
240.6,3.5101740281672944,2
240.61,3.7633794834791168,2
240.62,3.6777341504553354,2
240.63,3.6055123832240326,2
240.64000000000001,3.502947498914447,2
240.65,3.3798877607559916,2
240.66,3.3771120590935633,2
240.67000000000002,3.702153683806327,2
240.68,3.4247367379324674,2
240.69,3.4854287395467103,2
240.70000000000002,4.135082760085329,2
240.71,3.931301406308357,2
240.72,3.933607120698683,2
240.73000000000002,4.178677481282568,2
240.74,4.779750540069881,2
240.75,5.141473933363526,2
240.76,4.987550732398878,2
240.77,5.000081839450963,2
240.78,4.841137424300396,2
240.79,5.066542528472505,2
240.8,4.926068911314619,2
240.81,5.31577010082197,2
240.82,4.6372348563998385,2
240.83,4.747282496102998,2
240.84,4.884439981406825,2
240.85,4.082423984283329,2
240.86,3.6110337947246496,2
240.87,4.022379793334039,2
240.88,4.167234722360954,2
240.89000000000001,4.374901097141237,2
240.9,4.813036682824541,2
240.91,4.633604456931618,2
240.92000000000002,5.0436782532969096,2
240.93,5.768228606825735,2
240.94,5.949965986773179,2
240.95000000000002,5.877716501207827,2
240.96,5.674179074822231,2
240.97,5.566268378250479,2
240.98000000000002,5.459285669529411,2
240.99,5.3211360844111075,2
241.0,4.876798347536546,2
241.01,4.909936615608731,2
241.02,4.884830905621564,2
241.03,5.1833057306677555,2
241.04,5.226693920840489,2
241.05,4.896809766353954,2
241.06,4.496517004532762,2
241.07,4.445271307657708,2
241.08,4.154730118811925,2
241.09,4.180324998516744,2
241.1,3.9705762144460137,2
241.11,4.335532394835853,2
241.12,4.467925914948367,2
241.13,4.70239032767718,2
241.14000000000001,4.5855086728971255,2
241.15,4.58313905825004,2
241.16,4.784828410377828,2
241.17000000000002,4.810026154579817,2
241.18,4.929720526398426,2
241.19,4.643869229061346,2
241.20000000000002,4.822518468938013,2
241.21,4.57453514276519,2
241.22,5.108108922988483,2
241.23000000000002,5.052514240063489,2
241.24,5.260240044158026,2
241.25,5.00900617942451,2
241.26,4.847358644679302,2
241.27,4.687947958062915,2
241.28,4.120427567484118,2
241.29,3.361374954296349,2
241.3,3.34357972215945,2
241.31,2.8741918815728456,2
241.32,3.067828071157394,2
241.33,3.1159789744893693,2
241.34,2.405833004767139,2
241.35,2.414410139033426,2
241.36,2.5658903413998457,2
241.37,3.1091285075804875,2
241.38,3.068784661917007,2
241.39000000000001,2.6968041205717275,2
241.4,2.3257697365365004,2
241.41,2.345457264804774,2
241.42000000000002,2.231807570198016,2
241.43,2.350139368321731,2
241.44,2.5634868515984204,2
241.45000000000002,2.859204791437363,2
241.46,3.1336672810515536,2
241.47,3.0502776801172686,2
241.48000000000002,3.323589406532978,2
241.49,2.9584101367232285,2
241.5,3.101247428962892,2
241.51,3.251547256012691,2
241.52,3.361981378129242,2
241.53,3.1321316444380547,2
241.54,2.9560868720365914,2
241.55,3.2436535465727845,2
241.56,3.200834353452046,2
241.57,3.447833763826572,2
241.58,3.3305327228978046,2
241.59,4.205856643332395,2
241.6,4.1060876972944405,2
241.61,4.433745304682079,2
241.62,5.0637087398227845,2
241.63,5.27199618110172,2
241.64000000000001,5.044712187520671,2
241.65,4.912614333820959,2
241.66,3.884276050998475,2
241.67000000000002,3.232609091627027,2
241.68,3.304421297931533,2
241.69,3.2090546132963453,2
241.70000000000002,2.971385057728025,2
241.71,3.083903093859856,2
241.72,3.008568614312971,2
241.73000000000002,2.83259471280067,2
241.74,3.2338414543476226,2
241.75,2.945156003899424,2
241.76,3.248190655941865,2
241.77,3.391322545415052,2
241.78,3.8392107927785846,2
241.79,3.7209471436466006,2
241.8,3.3674633219320227,2
241.81,3.2508820439917305,2
241.82,3.314108572609927,2
241.83,3.662545639776754,2
241.84,3.9244969426884846,2
241.85,3.870449177643406,2
241.86,3.861559941755547,2
241.87,4.073021588408062,2
241.88,4.364710777056404,2
241.89000000000001,4.4208480711390425,2
241.9,4.460401457745648,2
241.91,4.481802549523648,2
241.92000000000002,4.509904014654845,2
241.93,4.535522135060057,2
241.94,4.199494123806758,2
241.95000000000002,3.7210663736956153,2
241.96,3.500490170060209,2
241.97,3.41884639357384,2
241.98000000000002,3.6631747734063023,2
241.99,3.6200969888169583,2
242.0,3.7155784842675703,2
242.01,3.7639685675073493,2
242.02,3.9281945917656906,2
242.03,3.8140708200484807,2
242.04,3.6270239680501626,2
242.05,3.1975742610168365,2
242.06,3.3719774969241634,2
242.07,2.586707443309669,2
242.08,2.774371779689553,2
242.09,3.1487298061978963,2
242.1,3.191509788333003,2
242.11,3.375850444377991,2
242.12,3.3162094999434126,2
242.13,3.3829652092650275,2
242.14000000000001,3.3988649288941843,2
242.15,3.6558388033828852,2
242.16,3.609674754281678,2
242.17000000000002,3.3120303140631644,2
242.18,3.4733589414310604,2
242.19,3.4899792297121714,2
242.20000000000002,3.3434467265065426,2
242.21,3.5921807511261377,2
242.22,4.1986499856186725,2
242.23000000000002,4.3123088718084235,2
242.24,4.506811855901406,2
242.25,4.49910601257398,2
242.26,4.85430137686636,2
242.27,4.95371119747462,2
242.28,4.70059784823553,2
242.29,4.799527620516337,2
242.3,4.841881874233438,2
242.31,4.645752830762286,2
242.32,4.933353060780612,2
242.33,4.4816703156466975,2
242.34,4.538920412769261,2
242.35,4.362732453511396,2
242.36,3.8713172656102706,2
242.37,3.9173776858600147,2
242.38,3.8084510692742115,2
242.39000000000001,3.662150548012356,2
242.4,3.3956817532869383,2
242.41,4.025659343837755,2
242.42000000000002,3.3260636227948077,2
242.43,2.780944057411652,2
242.44,3.050974458354491,2
242.45000000000002,3.2770584546273063,2
242.46,2.955687126988636,2
242.47,2.8906531145948056,2
242.48000000000002,3.179193493496157,2
242.49,3.183203609560879,2
242.5,3.4904568860039906,2
242.51,3.5285020588710125,2
242.52,3.4277191546392793,2
242.53,3.071923323722219,2
242.54,3.146199572432356,2
242.55,3.0498996990468905,2
242.56,3.426943926758786,2
242.57,3.754916315732533,2
242.58,3.7098935429999544,2
242.59,3.7285949042075974,2
242.6,3.6505932481836125,2
242.61,3.5351153761068947,2
242.62,3.2783045178480954,2
242.63,3.369599926568113,2
242.64000000000001,3.3504479323276652,2
242.65,3.8375728399226023,2
242.66,3.7539321292692436,2
242.67000000000002,4.46014924329227,2
242.68,4.926236592150499,2
242.69,4.629707341355314,2
242.70000000000002,4.545401074944,2
242.71,4.050831081721801,2
242.72,3.9267416764826457,2
242.73000000000002,4.0401361736913675,2
242.74,4.094363793582839,2
242.75,3.8560012607531466,2
242.76,3.8487439743390843,2
242.77,4.00569763757228,2
242.78,3.9689791524009106,2
242.79,4.354184956168902,2
242.8,4.29345510974992,2
242.81,3.814341305462888,2
242.82,3.379368223427027,2
242.83,3.3349976351945934,2
242.84,3.064441275616512,2
242.85,2.699236689498266,2
242.86,2.7083517863542577,2
242.87,3.063263233966296,2
242.88,3.0256224325379306,2
242.89000000000001,3.216680905645556,2
242.9,3.702210422979116,2
242.91,3.8405400069601203,2
242.92000000000002,3.592221661623908,2
242.93,3.6260062315287027,2
242.94,3.539364762103563,2
242.95000000000002,3.7279063830798456,2
242.96,3.8079599844914465,2
242.97,3.7470541771786205,2
242.98000000000002,3.794984721057269,2
242.99,3.724759185298993,2
243.0,3.2995925253151097,2
243.01,2.820209338678702,2
243.02,3.1858166845731057,2
243.03,3.5584416651549446,2
243.04,3.6555357934105777,2
243.05,3.9570967342797028,2
243.06,4.447365242338053,2
243.07,4.274660588823625,2
243.08,4.039866218502435,2
243.09,4.244140349026476,2
243.1,4.615646866380277,2
243.11,4.363465237776967,2
243.12,4.744922703193246,2
243.13,4.563305365919351,2
243.14000000000001,4.570647000624667,2
243.15,4.410729684622989,2
243.16,4.440434009149516,2
243.17000000000002,4.098850013677395,2
243.18,4.38050597870449,2
243.19,3.8791384581827644,2
243.20000000000002,3.62652182645982,2
243.21,4.031281673584361,2
243.22,4.6693384405176115,2
243.23000000000002,4.452714136808892,2
243.24,4.842064240357412,2
243.25,5.124267602812269,2
243.26,5.127372989098203,2
243.27,4.878654990922447,2
243.28,5.188367838576695,2
243.29,5.016199524784128,2
243.3,5.046342801230954,2
243.31,4.329199571504902,2
243.32,4.182132144559006,2
243.33,3.990891409657162,2
243.34,4.02754736032188,2
243.35,3.935930540730888,2
243.36,3.7983805764430487,2
243.37,3.8174345062267787,2
243.38,3.6161589677186874,2
243.39000000000001,3.1853353332727385,2
243.4,3.1401539438653905,2
243.41,3.161950184270975,2
243.42000000000002,3.458425733508824,2
243.43,3.4543312728202857,2
243.44,3.6194252940648415,2
243.45000000000002,3.452484808464126,2
243.46,3.502197628748664,2
243.47,3.061636233571586,2
243.48000000000002,2.9775148469479102,2
243.49,2.3085293125534014,2
243.5,2.140328187482893,2
243.51,1.9654683754160145,2
243.52,2.3432527672590853,2
243.53,2.608686690984672,2
243.54,3.050478344666396,2
243.55,2.7715349807808933,2
243.56,3.127160297297416,2
243.57,3.050989262761864,2
243.58,3.6542417668498635,2
243.59,3.63820661104515,2
243.6,4.129235395700079,2
243.61,4.931304708191392,2
243.62,4.958128995893122,2
243.63,5.367130316683079,2
243.64000000000001,5.136620826152969,2
243.65,5.394519387710217,2
243.66,5.23698370850611,2
243.67000000000002,5.2739315649259435,2
243.68,5.2895377067895755,2
243.69,5.110499926960917,2
243.70000000000002,4.579279101048952,2
243.71,4.137011468544035,2
243.72,4.452095165057157,2
243.73000000000002,4.4599229651547025,2
243.74,4.689404437390265,2
243.75,4.478433338655656,2
243.76,4.332173826422286,2
243.77,4.197651189465002,2
243.78,3.7048541892811206,2
243.79,3.636308967149286,2
243.8,3.5835754474253396,2
243.81,3.622361530165455,2
243.82,3.588942513424155,2
243.83,4.016033383450553,2
243.84,3.849811654718941,2
243.85,4.102022832657904,2
243.86,4.177007981076284,2
243.87,4.1681049999831785,2
243.88,4.364248102224126,2
243.89000000000001,4.231966167784126,2
243.9,4.06031292541775,2
243.91,3.951943351210139,2
243.92000000000002,4.015204961135021,2
243.93,3.4939573832152666,2
243.94,3.4971501730142482,2
243.95000000000002,3.743684181152841,2
243.96,3.7624128184884476,2
243.97,3.8195952283495087,2
243.98000000000002,3.9682209957576515,2
243.99,3.996412949741643,2
244.0,3.536788275850314,2
244.01,3.9962757547591976,2
244.02,4.737232521169236,2
244.03,5.095555304476166,2
244.04,4.925416667185942,2
244.05,4.581941522087085,2
244.06,4.952662014731121,2
244.07,4.8978701841015475,2
244.08,5.07153575861164,2
244.09,4.683318964917306,2
244.1,4.759880335053633,2
244.11,4.793620365770189,2
244.12,5.10663863567954,2
244.13,5.2277774583511345,2
244.14000000000001,5.1524112411975045,2
244.15,5.573208023769684,2
244.16,5.339783515677394,2
244.17000000000002,5.640421644462684,2
244.18,5.63654751770042,2
244.19,5.68309815091629,2
244.20000000000002,6.357260532565452,2
244.21,5.5148251376156825,2
244.22,4.969715079986962,2
244.23000000000002,5.205539988418772,2
244.24,5.344331255657297,2
244.25,5.246247468224461,2
244.26,5.4388547666087455,2
244.27,4.978498843129726,2
244.28,5.434665552824128,2
244.29,5.684084964227274,2
244.3,5.993211838223741,2
244.31,5.348045648654979,2
244.32,5.5156003389317165,2
244.33,5.364484398959029,2
244.34,5.904589548698609,2
244.35,5.788174570875719,2
244.36,5.357809990199926,2
244.37,5.387424083155645,2
244.38,4.76906621255418,2
244.39000000000001,4.9918045260965185,2
244.4,4.7721608650523235,2
244.41,4.644345812610093,2
244.42000000000002,4.650478411783146,2
244.43,4.496681242070359,2
244.44,4.908121383702689,2
244.45000000000002,4.737320145430929,2
244.46,4.81016988156938,2
244.47,4.887840288386505,2
244.48000000000002,4.81090243051652,2
244.49,4.50638915846306,2
244.5,3.810060020047144,2
244.51,4.1426023780576156,2
244.52,3.8346281528293784,2
244.53,4.4206814537776244,2
244.54,4.203268579830684,2
244.55,4.542611828524922,2
244.56,4.525172906009602,2
244.57,4.92116173375813,2
244.58,4.936550292102871,2
244.59,4.9790074444401,2
244.6,4.553446998632942,2
244.61,4.713478226478041,2
244.62,4.905319967788008,2
244.63,4.864148309438315,2
244.64000000000001,5.089398981101551,2
244.65,5.096906342994512,2
244.66,5.331363603926028,2
244.67000000000002,5.231993144992446,2
244.68,5.4233528910915965,2
244.69,5.3558482202506585,2
244.70000000000002,5.803221347729142,2
244.71,5.5277676907248035,2
244.72,5.3486027145849775,2
244.73000000000002,5.0258884030089,2
244.74,4.813522055321677,2
244.75,4.5854031770411465,2
244.76,5.110358662825999,2
244.77,5.592107016122072,2
244.78,5.399308000028264,2
244.79,5.6624428024397515,2
244.8,5.450584293555345,2
244.81,5.428324734321958,2
244.82,5.720682901617259,2
244.83,5.4826634688277,2
244.84,5.051103324111374,2
244.85,5.079567308911727,2
244.86,4.742810914887003,2
244.87,4.678772981794564,2
244.88,4.703888181204631,2
244.89000000000001,4.826549358651377,2
244.9,4.940323602508486,2
244.91,4.933367119248093,2
244.92000000000002,5.083670344585939,2
244.93,5.417928221634968,2
244.94,5.517829261127715,2
244.95000000000002,5.665702839359117,2
244.96,5.2473520860790925,2
244.97,5.187325594952995,2
244.98000000000002,5.187788380598469,2
244.99,5.728872394788902,2
245.0,4.935379073627677,2
245.01,5.094474619257971,2
245.02,5.142334845833452,2
245.03,5.237865545631524,2
245.04,4.7292389719398304,2
245.05,4.713319713744103,2
245.06,5.174385840238095,2
245.07,4.731638548880759,2
245.08,4.862320665085876,2
245.09,4.611323370056884,2
245.1,5.026476123891265,2
245.11,5.162290670720184,2
245.12,5.181127224755438,2
245.13,4.852887043011548,2
245.14000000000001,4.726747249959562,2
245.15,4.552083676987672,2
245.16,4.249282899303046,2
245.17000000000002,4.181883371838496,2
245.18,3.6117178119293403,2
245.19,3.856067413428435,2
245.20000000000002,3.753080507492169,2
245.21,3.578222651837539,2
245.22,3.214080196021367,2
245.23000000000002,3.411373252199922,2
245.24,4.0168953160755745,2
245.25,3.929856185685001,2
245.26,4.326409554255783,2
245.27,4.458006725124202,2
245.28,4.367334171124609,2
245.29,4.882236150434499,2
245.3,4.304878612062274,2
245.31,4.315313029396501,2
245.32,4.183749099216965,2
245.33,4.255560803282986,2
245.34,3.9023997980587697,2
245.35,4.140298457711238,2
245.36,3.6651983783075144,2
245.37,3.8811532999664626,2
245.38,3.750396662873885,2
245.39000000000001,3.9062361979227496,2
245.4,3.7157152100964237,2
245.41,3.50280836865006,2
245.42000000000002,4.002528132160384,2
245.43,4.48459113722033,2
245.44,4.111877824948375,2
245.45000000000002,4.145752832286647,2
245.46,4.35040288143466,2
245.47,4.296654237268651,2
245.48000000000002,4.257858928751251,2
245.49,4.43686161932262,2
245.5,4.54805309652645,2
245.51,4.366034113708247,2
245.52,4.478645565559846,2
245.53,4.356040028773254,2
245.54,4.219826195239319,2
245.55,3.9891528666885616,2
245.56,3.7823959377269807,2
245.57,3.877475261055302,2
245.58,3.4561914370409315,2
245.59,3.0690708168369487,2
245.6,3.1145737312794886,2
245.61,3.2041920867910534,2
245.62,2.9864323981260554,2
245.63,3.583983842292503,2
245.64000000000001,3.414311904626058,2
245.65,3.287386370927113,2
245.66,3.149593784902862,2
245.67000000000002,3.5036962139195387,2
245.68,4.033859338255652,2
245.69,3.756787197079643,2
245.70000000000002,4.019242396426385,2
245.71,4.092707547640388,2
245.72,3.867436837867591,2
245.73000000000002,3.9553239040262844,2
245.74,3.5860337549988803,2
245.75,3.5565394613658974,2
245.76,3.317166723332693,2
245.77,3.2902245447522422,2
245.78,3.3807033238558537,2
245.79,3.8661607846833768,2
245.8,3.894615264511865,2
245.81,3.6230822870728656,2
245.82,3.665447468663525,2
245.83,3.111326241053436,2
245.84,3.4424576134836737,2
245.85,3.2684575807960834,2
245.86,3.8799206238249564,2
245.87,4.150920494224853,2
245.88,4.166415216612071,2
245.89000000000001,4.065459934910805,2
245.9,3.9371098975985106,2
245.91,3.8402654881019314,2
245.92000000000002,3.85426405794432,2
245.93,3.7542267100420985,2
245.94,3.9362869218725867,2
245.95000000000002,4.358929023700232,2
245.96,4.352255446066457,2
245.97,4.63028673845198,2
245.98000000000002,4.192296968637359,2
245.99,4.274082321994778,2
246.0,4.270961451245645,2
246.01000000000002,3.848678282033524,2
246.02,3.791480687483334,2
246.03,4.054767665413599,2
246.04,3.286965816083355,2
246.05,3.301650638016952,2
246.06,3.243158577167798,2
246.07,3.3951094214561492,2
246.08,3.712348729179441,2
246.09,3.9391493259380344,2
246.1,4.220552730638028,2
246.11,4.533066554683829,2
246.12,4.376801896554294,2
246.13,3.651360466968578,2
246.14000000000001,3.876736587737317,2
246.15,3.6034672371320307,2
246.16,5.497793396717425,2
246.17000000000002,4.059162966408609,2
246.18,3.2043754845006576,2
246.19,3.448277623406401,2
246.20000000000002,3.377648006804841,2
246.21,2.966858106721207,2
246.22,2.6864026636276477,2
246.23000000000002,3.1372325692351333,2
246.24,3.123457390727815,2
246.25,3.1175207022707854,2
246.26000000000002,3.032675618061125,2
246.27,2.6988870786179806,2
246.28,2.7531376845789954,2
246.29,3.22829841891526,2
246.3,3.0850049711026943,2
246.31,2.6414817363109018,2
246.32,2.996717283082419,2
246.33,3.1208926105029455,2
246.34,3.262612836377488,2
246.35,3.443597452411211,2
246.36,3.0049561909184224,2
246.37,3.0723410306853745,2
246.38,3.2337649961967228,2
246.39000000000001,3.29821613518683,2
246.4,3.3541773603522813,2
246.41,3.7465926070360043,2
246.42000000000002,3.8965747566927824,2
246.43,4.08496360545917,2
246.44,4.032010264909284,2
246.45000000000002,3.303705488005343,2
246.46,3.2810997796638643,2
246.47,3.3460618120920707,2
246.48000000000002,3.3565227053585374,2
246.49,3.3995942696501147,2
246.5,3.520139335819997,2
246.51000000000002,3.8372241893204952,2
246.52,3.610567620081146,2
246.53,3.5913018061305593,2
246.54,4.067675387628625,2
246.55,3.601588570566741,2
246.56,3.5629036740656064,2
246.57,2.988335523633544,2
246.58,3.016374820162458,2
246.59,3.1435715906013884,2
246.6,2.714409803943946,2
246.61,2.9023997023947388,2
246.62,2.8200656743874926,2
246.63,3.244001709200641,2
246.64000000000001,3.454233460602949,2
246.65,3.3552106280897855,2
246.66,3.3607382976222957,2
246.67000000000002,3.8639400250864737,2
246.68,3.8448939872389327,2
246.69,3.479133173445318,2
246.70000000000002,3.207601483356203,2
246.71,3.2335217800513467,2
246.72,3.628888044632391,2
246.73000000000002,3.527135396610909,2
246.74,3.264327765110162,2
246.75,3.3404284190216966,2
246.76000000000002,3.499166553460599,2
246.77,3.6954613980507753,2
246.78,3.2439483559593114,2
246.79,3.409056794292728,2
246.8,3.541860070916003,2
246.81,3.4628783382951243,2
246.82,3.8384542108506574,2
246.83,3.982784001719384,2
246.84,3.741665907860223,2
246.85,3.9004249246091494,2
246.86,3.3756269606555724,2
246.87,3.3027630168128312,2
246.88,3.25649503328195,2
246.89000000000001,3.5181495163587413,2
246.9,4.427579127967886,2
246.91,4.301713685427951,2
246.92000000000002,4.686601874546632,2
246.93,5.002649901710707,2
246.94,4.525615046408159,2
246.95000000000002,4.8524669645957275,2
246.96,4.567541411548635,2
246.97,4.51338979608885,2
246.98000000000002,5.112729309582343,2
246.99,5.147856996662443,2
247.0,4.850912372411342,2
247.01000000000002,4.892036509186878,2
247.02,4.369545931133445,2
247.03,4.633511571427212,2
247.04,4.387804332697577,2
247.05,3.6523310324821407,2
247.06,3.585033522364956,2
247.07,3.4808660387005035,2
247.08,3.6741081149930794,2
247.09,3.3799102530405563,2
247.1,3.5406974477734368,2
247.11,3.3937940521391767,2
247.12,3.434492144464652,2
247.13,3.793181393899662,2
247.14000000000001,4.125233648820412,2
247.15,4.474115817274975,2
247.16,4.210897308227534,2
247.17000000000002,4.274011225678019,2
247.18,4.343006594093116,2
247.19,4.663519402327155,2
247.20000000000002,4.504275176162244,2
247.21,4.031981125138502,2
247.22,4.269310448782845,2
247.23000000000002,4.622319141315504,2
247.24,4.649964799617716,2
247.25,4.275327266667269,2
247.26000000000002,4.861342449447004,2
247.27,4.80928491010591,2
247.28,4.541435195179651,2
247.29,4.798228165822103,2
247.3,5.190096144684483,2
247.31,4.615874797656412,2
247.32,4.7065941944069385,2
247.33,5.003498646757351,2
247.34,4.873680053457257,2
247.35,4.828218581171708,2
247.36,4.708689188155923,2
247.37,5.072784819550882,2
247.38,4.652816327073256,2
247.39000000000001,4.51453324491226,2
247.4,5.071912674029091,2
247.41,4.788895764925456,2
247.42000000000002,4.273303584867371,2
247.43,4.242976856957206,2
247.44,4.524693108131849,2
247.45000000000002,4.461548641002923,2
247.46,4.277771323105652,2
247.47,4.39189299408642,2
247.48000000000002,5.058242900170538,2
247.49,4.87980373946957,2
247.5,5.378920475118344,2
247.51000000000002,5.358126389843968,2
247.52,4.97731878799806,2
247.53,5.350741533321636,2
247.54,5.116881115875942,2
247.55,4.563881579153707,2
247.56,4.590759018285427,2
247.57,4.399750555438438,2
247.58,4.874015263523343,2
247.59,4.901515997731545,2
247.6,4.659898126596698,2
247.61,4.840157656384593,2
247.62,4.756961376710512,2
247.63,4.773426024748239,2
247.64000000000001,4.02063441909184,2
247.65,3.6922347212285804,2
247.66,3.7885208362141203,2
247.67000000000002,3.4465267843930683,2
247.68,3.3334654857991572,2
247.69,3.6627651864937945,2
247.70000000000002,3.842805760406658,2
247.71,4.189138701310612,2
247.72,4.174021284966932,2
247.73000000000002,3.9633155111282243,2
247.74,4.367025652181356,2
247.75,4.34346207674611,2
247.76000000000002,4.005956156063103,2
247.77,4.468321367384681,2
247.78,4.440659909409262,2
247.79,4.674096199160246,2
247.8,4.690431781554231,2
247.81,4.898125032390483,2
247.82,4.99104234839776,2
247.83,4.806201851650801,2
247.84,4.62271312123789,2
247.85,4.762497006908927,2
247.86,4.718960408198448,2
247.87,4.645326831808278,2
247.88,4.45800074534817,2
247.89000000000001,4.33634280625578,2
247.9,3.875123885289032,2
247.91,4.031974560651051,2
247.92000000000002,3.8475887699335316,2
247.93,3.893771173068839,2
247.94,3.886228464351453,2
247.95000000000002,3.9536002179164567,2
247.96,3.9676797368555916,2
247.97,4.100023364752662,2
247.98000000000002,3.8411961061299,2
247.99,3.8366284765493677,2
248.0,3.86099997323619,2
248.01000000000002,3.631152521275313,2
248.02,3.3899721730207615,2
248.03,3.2900278511744725,2
248.04,3.410557157263257,2
248.05,3.1615912718010155,2
248.06,3.512240523584681,2
248.07,3.387650502979177,2
248.08,3.4466700577281655,2
248.09,3.6919449156142985,2
248.1,3.3049063799225458,2
248.11,3.7611264667208855,2
248.12,3.5350331362508944,2
248.13,3.9577546272613433,2
248.14000000000001,4.109532963493973,2
248.15,3.5872146170106456,2
248.16,3.5855341985471614,2
248.17000000000002,3.405099197464642,2
248.18,3.9295412360901536,2
248.19,3.9960372808199223,2
248.20000000000002,3.4473639033986094,2
248.21,3.8603264309708543,2
248.22,4.029958429303733,2
248.23000000000002,4.144664835038453,2
248.24,4.136663306962316,2
248.25,3.720562907163608,2
248.26000000000002,4.196501852524096,2
248.27,4.1088321971720365,2
248.28,4.505762057250801,2
248.29,4.459268569974581,2
248.3,4.359401091504582,2
248.31,3.8336514703354605,2
248.32,3.6497625396873965,2
248.33,4.05937987190454,2
248.34,4.257776735315861,2
248.35,4.380673907023168,2
248.36,4.510259567321198,2
248.37,4.460172072932854,2
248.38,4.281107617068559,2
248.39000000000001,4.026579211785775,2
248.4,3.8941661010049526,2
248.41,3.944858634498763,2
248.42000000000002,3.7318574534394466,2
248.43,3.763420110338273,2
248.44,3.8094540393935965,2
248.45000000000002,3.776979428285056,2
248.46,3.3335207590745894,2
248.47,3.1023785198847658,2
248.48000000000002,3.1462803310408316,2
248.49,2.6264800087575066,2
248.5,3.0543534086617856,2
248.51000000000002,3.5171889630994055,2
248.52,3.8067903575435293,2
248.53,3.9060491315597137,2
248.54,3.5661065413000985,2
248.55,3.6964005839713163,2
248.56,4.124797931015995,2
248.57,3.791296089727323,2
248.58,4.535858175303482,2
248.59,4.713956954105133,2
248.6,4.342072212053893,2
248.61,4.021707054079409,2
248.62,3.876383127936391,2
248.63,3.8734977074443324,2
248.64000000000001,3.7794622436821164,2
248.65,3.0079306004417443,2
248.66,2.7381589448679717,2
248.67000000000002,2.8623969969085903,2
248.68,3.0299721075257864,2
248.69,3.382581034011924,2
248.70000000000002,3.2556822968661066,2
248.71,3.372499740704282,2
248.72,3.4379116957986966,2
248.73000000000002,3.257019397839973,2
248.74,3.507249550134908,2
248.75,3.6928956860477267,2
248.76000000000002,4.380249798361121,2
248.77,4.6446716885289625,2
248.78,4.142375090311695,2
248.79,4.392377333388638,2
248.8,3.947539220943515,2
248.81,4.370489349168716,2
248.82,4.249933190601962,2
248.83,4.314856553665145,2
248.84,4.655760220393804,2
248.85,4.723559387469211,2
248.86,4.881413031816703,2
248.87,4.609538496776904,2
248.88,4.284593265327149,2
248.89000000000001,4.263992131599617,2
248.9,4.424395125301833,2
248.91,4.353213657846001,2
248.92000000000002,4.783069133903816,2
248.93,4.86571741596923,2
248.94,4.693043222775338,2
248.95000000000002,4.5797476918251965,2
248.96,4.365799088926802,2
248.97,4.463766906905202,2
248.98000000000002,4.306392118642251,2
248.99,4.332327905898589,2
249.0,4.732970470552594,2
249.01000000000002,4.788757954138446,2
249.02,4.695372941675427,2
249.03,4.5633187713163395,2
249.04,4.8812132505472094,2
249.05,4.903979288950233,2
249.06,5.028326279448069,2
249.07,4.761178662035359,2
249.08,4.308413069068887,2
249.09,4.64112042001521,2
249.1,4.878984740582867,2
249.11,4.491462151035887,2
249.12,4.679538294829694,2
249.13,4.999431273552869,2
249.14000000000001,4.789333102679841,2
249.15,4.6975224684213766,2
249.16,5.169937010675824,2
249.17000000000002,5.410592846734477,2
249.18,5.061863056214437,2
249.19,4.773909317143166,2
249.20000000000002,4.631170166768341,2
249.21,4.642410802510081,2
249.22,4.728236350269231,2
249.23000000000002,4.300877355915615,2
249.24,4.098418358730694,2
249.25,3.5588421175010603,2
249.26000000000002,3.818971970161316,2
249.27,3.85215840270645,2
249.28,3.804653174730787,2
249.29,3.702830581271614,2
249.3,3.687429555752833,2
249.31,3.8343152886894725,2
249.32,3.513635852995844,2
249.33,3.3538429502476954,2
249.34,3.1301080994778667,2
249.35,2.488532592363442,2
249.36,3.144198538343083,2
249.37,3.422209365067353,2
249.38,3.2499039003959562,2
249.39000000000001,3.39249554799151,2
249.4,3.123202269730766,2
249.41,3.352809922822288,2
249.42000000000002,4.098024759732159,2
249.43,4.358302967857567,2
249.44,3.7612684838092534,2
249.45000000000002,3.350333275682868,2
249.46,2.9941004737950747,2
249.47,2.976003611304417,2
249.48000000000002,3.059565974057017,2
249.49,3.553524966001942,2
249.5,3.2136057117507213,2
249.51000000000002,3.2985474633999337,2
249.52,2.6212687244460584,2
249.53,2.4675499083915575,2
249.54,2.2408433852249985,2
249.55,1.8103032649253852,2
249.56,2.244225815199422,2
249.57,2.234713831950311,2
249.58,2.4618155363115997,2
249.59,2.2235023410457617,2
249.6,2.7343284363241174,2
249.61,2.590763300353372,2
249.62,3.0466626787609723,2
249.63,3.4456546394948226,2
249.64000000000001,3.5738674405838777,2
249.65,3.7163633316177727,2
249.66,3.458078547923643,2
249.67000000000002,3.053264847845945,2
249.68,3.2020806461452658,2
249.69,3.343317245558275,2
249.70000000000002,3.3023902843191304,2
249.71,3.139391537019565,2
249.72,2.9809519900091526,2
249.73000000000002,2.6637252575937977,2
249.74,3.068066555351902,2
249.75,2.9639038279821635,2
249.76000000000002,2.7995505028747876,2
249.77,3.0982586068295785,2
249.78,3.039263507785762,2
249.79,2.965981661518503,2
249.8,3.3899025502355995,2
249.81,3.1246665872060864,2
249.82,2.9022480502494807,2
249.83,2.4758502321462093,2
249.84,2.621019858355344,2
249.85,2.592012266414475,2
249.86,3.2601312411003778,2
249.87,3.1663473816184893,2
249.88,3.433770979092733,2
249.89000000000001,3.2437140827936086,2
249.9,3.550598310252235,2
249.91,4.007007764610207,2
249.92000000000002,3.8579408738763776,2
249.93,3.82443104053509,2
249.94,3.780908058679418,2
249.95000000000002,3.8793126395171798,2
249.96,4.1715181604583815,2
249.97,3.977760269767715,2
249.98000000000002,4.277448881000032,2
249.99,4.307099173762733,2
250.0,4.7231764103563,2
250.01000000000002,4.746677047567373,2
250.02,4.273958281443363,2
250.03,4.448546406226474,2
250.04,4.406344506127977,2
250.05,4.285672425509754,2
250.06,4.404331513767956,2
250.07,4.14346540082675,2
250.08,4.075218000108792,2
250.09,3.9205700094699565,2
250.1,4.12156762702377,2
250.11,4.017440075599352,2
250.12,4.056110635641085,2
250.13,4.0971971744952,2
250.14000000000001,4.227088943133626,2
250.15,4.0696221677928435,2
250.16,4.403972429175632,2
250.17000000000002,4.657487010494101,2
250.18,5.123868822481669,2
250.19,4.755823062986786,2
250.20000000000002,4.731963988213844,2
250.21,4.209315504262554,2
250.22,3.870151220007229,2
250.23000000000002,4.094088930803533,2
250.24,4.051429855883388,2
250.25,3.7724831937207592,2
250.26000000000002,4.015601646156207,2
250.27,4.109338700158889,2
250.28,3.420376364522387,2
250.29,3.7913948781397555,2
250.3,3.8295292737469326,2
250.31,3.691772098910227,2
250.32,3.3418332916454134,2
250.33,3.53853003873554,2
250.34,3.4481031292253768,2
250.35,3.4612759052474473,2
250.36,3.530442997883234,2
250.37,3.7260580792434492,2
250.38,3.834735458488154,2
250.39000000000001,4.280248883916056,2
250.4,3.748863293749809,2
250.41,3.611599472082543,2
250.42000000000002,3.956981330090411,2
250.43,4.545297832672662,2
250.44,4.821067055022527,2
250.45000000000002,4.8823279744811385,2
250.46,5.042579227326474,2
250.47,5.177890901641004,2
250.48000000000002,4.896915830019067,2
250.49,4.980258760156325,2
250.5,4.6085316907839875,2
250.51000000000002,4.586557719239337,2
250.52,4.3901253525492,2
250.53,4.486424578380165,2
250.54,4.288116747619262,2
250.55,4.280589901082029,2
250.56,3.9680463086514046,2
250.57,3.8670410290754966,2
250.58,4.210049466837465,2
250.59,3.6630246530588715,2
250.6,3.7140536811937084,2
250.61,4.140711268261442,2
250.62,4.379512835853764,2
250.63,4.365698285922305,2
250.64000000000001,4.541671406476412,2
250.65,4.279079328178082,2
250.66,4.4592139356454705,2
250.67000000000002,4.762011748144277,2
250.68,4.752670177070551,2
250.69,4.961873941873976,2
250.70000000000002,4.578036064785513,2
250.71,4.19181036328896,2
250.72,4.394041989468426,2
250.73000000000002,5.055111979773216,2
250.74,4.975378084797033,2
250.75,5.128709557724343,2
250.76000000000002,4.183830527463716,2
250.77,4.3388072233758646,2
250.78,4.165717769511744,2
250.79,4.71625558943164,2
250.8,4.864134822006524,2
250.81,4.801481972847465,2
250.82,4.566602102838936,2
250.83,4.873412431000614,2
250.84,5.156260623227699,2
250.85,4.81184766763291,2
250.86,5.062756495498662,2
250.87,5.2442356325883885,2
250.88,5.198038517369767,2
250.89000000000001,5.313203195242778,2
250.9,5.34252151233007,2
250.91,4.914146033420343,2
250.92000000000002,4.924406493270726,2
250.93,4.79583292702448,2
250.94,4.408375850015683,2
250.95000000000002,4.145508074450175,2
250.96,3.661026720798632,2
250.97,3.2020844520565896,2
250.98000000000002,3.1184802169663963,2
250.99,3.520539845480281,2
251.0,3.202830450285909,2
251.01000000000002,2.9422404802454887,2
251.02,3.5909483246897813,2
251.03,3.3624394011181993,2
251.04,3.434744424937079,2
251.05,3.633405455765386,2
251.06,3.6141992789207054,2
251.07,3.6399813798662715,2
251.08,3.448134298453232,2
251.09,3.3197658577055495,2
251.1,3.4793305660642053,2
251.11,3.1907921377507504,2
251.12,3.6770566631495885,2
251.13,3.201992927940095,2
251.14000000000001,3.3424853318637386,2
251.15,3.1070161336928783,2
251.16,3.3300393983603955,2
251.17000000000002,3.121998673787317,2
251.18,3.3772306133557293,2
251.19,3.670493520801836,2
251.20000000000002,3.9591810669044762,2
251.21,3.825154639429825,2
251.22,4.269471097414719,2
251.23000000000002,4.258073565482318,2
251.24,4.2204893053490835,2
251.25,4.354699375444858,2
251.26000000000002,3.8563029718418615,2
251.27,3.806181543057407,2
251.28,3.9285730558481107,2
251.29,3.770493354826318,2
251.3,3.782568073011831,2
251.31,4.278305936413132,2
251.32,4.023767100162646,2
251.33,4.248513317684231,2
251.34,4.046522454487555,2
251.35,4.064913137129032,2
251.36,4.209974798015288,2
251.37,4.422609886658189,2
251.38,4.486311968163042,2
251.39000000000001,4.648625915877683,2
251.4,4.533617809974611,2
251.41,4.358219698094818,2
251.42000000000002,4.615499765133194,2
251.43,4.032592800202759,2
251.44,3.9150326475568216,2
251.45000000000002,3.8531417026758463,2
251.46,3.9184886826305525,2
251.47,4.182090200483864,2
251.48000000000002,4.222334447899358,2
251.49,4.138462219731208,2
251.5,4.361369472696271,2
251.51000000000002,4.405733688821681,2
251.52,4.401819590312634,2
251.53,4.815431483127559,2
251.54,5.0084399282977285,2
251.55,5.659672086803544,2
251.56,4.9401906853919675,2
251.57,5.212951107714514,2
251.58,5.51252716628512,2
251.59,5.168045476176716,2
251.6,5.018335824041584,2
251.61,4.9409932962072425,2
251.62,4.719736283589579,2
251.63,4.551255943929285,2
251.64000000000001,5.432848989098397,2
251.65,5.290167495090292,2
251.66,5.328281842418176,2
251.67000000000002,5.301582547404325,2
251.68,5.1979032486721,2
251.69,4.759649414553722,2
251.70000000000002,4.9570183817691325,2
251.71,4.847903047258734,2
251.72,4.322013327361908,2
251.73000000000002,4.3356044825069135,2
251.74,4.389282333510809,2
251.75,4.679101043988046,2
251.76000000000002,4.229241471038325,2
251.77,4.17344922044921,2
251.78,3.963192719765314,2
251.79,3.7309678477343873,2
251.8,3.8216211782212937,2
251.81,3.7133339844268183,2
251.82,3.8847407435631913,2
251.83,3.6432825652380414,2
251.84,3.638773172716158,2
251.85,3.756110261941815,2
251.86,3.8990475293604634,2
251.87,3.962281966601187,2
251.88,3.9541053914620616,2
251.89000000000001,3.7949612714298624,2
251.9,4.265421715492515,2
251.91,4.299546180370342,2
251.92000000000002,3.948150032382896,2
251.93,3.3968440018893835,2
251.94,3.7962747307014317,2
251.95000000000002,3.451529679052502,2
251.96,3.5590445680842144,2
251.97,3.264758282148298,2
251.98000000000002,3.3789241968141104,2
251.99,3.529461505291486,2
252.0,3.8033625396786865,2
252.01000000000002,3.797102020147117,2
252.02,3.792563471405248,2
252.03,3.51081859386953,2
252.04,3.487545105431514,2
252.05,3.549601554443649,2
252.06,3.6063231691477657,2
252.07,3.5980637904563357,2
252.08,3.333842597846376,2
252.09,3.0333484292910735,2
252.1,3.5571453793313093,2
252.11,3.7681799254493713,2
252.12,4.459674209144326,2
252.13,4.527407877087577,2
252.14000000000001,4.663345522526837,2
252.15,4.340463780462157,2
252.16,4.722526495935236,2
252.17000000000002,4.127019605458026,2
252.18,4.2972280480214184,2
252.19,4.2990256880133755,2
252.20000000000002,4.682517085276784,2
252.21,4.577205638291738,2
252.22,4.5303714733598275,2
252.23000000000002,3.929978005411576,2
252.24,3.400737711543937,2
252.25,3.5653098181205563,2
252.26000000000002,3.9314173111036634,2
252.27,4.020375223396239,2
252.28,3.980059364397633,2
252.29,4.069314759554235,2
252.3,4.118568964138624,2
252.31,4.294379463140095,2
252.32,3.9923242974639517,2
252.33,4.065604476243278,2
252.34,3.7724047386406334,2
252.35,4.107762934915734,2
252.36,3.786863116160305,2
252.37,3.744522842691939,2
252.38,3.9393028832034047,2
252.39000000000001,3.5712518540052356,2
252.4,3.383382142085869,2
252.41,4.078296605777872,2
252.42000000000002,4.336997809616653,2
252.43,4.398110891222306,2
252.44,4.541122250384379,2
252.45000000000002,4.004121179383116,2
252.46,4.181770123940371,2
252.47,4.7174228339562045,2
252.48000000000002,4.505746423782737,2
252.49,4.971848137572571,2
252.5,4.743592566695393,2
252.51000000000002,4.70362754973773,2
252.52,4.253798249257474,2
252.53,4.351889952875746,2
252.54,4.358939657583447,2
252.55,4.260002682877884,2
252.56,3.9900903911253924,2
252.57,4.0548964308389515,2
252.58,3.871555467863392,2
252.59,4.197875743374579,2
252.6,4.251555829749974,2
252.61,4.088772693448879,2
252.62,4.363342141123812,2
252.63,4.20492484746163,2
252.64000000000001,4.4599854716236855,2
252.65,4.447358736990922,2
252.66,3.8620744325473493,2
252.67000000000002,4.042462801787276,2
252.68,4.023176670675403,2
252.69,4.178087683367696,2
252.70000000000002,4.221394852476549,2
252.71,4.262219093253821,2
252.72,4.24807777879344,2
252.73000000000002,5.0400102481310345,2
252.74,5.0850072918974725,2
252.75,4.475524947383439,2
252.76000000000002,4.00075978606001,2
252.77,4.123459368352621,2
252.78,3.948928316973709,2
252.79,4.258173249241692,2
252.8,4.323847365814273,2
252.81,4.398203280345394,2
252.82,4.0976164119061425,2
252.83,4.250629740139936,2
252.84,4.274363052715961,2
252.85,3.9816137301643812,2
252.86,3.719277553938167,2
252.87,4.216584881461195,2
252.88,4.355860487967805,2
252.89000000000001,4.211906826954292,2
252.9,4.036083503372901,2
252.91,4.035440686044843,2
252.92000000000002,4.113629744568268,2
252.93,3.720413473431383,2
252.94,3.712999068320128,2
252.95000000000002,3.161162852015731,2
252.96,3.2380731474376976,2
252.97,3.7271361260521205,2
252.98000000000002,3.385756141537619,2
252.99,3.407545799647017,2
253.0,3.4052447887683077,2
253.01000000000002,3.1461716981910253,2
253.02,3.1031979554689704,2
253.03,2.8185085365321414,2
253.04,2.6624593427172107,2
253.05,2.842600046569531,2
253.06,3.068102535907503,2
253.07,3.068003908942715,2
253.08,3.541413234552636,2
253.09,3.794540812298015,2
253.1,4.372642327767166,2
253.11,4.301813469548487,2
253.12,3.9744504790538437,2
253.13,3.9234991675571655,2
253.14000000000001,4.502265708853977,2
253.15,4.168003772753982,2
253.16,4.391829332892893,2
253.17000000000002,4.060966503199901,2
253.18,3.9510801369941535,2
253.19,3.8142018096896133,2
253.20000000000002,3.572876325736843,2
253.21,3.836477075525419,2
253.22,4.260713782218357,2
253.23000000000002,4.490295782785009,2
253.24,4.4488157821285625,2
253.25,3.982730421492499,2
253.26000000000002,4.021251815031663,2
253.27,4.196309958809436,2
253.28,4.1506325007443365,2
253.29,4.511892482538647,2
253.3,4.404979753826834,2
253.31,4.194645691479705,2
253.32,4.454866236410922,2
253.33,4.654953116428788,2
253.34,5.013919657696941,2
253.35,5.060568323198083,2
253.36,4.7265400284197305,2
253.37,3.9197550109586574,2
253.38,3.439694129265222,2
253.39000000000001,3.3311955303558234,2
253.4,3.7739158165862845,2
253.41,4.143220865447697,2
253.42000000000002,4.014320979947206,2
253.43,4.2433861631031595,2
253.44,3.8291300026899724,2
253.45000000000002,4.197914457772125,2
253.46,4.098595714236902,2
253.47,4.272111198547935,2
253.48000000000002,4.397352198034899,2
253.49,4.489439724016612,2
253.5,4.100434100796278,2
253.51000000000002,3.924055024549737,2
253.52,4.2304653129465075,2
253.53,4.351269299736546,2
253.54,4.0098598784185695,2
253.55,4.115447443517241,2
253.56,3.8074500619547638,2
253.57,3.468343569344761,2
253.58,3.345681945957515,2
253.59,3.3838235434466473,2
253.6,3.1048276188275223,2
253.61,3.4469285523328344,2
253.62,3.301252322785888,2
253.63,3.3620381092866065,2
253.64000000000001,3.552828898080462,2
253.65,4.120647887371734,2
253.66,4.276713862839337,2
253.67000000000002,4.162751895871792,2
253.68,3.866870079076758,2
253.69,3.525490802404705,2
253.70000000000002,3.2948117288856316,2
253.71,3.3229797439869855,2
253.72,3.732309933630715,2
253.73000000000002,3.722614650646678,2
253.74,3.591648323560209,2
253.75,3.664795777854217,2
253.76000000000002,4.165321340782625,2
253.77,3.9349281444090276,2
253.78,4.071237880135919,2
253.79,3.961353006468559,2
253.8,4.022174909730771,2
253.81,4.200917011465735,2
253.82,4.570145112296899,2
253.83,4.497451749806099,2
253.84,4.769003183949966,2
253.85,4.806936583510931,2
253.86,4.35893310892167,2
253.87,4.26756950186109,2
253.88,4.899395721092929,2
253.89000000000001,4.777069027541313,2
253.9,4.610213657179946,2
253.91,4.459333930422585,2
253.92000000000002,4.281508748865219,2
253.93,3.8634131235667994,2
253.94,3.225956755055037,2
253.95000000000002,3.084194762928525,2
253.96,3.0761951942695305,2
253.97,3.324569066355764,2
253.98000000000002,3.287282088704182,2
253.99,3.3944714899414725,2
254.0,3.1201845158060135,2
254.01000000000002,2.7223296068749225,2
254.02,2.9486037778172918,2
254.03,3.238198309008627,2
254.04,3.5926134207411633,2
254.05,3.974577591714043,2
254.06,4.350708904553932,2
254.07,4.510329982036392,2
254.08,4.2976319163789825,2
254.09,4.348025760544228,2
254.1,4.222059061479824,2
254.11,4.134714208561588,2
254.12,4.232242524055739,2
254.13,4.567660946542619,2
254.14000000000001,4.726383796987018,2
254.15,4.651419938553326,2
254.16,4.6141914549558045,2
254.17000000000002,4.654854604331459,2
254.18,4.923210891699679,2
254.19,5.356814060621224,2
254.20000000000002,5.257945568777601,2
254.21,5.074500339553507,2
254.22,5.011760312961313,2
254.23000000000002,5.202846023426709,2
254.24,5.230182497939714,2
254.25,4.962355587516656,2
254.26000000000002,4.869636844527326,2
254.27,4.787212622157545,2
254.28,4.525234850565882,2
254.29,4.286126153779481,2
254.3,3.9149756533194044,2
254.31,3.881684548394894,2
254.32,4.213993463803321,2
254.33,4.481271644047557,2
254.34,4.425714257954839,2
254.35,4.888486189882358,2
254.36,4.784139717696482,2
254.37,4.609183773801799,2
254.38,3.988031722207713,2
254.39000000000001,4.045670184322169,2
254.4,3.7873450221488563,2
254.41,4.220027119185883,2
254.42000000000002,3.8457496238191116,2
254.43,4.225838224267926,2
254.44,4.261285249095824,2
254.45000000000002,3.9096036086034465,2
254.46,3.4479687119963347,2
254.47,3.6080692163763493,2
254.48000000000002,3.3863430860974697,2
254.49,2.8892755774138275,2
254.5,3.561170764628674,2
254.51000000000002,3.851089321029274,2
254.52,3.5416513361585626,2
254.53,3.0725791217576455,2
254.54,3.499900976353509,2
254.55,3.1661740759608845,2
254.56,3.2776797841365513,2
254.57,3.473901783621189,2
254.58,3.380748448665537,2
254.59,3.165854741945766,2
254.6,2.710412482888617,2
254.61,2.969425777186914,2
254.62,3.74695732285162,2
254.63,3.4471716409574356,2
254.64000000000001,3.220042896373195,2
254.65,3.517626860331565,2
254.66,2.8751847573662137,2
254.67000000000002,2.7639308620630114,2
254.68,2.9467427352706066,2
254.69,2.8175050946326667,2
254.70000000000002,3.0826096167325425,2
254.71,3.2914571900960903,2
254.72,3.3948590046736653,2
254.73000000000002,3.240339162352584,2
254.74,3.2000700449571102,2
254.75,3.3022563809981196,2
254.76000000000002,3.4317241317093634,2
254.77,3.892906549551274,2
254.78,4.1102344964211275,2
254.79,3.9925114308648135,2
254.8,4.153267981310134,2
254.81,4.317205081349997,2
254.82,4.099667609672739,2
254.83,4.2545663866322165,2
254.84,4.162355445904297,2
254.85,4.228835735697252,2
254.86,4.491897385432055,2
254.87,4.733399890962283,2
254.88,4.413734284118765,2
254.89000000000001,4.056910102306534,2
254.9,4.554950599345494,2
254.91,5.004538377464343,2
254.92000000000002,5.111622842311347,2
254.93,4.916500212727587,2
254.94,4.741733080191713,2
254.95000000000002,4.3900099598943,2
254.96,4.412574643826726,2
254.97,4.336658964615786,2
254.98000000000002,4.276313876917511,2
254.99,3.9227711978661413,2
255.0,4.200722087606991,2
255.01000000000002,4.307757955752383,2
255.02,4.406294301105907,2
255.03,3.859654374120236,2
255.04,3.4437650662412103,2
255.05,3.187945376597654,2
255.06,3.4883053172806626,2
255.07,3.400873211347677,2
255.08,3.167686843459767,2
255.09,3.4362052251248327,2
255.1,3.4007590724261747,2
255.11,3.566374887762737,2
255.12,3.3212619699021824,2
255.13,3.3814947029390052,2
255.14000000000001,3.821681712811567,2
255.15,4.190801439234939,2
255.16,3.947039603824319,2
255.17000000000002,3.874206075086471,2
255.18,4.116843028020259,2
255.19,4.1302396320101975,2
255.20000000000002,4.217211980489699,2
255.21,4.587552038290469,2
255.22,4.590501982844461,2
255.23000000000002,4.3632240281876875,2
255.24,4.682768371067295,2
255.25,4.3814038042085794,2
255.26000000000002,4.336841761657514,2
255.27,4.139165384214659,2
255.28,3.787285983448722,2
255.29,3.779692220619278,2
255.3,3.8188397861454755,2
255.31,3.7658288953090846,2
255.32,4.0726977710591195,2
255.33,3.85013126656081,2
255.34,3.967545049187188,2
255.35,3.6272559456984106,2
255.36,4.343971700413734,2
255.37,4.123810052143738,2
255.38,3.6524842078514905,2
255.39000000000001,3.62119047255631,2
255.4,3.7232931213639042,2
255.41,4.0010905360558535,2
255.42000000000002,4.305040525368852,2
255.43,4.450975097104117,2
255.44,4.644135838014138,2
255.45000000000002,4.892418927663836,2
255.46,4.873269771143841,2
255.47,4.5698821618126315,2
255.48000000000002,4.53813699941743,2
255.49,4.2814133628410485,2
255.5,4.550544626171341,2
255.51000000000002,4.83604562092447,2
255.52,5.110185032870214,2
255.53,4.6732135902933285,2
255.54,4.906730144823168,2
255.55,4.653624364363503,2
255.56,4.692778264284814,2
255.57,4.8579244682918,2
255.58,4.364884049458572,2
255.59,4.572723493016554,2
255.6,4.076994997564663,2
255.61,4.01283497852586,2
255.62,4.288220270571328,2
255.63,4.635359889525494,2
255.64000000000001,4.800913991156099,2
255.65,4.560880216148741,2
255.66,4.334790461769851,2
255.67000000000002,4.26093385324418,2
255.68,4.250097076866662,2
255.69,4.473095137591356,2
255.70000000000002,4.4075746028917235,2
255.71,4.236026735218824,2
255.72,4.110797533532326,2
255.73000000000002,4.421511390718271,2
255.74,4.395280413175384,2
255.75,4.787516489551485,2
255.76000000000002,4.978137714354663,2
255.77,4.732089471580183,2
255.78,4.531635373307959,2
255.79,4.447826689044459,2
255.8,4.364298977419702,2
255.81,4.655409839811354,2
255.82,4.436744815752055,2
255.83,4.4247412956193894,2
255.84,4.477244180287403,2
255.85,4.6294132329878135,2
255.86,4.700318612712799,2
255.87,4.742395686859681,2
255.88,4.532821831064528,2
255.89000000000001,4.372048080755689,2
255.9,4.405080827194902,2
255.91,4.311061132246794,2
255.92000000000002,4.015766384234364,2
255.93,3.889661657774994,2
255.94,3.949234936638425,2
255.95000000000002,4.290926442959122,2
255.96,3.995097286858552,2
255.97,3.6836838591437133,2
255.98000000000002,3.930763166117487,2
255.99,3.8219050880458028,2
256.0,3.5996861782568077,2
256.01,3.6344708783784965,2
256.02,3.416256030551438,2
256.03000000000003,4.099127063185009,2
256.04,3.8698802862728043,2
256.05,3.936813268993777,2
256.06,4.089871120175821,2
256.07,4.3494772905926675,2
256.08,4.008990944699256,2
256.09000000000003,4.1366802509537,2
256.1,3.657794666922474,2
256.11,3.779596863156872,2
256.12,3.7852676819453714,2
256.13,4.019702555507241,2
256.14,4.091532219811106,2
256.15,4.0508550409596715,2
256.16,4.035867938582322,2
256.17,3.6199805028624406,2
256.18,3.427259393416419,2
256.19,3.9155044060444855,2
256.2,3.9819182662413724,2
256.21,4.176926040043649,2
256.22,3.984328340888846,2
256.23,4.2326181870695665,2
256.24,4.1302461134354065,2
256.25,3.7101231518885194,2
256.26,3.71576685156271,2
256.27,4.111218864007859,2
256.28000000000003,3.5145986556911315,2
256.29,3.771616753370418,2
256.3,3.8390901662341808,2
256.31,4.589773963331354,2
256.32,5.180969050330776,2
256.33,4.563041278302426,2
256.34000000000003,4.898142679282026,2
256.35,4.697724409436674,2
256.36,4.572856886967678,2
256.37,4.352412314265065,2
256.38,4.119048504620265,2
256.39,4.480480750194266,2
256.4,3.765423657214004,2
256.41,3.600449433264473,2
256.42,3.832020951784241,2
256.43,3.2711672367580116,2
256.44,3.2787943560974604,2
256.45,3.0085385724922897,2
256.46,3.1739881474248586,2
256.47,3.270735279357244,2
256.48,3.6080541470732244,2
256.49,2.990170770601253,2
256.5,3.213091546811505,2
256.51,3.079297337160436,2
256.52,3.582395679293514,2
256.53000000000003,3.498660275383639,2
256.54,3.3172536665859758,2
256.55,3.2297087735855143,2
256.56,3.467144261549842,2
256.57,3.7177470559673202,2
256.58,3.7387995134247602,2
256.59000000000003,3.4877288995151376,2
256.6,3.2033325086371067,2
256.61,3.4749541228903027,2
256.62,3.6758791212298134,2
256.63,3.82466487048009,2
256.64,4.290681721323897,2
256.65,4.036888995258524,2
256.66,4.5935279611483555,2
256.67,4.629752641342644,2
256.68,4.423689455448243,2
256.69,4.365943978138895,2
256.7,3.991484769915694,2
256.71,3.703125829763698,2
256.72,3.7008721594177696,2
256.73,3.9508355097407497,2
256.74,3.756206322902575,2
256.75,4.389542618129182,2
256.76,4.338509192583192,2
256.77,4.134073266639995,2
256.78000000000003,3.756839867198907,2
256.79,3.6337843442439968,2
256.8,4.079077364877138,2
256.81,4.5596189654085695,2
256.82,4.677674410329192,2
256.83,4.625843973837146,2
256.84000000000003,4.15659141851899,2
256.85,3.412358662608774,2
256.86,3.524592252413682,2
256.87,3.459343210012714,2
256.88,3.3583181734212033,2
256.89,3.535029061194579,2
256.9,3.2025029665597273,2
256.91,3.6963427232303494,2
256.92,4.2544284304457864,2
256.93,4.4244682922254635,2
256.94,4.296636556798963,2
256.95,4.09572637210691,2
256.96,3.998778890211173,2
256.97,4.089429012676132,2
256.98,4.366345465433717,2
256.99,4.4572786365268,2
257.0,4.76880333825384,2
257.01,4.848335256024726,2
257.02,5.056244950083773,2
257.03000000000003,4.942202717150646,2
257.04,4.522427139858964,2
257.05,4.834752923260578,2
257.06,5.370379447351421,2
257.07,5.317006105753503,2
257.08,5.030748980555562,2
257.09000000000003,5.061801536348177,2
257.1,4.855761021958048,2
257.11,4.779191004160175,2
257.12,4.725256097356444,2
257.13,4.438176821411526,2
257.14,4.1907119634788605,2
257.15,4.151319859835331,2
257.16,4.080106660078,2
257.17,4.233594620705582,2
257.18,4.286912330165124,2
257.19,4.429967916976562,2
257.2,4.3470018410569224,2
257.21,4.083719319207521,2
257.22,3.779757095661723,2
257.23,4.082116101960257,2
257.24,3.9363616351733537,2
257.25,3.763570017139777,2
257.26,4.149662083918429,2
257.27,4.023215998643555,2
257.28000000000003,3.4033020075846494,2
257.29,3.5254369072062492,2
257.3,6.597475787855435,2
257.31,4.542890383971965,2
257.32,3.304325558439949,2
257.33,2.7937404844534415,2
257.34000000000003,2.387599924606257,2
257.35,2.4184640163830338,2
257.36,2.735592550430376,2
257.37,2.7874896672945346,2
257.38,2.8218864200522513,2
257.39,2.939190033405698,2
257.4,3.2974591428383864,2
257.41,3.3787991575110463,2
257.42,3.4265268400433446,2
257.43,3.326248921382531,2
257.44,3.283292447466259,2
257.45,3.405717792780333,2
257.46,3.8377964041307306,2
257.47,3.9213565453026935,2
257.48,3.6985406847996924,2
257.49,3.643520396598341,2
257.5,3.993033986838433,2
257.51,4.015848353856012,2
257.52,3.6223553977405003,2
257.53000000000003,3.783031659074596,2
257.54,3.6223283527193275,2
257.55,3.334537713665761,2
257.56,3.4250670479948595,2
257.57,3.244200616162948,2
257.58,3.5500165239911006,2
257.59000000000003,3.6205276456554367,2
257.6,4.039241692985368,2
257.61,4.1336655270868405,2
257.62,3.9793970103478102,2
257.63,3.8368897292502377,2
257.64,3.750808167336609,2
257.65,3.9155823606524627,2
257.66,3.5155552313438045,2
257.67,3.641399894485023,2
257.68,3.4167547173835824,2
257.69,4.109763521586556,2
257.7,4.255363443822027,2
257.71,4.414273407388471,2
257.72,4.393522765458506,2
257.73,3.9022334950838533,2
257.74,3.9172757891789396,2
257.75,4.036285034250327,2
257.76,3.870955460069991,2
257.77,3.862076658230865,2
257.78000000000003,4.054717576995787,2
257.79,4.080846877193454,2
257.8,4.1497981431413,2
257.81,4.28358623271669,2
257.82,4.605189735282965,2
257.83,4.30851608589205,2
257.84000000000003,4.827199218122375,2
257.85,5.293358080679425,2
257.86,5.007179930461404,2
257.87,5.096940758411401,2
257.88,5.503419750979508,2
257.89,5.761236620539149,2
257.9,5.098466226136983,2
257.91,4.9451165411000035,2
257.92,4.708051635520749,2
257.93,4.879794002172137,2
257.94,5.059757771754428,2
257.95,4.6189808114309665,2
257.96,4.356715051865098,2
257.97,3.8749333446959193,2
257.98,3.862392057767717,2
257.99,3.7946192418279505,2
258.0,3.9468174589731344,2
258.01,4.463429867758298,2
258.02,4.492924672395325,2
258.03000000000003,4.358886496279946,2
258.04,4.550787640090539,2
258.05,4.396218066025739,2
258.06,4.305652901399574,2
258.07,4.32436531657955,2
258.08,3.9544933183820072,2
258.09000000000003,3.87166107239605,2
258.1,3.6582464494049987,2
258.11,3.92105678301283,2
258.12,3.6372392877714437,2
258.13,3.407302032858284,2
258.14,3.2653359997607163,2
258.15,3.1170065665056073,2
258.16,3.6794928689173845,2
258.17,4.0188392629972745,2
258.18,4.155747899144159,2
258.19,4.024987266037019,2
258.2,4.004422529371664,2
258.21,4.4514734731503225,2
258.22,4.318610232315602,2
258.23,3.9823915989890324,2
258.24,4.215540653602367,2
258.25,4.127288635825734,2
258.26,4.065414966431452,2
258.27,3.9951528812474173,2
258.28000000000003,3.9517890359329813,2
258.29,4.097419292393809,2
258.3,4.001320188642475,2
258.31,4.088561130802428,2
258.32,4.375475062109669,2
258.33,4.756650387879407,2
258.34000000000003,4.425253521539447,2
258.35,4.671940373396307,2
258.36,4.9258094820198615,2
258.37,5.1905880082114715,2
258.38,5.085474921647323,2
258.39,4.909158769488415,2
258.4,4.380562694374029,2
258.41,4.370640564978104,2
258.42,4.838525971228976,2
258.43,4.843726594865025,2
258.44,4.698228967834076,2
258.45,4.792795798826946,2
258.46,4.377349327800849,2
258.47,4.262283428256615,2
258.48,4.4669473988346855,2
258.49,4.5786121601281495,2
258.5,4.379017749187929,2
258.51,4.846483258360193,2
258.52,4.348274615857428,2
258.53000000000003,4.402206180504074,2
258.54,4.601897413448761,2
258.55,4.891721218277313,2
258.56,4.837098421293307,2
258.57,4.970361037443986,2
258.58,4.874533553981799,2
258.59000000000003,5.259807075773772,2
258.6,5.225312600544658,2
258.61,5.431434065623437,2
258.62,4.9608729987484255,2
258.63,4.832522315398032,2
258.64,4.902117820057128,2
258.65,4.962242122508918,2
258.66,4.704997776345655,2
258.67,4.107279112100869,2
258.68,3.5978509183699265,2
258.69,3.3696488155336013,2
258.7,4.222438197269429,2
258.71,3.3401063383242886,2
258.72,3.3586162488378926,2
258.73,3.3394669771345353,2
258.74,3.4174656581746747,2
258.75,3.4523665740051674,2
258.76,3.2293556663779386,2
258.77,3.5951059609647107,2
258.78000000000003,3.1733422296296494,2
258.79,3.7858062768338687,2
258.8,3.935230304962729,2
258.81,3.6834564206024725,2
258.82,3.519471547306818,2
258.83,3.8916569514379797,2
258.84000000000003,3.522173188520342,2
258.85,3.583995930202783,2
258.86,3.6167870606188655,2
258.87,3.638739142592186,2
258.88,3.8293440071629177,2
258.89,4.029061855102393,2
258.9,4.143204611978304,2
258.91,4.446455454390695,2
258.92,4.474794451150611,2
258.93,4.285196922644935,2
258.94,3.9361532349122634,2
258.95,3.9600580588787295,2
258.96,4.0745344128884335,2
258.97,3.5663426357076284,2
258.98,3.735343122054037,2
258.99,3.514821826926539,2
259.0,3.3080504670709754,2
259.01,3.4198980398846435,2
259.02,2.8831359468524465,2
259.03000000000003,3.404811829929415,2
259.04,3.72262666969706,2
259.05,3.4133872725730194,2
259.06,3.4186263382042203,2
259.07,3.520023048233033,2
259.08,3.3558732681889167,2
259.09000000000003,3.279427306378418,2
259.1,3.3167320894381405,2
259.11,3.3818464150611143,2
259.12,3.4060562685010347,2
259.13,3.4814338783908862,2
259.14,3.6394654575147487,2
259.15,3.580375145054879,2
259.16,3.7451008488821946,2
259.17,4.101932366656832,2
259.18,4.219837263156487,2
259.19,4.691195248956196,2
259.2,4.224694795677905,2
259.21,4.037060974081882,2
259.22,4.136427092717209,2
259.23,4.1915073089520325,2
259.24,4.062954308337951,2
259.25,4.230265555149023,2
259.26,4.26624000917735,2
259.27,4.572848143780758,2
259.28000000000003,4.2152585680979335,2
259.29,4.20949608062895,2
259.3,4.062517747221325,2
259.31,4.299161797253151,2
259.32,4.423983715572842,2
259.33,4.245165850720754,2
259.34000000000003,4.504182812767921,2
259.35,4.447563777823298,2
259.36,4.050577462762349,2
259.37,3.9735795321705427,2
259.38,4.633052907364274,2
259.39,4.5159686713631295,2
259.4,4.531451852050749,2
259.41,4.5598957994522635,2
259.42,4.491681225959289,2
259.43,4.876637892429584,2
259.44,4.9966880475935564,2
259.45,5.08195664972807,2
259.46,4.8975333271205,2
259.47,5.004775397027671,2
259.48,4.817016174435296,2
259.49,4.856387662366771,2
259.5,5.355708540376521,2
259.51,5.662591695582728,2
259.52,5.463280371685676,2
259.53000000000003,5.380315364326597,2
259.54,4.931173088212469,2
259.55,4.769294257715164,2
259.56,4.062265564387565,2
259.57,4.314909596277065,2
259.58,4.071365798436646,2
259.59000000000003,4.036967640783367,2
259.6,3.904822930596713,2
259.61,4.2062023972852245,2
259.62,4.5734280590931595,2
259.63,4.915982645139418,2
259.64,4.462561122204137,2
259.65,4.601691000133258,2
259.66,4.29455472495208,2
259.67,4.30722307137239,2
259.68,4.549445807939035,2
259.69,4.420564477193942,2
259.7,4.4410215650873015,2
259.71,4.2215773998490445,2
259.72,4.50873156315025,2
259.73,4.3964131278132355,2
259.74,4.205407017024702,2
259.75,4.281269131786139,2
259.76,4.513886110164804,2
259.77,4.067272263547409,2
259.78000000000003,4.190268390705314,2
259.79,4.030053664101446,2
259.8,4.216060691539718,2
259.81,4.0476623005301064,2
259.82,3.7982867963046076,2
259.83,3.617294032198819,2
259.84000000000003,3.7024560119612877,2
259.85,3.8839563332490425,2
259.86,3.7185608484341364,2
259.87,3.762309515985838,2
259.88,3.6033195839220085,2
259.89,3.536933308455847,2
259.9,3.4434153651034736,2
259.91,3.298577777899598,2
259.92,3.0231212988068785,2
259.93,3.099869186501136,2
259.94,3.5108200703696335,2
259.95,3.583846267589246,2
259.96,3.54104430899953,2
259.97,3.815237987118913,2
259.98,3.6942664685219277,2
259.99,3.7794953582298785,2
260.0,3.36078565195268,2
260.01,3.423532949161664,2
260.02,3.386839396127642,2
260.03000000000003,2.9204877786681402,2
260.04,2.90153584224754,2
260.05,2.345788350442191,2
260.06,2.3439643380574022,2
260.07,2.649449083499078,2
260.08,2.527484113792625,2
260.09000000000003,2.4734208469124206,2
260.1,2.195392695960149,2
260.11,2.4576016655327066,2
260.12,2.4864054777265476,2
260.13,2.626254979480574,2
260.14,3.0892045037612665,2
260.15,2.896956299553613,2
260.16,3.365496479797548,2
260.17,3.356650494354687,2
260.18,3.7188404994150446,2
260.19,3.7150773132246906,2
260.2,3.280447672582901,2
260.21,3.0006504005510783,2
260.22,3.026675561424613,2
260.23,2.652771132129463,2
260.24,2.9376213646716276,2
260.25,3.2761677313901347,2
260.26,2.9283359725908737,2
260.27,2.9547929825527723,2
260.28000000000003,3.0329476490739196,2
260.29,3.3248135685265425,2
260.3,3.508505761093984,2
260.31,3.4404245369052577,2
260.32,3.0956247825897165,2
260.33,3.186482738432221,2
260.34000000000003,3.2311666995355535,2
260.35,3.0756622023286995,2
260.36,3.768122334486352,2
260.37,3.840306210149928,2
260.38,3.672139004097022,2
260.39,3.5462848902916213,2
260.4,3.8274868367113286,2
260.41,4.181619739942051,2
260.42,4.338275623818617,2
260.43,4.5924473942246,2
260.44,4.182350843343781,2
260.45,4.151238307424486,2
260.46,3.810038974527838,2
260.47,4.056733201825073,2
260.48,4.3052804828103195,2
260.49,3.9942937126437292,2
260.5,3.8250229773831563,2
260.51,3.5694999408494748,2
260.52,3.6764389533935904,2
260.53000000000003,3.6802328135990607,2
260.54,3.723052080770997,2
260.55,3.658179211652765,2
260.56,4.2116468571481045,2
260.57,4.462422667530887,2
260.58,4.375461770184038,2
260.59000000000003,3.9043925388488945,2
260.6,3.433741869120548,2
260.61,3.0319292112175185,2
260.62,3.2528780633843737,2
260.63,3.281114360703357,2
260.64,3.7020309516701673,2
260.65,3.9349214988376295,2
260.66,3.3097013409514595,2
260.67,3.146027252733876,2
260.68,2.7558999249631833,2
260.69,2.766397935007844,2
260.7,2.9777101277025606,2
260.71,3.101275144897064,2
260.72,3.186152647399279,2
260.73,2.9350637480386794,2
260.74,3.6961882529803924,2
260.75,3.7697925060150417,2
260.76,4.238199842786549,2
260.77,4.44588059457134,2
260.78000000000003,4.573982562658399,2
260.79,4.68957906116601,2
260.8,4.463326984469927,2
260.81,4.2497980837870015,2
260.82,4.196429104174796,2
260.83,4.130672792720104,2
260.84000000000003,3.422837664443518,2
260.85,3.476107618760875,2
260.86,3.6902681730014337,2
260.87,3.3522115439084446,2
260.88,3.1139747234143558,2
260.89,3.2210101259267634,2
260.9,3.415389499087732,2
260.91,3.426497935187751,2
260.92,3.5817520180705538,2
260.93,3.6612532655609833,2
260.94,3.5861471527806366,2
260.95,3.617485550832722,2
260.96,3.646890176042373,2
260.97,3.6885770914231952,2
260.98,3.6774808898946927,2
260.99,3.8063248739765108,2
261.0,4.094250049622145,2
261.01,4.208010573553373,2
261.02,3.5330664722048843,2
261.03000000000003,3.1868765792282594,2
261.04,3.435945055608658,2
261.05,3.2615154028742914,2
261.06,3.6679948595109675,2
261.07,3.282423224209568,2
261.08,3.587959013446687,2
261.09000000000003,3.381385985575416,2
261.1,3.7613344162482014,2
261.11,3.5759114177286895,2
261.12,3.3443430003624894,2
261.13,3.432740708788393,2
261.14,3.07373263152322,2
261.15,2.8977619758220574,2
261.16,3.2539953984560532,2
261.17,3.739938284341911,2
261.18,3.7016152191036324,2
261.19,3.5910789242941856,2
261.2,3.2003351246007936,2
261.21,3.4600751913708603,2
261.22,3.3888506272401404,2
261.23,3.107019466689441,2
261.24,3.2750163286841696,2
261.25,2.973822551205831,2
261.26,3.1195888262092026,2
261.27,3.096558253296285,2
261.28000000000003,3.24128929922712,2
261.29,2.9055149514180822,2
261.3,3.0711249961758593,2
261.31,2.660566214590081,2
261.32,2.8713572822233964,2
261.33,2.9588933130003006,2
261.34000000000003,2.5321668810964963,2
261.35,2.6751532285934623,2
261.36,3.0055100760022344,2
261.37,2.979188604947632,2
261.38,2.7126432644199507,2
261.39,2.7197788168015564,2
261.4,2.205532890888413,2
261.41,2.474562254110235,2
261.42,2.8401511167925833,2
261.43,2.8231767317945278,2
261.44,2.867689022528693,2
261.45,3.2962423392617413,2
261.46,3.8024228188938656,2
261.47,4.02921310328041,2
261.48,3.7389185041821937,2
261.49,4.115412779246646,2
261.5,4.278659286086023,2
261.51,4.318149263545835,2
261.52,4.374228063497016,2
261.53000000000003,4.639277738233648,2
261.54,4.048285149740858,2
261.55,4.000463644121543,2
261.56,3.6778250460281923,2
261.57,3.8263692683954997,2
261.58,3.6123380448766107,2
261.59000000000003,4.525535432345848,2
261.6,4.6860849700045994,2
261.61,4.287493791515026,2
261.62,4.5303008476342175,2
261.63,4.361331019528215,2
261.64,4.351275012162116,2
261.65,4.275943578170136,2
261.66,3.7307498259866625,2
261.67,3.58647202363798,2
261.68,3.3084117686908274,2
261.69,2.693769244184618,2
261.7,2.6740937794634765,2
261.71,2.732655439014434,2
261.72,2.4429895849795464,2
261.73,2.904285588878113,2
261.74,3.1192661716527192,2
261.75,3.2363880623498926,2
261.76,3.458521409224283,2
261.77,3.6674663186214365,2
261.78000000000003,3.7764515962184504,2
261.79,4.236511069947299,2
261.8,3.6192600432738953,2
261.81,3.808131588862265,2
261.82,3.7213599468315244,2
261.83,4.145905428389084,2
261.84000000000003,4.235666899044007,2
261.85,4.179891691924715,2
261.86,4.570408819579696,2
261.87,4.461533860219666,2
261.88,4.534064966530885,2
261.89,4.302261703363924,2
261.9,4.309346096899335,2
261.91,4.8635790796371685,2
261.92,5.020983677662923,2
261.93,5.03965223832741,2
261.94,4.546476736875833,2
261.95,5.15984449111037,2
261.96,4.697945056882491,2
261.97,4.648310293563283,2
261.98,4.714244402137456,2
261.99,4.821708887038785,2
262.0,4.5394755716326705,2
262.01,4.675502026988921,2
262.02,4.260182557759595,2
262.03000000000003,4.703917061334451,2
262.04,4.269687479987349,2
262.05,4.095744321060357,2
262.06,4.2479876158537255,2
262.07,4.174843587494433,2
262.08,4.58686108369253,2
262.09000000000003,4.884776151871342,2
262.1,4.936170180293285,2
262.11,4.638863546429812,2
262.12,4.539425532277008,2
262.13,4.071652161461259,2
262.14,3.82600660733915,2
262.15,3.774466323111016,2
262.16,4.046130670265196,2
262.17,4.1618654624406215,2
262.18,4.069250748418259,2
262.19,3.8473508890320014,2
262.2,4.079195899622241,2
262.21,3.9076066328858277,2
262.22,4.109645627820478,2
262.23,4.24532505530617,2
262.24,4.52312436242485,2
262.25,4.228374023961137,2
262.26,4.079866327661639,2
262.27,4.071259449920106,2
262.28000000000003,3.9768612143762034,2
262.29,3.7883138409449426,2
262.3,3.6161151106804175,2
262.31,3.291943423987009,2
262.32,3.1438945090207904,2
262.33,3.427491757008542,2
262.34000000000003,3.737319382314976,2
262.35,3.847008298183447,2
262.36,3.7927184499671043,2
262.37,3.783268365604019,2
262.38,4.2044965177766285,2
262.39,4.42619778035032,2
262.4,3.6433520329249016,2
262.41,3.4375926782569186,2
262.42,3.3467137173071073,2
262.43,3.8458788359234886,2
262.44,4.040461787117209,2
262.45,3.628649560809328,2
262.46,3.862641639465857,2
262.47,4.690227430688172,2
262.48,4.854579232380791,2
262.49,4.522812017852399,2
262.5,4.896014224527993,2
262.51,4.901317336338024,2
262.52,4.620340551716989,2
262.53000000000003,4.572137388249345,2
262.54,4.446350928207132,2
262.55,4.203208236200671,2
262.56,3.837929319882913,2
262.57,3.683641515321769,2
262.58,3.7010530111952575,2
262.59000000000003,3.9562660998102643,2
262.6,3.5991349079603503,2
262.61,3.2483751207701372,2
262.62,3.3532987380267816,2
262.63,3.3247133473200856,2
262.64,3.2806930649947614,2
262.65,3.0921887063160645,2
262.66,2.936346031267457,2
262.67,2.7246989661544925,2
262.68,2.3446109700248483,2
262.69,2.6057265485150114,2
262.7,2.8852930093137434,2
262.71,3.468089733555403,2
262.72,3.6883867891952598,2
262.73,3.7095288362642425,2
262.74,3.8728739334422646,2
262.75,3.779768764707319,2
262.76,3.5602510292972465,2
262.77,3.7878540664386198,2
262.78000000000003,3.8980428655839994,2
262.79,3.5464871897929617,2
262.8,3.581075484918978,2
262.81,3.3872310363872034,2
262.82,3.7092076114424186,2
262.83,3.617236092353892,2
262.84000000000003,4.139336475711851,2
262.85,4.459514490079217,2
262.86,4.104412017520752,2
262.87,3.9050473686900578,2
262.88,4.104920758370515,2
262.89,4.110218493873313,2
262.9,4.019875561544065,2
262.91,4.033578793974745,2
262.92,3.9948955675906666,2
262.93,4.280817862530786,2
262.94,4.172007498222395,2
262.95,4.2875867443150675,2
262.96,4.390268775448708,2
262.97,4.7035448014985235,2
262.98,4.613198009106705,2
262.99,4.596305171981045,2
263.0,4.642659563300562,2
263.01,4.394513404380642,2
263.02,4.310249836097545,2
263.03000000000003,4.021809609651042,2
263.04,4.214324297428949,2
263.05,4.636807029733325,2
263.06,4.0322235220021625,2
263.07,4.31176811581639,2
263.08,4.26809819905835,2
263.09000000000003,4.598968023636121,2
263.1,4.612819799187087,2
263.11,4.826668982862567,2
263.12,4.714315114065265,2
263.13,4.656451714408197,2
263.14,4.863695149643637,2
263.15,5.472337579091471,2
263.16,5.175665612148401,2
263.17,5.090834064547085,2
263.18,4.776471760934998,2
263.19,4.631129750820619,2
263.2,4.42260221880152,2
263.21,4.097698072626256,2
263.22,4.2317962286894515,2
263.23,4.266297206464106,2
263.24,3.9861492743211455,2
263.25,3.657543188184148,2
263.26,3.9376263557543396,2
263.27,3.8037649115300955,2
263.28000000000003,4.458926301595151,2
263.29,4.389112776584448,2
263.3,4.362615513450922,2
263.31,4.262106762515364,2
263.32,3.836330972900933,2
263.33,3.4524042217597555,2
263.34000000000003,3.900213764210582,2
263.35,4.2892147423505484,2
263.36,3.981432430570403,2
263.37,4.124392900469679,2
263.38,4.489505656758849,2
263.39,4.064989536427166,2
263.4,4.055270457350956,2
263.41,3.900968665298494,2
263.42,3.9576444189226057,2
263.43,4.311124154026794,2
263.44,4.392788331209856,2
263.45,4.520603253138713,2
263.46,3.8398797575180867,2
263.47,4.054212822213609,2
263.48,4.038621914213449,2
263.49,4.646517411971811,2
263.5,4.7516795396818035,2
263.51,4.583968430981818,2
263.52,5.060139212487662,2
263.53000000000003,4.933773313383276,2
263.54,4.9184265454772955,2
263.55,4.434743797826765,2
263.56,4.2124662889347055,2
263.57,3.987580478304208,2
263.58,3.937108353227199,2
263.59000000000003,3.5979963148258074,2
263.6,3.1506877208059265,2
263.61,3.2658103233112543,2
263.62,2.923303431131684,2
263.63,3.237192465007033,2
263.64,3.871762052084305,2
263.65,3.9489672128732707,2
263.66,4.028603691238651,2
263.67,3.396509845704756,2
263.68,3.633768157753499,2
263.69,3.6490688318132074,2
263.7,3.819846859055753,2
263.71,3.5061217242651876,2
263.72,3.47966334704714,2
263.73,3.8804817615303833,2
263.74,3.676497783999368,2
263.75,3.6170381929845474,2
263.76,3.910961251063153,2
263.77,4.117134799438333,2
263.78000000000003,4.404840275879315,2
263.79,4.162020520260615,2
263.8,4.101623436557696,2
263.81,3.8370184213398613,2
263.82,3.5816522901375354,2
263.83,3.3534054472427233,2
263.84000000000003,3.406557715207622,2
263.85,3.915561270899858,2
263.86,4.283596614060341,2
263.87,4.4081741764280835,2
263.88,4.108940221805902,2
263.89,3.8090168029069997,2
263.9,3.7462264586420706,2
263.91,3.887488292838881,2
263.92,4.0568436954992295,2
263.93,4.119083247078586,2
263.94,4.080800187310863,2
263.95,4.133329630840678,2
263.96,3.9639729206189394,2
263.97,3.5589445836972455,2
263.98,3.521059087688116,2
263.99,3.620823234809222,2
264.0,3.622519700691788,2
264.01,3.2283103293203066,2
264.02,3.245292733613762,2
264.03000000000003,3.147045520370615,2
264.04,3.610936376932322,2
264.05,3.808978361876768,2
264.06,2.9746541872405965,2
264.07,3.0915297433809044,2
264.08,2.8603104282726255,2
264.09000000000003,2.5626748038028726,2
264.1,2.0576702499848993,2
264.11,2.500286641050668,2
264.12,2.9373102897659678,2
264.13,2.618626030166988,2
264.14,3.073819686413508,2
264.15,3.7621876890523263,2
264.16,3.7274433366653485,2
264.17,3.4987546736336617,2
264.18,3.5282394169597766,2
264.19,3.9065420468463663,2
264.2,4.288746536848337,2
264.21,4.249903316328271,2
264.22,3.9645541063054024,2
264.23,4.036941942208874,2
264.24,4.0056189561706415,2
264.25,4.038815796803486,2
264.26,3.9253630696186663,2
264.27,3.987148601406471,2
264.28000000000003,3.4603112194873713,2
264.29,3.6159604493197985,2
264.3,3.97633944382274,2
264.31,3.9248206966268695,2
264.32,3.967963624561559,2
264.33,3.516230860403951,2
264.34000000000003,3.7120293440994265,2
264.35,4.003473071887576,2
264.36,4.468034609406379,2
264.37,3.7484217668510347,2
264.38,3.9233240070963977,2
264.39,3.43804683038668,2
264.4,3.6050684595736087,2
264.41,3.4874967420258276,2
264.42,3.6805644745438597,2
264.43,3.8346121095247785,2
264.44,3.874674951754338,2
264.45,3.7578720945940924,2
264.46,3.8279638097540247,2
264.47,4.111087986447184,2
264.48,4.175767213281692,2
264.49,4.382167854185266,2
264.5,3.950476661610561,2
264.51,3.9736220524728245,2
264.52,3.839059414998895,2
264.53000000000003,4.075436457783439,2
264.54,4.218329713126407,2
264.55,4.050956595345765,2
264.56,4.0893874220947355,2
264.57,4.040651675005851,2
264.58,4.147712371377034,2
264.59000000000003,4.231688484154693,2
264.6,4.227893073511163,2
264.61,3.826045524855488,2
264.62,4.26414861539734,2
264.63,4.536796848604503,2
264.64,4.50846033721964,2
264.65,4.604592699301609,2
264.66,4.714454205451047,2
264.67,4.447348718832525,2
264.68,4.754539919262402,2
264.69,4.10339460593018,2
264.7,3.6101844141973913,2
264.71,3.4466666480084984,2
264.72,3.597128829741174,2
264.73,3.6751474345817248,2
264.74,3.7282417010833053,2
264.75,3.7351693821445973,2
264.76,3.6707695564789997,2
264.77,3.34234292427145,2
264.78000000000003,3.018043430049211,2
264.79,2.752400046067804,2
264.8,2.5674669404614416,2
264.81,2.309891952348637,2
264.82,2.0720399109757484,2
264.83,2.1872498355544536,2
264.84000000000003,2.667679749413195,2
264.85,2.9256603877171163,2
264.86,2.7706897557794528,2
264.87,2.6981085147818575,2
264.88,3.3657462104583407,2
264.89,3.2877807784509647,2
264.9,3.0510127637323543,2
264.91,3.064252801134743,2
264.92,2.9965184172567394,2
264.93,2.8542119904988517,2
264.94,2.978616746591153,2
264.95,3.4396579273310817,2
264.96,3.1216098016279643,2
264.97,3.3194412468197623,2
264.98,3.6674129279218746,2
264.99,3.828312907391572,2
265.0,4.138654390295894,2
265.01,4.277044530549951,2
265.02,4.051742803862688,2
265.03000000000003,4.55539379952708,2
265.04,4.647195319609826,2
265.05,5.229731597908093,2
265.06,4.579309124803639,2
265.07,5.198590796193356,2
265.08,5.323400629582813,2
265.09000000000003,5.324357917330584,2
265.1,4.930692811796212,2
265.11,5.047673430471658,2
265.12,5.282333977617549,2
265.13,4.656200936055595,2
265.14,4.752112244892098,2
265.15,4.493790630925505,2
265.16,4.6080972259821005,2
265.17,4.255409537578464,2
265.18,4.590028230573626,2
265.19,4.508381720317334,2
265.2,4.669974304087866,2
265.21,4.876779194839053,2
265.22,4.87383742146595,2
265.23,4.540280002860461,2
265.24,4.66561314142461,2
265.25,4.571918359523655,2
265.26,4.5685619992046815,2
265.27,4.408295524844502,2
265.28000000000003,3.8603551672869756,2
265.29,3.8909128094566885,2
265.3,3.732319812400558,2
265.31,3.8441019848925064,2
265.32,3.8495345506399556,2
265.33,3.71542788797096,2
265.34000000000003,4.348357914099531,2
265.35,4.225005468371961,2
265.36,4.225162049936155,2
265.37,4.734852562924354,2
265.38,4.375649459906646,2
265.39,4.576066179649984,2
265.4,4.306731228160189,2
265.41,4.210599741314147,2
265.42,4.301841419206311,2
265.43,4.596469320202089,2
265.44,4.247085406637967,2
265.45,4.294892041293699,2
265.46,4.05493741629276,2
265.47,4.232213708252141,2
265.48,4.483700669777054,2
265.49,4.624562869993971,2
265.5,4.334030161744049,2
265.51,3.988151489100115,2
265.52,3.940620264979011,2
265.53000000000003,3.598797949460588,2
265.54,3.784575632394167,2
265.55,4.206521707474552,2
265.56,3.9628203222542684,2
265.57,4.114746741068288,2
265.58,3.8787398748780637,2
265.59000000000003,4.246812228420909,2
265.6,4.508795982044979,2
265.61,4.4352601610336935,2
265.62,4.6085168968636125,2
265.63,4.784886087178116,2
265.64,4.368607457943385,2
265.65,4.471979711714891,2
265.66,4.248504671171937,2
265.67,4.258808109949778,2
265.68,4.135408784410912,2
265.69,4.130041323976819,2
265.7,4.377812297371301,2
265.71,4.016044046496251,2
265.72,3.5188764984596648,2
265.73,3.440167070099753,2
265.74,3.809354516687013,2
265.75,3.573860308417733,2
265.76,3.470357385547272,2
265.77,3.853971688759245,2
265.78000000000003,4.260866308384739,2
265.79,4.431008666146359,2
265.8,4.503524256275169,2
265.81,4.7368019179222705,2
265.82,4.545448060039081,2
265.83,4.687140379908156,2
265.84000000000003,4.392497474817817,2
265.85,4.81177591558248,2
265.86,5.026151324635526,2
265.87,5.110107816725788,2
265.88,4.902181650921438,2
265.89,5.008447948845434,2
265.9,4.902359379292918,2
265.91,4.654544404885856,2
265.92,4.754831379473138,2
265.93,4.140365544736636,2
265.94,4.377586046616939,2
265.95,4.047977991834112,2
265.96,4.250824352335743,2
265.97,3.8035320441203053,2
265.98,3.7059861762141177,2
265.99,3.864003126715973,2
266.0,4.124294945248174,2
266.01,3.9160976261913913,2
266.02,3.6623607790001538,2
266.03000000000003,3.9856684204629964,2
266.04,4.525782281953793,2
266.05,4.215406743470743,2
266.06,3.453080666143232,2
266.07,3.938643964843218,2
266.08,3.903055779061501,2
266.09000000000003,3.6562181633158755,2
266.1,3.7070823379896485,2
266.11,4.287365259992998,2
266.12,4.444937730906647,2
266.13,4.62160795377509,2
266.14,4.605286611999316,2
266.15,4.6799013305882005,2
266.16,5.092816460207858,2
266.17,4.727811343827772,2
266.18,4.870388436642785,2
266.19,4.773531384539721,2
266.2,4.67833139123492,2
266.21,4.286262359612161,2
266.22,4.376869808440126,2
266.23,4.50414060275781,2
266.24,4.400815440324723,2
266.25,4.770763009985557,2
266.26,4.717297235387358,2
266.27,4.0439621452040555,2
266.28000000000003,4.195340474173026,2
266.29,3.8463846407893905,2
266.3,4.266464000112981,2
266.31,4.7713670077216035,2
266.32,4.979591635208164,2
266.33,4.881476968419614,2
266.34000000000003,4.963596528099052,2
266.35,4.65537783646661,2
266.36,4.763427615746418,2
266.37,4.461859328592458,2
266.38,4.948214431572938,2
266.39,4.574084335211839,2
266.4,4.052489614964491,2
266.41,4.000581071516244,2
266.42,4.16834258393834,2
266.43,4.808135416173941,2
266.44,4.522316795786804,2
266.45,4.487821453976824,2
266.46,4.438798846477708,2
266.47,4.096568265342849,2
266.48,3.80326579900024,2
266.49,3.2886122472239827,2
266.5,3.7925208155188086,2
266.51,3.5881914061845377,2
266.52,3.0384268342917498,2
266.53000000000003,3.02502555455271,2
266.54,3.4677814097030133,2
266.55,3.667062525694497,2
266.56,3.845104213776975,2
266.57,4.319243992491083,2
266.58,4.582542663452453,2
266.59000000000003,3.7828426627451726,2
266.6,3.669314107902373,2
266.61,3.8255006445515014,2
266.62,3.8965809718726,2
266.63,4.0643900720936035,2
266.64,4.818242434544509,2
266.65,4.461666617213476,2
266.66,3.778116475133694,2
266.67,3.1108930256128353,2
266.68,3.4608915757794305,2
266.69,3.46942948717388,2
266.7,3.100627530120491,2
266.71,3.123999795911879,2
266.72,3.0755594981696004,2
266.73,3.0678365840571944,2
266.74,2.6189823937412804,2
266.75,2.9250487604988864,2
266.76,3.235900292594211,2
266.77,3.348843622612982,2
266.78000000000003,3.3923507865666864,2
266.79,3.5038131667694774,2
266.8,3.5673739749112996,2
266.81,3.1075590531141866,2
266.82,2.959396229568516,2
266.83,3.124077190708021,2
266.84000000000003,3.0033447638776587,2
266.85,3.353368782630836,2
266.86,3.035083653198683,2
266.87,3.7969854246674,2
266.88,4.404858862458489,2
266.89,4.284098105098008,2
266.9,3.8315220337574294,2
266.91,3.696461742173945,2
266.92,4.070697822128437,2
266.93,3.9675604031206455,2
266.94,4.082451955087108,2
266.95,4.088751466455179,2
266.96,4.241970183533244,2
266.97,4.359657330368277,2
266.98,4.239672861281856,2
266.99,4.6274442609403,2
267.0,4.7089606380260305,2
267.01,4.9728377181929115,2
267.02,4.8061897195698835,2
267.03000000000003,4.67859130772346,2
267.04,5.370222202018251,2
267.05,5.222671171161791,2
267.06,5.45554872030557,2
267.07,4.897465972379435,2
267.08,4.90905665914302,2
267.09000000000003,4.702616749089969,2
267.1,5.06834917463279,2
267.11,4.770055730119862,2
267.12,4.571561180513823,2
267.13,4.678629294162937,2
267.14,4.312893670776754,2
267.15,4.31768841003901,2
267.16,4.1153996765327285,2
267.17,4.143602691333912,2
267.18,4.103370686269847,2
267.19,4.613130444152754,2
267.2,4.682900251648137,2
267.21,4.244560655042578,2
267.22,3.9596893296677855,2
267.23,3.839832606037761,2
267.24,3.657556447173383,2
267.25,4.093951177814996,2
267.26,3.9264219604838115,2
267.27,3.9232153375898338,2
267.28000000000003,4.101275289699622,2
267.29,4.88182255935215,2
267.3,4.752235100967477,2
267.31,5.147724139087361,2
267.32,4.910764673476919,2
267.33,5.096268450079766,2
267.34000000000003,4.749480708285836,2
267.35,4.901482162093598,2
267.36,4.705932246400109,2
267.37,4.893827517752406,2
267.38,5.0328718136650235,2
267.39,5.107070843646207,2
267.4,5.117641673042863,2
267.41,4.870658594529306,2
267.42,4.988914093994763,2
267.43,4.436246285555374,2
267.44,5.116099671775201,2
267.45,5.187074477967697,2
267.46,5.221982593351019,2
267.47,5.233589294605585,2
267.48,4.899507285936391,2
267.49,4.640556214950855,2
267.5,4.644738016316228,2
267.51,4.442364830046008,2
267.52,4.062405564172197,2
267.53000000000003,4.033382621692366,2
267.54,4.129384232743871,2
267.55,4.113017218210654,2
267.56,4.39991269686621,2
267.57,4.406209594784321,2
267.58,4.814806325451229,2
267.59000000000003,5.386815035110652,2
267.6,5.210512192226425,2
267.61,4.773548295581848,2
267.62,4.372176438188198,2
267.63,4.321034873076689,2
267.64,4.516191260884708,2
267.65,4.3659463367470535,2
267.66,4.336820638000753,2
267.67,4.155822211539484,2
267.68,4.050354951052422,2
267.69,4.076232284271281,2
267.7,4.3450431883746035,2
267.71,4.574872154075082,2
267.72,3.883961087884553,2
267.73,4.0880195497942085,2
267.74,4.262864550701446,2
267.75,4.211688463023751,2
267.76,4.094989852873093,2
267.77,4.25693945803863,2
267.78000000000003,4.26854569136772,2
267.79,4.176841300967391,2
267.8,4.77441938847013,2
267.81,4.841729996429296,2
267.82,4.606991304988237,2
267.83,4.757797005782674,2
267.84000000000003,4.806075867627804,2
267.85,4.833167353210053,2
267.86,4.996098158460582,2
267.87,4.762605484377198,2
267.88,4.761050267570713,2
267.89,4.445096897205009,2
267.9,4.628686763044804,2
267.91,4.570746331100817,2
267.92,4.283822989969356,2
267.93,4.241452107831887,2
267.94,4.283770770595005,2
267.95,4.5111442046939345,2
267.96,4.8058850983693215,2
267.97,4.989847314483388,2
267.98,5.043532963199349,2
267.99,5.148786461083523,2
268.0,4.959235472424061,2
268.01,4.55404225026171,2
268.02,4.3101447697609006,2
268.03000000000003,4.29283154290779,2
268.04,4.205989355573604,2
268.05,4.115946303166901,2
268.06,4.181330992032721,2
268.07,4.444210971790098,2
268.08,4.479833666055462,2
268.09000000000003,4.294590541105749,2
268.1,3.920963444016249,2
268.11,3.8847323852314357,2
268.12,3.317108836824394,2
268.13,3.694222908164629,2
268.14,3.752321427507731,2
268.15,4.278580579746934,2
268.16,4.629981213509697,2
268.17,4.7230205193852965,2
268.18,4.508918060219842,2
268.19,4.353041245994469,2
268.2,4.759271757302002,2
268.21,4.819928868365713,2
268.22,4.365749336605762,2
268.23,4.234764523213376,2
268.24,4.6110971651969095,2
268.25,4.862313341854194,2
268.26,4.891556777926444,2
268.27,5.188839872232372,2
268.28000000000003,4.717854984558792,2
268.29,4.478008257647839,2
268.3,4.399398563094165,2
268.31,4.2173360038512575,2
268.32,4.408015615341293,2
268.33,4.594166238092508,2
268.34000000000003,4.678842998679323,2
268.35,4.3219502926643205,2
268.36,4.791136171811967,2
268.37,4.808080506810705,2
268.38,4.275988727304424,2
268.39,3.907318342263981,2
268.4,3.701467580261783,2
268.41,4.199456511663143,2
268.42,3.9321617684394043,2
268.43,3.6386278865441497,2
268.44,3.9849606192211704,2
268.45,4.240070829002507,2
268.46,4.057807688383818,2
268.47,4.196021697039412,2
268.48,4.104858432475672,2
268.49,4.269938437986394,2
268.5,4.156444467272552,2
268.51,4.290649832484703,2
268.52,4.268208675618669,2
268.53000000000003,4.074175163056246,2
268.54,4.330564602894854,2
268.55,4.3174347285652095,2
268.56,4.563956501129479,2
268.57,4.652554849815257,2
268.58,4.575783412170938,2
268.59000000000003,4.852013425990553,2
268.6,4.839556413949784,2
268.61,4.888354610818178,2
268.62,4.716152840734583,2
268.63,4.514623801409443,2
268.64,4.516397354143667,2
268.65,4.211667511074615,2
268.66,4.23433792851574,2
268.67,4.269335508581099,2
268.68,3.951557714205948,2
268.69,4.321942040646055,2
268.7,4.7024025659366835,2
268.71,5.020143623816341,2
268.72,4.87006883761138,2
268.73,4.833896660785085,2
268.74,4.6545516541497385,2
268.75,4.7997283396498505,2
268.76,4.6722575013240855,2
268.77,4.66765838082547,2
268.78000000000003,4.706015113330892,2
268.79,4.326776068595586,2
268.8,4.285572687331611,2
268.81,4.518394335092313,2
268.82,5.551641076525238,2
268.83,4.896975815886804,2
268.84000000000003,4.628236452617637,2
268.85,4.396717444815794,2
268.86,4.00580525255838,2
268.87,4.561425269315132,2
268.88,4.495643718125899,2
268.89,4.400373730145902,2
268.9,4.539678152980201,2
268.91,4.320703972712888,2
268.92,4.497931639513387,2
268.93,4.285456095913376,2
268.94,4.65120385918091,2
268.95,4.625875018510339,2
268.96,4.957421564176727,2
268.97,5.037202425919831,2
268.98,4.272679269916365,2
268.99,3.902074821838201,2
269.0,4.378876114786734,2
269.01,4.253314608437398,2
269.02,3.727680254667858,2
269.03000000000003,3.6163913315203784,2
269.04,3.5553733995868835,2
269.05,3.962241982495158,2
269.06,3.732996965125518,2
269.07,3.7301633471207927,2
269.08,4.070973597958758,2
269.09000000000003,3.933964842661851,2
269.1,3.7034866221757836,2
269.11,3.8411850493616932,2
269.12,4.082259970597053,2
269.13,4.057665500472193,2
269.14,4.231823514306201,2
269.15,4.059805470967272,2
269.16,3.497228991774614,2
269.17,3.7971710663451925,2
269.18,3.5337556099243166,2
269.19,3.4105201692561007,2
269.2,3.5360725394715393,2
269.21,3.8580671034635285,2
269.22,3.8501900155902167,2
269.23,3.7234951970806276,2
269.24,4.172400395827198,2
269.25,4.069031876610161,2
269.26,3.990288977826941,2
269.27,3.5455066797441304,2
269.28000000000003,3.624036145635275,2
269.29,4.072014232919198,2
269.3,3.6530074198179032,2
269.31,3.4869061173989904,2
269.32,3.5277223183660835,2
269.33,3.7278725088790496,2
269.34000000000003,3.8407294466458195,2
269.35,3.8678855176268905,2
269.36,3.6938121940805555,2
269.37,4.111824444184536,2
269.38,3.503056673485514,2
269.39,3.8749621413386675,2
269.4,4.4612133571995845,2
269.41,4.625043595695787,2
269.42,4.395326913268318,2
269.43,4.437527301184613,2
269.44,4.065000732631326,2
269.45,3.7876051776652404,2
269.46,3.9618253808421287,2
269.47,4.13075374570793,2
269.48,4.221962114847181,2
269.49,3.861493089109884,2
269.5,4.5412482274063715,2
269.51,4.649000396212005,2
269.52,4.550830841233961,2
269.53000000000003,4.519282894972634,2
269.54,4.294567051767157,2
269.55,4.021103753947946,2
269.56,4.719431793535327,2
269.57,4.407147909144326,2
269.58,4.179092923210714,2
269.59000000000003,4.0676703697120375,2
269.6,3.859407054407543,2
269.61,3.8767942484227795,2
269.62,3.768216797674274,2
269.63,3.7552330087419756,2
269.64,3.6884874476575686,2
269.65,3.6538406663121017,2
269.66,3.252533817075735,2
269.67,3.2389149661786028,2
269.68,3.2799650303677526,2
269.69,3.274629857772471,2
269.7,3.2733758435391156,2
269.71,3.606640074893707,2
269.72,3.5010432670759806,2
269.73,3.837764961847484,2
269.74,4.4240937295333715,2
269.75,4.197557810204042,2
269.76,4.28426555830124,2
269.77,4.324449004191056,2
269.78000000000003,4.306826162406607,2
269.79,3.8180142740753196,2
269.8,4.087772620499084,2
269.81,3.9726661622678408,2
269.82,4.3048382129055245,2
269.83,4.270004169306067,2
269.84000000000003,4.56461611087161,2
269.85,4.653560922486561,2
269.86,4.8046138798418685,2
269.87,4.901589983249247,2
269.88,4.772299253832154,2
269.89,4.592480683117381,2
269.9,4.660631948616602,2
269.91,4.792413093106054,2
269.92,4.711211530257195,2
269.93,4.860616629905512,2
269.94,4.565336313456571,2
269.95,4.581045675445008,2
269.96,4.847284160598422,2
269.97,4.834513013855767,2
269.98,4.719435403684057,2
269.99,4.904973894663649,2
270.0,5.261295373161792,2
270.01,5.304081306595072,2
270.02,4.725896202208967,2
270.03000000000003,4.435611866381657,2
270.04,4.681268948930174,2
270.05,4.478664111756809,2
270.06,4.455707892557554,2
270.07,4.264916480277334,2
270.08,4.484824380295493,2
270.09000000000003,4.586522039951521,2
270.1,4.348381213987531,2
270.11,4.556784008859826,2
270.12,4.760240685479474,2
270.13,4.854543545399957,2
270.14,4.837945643302113,2
270.15,5.803951826293677,2
270.16,5.224007418749213,2
270.17,5.0211667447172,2
270.18,4.921483849546155,2
270.19,5.18993312087929,2
270.2,4.997992760624515,2
270.21,5.223990230241187,2
270.22,4.94247242423204,2
270.23,4.982551246825271,2
270.24,5.135163687479333,2
270.25,4.852634154272212,2
270.26,4.99196616327719,2
270.27,5.305679740159449,2
270.28000000000003,5.153945330484239,2
270.29,4.766679442424492,2
270.3,4.6097880661372805,2
270.31,4.53107072559551,2
270.32,4.757631245109927,2
270.33,4.435336656965442,2
270.34000000000003,4.5814780399529695,2
270.35,4.689625818907349,2
270.36,4.7632108522134216,2
270.37,5.036733195869101,2
270.38,5.015825600005401,2
270.39,4.763440522391184,2
270.4,4.677208471535013,2
270.41,4.6294969727486155,2
270.42,4.431549982635708,2
270.43,3.9819164301819256,2
270.44,4.021241730056122,2
270.45,4.092046152290295,2
270.46,4.072336857442937,2
270.47,4.080430016314157,2
270.48,3.8194540546904086,2
270.49,3.1588740145089433,2
270.5,3.1710229318245915,2
270.51,2.875592238246057,2
270.52,3.0918375348294354,2
270.53000000000003,2.8797663946521883,2
270.54,2.9794250943508556,2
270.55,2.9980688722204554,2
270.56,2.8893718344542143,2
270.57,3.2844810548516183,2
270.58,3.03424249981869,2
270.59000000000003,2.4637911443819505,2
270.6,2.2719002811737785,2
270.61,2.877455990373755,2
270.62,2.9134914092132176,2
270.63,3.3295965030558747,2
270.64,3.39237191957825,2
270.65,3.794083098984866,2
270.66,3.581688790511248,2
270.67,3.7041887113779666,2
270.68,3.9594064674828373,2
270.69,3.6047006027727684,2
270.7,3.352566747296696,2
270.71,3.346309098105455,2
270.72,3.5468594867351775,2
270.73,3.367292171506474,2
270.74,3.7533099284751676,2
270.75,4.047977546359031,2
270.76,4.025418580492399,2
270.77,4.149386197415722,2
270.78000000000003,4.34132865917227,2
270.79,4.548614161902489,2
270.8,4.63595868885349,2
270.81,4.407314549864747,2
270.82,3.89983043185597,2
270.83,3.9549602340249566,2
270.84000000000003,4.3129188460351715,2
270.85,4.658606370278772,2
270.86,4.683073303901141,2
270.87,4.485600170068719,2
270.88,4.6984564506718565,2
270.89,4.317489358562911,2
270.9,4.110973463964963,2
270.91,3.6942972440104116,2
270.92,4.007586196688636,2
270.93,3.543218010724286,2
270.94,3.704584327087729,2
270.95,4.393115481493707,2
270.96,4.467561314796226,2
270.97,4.1462560677864255,2
270.98,4.013167743988532,2
270.99,3.584148885005904,2
271.0,3.372172754888489,2
271.01,3.23247756924125,2
271.02,3.0731320324903626,2
271.03000000000003,3.2046306002955918,2
271.04,2.4962909785680005,2
271.05,2.2945907946392317,2
271.06,2.62771783781159,2
271.07,3.3597427105592494,2
271.08,3.5458226830536237,2
271.09000000000003,3.3537204253791297,2
271.1,3.659057626930581,2
271.11,4.0030270064956675,2
271.12,3.789580988151115,2
271.13,3.566974454415055,2
271.14,4.067208829911455,2
271.15,3.7544926998345725,2
271.16,4.275700176176684,2
271.17,4.4074168760184955,2
271.18,4.730555346899567,2
271.19,4.9447064586324165,2
271.2,5.146644975632789,2
271.21,4.707530632890178,2
271.22,4.841915895208483,2
271.23,5.117386283676233,2
271.24,4.93763571778029,2
271.25,4.280595479201402,2
271.26,3.881076381481167,2
271.27,3.44619209647176,2
271.28000000000003,3.393071406185014,2
271.29,3.057221542003865,2
271.3,2.9735877842405576,2
271.31,3.649852253050132,2
271.32,3.923707935951712,2
271.33,4.1063125792780975,2
271.34000000000003,4.416881821629458,2
271.35,4.010988112208638,2
271.36,3.7427452997349686,2
271.37,3.7977311255927133,2
271.38,3.628905226126748,2
271.39,3.5607031746611146,2
271.4,3.7805287948436415,2
271.41,4.069828477093852,2
271.42,4.214874145952578,2
271.43,4.519006207762316,2
271.44,3.7128656597945096,2
271.45,4.312814164446556,2
271.46,4.512977426960383,2
271.47,4.360695160865021,2
271.48,3.9062541591728785,2
271.49,3.8658743317289423,2
271.5,3.6535486988457038,2
271.51,4.031299601590392,2
271.52,4.2206188333434564,2
271.53000000000003,4.015709705601162,2
271.54,3.6174017104556686,2
271.55,3.5854902776105915,2
271.56,3.9112892591429227,2
271.57,4.074819475831288,2
271.58,3.6697739026857823,2
271.59000000000003,3.553926642661098,2
271.6,3.87619912369058,2
271.61,3.85124762145645,2
271.62,3.8514631704632927,2
271.63,4.401686911030685,2
271.64,4.05897006188714,2
271.65,4.371475019930931,2
271.66,4.214328255947746,2
271.67,4.088913709896036,2
271.68,4.1325660729282605,2
271.69,4.209044803445096,2
271.7,4.3614892434128825,2
271.71,4.2803056014350505,2
271.72,4.443774534747557,2
271.73,4.438139529088211,2
271.74,4.238678800418838,2
271.75,3.862678682738254,2
271.76,4.055913060125892,2
271.77,4.1368726400485585,2
271.78000000000003,3.935344535575283,2
271.79,3.5403951745991544,2
271.8,3.4202788085769265,2
271.81,2.92424570331941,2
271.82,3.3081334254676977,2
271.83,3.3461056879249735,2
271.84000000000003,3.4861225709808132,2
271.85,3.4228862667011772,2
271.86,3.98222542311687,2
271.87,4.182602262342991,2
271.88,4.059343334906989,2
271.89,3.956383409053664,2
271.9,3.7836715245739994,2
271.91,3.763288465992528,2
271.92,3.8960578646223563,2
271.93,4.005377915327771,2
271.94,3.9284259464795177,2
271.95,4.34648371300538,2
271.96,3.7424028554732263,2
271.97,3.6019520256967166,2
271.98,3.8369336954342104,2
271.99,4.252102612265806,2
272.0,4.282625902537285,2
272.01,4.678531990146703,2
272.02,5.095578488710301,2
272.03000000000003,4.884981282284222,2
272.04,4.557594241380596,2
272.05,4.257231874296334,2
272.06,3.827348030333819,2
272.07,3.496500876416772,2
272.08,3.278418800478588,2
272.09000000000003,3.0201272221734197,2
272.1,3.40864422583863,2
272.11,3.3413153412190635,2
272.12,3.013810408549461,2
272.13,3.0022980829627075,2
272.14,3.173012992490121,2
272.15,3.1817267539306666,2
272.16,3.2020375932518137,2
272.17,2.7637158311092005,2
272.18,3.145188563215089,2
272.19,3.1310401525143927,2
272.2,2.849416223092873,2
272.21,2.934201194971371,2
272.22,2.9002371164605956,2
272.23,3.044913886843199,2
272.24,3.8645113542414484,2
272.25,3.6661568046913944,2
272.26,3.91075404395812,2
272.27,3.826731637019278,2
272.28000000000003,3.7336685134478644,2
272.29,4.116106438502175,2
272.3,4.1559980662759655,2
272.31,4.597228183368389,2
272.32,4.522920818145024,2
272.33,4.857543129768558,2
272.34000000000003,4.676970439328041,2
272.35,4.415137757902218,2
272.36,4.497624285182845,2
272.37,4.481360086635062,2
272.38,4.05421261698373,2
272.39,4.105195514743779,2
272.4,3.8788888467420803,2
272.41,4.122450911451141,2
272.42,3.9221241575903334,2
272.43,3.8268077807942795,2
272.44,3.553720435292171,2
272.45,3.8829336579763023,2
272.46,4.015783744106639,2
272.47,4.659163947133711,2
272.48,4.950309681251867,2
272.49,4.730246323206514,2
272.5,4.21784276047404,2
272.51,4.0182507954496085,2
272.52,3.971834213466107,2
272.53000000000003,3.464027579975281,2
272.54,3.2769706012566617,2
272.55,3.6371168177651576,2
272.56,3.43005422686751,2
272.57,3.2394350092550686,2
272.58,3.462369916335302,2
272.59000000000003,3.362646027171968,2
272.6,3.4297865372588237,2
272.61,3.5979705228836556,2
272.62,3.462933629103807,2
272.63,3.7352968775402258,2
272.64,3.9575174703451266,2
272.65,4.053890324112493,2
272.66,4.476693777409236,2
272.67,4.6781385318864865,2
272.68,4.533210831904445,2
272.69,4.263915367391329,2
272.7,4.28142943328615,2
272.71,4.233681946057582,2
272.72,4.1936652667566445,2
272.73,4.015813707449593,2
272.74,4.025859602164227,2
272.75,4.46589103790658,2
272.76,4.614459734788318,2
272.77,4.591847017976746,2
272.78000000000003,4.8834223792575475,2
272.79,5.001083347519877,2
272.8,4.808296756263547,2
272.81,4.712423893337688,2
272.82,4.8964058896611995,2
272.83,4.874582686249878,2
272.84000000000003,4.9078870551151095,2
272.85,4.461952988762212,2
272.86,4.2666194235713375,2
272.87,4.223683294466528,2
272.88,4.5219552150159465,2
272.89,5.00549880616204,2
272.9,4.6498138263380016,2
272.91,4.408876798974638,2
272.92,4.494676104510434,2
272.93,5.047812197097647,2
272.94,4.66077223600311,2
272.95,4.03858534595839,2
272.96,4.081223568847778,2
272.97,3.690885425989344,2
272.98,3.8826024860287056,2
272.99,4.115680365962748,2
273.0,4.041737182156847,2
273.01,3.9101776407272677,2
273.02,3.717319563299454,2
273.03000000000003,3.7639965015073593,2
273.04,3.4140925139393357,2
273.05,3.3421769843708753,2
273.06,3.201042964091218,2
273.07,3.3592176520088315,2
273.08,3.522022994543532,2
273.09000000000003,3.9692587977661815,2
273.1,3.6947350800232153,2
273.11,3.6273314003655317,2
273.12,3.9296689432058733,2
273.13,4.070944582376079,2
273.14,3.8767158842953235,2
273.15000000000003,3.5142557254887747,2
273.16,4.087076975407893,2
273.17,3.6271252764710358,2
273.18,3.3108209629489798,2
273.19,3.432746342709092,2
273.2,3.7617198837371757,2
273.21,3.5370722804883235,2
273.22,3.7766650203027403,2
273.23,3.513016588309649,2
273.24,3.788695735721966,2
273.25,4.040228670044391,2
273.26,3.7875112474239385,2
273.27,4.057499114592582,2
273.28000000000003,3.773825887982532,2
273.29,3.0935999149781175,2
273.3,3.142519466173437,2
273.31,3.3375494729273236,2
273.32,3.6188157090919133,2
273.33,3.9610804681895004,2
273.34000000000003,3.6703506275999143,2
273.35,3.700183857608375,2
273.36,3.6050931580686547,2
273.37,3.6409950671378226,2
273.38,4.3287799452523865,2
273.39,4.241637228531616,2
273.40000000000003,3.9397461810393777,2
273.41,3.873337106654478,2
273.42,4.125556012988203,2
273.43,4.250340868753161,2
273.44,4.520063493190628,2
273.45,4.991762093726155,2
273.46,5.4042206953120235,2
273.47,5.036371413754348,2
273.48,5.145034590326027,2
273.49,4.535047333725372,2
273.5,4.790879319297432,2
273.51,4.273107284406425,2
273.52,3.8084138790055833,2
273.53000000000003,3.7738483947677453,2
273.54,4.060292975656892,2
273.55,3.7882043599197766,2
273.56,3.659417406873072,2
273.57,3.4569167443084865,2
273.58,3.5530998470489505,2
273.59000000000003,3.8589505239582502,2
273.6,3.877965480036184,2
273.61,3.7143208015099254,2
273.62,4.1774936873873125,2
273.63,4.44824623341553,2
273.64,4.181522438368317,2
273.65000000000003,3.910249899449852,2
273.66,3.8041624677584656,2
273.67,4.101499520941678,2
273.68,3.357231951758372,2
273.69,3.7925358548067583,2
273.7,3.7118482787402067,2
273.71,3.393784888940196,2
273.72,3.494587385426665,2
273.73,3.624824260481651,2
273.74,3.9090780465875823,2
273.75,4.243051539374542,2
273.76,4.316751763028348,2
273.77,4.42838413495483,2
273.78000000000003,4.403763015096125,2
273.79,4.551814136775165,2
273.8,4.3236968753003815,2
273.81,4.180288762660641,2
273.82,3.7182410746241197,2
273.83,4.2142396712671575,2
273.84000000000003,4.013954111744128,2
273.85,4.317280551440418,2
273.86,4.642194114665648,2
273.87,4.140065566566954,2
273.88,4.164736640852425,2
273.89,4.3342522651631645,2
273.90000000000003,4.144600731456124,2
273.91,3.7427386750454374,2
273.92,4.188800002971505,2
273.93,4.353576340895505,2
273.94,4.329929222390754,2
273.95,4.000560696639345,2
273.96,3.712973714415339,2
273.97,3.789104136156405,2
273.98,3.678387873257098,2
273.99,3.772630544162758,2
274.0,3.9010353977943044,2
274.01,3.783079981796794,2
274.02,4.2846039931945725,2
274.03000000000003,4.04217007837869,2
274.04,3.7690943350046364,2
274.05,3.911130947939605,2
274.06,4.056480275869758,2
274.07,3.7670729584744493,2
274.08,3.693122449255231,2
274.09000000000003,3.2873682179300316,2
274.1,3.1985402944140686,2
274.11,3.5061669247339333,2
274.12,3.188945235171801,2
274.13,2.9608286288533954,2
274.14,2.829879108603329,2
274.15000000000003,3.270101480229382,2
274.16,3.626293660593858,2
274.17,3.069380433917562,2
274.18,2.656177183624396,2
274.19,2.8156007158538627,2
274.2,2.4785009124756545,2
274.21,2.9726568520617214,2
274.22,2.452240432645158,2
274.23,2.393983015194072,2
274.24,2.6134795204103556,2
274.25,3.169614213008274,2
274.26,3.251455296617496,2
274.27,3.4159735695726856,2
274.28000000000003,3.524661717530498,2
274.29,3.838706893163469,2
274.3,3.942059624063288,2
274.31,4.156875520802355,2
274.32,4.355813632979785,2
274.33,4.628941688617504,2
274.34000000000003,3.9502744911092265,2
274.35,3.524239054557567,2
274.36,3.7635275628800384,2
274.37,4.3435354389882015,2
274.38,4.401325775306327,2
274.39,4.2881561910782935,2
274.40000000000003,4.538523010962752,2
274.41,4.859073952790388,2
274.42,4.963998284704422,2
274.43,4.857501314366015,2
274.44,4.785770659184361,2
274.45,4.78172424769223,2
274.46,5.07905138469009,2
274.47,5.09036390870789,2
274.48,5.1042569911281035,2
274.49,5.264640003838257,2
274.5,5.124160854812135,2
274.51,5.084759907108434,2
274.52,5.532932232581994,2
274.53000000000003,5.199505874507516,2
274.54,4.917987384538191,2
274.55,4.5827590563567435,2
274.56,4.613936389429763,2
274.57,4.658946582024827,2
274.58,4.049948281770913,2
274.59000000000003,4.31813721048401,2
274.6,3.9797558595521068,2
274.61,4.10932220015439,2
274.62,4.1344450564707085,2
274.63,3.318197132317972,2
274.64,2.715721849804073,2
274.65000000000003,2.52637041318367,2
274.66,3.007471800696668,2
274.67,2.5758121679742647,2
274.68,3.0332649090760344,2
274.69,2.629520404956601,2
274.7,2.1472563665760895,2
274.71,2.416587717823232,2
274.72,2.5650891030202185,2
274.73,2.21001027758156,2
274.74,2.048444764690353,2
274.75,2.330027305503411,2
274.76,2.391888430358624,2
274.77,2.7285557951716264,2
274.78000000000003,2.760426089643922,2
274.79,3.1640370658339823,2
274.8,2.922752373951751,2
274.81,3.196958048678973,2
274.82,2.918029202616694,2
274.83,3.113372616323169,2
274.84000000000003,3.38324448916971,2
274.85,3.143769046553763,2
274.86,3.3364917923580917,2
274.87,3.5625597182496773,2
274.88,3.7479005246173185,2
274.89,3.5616305835161346,2
274.90000000000003,3.5024388242705116,2
274.91,4.036454229451947,2
274.92,3.7821044423347723,2
274.93,3.8436260532329865,2
274.94,3.800724544365437,2
274.95,3.916298025430287,2
274.96,4.322583497555442,2
274.97,4.122702830511179,2
274.98,4.213928425105998,2
274.99,4.393350170447665,2
275.0,4.2600569516186715,2
275.01,3.993579425067511,2
275.02,4.022791492297909,2
275.03000000000003,4.026978682458323,2
275.04,3.560215166404574,2
275.05,3.381346580744254,2
275.06,3.6489297841097423,2
275.07,3.5564019111141074,2
275.08,3.731505707374801,2
275.09000000000003,3.4607181571372565,2
275.1,3.550168319767559,2
275.11,3.6301692002179684,2
275.12,3.751909076238629,2
275.13,3.6698489600632884,2
275.14,3.7478600120224175,2
275.15000000000003,4.310037060841625,2
275.16,4.397877219291278,2
275.17,4.775235398345947,2
275.18,4.648697471643063,2
275.19,3.849849626533018,2
275.2,4.077753942684597,2
275.21,4.626795798002556,2
275.22,4.603224385248163,2
275.23,4.381204278186303,2
275.24,4.368280393705735,2
275.25,4.661935141154297,2
275.26,4.634395673119333,2
275.27,4.379733747242761,2
275.28000000000003,4.062093249408432,2
275.29,4.258337082457423,2
275.3,5.1197658380410935,2
275.31,4.67635410409223,2
275.32,4.786176148487265,2
275.33,4.902416820170251,2
275.34000000000003,4.49447996926947,2
275.35,4.6732700748813025,2
275.36,5.182788237856114,2
275.37,5.335134059195036,2
275.38,5.097779133325066,2
275.39,4.602254685442865,2
275.40000000000003,4.6689066031116075,2
275.41,4.560828495191908,2
275.42,4.691044099127111,2
275.43,4.537102558781778,2
275.44,4.224252463850407,2
275.45,4.222413213842078,2
275.46,4.530160150185528,2
275.47,4.707677465349742,2
275.48,4.557116863527504,2
275.49,4.167316207996661,2
275.5,4.068363222004322,2
275.51,3.9719735559494613,2
275.52,3.9604699287433114,2
275.53000000000003,4.525300030963559,2
275.54,4.3848904275940415,2
275.55,4.383870900928438,2
275.56,4.565701919906715,2
275.57,4.652807029731399,2
275.58,5.002791680569055,2
275.59000000000003,4.748474442463754,2
275.6,4.485826661593308,2
275.61,4.333047242795773,2
275.62,4.036309806047692,2
275.63,4.048073833868249,2
275.64,4.087540091874605,2
275.65000000000003,3.984465927926473,2
275.66,4.140996354824661,2
275.67,4.290032586307229,2
275.68,4.054170005992453,2
275.69,4.2115436222666816,2
275.7,3.8635313292280378,2
275.71,3.614346087705497,2
275.72,4.058301851306359,2
275.73,3.988078849100873,2
275.74,3.931925537741733,2
275.75,4.41103086770401,2
275.76,4.419619983861182,2
275.77,4.304330541968888,2
275.78000000000003,4.019011856659317,2
275.79,4.148954667691602,2
275.8,4.544738312718112,2
275.81,4.471247592370475,2
275.82,4.789247009848117,2
275.83,4.669227382579959,2
275.84000000000003,4.388314292949846,2
275.85,4.211794100638641,2
275.86,3.9795694106366564,2
275.87,4.3718614910690885,2
275.88,4.655162848040533,2
275.89,4.70010286125913,2
275.90000000000003,3.9583699642789822,2
275.91,4.38123878517937,2
275.92,4.235056644908725,2
275.93,4.035348454641476,2
275.94,3.937459642470955,2
275.95,3.955011905974376,2
275.96,4.081458321801934,2
275.97,4.381491501254136,2
275.98,4.4930264121548396,2
275.99,4.451890711846187,2
276.0,4.301392348914468,2
276.01,4.022488467612577,2
276.02,4.1279130345778485,2
276.03000000000003,4.265174696868212,2
276.04,4.022307324019829,2
276.05,3.7214097974040956,2
276.06,3.9712990324009096,2
276.07,3.854616183356664,2
276.08,3.5382967296218744,2
276.09000000000003,3.316233542155642,2
276.1,3.5308677707619616,2
276.11,4.023063210165045,2
276.12,4.308503786419361,2
276.13,3.7455254591398317,2
276.14,3.7437110045616127,2
276.15000000000003,4.0005373089933025,2
276.16,3.58235864660879,2
276.17,4.082782102011232,2
276.18,3.56408454005076,2
276.19,3.7790423915445963,2
276.2,3.7018270494374255,2
276.21,3.7934845253845775,2
276.22,3.8384570144140637,2
276.23,3.606600575730823,2
276.24,3.7977440929539346,2
276.25,3.7537373664552605,2
276.26,3.9435802675295624,2
276.27,3.7649440844549953,2
276.28000000000003,3.719298948515197,2
276.29,3.9050711525775665,2
276.3,3.7096717861464454,2
276.31,4.070588962427262,2
276.32,4.147200388541847,2
276.33,4.694286077075597,2
276.34000000000003,4.578373941611529,2
276.35,4.59793237920763,2
276.36,4.474241169577196,2
276.37,4.428426859352365,2
276.38,4.542991668599731,2
276.39,4.947233436005676,2
276.40000000000003,5.257951615955981,2
276.41,5.353447358193969,2
276.42,4.915676205492414,2
276.43,4.71970341438661,2
276.44,4.813329483441498,2
276.45,4.506492260257968,2
276.46,4.451174746198796,2
276.47,4.4515309394995395,2
276.48,4.922139373318203,2
276.49,4.785385674600001,2
276.5,4.2611082951726775,2
276.51,4.453343395569258,2
276.52,4.704053963466165,2
276.53000000000003,5.279247839651208,2
276.54,5.026605355436253,2
276.55,4.534986655761847,2
276.56,4.5813916553687015,2
276.57,4.6718162253730044,2
276.58,4.768512254290357,2
276.59000000000003,4.577347350503929,2
276.6,4.6409521714047814,2
276.61,4.607073438734866,2
276.62,4.38679780279373,2
276.63,4.0373343590194155,2
276.64,3.9419266553582553,2
276.65000000000003,3.928606545643295,2
276.66,4.13034598290761,2
276.67,4.10838735528317,2
276.68,3.952470734846445,2
276.69,4.109321571697952,2
276.7,4.077832902121367,2
276.71,3.8731675244452806,2
276.72,3.98239295455717,2
276.73,4.173451652308713,2
276.74,4.130875904857304,2
276.75,4.585267958225801,2
276.76,4.876814395637391,2
276.77,4.936846369953705,2
276.78000000000003,4.739755011783652,2
276.79,4.150092315307656,2
276.8,3.7904076896746655,2
276.81,4.063588602859926,2
276.82,3.795496005037023,2
276.83,3.9321416319684044,2
276.84000000000003,3.6856597154281863,2
276.85,3.665861316845563,2
276.86,3.5631645277023614,2
276.87,3.8438233785927745,2
276.88,4.116285847586265,2
276.89,3.6464548907125183,2
276.90000000000003,4.064151527956616,2
276.91,3.9835779224209644,2
276.92,4.2928724445176565,2
276.93,4.636270957197537,2
276.94,4.412917230325093,2
276.95,4.8306294254871345,2
276.96,4.240848929957528,2
276.97,3.9233174802972033,2
276.98,3.8124630536309376,2
276.99,3.5385392721089852,2
277.0,3.1748630996344946,2
277.01,3.5481077455101495,2
277.02,3.466536317388393,2
277.03000000000003,3.5420872346811336,2
277.04,3.779558406583035,2
277.05,4.110559231045284,2
277.06,4.539099106043917,2
277.07,4.237870303697186,2
277.08,4.652459240566877,2
277.09000000000003,4.633023258337373,2
277.1,4.6173971468869475,2
277.11,4.47673663403592,2
277.12,4.516558879726812,2
277.13,4.9022778760985934,2
277.14,4.998335680370983,2
277.15000000000003,5.209831001428055,2
277.16,4.842340755584856,2
277.17,4.635686287238716,2
277.18,4.5955165505099265,2
277.19,4.6788548000874055,2
277.2,4.708924559696283,2
277.21,5.147415204114658,2
277.22,4.844016284550909,2
277.23,4.891750541269815,2
277.24,4.946877877231902,2
277.25,4.7386208742910725,2
277.26,4.646347011581189,2
277.27,4.39384535894215,2
277.28000000000003,4.438184037594116,2
277.29,4.02079169679405,2
277.3,4.497977736868489,2
277.31,4.379049170726122,2
277.32,4.139012342676132,2
277.33,3.632851442338012,2
277.34000000000003,3.569157215534704,2
277.35,3.545099742006456,2
277.36,3.6772141677079975,2
277.37,3.6500929734598486,2
277.38,4.505720101301696,2
277.39,4.095252540637736,2
277.40000000000003,4.259692032389338,2
277.41,4.348746862550896,2
277.42,3.9320129567111852,2
277.43,3.846552188095648,2
277.44,4.527463403633791,2
277.45,4.326462217447016,2
277.46,4.866311697403631,2
277.47,4.748326549324176,2
277.48,4.682696569450446,2
277.49,4.508295732276926,2
277.5,4.176189490382974,2
277.51,3.814688447031785,2
277.52,3.6613411537201275,2
277.53000000000003,3.9084451101648803,2
277.54,4.0709454502870095,2
277.55,3.958821956271432,2
277.56,4.495393256577309,2
277.57,4.207013451398577,2
277.58,4.316003101044402,2
277.59000000000003,3.9137469688831596,2
277.6,4.0079441716171695,2
277.61,4.153074169662835,2
277.62,4.082065954535222,2
277.63,4.086529297003332,2
277.64,3.9427982974340026,2
277.65000000000003,4.212165095125191,2
277.66,4.438859897677315,2
277.67,4.519162338829728,2
277.68,4.665667233993481,2
277.69,4.755731672230075,2
277.7,4.563856553041701,2
277.71,4.608318541741552,2
277.72,4.7610743521736945,2
277.73,4.627053958973101,2
277.74,4.725858792399685,2
277.75,4.278831030473893,2
277.76,3.915153244046099,2
277.77,3.9471641374572135,2
277.78000000000003,3.8639202884382904,2
277.79,4.189346564654157,2
277.8,4.1181887422297025,2
277.81,4.431808867918924,2
277.82,4.381214486992691,2
277.83,4.442564820654522,2
277.84000000000003,4.278972622347659,2
277.85,4.216997496226064,2
277.86,3.9883575812249257,2
277.87,3.6891327850738587,2
277.88,3.98373233644564,2
277.89,4.289954887367084,2
277.90000000000003,4.524710937118277,2
277.91,4.786314049375496,2
277.92,4.768889181955943,2
277.93,4.5674593657065055,2
277.94,4.312674878717762,2
277.95,3.784074153049613,2
277.96,3.9574261267696342,2
277.97,3.9979916071453467,2
277.98,4.105095113217546,2
277.99,4.265205941258133,2
278.0,4.631776472131044,2
278.01,4.4755467891178125,2
278.02,4.563307616271164,2
278.03000000000003,4.366147702892079,2
278.04,3.846269159067269,2
278.05,3.8114849584487103,2
278.06,4.24402257668101,2
278.07,4.167563388270013,2
278.08,3.899323774922047,2
278.09000000000003,4.01842829436484,2
278.1,4.268747739644248,2
278.11,4.386832436994699,2
278.12,4.732161933467728,2
278.13,4.39390793636144,2
278.14,4.748074266570453,2
278.15000000000003,4.091598186638055,2
278.16,3.507130948517721,2
278.17,3.141904710196885,2
278.18,3.3637678132899778,2
278.19,2.999898488699006,2
278.2,2.919054160290878,2
278.21,2.907179665512424,2
278.22,3.22792041076545,2
278.23,3.6672626536037556,2
278.24,3.956120111066684,2
278.25,3.555126441098845,2
278.26,3.650238555533406,2
278.27,3.580245839271523,2
278.28000000000003,3.5758371828014583,2
278.29,3.599635923272201,2
278.3,3.5081656636940197,2
278.31,3.3517232743729606,2
278.32,3.2895335142657673,2
278.33,3.1647051698590642,2
278.34000000000003,3.536170887194068,2
278.35,3.5644303653722744,2
278.36,3.894233639519281,2
278.37,4.214479516324934,2
278.38,4.58563507292827,2
278.39,4.170688691219592,2
278.40000000000003,4.2280669148221,2
278.41,3.853609614946348,2
278.42,4.388700005180056,2
278.43,4.516672535492068,2
278.44,4.331996533422773,2
278.45,4.209487498110149,2
278.46,4.426348911339773,2
278.47,4.2793469180090025,2
278.48,3.866884298871179,2
278.49,4.007606105190068,2
278.5,4.356165071422387,2
278.51,4.299828480500066,2
278.52,4.482380470397178,2
278.53000000000003,4.266546354834331,2
278.54,4.2755577494470325,2
278.55,4.276293642632685,2
278.56,4.14941605480897,2
278.57,3.8668556451817517,2
278.58,3.673439176801359,2
278.59000000000003,3.5119617623440282,2
278.6,3.4305543258914524,2
278.61,3.4487518831311927,2
278.62,3.544809969758717,2
278.63,3.6308201196775856,2
278.64,3.638685848983424,2
278.65000000000003,3.679015499373784,2
278.66,3.4684088521828857,2
278.67,3.5756847149937063,2
278.68,3.1744149661402647,2
278.69,2.9704008003684934,2
278.7,2.7785610561330323,2
278.71,2.738911128513396,2
278.72,2.9469717956050725,2
278.73,3.1016968298790126,2
278.74,3.268941597319402,2
278.75,3.5712445898246217,2
278.76,3.665271038187031,2
278.77,3.41344625822264,2
278.78000000000003,3.480540958426787,2
278.79,3.268129233097918,2
278.8,3.246477811521625,2
278.81,3.434577938119307,2
278.82,3.4432595153326426,2
278.83,3.681054380010116,2
278.84000000000003,3.7153134654498996,2
278.85,3.314749706215415,2
278.86,3.271432374385031,2
278.87,3.524296231094941,2
278.88,3.7012112918434186,2
278.89,3.4274711560299957,2
278.90000000000003,3.354300144365159,2
278.91,3.477453780131252,2
278.92,3.3817606608197393,2
278.93,3.34750037914336,2
278.94,3.483258027027101,2
278.95,4.054176568094676,2
278.96,4.136585687583862,2
278.97,4.31932207260684,2
278.98,4.03607455767024,2
278.99,3.6797463587926225,2
279.0,3.4637385463749784,2
279.01,3.467647355172265,2
279.02,3.5851539085166664,2
279.03000000000003,3.762765128369266,2
279.04,4.039034062340212,2
279.05,4.391449848897515,2
279.06,3.7630268429447282,2
279.07,3.508786111401746,2
279.08,4.029186799267957,2
279.09000000000003,4.125174464399481,2
279.1,4.082402791753667,2
279.11,3.4428247494058475,2
279.12,3.1315368848787655,2
279.13,3.4690543086963896,2
279.14,3.3894267361113783,2
279.15000000000003,3.6048316419960615,2
279.16,3.5308809766133016,2
279.17,4.1959971157303775,2
279.18,4.16391207385024,2
279.19,3.7253794195300367,2
279.2,3.91728560607982,2
279.21,3.9467608695573957,2
279.22,3.7756922624096823,2
279.23,3.8549412262244784,2
279.24,4.1658210245201115,2
279.25,4.081377033104225,2
279.26,3.8026609227464196,2
279.27,3.881012079290086,2
279.28000000000003,3.711008841235622,2
279.29,3.8327364380912656,2
279.3,4.208439723374479,2
279.31,3.863972606040098,2
279.32,3.354544010334176,2
279.33,4.068644841196885,2
279.34000000000003,4.099439991790838,2
279.35,3.7363365379194757,2
279.36,3.478997141462525,2
279.37,3.3965614563463684,2
279.38,3.542492495536757,2
279.39,2.903524733723824,2
279.40000000000003,3.2111420479066957,2
279.41,3.0953607413889555,2
279.42,3.6060647240425663,2
279.43,3.754853000867247,2
279.44,4.032779823917863,2
279.45,3.963178724798769,2
279.46,4.036351462772526,2
279.47,4.42492101160638,2
279.48,4.1409889983054535,2
279.49,4.252151349939888,2
279.5,4.378786774242772,2
279.51,4.726931709326426,2
279.52,4.4726669686423515,2
279.53000000000003,4.185023405447166,2
279.54,4.503455600513921,2
279.55,4.389341519495539,2
279.56,7.2665607611241825,2
279.57,5.214119426128767,2
279.58,3.5586234148732103,2
279.59000000000003,3.5948607651114615,2
279.6,2.819096154181303,2
279.61,3.0125108778208323,2
279.62,2.674411691548016,2
279.63,3.166416510634323,2
279.64,3.0498280512509415,2
279.65000000000003,2.9102301246708335,2
279.66,3.0311290996825493,2
279.67,3.2394767286375226,2
279.68,3.3255531527959974,2
279.69,2.9336767872144596,2
279.7,3.0736106436255444,2
279.71,3.1438961675052237,2
279.72,3.196344981929017,2
279.73,3.440734116461951,2
279.74,3.277522931152275,2
279.75,3.0288531577017377,2
279.76,3.300159845817216,2
279.77,2.817919074685454,2
279.78000000000003,3.0163278299148817,2
279.79,2.7712429821825344,2
279.8,3.291458212853937,2
279.81,2.950054734506571,2
279.82,2.6488537179815754,2
279.83,3.444064319429302,2
279.84000000000003,3.8573986173847388,2
279.85,3.6430390997046778,2
279.86,3.3284700794081687,2
279.87,3.1331465089482826,2
279.88,3.3218977430164767,2
279.89,3.4702715180616766,2
279.90000000000003,3.4102258431273733,2
279.91,3.9553108971783444,2
279.92,3.7370639677611956,2
279.93,3.227765518777912,2
279.94,4.061391254502883,2
279.95,4.314437959478923,2
279.96,4.224905710031567,2
279.97,4.261509642003729,2
279.98,4.269572765126865,2
279.99,3.782829676930276,2
280.0,3.7997990141761173,2
280.01,3.942258861087163,2
280.02,4.056660928478032,2
280.03000000000003,3.375553147261986,2
280.04,3.491315232044996,2
280.05,3.6739047689511932,2
280.06,3.6921668039472,2
280.07,3.378828779525051,2
280.08,3.8124814817758854,2
280.09000000000003,3.8217511302333955,2
280.1,3.7789820705463724,2
280.11,3.7569117351805295,2
280.12,3.366041090595577,2
280.13,3.983372564344839,2
280.14,4.305093734843817,2
280.15000000000003,4.079054981171308,2
280.16,3.52608159451691,2
280.17,3.7227738201265903,2
280.18,3.962501114688948,2
280.19,3.9847734057850572,2
280.2,3.891082591454637,2
280.21,3.429933931495823,2
280.22,3.6565216018424116,2
280.23,3.2141051138510015,2
280.24,3.3708297558105413,2
280.25,3.6396285852933214,2
280.26,3.588476317438767,2
280.27,3.557781599273617,2
280.28000000000003,2.887665742135964,2
280.29,2.7362142225881523,2
280.3,2.727004034874404,2
280.31,2.3967917819898443,2
280.32,2.9206013772174324,2
280.33,2.8084397181806664,2
280.34000000000003,2.79579568322588,2
280.35,3.4215227767653333,2
280.36,3.7688053420689895,2
280.37,4.2900867219424095,2
280.38,4.6224135432744555,2
280.39,4.756659650660532,2
280.40000000000003,4.453681258884217,2
280.41,3.990965478902267,2
280.42,4.217872394032864,2
280.43,4.041566954790345,2
280.44,3.37239058622494,2
280.45,3.5589668155886836,2
280.46,3.6687420255136276,2
280.47,3.3330954487179856,2
280.48,3.7954613197174276,2
280.49,3.569239343957052,2
280.5,4.243546253055496,2
280.51,4.59153690378967,2
280.52,4.818736839320835,2
280.53000000000003,4.564822964084422,2
280.54,4.557408698284794,2
280.55,4.577730094099089,2
280.56,4.437791598517005,2
280.57,4.398616349154843,2
280.58,4.849696716922856,2
280.59000000000003,4.56678601256156,2
280.6,4.639566465693231,2
280.61,4.415738742547155,2
280.62,3.928188830132215,2
280.63,4.2360830867352615,2
280.64,4.326982698655893,2
280.65000000000003,4.573136704222865,2
280.66,4.244468586403529,2
280.67,4.043842895895242,2
280.68,4.151190260686988,2
280.69,4.355167467026924,2
280.7,4.657720472047966,2
280.71,4.563379673296201,2
280.72,4.649720649212133,2
280.73,5.0912088687832755,2
280.74,4.873616234998265,2
280.75,4.86598654079778,2
280.76,4.73813850763144,2
280.77,4.7238519583833956,2
280.78000000000003,5.04414973225146,2
280.79,4.77112895166227,2
280.8,4.455320189735924,2
280.81,4.658081475776215,2
280.82,5.020018926989399,2
280.83,4.504990065126263,2
280.84000000000003,4.358633094000329,2
280.85,4.411968610177628,2
280.86,4.383403333975157,2
280.87,4.384546355830217,2
280.88,4.3653808660059195,2
280.89,4.1208164662528555,2
280.90000000000003,3.3829962518408125,2
280.91,3.4373777639576053,2
280.92,3.4291923492489227,2
280.93,3.062760720464536,2
280.94,2.963889461470041,2
280.95,3.3199261654981194,2
280.96,3.332296689489058,2
280.97,3.451989428865207,2
280.98,3.2036262980578485,2
280.99,3.451421539799818,2
281.0,4.136498269076893,2
281.01,4.27116221799248,2
281.02,4.368170548357295,2
281.03000000000003,4.40263993071377,2
281.04,4.175350528058431,2
281.05,4.429766731330819,2
281.06,4.352284067352045,2
281.07,4.805405363712578,2
281.08,5.231070463953191,2
281.09000000000003,4.955542498611285,2
281.1,5.077075611066514,2
281.11,4.8028359070207856,2
281.12,5.052167161586902,2
281.13,4.697286316030997,2
281.14,4.694660447395759,2
281.15000000000003,4.772294428507548,2
281.16,4.913287194921332,2
281.17,4.53251508606683,2
281.18,4.60855288492534,2
281.19,4.608637660645932,2
281.2,4.226292238809847,2
281.21,4.531324234422395,2
281.22,4.933443215851816,2
281.23,4.85707757500589,2
281.24,4.7337080869497195,2
281.25,4.556264892835904,2
281.26,5.2184826531343855,2
281.27,5.362675705408817,2
281.28000000000003,5.023831099811884,2
281.29,4.470407544704694,2
281.3,4.302435724363772,2
281.31,4.1531329269993496,2
281.32,4.210155950801803,2
281.33,4.201753405277708,2
281.34000000000003,4.505883263726094,2
281.35,3.68792690943115,2
281.36,3.871487650557014,2
281.37,4.137596183356953,2
281.38,3.6147151252142815,2
281.39,3.407460171029391,2
281.40000000000003,3.329605033450775,2
281.41,3.5401071641247635,2
281.42,3.4689287671356297,2
281.43,3.512310391144251,2
281.44,3.3376977625421422,2
281.45,3.4219673589730024,2
281.46,3.300878727220886,2
281.47,3.1221224745509395,2
281.48,3.2497487978074506,2
281.49,3.5696180620313105,2
281.5,3.6869591824288688,2
281.51,3.654467708176991,2
281.52,3.9748772681218325,2
281.53000000000003,3.8474808473690763,2
281.54,3.840129103888586,2
281.55,4.187618740439487,2
281.56,4.046849630799694,2
281.57,3.888897724000448,2
281.58,4.110695712475648,2
281.59000000000003,3.816825167034115,2
281.6,4.175556999227191,2
281.61,3.6090352917197426,2
281.62,3.6692895525926206,2
281.63,3.5179023047420612,2
281.64,3.662325772088715,2
281.65000000000003,4.110944357461507,2
281.66,3.771986908486699,2
281.67,3.3967433258769018,2
281.68,3.782976622344012,2
281.69,3.7394112805931106,2
281.7,3.7420408978649093,2
281.71,3.692489413942857,2
281.72,3.620505219216725,2
281.73,3.399954350122905,2
281.74,3.391238560642199,2
281.75,3.2133009191405826,2
281.76,3.5756442467423497,2
281.77,3.461391850042385,2
281.78000000000003,3.8866675078734176,2
281.79,4.087551998278267,2
281.8,3.794900697118565,2
281.81,3.514133068541831,2
281.82,3.5002240687567707,2
281.83,3.3426942237263937,2
281.84000000000003,3.198962731234862,2
281.85,3.517006923523412,2
281.86,3.643057778736409,2
281.87,4.027323459750362,2
281.88,3.7208874016276097,2
281.89,3.229461421239289,2
281.90000000000003,3.0995149201448275,2
281.91,3.4946646829290877,2
281.92,3.3675310043716356,2
281.93,3.8945112599155336,2
281.94,3.75398737846678,2
281.95,3.9441017331614296,2
281.96,3.942360948232123,2
281.97,3.392761650535062,2
281.98,3.266472915058648,2
281.99,3.475801211642896,2
282.0,3.5148540494682408,2
282.01,3.4393354644053837,2
282.02,3.447598233032117,2
282.03000000000003,3.545501922216026,2
282.04,2.8197906993293103,2
282.05,2.7797033846664867,2
282.06,2.6725377674601485,2
282.07,3.001336805426081,2
282.08,3.3159306677923643,2
282.09000000000003,3.4324510603662444,2
282.1,3.5213207810421525,2
282.11,2.9990727586132535,2
282.12,2.8416967997996325,2
282.13,2.8573875060924734,2
282.14,2.940680814125058,2
282.15000000000003,3.045160928506478,2
282.16,2.58864687135287,2
282.17,3.0060613065721635,2
282.18,2.8155151821883466,2
282.19,2.291685634797862,2
282.2,2.6845038730824307,2
282.21,2.5575296349429384,2
282.22,2.897879950644892,2
282.23,2.5140592257777525,2
282.24,2.547885360000687,2
282.25,2.4199793339864506,2
282.26,2.6892836539953264,2
282.27,2.5680715609575877,2
282.28000000000003,2.8226319538388105,2
282.29,2.8204316343620888,2
282.3,2.7520782658079446,2
282.31,3.1316699813416617,2
282.32,3.7720203774900556,2
282.33,3.6914234478841923,2
282.34000000000003,3.503114119953735,2
282.35,3.5134846414247423,2
282.36,3.592665942230704,2
282.37,3.1250917588610276,2
282.38,2.9252098956808914,2
282.39,2.605964351964396,2
282.40000000000003,2.418909619228355,2
282.41,2.9884925665584503,2
282.42,2.4417646716727948,2
282.43,2.703149204366737,2
282.44,2.7279103363538324,2
282.45,2.9240991119515254,2
282.46,2.7006182818290707,2
282.47,2.7001760209807544,2
282.48,3.1768738828234224,2
282.49,3.1304442349626895,2
282.5,3.6168670520755626,2
282.51,2.883060810321728,2
282.52,3.147497520002862,2
282.53000000000003,3.2445952568357375,2
282.54,2.912642260109021,2
282.55,3.2808965454715775,2
282.56,3.1406652747948085,2
282.57,3.292149791679851,2
282.58,3.083320420752333,2
282.59000000000003,3.0304408173815847,2
282.6,3.3272838890455887,2
282.61,4.0610501588796675,2
282.62,3.800563252969283,2
282.63,4.174507329798128,2
282.64,4.536717971864515,2
282.65000000000003,4.663728041667018,2
282.66,4.814761193663317,2
282.67,4.53290118161194,2
282.68,4.204940570911106,2
282.69,4.050434110097113,2
282.7,4.120953032319938,2
282.71,4.02347542527684,2
282.72,3.8094852445210945,2
282.73,3.629441168799919,2
282.74,3.5803424656352942,2
282.75,3.8660215492783183,2
282.76,3.573760762084311,2
282.77,3.7767755859945877,2
282.78000000000003,3.9478596800189507,2
282.79,3.8050389285394406,2
282.8,3.908379312521655,2
282.81,4.253667252398656,2
282.82,4.136440500844419,2
282.83,3.9039796433494227,2
282.84000000000003,3.6409496944579063,2
282.85,3.4374423500864175,2
282.86,3.717756350386467,2
282.87,3.729795800940769,2
282.88,3.3028996891596587,2
282.89,3.7281207019923954,2
282.90000000000003,3.7041366160705946,2
282.91,3.8697479671162043,2
282.92,4.053208119031522,2
282.93,3.8115455904641555,2
282.94,3.481758975592403,2
282.95,3.259632585457031,2
282.96,3.2783957537958828,2
282.97,3.474527813945896,2
282.98,4.055031937419206,2
282.99,4.3038896348322915,2
283.0,3.716822997623572,2
283.01,3.701931921137269,2
283.02,3.087259090033725,2
283.03000000000003,3.4506684244187444,2
283.04,3.4491658405852417,2
283.05,3.5142527306167866,2
283.06,3.4958887250133435,2
283.07,3.5677038149227096,2
283.08,3.4166726831747276,2
283.09000000000003,3.5028277221795787,2
283.1,3.283343756926272,2
283.11,3.437447809852773,2
283.12,3.570354529881831,2
283.13,3.7488631618683304,2
283.14,3.7459216598882175,2
283.15000000000003,4.065729082109795,2
283.16,4.574402111870212,2
283.17,4.082322985674305,2
283.18,3.715159865965146,2
283.19,3.6952143356903653,2
283.2,3.597639809892524,2
283.21,3.7724527229687532,2
283.22,3.929910944552217,2
283.23,4.021851919295575,2
283.24,3.54938724018133,2
283.25,3.650048429065325,2
283.26,4.20974262298078,2
283.27,4.335069887136719,2
283.28000000000003,4.282729895843898,2
283.29,4.429585004485884,2
283.3,4.141594541829881,2
283.31,4.245728927921582,2
283.32,4.215169953993366,2
283.33,3.869608131565363,2
283.34000000000003,3.952251602358944,2
283.35,3.9694894521876467,2
283.36,4.2012873988214166,2
283.37,4.218858072987247,2
283.38,4.255446861433397,2
283.39,4.272016587552949,2
283.40000000000003,4.282694152221657,2
283.41,4.5772367956931275,2
283.42,4.722420446921298,2
283.43,4.384416867672585,2
283.44,4.310391353604428,2
283.45,3.8803610527193024,2
283.46,4.314820138254824,2
283.47,4.085963524731461,2
283.48,3.8618655975864975,2
283.49,4.392883049727498,2
283.5,4.1847083361124096,2
283.51,3.8971054724431333,2
283.52,4.093983651494746,2
283.53000000000003,4.082072072227332,2
283.54,3.8205267918652615,2
283.55,3.933869040097468,2
283.56,4.118180639120859,2
283.57,4.350917801629723,2
283.58,4.387794584908007,2
283.59000000000003,4.600399571046443,2
283.6,4.780257445167691,2
283.61,4.5710506860426525,2
283.62,4.997752051357958,2
283.63,5.082442064852588,2
283.64,5.36935823829784,2
283.65000000000003,5.19317695927784,2
283.66,5.313791695979118,2
283.67,5.259580151236878,2
283.68,5.408458217669835,2
283.69,5.148915051844013,2
283.7,4.876527080388212,2
283.71,5.138110425791527,2
283.72,5.093136494696306,2
283.73,5.262218857967216,2
283.74,4.736111641928235,2
283.75,4.434215763617151,2
283.76,4.242647203101777,2
283.77,4.586138983666764,2
283.78000000000003,4.884451075698389,2
283.79,4.820819495197969,2
283.8,4.875015230958601,2
283.81,4.83518800433539,2
283.82,4.469081616272511,2
283.83,4.439072110112277,2
283.84000000000003,4.139227517785757,2
283.85,4.0173544491949205,2
283.86,3.9520075852281895,2
283.87,4.424515385542483,2
283.88,4.426774481630706,2
283.89,4.268687996094134,2
283.90000000000003,4.415702627382195,2
283.91,4.186932208103127,2
283.92,4.921172418316327,2
283.93,4.950920590415169,2
283.94,4.155311412800408,2
283.95,3.911932702744556,2
283.96,4.431088345806378,2
283.97,4.429946995914942,2
283.98,4.252945345065409,2
283.99,4.342569612695539,2
284.0,3.8579793370154656,2
284.01,3.5968666913238088,2
284.02,3.2384314894239266,2
284.03000000000003,3.2103731882798194,2
284.04,3.745284311943994,2
284.05,3.9400412432532033,2
284.06,4.081695778835048,2
284.07,3.886547142294418,2
284.08,4.118809361735641,2
284.09000000000003,3.8870261212236774,2
284.1,3.8403994562046253,2
284.11,4.070161795195656,2
284.12,4.0401671904786305,2
284.13,4.295303776218529,2
284.14,4.208962297257405,2
284.15000000000003,4.572802425438593,2
284.16,4.6338072614649235,2
284.17,4.32058733816341,2
284.18,4.13456857763293,2
284.19,4.057893598197852,2
284.2,4.32330733996327,2
284.21,6.97997862384467,2
284.22,5.176483320249871,2
284.23,4.168772236327611,2
284.24,4.499335588596162,2
284.25,4.433610476709365,2
284.26,4.346173327414486,2
284.27,4.47432832071253,2
284.28000000000003,4.045366082075774,2
284.29,4.212740763577418,2
284.3,4.278254001178255,2
284.31,4.306351003693896,2
284.32,4.5818653182357245,2
284.33,4.5041495741033755,2
284.34000000000003,4.46516416222183,2
284.35,4.4698081503505405,2
284.36,3.8426200853680945,2
284.37,4.155246553116712,2
284.38,4.3079257745276145,2
284.39,4.430160020158244,2
284.40000000000003,4.483602677340827,2
284.41,4.820153849236889,2
284.42,4.798508664163866,2
284.43,4.657946220770482,2
284.44,4.100797681922303,2
284.45,3.730883563102303,2
284.46,3.671459989562355,2
284.47,3.732616338898978,2
284.48,3.5920860946647104,2
284.49,3.567781731505363,2
284.5,3.354742774924521,2
284.51,3.686789752865355,2
284.52,3.6373958385888736,2
284.53000000000003,4.007652327770691,2
284.54,3.932601170784853,2
284.55,4.041940218012641,2
284.56,4.1704067248423256,2
284.57,4.198854508724578,2
284.58,3.8661333420868207,2
284.59000000000003,3.7826753370588886,2
284.6,3.2159886332368934,2
284.61,3.759787625502718,2
284.62,2.831698382630538,2
284.63,3.1870892178375145,2
284.64,3.2991226497405686,2
284.65000000000003,2.8771882943589353,2
284.66,3.063289642623338,2
284.67,2.8434255137833135,2
284.68,3.0816039829830078,2
284.69,3.1571487008288672,2
284.7,3.3064503133271455,2
284.71,3.2712439045355395,2
284.72,3.7209036917995695,2
284.73,3.461002525840651,2
284.74,3.3238200746864677,2
284.75,3.3429160111735,2
284.76,3.379643698053141,2
284.77,3.1210401072784326,2
284.78000000000003,2.643598056857132,2
284.79,2.8799737369624983,2
284.8,3.0847794837584477,2
284.81,3.6587630580302326,2
284.82,4.0475669381285275,2
284.83,4.061560029315155,2
284.84000000000003,3.8640957686650363,2
284.85,4.197381890829409,2
284.86,3.937231548421677,2
284.87,4.1964783324449115,2
284.88,3.7703146844753914,2
284.89,4.350263933415457,2
284.90000000000003,4.0125830088715615,2
284.91,3.730832210733279,2
284.92,3.217577261451619,2
284.93,3.183243979569597,2
284.94,3.3884397132775637,2
284.95,3.280231648768202,2
284.96,3.1004195371478485,2
284.97,2.7798034023015656,2
284.98,2.981110598598192,2
284.99,3.2800158518246834,2
285.0,3.3983607565055944,2
285.01,3.6546616254538407,2
285.02,3.3448931286349044,2
285.03000000000003,3.231082681358466,2
285.04,3.2512040024107143,2
285.05,3.6880462428564265,2
285.06,4.079560984208956,2
285.07,4.296355825235283,2
285.08,4.484494164791555,2
285.09000000000003,4.212486660844047,2
285.1,4.22050689877797,2
285.11,3.7262157350280276,2
285.12,3.9713500789632277,2
285.13,3.9035359043862345,2
285.14,4.491658188691101,2
285.15000000000003,4.516467226359211,2
285.16,4.250832782631212,2
285.17,4.148231365961636,2
285.18,3.9546042852386476,2
285.19,3.7943807750563083,2
285.2,3.8086178987423254,2
285.21,3.548174705242917,2
285.22,3.5768479310632113,2
285.23,3.0598425931528705,2
285.24,3.199362956716685,2
285.25,3.0642378884680177,2
285.26,2.7757511888575177,2
285.27,3.10333323622953,2
285.28000000000003,2.6917993818024355,2
285.29,2.9996524625039105,2
285.3,3.2325510819305534,2
285.31,3.0565879187808527,2
285.32,3.0731492944096956,2
285.33,3.2411088624702,2
285.34000000000003,3.382720467068982,2
285.35,3.703360575107243,2
285.36,3.940417808651825,2
285.37,4.239620286581305,2
285.38,4.541542048009767,2
285.39,4.519675329586575,2
285.40000000000003,4.385340911491195,2
285.41,4.3124695095911845,2
285.42,4.184459783264514,2
285.43,4.576220630177277,2
285.44,4.303792270293663,2
285.45,4.594794807055834,2
285.46,4.398827819735343,2
285.47,4.671962758785429,2
285.48,4.810748456513293,2
285.49,4.718566804547042,2
285.5,4.720133696582562,2
285.51,4.333731658269816,2
285.52,4.463977981206251,2
285.53000000000003,4.685976939241295,2
285.54,4.996430753959131,2
285.55,4.804744819759901,2
285.56,5.347629919362104,2
285.57,5.12287103051773,2
285.58,4.883098792809012,2
285.59000000000003,4.74748125462906,2
285.6,4.628032934571682,2
285.61,4.1590019212097555,2
285.62,3.822556416124496,2
285.63,3.4941413400628,2
285.64,3.61133854055681,2
285.65000000000003,4.074182189782288,2
285.66,3.8774075795756406,2
285.67,3.853274810916963,2
285.68,3.6390865638466563,2
285.69,3.862237264700919,2
285.7,3.9517291006896413,2
285.71,4.218045314619866,2
285.72,3.911287845026,2
285.73,3.9095924459561155,2
285.74,3.8523793336874648,2
285.75,3.8188995085121875,2
285.76,4.1189152928511215,2
285.77,3.9453183045936298,2
285.78000000000003,3.8234849800593045,2
285.79,3.6168770143696674,2
285.8,4.266488677425031,2
285.81,3.9698796827855913,2
285.82,4.1412957594860185,2
285.83,3.7390310270020484,2
285.84000000000003,3.896224648083922,2
285.85,3.581278868380001,2
285.86,3.666185012945058,2
285.87,3.78777816688998,2
285.88,3.7878068270070497,2
285.89,4.0090929517979195,2
285.90000000000003,4.139969716132113,2
285.91,3.9324654851554848,2
285.92,4.078651412581296,2
285.93,4.1351399979133445,2
285.94,4.392810635448245,2
285.95,3.9422054057887133,2
285.96,3.9797998596797717,2
285.97,4.008902966290482,2
285.98,3.902665382896261,2
285.99,4.212505066686187,2
286.0,3.9899536203513417,2
286.01,4.1927742843996745,2
286.02,3.968322359089768,2
286.03000000000003,4.347205161529733,2
286.04,4.427387592039709,2
286.05,3.94342674423625,2
286.06,4.27116405587744,2
286.07,4.4033401304413395,2
286.08,4.388883651577973,2
286.09000000000003,4.16872530533843,2
286.1,3.9099024300867296,2
286.11,4.062107467869032,2
286.12,3.619202372811404,2
286.13,3.4655767364964096,2
286.14,3.716730057862423,2
286.15000000000003,3.3465238049055657,2
286.16,3.0262006785674,2
286.17,3.271284147495545,2
286.18,3.268686045499682,2
286.19,3.813497023231448,2
286.2,3.7456815064069406,2
286.21,3.3316572915722666,2
286.22,3.7195769605905857,2
286.23,3.3708888668210206,2
286.24,3.147659945329446,2
286.25,3.1377546775791703,2
286.26,3.2700548995281062,2
286.27,3.4509717659035446,2
286.28000000000003,3.778053454450205,2
286.29,3.0705416690317886,2
286.3,2.8967498790544917,2
286.31,3.306928065920787,2
286.32,3.122786795120393,2
286.33,3.196050095529664,2
286.34000000000003,3.658117719876049,2
286.35,3.643817151192193,2
286.36,3.6051786630913885,2
286.37,3.5993015062730143,2
286.38,4.004262548300378,2
286.39,3.549732207944439,2
286.40000000000003,4.101197196262849,2
286.41,4.026954588493146,2
286.42,3.9275911446760294,2
286.43,3.7049483860358774,2
286.44,3.4128778157762154,2
286.45,2.8089810731843725,2
286.46,3.273076049718081,2
286.47,2.7179546217232526,2
286.48,2.8315834140339007,2
286.49,2.823146878446181,2
286.5,3.023780508805113,2
286.51,2.5559229395992604,2
286.52,2.4663464956240415,2
286.53000000000003,2.754213735828379,2
286.54,2.931043329509272,2
286.55,2.8499286265551067,2
286.56,2.9941906833350234,2
286.57,3.5828889044370977,2
286.58,3.9331613920901534,2
286.59000000000003,4.215202182802113,2
286.6,4.349439683992023,2
286.61,4.365892113289348,2
286.62,4.1355998901212825,2
286.63,4.137798284774943,2
286.64,4.68127745701546,2
286.65000000000003,4.873682767124535,2
286.66,4.684795639648991,2
286.67,4.022583703394299,2
286.68,4.234942599641782,2
286.69,4.476720133539072,2
286.7,4.275225258820056,2
286.71,4.058462177439041,2
286.72,3.5004431636500537,2
286.73,3.90621391298538,2
286.74,3.798019904377129,2
286.75,3.892083787563737,2
286.76,3.591578047236169,2
286.77,3.22222169361285,2
286.78000000000003,3.7237361796250985,2
286.79,3.6410369447164252,2
286.8,3.464318970000914,2
286.81,4.340218979007691,2
286.82,4.585331924840185,2
286.83,4.32238343989596,2
286.84000000000003,4.498986123915999,2
286.85,3.99430967570084,2
286.86,3.9044592136457075,2
286.87,3.676611399365114,2
286.88,3.8275218426150817,2
286.89,4.3141646301205725,2
286.90000000000003,3.802785202854612,2
286.91,4.348680895996493,2
286.92,4.526205092338183,2
286.93,4.190477349325146,2
286.94,3.8937180009941725,2
286.95,3.701872295298562,2
286.96,3.4862142071647053,2
286.97,3.3010013932996047,2
286.98,2.8568970125903603,2
286.99,2.9158945562959997,2
287.0,3.2358499233568403,2
287.01,3.1495852784106937,2
287.02,3.3188767499999368,2
287.03000000000003,3.7058134018189848,2
287.04,3.311612509744647,2
287.05,3.1912954924469727,2
287.06,2.8455681409046223,2
287.07,2.5639299482878544,2
287.08,3.093250630520095,2
287.09000000000003,3.041017432048107,2
287.1,3.2680569238031056,2
287.11,3.3881112531295776,2
287.12,3.6499867493877645,2
287.13,3.726817763152069,2
287.14,3.784397601381023,2
287.15000000000003,3.385847855079527,2
287.16,3.4571774641942064,2
287.17,3.5181665652715033,2
287.18,3.299504761452265,2
287.19,2.783438453878835,2
287.2,2.974470741375476,2
287.21,3.423894030959228,2
287.22,2.9801533162800213,2
287.23,3.034443376348622,2
287.24,2.498192918137372,2
287.25,2.8324996185652664,2
287.26,3.28476024249345,2
287.27,3.328615046669376,2
287.28000000000003,3.572762859383499,2
287.29,3.633495518168125,2
287.3,3.3951646735940226,2
287.31,3.41755596074217,2
287.32,3.4680626268046524,2
287.33,3.4800818898548407,2
287.34000000000003,3.637300057997843,2
287.35,3.711126113325452,2
287.36,3.6850004707455324,2
287.37,3.534800707134406,2
287.38,3.722899592989328,2
287.39,3.87250837458024,2
287.40000000000003,3.9353982972254102,2
287.41,3.7068391680058923,2
287.42,3.415663879750926,2
287.43,3.6655495637308655,2
287.44,3.4463068949244704,2
287.45,3.406036831523596,2
287.46,3.0246971416421267,2
287.47,3.2477642329046947,2
287.48,2.9717590184010185,2
287.49,2.7087110916279884,2
287.5,2.557561095116826,2
287.51,2.823360674896138,2
287.52,2.8797788026047426,2
287.53000000000003,2.8122415321274863,2
287.54,3.399257342887763,2
287.55,3.6072814508614925,2
287.56,3.08228384275306,2
287.57,2.926605364230743,2
287.58,2.473528738435037,2
287.59000000000003,2.490742247047643,2
287.6,2.935294027977979,2
287.61,3.1122527543592318,2
287.62,3.134834879708719,2
287.63,3.0876686444822496,2
287.64,3.2695651267248182,2
287.65000000000003,2.8625964331980267,2
287.66,2.942222076556639,2
287.67,3.095771537714047,2
287.68,2.8252497792031757,2
287.69,2.6912106377646587,2
287.7,3.3794819402281715,2
287.71,3.591046718021205,2
287.72,3.1489506002764673,2
287.73,3.021477497246775,2
287.74,3.1111070934608245,2
287.75,3.8540003314435927,2
287.76,4.120764178622335,2
287.77,4.417506830331801,2
287.78000000000003,4.488490776222981,2
287.79,4.160697960218205,2
287.8,4.596537863715935,2
287.81,4.778963587948699,2
287.82,5.06241919859737,2
287.83,5.438103327978436,2
287.84000000000003,5.735066459463953,2
287.85,5.556971949876745,2
287.86,5.478684523801715,2
287.87,5.385464453517333,2
287.88,5.509996859410815,2
287.89,5.453057423217703,2
287.90000000000003,5.348868698822769,2
287.91,5.184057590991262,2
287.92,5.023548854238419,2
287.93,5.006477031178818,2
287.94,5.273723473776567,2
287.95,4.876619963476796,2
287.96,4.809574064956897,2
287.97,4.826433594194232,2
287.98,5.213033232957088,2
287.99,4.969269062390227,2
288.0,4.651412349639101,2
288.01,5.014030362085465,2
288.02,5.057016190926641,2
288.03000000000003,4.831563617150415,2
288.04,5.0474848293182575,2
288.05,4.411047207121377,2
288.06,4.354778861408605,2
288.07,4.402637863217691,2
288.08,4.529466636113092,2
288.09000000000003,4.242478374039571,2
288.1,3.979403879989484,2
288.11,4.417896597575759,2
288.12,4.380681452636145,2
288.13,4.3877671507452485,2
288.14,4.142585466178964,2
288.15000000000003,3.8684403967856844,2
288.16,3.7208044958173203,2
288.17,4.08745181693714,2
288.18,3.902430129535339,2
288.19,3.845181210171993,2
288.2,4.317551995260258,2
288.21,4.891154609517242,2
288.22,4.386498185633598,2
288.23,3.745605255327904,2
288.24,3.5691564367595245,2
288.25,3.335140960858084,2
288.26,3.536806630007395,2
288.27,3.579278158619266,2
288.28000000000003,3.5847234950008677,2
288.29,3.8748238692204047,2
288.3,3.284450387647103,2
288.31,3.1808821201910087,2
288.32,3.2297913244367136,2
288.33,3.599237815264066,2
288.34000000000003,3.6227033923356786,2
288.35,3.776941405696195,2
288.36,3.707005459111285,2
288.37,3.724093329377956,2
288.38,3.6686611660792865,2
288.39,3.63662047905087,2
288.40000000000003,3.6943596259733096,2
288.41,4.134707878598126,2
288.42,4.238603703023978,2
288.43,4.1565131964700495,2
288.44,4.295116733455367,2
288.45,4.317224187164827,2
288.46,4.451895463422905,2
288.47,4.295120728718672,2
288.48,4.4049798675208045,2
288.49,4.50898964063088,2
288.5,4.055933211326326,2
288.51,3.941220833832515,2
288.52,3.898610944677907,2
288.53000000000003,3.816486829128999,2
288.54,3.5433783361432285,2
288.55,2.888750701048371,2
288.56,3.2911814682228266,2
288.57,2.7482934824675813,2
288.58,3.4340516334820523,2
288.59000000000003,3.423665169470584,2
288.6,3.2922204949190585,2
288.61,2.9238107296632494,2
288.62,2.561140187653824,2
288.63,2.4523827584413116,2
288.64,2.661174804265806,2
288.65000000000003,3.195184953411256,2
288.66,2.83674192040953,2
288.67,3.0547978478417814,2
288.68,2.6249218799715264,2
288.69,2.5057674710138054,2
288.7,2.797544109223814,2
288.71,2.6296375414093567,2
288.72,3.204015455972178,2
288.73,3.4974719811682835,2
288.74,3.688145537013648,2
288.75,3.5612349766546614,2
288.76,3.3596063123495594,2
288.77,3.294223568027799,2
288.78000000000003,3.4356085599077346,2
288.79,3.5627001568087246,2
288.8,3.3744149111960917,2
288.81,3.2312046004655794,2
288.82,2.8695970320726514,2
288.83,3.6284865535739397,2
288.84000000000003,3.4113196971269932,2
288.85,2.992922177161059,2
288.86,2.3887958706889525,2
288.87,2.3596497901685503,2
288.88,2.638719602431818,2
288.89,2.7451469288458905,2
288.90000000000003,2.817078517160229,2
288.91,3.1420922672735556,2
288.92,3.393221832694149,2
288.93,3.1993536158734965,2
288.94,3.35325533245621,2
288.95,3.437578941412392,2
288.96,3.325962490912134,2
288.97,3.798294285374188,2
288.98,3.5982752409474017,2
288.99,3.4750283794519365,2
289.0,3.3926843564566598,2
289.01,3.7159727087168797,2
289.02,4.0524359665837,2
289.03000000000003,4.429814675835185,2
289.04,4.6062049087817485,2
289.05,4.5172764756466695,2
289.06,4.737963269343069,2
289.07,4.770480442757105,2
289.08,4.658349969779129,2
289.09000000000003,4.4610044474347905,2
289.1,4.366223334286038,2
289.11,4.194538190087682,2
289.12,4.292738616322657,2
289.13,4.203218259389098,2
289.14,4.3212825475478205,2
289.15000000000003,4.432860544196888,2
289.16,4.3916870150331055,2
289.17,4.224667123072076,2
289.18,3.944900838285519,2
289.19,3.9198358395640276,2
289.2,4.01099378095061,2
289.21,3.6231874683927514,2
289.22,3.1571747725674055,2
289.23,3.2067761258024268,2
289.24,3.032481758454304,2
289.25,3.415159297072058,2
289.26,3.8433600513874953,2
289.27,3.572526187464732,2
289.28000000000003,3.1328645216076167,2
289.29,3.3826766970691176,2
289.3,3.502139926890203,2
289.31,3.6634593682882293,2
289.32,3.914519308259163,2
289.33,3.804505174273446,2
289.34000000000003,3.768223949627372,2
289.35,4.021596065242565,2
289.36,4.145827151214903,2
289.37,4.711197734563212,2
289.38,4.723263092365029,2
289.39,4.723653086673022,2
289.40000000000003,4.9010047343182555,2
289.41,5.396238522238962,2
289.42,5.459139793777172,2
289.43,5.231914217856349,2
289.44,4.921415184628499,2
289.45,4.875243091301671,2
289.46,4.476080922467215,2
289.47,4.611417472425184,2
289.48,4.634600562527528,2
289.49,4.717972436963687,2
289.5,4.142526965720854,2
289.51,4.509922862486253,2
289.52,4.141365915514939,2
289.53000000000003,3.7706494761930704,2
289.54,3.221965464396596,2
289.55,3.1283451804740916,2
289.56,3.2589842379705822,2
289.57,3.3040636188059613,2
289.58,3.5708704295734193,2
289.59000000000003,3.9753177942248556,2
289.6,4.363225013485958,2
289.61,4.254353045906079,2
289.62,4.187512172941897,2
289.63,4.129850010756224,2
289.64,3.999844473478608,2
289.65000000000003,4.573486068743843,2
289.66,4.604633832505086,2
289.67,4.6879756295559964,2
289.68,4.811928787753182,2
289.69,5.074679536538341,2
289.7,4.90219096521545,2
289.71,4.957063406117982,2
289.72,5.02799194522197,2
289.73,4.4832949259256045,2
289.74,4.296812692799602,2
289.75,4.220590932882461,2
289.76,4.478918018640468,2
289.77,5.4203147465221235,2
289.78000000000003,5.15453992019624,2
289.79,4.903384257790684,2
289.8,4.938360560081601,2
289.81,4.355606660982741,2
289.82,3.8143668572032596,2
289.83,3.794003504663646,2
289.84000000000003,3.6611366946010735,2
289.85,4.011538611828064,2
289.86,3.904783192590589,2
289.87,3.5441839100656685,2
289.88,3.3013686115887735,2
289.89,3.7079635544947918,2
289.90000000000003,3.5304341037278206,2
289.91,3.479771110719837,2
289.92,3.4460398294900374,2
289.93,3.3364411727096708,2
289.94,3.4893125962662013,2
289.95,4.0424079223475395,2
289.96,4.194488676337373,2
289.97,4.407739638016331,2
289.98,4.0937920631847575,2
289.99,4.18970016999792,2
290.0,4.558372667919148,2
290.01,4.436767578439769,2
290.02,4.391910794107632,2
290.03000000000003,4.569096438191991,2
290.04,4.945671245977638,2
290.05,5.187379479968076,2
290.06,4.709478678711884,2
290.07,4.73388644760094,2
290.08,4.488693487649955,2
290.09000000000003,4.348802681847993,2
290.1,3.944638011663518,2
290.11,3.874700486531916,2
290.12,3.6462093431921208,2
290.13,3.6361667762363585,2
290.14,3.8121115352341968,2
290.15000000000003,3.9109616487028656,2
290.16,4.170663347497465,2
290.17,4.015623310085496,2
290.18,3.535402564269501,2
290.19,4.034252360753358,2
290.2,4.186054949200928,2
290.21,4.335848953028726,2
290.22,4.455061282350112,2
290.23,4.4826018371463325,2
290.24,4.715264994651891,2
290.25,4.4577819211955845,2
290.26,4.63557748721537,2
290.27,4.672903337563989,2
290.28000000000003,4.642874959488259,2
290.29,4.439661925698565,2
290.3,4.466785372982149,2
290.31,4.361129850876037,2
290.32,4.567583180114378,2
290.33,4.379864013997291,2
290.34000000000003,4.049904339807654,2
290.35,4.204984376896843,2
290.36,4.781525786533644,2
290.37,4.775982129492464,2
290.38,4.65734065631107,2
290.39,5.098344726538039,2
290.40000000000003,5.118703568973681,2
290.41,4.964802036069306,2
290.42,5.354448585127007,2
290.43,5.010036479147555,2
290.44,4.814616690907386,2
290.45,4.829252658277882,2
290.46,5.546896942994721,2
290.47,5.129950809620775,2
290.48,4.6956295717231615,2
290.49,4.690214233931986,2
290.5,5.043226568484435,2
290.51,5.19485383463763,2
290.52,4.884665748649563,2
290.53000000000003,4.470726868194714,2
290.54,4.237986203815776,2
290.55,4.243743138456876,2
290.56,4.308228566974929,2
290.57,4.208916092199782,2
290.58,4.112496799395129,2
290.59000000000003,4.0234715194164625,2
290.6,4.192472664034115,2
290.61,4.272018812431607,2
290.62,4.421143520604335,2
290.63,4.47597099984807,2
290.64,3.8986067972812073,2
290.65000000000003,3.9117876681957937,2
290.66,3.730810763547596,2
290.67,4.205902059664511,2
290.68,3.860372846751313,2
290.69,3.3325689438066712,2
290.7,3.623257348339052,2
290.71,3.7305571287581234,2
290.72,3.7966651808514955,2
290.73,3.931730217656675,2
290.74,3.9125302793456327,2
290.75,3.790776430021054,2
290.76,3.858983309356492,2
290.77,3.572461403809378,2
290.78000000000003,4.035235073386108,2
290.79,3.846908011041844,2
290.8,3.5178594882661245,2
290.81,3.6758898431723623,2
290.82,3.474092836810552,2
290.83,3.865189171268308,2
290.84000000000003,3.3135281067371247,2
290.85,2.914687868143764,2
290.86,2.917786845772238,2
290.87,3.062936581276359,2
290.88,2.9471723550403794,2
290.89,2.977052138839784,2
290.90000000000003,3.569302344288733,2
290.91,3.413735335734404,2
290.92,3.0161982913058116,2
290.93,3.0485190551162744,2
290.94,2.8228276916176442,2
290.95,3.1033863200473797,2
290.96,3.3338556844457767,2
290.97,3.362651732431967,2
290.98,3.533447064973964,2
290.99,3.277111576507492,2
291.0,3.616997073143235,2
291.01,3.494577050889079,2
291.02,4.0208030023468675,2
291.03000000000003,3.9271958694853657,2
291.04,3.8068469482412777,2
291.05,3.7704618997471724,2
291.06,3.959304789685932,2
291.07,4.373110575658855,2
291.08,4.437098653570428,2
291.09000000000003,4.99880177690663,2
291.1,4.666059851206942,2
291.11,4.541545203456377,2
291.12,4.17345130324687,2
291.13,4.013326608929261,2
291.14,3.8249530609775517,2
291.15000000000003,3.426852013254053,2
291.16,3.749138848805245,2
291.17,3.9418299792536073,2
291.18,3.834359792415659,2
291.19,3.941876724370306,2
291.2,3.830576708741373,2
291.21,3.7839932969136534,2
291.22,3.9489097558502846,2
291.23,3.9492354628035273,2
291.24,3.9591146117639853,2
291.25,3.4215138705668293,2
291.26,3.7119327513118954,2
291.27,4.110026930613766,2
291.28000000000003,4.389803426894076,2
291.29,4.199678419038897,2
291.3,4.45650836973154,2
291.31,4.5333560662805,2
291.32,4.2348503945829385,2
291.33,4.1257302600731,2
291.34000000000003,4.084838288036944,2
291.35,3.4158646050949164,2
291.36,3.52940687742359,2
291.37,3.2582306482213452,2
291.38,3.0332730149751326,2
291.39,3.174152375497172,2
291.40000000000003,3.1591242342149775,2
291.41,2.959903631520392,2
291.42,3.1069838166744024,2
291.43,2.953070947653882,2
291.44,2.8138040321092945,2
291.45,3.265760191330756,2
291.46,3.384569325231252,2
291.47,3.539768136716809,2
291.48,4.02991492742556,2
291.49,3.961022626571574,2
291.5,3.7852827738054846,2
291.51,3.6315239617912836,2
291.52,4.192696878124572,2
291.53000000000003,4.146426597555586,2
291.54,3.8681218977095835,2
291.55,3.9190976237956767,2
291.56,3.750909535114592,2
291.57,3.659649766143221,2
291.58,4.15523298565509,2
291.59000000000003,4.175474014285198,2
291.6,3.7955437563707637,2
291.61,3.691224450749007,2
291.62,3.1975509150207455,2
291.63,3.0628348910743863,2
291.64,3.4406432282547796,2
291.65000000000003,3.291730976068094,2
291.66,4.111228190686618,2
291.67,3.3597711580531886,2
291.68,3.298169433549851,2
291.69,3.4003374556090895,2
291.7,3.4775195084264747,2
291.71,3.6893180634399676,2
291.72,3.6425890264472627,2
291.73,4.033376736282681,2
291.74,3.681632006994441,2
291.75,3.646054920500223,2
291.76,3.3657132961105876,2
291.77,3.2888941684255033,2
291.78000000000003,3.2871637465810544,2
291.79,3.5336946992192,2
291.8,3.2932138155363875,2
291.81,3.28502998033705,2
291.82,3.3624556323430244,2
291.83,3.467056719861871,2
291.84000000000003,3.2055080986009274,2
291.85,3.351130936235699,2
291.86,3.746678883524048,2
291.87,4.099285979269932,2
291.88,4.010574038227714,2
291.89,4.156710600450102,2
291.90000000000003,4.095066435119299,2
291.91,4.387366923242867,2
291.92,4.540825832802048,2
291.93,4.15812641356381,2
291.94,4.0989473016916795,2
291.95,3.9029686724568253,2
291.96,3.885711161435524,2
291.97,3.5705655670798646,2
291.98,3.579873059863037,2
291.99,3.578184964470591,2
292.0,3.584491594673997,2
292.01,3.6979233951520243,2
292.02,3.2912436361503614,2
292.03000000000003,3.5832769407466287,2
292.04,3.8628334237121535,2
292.05,4.2748350914049515,2
292.06,4.219897418150847,2
292.07,4.271634887879355,2
292.08,4.54079890349146,2
292.09000000000003,4.287766531597593,2
292.1,4.398305184055547,2
292.11,4.149719453347883,2
292.12,4.28126849232127,2
292.13,4.364389722685579,2
292.14,4.074135605978526,2
292.15000000000003,4.211425040275007,2
292.16,4.066159705759401,2
292.17,4.013697378215833,2
292.18,4.2431121297103065,2
292.19,4.524006844347168,2
292.2,4.589177251991268,2
292.21,4.533910933611228,2
292.22,4.680300432831371,2
292.23,4.5200679406911375,2
292.24,4.721731929599059,2
292.25,4.4746255036917,2
292.26,4.365502930661748,2
292.27,4.065729889137604,2
292.28000000000003,4.035334893971486,2
292.29,4.461334800534859,2
292.3,4.846864865509294,2
292.31,5.223528964077495,2
292.32,4.919562040589914,2
292.33,5.594751445534843,2
292.34000000000003,5.770506723394275,2
292.35,5.882121608951536,2
292.36,5.764568420525659,2
292.37,5.145533495378777,2
292.38,4.853486840339007,2
292.39,4.649855942343444,2
292.40000000000003,4.542672920355325,2
292.41,4.367364233071997,2
292.42,4.322737674929776,2
292.43,4.425950815571854,2
292.44,4.404778570909863,2
292.45,4.3075804512482065,2
292.46,4.203008597649079,2
292.47,4.584313052676646,2
292.48,4.416432192350287,2
292.49,4.595426647322766,2
292.5,4.5420102508110975,2
292.51,3.9593111820799773,2
292.52,4.620740679507934,2
292.53000000000003,4.907819504859684,2
292.54,5.4584986652676335,2
292.55,5.563007554553407,2
292.56,5.422238491962146,2
292.57,5.44286624972223,2
292.58,5.163321021302339,2
292.59000000000003,4.805784442617154,2
292.6,5.318861751122618,2
292.61,5.106189149675493,2
292.62,5.035044155169664,2
292.63,5.064971768119944,2
292.64,4.892082455948746,2
292.65000000000003,5.075902478162114,2
292.66,4.940107225804892,2
292.67,5.843596397551787,2
292.68,5.11926957094246,2
292.69,4.818111226079924,2
292.7,5.041417637522372,2
292.71,4.4923457001716915,2
292.72,4.498797934606172,2
292.73,4.354819439613303,2
292.74,4.286207402977506,2
292.75,4.600762571756451,2
292.76,4.581996023122655,2
292.77,4.311069159323472,2
292.78000000000003,4.568619492982335,2
292.79,4.577931913135406,2
292.8,4.128995094069414,2
292.81,3.9265738851238146,2
292.82,3.9101012489028824,2
292.83,4.136886044940403,2
292.84000000000003,4.086835710101596,2
292.85,4.34902045539335,2
292.86,4.33423023248543,2
292.87,4.108792163786289,2
292.88,4.114079680402177,2
292.89,4.309366875105362,2
292.90000000000003,4.22620018578139,2
292.91,3.8913900787536173,2
292.92,3.9579928885535205,2
292.93,3.7048373886884924,2
292.94,4.159106363645808,2
292.95,4.4658858666947765,2
292.96,4.353068321845705,2
292.97,4.447209148436604,2
292.98,4.377465847890774,2
292.99,4.765733331288617,2
293.0,4.232997186339247,2
293.01,4.264926318217822,2
293.02,3.9685419813349094,2
293.03000000000003,4.091511435312127,2
293.04,3.5487991330876896,2
293.05,3.687113942063492,2
293.06,4.267748658222578,2
293.07,4.086326627913959,2
293.08,3.650544427262826,2
293.09000000000003,3.872450384560682,2
293.1,3.795622174905059,2
293.11,4.08338738687269,2
293.12,4.386485824983013,2
293.13,4.640160393777883,2
293.14,4.568866741448333,2
293.15000000000003,5.02874432047626,2
293.16,5.150973801400175,2
293.17,4.830894800180145,2
293.18,4.563578202602369,2
293.19,4.876779675248596,2
293.2,4.978618508839605,2
293.21,4.67641163662265,2
293.22,4.507473931879347,2
293.23,4.43863632882353,2
293.24,4.627188488791038,2
293.25,4.501286042884301,2
293.26,4.8236624397697625,2
293.27,4.8438425606031705,2
293.28000000000003,5.1456684353762645,2
293.29,4.7062583680980055,2
293.3,5.060694716440174,2
293.31,5.286057581619252,2
293.32,5.178703298489664,2
293.33,4.9120585491083535,2
293.34000000000003,5.189842489479678,2
293.35,4.940959235247718,2
293.36,4.84535329270164,2
293.37,4.903975653313877,2
293.38,4.491835139945987,2
293.39,4.390882310465683,2
293.40000000000003,4.090671171720191,2
293.41,3.640677497995803,2
293.42,4.267074357419042,2
293.43,4.05477483994313,2
293.44,4.226067089218601,2
293.45,4.796867081569461,2
293.46,4.537740690624662,2
293.47,4.126893653011646,2
293.48,4.61344289059069,2
293.49,4.288161927915868,2
293.5,4.1429390091828004,2
293.51,3.967105048969141,2
293.52,4.014247342402631,2
293.53000000000003,3.4968481827350413,2
293.54,3.72343646865806,2
293.55,3.882908668998591,2
293.56,4.139769832830558,2
293.57,4.365193327065489,2
293.58,4.457276359147722,2
293.59000000000003,4.3249410853501615,2
293.6,4.309054192745495,2
293.61,4.0934947671249375,2
293.62,4.1390161288590575,2
293.63,3.9012436876953216,2
293.64,3.949933651379341,2
293.65000000000003,3.8302314455091677,2
293.66,3.6155724975634125,2
293.67,3.95157916739191,2
293.68,4.181143630221674,2
293.69,4.1791528536829,2
293.7,3.667438086460537,2
293.71,3.4516541368466838,2
293.72,3.484691244037738,2
293.73,3.670230326660535,2
293.74,3.8419169619057603,2
293.75,3.9234033236728294,2
293.76,3.939714465374571,2
293.77,3.8847166890489726,2
293.78000000000003,3.7182205122301117,2
293.79,4.215472010468689,2
293.8,4.486461789170327,2
293.81,4.602917737155382,2
293.82,4.221253863177917,2
293.83,3.8640563930511,2
293.84000000000003,3.8685317080302704,2
293.85,3.7361905204831634,2
293.86,3.4397407314465394,2
293.87,3.5253189142329204,2
293.88,3.039091402544032,2
293.89,3.1093194564805615,2
293.90000000000003,3.3427397502514617,2
293.91,3.54362725055251,2
293.92,3.0777561677066068,2
293.93,2.6450978477415514,2
293.94,2.7203513831456445,2
293.95,2.6694879507432803,2
293.96,2.4576877665088572,2
293.97,2.0020923092066845,2
293.98,1.9519325998485821,2
293.99,2.127875016661855,2
294.0,2.248173305010498,2
294.01,2.082436525523316,2
294.02,1.9900682198299633,2
294.03000000000003,2.0944258348674296,2
294.04,2.050056703479199,2
294.05,2.3363885143198413,2
294.06,2.661210092984804,2
294.07,2.9235404623454353,2
294.08,2.721289880762094,2
294.09000000000003,2.9436816114027184,2
294.1,3.151070724447556,2
294.11,3.657052302293495,2
294.12,4.250748752581568,2
294.13,4.5770486172145155,2
294.14,4.3896668440246716,2
294.15000000000003,4.132022642286096,2
294.16,4.0619128162791895,2
294.17,3.893715289378984,2
294.18,4.497640227095883,2
294.19,4.718595719451365,2
294.2,4.823235342409628,2
294.21,4.968493877630818,2
294.22,5.26010362976552,2
294.23,5.309246896699478,2
294.24,5.124182621441853,2
294.25,5.22201172989258,2
294.26,5.30768005781716,2
294.27,4.860384877704857,2
294.28000000000003,5.454555356969006,2
294.29,5.135270217271891,2
294.3,5.458723162768097,2
294.31,5.267356084178369,2
294.32,5.46894588995719,2
294.33,5.337298789218165,2
294.34000000000003,4.794645496578357,2
294.35,5.018109381482783,2
294.36,5.333750990442193,2
294.37,5.1983589534244805,2
294.38,5.321609014197496,2
294.39,4.993116679509443,2
294.40000000000003,4.91166153619015,2
294.41,5.134654843102317,2
294.42,5.129491669550124,2
294.43,5.161588003882996,2
294.44,5.336359427197365,2
294.45,5.680732280402078,2
294.46,5.833285260771918,2
294.47,5.743948287444946,2
294.48,5.565383732176765,2
294.49,5.463260753311129,2
294.5,4.953163590680838,2
294.51,4.933766254661088,2
294.52,4.516020010874783,2
294.53000000000003,4.358435839839198,2
294.54,4.535150921029342,2
294.55,4.3701307528700735,2
294.56,4.732315871552744,2
294.57,4.6476496225822554,2
294.58,4.924054688040739,2
294.59000000000003,4.753377822512534,2
294.6,4.647596938028228,2
294.61,4.909612673436293,2
294.62,4.7684658189977585,2
294.63,4.797762308053111,2
294.64,4.597583393518271,2
294.65000000000003,3.887892938410092,2
294.66,3.729961160936033,2
294.67,4.171233844587641,2
294.68,4.249166293797495,2
294.69,4.477452827216123,2
294.7,4.693132062970525,2
294.71,4.844573202303413,2
294.72,5.212085355564714,2
294.73,5.000647083799038,2
294.74,5.321383657323663,2
294.75,5.379301478473001,2
294.76,5.367585470682951,2
294.77,4.648312656448092,2
294.78000000000003,4.697316285264732,2
294.79,4.887568472704865,2
294.8,4.864787189774601,2
294.81,5.132611118048649,2
294.82,5.386405292482898,2
294.83,5.16880540432375,2
294.84000000000003,5.082923508230271,2
294.85,4.899425753114083,2
294.86,4.689996542013649,2
294.87,4.649158456269271,2
294.88,4.650680883169138,2
294.89,3.9933361282867224,2
294.90000000000003,3.9828592730362904,2
294.91,4.099315709455908,2
294.92,4.126141135047553,2
294.93,4.0935135629827055,2
294.94,3.7977408973728863,2
294.95,3.447856607990133,2
294.96,3.3523201779507086,2
294.97,2.9036076714720753,2
294.98,3.0010265613394362,2
294.99,2.8624095616528287,2
295.0,3.03330790838057,2
295.01,2.971044750989914,2
295.02,2.5229182062045235,2
295.03000000000003,2.392593328227984,2
295.04,2.6061298741479035,2
295.05,2.966415872545025,2
295.06,2.992326825447777,2
295.07,3.164403057219493,2
295.08,3.196000309480576,2
295.09000000000003,3.2151732707757543,2
295.1,3.0638122817614324,2
295.11,3.148458703901266,2
295.12,3.059918471642628,2
295.13,3.544214421305565,2
295.14,3.3984905306176416,2
295.15000000000003,3.508555012663117,2
295.16,3.2555880292309034,2
295.17,3.273517202590789,2
295.18,3.0599673625926194,2
295.19,2.992534295213136,2
295.2,3.3695922936036795,2
295.21,3.4198054915508287,2
295.22,3.7125856071016856,2
295.23,3.681598099154649,2
295.24,3.921624220967993,2
295.25,4.161279350803885,2
295.26,4.347078269840815,2
295.27,4.58178413088042,2
295.28000000000003,4.6618489991931185,2
295.29,4.474429490604152,2
295.3,4.025765911385223,2
295.31,3.807499863942236,2
295.32,3.9377098545301443,2
295.33,4.259173960534454,2
295.34000000000003,4.371867123261959,2
295.35,4.246389608455399,2
295.36,4.101006572603393,2
295.37,4.100756681856405,2
295.38,4.262649189737591,2
295.39,4.246514941148202,2
295.40000000000003,4.080205992619737,2
295.41,3.8316080953963425,2
295.42,3.6455715637768376,2
295.43,3.484068901843621,2
295.44,3.517462037907304,2
295.45,3.336464423949916,2
295.46,3.244233356909156,2
295.47,3.514083773051393,2
295.48,3.7289672167174093,2
295.49,4.236699828189277,2
295.5,4.3095340994750915,2
295.51,3.879857975875125,2
295.52,3.4553474504271424,2
295.53000000000003,3.5457465829853807,2
295.54,3.5775151394100373,2
295.55,3.5489096857798157,2
295.56,3.2594872629611333,2
295.57,3.0611461476509483,2
295.58,3.4597630041457634,2
295.59000000000003,3.802791608627382,2
295.6,3.897523458159772,2
295.61,4.084407690096629,2
295.62,3.7509538870434636,2
295.63,3.865545953626372,2
295.64,3.694927415706843,2
295.65000000000003,4.078058257729303,2
295.66,4.20729699565193,2
295.67,3.7480597044193953,2
295.68,3.42707439673932,2
295.69,3.4611380596925927,2
295.7,3.2576212805210623,2
295.71,3.6480681117361513,2
295.72,3.1578639734901373,2
295.73,3.222204877806096,2
295.74,2.850830295291038,2
295.75,2.858603700770747,2
295.76,2.6212358369278634,2
295.77,2.739251963350363,2
295.78000000000003,2.6061578975605064,2
295.79,2.5492149840417793,2
295.8,2.995697580872838,2
295.81,2.9691496608306363,2
295.82,2.2963004831648663,2
295.83,2.4195335257501562,2
295.84000000000003,2.9782019924493786,2
295.85,3.1822783169221056,2
295.86,3.5257336662621612,2
295.87,3.4000755473984423,2
295.88,3.6404995485526044,2
295.89,3.546594748700673,2
295.90000000000003,3.682424057170809,2
295.91,4.046331011636554,2
295.92,3.7371497159867393,2
295.93,3.254234086894717,2
295.94,3.2095516707679703,2
295.95,3.3818629889990164,2
295.96,3.910373736662904,2
295.97,3.9441616385914906,2
295.98,4.127257527416866,2
295.99,3.9201204316782645,2
296.0,3.7416291764680505,2
296.01,3.865666481553184,2
296.02,4.3289895455246326,2
296.03000000000003,4.302918277849003,2
296.04,4.3479362765647,2
296.05,4.1199630780938366,2
296.06,3.9480749051813375,2
296.07,4.270866367267681,2
296.08,3.831403736778964,2
296.09000000000003,3.6322644578411034,2
296.1,3.60126091802548,2
296.11,3.6719811834400167,2
296.12,3.679310127499221,2
296.13,3.93539918960597,2
296.14,4.779438431146268,2
296.15000000000003,4.402010697641913,2
296.16,4.439046991982574,2
296.17,4.204810295194811,2
296.18,4.447477370493852,2
296.19,4.924425333780836,2
296.2,4.816166573982688,2
296.21,5.018918395458547,2
296.22,4.642959044130998,2
296.23,4.937695373589113,2
296.24,5.332636674583716,2
296.25,5.162285785004876,2
296.26,5.236086351664728,2
296.27,4.759209697509578,2
296.28000000000003,4.507611068492944,2
296.29,4.611042752203459,2
296.3,5.22239380511194,2
296.31,4.5846498616435145,2
296.32,4.581112255558634,2
296.33,4.881000520255537,2
296.34000000000003,5.311427185284553,2
296.35,5.123548369319629,2
296.36,5.378290320666525,2
296.37,5.450247434754924,2
296.38,5.808639183970524,2
296.39,5.57175076648231,2
296.40000000000003,5.442282078718693,2
296.41,5.12267974244313,2
296.42,4.926989981515032,2
296.43,4.749224248552647,2
296.44,4.443528851778351,2
296.45,4.908226889727524,2
296.46,4.835342570550121,2
296.47,4.615732365101285,2
296.48,4.440613269833037,2
296.49,3.958236588741971,2
296.5,4.135635696271065,2
296.51,3.877310311254112,2
296.52,3.7159417751189703,2
296.53000000000003,4.0666229820850095,2
296.54,3.907949113517561,2
296.55,4.047430439227596,2
296.56,3.8865037494976047,2
296.57,3.753607870144007,2
296.58,3.599900571551702,2
296.59000000000003,3.588163114147969,2
296.6,3.2358248706781865,2
296.61,3.528268142631356,2
296.62,4.371330081385621,2
296.63,4.502868811123986,2
296.64,4.191187465360254,2
296.65000000000003,4.363518184659338,2
296.66,3.8897737257928395,2
296.67,3.6830500666998143,2
296.68,3.590630152130188,2
296.69,3.9276927591799033,2
296.7,4.132745949348403,2
296.71,3.714974543016397,2
296.72,3.974195173936682,2
296.73,3.8194347606523618,2
296.74,4.00979724709926,2
296.75,3.793725446587864,2
296.76,3.7843520811706646,2
296.77,3.5721825001220737,2
296.78000000000003,3.5858686910800497,2
296.79,3.2911346517160336,2
296.8,3.120225786542016,2
296.81,3.0280884367676295,2
296.82,2.850336888890298,2
296.83,2.8579445598323154,2
296.84000000000003,2.995888777223532,2
296.85,3.4721960005617962,2
296.86,3.2078006091910956,2
296.87,2.993028960863335,2
296.88,3.1032038627124385,2
296.89,2.7294547513790426,2
296.90000000000003,2.925737658307199,2
296.91,3.0375596738619848,2
296.92,3.2881820952875924,2
296.93,3.9933253849953094,2
296.94,4.01057889995486,2
296.95,3.8564323953497053,2
296.96,4.14342109741641,2
296.97,4.12559982698864,2
296.98,4.0665853194907395,2
296.99,4.566298735865774,2
297.0,4.722355502754414,2
297.01,4.38051002059241,2
297.02,4.0812961523265825,2
297.03000000000003,3.694830857138503,2
297.04,3.413571260133068,2
297.05,3.7919056970527465,2
297.06,3.6687208288144904,2
297.07,3.195903632372082,2
297.08,3.405965499598993,2
297.09000000000003,3.51333659369351,2
297.1,3.4349635911123646,2
297.11,3.3111000681500355,2
297.12,3.385000057958091,2
297.13,3.4672595670837474,2
297.14,3.6343223441894557,2
297.15000000000003,3.175402300529621,2
297.16,2.9466532423857155,2
297.17,2.9251295698834756,2
297.18,2.6546951819765137,2
297.19,2.9244553847811967,2
297.2,3.223299676869987,2
297.21,3.1290911628092455,2
297.22,3.404088937126712,2
297.23,3.527959118330768,2
297.24,3.641171596741226,2
297.25,2.861708020383381,2
297.26,2.920321821248044,2
297.27,2.8586962389128807,2
297.28000000000003,2.932773124244911,2
297.29,2.9189242060535174,2
297.3,2.6873795886879437,2
297.31,2.723815178599634,2
297.32,2.7339408924369155,2
297.33,3.116088003456631,2
297.34000000000003,3.1646305819156617,2
297.35,3.086313170266963,2
297.36,2.8244342383945837,2
297.37,3.7146203700765037,2
297.38,4.025042621326945,2
297.39,4.069241681584811,2
297.40000000000003,3.6602814487654998,2
297.41,3.2641651344569524,2
297.42,3.8112009213039544,2
297.43,4.286602631884262,2
297.44,4.3358476196601075,2
297.45,4.07280326888275,2
297.46,3.910007795801901,2
297.47,3.6728087324961676,2
297.48,4.2942566178325325,2
297.49,4.207001277078906,2
297.5,4.416358411161844,2
297.51,4.6448041835158875,2
297.52,4.21631750343535,2
297.53000000000003,4.217049472823504,2
297.54,4.115717262767834,2
297.55,4.469060378613009,2
297.56,4.593069178428976,2
297.57,4.5184353892083005,2
297.58,4.508368380108531,2
297.59000000000003,4.2632022931866524,2
297.6,3.967957395004186,2
297.61,3.7568346335154965,2
297.62,3.9214753575404124,2
297.63,4.189567688327635,2
297.64,4.349626147319596,2
297.65000000000003,3.8708473372221506,2
297.66,3.9754639353322547,2
297.67,4.151716794772241,2
297.68,4.6194204359798094,2
297.69,4.178927277907565,2
297.7,4.465193353042419,2
297.71,4.870246318675721,2
297.72,4.4728693993554325,2
297.73,4.60975449014233,2
297.74,4.06869175135693,2
297.75,4.054567366307226,2
297.76,3.754814148471027,2
297.77,3.972606799575943,2
297.78000000000003,3.961257673940081,2
297.79,3.8661527877429407,2
297.8,4.052462963042478,2
297.81,3.805615079310747,2
297.82,3.8306846785162505,2
297.83,4.044696183089886,2
297.84000000000003,3.946144162856658,2
297.85,3.9887004016116068,2
297.86,3.917633408762352,2
297.87,4.331201933122702,2
297.88,4.698175370679259,2
297.89,4.605055219032741,2
297.90000000000003,4.511453688307275,2
297.91,4.174003472079082,2
297.92,4.796046254926735,2
297.93,4.9382036583297255,2
297.94,5.099688130867404,2
297.95,5.393860248136691,2
297.96,5.240839339132182,2
297.97,5.040833990128325,2
297.98,5.359300772208313,2
297.99,5.069967246430707,2
298.0,4.911582327971444,2
298.01,4.908618589863435,2
298.02,4.511017826937554,2
298.03000000000003,4.687012509275949,2
298.04,4.774090985435614,2
298.05,4.543403388667052,2
298.06,4.819120764469383,2
298.07,4.404941162369325,2
298.08,4.259645150804362,2
298.09000000000003,4.657009610953057,2
298.1,4.553891267962883,2
298.11,4.0782528024508435,2
298.12,4.139161267272066,2
298.13,4.045537494704154,2
298.14,4.189439224501024,2
298.15000000000003,4.48120462860251,2
298.16,4.41409844670041,2
298.17,3.7005619048649083,2
298.18,3.888890080526284,2
298.19,3.613876169013232,2
298.2,3.796953137279001,2
298.21,4.062519784236421,2
298.22,4.3573532995106605,2
298.23,4.562030232265672,2
298.24,4.418369133267096,2
298.25,4.343335401379375,2
298.26,4.430075986804777,2
298.27,4.61792134166299,2
298.28000000000003,4.27582456374453,2
298.29,4.509244062014639,2
298.3,3.943882979435632,2
298.31,3.3582934976975096,2
298.32,2.9545025970726955,2
298.33,3.2065432000216725,2
298.34000000000003,3.462127663434198,2
298.35,3.573107469047276,2
298.36,3.4560627904676773,2
298.37,3.644572144947174,2
298.38,3.490104597817443,2
298.39,3.448799798908895,2
298.40000000000003,3.2669025468003903,2
298.41,3.523523083168872,2
298.42,3.406647244245547,2
298.43,3.575712046471068,2
298.44,3.643119422883077,2
298.45,4.132365925391366,2
298.46,4.138811920128191,2
298.47,4.477321818716297,2
298.48,4.658688977122861,2
298.49,4.2746232037009,2
298.5,4.089450970335785,2
298.51,4.003316816990584,2
298.52,4.15738727040148,2
298.53000000000003,4.361483594604482,2
298.54,4.5104991412559325,2
298.55,4.234175275954057,2
298.56,4.2055201680115175,2
298.57,4.0664653253729925,2
298.58,4.164344095505936,2
298.59000000000003,3.6870061434502013,2
298.6,3.711473804328279,2
298.61,3.2408299130235743,2
298.62,3.0094602770930883,2
298.63,3.570958059674452,2
298.64,4.093834442085387,2
298.65000000000003,3.900106673545347,2
298.66,4.049704499134393,2
298.67,4.181249916714503,2
298.68,4.550072499442956,2
298.69,4.564786539743823,2
298.7,4.21135243082273,2
298.71,3.9579023785978613,2
298.72,4.074389094476354,2
298.73,3.5491798669984758,2
298.74,3.1082306800218413,2
298.75,3.436956629179712,2
298.76,4.241878870824981,2
298.77,4.0409387716279435,2
298.78000000000003,3.9912235426563436,2
298.79,3.969190337197596,2
298.8,4.041525306775588,2
298.81,3.795017237155523,2
298.82,3.7863822467356916,2
298.83,4.033833333599068,2
298.84000000000003,3.866629776500303,2
298.85,3.883002680903155,2
298.86,4.18801828796338,2
298.87,4.160087667293416,2
298.88,3.7087386227244847,2
298.89,3.093606237877873,2
298.90000000000003,2.8607188113540514,2
298.91,3.3098287241123003,2
298.92,3.30502996474174,2
298.93,3.4729044748461626,2
298.94,3.89297932504184,2
298.95,3.5506344688115776,2
298.96,4.35031141627166,2
298.97,4.285645121954903,2
298.98,4.408892482507674,2
298.99,4.1681619474669285,2
299.0,3.877731935153749,2
299.01,3.8970988703599065,2
299.02,3.7345357117947633,2
299.03000000000003,3.786992116946105,2
299.04,3.2049626561840205,2
299.05,2.895176978051704,2
299.06,2.8591023497899175,2
299.07,2.650735990876618,2
299.08,3.6469057986550606,2
299.09000000000003,3.7339445412311045,2
299.1,3.8362037458377403,2
299.11,3.5431622443082262,2
299.12,3.391312861949753,2
299.13,3.3095070970509197,2
299.14,3.7035511611852074,2
299.15000000000003,3.331337040482701,2
299.16,3.3011561679206496,2
299.17,3.4961133905951973,2
299.18,2.891702855515032,2
299.19,2.531629871157627,2
299.2,2.2807204508277295,2
299.21,2.4002320816401888,2
299.22,2.4310703283305535,2
299.23,2.8514706517026,2
299.24,2.337389933653651,2
299.25,2.386157814214856,2
299.26,2.880576915942345,2
299.27,2.546494997692882,2
299.28000000000003,2.6590389640600933,2
299.29,3.0058188108199198,2
299.3,3.504003296726383,2
299.31,3.1983274325043034,2
299.32,3.3839845435739737,2
299.33,3.45717783546228,2
299.34000000000003,3.2172776437411783,2
299.35,2.946430902427736,2
299.36,2.6934488974423134,2
299.37,3.8760444886793364,2
299.38,4.222635114513319,2
299.39,4.219799220463562,2
299.40000000000003,3.958637139971037,2
299.41,4.1219182881984695,2
299.42,3.764924631643585,2
299.43,3.880607110257696,2
299.44,4.129585147753888,2
299.45,4.0710179641960895,2
299.46,3.8938949021426783,2
299.47,3.7585466177778013,2
299.48,4.057333312886397,2
299.49,4.03806053438784,2
299.5,4.503115127504297,2
299.51,3.935117566160238,2
299.52,3.5822997588923,2
299.53000000000003,3.647753926789029,2
299.54,3.8109992399274724,2
299.55,3.810826405515379,2
299.56,4.227038402096923,2
299.57,3.9366865645025544,2
299.58,3.947694525196274,2
299.59000000000003,4.260045022161355,2
299.6,4.7388896916073975,2
299.61,4.60707322119008,2
299.62,5.306999058651179,2
299.63,5.202442923484071,2
299.64,5.563122964595434,2
299.65000000000003,5.309207401684738,2
299.66,5.134626789477887,2
299.67,5.352979824854188,2
299.68,5.449638220899188,2
299.69,5.299773242448794,2
299.7,4.874197551197981,2
299.71,5.530753602227508,2
299.72,5.300247753935755,2
299.73,5.190298320607905,2
299.74,4.5256875813508985,2
299.75,4.31457586462383,2
299.76,4.534910231953262,2
299.77,4.44056135053745,2
299.78000000000003,5.1478914705065995,2
299.79,5.115579819664422,2
299.8,4.836314118757931,2
299.81,5.2376016913943,2
299.82,5.809098111881932,2
299.83,6.010049662688802,2
299.84000000000003,5.847308869634119,2
299.85,5.610594775427268,2
299.86,4.984736231874147,2
299.87,4.98694852490671,2
299.88,5.000419190805322,2
299.89,4.577348884042216,2
299.90000000000003,4.541544255158787,2
299.91,4.804796651841275,2
299.92,4.644432100158045,2
299.93,4.672135988303907,2
299.94,4.03566916719574,2
299.95,4.548335349563604,2
299.96,4.303809081339393,2
299.97,4.189452718955205,2
299.98,4.244058440437974,2
299.99,4.164000680217012,2
