time_s,current_nA,label
0.0,4.322864199457301,1
0.01,3.929661971293505,1
0.02,4.416018789207055,1
0.03,5.013146982441941,1
0.04,3.908863331833093,1
0.05,3.8426169651236486,1
0.06,5.015196003081993,1
0.07,4.558845625934555,1
0.08,3.7289221669782755,1
0.09,4.335763990752164,1
0.1,3.7194670266767935,1
0.11,3.6809890768897837,1
0.12,4.137851470027655,1
0.13,2.7668794853790493,1
0.14,2.8068361514685733,1
0.15,3.5635817446476263,1
0.16,3.3166607573074933,1
0.17,4.162892410746832,1
0.18,3.4206212415986856,1
0.19,3.0488937537972602,1
0.2,4.893888969854797,1
0.21,3.907143139317955,1
0.22,4.038242842171262,1
0.23,3.0778767078357974,1
0.24,3.5914613335856327,1
0.25,4.047457466884386,1
0.26,3.2560494993569016,1
0.27,4.199126718880919,1
0.28,3.6222358355663955,1
0.29,3.788074802163254,1
0.3,3.5968798216571054,1
0.31,5.177624489786705,1
0.32,4.061900079298707,1
0.33,3.3174405385023813,1
0.34,4.492737379927695,1
0.35000000000000003,3.237445545252533,1
0.36,4.089763478731949,1
0.37,2.733895109502379,1
0.38,3.0622681535664062,1
0.39,4.071465357214094,1
0.4,4.483426413523112,1
0.41000000000000003,4.140194285919531,1
0.42,3.9333757040905453,1
0.43,3.8006377490704253,1
0.44,3.0287304016264955,1
0.45,3.474668065728273,1
0.46,3.6696043161095475,1
0.47000000000000003,4.666067757846299,1
0.48,4.26291355780866,1
0.49,2.8718633292950044,1
0.5,4.142586859744051,1
0.51,3.7587026818052975,1
0.52,3.546315573534601,1
0.53,4.369652215643578,1
0.54,4.6911214655186,1
0.55,4.645708785210184,1
0.56,3.4942339068103596,1
0.5700000000000001,3.769028094773113,1
0.58,4.201074988434275,1
0.59,4.645026415034619,1
0.6,3.727799469641666,1
0.61,3.86320705020131,1
0.62,3.273970268900152,1
0.63,3.1803047341097272,1
0.64,4.478008556257385,1
0.65,4.9086483004158845,1
0.66,4.007796646803439,1
0.67,4.651588990320961,1
0.68,4.273735260061189,1
0.6900000000000001,3.597851745759848,1
0.7000000000000001,4.210355034231508,1
0.71,5.01054394499973,1
0.72,4.037387665537151,1
0.73,5.017429352591946,1
0.74,2.3612793088372275,1
0.75,4.434950893419325,1
0.76,4.082575711064208,1
0.77,3.8109499188838405,1
0.78,4.048194042974147,1
0.79,2.7132994004037547,1
0.8,3.7802684847704158,1
0.81,4.218521082142256,1
0.8200000000000001,4.972011698948226,1
0.8300000000000001,3.722051982937488,1
0.84,3.4587490674907015,1
0.85,3.6419704507638295,1
0.86,4.57245761741707,1
0.87,4.247650692726078,1
0.88,3.671135287397264,1
0.89,4.313290884425126,1
0.9,4.081784177001921,1
0.91,4.6333919580042835,1
0.92,3.582491149175395,1
0.93,3.762352784024186,1
0.9400000000000001,3.731330047679477,1
0.9500000000000001,3.03430894292565,1
0.96,4.134189943566164,1
0.97,4.177431613475326,1
0.98,4.013963655487664,1
0.99,3.8486308970473546,1
1.0,3.0725843483324073,1
1.01,3.671428199868711,1
1.02,3.757922593763491,1
1.03,3.464934641358777,1
1.04,3.863249240321515,1
1.05,4.25395484561315,1
1.06,5.239049299282323,1
1.07,4.187614096094543,1
1.08,4.1783629940885,1
1.09,3.96239911465172,1
1.1,2.752789643367758,1
1.11,3.9079644087638283,1
1.12,4.033556968105037,1
1.1300000000000001,5.600236199456826,1
1.1400000000000001,3.971204810109993,1
1.1500000000000001,4.193924932630724,1
1.16,3.9891134950374254,1
1.17,3.241074671391647,1
1.18,4.695961001461864,1
1.19,4.5296335764719595,1
1.2,4.545022438328913,1
1.21,3.4426644433177955,1
1.22,4.876733419556474,1
1.23,3.143042458914104,1
1.24,4.329352416629918,1
1.25,5.440992157981155,1
1.26,3.4437708905607725,1
1.27,3.599195894922771,1
1.28,4.040608443782988,1
1.29,3.6757669290830695,1
1.3,2.9744306975606953,1
1.31,3.9829514844699765,1
1.32,3.3097236911151326,1
1.33,4.265863898643431,1
1.34,3.419402777921013,1
1.35,4.9708064716574905,1
1.36,3.5500509808865726,1
1.37,3.7640402250360547,1
1.3800000000000001,4.513675931469077,1
1.3900000000000001,3.2322001598946692,1
1.4000000000000001,4.1015145990154664,1
1.41,4.854202930297529,1
1.42,3.008270524471033,1
1.43,4.06029202312958,1
1.44,4.172237000629704,1
1.45,4.517603529188361,1
1.46,3.228486786871179,1
1.47,3.0969587358940522,1
1.48,4.284468319576867,1
1.49,4.209760351419464,1
1.5,4.175112632930256,1
1.51,4.235292384275635,1
1.52,3.572897820312624,1
1.53,4.125066790543381,1
1.54,4.197657911120929,1
1.55,3.5483675976782867,1
1.56,5.183470563721824,1
1.57,4.37844474805231,1
1.58,3.249754493498817,1
1.59,4.380976254901628,1
1.6,3.3904568953918828,1
1.61,4.474110686874435,1
1.62,4.78017698853774,1
1.6300000000000001,3.514328176433635,1
1.6400000000000001,4.595926008258445,1
1.6500000000000001,4.303579773877249,1
1.6600000000000001,4.551591212850864,1
1.67,5.263789662780111,1
1.68,3.9166124673205083,1
1.69,3.505950907635196,1
1.7,3.3932143454326664,1
1.71,3.4342715341298398,1
1.72,3.9160304712632055,1
1.73,4.216311104214968,1
1.74,4.192503665701159,1
1.75,4.548250654818772,1
1.76,4.041331043080578,1
1.77,4.945574844534191,1
1.78,3.8850174767486756,1
1.79,5.758025539457692,1
1.8,4.511432617601549,1
1.81,3.4745373239417443,1
1.82,3.273646189603662,1
1.83,4.2694608395984615,1
1.84,3.8711785271037558,1
1.85,4.455534899009108,1
1.86,4.334382362674383,1
1.87,3.9728094351885,1
1.8800000000000001,3.448944291299405,1
1.8900000000000001,2.9840599306968802,1
1.9000000000000001,3.649331770520645,1
1.9100000000000001,4.534616232537327,1
1.92,4.170987192108819,1
1.93,3.201987853864263,1
1.94,4.064484068663376,1
1.95,4.253874113138085,1
1.96,3.441760158838826,1
1.97,4.066246907856402,1
1.98,4.041742315856344,1
1.99,3.2609123263289335,1
2.0,4.1877975351647425,1
2.0100000000000002,4.375121084781971,1
2.02,4.725222260685928,1
2.0300000000000002,4.727250609407519,1
2.04,3.1497632738558208,1
2.05,3.3404977650945504,1
2.06,4.294599655018131,1
2.07,4.351035175838824,1
2.08,4.355239957532645,1
2.09,6.521078106288263,1
2.1,4.521674974198129,1
2.11,4.76808835486244,1
2.12,4.665069259122891,1
2.13,4.462545653979695,1
2.14,3.82319692781621,1
2.15,4.481833014365235,1
2.16,3.5274786121665693,1
2.17,3.8179939499387454,1
2.18,3.6741617182682167,1
2.19,4.0335720145851175,1
2.2,5.503831796957309,1
2.21,2.8786942026855806,1
2.22,4.377987127546178,1
2.23,2.976302490202238,1
2.24,3.6323750947727484,1
2.25,4.68448517278307,1
2.2600000000000002,4.0827758473477225,1
2.27,3.305694543489608,1
2.2800000000000002,3.494231921503882,1
2.29,4.410596605824074,1
2.3000000000000003,3.550752785155937,1
2.31,4.113489765445733,1
2.32,4.036377714737816,1
2.33,3.579405496720182,1
2.34,5.365817311634238,1
2.35,4.493254049227679,1
2.36,2.7156241147748625,1
2.37,4.043914403247744,1
2.38,3.5732486503775185,1
2.39,4.527478340406837,1
2.4,3.517438305736991,1
2.41,3.896601974062686,1
2.42,4.321446481953735,1
2.43,4.581013818265751,1
2.44,3.256073777498236,1
2.45,3.7383303426644563,1
2.46,3.6761415553389587,1
2.47,3.556669576546331,1
2.48,5.118877986937259,1
2.49,4.3298965355239565,1
2.5,3.2016957861463045,1
2.5100000000000002,4.5476371460240586,1
2.52,5.409774595407267,1
2.5300000000000002,4.754479821580568,1
2.54,3.0594575770677754,1
2.5500000000000003,3.629382371944623,1
2.56,4.799771566779274,1
2.57,3.5888298611496126,1
2.58,4.263292683048124,1
2.59,4.518402556708233,1
2.6,3.42968483334714,1
2.61,3.9271593160205294,1
2.62,1.8926014899160801,1
2.63,3.208903736694228,1
2.64,3.7886606969672902,1
2.65,3.1777217961498576,1
2.66,5.0098190120687995,1
2.67,3.1326720191176056,1
2.68,3.6624467210462384,1
2.69,4.064575074105116,1
2.7,4.939014332192349,1
2.71,3.1247119350723023,1
2.72,4.702177026393976,1
2.73,4.0487701277701245,1
2.74,3.366094984999923,1
2.75,4.261791808833428,1
2.7600000000000002,4.144863200820932,1
2.77,3.6192537088109042,1
2.7800000000000002,4.022444835698532,1
2.79,3.751344075557284,1
2.8000000000000003,4.058733983903394,1
2.81,4.433133586102261,1
2.82,5.0550416328971,1
2.83,3.260171973641169,1
2.84,5.339584112760481,1
2.85,2.81380397905823,1
2.86,3.8303456756496037,1
2.87,4.371537973006734,1
2.88,4.204607935504695,1
2.89,3.608251003570607,1
2.9,3.84145932006302,1
2.91,3.6706142828356167,1
2.92,3.597839943442715,1
2.93,4.527116828971738,1
2.94,4.263268990881486,1
2.95,3.566216337710026,1
2.96,4.557659418452341,1
2.97,4.2328443890673455,1
2.98,4.541379134422337,1
2.99,4.441004165375377,1
3.0,3.4885842914925225,1
3.0100000000000002,3.605853384113349,1
3.02,4.461216924539145,1
3.0300000000000002,4.423698910914149,1
3.04,4.011860375492176,1
3.0500000000000003,4.076837024873149,1
3.06,4.833596188018509,1
3.0700000000000003,3.666187131111225,1
3.08,4.33494384455838,1
3.09,3.8889081852877823,1
3.1,3.85209662565918,1
3.11,4.7040440233150544,1
3.12,4.5777966603813685,1
3.13,4.5624963985781255,1
3.14,4.880782221211461,1
3.15,4.066474833682324,1
3.16,4.446459316994282,1
3.17,3.8254775066394258,1
3.18,4.199857162920461,1
3.19,3.927550849097709,1
3.2,4.058586840591076,1
3.21,4.389670315418744,1
3.22,3.4924949561634837,1
3.23,5.327151126194148,1
3.24,3.426895871180606,1
3.25,3.177813035482946,1
3.2600000000000002,4.702084638491241,1
3.27,4.555778748908728,1
3.2800000000000002,4.438293727448682,1
3.29,4.43398637758139,1
3.3000000000000003,4.018093121947736,1
3.31,3.4189209799790574,1
3.3200000000000003,4.014319450325375,1
3.33,3.561497048076789,1
3.34,4.606375730864556,1
3.35,3.940967458142625,1
3.36,3.460851572110397,1
3.37,3.7591266577167324,1
3.38,4.2534694793394,1
3.39,3.6494473618374093,1
3.4,3.445486449814905,1
3.41,4.124840503355632,1
3.42,4.166431832118654,1
3.43,3.6810665042252597,1
3.44,3.6752407033173347,1
3.45,4.131075158265391,1
3.46,3.0683054737859163,1
3.47,3.0308950924314937,1
3.48,3.4757062993572476,1
3.49,3.8300516876815682,1
3.5,4.191528929071557,1
3.5100000000000002,4.968745553634877,1
3.52,4.6145991217954005,1
3.5300000000000002,3.933103199630657,1
3.54,3.983647925864529,1
3.5500000000000003,3.3485488054618235,1
3.56,3.948901069831268,1
3.5700000000000003,3.8096439840052274,1
3.58,4.197967782108772,1
3.59,3.475146686467126,1
3.6,4.305475852164658,1
3.61,5.012813923167561,1
3.62,3.990202102997836,1
3.63,4.260054319063761,1
3.64,4.463388657253074,1
3.65,3.767479863908843,1
3.66,4.131446480412497,1
3.67,4.016057102940282,1
3.68,4.0643385061593715,1
3.69,3.50230918775839,1
3.7,3.986041461774158,1
3.71,4.322278193676999,1
3.72,4.960880667855356,1
3.73,4.680055518225703,1
3.74,5.43785043360929,1
3.75,3.5883937162625994,1
3.7600000000000002,4.5412905014884775,1
3.77,4.151435030265101,1
3.7800000000000002,5.429893628953125,1
3.79,3.5613462939238034,1
3.8000000000000003,3.428844940595574,1
3.81,3.576827398591397,1
3.8200000000000003,2.5965646216084615,1
3.83,3.574668801198181,1
3.84,3.481932884084803,1
3.85,4.06649581487409,1
3.86,4.225730918137672,1
3.87,5.230857801524694,1
3.88,4.690513964419938,1
3.89,3.667119047537238,1
3.9,3.3971096993786243,1
3.91,4.282997979085909,1
3.92,3.160374359747533,1
3.93,5.1379259206288745,1
3.94,4.833530444574325,1
3.95,3.7455970832526067,1
3.96,2.873204555670181,1
3.97,4.810823857670428,1
3.98,3.9743326644930153,1
3.99,4.8015910117952965,1
4.0,3.0135846448133887,1
4.01,3.551923214826224,1
4.0200000000000005,3.976517657046145,1
4.03,4.029073428515333,1
4.04,3.7097289006249623,1
4.05,4.386706798598334,1
4.0600000000000005,3.3304993709520354,1
4.07,3.8674500311868285,1
4.08,4.070098289695018,1
4.09,4.33798870340268,1
4.1,4.481995652872271,1
4.11,3.299219397109749,1
4.12,2.9625754847647316,1
4.13,4.766748233617429,1
4.14,4.261619843851821,1
4.15,3.5300574606953252,1
4.16,4.978235747610283,1
4.17,4.133747195799719,1
4.18,4.773186979643899,1
4.19,4.090199163846731,1
4.2,5.342484852049667,1
4.21,5.219465038216919,1
4.22,3.9116327564675375,1
4.23,4.625081320585886,1
4.24,4.456243475797605,1
4.25,4.915382378252585,1
4.26,3.428852671664411,1
4.2700000000000005,4.410861205375189,1
4.28,4.711388115593482,1
4.29,2.901562201253413,1
4.3,3.1663613595212907,1
4.3100000000000005,2.6268688188605536,1
4.32,3.742813176936153,1
4.33,4.450130975509171,1
4.34,5.001780599806049,1
4.3500000000000005,4.108181674205566,1
4.36,5.063183806859345,1
4.37,3.1683412551465726,1
4.38,2.8448966440795718,1
4.39,3.8946528437669303,1
4.4,4.242871950710789,1
4.41,3.9933590181264362,1
4.42,2.658185264262713,1
4.43,3.8616674546313807,1
4.44,3.1453224773497714,1
4.45,4.383222282061026,1
4.46,4.260852890214309,1
4.47,3.405829963128962,1
4.48,3.630938067890215,1
4.49,3.290607892030205,1
4.5,3.91676846095822,1
4.51,4.614730091888988,1
4.5200000000000005,3.3973162147115348,1
4.53,4.290878941827629,1
4.54,3.673406245349657,1
4.55,3.4659655313654962,1
4.5600000000000005,3.8985135363389056,1
4.57,3.3222156282017616,1
4.58,3.600109242948166,1
4.59,3.1987887051694677,1
4.6000000000000005,5.226697857712404,1
4.61,4.096481884689052,1
4.62,3.551786749870725,1
4.63,4.11194356474659,1
4.64,3.9338349238987176,1
4.65,3.852658623269541,1
4.66,4.389648649501096,1
4.67,4.514871847385421,1
4.68,3.686687810864475,1
4.69,3.607593727004856,1
4.7,3.7979941211093364,1
4.71,2.49432656624706,1
4.72,2.9265597754630965,1
4.73,4.822461175558596,1
4.74,5.116650336808647,1
4.75,3.905417229371191,1
4.76,4.368411879891991,1
4.7700000000000005,4.224052822228315,1
4.78,6.011110156373345,1
4.79,4.847079218129286,1
4.8,3.967828117147517,1
4.8100000000000005,3.378087390953377,1
4.82,2.920376372124183,1
4.83,4.067235678553458,1
4.84,3.5132918845245484,1
4.8500000000000005,3.0479981390081905,1
4.86,3.5233646859269387,1
4.87,3.2696622308951264,1
4.88,5.050846061172677,1
4.89,4.635084157130379,1
4.9,4.032932168972699,1
4.91,4.962206524581785,1
4.92,4.107931188910109,1
4.93,3.4476497515552134,1
4.94,4.9551059734050895,1
4.95,4.406966793552192,1
4.96,3.351422679492128,1
4.97,3.83758811705675,1
4.98,3.422128819369184,1
4.99,3.0681272384355482,1
5.0,4.545018435446694,1
5.01,5.271585890720043,1
5.0200000000000005,3.1688640298706083,1
5.03,4.315402577758115,1
5.04,3.5967684229048067,1
5.05,3.65974505649465,1
5.0600000000000005,3.5952223784419317,1
5.07,3.4151311230387433,1
5.08,3.9963901040563172,1
5.09,3.4606389187814135,1
5.1000000000000005,4.1431185520928,1
5.11,3.97599117356785,1
5.12,3.8435230612319553,1
5.13,3.40175781022008,1
5.14,3.5898795346364425,1
5.15,4.465512464268753,1
5.16,4.352940318285073,1
5.17,3.3869102808371707,1
5.18,4.027664291796258,1
5.19,4.489181572127061,1
5.2,2.946192426832733,1
5.21,4.2893193660413464,1
5.22,3.5874296874472353,1
5.23,4.345466713465783,1
5.24,3.525503369430302,1
5.25,2.8004704527612008,1
5.26,2.872031584087929,1
5.2700000000000005,3.9635208002627853,1
5.28,4.166326724826534,1
5.29,3.423232801586413,1
5.3,4.379731239472731,1
5.3100000000000005,2.944741565103369,1
5.32,3.893810007857422,1
5.33,3.2078862370801664,1
5.34,3.5295430400212338,1
5.3500000000000005,4.00252621231066,1
5.36,3.441890476591232,1
5.37,3.7170026605003548,1
5.38,4.635932061494669,1
5.39,3.6638517805500213,1
5.4,4.522052338332889,1
5.41,3.298336633519865,1
5.42,4.301652483877709,1
5.43,4.953430596463859,1
5.44,2.4535313421072233,1
5.45,3.39016317256407,1
5.46,4.337830889879195,1
5.47,3.888528129758989,1
5.48,4.234121873283384,1
5.49,3.6221642408439547,1
5.5,4.03351181491314,1
5.51,3.9010028124792107,1
5.5200000000000005,4.751750971922568,1
5.53,4.210180665686015,1
5.54,4.231657219038476,1
5.55,3.7466617357019456,1
5.5600000000000005,3.6684266721528083,1
5.57,3.699449327631656,1
5.58,4.2378989270897724,1
5.59,3.7411270190311674,1
5.6000000000000005,4.172481935858567,1
5.61,5.356929026997006,1
5.62,4.646626663998239,1
5.63,3.827264095385552,1
5.64,4.769018207680589,1
5.65,3.78136997866184,1
5.66,2.664488006577174,1
5.67,3.2657937027120134,1
5.68,2.7421236735413053,1
5.69,3.6964552973734164,1
5.7,3.9937376953824195,1
5.71,5.087345314573341,1
5.72,4.277360661918221,1
5.73,3.8744828747371147,1
5.74,4.530611320783832,1
5.75,2.597188089229363,1
5.76,4.068704830541622,1
5.7700000000000005,4.504281940396735,1
5.78,3.07090736233462,1
5.79,4.686355171048261,1
5.8,4.260807577257745,1
5.8100000000000005,3.7461976355462934,1
5.82,4.395339048797133,1
5.83,5.4970115945038955,1
5.84,4.207820786089184,1
5.8500000000000005,4.173521948326782,1
5.86,3.7123646690305736,1
5.87,3.431338254402543,1
5.88,4.504626207191572,1
5.89,3.4748256067495937,1
5.9,4.014923782604834,1
5.91,3.6909774496523644,1
5.92,4.2922346220425105,1
5.93,4.234023709115835,1
5.94,4.687227370079253,1
5.95,3.7103202401519635,1
5.96,3.8075165448337014,1
5.97,3.3534007634765137,1
5.98,3.672933718558223,1
5.99,4.225179504001617,1
6.0,4.504666895831054,1
6.01,3.4319524592555952,1
6.0200000000000005,4.530142639350489,1
6.03,4.9113856402275085,1
6.04,4.322931670539939,1
6.05,5.2370953474631525,1
6.0600000000000005,3.5721688910633924,1
6.07,3.1667621353000994,1
6.08,2.795920545392856,1
6.09,4.898432085170439,1
6.1000000000000005,4.478477303632311,1
6.11,3.99264369482736,1
6.12,4.181210370165918,1
6.13,3.2806227509293797,1
6.140000000000001,5.543712041967579,1
6.15,4.176465165703658,1
6.16,4.081566419125179,1
6.17,4.475792378120723,1
6.18,4.340640255098492,1
6.19,4.165700850603754,1
6.2,3.49705934398089,1
6.21,4.275725877447584,1
6.22,5.237655521347721,1
6.23,4.947206800544427,1
6.24,5.09053800634305,1
6.25,3.7337407523229884,1
6.26,3.341940193544808,1
6.2700000000000005,3.878902216937015,1
6.28,4.028890069072302,1
6.29,4.711676532811566,1
6.3,2.9445805516512156,1
6.3100000000000005,4.929091353352567,1
6.32,3.9532253830486295,1
6.33,3.7202207286856352,1
6.34,3.3265306295896604,1
6.3500000000000005,2.885872929076479,1
6.36,4.467249277374216,1
6.37,4.075605775950206,1
6.38,3.1675723767573585,1
6.390000000000001,3.1097697491055816,1
6.4,3.7287193527250913,1
6.41,5.066632636766757,1
6.42,3.8955675755435903,1
6.43,3.0184513979260075,1
6.44,3.7816618708389558,1
6.45,3.8099487661869613,1
6.46,2.238778810376282,1
6.47,3.859098647655462,1
6.48,3.841708911236792,1
6.49,4.442221375928229,1
6.5,5.226189515175898,1
6.51,4.804519370618942,1
6.5200000000000005,3.873808396795038,1
6.53,3.274482465712666,1
6.54,5.626139274448946,1
6.55,4.13599099053905,1
6.5600000000000005,4.017197187210214,1
6.57,3.985378776412576,1
6.58,4.1276458529542115,1
6.59,3.913993537394393,1
6.6000000000000005,3.6226310974754248,1
6.61,3.6225399558848412,1
6.62,3.9561011275902587,1
6.63,3.6447763466593095,1
6.640000000000001,3.5161716036059185,1
6.65,4.0400253085764755,1
6.66,3.8369649195107987,1
6.67,4.966052079391038,1
6.68,2.337937180491015,1
6.69,4.608477470132088,1
6.7,4.845004789161297,1
6.71,2.705424690074981,1
6.72,3.699979851238378,1
6.73,3.7409972058231027,1
6.74,3.0712255042492522,1
6.75,3.4396035493639388,1
6.76,3.2458024586943415,1
6.7700000000000005,5.091671930858688,1
6.78,4.672595540630555,1
6.79,4.865377483359836,1
6.8,4.520164373023137,1
6.8100000000000005,3.29864839269886,1
6.82,3.617594972507885,1
6.83,4.294576078670917,1
6.84,3.224722667699123,1
6.8500000000000005,4.416097379368885,1
6.86,3.8690357681943746,1
6.87,3.7489475569276056,1
6.88,4.4462282595936875,1
6.890000000000001,4.315024591313886,1
6.9,3.7846961788935305,1
6.91,4.739288504073803,1
6.92,3.34293213181114,1
6.93,4.360212778012043,1
6.94,4.406434030226024,1
6.95,3.8235433521339033,1
6.96,4.201017145911768,1
6.97,3.2003023267879356,1
6.98,4.5515536157234875,1
6.99,3.913123358808308,1
7.0,3.6556295755454746,1
7.01,4.659965323932985,1
7.0200000000000005,3.5825993457130516,1
7.03,3.0611055036085792,1
7.04,2.9336802656466103,1
7.05,4.3292176133906874,1
7.0600000000000005,3.1889734307477866,1
7.07,5.08989966380997,1
7.08,2.714577918338059,1
7.09,5.0235846709466365,1
7.1000000000000005,4.1983293208996155,1
7.11,3.94914949290174,1
7.12,3.643389693314821,1
7.13,4.237574445625386,1
7.140000000000001,3.9898359824640446,1
7.15,4.715244355183826,1
7.16,4.117028866093711,1
7.17,4.104541865301653,1
7.18,3.770350383841788,1
7.19,3.9492730540634873,1
7.2,4.196667080254057,1
7.21,2.9021932706639273,1
7.22,3.05938987101535,1
7.23,4.425814650316627,1
7.24,4.136411320993655,1
7.25,3.888810965217872,1
7.26,4.005289127257941,1
7.2700000000000005,4.2258384188614615,1
7.28,3.663338601148876,1
7.29,3.474813682119552,1
7.3,4.095558891195106,1
7.3100000000000005,3.3709369562568705,1
7.32,4.227142422199933,1
7.33,2.9089430214492493,1
7.34,4.602282547797005,1
7.3500000000000005,4.342771878838944,1
7.36,4.1866858151595245,1
7.37,4.6487995033825396,1
7.38,5.119535997095156,1
7.390000000000001,4.725324819052771,1
7.4,2.8491070035658836,1
7.41,3.1007198467121544,1
7.42,3.5406428121573565,1
7.43,3.989367197314296,1
7.44,4.335234188011507,1
7.45,3.54923045857924,1
7.46,4.094133510290218,1
7.47,3.5155336994718174,1
7.48,3.574161570942975,1
7.49,3.0617672586748808,1
7.5,3.3446855823648063,1
7.51,3.0836690381714944,1
7.5200000000000005,3.3118453290093846,1
7.53,4.642344015147239,1
7.54,3.422543161388585,1
7.55,5.673318267912774,1
7.5600000000000005,4.42047802930242,1
7.57,4.145155708911523,1
7.58,3.4517819695010585,1
7.59,4.421488238470335,1
7.6000000000000005,3.6517988107505217,1
7.61,4.058271427973268,1
7.62,5.664553236010989,1
7.63,4.037546750755872,1
7.640000000000001,4.7479346049712285,1
7.65,3.588634858164427,1
7.66,3.952616546110069,1
7.67,5.146103701168976,1
7.68,3.661971847353047,1
7.69,5.155687396774934,1
7.7,4.528551185480786,1
7.71,3.6667683462713883,1
7.72,4.390330546980958,1
7.73,4.654441310422795,1
7.74,4.442714780463624,1
7.75,3.00775563825084,1
7.76,3.4686776915613717,1
7.7700000000000005,3.807523406296128,1
7.78,3.9401568410945846,1
7.79,4.399119432772688,1
7.8,4.139244718945156,1
7.8100000000000005,3.141944611529165,1
7.82,4.19520004728936,1
7.83,4.40787770784316,1
7.84,4.3876809082789245,1
7.8500000000000005,4.724502672543104,1
7.86,4.584542992184342,1
7.87,4.333001905947931,1
7.88,3.9744545698089486,1
7.890000000000001,2.9207877438425056,1
7.9,4.213996000546226,1
7.91,4.147593543005141,1
7.92,4.185063823029355,1
7.930000000000001,3.1827123977739276,1
7.94,3.2495419691595364,1
7.95,4.638288573006957,1
7.96,4.012632785630323,1
7.97,4.442935345699235,1
7.98,4.044949902853635,1
7.99,4.022003638770501,1
8.0,4.610105910362354,1
8.01,3.701781597987879,1
8.02,4.044472838184115,1
8.03,3.702730782374606,1
8.040000000000001,3.7002501180474963,1
8.05,3.7814151843582655,1
8.06,4.131011731781754,1
8.07,3.697234740744757,1
8.08,4.796605006703824,1
8.09,3.467349188224101,1
8.1,3.846793219543068,1
8.11,3.705497354504702,1
8.120000000000001,4.921170975559014,1
8.13,4.182800686831976,1
8.14,4.680458645260883,1
8.15,3.0769529489952294,1
8.16,4.117887119232426,1
8.17,4.584291437807063,1
8.18,4.088445720228644,1
8.19,4.696621250992469,1
8.2,3.706165555668342,1
8.21,4.896795346235553,1
8.22,5.545399365215126,1
8.23,3.8573038015011236,1
8.24,3.7023832970900696,1
8.25,4.9251409149388685,1
8.26,5.080380583920646,1
8.27,3.7255761151822564,1
8.28,3.7109051976295673,1
8.290000000000001,3.7998243013453035,1
8.3,3.1156710512667556,1
8.31,3.350892289724303,1
8.32,3.309537942959483,1
8.33,3.46040299236046,1
8.34,3.9451196206475387,1
8.35,4.148672475077477,1
8.36,5.01492994763474,1
8.370000000000001,3.4131347977688886,1
8.38,4.603444951308317,1
8.39,3.897364541016424,1
8.4,3.9617483859064486,1
8.41,4.435547322389981,1
8.42,3.2976782944522287,1
8.43,4.205979209879814,1
8.44,4.120357763257285,1
8.45,4.326738099935167,1
8.46,4.207225272178911,1
8.47,5.605503316013799,1
8.48,3.6825460377307495,1
8.49,3.636426568098531,1
8.5,3.5738739836764712,1
8.51,3.6140228057684727,1
8.52,3.563286150915294,1
8.53,4.745265510640278,1
8.540000000000001,4.966380203372204,1
8.55,3.687666096508939,1
8.56,3.4412035773449436,1
8.57,4.27234027279477,1
8.58,3.658042121086774,1
8.59,4.390147010899946,1
8.6,4.155071150209517,1
8.61,3.0258456138368914,1
8.620000000000001,4.945616904146463,1
8.63,5.2219544304125805,1
8.64,3.675722226208361,1
8.65,3.7289913394254866,1
8.66,4.169217220270261,1
8.67,4.2271582794451374,1
8.68,4.440912082506881,1
8.69,5.3307336152740685,1
8.700000000000001,3.9650355339630527,1
8.71,3.4799437729874025,1
8.72,3.0738543867099843,1
8.73,3.4701826964449456,1
8.74,3.9467172229226235,1
8.75,5.161164118883096,1
8.76,3.7338286540073375,1
8.77,4.129229819828469,1
8.78,3.9970981388553324,1
8.790000000000001,4.770889842306962,1
8.8,5.685800290757804,1
8.81,3.756704991524873,1
8.82,3.6678398223119033,1
8.83,4.65755218972247,1
8.84,4.481884067270477,1
8.85,5.22711021010258,1
8.86,4.452496121105547,1
8.870000000000001,3.794030659018075,1
8.88,4.370875790257586,1
8.89,4.741611522034016,1
8.9,4.57684927942194,1
8.91,4.363745031245454,1
8.92,4.713914115486074,1
8.93,4.801507671388491,1
8.94,4.944875220399117,1
8.950000000000001,4.477594265264885,1
8.96,3.9202246081567167,1
8.97,4.090405562889716,1
8.98,4.788242273767083,1
8.99,3.517243026804551,1
9.0,4.210240495690924,1
9.01,3.757404823072079,1
9.02,4.0040947625262175,1
9.03,4.829742259128612,1
9.040000000000001,4.173775142260726,1
9.05,4.040555885089898,1
9.06,3.1201193276651944,1
9.07,4.4313980736827085,1
9.08,4.444692704749674,1
9.09,5.4302638423905565,1
9.1,3.886120403034038,1
9.11,4.135358300098626,1
9.120000000000001,4.1699288504332,1
9.13,5.033693078479974,1
9.14,4.0001910849573985,1
9.15,4.1810487073232965,1
9.16,4.405283773568949,1
9.17,4.145394426937773,1
9.18,3.719064614430122,1
9.19,4.109075082212546,1
9.200000000000001,4.703147860620484,1
9.21,3.376156032791007,1
9.22,4.048843935374512,1
9.23,3.5486719863227068,1
9.24,4.748301162770367,1
9.25,3.0566103171447367,1
9.26,3.5807519464699347,1
9.27,4.2195910997656245,1
9.28,5.028932770403264,1
9.290000000000001,4.019075293692138,1
9.3,3.6409149943969803,1
9.31,5.199004056596975,1
9.32,3.1324269118981407,1
9.33,2.5212966653997704,1
9.34,4.196771911380989,1
9.35,3.686059001912993,1
9.36,3.3185581286740264,1
9.370000000000001,4.418715654176695,1
9.38,4.183307899181474,1
9.39,3.645007931016341,1
9.4,3.1480019234640384,1
9.41,4.514955683360896,1
9.42,4.452766685399561,1
9.43,3.9628178300485835,1
9.44,5.1959206039317545,1
9.450000000000001,3.37745326613258,1
9.46,2.972842308592864,1
9.47,3.4894405554281227,1
9.48,3.9397889064224234,1
9.49,4.154273012590681,1
9.5,3.852735443816358,1
9.51,4.219587858166229,1
9.52,3.2011402671410205,1
9.53,4.888824681062502,1
9.540000000000001,4.000027418448552,1
9.55,4.724935520881227,1
9.56,4.265866256202263,1
9.57,4.312306684726863,1
9.58,4.3884199044693535,1
9.59,4.313791466976581,1
9.6,4.435844618295423,1
9.61,4.888543311100979,1
9.620000000000001,4.180821221893345,1
9.63,4.470871433421921,1
9.64,3.970029170143089,1
9.65,4.9325914839294835,1
9.66,3.617092585216673,1
9.67,5.145527836387046,1
9.68,4.042676029429262,1
9.69,3.074232261582693,1
9.700000000000001,4.027571788084224,1
9.71,3.559768278806799,1
9.72,4.519019963824155,1
9.73,3.607699869791503,1
9.74,3.6869652658935035,1
9.75,2.755229196770125,1
9.76,3.6318443198256185,1
9.77,2.405227592642386,1
9.78,2.8766316574548756,1
9.790000000000001,4.425976938632223,1
9.8,4.535408504315021,1
9.81,4.308173691256796,1
9.82,3.3910883105917,1
9.83,3.932508789760595,1
9.84,3.9936130957478198,1
9.85,3.2480362464146064,1
9.86,4.930330508986076,1
9.870000000000001,4.625077880004182,1
9.88,3.8941367209893856,1
9.89,4.011092513812321,1
9.9,4.135870348286394,1
9.91,2.683415540042901,1
9.92,3.7606290920490757,1
9.93,3.5431466253194945,1
9.94,3.322708743107675,1
9.950000000000001,3.776976518085874,1
9.96,5.153009643921995,1
9.97,4.484977976286267,1
9.98,3.658501217172935,1
9.99,4.351018355040303,1
10.0,4.929003413042919,1
10.01,4.655669301871095,1
10.02,4.078030068123514,1
10.03,3.5849304970621,1
10.040000000000001,4.428123325840084,1
10.05,4.280992107085993,1
10.06,4.597686799036716,1
10.07,4.447979057984988,1
10.08,4.707858924586925,1
10.09,3.695195437777823,1
10.1,4.836475128153617,1
10.11,4.178396850754028,1
10.120000000000001,5.357193133838672,1
10.13,3.634266583043272,1
10.14,5.104399558122653,1
10.15,4.1946742183454075,1
10.16,3.589021596996202,1
10.17,3.661382160561316,1
10.18,3.7718323235922293,1
10.19,4.26152108296697,1
10.200000000000001,4.354922063141105,1
10.21,3.6490621554289464,1
10.22,3.9631417649206946,1
10.23,5.387755522793071,1
10.24,5.204145344039299,1
10.25,4.355348146959263,1
10.26,4.045978645467573,1
10.27,4.080638517821656,1
10.28,4.4029065301160655,1
10.290000000000001,3.3605569706728278,1
10.3,3.7946400709704067,1
10.31,2.9050527597930262,1
10.32,4.193330683087223,1
10.33,4.431519299815776,1
10.34,3.7123857953684865,1
10.35,5.003991318949456,1
10.36,3.2649272370709586,1
10.370000000000001,3.0057668254663055,1
10.38,4.0859768461900945,1
10.39,4.684546297871591,1
10.4,5.133653805546129,1
10.41,3.770281836132373,1
10.42,4.6860962574231095,1
10.43,4.016180365801815,1
10.44,3.88896523303199,1
10.450000000000001,4.566682059048816,1
10.46,4.457246888608715,1
10.47,3.0046259530360073,1
10.48,4.898299674692877,1
10.49,4.949341197935142,1
10.5,3.6510772841615706,1
10.51,4.23587342611687,1
10.52,4.334693490180558,1
10.53,4.189214293905688,1
10.540000000000001,3.6542989451815453,1
10.55,3.5434892553869197,1
10.56,3.956029134398817,1
10.57,4.758262280518521,1
10.58,4.39819925169299,1
10.59,3.7834266489750896,1
10.6,4.487706059303751,1
10.61,2.1810454599414992,1
10.620000000000001,4.636215165136358,1
10.63,2.9093962540470875,1
10.64,3.6994016015710627,1
10.65,3.255489859503391,1
10.66,3.1153025754372763,1
10.67,4.70009617442524,1
10.68,3.738547693396165,1
10.69,4.2091346096602775,1
10.700000000000001,3.9821046468819388,1
10.71,4.30844417550988,1
10.72,4.06835091706783,1
10.73,3.1716585636318815,1
10.74,4.596706263318256,1
10.75,3.7154388128102003,1
10.76,2.9729709374989453,1
10.77,3.660604747978968,1
10.78,4.953372676684982,1
10.790000000000001,4.608850836637957,1
10.8,3.8103154536234496,1
10.81,3.76201041935632,1
10.82,3.777034494172716,1
10.83,5.33407627306337,1
10.84,4.327855352951616,1
10.85,4.298694789473285,1
10.86,4.686399414002196,1
10.870000000000001,4.196117282992698,1
10.88,3.84369299477019,1
10.89,3.863224114233797,1
10.9,3.945336477240546,1
10.91,3.9725693241854776,1
10.92,4.470461268672941,1
10.93,4.061931670411028,1
10.94,4.479073988662666,1
10.950000000000001,3.9763731857958025,1
10.96,4.049603178728301,1
10.97,2.7064857484799845,1
10.98,4.516929063452244,1
10.99,4.255827496113449,1
11.0,4.662887496546505,1
11.01,2.160598928018237,1
11.02,5.244633892358175,1
11.03,3.984108242358623,1
11.040000000000001,4.718067582503626,1
11.05,3.3683629892497837,1
11.06,4.35968722576174,1
11.07,3.3380947249394772,1
11.08,3.5555663267417836,1
11.09,5.21521292382284,1
11.1,3.9491925144928905,1
11.11,4.138028292604906,1
11.120000000000001,4.572806825424912,1
11.13,4.3559811660040975,1
11.14,4.118955009507698,1
11.15,4.24393456280338,1
11.16,5.574041672576032,1
11.17,4.057057757057311,1
11.18,4.1339023477641925,1
11.19,4.689729124292489,1
11.200000000000001,4.75868097231973,1
11.21,4.815700479298041,1
11.22,4.463368684920774,1
11.23,3.2861874493238377,1
11.24,5.016988904955957,1
11.25,3.3172372622244253,1
11.26,4.155392885394454,1
11.27,3.519927569040956,1
11.28,3.929580838382047,1
11.290000000000001,4.20908541816877,1
11.3,4.221050988191104,1
11.31,4.287017457177879,1
11.32,5.064243627830501,1
11.33,4.358120800087958,1
11.34,3.863071355890401,1
11.35,4.617311941738718,1
11.36,4.808801599061265,1
11.370000000000001,3.2520206122514272,1
11.38,4.342731693858629,1
11.39,4.4755050723581995,1
11.4,3.835462490356072,1
11.41,4.882726149869671,1
11.42,3.955603160751456,1
11.43,4.078813827480468,1
11.44,3.892434820472136,1
11.450000000000001,4.0036542262362795,1
11.46,3.2889242454041967,1
11.47,3.022988759679804,1
11.48,4.975940363710173,1
11.49,3.509023383652481,1
11.5,3.327297350740881,1
11.51,2.562456005245487,1
11.52,3.4991704836018895,1
11.53,3.1114912740865197,1
11.540000000000001,5.012076440635212,1
11.55,4.715923143260574,1
11.56,3.5964635260635482,1
11.57,5.437233359051561,1
11.58,4.723231866803756,1
11.59,3.832633908110847,1
11.6,2.368271261127508,1
11.61,5.3885261283271255,1
11.620000000000001,3.181716729948948,1
11.63,2.8833206705395007,1
11.64,4.596472534923969,1
11.65,5.618770332206527,1
11.66,4.9952824924976245,1
11.67,4.425597509045882,1
11.68,4.4114296826392785,1
11.69,4.5784064976939876,1
11.700000000000001,4.5271192261794635,1
11.71,4.214072288556077,1
11.72,4.08045302966875,1
11.73,3.964214948634548,1
11.74,3.508658848080707,1
11.75,3.7884094168454205,1
11.76,2.8888651811559267,1
11.77,3.8695263145545584,1
11.78,3.3507450536849817,1
11.790000000000001,3.2450040107080027,1
11.8,4.0714207729651095,1
11.81,4.907456621404113,1
11.82,4.650277792024838,1
11.83,3.020030417593242,1
11.84,3.2991024451630624,1
11.85,4.568345724192957,1
11.86,3.3966344843277483,1
11.870000000000001,3.8180495793125324,1
11.88,4.345972697919071,1
11.89,3.3924684507322223,1
11.9,4.031918785536029,1
11.91,3.136360772527445,1
11.92,3.557996912309313,1
11.93,4.1809635897304025,1
11.94,2.9772773717050436,1
11.950000000000001,4.22442940187649,1
11.96,4.000724191750899,1
11.97,4.358514925808058,1
11.98,4.16679286694671,1
11.99,4.895101368165435,1
12.0,4.13495536404368,1
12.01,3.7294865775740895,1
12.02,4.063119354535286,1
12.030000000000001,4.356294648326882,1
12.040000000000001,4.053079506786568,1
12.05,4.029521834590847,1
12.06,3.5462987838065967,1
12.07,3.5426686239877765,1
12.08,3.0625092185453173,1
12.09,5.078926585766762,1
12.1,3.257681124278002,1
12.11,3.50588391891623,1
12.120000000000001,3.5042296068633028,1
12.13,4.550906615849225,1
12.14,3.8416825083270574,1
12.15,4.800072123269815,1
12.16,3.6110241161330805,1
12.17,4.157680934932803,1
12.18,3.467463508736775,1
12.19,5.359882656180295,1
12.200000000000001,3.311044729949086,1
12.21,4.159683328383781,1
12.22,4.4207937847871746,1
12.23,4.293732458970153,1
12.24,3.897403951288477,1
12.25,3.9096128094170837,1
12.26,4.023002919712523,1
12.27,3.906001021538503,1
12.280000000000001,4.619752731846584,1
12.290000000000001,5.471436471153314,1
12.3,3.726569381500469,1
12.31,3.0948263406544534,1
12.32,3.8884096321362267,1
12.33,5.667094666143882,1
12.34,3.5785783578288735,1
12.35,5.0382211292422205,1
12.36,5.150834117145706,1
12.370000000000001,3.709865972141401,1
12.38,4.3517646493762,1
12.39,5.0776567421519925,1
12.4,3.818670352285939,1
12.41,3.857031390848797,1
12.42,3.614010469668637,1
12.43,3.318437089071211,1
12.44,3.537836160701767,1
12.450000000000001,3.178142297492941,1
12.46,3.9728028786055702,1
12.47,3.498787253453067,1
12.48,4.121614301733692,1
12.49,2.997786727291534,1
12.5,4.154551875659749,1
12.51,4.550090829410872,1
12.52,2.7394120559860973,1
12.530000000000001,4.167063452981211,1
12.540000000000001,4.806570984497697,1
12.55,3.263544152962365,1
12.56,5.041026026533581,1
12.57,4.334333223415968,1
12.58,3.5626278947500074,1
12.59,3.9375730818591332,1
12.6,4.358513046584139,1
12.61,4.0708252807271,1
12.620000000000001,4.353809999089083,1
12.63,3.423868923765934,1
12.64,4.075318340226606,1
12.65,3.0872602147137025,1
12.66,3.8730689248302808,1
12.67,3.4059026940100945,1
12.68,3.487121044900385,1
12.69,4.7712402936115215,1
12.700000000000001,4.754348011939179,1
12.71,4.440487325124948,1
12.72,3.317705100685368,1
12.73,3.753767345404815,1
12.74,4.772318941705413,1
12.75,4.138289172082178,1
12.76,5.513145489091275,1
12.77,4.345984728168865,1
12.780000000000001,4.145366109349808,1
12.790000000000001,3.808158257179337,1
12.8,4.075134699808391,1
12.81,3.905581238890096,1
12.82,4.453776280045651,1
12.83,4.647962731783605,1
12.84,3.52890505138567,1
12.85,3.1079918301434573,1
12.86,2.7550963145904475,1
12.870000000000001,4.254905255636206,1
12.88,3.2993981241954526,1
12.89,2.561106155109955,1
12.9,4.165787415372979,1
12.91,5.627477491953915,1
12.92,4.093709666387008,1
12.93,4.5496596646470335,1
12.94,4.086072836263475,1
12.950000000000001,3.941001900814463,1
12.96,4.592783538972338,1
12.97,3.8472284860429404,1
12.98,4.164325582229784,1
12.99,4.2185863831690344,1
13.0,3.5796387587213254,1
13.01,4.618444116667909,1
13.02,3.923587692628383,1
13.030000000000001,3.505065926959284,1
13.040000000000001,4.318407071457282,1
13.05,3.4361523914555403,1
13.06,3.9844538940948504,1
13.07,3.993150564672659,1
13.08,4.7041495083479825,1
13.09,4.350246924181366,1
13.1,4.004776600209201,1
13.11,4.530877041261271,1
13.120000000000001,4.933859519975087,1
13.13,4.417955043834873,1
13.14,4.031794382042097,1
13.15,3.1507503441423874,1
13.16,3.2579684462234066,1
13.17,3.7574394838284073,1
13.18,3.5899772098769214,1
13.19,3.8540862393125352,1
13.200000000000001,4.028001285369755,1
13.21,4.345360068158748,1
13.22,3.974979956290583,1
13.23,4.314155145730763,1
13.24,4.060682175291057,1
13.25,2.721901042189121,1
13.26,3.313846069864527,1
13.27,3.8653425874109315,1
13.280000000000001,3.2070355913536517,1
13.290000000000001,4.341673260500034,1
13.3,5.013695843391007,1
13.31,4.851589717168748,1
13.32,3.9126074702452933,1
13.33,4.961982715020554,1
13.34,4.154178712328426,1
13.35,3.790539587691069,1
13.36,3.589438972154467,1
13.370000000000001,3.77911525072035,1
13.38,3.734886559356715,1
13.39,4.094664171353273,1
13.4,4.109864897016339,1
13.41,4.008568239863874,1
13.42,4.284012226142423,1
13.43,4.789566500025798,1
13.44,4.663472198015593,1
13.450000000000001,3.0763635494299697,1
13.46,2.2875238571379386,1
13.47,4.503465233823883,1
13.48,3.143337450056451,1
13.49,3.8027659483983065,1
13.5,3.2289627565576553,1
13.51,2.7845606989869935,1
13.52,4.278390332691476,1
13.530000000000001,4.509265261788123,1
13.540000000000001,3.6564992805644048,1
13.55,2.2982467197111554,1
13.56,3.543475594056102,1
13.57,4.226822315154783,1
13.58,3.054048705844903,1
13.59,4.062212145674684,1
13.6,3.993799255451921,1
13.61,4.375489047918875,1
13.620000000000001,4.100116547167995,1
13.63,3.3746516984080097,1
13.64,4.738849327066564,1
13.65,3.9414723839897,1
13.66,3.9787723674727027,1
13.67,3.3931950766669674,1
13.68,3.6759773491777334,1
13.69,3.4064730293866856,1
13.700000000000001,3.852175972143829,1
13.71,5.101736565818666,1
13.72,3.1759750225990384,1
13.73,2.903633161716971,1
13.74,4.888755881353595,1
13.75,3.9175100922502497,1
13.76,3.5609368463149162,1
13.77,4.648376472106974,1
13.780000000000001,3.6459616965425847,1
13.790000000000001,5.16352565797616,1
13.8,4.509669467435846,1
13.81,3.7140091237965605,1
13.82,5.382564559697117,1
13.83,3.6899484990580467,1
13.84,4.462889867328115,1
13.85,4.221963081261185,1
13.86,4.857925212469829,1
13.870000000000001,5.064629175282819,1
13.88,4.084642968794144,1
13.89,3.5162392560912017,1
13.9,4.269417595644195,1
13.91,3.5764437073041164,1
13.92,5.280930546329392,1
13.93,4.165443907615099,1
13.94,3.7728954376966564,1
13.950000000000001,4.106199654296933,1
13.96,3.1323174499053485,1
13.97,3.3175277353427886,1
13.98,4.737914953695907,1
13.99,3.618062875154305,1
14.0,3.297817624001791,1
14.01,4.306064896747572,1
14.02,4.787683069675919,1
14.030000000000001,4.513738702315757,1
14.040000000000001,4.677088891389953,1
14.05,3.549594774509767,1
14.06,3.0504637714360863,1
14.07,4.917136555928062,1
14.08,3.845664173914598,1
14.09,3.8279921289720154,1
14.1,4.851450331682676,1
14.11,4.4119851501335345,1
14.120000000000001,4.320512291251858,1
14.13,5.423946925057011,1
14.14,3.667903560933045,1
14.15,4.582083745180682,1
14.16,4.071916790394689,1
14.17,4.17858545238062,1
14.18,5.002429683871233,1
14.19,4.389644319069896,1
14.200000000000001,4.372640736265608,1
14.21,4.718232248455013,1
14.22,3.806302040386506,1
14.23,3.4438745992456283,1
14.24,3.28873002876695,1
14.25,2.6814947301501135,1
14.26,5.255016386835952,1
14.27,3.3595074630531045,1
14.280000000000001,3.8180146925924054,1
14.290000000000001,3.8094764001988763,1
14.3,4.188022947468186,1
14.31,4.540555291939042,1
14.32,4.5907334232555925,1
14.33,3.657126486016852,1
14.34,3.8709941839016153,1
14.35,4.175605702215923,1
14.36,3.8491783410754725,1
14.370000000000001,5.033843034965254,1
14.38,4.380589342040044,1
14.39,4.499645339222768,1
14.4,4.460075274629609,1
14.41,4.788988321532789,1
14.42,4.16479132626611,1
14.43,3.1684653748113756,1
14.44,4.209437034593658,1
14.450000000000001,3.589947015792843,1
14.46,3.632415016965442,1
14.47,4.358394848751581,1
14.48,4.824937589898971,1
14.49,4.063297870088218,1
14.5,4.204177669982034,1
14.51,5.116696987060611,1
14.52,4.223209450700754,1
14.530000000000001,5.701439877501038,1
14.540000000000001,4.4690054194692355,1
14.55,2.8857064815731484,1
14.56,4.4219322382158115,1
14.57,4.272622527072585,1
14.58,4.853186270496101,1
14.59,4.487970722235464,1
14.6,3.939443993303108,1
14.61,3.2020065064583694,1
14.620000000000001,3.8165000508611766,1
14.63,3.4371477139608015,1
14.64,3.5895684452948484,1
14.65,4.357260811966747,1
14.66,5.104918026694609,1
14.67,4.322369393957853,1
14.68,3.2434186180338367,1
14.69,4.243076197292094,1
14.700000000000001,4.7909937169916565,1
14.71,3.651814824469742,1
14.72,3.8921546725904608,1
14.73,4.003059406247001,1
14.74,3.4909188198866463,1
14.75,4.390078239213291,1
14.76,3.9449300346797735,1
14.77,4.268900595096344,1
14.780000000000001,3.4403034221976543,1
14.790000000000001,3.68258259780764,1
14.8,4.449656890227991,1
14.81,3.785074472643549,1
14.82,5.107608602180777,1
14.83,3.807160991394607,1
14.84,4.134211613073428,1
14.85,4.613144622438856,1
14.86,3.116511935080944,1
14.870000000000001,2.804526992104014,1
14.88,2.9383816423580775,1
14.89,4.755504010468583,1
14.9,3.6872687019836974,1
14.91,5.641069865995558,1
14.92,3.7323640177474684,1
14.93,4.103684068435072,1
14.94,5.006786617859431,1
14.950000000000001,5.362018329469113,1
14.96,5.419284290717687,1
14.97,4.869180044133666,1
14.98,4.716592210987045,1
14.99,4.42744416805294,1
15.0,4.53066984603953,1
15.01,3.674214943882563,1
15.02,3.4495817782197946,1
15.030000000000001,3.964785461050954,1
15.040000000000001,3.8874664185579113,1
15.05,3.6991805079785807,1
15.06,4.433787163393164,1
15.07,4.64585690052924,1
15.08,4.0961123608040975,1
15.09,4.964431025493328,1
15.1,3.317104917973833,1
15.11,3.833374432405271,1
15.120000000000001,3.5249073958432313,1
15.13,2.760431459503952,1
15.14,3.8719802653947473,1
15.15,3.913325508490766,1
15.16,4.976769530879595,1
15.17,4.4678950516994105,1
15.18,3.363551646286795,1
15.19,5.164802022710172,1
15.200000000000001,4.862130125962276,1
15.21,4.429409646444601,1
15.22,3.878815139847942,1
15.23,3.3702169605397203,1
15.24,3.7207144877550093,1
15.25,4.689654487667402,1
15.26,5.2641534140901145,1
15.27,5.0771502753271545,1
15.280000000000001,3.7474493618691374,1
15.290000000000001,3.258406763555306,1
15.3,4.0469154807758585,1
15.31,2.855400280814519,1
15.32,4.141004583933866,1
15.33,3.912691444673787,1
15.34,3.69238351479501,1
15.35,2.9468535020047337,1
15.36,4.270049825469328,1
15.370000000000001,3.6705712656762643,1
15.38,3.22115836957156,1
15.39,2.0896626402792373,1
15.4,3.8675272915982144,1
15.41,5.141939771415489,1
15.42,5.1463894499982175,1
15.43,3.7722060850297154,1
15.44,3.595599749250556,1
15.450000000000001,4.279890291014381,1
15.46,3.3690120461487996,1
15.47,4.157952042768615,1
15.48,4.506532181452618,1
15.49,4.826461720248553,1
15.5,3.984604839424928,1
15.51,3.866926865893548,1
15.52,3.4223550963718994,1
15.530000000000001,3.428837397946449,1
15.540000000000001,3.818784183356829,1
15.55,4.227484425255197,1
15.56,4.606409214814105,1
15.57,3.515258801592133,1
15.58,4.9394150776568475,1
15.59,3.8804520646031597,1
15.6,3.9789634048244453,1
15.610000000000001,3.513925238741342,1
15.620000000000001,2.3979182635818512,1
15.63,4.4774693377566495,1
15.64,4.506733808719495,1
15.65,3.8478705664105077,1
15.66,4.034337750373158,1
15.67,4.336816563381227,1
15.68,3.0063840138082956,1
15.69,3.5971183502833988,1
15.700000000000001,4.491169015226482,1
15.71,3.2156508576281904,1
15.72,4.143407934911198,1
15.73,3.1284149348585735,1
15.74,4.250338169557022,1
15.75,3.991895064812533,1
15.76,2.9515694315768086,1
15.77,4.692810772563888,1
15.780000000000001,3.564944368500371,1
15.790000000000001,3.4481814281370142,1
15.8,4.097025986347193,1
15.81,4.751090718913498,1
15.82,3.3859708439171636,1
15.83,4.003177922545836,1
15.84,4.2784192329038495,1
15.85,4.466412133977896,1
15.860000000000001,4.142465116221056,1
15.870000000000001,3.7704096213183798,1
15.88,3.449260087440249,1
15.89,4.02284825001024,1
15.9,3.305736070853089,1
15.91,2.062887411777056,1
15.92,4.167025881911448,1
15.93,4.596520642296072,1
15.94,2.502652279041812,1
15.950000000000001,3.2550166287701523,1
15.96,4.357026203748583,1
15.97,5.356384187386653,1
15.98,4.094874610658958,1
15.99,3.5333430962519046,1
16.0,3.853332080830457,1
16.01,4.883259541529056,1
16.02,3.6338753155777734,1
16.03,3.459493612327171,1
16.04,3.654351646488247,1
16.05,3.3607139035588336,1
16.06,4.041234885935557,1
16.07,5.05661250349216,1
16.080000000000002,4.273019934169182,1
16.09,3.8526469394731793,1
16.1,3.801823218589531,1
16.11,2.9738659497181965,1
16.12,4.511419142097266,1
16.13,3.9801821220984537,1
16.14,3.881710335379104,1
16.15,6.064683234959391,1
16.16,4.317720528478126,1
16.17,3.531279437739564,1
16.18,3.695243616882821,1
16.19,4.7268594350160935,1
16.2,4.117104687081264,1
16.21,3.0738298977921916,1
16.22,4.540852133793656,1
16.23,3.5989399058323333,1
16.240000000000002,5.1913862143519545,1
16.25,4.772249619996399,1
16.26,3.756099583519239,1
16.27,4.816526469652003,1
16.28,4.093018207493859,1
16.29,4.558885336488508,1
16.3,4.348041802689993,1
16.31,3.4717418125250314,1
16.32,3.5507507499294726,1
16.330000000000002,4.641313435761621,1
16.34,3.8212668805693997,1
16.35,3.7273772062374917,1
16.36,3.363931456773508,1
16.37,4.236679222280899,1
16.38,5.3524266209325155,1
16.39,3.3884993426404755,1
16.4,3.979024245082317,1
16.41,4.915031027924126,1
16.42,4.003228221807168,1
16.43,4.293705608662283,1
16.44,3.3283106643707847,1
16.45,4.237596681922468,1
16.46,3.8928311848708708,1
16.47,4.633140024342965,1
16.48,4.808398840724175,1
16.490000000000002,5.728687776564542,1
16.5,4.4798040469151905,1
16.51,4.24017432322049,1
16.52,4.140532620729715,1
16.53,3.7792874440344315,1
16.54,4.206375361728818,1
16.55,3.820717536382074,1
16.56,4.098545409706509,1
16.57,4.860808143677691,1
16.580000000000002,3.3985745377916974,1
16.59,4.703500676627336,1
16.6,4.896792420315507,1
16.61,3.9772012674017594,1
16.62,2.621911200264403,1
16.63,3.5229421733206,1
16.64,4.812904133845354,1
16.65,4.033936787292849,1
16.66,3.353659994021264,1
16.67,3.633707019987672,1
16.68,4.523441026226417,1
16.69,4.386143025880623,1
16.7,3.868142519697958,1
16.71,3.7540822550271065,1
16.72,3.7310609087230677,1
16.73,3.385377227565425,1
16.740000000000002,5.011225138193093,1
16.75,3.85154265826895,1
16.76,4.780820238583216,1
16.77,5.0339231034480285,1
16.78,4.709768393134381,1
16.79,3.762538351403339,1
16.8,4.247704069702562,1
16.81,3.999163434411473,1
16.82,3.413601881081959,1
16.830000000000002,4.175269803457844,1
16.84,3.2455210442779494,1
16.85,4.725332027389592,1
16.86,3.7420627707618954,1
16.87,4.115041973562432,1
16.88,4.1907078892687455,1
16.89,3.8434574323864807,1
16.9,4.371271366251291,1
16.91,3.7141450434243986,1
16.92,4.548171608983411,1
16.93,3.159579720478035,1
16.94,4.031573512508003,1
16.95,5.259927667833895,1
16.96,3.4265517419753886,1
16.97,3.5258525502458333,1
16.98,4.30498944098772,1
16.990000000000002,4.134817224594369,1
17.0,4.235587990907748,1
17.01,4.331534049064828,1
17.02,4.4317177038233515,1
17.03,4.745908440063854,1
17.04,4.3106567132611895,1
17.05,3.8621044532521442,1
17.06,4.428111552248717,1
17.07,5.2583850847681495,1
17.080000000000002,3.9894464913359795,1
17.09,3.3670639687613537,1
17.1,4.680329820920109,1
17.11,3.9627130056372444,1
17.12,2.5880718907463462,1
17.13,4.465116026285437,1
17.14,3.680570539402172,1
17.150000000000002,3.9220936183102517,1
17.16,4.210724064775766,1
17.17,4.136245150159548,1
17.18,4.468487583123404,1
17.19,3.745553092565004,1
17.2,4.317651079309348,1
17.21,3.8506576677374937,1
17.22,4.470401085007552,1
17.23,4.427492300601683,1
17.240000000000002,3.418709831782489,1
17.25,4.669739220742614,1
17.26,3.6924357565388735,1
17.27,4.505837434231179,1
17.28,4.268656886156795,1
17.29,5.208786189085023,1
17.3,3.927535973736965,1
17.31,3.7690053100930228,1
17.32,3.9735403162031795,1
17.330000000000002,3.8017006003000824,1
17.34,4.507127496396612,1
17.35,2.981718542757422,1
17.36,3.2552434600799582,1
17.37,3.262493164421525,1
17.38,4.572336662286337,1
17.39,5.144235669744019,1
17.400000000000002,4.00088446390442,1
17.41,3.890516647266872,1
17.42,4.038882869930734,1
17.43,4.756193245612072,1
17.44,3.443678038944374,1
17.45,4.121281377949111,1
17.46,4.640013332073018,1
17.47,4.363525201602374,1
17.48,4.144817552404319,1
17.490000000000002,4.658196733381399,1
17.5,2.285556446975057,1
17.51,4.336958515299288,1
17.52,3.5958342754186168,1
17.53,2.7879824451917905,1
17.54,4.2589619900938445,1
17.55,4.906807144191759,1
17.56,3.965227853900014,1
17.57,4.616166258508633,1
17.580000000000002,5.08306277684948,1
17.59,4.918138324427076,1
17.6,5.119144755059615,1
17.61,4.548662482465703,1
17.62,4.081863277301542,1
17.63,2.9655100088180673,1
17.64,3.778278135926968,1
17.650000000000002,3.439573889257173,1
17.66,5.374944906622769,1
17.67,3.9683768882587795,1
17.68,4.078041458112794,1
17.69,4.36250216226136,1
17.7,4.050040659019315,1
17.71,5.102800617995052,1
17.72,3.662175108538148,1
17.73,4.105997456402528,1
17.740000000000002,3.5246234404976673,1
17.75,3.1150085929658484,1
17.76,3.54996702168089,1
17.77,3.9489674753420374,1
17.78,3.718394339057766,1
17.79,3.533840886406579,1
17.8,3.0595709767540344,1
17.81,3.8896529575846075,1
17.82,3.017073044501575,1
17.830000000000002,4.4341706918080295,1
17.84,4.079539539439306,1
17.85,3.059070770539131,1
17.86,3.74292044695464,1
17.87,3.4965543796274883,1
17.88,4.176882923675839,1
17.89,4.880336024273007,1
17.900000000000002,2.8361539860949616,1
17.91,4.004801488757943,1
17.92,3.896389296502007,1
17.93,4.4293682313970475,1
17.94,4.164090237282228,1
17.95,3.52194594597704,1
17.96,3.7643053282499435,1
17.97,3.469373702752607,1
17.98,4.666306998822504,1
17.990000000000002,4.053806034455516,1
18.0,5.236775909139017,1
18.01,4.034848062712073,1
18.02,3.542456068486277,1
18.03,2.990405651567017,1
18.04,2.7694951250803355,1
18.05,2.89833645470906,1
18.06,4.107219690466507,1
18.07,4.336508701596406,1
18.080000000000002,2.994268226893834,1
18.09,4.520382858760009,1
18.1,3.7177989789427817,1
18.11,4.07831149385125,1
18.12,5.050754099131025,1
18.13,4.644940553185392,1
18.14,3.864465976183276,1
18.150000000000002,3.4136366470731847,1
18.16,2.568658081929266,1
18.17,3.4475119954262996,1
18.18,3.8298633095882253,1
18.19,3.3492811473491533,1
18.2,3.8757935493453815,1
18.21,4.042411339109834,1
18.22,3.8566516108705566,1
18.23,3.5696586078240595,1
18.240000000000002,4.083607549367857,1
18.25,4.291760338419143,1
18.26,3.3100231371495394,1
18.27,4.8740551557876355,1
18.28,3.9884764754778494,1
18.29,4.0115387694995155,1
18.3,4.460202343316357,1
18.31,4.178929517027059,1
18.32,4.629158407740029,1
18.330000000000002,4.224043973685113,1
18.34,3.616075542693139,1
18.35,4.211518483471112,1
18.36,3.2706084404288065,1
18.37,4.0266731858051115,1
18.38,3.9800398113727673,1
18.39,3.863770147720629,1
18.400000000000002,3.9084273509104954,1
18.41,2.7735075100263433,1
18.42,3.5703818475617397,1
18.43,4.034463370119038,1
18.44,4.105787256394359,1
18.45,3.339561857790845,1
18.46,4.781601594660904,1
18.47,3.4848967826402055,1
18.48,4.598105699696089,1
18.490000000000002,4.3130624091477765,1
18.5,3.5994927608078915,1
18.51,5.1278426593254185,1
18.52,3.293204433178075,1
18.53,4.553966098838623,1
18.54,4.682444735832181,1
18.55,3.6058288813317727,1
18.56,4.879821524609452,1
18.57,3.8905518751833155,1
18.580000000000002,4.180745895453833,1
18.59,4.179749097763738,1
18.6,3.923641546819736,1
18.61,4.5214943693620615,1
18.62,4.546128111666622,1
18.63,2.898269531029679,1
18.64,4.780189875700314,1
18.650000000000002,2.968138469707091,1
18.66,4.608034172712767,1
18.67,4.767520955729724,1
18.68,3.338200659287389,1
18.69,3.693743838471529,1
18.7,3.264211436662058,1
18.71,3.8164057008376084,1
18.72,3.789122782387288,1
18.73,4.49321368763191,1
18.740000000000002,4.879759062758429,1
18.75,4.9583455984139535,1
18.76,3.6927498482509065,1
18.77,3.845815783261479,1
18.78,2.898485520595372,1
18.79,3.4110373061030717,1
18.8,4.590685905647133,1
18.81,5.083678053463831,1
18.82,3.264139406780204,1
18.830000000000002,3.5714404041309944,1
18.84,3.9571536048156237,1
18.85,4.179205885423947,1
18.86,3.485458155345165,1
18.87,4.244270569458487,1
18.88,3.70721555046046,1
18.89,3.97305588135937,1
18.900000000000002,4.352828385238727,1
18.91,4.025336657660904,1
18.92,3.718380402452635,1
18.93,3.911984810693308,1
18.94,3.9373866430344577,1
18.95,3.7561693323881618,1
18.96,3.817455783606876,1
18.97,5.026295904242607,1
18.98,4.425518527948527,1
18.990000000000002,3.8338149286321426,1
19.0,4.442233086779654,1
19.01,3.8099422378144583,1
19.02,4.749753755345409,1
19.03,4.284819778949185,1
19.04,3.9474684498356836,1
19.05,4.287339807667184,1
19.06,2.99801047183017,1
19.07,3.2088012800836982,1
19.080000000000002,3.1778749743742245,1
19.09,4.043418115847365,1
19.1,5.126710966437244,1
19.11,5.5153347780426,1
19.12,4.504906109750463,1
19.13,4.3552567589225655,1
19.14,2.8527370158202516,1
19.150000000000002,3.579061751934205,1
19.16,3.4636068043982537,1
19.17,3.5649925160225533,1
19.18,3.864802974523844,1
19.19,3.685582146952401,1
19.2,2.696907920813749,1
19.21,4.407080297755278,1
19.22,3.3283980921108274,1
19.23,4.1149341759864475,1
19.240000000000002,5.352620921223926,1
19.25,3.4846339205729233,1
19.26,2.3273542510503606,1
19.27,3.7140734374863102,1
19.28,4.69717888482334,1
19.29,5.312463245951255,1
19.3,3.2809804284399817,1
19.31,4.279131658751102,1
19.32,3.714841006708314,1
19.330000000000002,3.914148101444231,1
19.34,5.710575390414778,1
19.35,3.1274638707351707,1
19.36,4.112281469141748,1
19.37,4.310189755415696,1
19.38,4.723100981139696,1
19.39,4.106960364972506,1
19.400000000000002,4.206289728482383,1
19.41,3.7582644568586088,1
19.42,4.160113216797656,1
19.43,3.7869337109302945,1
19.44,4.390509856255134,1
19.45,3.7836167069419404,1
19.46,4.2316906531889895,1
19.47,3.9949148786574473,1
19.48,4.730308889057909,1
19.490000000000002,4.0104727978827786,1
19.5,2.8502335818976707,1
19.51,4.749785211021538,1
19.52,3.45732177934931,1
19.53,3.5432567829133435,1
19.54,3.5861131179234675,1
19.55,4.866942005173131,1
19.56,2.6663292729766255,1
19.57,5.955841827463302,1
19.580000000000002,4.802550735040139,1
19.59,4.1929969132621725,1
19.6,3.975962998283529,1
19.61,4.183833529056004,1
19.62,4.349149327216845,1
19.63,4.439583507627274,1
19.64,4.386867270027683,1
19.650000000000002,4.081334575121873,1
19.66,3.8768411954315454,1
19.67,3.8944599866711225,1
19.68,3.8672054652677192,1
19.69,4.7276551838526135,1
19.7,4.4287760930058555,1
19.71,2.1179173095661423,1
19.72,4.312642447500258,1
19.73,4.145109026642249,1
19.740000000000002,3.9965677588896047,1
19.75,3.7477120474637045,1
19.76,4.714219593130204,1
19.77,4.657635770461629,1
19.78,3.5379927443221066,1
19.79,4.2363868707150125,1
19.8,3.383744198170852,1
19.81,3.0678884533890036,1
19.82,3.5374410314964297,1
19.830000000000002,4.531792308837297,1
19.84,4.650322656270303,1
19.85,4.371924031244301,1
19.86,4.492778576351935,1
19.87,4.364478128093607,1
19.88,3.605656860955835,1
19.89,4.2565832606831915,1
19.900000000000002,4.5347238635427205,1
19.91,4.521489479633826,1
19.92,4.802690777407593,1
19.93,4.507729484634424,1
19.94,4.258493538834671,1
19.95,4.709854062555789,1
19.96,4.025383483092047,1
19.97,3.429337209318726,1
19.98,3.8599576663627784,1
19.990000000000002,3.5082830627495563,1
20.0,3.532421775858688,1
20.01,3.878177409883871,1
20.02,3.478545663174145,1
20.03,3.7688983853832676,1
20.04,2.7575018963368687,1
20.05,4.063841244931533,1
20.06,4.004612622003508,1
20.07,3.470126002770768,1
20.080000000000002,4.395945231777201,1
20.09,4.632079357260438,1
20.1,2.994893390451484,1
20.11,3.4448156899480935,1
20.12,3.467647121952408,1
20.13,3.3582224897281563,1
20.14,4.499680636061524,1
20.150000000000002,3.9042208290108644,1
20.16,3.8226283642897085,1
20.17,2.6891937978331066,1
20.18,4.333629238108365,1
20.19,3.2159510372470015,1
20.2,3.9918430875076094,1
20.21,4.179480771301028,1
20.22,4.893603527657742,1
20.23,3.2044156527732257,1
20.240000000000002,1.9931180523875605,1
20.25,3.998873989322968,1
20.26,5.168156209900404,1
20.27,4.873953627807614,1
20.28,4.188470314911443,1
20.29,3.6923204311978983,1
20.3,4.505223728814695,1
20.31,3.3986484699682014,1
20.32,4.272993617179831,1
20.330000000000002,4.344343287182565,1
20.34,4.7085554730983645,1
20.35,5.833060640268098,1
20.36,4.364594476441209,1
20.37,3.69164533622424,1
20.38,3.9649053661722564,1
20.39,2.8500666687987266,1
20.400000000000002,3.4802540121360663,1
20.41,3.7032609481591496,1
20.42,3.642151934518328,1
20.43,4.0773813669736345,1
20.44,3.4710330248613945,1
20.45,4.695619126796934,1
20.46,4.041871497320257,1
20.47,3.9964779722857537,1
20.48,3.7870410953180986,1
20.490000000000002,4.087914673416705,1
20.5,4.5406225170734125,1
20.51,3.4698181679000846,1
20.52,3.541184062714177,1
20.53,3.7754048049121764,1
20.54,3.1132842767764046,1
20.55,3.415238843718335,1
20.56,3.655928443606364,1
20.57,4.546684716345358,1
20.580000000000002,4.20315847310118,1
20.59,4.13779624636074,1
20.6,4.560355001963106,1
20.61,3.944490507564061,1
20.62,4.250014327131962,1
20.63,3.94802759856132,1
20.64,4.169056429143984,1
20.650000000000002,3.6320327006824344,1
20.66,2.3955467979438794,1
20.67,3.8166086007263376,1
20.68,4.912116688332757,1
20.69,4.65568236367205,1
20.7,4.665718773350119,1
20.71,4.841980518636638,1
20.72,4.108042442336844,1
20.73,4.134506688827908,1
20.740000000000002,3.607319973575789,1
20.75,3.77136198066367,1
20.76,4.385811864369044,1
20.77,4.804263781253083,1
20.78,3.9577790469269134,1
20.79,3.705370917006583,1
20.8,3.9826648100083775,1
20.81,4.389040229295376,1
20.82,3.0865276165277735,1
20.830000000000002,2.4553629914081743,1
20.84,3.55011753619001,1
20.85,3.1809734965946586,1
20.86,3.621162341393104,1
20.87,3.8813855921186566,1
20.88,3.698802448432317,1
20.89,4.924331125089062,1
20.900000000000002,4.267461328439321,1
20.91,4.2110041414823485,1
20.92,4.416366253392507,1
20.93,3.28607408474854,1
20.94,4.631370249958119,1
20.95,3.988724152888406,1
20.96,4.4343506807681345,1
20.97,3.330609043034491,1
20.98,2.9517128814874845,1
20.990000000000002,4.467773256914094,1
21.0,4.272291791158411,1
21.01,3.431060349029613,1
21.02,3.401601041325619,1
21.03,4.694310726430583,1
21.04,3.2699337798469466,1
21.05,5.022009786196719,1
21.06,3.476971785974747,1
21.07,4.3828254668115365,1
21.080000000000002,3.809752349048002,1
21.09,4.379950605549811,1
21.1,3.669760122326921,1
21.11,3.874560857822912,1
21.12,4.0190231968757555,1
21.13,3.3508931620850744,1
21.14,4.441721868268683,1
21.150000000000002,3.6935154951511873,1
21.16,3.8332886877889836,1
21.17,3.3448346654789307,1
21.18,2.2981738350975194,1
21.19,3.7739460884131084,1
21.2,5.55181148424267,1
21.21,4.602182661492626,1
21.22,4.023634267824258,1
21.23,3.8308468766777057,1
21.240000000000002,4.00442733413464,1
21.25,4.355252358391433,1
21.26,3.2551696081857036,1
21.27,4.6783143461455525,1
21.28,4.504858965010959,1
21.29,4.496271224697848,1
21.3,4.314272024545872,1
21.31,4.031584176790737,1
21.32,4.438466896538697,1
21.330000000000002,4.410294153883203,1
21.34,3.7949057882305586,1
21.35,3.6155249140774615,1
21.36,4.043018807451309,1
21.37,5.0076302392808465,1
21.38,3.256489277593982,1
21.39,3.0032164865694098,1
21.400000000000002,4.047094592007496,1
21.41,4.03584308943427,1
21.42,4.1146196746014425,1
21.43,4.16516107652891,1
21.44,3.86508958117302,1
21.45,4.958571898082112,1
21.46,3.018801474323096,1
21.47,3.4035752378524613,1
21.48,3.897219837167054,1
21.490000000000002,2.9276847272882085,1
21.5,3.8215616559183863,1
21.51,5.067303634300075,1
21.52,4.077589976225924,1
21.53,4.154340823864698,1
21.54,3.1916290741923588,1
21.55,3.5515846222727365,1
21.56,3.729656805685324,1
21.57,3.7776366572703246,1
21.580000000000002,4.818225790942892,1
21.59,4.4109396500787375,1
21.6,3.3035102852819076,1
21.61,4.118150052469141,1
21.62,4.330349694651357,1
21.63,4.759582679599984,1
21.64,5.0710755071303,1
21.650000000000002,3.4056420367666753,1
21.66,3.438230698580722,1
21.67,3.1503409263337483,1
21.68,3.7971815972631155,1
21.69,4.290417707966505,1
21.7,4.658036275337636,1
21.71,3.9902029539709907,1
21.72,3.7918858461318674,1
21.73,4.085978128789206,1
21.740000000000002,3.4632937998547204,1
21.75,5.323550832534784,1
21.76,3.0363160416481723,1
21.77,4.062043997421027,1
21.78,5.316696928366485,1
21.79,4.083413751674699,1
21.8,3.8817019984925785,1
21.81,3.7609811832965256,1
21.82,3.868615526415015,1
21.830000000000002,4.882860759191864,1
21.84,2.6178516149160007,1
21.85,4.912007267688341,1
21.86,3.130815818969011,1
21.87,3.774837199652431,1
21.88,3.7079840275665648,1
21.89,4.364349438814677,1
21.900000000000002,2.9849516289570084,1
21.91,4.238968101125573,1
21.92,5.327768763501178,1
21.93,3.1951993744219322,1
21.94,4.0747988150749945,1
21.95,3.57497473080951,1
21.96,4.250826430574523,1
21.97,4.02747321805615,1
21.98,3.5854331185924817,1
21.990000000000002,4.291671647052133,1
22.0,5.188213579489825,1
22.01,3.9474289089673142,1
22.02,4.463845520869624,1
22.03,3.188717802269854,1
22.04,3.330759462709786,1
22.05,4.2663564346984835,1
22.06,4.978918823283382,1
22.07,4.289467363353197,1
22.080000000000002,3.814246930101669,1
22.09,3.988395059134431,1
22.1,3.1880029725712067,1
22.11,4.3435072198504034,1
22.12,4.593093663245461,1
22.13,3.7422563260525856,1
22.14,3.679558428679667,1
22.150000000000002,4.15328299699106,1
22.16,3.725840574179752,1
22.17,3.9406416798663866,1
22.18,5.35879877426106,1
22.19,3.92125050162797,1
22.2,3.7627735672746585,1
22.21,3.5656225473778598,1
22.22,4.456790644663107,1
22.23,3.909823949544006,1
22.240000000000002,3.5732574135419566,1
22.25,4.8316957462290215,1
22.26,4.9709812646535765,1
22.27,3.6686866871075954,1
22.28,2.7690560535975357,1
22.29,4.579847407766878,1
22.3,3.59058319683393,1
22.31,4.4884157652841274,1
22.32,2.751044564132955,1
22.330000000000002,4.504205663256076,1
22.34,3.24440893458499,1
22.35,4.428805448566201,1
22.36,4.034989106461631,1
22.37,3.383155839210956,1
22.38,3.698892408818849,1
22.39,4.4272368249592295,1
22.400000000000002,4.094341595804287,1
22.41,4.384844553371156,1
22.42,5.305462532706921,1
22.43,3.063402517153902,1
22.44,4.993098480049106,1
22.45,4.127295061661088,1
22.46,3.424480597753171,1
22.47,3.1023228494243735,1
22.48,3.8234325873206387,1
22.490000000000002,4.587399225110781,1
22.5,3.9524863922836166,1
22.51,4.977630242812558,1
22.52,3.1170930224373645,1
22.53,3.939181922067913,1
22.54,3.183761797934949,1
22.55,4.1869605986845,1
22.56,4.586655845660681,1
22.57,3.7621969200070433,1
22.580000000000002,2.296042485789391,1
22.59,4.026845865362997,1
22.6,4.284979365727676,1
22.61,4.279416901315053,1
22.62,4.818576269972638,1
22.63,3.354183947085845,1
22.64,4.402594934964817,1
22.650000000000002,4.797889087443186,1
22.66,2.8938742393471077,1
22.67,4.141031811371229,1
22.68,3.6813354407887067,1
22.69,3.9279858564570227,1
22.7,4.22126171743779,1
22.71,3.6971477077697257,1
22.72,3.5434099022679884,1
22.73,3.9947636711474606,1
22.740000000000002,3.2942491846918833,1
22.75,3.253140178143514,1
22.76,4.395985461198623,1
22.77,3.2783883057023813,1
22.78,4.389026135414226,1
22.79,4.323484188679878,1
22.8,2.899655692032548,1
22.81,3.4943557829097416,1
22.82,4.7444340912881895,1
22.830000000000002,3.4080574489391324,1
22.84,3.6631645193220534,1
22.85,4.279588353100065,1
22.86,4.525061738925436,1
22.87,3.8682979942515647,1
22.88,3.6044159703466265,1
22.89,4.899139695129135,1
22.900000000000002,5.18219681620484,1
22.91,4.706043245464003,1
22.92,4.097719475166223,1
22.93,3.481436972976939,1
22.94,3.430069850108055,1
22.95,4.304826466726105,1
22.96,4.289758464294623,1
22.97,4.926783244373209,1
22.98,4.477637842043024,1
22.990000000000002,3.053416263930681,1
23.0,4.625739038943801,1
23.01,3.389973718370049,1
23.02,3.7142667477725286,1
23.03,4.145193140752522,1
23.04,5.303558420612694,1
23.05,6.096018681277645,1
23.06,4.51942060330403,1
23.07,3.9123019673279464,1
23.080000000000002,4.341540854093477,1
23.09,4.596428984827909,1
23.1,3.827727301871576,1
23.11,5.15444872840101,1
23.12,4.218543491688649,1
23.13,4.3360627329274655,1
23.14,4.452234693952867,1
23.150000000000002,4.300671677470571,1
23.16,4.562369180569871,1
23.17,3.6332504169471385,1
23.18,3.6157526869563643,1
23.19,3.2631332507907,1
23.2,4.240949114881058,1
23.21,4.519853496766764,1
23.22,4.328207495646886,1
23.23,5.106151608846171,1
23.240000000000002,4.062738237537158,1
23.25,4.437663237194964,1
23.26,3.317932666401126,1
23.27,3.7079144683789527,1
23.28,4.433759897621586,1
23.29,4.576947620653229,1
23.3,3.8438825926918803,1
23.31,3.9441772885084707,1
23.32,3.011810215456121,1
23.330000000000002,3.7090577331980032,1
23.34,4.560249832713513,1
23.35,4.406824653779649,1
23.36,4.349255891078442,1
23.37,4.053249962412082,1
23.38,4.007777779506521,1
23.39,3.57203119841839,1
23.400000000000002,4.42774197859124,1
23.41,4.298803950139419,1
23.42,4.33716430712101,1
23.43,3.678923226373239,1
23.44,2.5835841784430817,1
23.45,4.626879487287696,1
23.46,3.726929167780806,1
23.47,3.423821861224624,1
23.48,4.415378502539955,1
23.490000000000002,3.7705735625276753,1
23.5,4.673951819686083,1
23.51,4.440768428565638,1
23.52,4.4699656685890465,1
23.53,3.141926336963336,1
23.54,4.734859917776742,1
23.55,4.213598501653967,1
23.56,3.7732182133924588,1
23.57,4.079427680808773,1
23.580000000000002,2.8522928284370797,1
23.59,4.19628334229151,1
23.6,3.3438909707673865,1
23.61,3.082981823613628,1
23.62,2.957228204559275,1
23.63,4.659378116843664,1
23.64,3.631278383090678,1
23.650000000000002,4.9730036350816995,1
23.66,3.7107367200494688,1
23.67,2.8748609406692918,1
23.68,3.2080582818895382,1
23.69,4.754313846665197,1
23.7,3.944107580466201,1
23.71,3.6409017866340663,1
23.72,4.082278563874934,1
23.73,4.330507877209639,1
23.740000000000002,4.744831167610924,1
23.75,4.984518097366715,1
23.76,3.825642774914498,1
23.77,3.1291604451815345,1
23.78,3.6794814623835412,1
23.79,4.149646414259364,1
23.8,3.3836640974313097,1
23.81,3.3419926274327176,1
23.82,4.18357908617025,1
23.830000000000002,3.9794476912241086,1
23.84,4.020046501408807,1
23.85,3.5090690622075646,1
23.86,3.821053491383964,1
23.87,3.389593993460678,1
23.88,4.540962135627721,1
23.89,4.704157461902288,1
23.900000000000002,2.8443893246011718,1
23.91,3.327569808598134,1
23.92,2.9886626906240177,1
23.93,3.5175654177862503,1
23.94,3.916916955146782,1
23.95,3.0544432386420812,1
23.96,3.345137264238046,1
23.97,3.30931163320095,1
23.98,4.093039740679735,1
23.990000000000002,4.050574997488696,1
24.0,3.534750284478222,1
24.01,4.086811517010618,1
24.02,3.650506828430525,1
24.03,3.802772711041866,1
24.04,5.073950517086845,1
24.05,4.934166961206413,1
24.060000000000002,3.2128440946444763,1
24.07,4.491125055086755,1
24.080000000000002,4.555925073814023,1
24.09,3.2883290460900505,1
24.1,4.488546377634599,1
24.11,5.027167526917811,1
24.12,3.3332904891516573,1
24.13,3.364695041863843,1
24.14,4.6221699185131495,1
24.150000000000002,4.213484211233479,1
24.16,4.370622822585525,1
24.17,4.243221511344812,1
24.18,4.268088112911497,1
24.19,3.155431775057627,1
24.2,4.628855949275543,1
24.21,4.796595197943342,1
24.22,3.898960357387163,1
24.23,3.9657285179593216,1
24.240000000000002,3.0045168453591375,1
24.25,4.273934381581425,1
24.26,4.387603489339064,1
24.27,3.9829048774059648,1
24.28,4.728487297049142,1
24.29,3.8269502604641965,1
24.3,4.355949682922788,1
24.310000000000002,3.359769243745342,1
24.32,3.946304837418145,1
24.330000000000002,3.883652201016242,1
24.34,4.1392054334415445,1
24.35,3.7685925585853814,1
24.36,3.9008123279558733,1
24.37,4.530012054526852,1
24.38,3.7484154439667905,1
24.39,2.9425112011433923,1
24.400000000000002,5.071731350998714,1
24.41,4.960631273641212,1
24.42,3.2191804351605917,1
24.43,4.400653213814335,1
24.44,3.697694603039954,1
24.45,4.152819808153071,1
24.46,4.200070319740071,1
24.47,3.859913653381877,1
24.48,3.483064969194637,1
24.490000000000002,3.5209408756288516,1
24.5,3.3768046185065907,1
24.51,3.4228979512332134,1
24.52,3.9217866580076257,1
24.53,3.5309014008007087,1
24.54,4.41438920634786,1
24.55,4.989831706451995,1
24.560000000000002,3.683034569686971,1
24.57,4.136314643715857,1
24.580000000000002,4.332389041623143,1
24.59,4.326192078022899,1
24.6,4.068853501038181,1
24.61,4.486005060111188,1
24.62,4.342057382850198,1
24.63,3.2174922391020786,1
24.64,4.516983146731366,1
24.650000000000002,4.606718966744846,1
24.66,3.541161020220765,1
24.67,3.9970848269661032,1
24.68,4.44318871918004,1
24.69,3.890782458398206,1
24.7,4.689626162351719,1
24.71,5.575126466776656,1
24.72,3.584537099588454,1
24.73,3.079010512974547,1
24.740000000000002,4.141866929666646,1
24.75,4.476682654804942,1
24.76,3.878808173487458,1
24.77,4.935646073547632,1
24.78,3.187612575473246,1
24.79,4.400842413750365,1
24.8,3.6309505076144117,1
24.810000000000002,5.09343918357015,1
24.82,5.35840798570648,1
24.830000000000002,3.584075494036705,1
24.84,3.618475952878282,1
24.85,4.534834059102819,1
24.86,3.7809084724272357,1
24.87,3.957390395718939,1
24.88,4.013916165861431,1
24.89,2.7552954610785503,1
24.900000000000002,3.916339397463823,1
24.91,3.5474650197953763,1
24.92,3.6528955405251837,1
24.93,4.9158439623552495,1
24.94,3.2396925950148194,1
24.95,4.4820126191686915,1
24.96,3.847921533340839,1
24.97,3.8093587969942093,1
24.98,4.501377691371828,1
24.990000000000002,4.250717784217443,1
25.0,4.385273296099529,1
25.01,4.651302629721824,1
25.02,3.8241156890195795,1
25.03,3.5922100267388437,1
25.04,3.271455530182773,1
25.05,3.420737088370021,1
25.060000000000002,5.87870205027651,1
25.07,4.920306262373954,1
25.080000000000002,3.178602219963597,1
25.09,3.0926671321843546,1
25.1,4.258208676435518,1
25.11,4.37057376175942,1
25.12,4.378366145557151,1
25.13,3.857279270154767,1
25.14,3.9100384010332623,1
25.150000000000002,4.207340029842308,1
25.16,4.068170270455336,1
25.17,2.5641438965167795,1
25.18,3.76474798190046,1
25.19,3.4334677403212797,1
25.2,4.079690304519217,1
25.21,5.9417038677815714,1
25.22,4.354934973420297,1
25.23,3.817868962868345,1
25.240000000000002,4.587163633891896,1
25.25,4.348411690704172,1
25.26,4.293474166524576,1
25.27,4.411350680221105,1
25.28,5.359026032534479,1
25.29,3.347788411433398,1
25.3,4.268173505449256,1
25.310000000000002,3.4150275190001875,1
25.32,4.325334335456142,1
25.330000000000002,3.423449660001949,1
25.34,3.694607310208846,1
25.35,3.790213560847805,1
25.36,4.620550946274555,1
25.37,4.6331528847623344,1
25.38,3.2297316818328885,1
25.39,3.9894267422000294,1
25.400000000000002,3.5389696559106545,1
25.41,3.1557837657575836,1
25.42,3.8085400820498267,1
25.43,3.7883598427075933,1
25.44,5.561825488455588,1
25.45,4.374626396066937,1
25.46,3.1286394739978984,1
25.47,3.581276647093555,1
25.48,4.637579644942163,1
25.490000000000002,5.39329689992012,1
25.5,3.0545659345691343,1
25.51,2.723524600396005,1
25.52,5.137347837079678,1
25.53,4.3210338259244745,1
25.54,3.455888572293847,1
25.55,4.314236140306401,1
25.560000000000002,2.308704743361498,1
25.57,3.9007124109863054,1
25.580000000000002,4.206742610416509,1
25.59,4.61209777624905,1
25.6,3.378880825407487,1
25.61,4.018329160066432,1
25.62,3.4006574657078814,1
25.63,4.129739820732399,1
25.64,3.4268577794056876,1
25.650000000000002,3.700823829797458,1
25.66,3.3359355776714397,1
25.67,4.38263217555932,1
25.68,4.5799458629741,1
25.69,3.88256813487414,1
25.7,4.017764006025115,1
25.71,3.0611778009234376,1
25.72,3.7492317846579613,1
25.73,3.9523796983651165,1
25.740000000000002,5.697589198481104,1
25.75,3.38037895958947,1
25.76,4.9128233108350186,1
25.77,4.701560225051924,1
25.78,4.224178635785199,1
25.79,5.154494591739263,1
25.8,4.310702476761924,1
25.810000000000002,4.271139899007028,1
25.82,3.9818021766800076,1
25.830000000000002,4.7927950378380615,1
25.84,4.758988678578761,1
25.85,3.6395817862953255,1
25.86,3.122409141579639,1
25.87,3.8156448356575625,1
25.88,3.4698505123617505,1
25.89,3.9269744480060775,1
25.900000000000002,4.798504146434388,1
25.91,3.751199698323469,1
25.92,3.95728693257739,1
25.93,4.03508404577221,1
25.94,4.5525915570381255,1
25.95,2.5753086570958854,1
25.96,3.52087380718113,1
25.97,4.10833940360946,1
25.98,4.7851463275521064,1
25.990000000000002,3.727948233545408,1
26.0,2.7661151813264153,1
26.01,4.32805363463239,1
26.02,3.6074417095797884,1
26.03,3.2045563391361607,1
26.04,3.5471800197622874,1
26.05,3.8531054080336324,1
26.060000000000002,3.59881048173464,1
26.07,2.544893530727407,1
26.080000000000002,4.494736126055082,1
26.09,4.856859995730911,1
26.1,4.474137926094329,1
26.11,3.2902848821681707,1
26.12,3.826683553512276,1
26.13,3.9853697951297407,1
26.14,4.387637319819231,1
26.150000000000002,4.456896893451942,1
26.16,3.5510606022253675,1
26.17,4.026264726504246,1
26.18,4.298272646131812,1
26.19,4.962476020299901,1
26.2,4.514852796268749,1
26.21,4.542853985870339,1
26.22,4.086960381722945,1
26.23,4.9203643421928716,1
26.240000000000002,4.321087823175333,1
26.25,3.4605665089939586,1
26.26,4.878181047841439,1
26.27,4.505510706974048,1
26.28,3.742870857556644,1
26.29,3.6734633352327233,1
26.3,4.172834598210198,1
26.310000000000002,4.310897777992589,1
26.32,4.146662799265504,1
26.330000000000002,4.210785846146459,1
26.34,5.115628700830698,1
26.35,4.762185935143879,1
26.36,4.169421045687695,1
26.37,4.620914813872401,1
26.38,3.367323493715702,1
26.39,4.220225997666814,1
26.400000000000002,5.1871438901206615,1
26.41,3.9297541451163505,1
26.42,3.445815820969816,1
26.43,3.54365480356071,1
26.44,3.265633834048318,1
26.45,3.4467617890374833,1
26.46,3.7264093285829536,1
26.47,3.071611993393491,1
26.48,3.9544303467443553,1
26.490000000000002,4.582689367660754,1
26.5,3.445982877286619,1
26.51,4.952514358121568,1
26.52,4.388567553452245,1
26.53,4.691984567418467,1
26.54,3.614696974418683,1
26.55,4.531322520104369,1
26.560000000000002,3.3234010304934882,1
26.57,4.537022408675561,1
26.580000000000002,4.143715682085507,1
26.59,4.367588346363325,1
26.6,3.2592954929485947,1
26.61,3.374810508021472,1
26.62,4.3499875853147785,1
26.63,3.4056836199501004,1
26.64,4.264882667063513,1
26.650000000000002,3.128854379251438,1
26.66,4.498051242420899,1
26.67,3.230186272412447,1
26.68,4.312159362288327,1
26.69,4.424657020436966,1
26.7,3.573393697298922,1
26.71,4.352039305379882,1
26.72,4.190104837301045,1
26.73,3.6617900971086277,1
26.740000000000002,3.3253279340813604,1
26.75,2.686111318890167,1
26.76,4.148029750477149,1
26.77,2.9935924535957223,1
26.78,4.001477623560683,1
26.79,3.8291558292844328,1
26.8,4.430396840317137,1
26.810000000000002,3.8298479476127185,1
26.82,3.7760356171755425,1
26.830000000000002,4.461421034043739,1
26.84,4.245080609600666,1
26.85,4.219835972762125,1
26.86,4.317664553630966,1
26.87,3.0227362323919253,1
26.88,4.432390574843336,1
26.89,4.4233309160173135,1
26.900000000000002,3.3657464131454526,1
26.91,3.8035783085351076,1
26.92,3.9627109925459156,1
26.93,3.910497252809993,1
26.94,4.211247845088492,1
26.95,4.941387069812483,1
26.96,4.758364788949341,1
26.97,3.1940960923224617,1
26.98,4.35526278112819,1
26.990000000000002,4.883566170690524,1
27.0,4.3039865346760235,1
27.01,4.726098870479076,1
27.02,5.349185242769332,1
27.03,4.7451634994558844,1
27.04,4.206468443082019,1
27.05,4.69047175876184,1
27.060000000000002,4.135435725431838,1
27.07,4.023635129885175,1
27.080000000000002,3.7734103799417325,1
27.09,5.000792463163296,1
27.1,3.529027339826783,1
27.11,4.965986174698293,1
27.12,4.38228548258186,1
27.13,3.115026779685797,1
27.14,4.185443109719652,1
27.150000000000002,2.6485686029408573,1
27.16,4.324761822888728,1
27.17,4.593849518650667,1
27.18,3.651293281289423,1
27.19,4.0592389181138016,1
27.2,5.271468241386984,1
27.21,3.7481449938689813,1
27.22,3.2978388069634743,1
27.23,4.919216430831374,1
27.240000000000002,5.3285363623493875,1
27.25,4.082110040607439,1
27.26,4.6611930967084225,1
27.27,4.910059988953899,1
27.28,3.5728583379857306,1
27.29,3.659491027066378,1
27.3,4.778196473545045,1
27.310000000000002,5.139977825346129,1
27.32,4.4336120642448575,1
27.330000000000002,3.4551677049878293,1
27.34,5.2565728272530965,1
27.35,3.7308850821288764,1
27.36,3.766406011906996,1
27.37,4.208103056734251,1
27.38,5.020870449693098,1
27.39,4.615336558988985,1
27.400000000000002,4.306096938497676,1
27.41,4.318960824583471,1
27.42,4.047371226027339,1
27.43,4.36497934598549,1
27.44,2.3806469639808396,1
27.45,3.7103913130617054,1
27.46,4.139200135245327,1
27.47,3.2615407544442583,1
27.48,4.206350196029987,1
27.490000000000002,3.8797141651459985,1
27.5,5.131786295396055,1
27.51,5.088527906656921,1
27.52,3.763083538366621,1
27.53,3.887917139024831,1
27.54,3.945295707355059,1
27.55,3.70366800098009,1
27.560000000000002,4.108757934713982,1
27.57,3.5145301212380122,1
27.580000000000002,3.2372958521925153,1
27.59,4.358270817636894,1
27.6,4.429953265098297,1
27.61,3.5039338500381385,1
27.62,4.551168550633832,1
27.63,3.6232842012748296,1
27.64,4.141657986408745,1
27.650000000000002,4.540762419507232,1
27.66,4.010636940271607,1
27.67,4.2956872827347885,1
27.68,3.682666735901978,1
27.69,3.8534867980810015,1
27.7,3.8576416505078157,1
27.71,3.507056858010021,1
27.72,3.855727217705196,1
27.73,2.9865552558474873,1
27.740000000000002,3.620518547710566,1
27.75,3.792395647014656,1
27.76,3.8213269002532395,1
27.77,3.8325890809664345,1
27.78,3.9498809442177727,1
27.79,4.308068391070146,1
27.8,4.585896094145836,1
27.810000000000002,3.613567278949916,1
27.82,3.196142494991048,1
27.830000000000002,3.2756599729560825,1
27.84,3.6404282409686637,1
27.85,3.7500889570609184,1
27.86,3.4854096020613587,1
27.87,3.128166568131471,1
27.88,3.6517455987595238,1
27.89,4.096819578467237,1
27.900000000000002,4.391881515329733,1
27.91,3.66184067939691,1
27.92,3.711745499493759,1
27.93,3.38143604381397,1
27.94,3.9424875188797426,1
27.95,3.4460641954178493,1
27.96,4.338625766198015,1
27.97,2.8615956739202537,1
27.98,3.698357599431109,1
27.990000000000002,4.1772686132156105,1
28.0,4.129913272091496,1
28.01,5.755112987645617,1
28.02,4.3322671601952,1
28.03,3.3684763447195785,1
28.04,3.9001686139495746,1
28.05,2.841530082055617,1
28.060000000000002,3.878196354611769,1
28.07,3.452180898603468,1
28.080000000000002,4.561062560763003,1
28.09,3.6771061169898167,1
28.1,3.904865261050286,1
28.11,3.5819235918743586,1
28.12,5.1031325038217314,1
28.13,3.8577563451679087,1
28.14,5.180481434066855,1
28.150000000000002,4.599074115010777,1
28.16,4.348723293065631,1
28.17,4.260168136581487,1
28.18,4.271117173779897,1
28.19,2.7655372642711598,1
28.2,3.744984617423436,1
28.21,4.53306203193206,1
28.22,4.000257813944043,1
28.23,3.0882876228693923,1
28.240000000000002,3.911295732985422,1
28.25,5.100350728430819,1
28.26,4.875040480150575,1
28.27,4.012272432820081,1
28.28,4.61806417671927,1
28.29,3.79928348720589,1
28.3,2.882435804965157,1
28.310000000000002,3.333125856438681,1
28.32,4.974035022366641,1
28.330000000000002,3.880667459093904,1
28.34,3.8349254769534222,1
28.35,3.7955518280273903,1
28.36,5.223192044421227,1
28.37,5.128360730496109,1
28.38,5.507310482107371,1
28.39,3.987245492839318,1
28.400000000000002,4.19104445474996,1
28.41,3.027421081850039,1
28.42,4.899923070591676,1
28.43,3.296306209876596,1
28.44,4.09842863295223,1
28.45,3.293944076517196,1
28.46,3.5755628025935877,1
28.47,3.431293668245505,1
28.48,3.5714705559578546,1
28.490000000000002,3.624489818593684,1
28.5,3.621736725272957,1
28.51,4.517995366413121,1
28.52,3.3142127614814343,1
28.53,4.101946427129214,1
28.54,4.796363937593454,1
28.55,3.714805180439059,1
28.560000000000002,3.5170817542749817,1
28.57,3.821453855881149,1
28.580000000000002,4.754727093801809,1
28.59,4.171226275055499,1
28.6,3.665606366110869,1
28.61,4.293889559115666,1
28.62,3.3024343207762046,1
28.63,4.400231831641344,1
28.64,4.289130158314903,1
28.650000000000002,3.8176327638769085,1
28.66,3.444959226849984,1
28.67,3.3913933061652406,1
28.68,4.310488566532597,1
28.69,4.816027436970801,1
28.7,3.6354579330092904,1
28.71,4.275542037293882,1
28.72,2.6624089833621776,1
28.73,3.540427633532474,1
28.740000000000002,3.952273723361379,1
28.75,3.406907491586101,1
28.76,3.356782006260703,1
28.77,3.528132215192372,1
28.78,4.161271032597529,1
28.79,3.888131772556564,1
28.8,2.541058696344553,1
28.810000000000002,2.536491878872366,1
28.82,3.51843781956515,1
28.830000000000002,4.268066573989604,1
28.84,2.233423325675929,1
28.85,3.569765996513294,1
28.86,3.6327411181852924,1
28.87,4.878758203169033,1
28.88,3.8029121962558685,1
28.89,4.236669070729853,1
28.900000000000002,4.105851865434628,1
28.91,2.6239779103666594,1
28.92,4.415873752607626,1
28.93,4.164707912569957,1
28.94,4.339661880061838,1
28.95,6.567836382083911,1
28.96,2.801837382920229,1
28.97,5.0471433508577785,1
28.98,3.876324330267229,1
28.990000000000002,4.17900676975667,1
29.0,3.981210744077448,1
29.01,3.723615831972765,1
29.02,3.613692852205783,1
29.03,4.190616376435524,1
29.04,3.0270507734406857,1
29.05,4.428620535883868,1
29.060000000000002,3.7556782554746753,1
29.07,3.252118998188704,1
29.080000000000002,3.6631457719563163,1
29.09,4.795463546528022,1
29.1,3.7003869130077547,1
29.11,4.214598297750808,1
29.12,3.5386103085781158,1
29.13,4.464078252869116,1
29.14,4.472621958189505,1
29.150000000000002,5.2277882367022235,1
29.16,3.9597563246462264,1
29.17,4.4314279710861095,1
29.18,4.089514736492804,1
29.19,4.846170005401025,1
29.2,3.584370940567941,1
29.21,4.45844326768238,1
29.22,3.9011813548076706,1
29.23,3.952423734047241,1
29.240000000000002,4.056677091737806,1
29.25,4.1670614958294765,1
29.26,3.9346109223109287,1
29.27,4.135388783474321,1
29.28,5.032052001540304,1
29.29,4.701311400059587,1
29.3,4.606011341382439,1
29.310000000000002,3.7407934503613767,1
29.32,3.40748241850216,1
29.330000000000002,4.5842755985652826,1
29.34,4.603461052169546,1
29.35,4.991719024157865,1
29.36,3.667623029040823,1
29.37,3.8311195698357974,1
29.38,2.9261223945100814,1
29.39,3.6809207299427706,1
29.400000000000002,4.627459036893921,1
29.41,3.734971837414828,1
29.42,4.399660140123112,1
29.43,3.9003756791044912,1
29.44,4.204280120519611,1
29.45,3.267601413476352,1
29.46,4.011342442127124,1
29.47,2.059944949876476,1
29.48,3.7623330598490443,1
29.490000000000002,2.9278417488569435,1
29.5,4.718154654899263,1
29.51,4.54749367190139,1
29.52,4.335639261252068,1
29.53,5.007011221533969,1
29.54,3.4447361680969886,1
29.55,5.100423990496501,1
29.560000000000002,4.670858308700277,1
29.57,3.886767581057844,1
29.580000000000002,4.7300292769948555,1
29.59,3.326006503990318,1
29.6,3.42459173659514,1
29.61,3.570604876067195,1
29.62,3.631020244259269,1
29.63,3.2923360338657357,1
29.64,4.751111858225474,1
29.650000000000002,3.8771144839669933,1
29.66,4.221342295799637,1
29.67,3.6432200623412614,1
29.68,2.797333084799412,1
29.69,4.103061016049652,1
29.7,2.7654572824985184,1
29.71,3.8813956812303094,1
29.72,3.1050813376630164,1
29.73,5.235707070463899,1
29.740000000000002,4.665460937860219,1
29.75,4.108543777102648,1
29.76,4.8264420972050734,1
29.77,3.500472222951661,1
29.78,4.322653485323396,1
29.79,4.149002002049155,1
29.8,4.180243990979976,1
29.810000000000002,4.836354418727779,1
29.82,4.525443343464604,1
29.830000000000002,4.218858870184137,1
29.84,2.939392662703262,1
29.85,3.3134577347485465,1
29.86,3.8791903561456134,1
29.87,4.05333412047217,1
29.88,3.2698911567996904,1
29.89,5.520959102746586,1
29.900000000000002,5.075137901391374,1
29.91,4.455180068729317,1
29.92,4.074050404838829,1
29.93,3.8667557022085393,1
29.94,3.3743730918947596,1
29.95,4.012733988610106,1
29.96,4.168001348034356,1
29.97,3.204389876625147,1
29.98,4.169086724875922,1
29.990000000000002,3.909408638626314,1
30.0,2.7567237530855646,1
30.01,3.367160726260938,1
30.02,3.6936704016380335,1
30.03,5.206406615489221,1
30.04,4.433492173612881,1
30.05,3.1595104327367642,1
30.060000000000002,4.264925038907528,1
30.07,3.011959887442048,1
30.080000000000002,4.643198887609631,1
30.09,3.7329126224068263,1
30.1,3.9232208877815586,1
30.11,4.85560849350924,1
30.12,3.2161875292344666,1
30.13,3.0464805335267258,1
30.14,3.564132696737265,1
30.150000000000002,4.647578216325586,1
30.16,3.053058981585577,1
30.17,2.1055990098130755,1
30.18,3.593611014414607,1
30.19,4.333602062039888,1
30.2,4.798780688649708,1
30.21,3.7474143433458837,1
30.22,3.7178993691194715,1
30.23,4.731758158304815,1
30.240000000000002,2.830762954874821,1
30.25,3.677762252580937,1
30.26,4.104218266776832,1
30.27,4.297719205057295,1
30.28,3.6870858133553126,1
30.29,4.003571474094608,1
30.3,2.3857154766664443,1
30.310000000000002,3.4760523056114523,1
30.32,4.262812717897209,1
30.330000000000002,3.3784279610500265,1
30.34,4.000976347934544,1
30.35,4.2900023941662315,1
30.36,3.795144307012471,1
30.37,4.098310487134277,1
30.38,3.3812498744807122,1
30.39,3.8288196138178288,1
30.400000000000002,4.3856550904268055,1
30.41,4.124987906100031,1
30.42,3.6269408094664795,1
30.43,4.123094541638172,1
30.44,4.471045189115411,1
30.45,2.6982014740498883,1
30.46,4.673932891301473,1
30.47,3.8222641660946635,1
30.48,4.265406034500746,1
30.490000000000002,4.792732820563387,1
30.5,3.1575823712378974,1
30.51,3.4891490850582922,1
30.52,3.7821301991483893,1
30.53,3.4784058416190753,1
30.54,5.0943814188133105,1
30.55,3.509764351299764,1
30.560000000000002,3.6101310301896397,1
30.57,4.109221381576415,1
30.580000000000002,3.2265638740377804,1
30.59,3.6968647336369047,1
30.6,4.187784748633823,1
30.61,3.795297619876857,1
30.62,3.927125760046325,1
30.63,3.6521815494751766,1
30.64,2.9964987198769912,1
30.650000000000002,4.148448907257284,1
30.66,5.1475583080339895,1
30.67,4.0807930091713835,1
30.68,4.151005460112967,1
30.69,4.45851890205624,1
30.7,3.203932767065308,1
30.71,5.05687675567599,1
30.72,4.194689384886985,1
30.73,5.070477353483892,1
30.740000000000002,3.588615615999472,1
30.75,5.15492813630023,1
30.76,4.572239009661323,1
30.77,4.393162756081458,1
30.78,4.17543160521052,1
30.79,3.849273335220145,1
30.8,4.769896089640355,1
30.810000000000002,4.137263311666349,1
30.82,2.7319440379827205,1
30.830000000000002,3.199053728849244,1
30.84,3.8313611203843583,1
30.85,4.191017980452542,1
30.86,3.9747448292694116,1
30.87,4.789388221406097,1
30.88,2.7814319290569074,1
30.89,4.02004992511519,1
30.900000000000002,2.821645452484659,1
30.91,4.422222054407818,1
30.92,3.964045775217532,1
30.93,4.270097842015037,1
30.94,3.4556936005112986,1
30.95,4.797495497931036,1
30.96,4.723750844742157,1
30.970000000000002,4.422045485227037,1
30.98,3.941288190458917,1
30.990000000000002,4.372705482154314,1
31.0,3.563709969742768,1
31.01,4.528931873901588,1
31.02,5.101966861061426,1
31.03,4.760761131908248,1
31.04,3.572258467086762,1
31.05,4.208833524732502,1
31.060000000000002,3.173502347781621,1
31.07,4.3217935426526575,1
31.080000000000002,4.311672149585366,1
31.09,2.8055093658651176,1
31.1,3.174531576071648,1
31.11,3.766763182873171,1
31.12,3.7907992786118574,1
31.13,3.202704312585755,1
31.14,4.2045429173871876,1
31.150000000000002,4.175435931452675,1
31.16,3.884478719919982,1
31.17,3.5026893214316566,1
31.18,4.650592897837951,1
31.19,5.11311162476693,1
31.2,3.75303801003072,1
31.21,3.587990665518963,1
31.220000000000002,4.293989191305597,1
31.23,3.7853395267021757,1
31.240000000000002,3.896675432945866,1
31.25,4.473708900150401,1
31.26,2.789577037930784,1
31.27,4.78272732903331,1
31.28,4.094120867671943,1
31.29,3.7386585891580215,1
31.3,3.926421813199059,1
31.310000000000002,3.971208386843168,1
31.32,2.875018987740112,1
31.330000000000002,4.902460332373039,1
31.34,4.080960886334132,1
31.35,4.292290258155415,1
31.36,4.634930449341336,1
31.37,3.375536066845575,1
31.38,4.269734436796409,1
31.39,3.8425307795344206,1
31.400000000000002,4.539961235597567,1
31.41,2.6521909510007085,1
31.42,3.854836206769045,1
31.43,3.6001626822291493,1
31.44,4.256474475199662,1
31.45,4.32036674275263,1
31.46,3.5600938417021095,1
31.470000000000002,3.511526613480762,1
31.48,3.898888702468655,1
31.490000000000002,3.4121658916667874,1
31.5,4.5110333464118835,1
31.51,3.7911096823949526,1
31.52,2.1013284811821653,1
31.53,3.6428843092726693,1
31.54,3.304735766837705,1
31.55,2.8998651794970653,1
31.560000000000002,3.131113690452831,1
31.57,4.0188542047915945,1
31.580000000000002,4.863191879297017,1
31.59,4.254994664557436,1
31.6,3.621782726297655,1
31.61,4.273110801597279,1
31.62,3.7185155664106673,1
31.63,3.532434109194221,1
31.64,3.22296213425885,1
31.650000000000002,2.8167404913744525,1
31.66,3.676010642285894,1
31.67,4.083110317671458,1
31.68,3.9422943851728043,1
31.69,3.726646280053661,1
31.7,3.3699713579085397,1
31.71,4.35684601638676,1
31.720000000000002,3.1668174468062977,1
31.73,4.453518419515845,1
31.740000000000002,3.3769436940191317,1
31.75,3.474414860333066,1
31.76,3.016772203704036,1
31.77,3.6156821061873963,1
31.78,4.609751879948715,1
31.79,4.371139541486111,1
31.8,4.657096959299149,1
31.810000000000002,4.378207014828262,1
31.82,3.30659949030528,1
31.830000000000002,3.743770345947313,1
31.84,3.478410442843363,1
31.85,4.832020137935218,1
31.86,3.273410093307284,1
31.87,4.536261534643372,1
31.88,4.611550009644527,1
31.89,5.223803545992364,1
31.900000000000002,3.807611693041999,1
31.91,4.450631936954501,1
31.92,5.5074396704049855,1
31.93,3.689702582529413,1
31.94,2.9854036104588024,1
31.95,2.7193192895491283,1
31.96,4.385587351219358,1
31.970000000000002,2.8012928781130535,1
31.98,3.686506194328319,1
31.990000000000002,4.264931825484649,1
32.0,4.136043157748818,1
32.01,4.2842035318918965,1
32.02,4.161280304559285,1
32.03,4.839441974850555,1
32.04,3.4324760857745207,1
32.05,3.5266945236223743,1
32.06,3.4702778586204714,1
32.07,4.506869149038973,1
32.08,4.614616815220529,1
32.09,4.329645056849216,1
32.1,4.7876636508320605,1
32.11,3.2829128057850347,1
32.12,5.038718029890653,1
32.13,5.0506443898550755,1
32.14,4.540331507856856,1
32.15,5.188502596830247,1
32.160000000000004,2.9964450675435295,1
32.17,3.599509573041484,1
32.18,3.4988844056595996,1
32.19,4.438049732884749,1
32.2,3.3449212756901496,1
32.21,4.452180055204662,1
32.22,4.916374323843534,1
32.230000000000004,4.5060502237227995,1
32.24,4.214468890776796,1
32.25,3.371907315777241,1
32.26,3.412853019938323,1
32.27,4.775560097297358,1
32.28,4.552197797906727,1
32.29,4.00781487427835,1
32.3,3.7293170827300623,1
32.31,2.6693562396770165,1
32.32,3.225361329207465,1
32.33,5.19370570970594,1
32.34,3.2408257052009923,1
32.35,4.077389534832731,1
32.36,4.658302182465884,1
32.37,3.2252679800855404,1
32.38,4.073361581306322,1
32.39,4.612948443674622,1
32.4,4.0448868284680275,1
32.410000000000004,5.863796138438898,1
32.42,3.029192271373211,1
32.43,4.628685251474567,1
32.44,3.925602346102023,1
32.45,4.496380280530481,1
32.46,4.31611567053408,1
32.47,3.5432739782674,1
32.480000000000004,4.121175926447218,1
32.49,2.80181031677572,1
32.5,4.319513058436688,1
32.51,4.212624626467565,1
32.52,4.427138681086354,1
32.53,4.7121661175227985,1
32.54,4.281252360172585,1
32.55,4.11295984363859,1
32.56,3.4351149511810717,1
32.57,3.5039974503139026,1
32.58,4.7402276187425265,1
32.59,4.976349643219009,1
32.6,3.904088035383413,1
32.61,4.024093196095063,1
32.62,3.4145056011159087,1
32.63,4.725788922841016,1
32.64,4.475289031138406,1
32.65,5.2880354033794355,1
32.660000000000004,3.5074006885789646,1
32.67,3.7251815749551582,1
32.68,4.133679708257348,1
32.69,4.42748190727645,1
32.7,3.885717508674278,1
32.71,3.426740627087753,1
32.72,4.53748715482023,1
32.730000000000004,4.500142725844204,1
32.74,3.4355034054591416,1
32.75,4.845580727112656,1
32.76,4.809993637672553,1
32.77,4.1357350729003075,1
32.78,4.059789501451703,1
32.79,4.363076089244873,1
32.8,3.4626866712906135,1
32.81,3.9872464932232705,1
32.82,2.602706044893324,1
32.83,4.484832154592493,1
32.84,3.0159479289772917,1
32.85,4.916419177061136,1
32.86,3.8407936782989966,1
32.87,3.8531119560989646,1
32.88,3.5838947892774216,1
32.89,3.788145728641899,1
32.9,4.907672939982659,1
32.910000000000004,2.4402981101678485,1
32.92,4.734949990995299,1
32.93,4.263416418122079,1
32.94,3.2326544025948722,1
32.95,3.2562654585202493,1
32.96,5.043068246928254,1
32.97,3.4491118633173534,1
32.980000000000004,3.218619516678144,1
32.99,4.691039765770454,1
33.0,4.261125291527497,1
33.01,3.4071142550849247,1
33.02,4.104979409579259,1
33.03,3.3407607329146076,1
33.04,4.67469043065728,1
33.05,4.7291296293381855,1
33.06,4.388928798528767,1
33.07,4.257991892764491,1
33.08,5.158189346746787,1
33.09,4.069287840935003,1
33.1,3.237323128417953,1
33.11,4.245871072418178,1
33.12,5.3682399709259006,1
33.13,3.423689066761238,1
33.14,3.7308938383985706,1
33.15,4.2540558738964895,1
33.160000000000004,3.9802683261176037,1
33.17,3.361469103742571,1
33.18,4.689581995635082,1
33.19,5.546684493994358,1
33.2,4.220056837299131,1
33.21,3.426617735509884,1
33.22,2.960586640658102,1
33.230000000000004,4.105017482196446,1
33.24,4.722528621115823,1
33.25,4.351654304971246,1
33.26,4.019539576730706,1
33.27,3.618835870395861,1
33.28,3.268502774530335,1
33.29,4.49772098895229,1
33.3,4.6227447365033605,1
33.31,3.0344504572815034,1
33.32,4.973600574529241,1
33.33,4.430890059136865,1
33.34,4.933950920726221,1
33.35,3.185225724004102,1
33.36,3.064927297489505,1
33.37,3.847240037740731,1
33.38,4.317055491579724,1
33.39,5.184554227254036,1
33.4,4.529197690443497,1
33.410000000000004,3.8742932245970585,1
33.42,3.3265195431825068,1
33.43,4.757651146661112,1
33.44,3.4195302650772708,1
33.45,5.021769350426611,1
33.46,3.8767891688186795,1
33.47,5.0246230384012485,1
33.480000000000004,4.501987655028839,1
33.49,3.9412326204032775,1
33.5,3.659474557203315,1
33.51,3.758377574997351,1
33.52,4.263406922182527,1
33.53,4.065865783379531,1
33.54,3.618669917517016,1
33.55,3.8696537418191523,1
33.56,4.043162275810942,1
33.57,2.621405439670399,1
33.58,4.21455706097718,1
33.59,3.377201934933227,1
33.6,3.2143166695739875,1
33.61,2.858061147417601,1
33.62,2.767554291830046,1
33.63,3.046599683926587,1
33.64,3.482762661042182,1
33.65,5.236296825371464,1
33.660000000000004,3.7329718541615025,1
33.67,4.099307725191047,1
33.68,4.26580237905068,1
33.69,4.100987029254847,1
33.7,3.9558116628275264,1
33.71,3.221807508048557,1
33.72,4.894712241049914,1
33.730000000000004,5.226244226343411,1
33.74,2.9818169881090926,1
33.75,3.274489628909164,1
33.76,3.774920328461916,1
33.77,3.360675179726742,1
33.78,4.289925607089475,1
33.79,3.544871451591996,1
33.8,5.377443331653534,1
33.81,4.855108988457841,1
33.82,4.189230723358294,1
33.83,4.677692257263764,1
33.84,4.758201741157579,1
33.85,3.6795866507006467,1
33.86,3.451189825293182,1
33.87,4.017772870631095,1
33.88,4.560120829956199,1
33.89,4.1238336615609,1
33.9,2.984229055726747,1
33.910000000000004,3.418158006274225,1
33.92,3.917093745324463,1
33.93,3.945931590484361,1
33.94,5.276598355161491,1
33.95,3.1773268067211777,1
33.96,4.278680542837714,1
33.97,4.982900519781972,1
33.980000000000004,5.532756373357992,1
33.99,3.8295806289157404,1
34.0,4.3086284911346215,1
34.01,4.38819472098926,1
34.02,4.150125888929462,1
34.03,3.9448739256874394,1
34.04,4.279565887600264,1
34.05,2.3737793970485006,1
34.06,4.344973191545363,1
34.07,4.102566267620687,1
34.08,3.861805823469296,1
34.09,5.319771788622613,1
34.1,3.6412695798931596,1
34.11,3.7169488060132556,1
34.12,5.275194356541361,1
34.13,3.5366462027079493,1
34.14,3.615268053451196,1
34.15,3.881521732819505,1
34.160000000000004,4.538384171118754,1
34.17,4.167131331902378,1
34.18,3.171335139511399,1
34.19,3.604993740941314,1
34.2,3.582230488253394,1
34.21,3.9248305799835905,1
34.22,4.27178952660547,1
34.230000000000004,4.287651371024005,1
34.24,2.8649312493964385,1
34.25,4.622211583571894,1
34.26,4.201206672927509,1
34.27,4.9103968682735974,1
34.28,4.342832544207751,1
34.29,4.735140165534929,1
34.300000000000004,4.346816512201784,1
34.31,4.894279227996023,1
34.32,4.392508082925151,1
34.33,3.960020238916721,1
34.34,5.472022636811905,1
34.35,4.665154376412604,1
34.36,4.412171250022246,1
34.37,3.1966270267918806,1
34.38,3.115906349203933,1
34.39,4.1368766584448675,1
34.4,4.102630964744395,1
34.410000000000004,3.6076973618680124,1
34.42,4.06793549797877,1
34.43,5.034823263759222,1
34.44,4.513286649808179,1
34.45,3.290477851255128,1
34.46,3.885078516390777,1
34.47,3.470819158370759,1
34.480000000000004,3.7166982217233944,1
34.49,3.7146360772959537,1
34.5,3.6729678851449705,1
34.51,3.166009913753097,1
34.52,3.8671345424786208,1
34.53,3.628289610917891,1
34.54,2.0769862733953737,1
34.550000000000004,5.216646849381615,1
34.56,4.779424077165546,1
34.57,3.80261064223636,1
34.58,4.000366982725165,1
34.59,3.2398187647712473,1
34.6,5.054623211878785,1
34.61,5.294293215093138,1
34.62,4.179325019307617,1
34.63,4.67485580930309,1
34.64,4.154222484423917,1
34.65,3.1419471926707967,1
34.660000000000004,3.6813139095078964,1
34.67,4.066477518080354,1
34.68,3.7090649342347533,1
34.69,3.8406753207131823,1
34.7,3.9311378407615156,1
34.71,3.943391959994345,1
34.72,4.030510338861678,1
34.730000000000004,3.3136793539335345,1
34.74,3.4935999295774365,1
34.75,3.13614054176806,1
34.76,4.582603464111675,1
34.77,2.6687515238187185,1
34.78,4.668607896961365,1
34.79,4.939620090784204,1
34.800000000000004,3.8603136939653213,1
34.81,2.302628130991402,1
34.82,3.6637289370846418,1
34.83,3.9381791945639044,1
34.84,3.3405853747170915,1
34.85,3.6261465155321395,1
34.86,4.9704037276080175,1
34.87,4.489648212941272,1
34.88,3.4294949337669176,1
34.89,2.929201112124256,1
34.9,3.7235737655131698,1
34.910000000000004,3.8449174889603324,1
34.92,4.312643444634198,1
34.93,3.671429628768204,1
34.94,4.312161507627393,1
34.95,5.274313644876553,1
34.96,4.60557948681334,1
34.97,4.005133553725926,1
34.980000000000004,3.8814746862954195,1
34.99,3.7614686277821727,1
35.0,4.75172211543554,1
35.01,3.6380842055422993,1
35.02,4.007626854907576,1
35.03,4.033676291963309,1
35.04,3.6764484690278745,1
35.050000000000004,3.090091534521492,1
35.06,4.154960698547842,1
35.07,3.969716499207012,1
35.08,4.322753486033442,1
35.09,3.673149885229872,1
35.1,4.77249318857867,1
35.11,3.477473383759416,1
35.12,5.079469694474154,1
35.13,2.930851028577765,1
35.14,4.217942464062314,1
35.15,4.3215497360558155,1
35.160000000000004,3.503112531004159,1
35.17,4.245545822869583,1
35.18,4.84492149810883,1
35.19,2.612359060869906,1
35.2,4.242936926751126,1
35.21,2.396869939400883,1
35.22,3.2772609205735774,1
35.230000000000004,5.0136859491660255,1
35.24,3.683344133945873,1
35.25,3.219353349054872,1
35.26,3.8247334730506073,1
35.27,5.331201496339969,1
35.28,2.89142362956672,1
35.29,3.251365116831532,1
35.300000000000004,4.926658926367132,1
35.31,5.260930587450016,1
35.32,4.008546663100301,1
35.33,3.1965795418819507,1
35.34,5.311638700887125,1
35.35,5.113218697115098,1
35.36,4.507313579675718,1
35.37,3.503328655722451,1
35.38,3.9383880638484396,1
35.39,3.8922570216103862,1
35.4,4.208201324255414,1
35.410000000000004,4.953943811897133,1
35.42,4.627827859818258,1
35.43,3.338636888082749,1
35.44,4.8534289528854835,1
35.45,4.254374933254872,1
35.46,4.461050671536948,1
35.47,4.979197198964477,1
35.480000000000004,3.337526391251636,1
35.49,3.937006911035375,1
35.5,3.651397318734957,1
35.51,2.9618112620986277,1
35.52,4.162664144751075,1
35.53,5.639330436609395,1
35.54,2.904464124326312,1
35.550000000000004,3.913323252645157,1
35.56,4.4104021920147405,1
35.57,4.104480831266309,1
35.58,3.932868094900937,1
35.59,3.153002903142422,1
35.6,4.100218951043752,1
35.61,3.5150027641654558,1
35.62,2.5500155761563885,1
35.63,4.688086944830362,1
35.64,4.663113677177044,1
35.65,4.073305957743761,1
35.660000000000004,4.153028645762317,1
35.67,4.706230341638254,1
35.68,4.187931883349788,1
35.69,4.597828669408946,1
35.7,3.8428546575854337,1
35.71,4.84182430454284,1
35.72,4.258644522432715,1
35.730000000000004,4.14142518921043,1
35.74,3.184433114950628,1
35.75,4.137251251133978,1
35.76,3.4684386435790864,1
35.77,3.5539700104855036,1
35.78,3.444198891848267,1
35.79,3.2748478474176053,1
35.800000000000004,5.335104058843888,1
35.81,4.943917562691425,1
35.82,5.302625074382693,1
35.83,3.2847078189562837,1
35.84,4.0033139645265035,1
35.85,3.1609336499311906,1
35.86,3.4982690457124006,1
35.87,3.374188780624425,1
35.88,4.766729310100178,1
35.89,3.7889184745458047,1
35.9,4.680530544520424,1
35.910000000000004,4.432802952176013,1
35.92,5.520635678550939,1
35.93,3.1313319060785396,1
35.94,4.764906888970845,1
35.95,4.7897384339002524,1
35.96,3.4158279413739545,1
35.97,4.618406936761688,1
35.980000000000004,4.255204997966797,1
35.99,3.867719118097071,1
36.0,3.4574699542430594,1
36.01,3.500869170459135,1
36.02,5.300029569990216,1
36.03,4.07844480690329,1
36.04,4.512175272239169,1
36.050000000000004,3.5175721048464927,1
36.06,3.4650631618604235,1
36.07,4.669926852111842,1
36.08,3.1645515014532375,1
36.09,3.6804703790660858,1
36.1,4.002906191974457,1
36.11,4.072436139283426,1
36.12,3.888145261165421,1
36.13,4.250108046688235,1
36.14,4.464551351955253,1
36.15,4.504527184768784,1
36.160000000000004,3.390653585832299,1
36.17,3.7790711627159173,1
36.18,4.761940997079614,1
36.19,4.626189450775305,1
36.2,3.1468204173710492,1
36.21,4.176859558011749,1
36.22,2.72708177175802,1
36.230000000000004,3.954077629297698,1
36.24,5.228570829279344,1
36.25,3.458694017942844,1
36.26,3.426188699597377,1
36.27,4.461295959178992,1
36.28,3.026663477938082,1
36.29,3.531050030129051,1
36.300000000000004,4.358851275919349,1
36.31,3.6099880591067803,1
36.32,3.823495125668975,1
36.33,4.472258936922579,1
36.34,4.301846836907555,1
36.35,4.191230308816159,1
36.36,3.7914414678101727,1
36.37,4.227592851111217,1
36.38,3.933374226763112,1
36.39,4.2930399845549445,1
36.4,3.695158517429431,1
36.410000000000004,3.8632534759910397,1
36.42,3.349481938324093,1
36.43,3.938254965628616,1
36.44,3.4700944631139614,1
36.45,3.24538008473547,1
36.46,4.122549644785579,1
36.47,4.14538470303774,1
36.480000000000004,4.516674221775697,1
36.49,3.751273704793354,1
36.5,4.249832920445877,1
36.51,4.372363383008893,1
36.52,4.310923923524162,1
36.53,3.482947427380738,1
36.54,4.065888196281371,1
36.550000000000004,4.240218055934548,1
36.56,4.01907068046739,1
36.57,2.647377142771737,1
36.58,4.022972941988565,1
36.59,5.436932556813152,1
36.6,3.852612054466504,1
36.61,3.518759227914816,1
36.62,4.213364905827161,1
36.63,4.215481919118982,1
36.64,4.786810014308332,1
36.65,3.2310673321848458,1
36.660000000000004,4.428404717676532,1
36.67,4.4087872062263385,1
36.68,3.932298444760781,1
36.69,4.215688041891635,1
36.7,4.680883094324598,1
36.71,4.606836453478124,1
36.72,3.2947861727265915,1
36.730000000000004,4.4898295414915514,1
36.74,3.9874179331262325,1
36.75,4.046527900128118,1
36.76,4.050284000463835,1
36.77,3.905535040097135,1
36.78,4.7675464206219536,1
36.79,3.9917341496624017,1
36.800000000000004,3.2731101155097404,1
36.81,3.7010530456162627,1
36.82,4.098005487340118,1
36.83,4.8034304610375855,1
36.84,4.43951111589322,1
36.85,3.4745187592735376,1
36.86,5.580934277569141,1
36.87,4.266649942364601,1
36.88,4.843509423668501,1
36.89,3.952173849525703,1
36.9,4.3431893470732845,1
36.910000000000004,4.565262825056021,1
36.92,4.824315759257669,1
36.93,4.735510107716532,1
36.94,4.61003726594001,1
36.95,3.8321648445406176,1
36.96,3.6189645094048,1
36.97,4.192943250620383,1
36.980000000000004,4.6170170978577785,1
36.99,3.8925133885345757,1
37.0,4.684665206176979,1
37.01,4.983579702979483,1
37.02,3.4644792468830024,1
37.03,3.424850377436219,1
37.04,3.874411621258228,1
37.050000000000004,4.192052700276187,1
37.06,3.6711688998396683,1
37.07,4.857618371681582,1
37.08,4.326603956711917,1
37.09,4.0451906241000755,1
37.1,3.0710517758148783,1
37.11,3.090523718429911,1
37.12,4.127758358529572,1
37.13,2.6239757310681657,1
37.14,4.574467006132578,1
37.15,3.931853228360301,1
37.160000000000004,6.100123784026048,1
37.17,5.62345029330871,1
37.18,3.97967760940922,1
37.19,3.9297861313870297,1
37.2,4.641749271374543,1
37.21,5.143572644099359,1
37.22,3.005813693266072,1
37.230000000000004,2.781296712856782,1
37.24,3.523283616067872,1
37.25,4.349494028325084,1
37.26,4.34335560927676,1
37.27,4.7147000211922165,1
37.28,3.264483519502803,1
37.29,2.453087831859481,1
37.300000000000004,4.463889715130564,1
37.31,3.49047566878378,1
37.32,2.6597751883779397,1
37.33,4.013708068565803,1
37.34,4.515457829180097,1
37.35,3.951733269474586,1
37.36,3.7000387107458046,1
37.37,3.8786034936726868,1
37.38,3.7522713868194972,1
37.39,3.1104842976234917,1
37.4,3.482923548122122,1
37.410000000000004,4.307196903759438,1
37.42,4.2271461628882925,1
37.43,4.122670836392515,1
37.44,3.361679110484433,1
37.45,3.843936241408208,1
37.46,2.578093356986186,1
37.47,4.030486426972954,1
37.480000000000004,4.928913424877522,1
37.49,3.0992752093212794,1
37.5,3.5657896783754297,1
37.51,4.187481384758385,1
37.52,4.8241294479578,1
37.53,3.7586266619154443,1
37.54,3.536365548831983,1
37.550000000000004,2.694687607452476,1
37.56,3.988794908769278,1
37.57,5.32428573746727,1
37.58,4.259415342539225,1
37.59,4.001109673990673,1
37.6,4.2090429063698584,1
37.61,4.005345761161172,1
37.62,3.4728134881647277,1
37.63,4.502536648501334,1
37.64,4.1766328097949215,1
37.65,4.022025956259596,1
37.660000000000004,3.3684758468099343,1
37.67,4.807862227215732,1
37.68,4.479750114692715,1
37.69,3.670033963248548,1
37.7,4.630215000784651,1
37.71,3.7149745378649213,1
37.72,3.4755119711611897,1
37.730000000000004,3.4756133459655087,1
37.74,2.8194162597574257,1
37.75,4.235115320842286,1
37.76,2.8260071195124032,1
37.77,3.1325105120155783,1
37.78,2.601249052327627,1
37.79,3.8602304351610335,1
37.800000000000004,3.894081560444468,1
37.81,3.7816749342566887,1
37.82,3.310445910237163,1
37.83,3.198047564960941,1
37.84,4.253179462598962,1
37.85,3.6579767386825734,1
37.86,4.18474104035696,1
37.87,3.43670949125199,1
37.88,4.083681317864253,1
37.89,4.850625393196059,1
37.9,4.431358861514501,1
37.910000000000004,3.758295509072674,1
37.92,4.152375867161287,1
37.93,3.852992020716853,1
37.94,3.9962924131656874,1
37.95,3.7885116693114207,1
37.96,3.880685261881222,1
37.97,4.130453422250781,1
37.980000000000004,3.3633073281790593,1
37.99,3.302666852025081,1
38.0,3.0572334106922896,1
38.01,2.905131792031864,1
38.02,3.144499662439615,1
38.03,4.052133869819153,1
38.04,3.4238616503138104,1
38.050000000000004,4.298679630034159,1
38.06,4.040444062785652,1
38.07,2.7252041315365823,1
38.08,4.348479365269223,1
38.09,4.546978391824195,1
38.1,3.3879718326217665,1
38.11,4.235910745473941,1
38.12,3.4584337968699383,1
38.13,4.03087739532537,1
38.14,3.181409476253891,1
38.15,2.7874652005246388,1
38.160000000000004,3.678865038728625,1
38.17,3.900452980633841,1
38.18,3.7360010827422467,1
38.19,3.215926766906443,1
38.2,3.6934895193852317,1
38.21,4.156335601401124,1
38.22,3.980252238707305,1
38.230000000000004,4.117227085485848,1
38.24,3.5722434865227384,1
38.25,4.734579107751802,1
38.26,3.280939441253141,1
38.27,4.273199599706765,1
38.28,4.783237127051088,1
38.29,4.35902131813154,1
38.300000000000004,3.89013769848416,1
38.31,3.6506338464230916,1
38.32,4.651281688445201,1
38.33,3.115809581644968,1
38.34,3.317503874420341,1
38.35,3.7011032468647844,1
38.36,4.78509177669785,1
38.37,4.293509741277529,1
38.38,3.3895144761736056,1
38.39,3.762034247429027,1
38.4,3.5871314173110282,1
38.410000000000004,3.5146962419639545,1
38.42,4.606013654165955,1
38.43,3.1463341717412985,1
38.44,4.992603635828209,1
38.45,4.59693561433295,1
38.46,4.743598763848152,1
38.47,3.7442473705982824,1
38.480000000000004,3.8873689636482145,1
38.49,3.0633717578322077,1
38.5,3.6033861493589816,1
38.51,4.296500723001506,1
38.52,4.858713272539211,1
38.53,3.333167406845784,1
38.54,3.722839212888691,1
38.550000000000004,3.8852030393153525,1
38.56,3.0874837467179477,1
38.57,4.328933529519056,1
38.58,3.549990128563752,1
38.59,3.8462244922768547,1
38.6,3.6975356353202735,1
38.61,3.4697064681260534,1
38.62,3.963611397589968,1
38.63,3.8579229484395823,1
38.64,3.7502032194202677,1
38.65,3.5123652076242875,1
38.660000000000004,4.178058767535091,1
38.67,5.083598273967635,1
38.68,4.155778782154072,1
38.69,4.655657057505251,1
38.7,3.137323198297651,1
38.71,4.050599580132345,1
38.72,3.291031646023427,1
38.730000000000004,2.9991902560385086,1
38.74,3.460225845023322,1
38.75,4.740952338514736,1
38.76,4.660854908255221,1
38.77,4.197319791960267,1
38.78,3.017378700089555,1
38.79,3.8136901540217334,1
38.800000000000004,4.184573107753776,1
38.81,4.124967373129596,1
38.82,2.811191396635216,1
38.83,3.3510074936633885,1
38.84,3.9194849415028044,1
38.85,4.3431301615791,1
38.86,2.595676512224993,1
38.87,3.810549862747432,1
38.88,4.081447174223306,1
38.89,4.556139680706962,1
38.9,4.4829144363279525,1
38.910000000000004,4.406964000408099,1
38.92,3.505393284918051,1
38.93,2.7323565832162027,1
38.94,3.6689173892600495,1
38.95,4.630022763884586,1
38.96,4.941914996972023,1
38.97,4.517539724304176,1
38.980000000000004,4.309621136605205,1
38.99,4.264898460776836,1
39.0,3.655067967835299,1
39.01,3.8949171950042842,1
39.02,5.076635651441254,1
39.03,3.453039222492666,1
39.04,5.014897572696211,1
39.050000000000004,3.851952666590086,1
39.06,4.851095877141663,1
39.07,3.1382834540649087,1
39.08,4.328448612015402,1
39.09,3.541669126632606,1
39.1,3.0542338284266872,1
39.11,4.085045241911605,1
39.12,4.660077230217957,1
39.13,3.491382171538908,1
39.14,2.99687798597956,1
39.15,3.880221137602337,1
39.160000000000004,3.936082696121142,1
39.17,4.351930607291257,1
39.18,4.637240280448892,1
39.19,3.999684127438956,1
39.2,5.203885306014454,1
39.21,4.217723111112542,1
39.22,3.788291842219505,1
39.230000000000004,2.9416659609683666,1
39.24,3.766078858170806,1
39.25,3.7677071445536203,1
39.26,4.609135976619306,1
39.27,4.33662092052663,1
39.28,3.2549884321588105,1
39.29,4.067062937753506,1
39.300000000000004,4.439732638020157,1
39.31,5.017814933273032,1
39.32,4.6369071589459985,1
39.33,4.5318737616367875,1
39.34,4.070897958199668,1
39.35,4.256201946340668,1
39.36,4.826087063403302,1
39.37,3.1848206709439206,1
39.38,3.7243628902018906,1
39.39,3.482196807139124,1
39.4,4.214937326482916,1
39.410000000000004,4.811099996055502,1
39.42,3.6613318030580775,1
39.43,2.4287812469695904,1
39.44,3.6382661236754785,1
39.45,4.57098416534224,1
39.46,4.383088892705894,1
39.47,4.3008049650357565,1
39.480000000000004,3.8363805392117696,1
39.49,3.1603106690203306,1
39.5,4.28395651125701,1
39.51,3.475731203954265,1
39.52,5.385649051753562,1
39.53,4.453300533274005,1
39.54,3.6504566063760664,1
39.550000000000004,3.5823429512694993,1
39.56,3.914635685545889,1
39.57,3.8394823617178813,1
39.58,4.715003022132586,1
39.59,4.163852388092628,1
39.6,3.5351272939276215,1
39.61,5.198680273160019,1
39.62,4.103913489114524,1
39.63,4.505080245257046,1
39.64,3.6356698515079846,1
39.65,4.2137401207894,1
39.660000000000004,4.2146815746109745,1
39.67,2.786821737676336,1
39.68,5.234778128267697,1
39.69,4.911494171776016,1
39.7,3.7969778323327703,1
39.71,3.272634157023985,1
39.72,4.181866084662964,1
39.730000000000004,4.067163941933446,1
39.74,4.234798145217228,1
39.75,4.138388848590712,1
39.76,4.336767137973351,1
39.77,4.959259858452475,1
39.78,4.4261573947988815,1
39.79,3.3445225736114406,1
39.800000000000004,4.844741572774995,1
39.81,5.115162710910836,1
39.82,6.112055408604501,1
39.83,3.397767876102913,1
39.84,4.121454952942311,1
39.85,2.6563613919916738,1
39.86,4.278280867136157,1
39.87,3.6610086308649388,1
39.88,5.227647823865826,1
39.89,3.5710662555758734,1
39.9,2.8782731267288924,1
39.910000000000004,3.626926831859685,1
39.92,2.695861963254174,1
39.93,4.409086784528657,1
39.94,2.684659552624666,1
39.95,3.9395436755366555,1
39.96,2.6482281693379175,1
39.97,3.7110752035248153,1
39.980000000000004,5.048935827443062,1
39.99,4.2969349405995265,1
40.0,3.457556451625697,1
40.01,3.947207660285746,1
40.02,4.00852232769975,1
40.03,4.307167588377964,1
40.04,3.1315727853536224,1
40.050000000000004,4.332369166312556,1
40.06,2.2652545805077793,1
40.07,3.4872279451852655,1
40.08,3.6524274745931984,1
40.09,4.39006642493913,1
40.1,4.038087537765402,1
40.11,3.090315258760359,1
40.12,3.3063268647706963,1
40.13,4.087288952893409,1
40.14,3.953936157159738,1
40.15,3.621483684292458,1
40.160000000000004,3.6653101406398987,1
40.17,4.431612555647861,1
40.18,3.690002827397866,1
40.19,3.924244020707913,1
40.2,5.403372308621371,1
40.21,3.1604758350702378,1
40.22,2.748099384084925,1
40.230000000000004,4.433301618647892,1
40.24,3.5856748355597654,1
40.25,3.768658770717006,1
40.26,3.479282657461819,1
40.27,3.8001911081766084,1
40.28,5.02518926346473,1
40.29,4.581955517448027,1
40.300000000000004,4.594352902705206,1
40.31,3.1167720675298316,1
40.32,3.2001044595158947,1
40.33,2.1099298558801802,1
40.34,3.3614460870252527,1
40.35,4.582423484418241,1
40.36,4.370355271551398,1
40.37,3.8784970995661268,1
40.38,3.9782407564137454,1
40.39,3.5517255655007594,1
40.4,4.105957023598717,1
40.410000000000004,4.503281417566582,1
40.42,2.9817627653769048,1
40.43,4.133325859123873,1
40.44,4.612990285243707,1
40.45,3.767450334515679,1
40.46,4.4406818590642905,1
40.47,5.852670185572924,1
40.480000000000004,4.043459586831869,1
40.49,4.257796573565387,1
40.5,3.5365949953980804,1
40.51,4.0897967003531805,1
40.52,4.304025354918071,1
40.53,4.1446608713934365,1
40.54,3.3470718136731707,1
40.550000000000004,4.094717799218516,1
40.56,4.954398116401254,1
40.57,4.348351756808314,1
40.58,4.6450662384940085,1
40.59,3.884923747830198,1
40.6,4.479652406145579,1
40.61,4.209976201239211,1
40.62,3.395620166446806,1
40.63,4.170402857522758,1
40.64,3.366782671451877,1
40.65,3.5513759191588097,1
40.660000000000004,4.09592424104767,1
40.67,4.198616142797198,1
40.68,3.2403085227727795,1
40.69,4.638274987433705,1
40.7,4.4094307293864805,1
40.71,3.567317636303577,1
40.72,2.9764095366957988,1
40.730000000000004,3.844566287016136,1
40.74,3.701332787782311,1
40.75,4.05548877066482,1
40.76,3.767728726033971,1
40.77,2.6835676062704445,1
40.78,3.6690433220653453,1
40.79,3.781848073886968,1
40.800000000000004,4.398048498688562,1
40.81,3.5708707515740366,1
40.82,5.063424962585397,1
40.83,2.8234777758647405,1
40.84,4.7801320910009935,1
40.85,3.9012632842192287,1
40.86,4.55179934300002,1
40.87,4.08488547329927,1
40.88,4.744469744720596,1
40.89,3.793336529850446,1
40.9,3.2747834602572365,1
40.910000000000004,4.878151305836006,1
40.92,3.979059550593147,1
40.93,4.1424971237552235,1
40.94,4.809692609275604,1
40.95,3.379019125437654,1
40.96,4.349112878458384,1
40.97,3.638205980151472,1
40.980000000000004,3.892537055211761,1
40.99,4.040448908175937,1
41.0,3.029039566711495,1
41.01,3.436410357104451,1
41.02,4.842799820964329,1
41.03,4.625554483304535,1
41.04,3.996890898119512,1
41.050000000000004,4.157558991003233,1
41.06,3.8185404849244144,1
41.07,4.869302996262861,1
41.08,3.9221636280774534,1
41.09,4.1457556777543525,1
41.1,4.75232287014213,1
41.11,3.5407582517448852,1
41.12,4.983833037315608,1
41.13,3.0660223202383854,1
41.14,5.001320324035265,1
41.15,3.818276513441909,1
41.160000000000004,3.831626618277867,1
41.17,2.7636042914991594,1
41.18,3.6307322807765807,1
41.19,3.3031873622119936,1
41.2,3.563932704469982,1
41.21,3.884744633184693,1
41.22,4.614527600835474,1
41.230000000000004,4.171570719538688,1
41.24,4.209923761630565,1
41.25,3.301790736296215,1
41.26,3.3866486973280368,1
41.27,5.130263778022126,1
41.28,3.590796114859223,1
41.29,5.050043619940341,1
41.300000000000004,3.9052974759317274,1
41.31,3.9958023277503503,1
41.32,4.694232037449146,1
41.33,4.8668945406545046,1
41.34,3.9801152758495237,1
41.35,3.7469035856920625,1
41.36,3.948531409517319,1
41.37,4.216188511102597,1
41.38,4.59127494158189,1
41.39,4.038220951444012,1
41.4,4.403844600970048,1
41.410000000000004,5.087245892842407,1
41.42,4.312639467052919,1
41.43,4.220967761822259,1
41.44,3.027744757364683,1
41.45,2.2347708259194468,1
41.46,4.1460756642541465,1
41.47,3.947239833903331,1
41.480000000000004,3.6628284901133443,1
41.49,4.137779154889093,1
41.5,3.9690750613983896,1
41.51,4.729880974007676,1
41.52,4.099664082254606,1
41.53,3.5213543978123303,1
41.54,4.6137297801666515,1
41.550000000000004,3.8959428605041553,1
41.56,4.335388812653975,1
41.57,3.710365443880563,1
41.58,3.560995434017703,1
41.59,4.028270510043408,1
41.6,4.010019825860121,1
41.61,4.311926858739286,1
41.62,3.8444104707987146,1
41.63,2.799181246919516,1
41.64,3.647154652459546,1
41.65,4.493881677785652,1
41.660000000000004,3.836686692873764,1
41.67,3.8303405184286827,1
41.68,4.629810058904414,1
41.69,3.5758397655521845,1
41.7,2.9735350013432047,1
41.71,3.8341899802485817,1
41.72,3.675905324781141,1
41.730000000000004,3.353625739134294,1
41.74,3.8474269258139864,1
41.75,4.309748706162822,1
41.76,4.0125582347662245,1
41.77,4.199931699642751,1
41.78,5.188587306043135,1
41.79,3.848845508320993,1
41.800000000000004,4.171531381485876,1
41.81,3.679899514002967,1
41.82,3.431651286610507,1
41.83,3.5863940614484724,1
41.84,3.6645512247687524,1
41.85,4.213111375997724,1
41.86,5.536935047205631,1
41.87,3.627626395427473,1
41.88,3.7073390261810677,1
41.89,3.941484303562339,1
41.9,4.253294807694009,1
41.910000000000004,4.186197083762598,1
41.92,4.844330344420877,1
41.93,2.476346413140101,1
41.94,2.359871595080893,1
41.95,3.579852184461231,1
41.96,4.686751254210047,1
41.97,3.025367314507544,1
41.980000000000004,1.9900831206573308,1
41.99,4.250002718839679,1
42.0,4.1730920225514865,1
42.01,3.3030267508299094,1
42.02,3.3187349855594386,1
42.03,3.3299263045053356,1
42.04,4.031514091703266,1
42.050000000000004,3.595519365556157,1
42.06,4.2962941332943885,1
42.07,2.1656132416501475,1
42.08,3.3339865027408933,1
42.09,3.2294227865804945,1
42.1,3.787444115260104,1
42.11,3.6381456873608555,1
42.12,4.495952879306277,1
42.13,2.8233656566159384,1
42.14,3.9589181259956945,1
42.15,4.359799920043281,1
42.160000000000004,5.226234592890312,1
42.17,3.7609903687636055,1
42.18,4.1961775561165835,1
42.19,2.8413722605630296,1
42.2,2.3785119148631857,1
42.21,4.4508247819780165,1
42.22,4.023441807456556,1
42.230000000000004,4.766059653756651,1
42.24,3.1548600315774182,1
42.25,4.286619158640487,1
42.26,5.229740257583164,1
42.27,4.346101562578125,1
42.28,4.200220180261588,1
42.29,4.017564643711151,1
42.300000000000004,2.981820519918003,1
42.31,4.818444189078575,1
42.32,3.6527645333035195,1
42.33,4.306489211057981,1
42.34,3.004247452375235,1
42.35,3.1749872772315486,1
42.36,4.881625479998025,1
42.37,3.8275577510244365,1
42.38,4.932580659122323,1
42.39,4.005196523555898,1
42.4,2.8052352024024696,1
42.410000000000004,4.507113391836259,1
42.42,3.6476875932580186,1
42.43,4.432190781423142,1
42.44,4.042288987476484,1
42.45,3.0013175672473347,1
42.46,4.046678253335732,1
42.47,5.427773839728065,1
42.480000000000004,4.405530314210366,1
42.49,3.9870126358455464,1
42.5,4.696934683263021,1
42.51,4.17850387903942,1
42.52,4.146662106326183,1
42.53,3.3005217174826207,1
42.54,4.109758670935816,1
42.550000000000004,4.6784111798410315,1
42.56,3.498243346605096,1
42.57,4.8941487217957835,1
42.58,3.9941474004023196,1
42.59,3.4236382883603573,1
42.6,4.6127108653680295,1
42.61,3.850682250487167,1
42.62,4.483836178264833,1
42.63,3.8397287251036696,1
42.64,3.9515667899102924,1
42.65,4.317330154116337,1
42.660000000000004,4.2077822402558915,1
42.67,2.71770815439068,1
42.68,3.195567096177654,1
42.69,4.5547621257681925,1
42.7,3.947551683959945,1
42.71,3.6570410723443962,1
42.72,3.097940319180444,1
42.730000000000004,3.2453122408309127,1
42.74,2.6429172556780736,1
42.75,3.852861173466566,1
42.76,3.602888046291203,1
42.77,3.3490230811227226,1
42.78,3.9167409347790194,1
42.79,4.231159136550422,1
42.800000000000004,5.3719969544349855,1
42.81,3.101366093036228,1
42.82,4.698321944876165,1
42.83,4.673275776001458,1
42.84,3.5348986263349804,1
42.85,4.103959287600611,1
42.86,3.709311858845478,1
42.87,4.103038837280995,1
42.88,4.9853502136823185,1
42.89,4.452055865885296,1
42.9,4.357123186227364,1
42.910000000000004,3.742230249040633,1
42.92,3.0216348945704756,1
42.93,3.8060378845423433,1
42.94,4.771244569342343,1
42.95,3.055403964778355,1
42.96,3.2587517161460484,1
42.97,4.03745126506972,1
42.980000000000004,3.363374550563747,1
42.99,3.4475903208747884,1
43.0,3.6920123983238002,1
43.01,3.09546864412809,1
43.02,3.3136896687679385,1
43.03,4.415225773329305,1
43.04,3.1766541897388008,1
43.050000000000004,2.9138535599548385,1
43.06,3.52605277073946,1
43.07,4.446477082798209,1
43.08,3.899020056018022,1
43.09,3.692507552533753,1
43.1,4.010331724949995,1
43.11,2.8679543913808754,1
43.12,4.2530566109568735,1
43.13,4.263967143597548,1
43.14,3.750266843147703,1
43.15,4.6376889504282905,1
43.160000000000004,3.306709232537266,1
43.17,4.690222556214119,1
43.18,4.141653315445696,1
43.19,3.790134137065304,1
43.2,3.974513458352588,1
43.21,3.9288743226536087,1
43.22,4.787487323765893,1
43.230000000000004,3.348668656937398,1
43.24,3.4661755658620543,1
43.25,4.640353846219526,1
43.26,3.652020927007438,1
43.27,4.563413182213452,1
43.28,5.136448047053881,1
43.29,3.8074906393461365,1
43.300000000000004,4.4305370379437266,1
43.31,3.277283276404496,1
43.32,4.446329806201695,1
43.33,4.1561718428275976,1
43.34,4.316291240175738,1
43.35,3.600111627925588,1
43.36,2.8982476974294427,1
43.37,4.260419368136748,1
43.38,2.6768294713482765,1
43.39,3.714703583172104,1
43.4,4.59354825252715,1
43.410000000000004,4.160121700685272,1
43.42,5.273748404954068,1
43.43,4.741545394379564,1
43.44,3.620224522162688,1
43.45,3.9949351827658948,1
43.46,3.9689606280053864,1
43.47,2.9715755573562093,1
43.480000000000004,3.328136496485341,1
43.49,3.5958502820598763,1
43.5,2.6545922160639224,1
43.51,3.950090669868705,1
43.52,3.835400417971698,1
43.53,2.9047020398255468,1
43.54,4.196547129363404,1
43.550000000000004,4.476271785525714,1
43.56,4.17588284855485,1
43.57,3.8002881586518673,1
43.58,4.3717620769281345,1
43.59,4.463652383539542,1
43.6,4.227271476873672,1
43.61,3.4786039920460294,1
43.62,4.1481828224233235,1
43.63,4.784553418908344,1
43.64,3.6599630024192518,1
43.65,5.340801548438923,1
43.660000000000004,3.7394035284965,1
43.67,4.005390819989123,1
43.68,3.5639953293473936,1
43.69,4.118704300702654,1
43.7,2.8767183950787114,1
43.71,3.578315379397786,1
43.72,3.266099076420006,1
43.730000000000004,4.043777382079776,1
43.74,4.647852884534017,1
43.75,4.4580186859858575,1
43.76,2.488679879915766,1
43.77,5.2342746915255285,1
43.78,4.265642653873856,1
43.79,3.5121234410350493,1
43.800000000000004,4.072676548386804,1
43.81,4.1186776495750435,1
43.82,3.574449909413315,1
43.83,4.102881057054129,1
43.84,3.6120272598688827,1
43.85,3.7143598704364003,1
43.86,3.53758382452985,1
43.87,3.0426964278744904,1
43.88,4.0371847087994714,1
43.89,4.3819902984906784,1
43.9,4.356990798401134,1
43.910000000000004,4.553410684632505,1
43.92,4.243645957395515,1
43.93,3.6689710344076127,1
43.94,4.524936481462207,1
43.95,3.1506995155569024,1
43.96,3.364660307935791,1
43.97,3.336278703268946,1
43.980000000000004,4.660948355696709,1
43.99,4.6513653784240105,1
44.0,4.355259665599208,1
44.01,4.716814703602855,1
44.02,3.4725047620589233,1
44.03,4.194528889610057,1
44.04,3.930454941055219,1
44.050000000000004,4.545308918551306,1
44.06,3.9579577178562415,1
44.07,3.7477153748603897,1
44.08,4.3358200259853295,1
44.09,4.5886331180372375,1
44.1,3.6016762793469135,1
44.11,3.9364729133459586,1
44.12,3.309441455023725,1
44.13,2.337752192525236,1
44.14,4.030329142736884,1
44.15,4.396895168528843,1
44.160000000000004,4.193850241397279,1
44.17,2.7466989417452936,1
44.18,3.6971606708991485,1
44.19,2.5425014032343376,1
44.2,4.801251808976071,1
44.21,3.343411459701513,1
44.22,4.775146887183095,1
44.230000000000004,4.66021641634499,1
44.24,3.455283896577197,1
44.25,3.2323333688380584,1
44.26,4.181270340022803,1
44.27,3.4630543460330285,1
44.28,4.034278263022475,1
44.29,3.6887841793727647,1
44.300000000000004,2.825659915648062,1
44.31,2.4823473830103504,1
44.32,4.056020144802231,1
44.33,3.639006288523519,1
44.34,3.619479694857283,1
44.35,4.4286653823441195,1
44.36,4.787083237424199,1
44.37,3.8703900901916075,1
44.38,3.771233105704636,1
44.39,4.310781262916836,1
44.4,3.1382278015177265,1
44.410000000000004,4.093081829198927,1
44.42,4.363664502664972,1
44.43,4.463172918712883,1
44.44,2.7711691622378964,1
44.45,3.4322808131775657,1
44.46,3.3960942289408242,1
44.47,4.028575200995063,1
44.480000000000004,4.313635510613263,1
44.49,4.989927165420649,1
44.5,3.738247699436947,1
44.51,3.6614554227773164,1
44.52,4.725627808587097,1
44.53,4.235965370682928,1
44.54,4.836646914999902,1
44.550000000000004,4.237533900513789,1
44.56,3.2634812789530407,1
44.57,3.090836612623367,1
44.58,2.938784140890265,1
44.59,4.36588544200149,1
44.6,4.79314914939323,1
44.61,5.247508636267797,1
44.62,4.621881661555815,1
44.63,4.791796227277336,1
44.64,3.6711763883799913,1
44.65,3.2299545288275526,1
44.660000000000004,4.505353348233722,1
44.67,4.301324562758223,1
44.68,4.0877924938260595,1
44.69,4.256605378770618,1
44.7,4.225088418381334,1
44.71,4.846482843983678,1
44.72,4.891013101555933,1
44.730000000000004,4.40656670320447,1
44.74,4.573175387760098,1
44.75,4.3679291868709536,1
44.76,3.7228554804640357,1
44.77,4.474252388751905,1
44.78,3.1236663788495553,1
44.79,4.631215326857255,1
44.800000000000004,3.2628318607049,1
44.81,4.1412073567195264,1
44.82,3.460112090110163,1
44.83,4.326661515524932,1
44.84,3.9975880223804,1
44.85,2.9651314553152517,1
44.86,4.210869985116731,1
44.87,3.637680471123076,1
44.88,4.549974325611333,1
44.89,4.033858604759756,1
44.9,4.258592097105437,1
44.910000000000004,3.394217070882986,1
44.92,3.5812772142223435,1
44.93,3.677298610409622,1
44.94,4.536491283145186,1
44.95,5.120520283405002,1
44.96,3.5448124786963895,1
44.97,4.671378994453268,1
44.980000000000004,2.6325332295162327,1
44.99,3.143127344410275,1
45.0,3.3265044263520336,1
45.01,3.0820434793722757,1
45.02,2.9174446243433394,1
45.03,4.203012325950549,1
45.04,3.8732874210602097,1
45.050000000000004,4.238566449157105,1
45.06,4.4623126515062355,1
45.07,4.200078752571229,1
45.08,4.43878051286176,1
45.09,3.98121227083872,1
45.1,3.228717068274847,1
45.11,4.640063483150612,1
45.12,3.6561708053308553,1
45.13,3.3723282887540584,1
45.14,3.846901429652585,1
45.15,3.398555939935941,1
45.160000000000004,3.6930724419971277,1
45.17,4.204816489505482,1
45.18,4.238303192579806,1
45.19,3.4317600566764925,1
45.2,3.6494682407504953,1
45.21,4.676026444616569,1
45.22,4.362640351413984,1
45.230000000000004,5.368120681579917,1
45.24,4.847788558946683,1
45.25,4.79331777809616,1
45.26,3.147109779155615,1
45.27,4.444441292903614,1
45.28,3.9922092474515587,1
45.29,3.642039612487897,1
45.300000000000004,4.087535592907666,1
45.31,4.618532738473087,1
45.32,4.362065997172565,1
45.33,3.4517447300073125,1
45.34,4.4488335174870715,1
45.35,3.613244758714967,1
45.36,4.117384965021544,1
45.37,3.8102207936239916,1
45.38,3.8466064883857514,1
45.39,4.487957010489214,1
45.4,3.3543696267012213,1
45.410000000000004,5.223361045659523,1
45.42,2.8918283094623263,1
45.43,3.5457256061209357,1
45.44,4.212947726381754,1
45.45,4.391896807798303,1
45.46,3.958322252681164,1
45.47,3.9602625858738127,1
45.480000000000004,4.263992533926395,1
45.49,3.865914986731834,1
45.5,4.895891225123359,1
45.51,4.598347473865184,1
45.52,4.602214551352772,1
45.53,3.409262425455153,1
45.54,3.91304623786698,1
45.550000000000004,3.7998317697249964,1
45.56,3.3355266264034684,1
45.57,4.193816545116659,1
45.58,3.662788862849056,1
45.59,4.405012307307385,1
45.6,3.329929475630446,1
45.61,5.075159075952601,1
45.62,3.482942971223899,1
45.63,4.111266282377229,1
45.64,4.520457217969595,1
45.65,3.660979404719841,1
45.660000000000004,4.532765094932897,1
45.67,3.234436008600508,1
45.68,4.896242155438162,1
45.69,4.062954981987968,1
45.7,3.6168083142410308,1
45.71,3.7828907050571243,1
45.72,4.511823678534831,1
45.730000000000004,3.6514979102424676,1
45.74,3.4928849154835504,1
45.75,3.825833738017641,1
45.76,3.2259029382294706,1
45.77,5.134775759592479,1
45.78,3.70059334044717,1
45.79,4.521612642531983,1
45.800000000000004,4.16720701195518,1
45.81,3.3712382313277454,1
45.82,3.9584107061827907,1
45.83,4.506188338626883,1
45.84,3.908221896870386,1
45.85,4.768619527854287,1
45.86,4.708905926373658,1
45.87,4.638752911367401,1
45.88,3.7400865560199357,1
45.89,3.2837721570925815,1
45.9,3.5589129307113785,1
45.910000000000004,4.100861578360966,1
45.92,4.3601739122926295,1
45.93,2.6126320509768064,1
45.94,3.91149384301547,1
45.95,4.0972624958790975,1
45.96,3.825757002708872,1
45.97,4.827361262966852,1
45.980000000000004,4.32330479641854,1
45.99,4.869488721384222,1
46.0,3.9120478866808943,1
46.01,4.602985405719419,1
46.02,5.097057528273447,1
46.03,4.916888128682993,1
46.04,3.3464002097564265,1
46.050000000000004,3.796191630796374,1
46.06,3.763818646124927,1
46.07,4.303271622646619,1
46.08,4.463522350424734,1
46.09,3.483513492284975,1
46.1,4.013026400958999,1
46.11,2.690194263955361,1
46.12,4.856987312844444,1
46.13,3.7189760006958275,1
46.14,4.019384701200202,1
46.15,3.8002533847945212,1
46.160000000000004,4.731591065639509,1
46.17,2.2028391528511326,1
46.18,3.8813930782819934,1
46.19,3.924225311897861,1
46.2,3.7011210998936384,1
46.21,5.102093014602564,1
46.22,3.490400544130322,1
46.230000000000004,4.470187732156097,1
46.24,4.2593583850145835,1
46.25,4.834071708947244,1
46.26,3.6171527124781946,1
46.27,3.501457725138877,1
46.28,4.681249345333104,1
46.29,4.316835736532501,1
46.300000000000004,3.016610075301574,1
46.31,3.5910799008965752,1
46.32,4.226161043755096,1
46.33,4.557135338734174,1
46.34,3.5927236121330606,1
46.35,2.0847097771027556,1
46.36,4.224564934279956,1
46.37,3.2216945101163468,1
46.38,2.64439386631126,1
46.39,2.0809685898909143,1
46.4,4.41299245824741,1
46.410000000000004,4.108230272162593,1
46.42,3.8600814248770683,1
46.43,4.892844097632404,1
46.44,4.467085347630204,1
46.45,5.076727372542683,1
46.46,3.1609565551426466,1
46.47,3.927239948415951,1
46.480000000000004,2.9466639633078513,1
46.49,3.7879699413960357,1
46.5,3.825969034349112,1
46.51,4.396123207311822,1
46.52,4.053330557374684,1
46.53,4.407684429340651,1
46.54,4.48087338528618,1
46.550000000000004,5.427032503630112,1
46.56,3.8810483539748497,1
46.57,3.3823001350496655,1
46.58,4.122604180635199,1
46.59,3.486813747154102,1
46.6,4.930747866893991,1
46.61,3.8720848105714216,1
46.62,3.625362770492931,1
46.63,3.6717184840658974,1
46.64,4.446433128056752,1
46.65,3.9244351789605614,1
46.660000000000004,3.579134104726558,1
46.67,5.055276574216071,1
46.68,3.5078088199096884,1
46.69,3.993544827490769,1
46.7,4.422847801881164,1
46.71,2.966913429315839,1
46.72,4.249621720259509,1
46.730000000000004,3.3303929031663353,1
46.74,4.4936688579252175,1
46.75,3.405024290912363,1
46.76,4.413790057587411,1
46.77,4.7423239053163,1
46.78,4.603464386516199,1
46.79,4.199269378953449,1
46.800000000000004,3.8618814159354202,1
46.81,3.6177151793076128,1
46.82,4.931512797407301,1
46.83,3.602038022040347,1
46.84,3.3032437948086644,1
46.85,4.389905251908398,1
46.86,3.5068377129474655,1
46.87,3.353981565937576,1
46.88,3.0245866633903136,1
46.89,3.628149318087684,1
46.9,3.9240210573865513,1
46.910000000000004,4.1531662126638995,1
46.92,4.626424999716019,1
46.93,4.379452123970589,1
46.94,3.898923706576588,1
46.95,3.8653403307656964,1
46.96,4.322925352237232,1
46.97,4.8450558775133254,1
46.980000000000004,4.132659661452676,1
46.99,3.703573902435807,1
47.0,3.3380142340358363,1
47.01,3.0225898468801304,1
47.02,4.373650439277146,1
47.03,4.397428222140326,1
47.04,4.3984558602627795,1
47.050000000000004,3.9404293787619706,1
47.06,4.909285749727656,1
47.07,3.7404470528386353,1
47.08,4.604233154634261,1
47.09,4.011116477591857,1
47.1,3.605951403757641,1
47.11,4.360807898462412,1
47.12,4.287432244668472,1
47.13,4.24886019350482,1
47.14,4.067667404452432,1
47.15,3.9794739160302135,1
47.160000000000004,5.548413315603099,1
47.17,4.861284788766868,1
47.18,4.520668099089605,1
47.19,4.103778615825585,1
47.2,4.659699460962868,1
47.21,4.375671971991316,1
47.22,4.039542720418471,1
47.230000000000004,3.8054112422927333,1
47.24,3.935823163701555,1
47.25,1.9390854040934138,1
47.26,4.012989044644336,1
47.27,3.683841922913914,1
47.28,5.014400910253654,1
47.29,4.073415047673956,1
47.300000000000004,3.2329710216006933,1
47.31,3.921614573511653,1
47.32,3.3165432343423875,1
47.33,4.266153028199934,1
47.34,4.204744253176104,1
47.35,4.633758732617827,1
47.36,3.5248785253528303,1
47.37,3.993558148721749,1
47.38,3.1139478373576903,1
47.39,4.401986989591056,1
47.4,4.360777860023388,1
47.410000000000004,4.343339320370166,1
47.42,4.021650833629619,1
47.43,4.270415707204481,1
47.44,5.05716659365933,1
47.45,3.8784525895688287,1
47.46,4.082664163663985,1
47.47,3.300249668876245,1
47.480000000000004,3.394662136346935,1
47.49,4.027143823955336,1
47.5,4.717892668004779,1
47.51,3.8767911432316975,1
47.52,3.8395379957485867,1
47.53,3.726373355776254,1
47.54,3.6366167947172916,1
47.550000000000004,4.1695830261252995,1
47.56,3.038710883102862,1
47.57,4.773433327252101,1
47.58,3.6146607518935543,1
47.59,4.44527152203469,1
47.6,3.202704441096121,1
47.61,4.386125102808833,1
47.62,4.459144617222662,1
47.63,4.276830102118304,1
47.64,3.371395797350064,1
47.65,4.12419783644962,1
47.660000000000004,3.239850773851349,1
47.67,3.7903909302668986,1
47.68,4.655336472181312,1
47.69,4.556243459231585,1
47.7,4.043225740145924,1
47.71,3.3701108220758784,1
47.72,4.381082643584267,1
47.730000000000004,4.035440066625404,1
47.74,2.4966384820978496,1
47.75,4.417591193538867,1
47.76,4.009332507575869,1
47.77,4.780745125217978,1
47.78,3.3362014921728163,1
47.79,1.899034705518229,1
47.800000000000004,4.055019767735729,1
47.81,4.19247613883528,1
47.82,2.9145918796791737,1
47.83,3.2999966846549733,1
47.84,5.745664823258779,1
47.85,3.906450877002652,1
47.86,4.468654394173952,1
47.870000000000005,3.605952334239849,1
47.88,2.6201081152513463,1
47.89,3.806738008251863,1
47.9,3.8160723538308425,1
47.910000000000004,3.7295117654660754,1
47.92,3.909388413560932,1
47.93,4.166028208728981,1
47.94,3.912561469400054,1
47.95,3.1746298996144118,1
47.96,4.265928559409819,1
47.97,2.7511468939503727,1
47.980000000000004,2.5947375475487306,1
47.99,4.395285953468878,1
48.0,4.3526865855221955,1
48.01,3.983921420956697,1
48.02,3.093627903975343,1
48.03,3.4863045653759817,1
48.04,3.798700578792583,1
48.050000000000004,2.952459834605642,1
48.06,3.4576444054922155,1
48.07,4.390709469505646,1
48.08,4.949519602018145,1
48.09,3.7848297680152254,1
48.1,4.477921326992508,1
48.11,2.786777703161631,1
48.120000000000005,4.3550777153065425,1
48.13,3.499679661075683,1
48.14,4.169395511934382,1
48.15,3.849414790543538,1
48.160000000000004,4.847687716496347,1
48.17,3.483502103719273,1
48.18,4.376219258208519,1
48.19,3.8412206229341535,1
48.2,3.8877600610754364,1
48.21,3.873975876113448,1
48.22,3.443741364278175,1
48.230000000000004,3.9574766646804593,1
48.24,3.9568006200091155,1
48.25,4.153931693090025,1
48.26,4.064065286120851,1
48.27,4.521605878987967,1
48.28,4.630495473880353,1
48.29,3.35615490683349,1
48.300000000000004,4.525054039500491,1
48.31,3.2617738298342545,1
48.32,4.3371243455614765,1
48.33,4.4223319226502085,1
48.34,2.7852221927891985,1
48.35,3.987440958009252,1
48.36,3.6952726184653795,1
48.370000000000005,3.4894074952229377,1
48.38,4.8458365424271275,1
48.39,3.626624245291764,1
48.4,3.454396762444602,1
48.410000000000004,4.016376873819613,1
48.42,4.4458130842915775,1
48.43,3.9348430824215916,1
48.44,4.752865555687967,1
48.45,4.389684311967385,1
48.46,2.6100945059311136,1
48.47,3.5730721789581428,1
48.480000000000004,3.609844914102174,1
48.49,4.287613956582028,1
48.5,2.3141995556263675,1
48.51,5.552723253695388,1
48.52,4.437708496192679,1
48.53,4.1228580894073845,1
48.54,4.774006820373277,1
48.550000000000004,5.567070995988913,1
48.56,4.658989886617276,1
48.57,4.65515679367809,1
48.58,4.124104878329046,1
48.59,3.915620287438137,1
48.6,3.6862273612290477,1
48.61,3.445168269554868,1
48.620000000000005,3.520955462596218,1
48.63,3.0949775261121637,1
48.64,3.8964710582555346,1
48.65,2.900727176518816,1
48.660000000000004,4.057915797553513,1
48.67,3.9799025977622446,1
48.68,4.094130030515971,1
48.69,3.666873726051311,1
48.7,5.976368491768289,1
48.71,5.001064674234268,1
48.72,3.2525686829915648,1
48.730000000000004,4.106245676492218,1
48.74,3.6118827562529923,1
48.75,3.318489154469942,1
48.76,3.0896318010024464,1
48.77,4.2258126075802265,1
48.78,3.571449537322411,1
48.79,4.60224051044826,1
48.800000000000004,4.680929096540145,1
48.81,4.932291167007315,1
48.82,3.502884263771101,1
48.83,4.278604023548535,1
48.84,4.4270708436211885,1
48.85,3.717963725474969,1
48.86,3.482329838555266,1
48.870000000000005,5.013243386005913,1
48.88,4.208400512226258,1
48.89,4.4251383155456985,1
48.9,3.492121587386146,1
48.910000000000004,3.1784202410523616,1
48.92,3.581229717991808,1
48.93,3.894405117129378,1
48.94,3.303167562649802,1
48.95,3.9518024569476453,1
48.96,2.9015571074459485,1
48.97,3.207374238863292,1
48.980000000000004,4.387749091807224,1
48.99,4.4150217118419155,1
49.0,3.7706403144152274,1
49.01,3.325883475845753,1
49.02,3.2929438460217964,1
49.03,3.7153893885077562,1
49.04,4.401105616342332,1
49.050000000000004,4.626339009689399,1
49.06,3.7154161784397646,1
49.07,3.2345056967734642,1
49.08,4.127855046815054,1
49.09,3.4733379765645065,1
49.1,3.6321429656260973,1
49.11,4.8378060656625115,1
49.120000000000005,4.586924794932281,1
49.13,4.137713794066996,1
49.14,3.1830049638989926,1
49.15,4.088140509703757,1
49.160000000000004,4.694771239567065,1
49.17,3.797964279271204,1
49.18,4.864519786472537,1
49.19,4.890641749669864,1
49.2,5.132916523388618,1
49.21,4.2660255671897795,1
49.22,4.397078270977208,1
49.230000000000004,4.941390342720782,1
49.24,4.346765556795991,1
49.25,3.6955907360019333,1
49.26,3.690707868703436,1
49.27,4.136223831127678,1
49.28,3.1708198238791208,1
49.29,3.8572986585007816,1
49.300000000000004,4.702909429484183,1
49.31,2.620425641070458,1
49.32,4.912841941846891,1
49.33,4.782999396839785,1
49.34,3.7486713731266432,1
49.35,4.337487980012857,1
49.36,4.022291615128867,1
49.370000000000005,4.799390850145363,1
49.38,4.685556717900015,1
49.39,3.1327269926853205,1
49.4,4.3289964717861515,1
49.410000000000004,3.8863224849445768,1
49.42,4.046923518445881,1
49.43,3.53035640474881,1
49.44,5.106063314733373,1
49.45,4.741186012330514,1
49.46,3.564486216803611,1
49.47,3.1079351808069466,1
49.480000000000004,3.696240544536993,1
49.49,4.2636923261789414,1
49.5,4.1716740439052975,1
49.51,4.8233692913992865,1
49.52,4.561924937540501,1
49.53,4.6627999444336385,1
49.54,4.251841241444432,1
49.550000000000004,3.1136932449346486,1
49.56,3.819846723174352,1
49.57,4.677007711047078,1
49.58,4.0071908952997,1
49.59,4.326851046882261,1
49.6,3.8127979296792813,1
49.61,3.3205961404395365,1
49.620000000000005,3.8792065694669478,1
49.63,4.193271320616846,1
49.64,3.5861671079036044,1
49.65,3.82223374812558,1
49.660000000000004,3.3797830806292386,1
49.67,4.688985484009766,1
49.68,3.850287710466025,1
49.69,4.93360711046083,1
49.7,5.047912281818497,1
49.71,4.010289769114062,1
49.72,3.346306658820387,1
49.730000000000004,2.6073874799324965,1
49.74,2.961342987555407,1
49.75,3.0462967790722377,1
49.76,4.8371688009830205,1
49.77,4.125380472806121,1
49.78,4.260309520741286,1
49.79,2.5749451503385012,1
49.800000000000004,3.137221414485672,1
49.81,4.523796320440616,1
49.82,4.217495124045713,1
49.83,3.9175386617599677,1
49.84,4.361538391384095,1
49.85,5.083045268435572,1
49.86,3.9215639676670127,1
49.870000000000005,4.040302973940474,1
49.88,4.1273806340464345,1
49.89,5.559712809261933,1
49.9,2.731459658122961,1
49.910000000000004,4.367182447441063,1
49.92,3.947543924888975,1
49.93,4.3645905367061095,1
49.94,3.5953530914560634,1
49.95,3.9439512561686705,1
49.96,4.458220851177928,1
49.97,6.047239493005991,1
49.980000000000004,4.6471116379529915,1
49.99,3.4885771909311685,1
50.0,3.6943670839930305,1
50.01,3.6874738274032817,1
50.02,2.8161831641700643,1
50.03,3.714798918980596,1
50.04,4.458368655236078,1
50.050000000000004,3.2007434376806168,1
50.06,4.632330498697985,1
50.07,4.3544222525325305,1
50.08,3.5448735033999768,1
50.09,3.8808638849096515,1
50.1,5.029889285477155,1
50.11,4.53774041114629,1
50.120000000000005,4.0379635142104675,1
50.13,3.8480619950408865,1
50.14,4.04058990206872,1
50.15,3.6703883846836294,1
50.160000000000004,2.61460090158492,1
50.17,5.24190019349453,1
50.18,4.175293366987929,1
50.19,4.268847072043311,1
50.2,3.978558600056831,1
50.21,3.5217484576637497,1
50.22,3.8506717226175087,1
50.230000000000004,2.953306687003531,1
50.24,5.41463803165433,1
50.25,3.2838911642491633,1
50.26,3.287463874527282,1
50.27,3.6715949173189006,1
50.28,4.816036508804438,1
50.29,4.058376049214316,1
50.300000000000004,3.2014618784136637,1
50.31,4.765938748113875,1
50.32,4.520250690431732,1
50.33,4.380567226721793,1
50.34,4.487223126274365,1
50.35,5.582764693719782,1
50.36,5.512718697313573,1
50.370000000000005,3.645202330253779,1
50.38,5.032335726665135,1
50.39,4.310550755957176,1
50.4,4.3424608572460714,1
50.410000000000004,2.9225533529155747,1
50.42,3.824801984758,1
50.43,3.462104646414748,1
50.44,4.504994806133135,1
50.45,4.725247719561867,1
50.46,2.697528072418777,1
50.47,3.9075548267778064,1
50.480000000000004,4.7223495063109855,1
50.49,3.9222182561884034,1
50.5,4.468370691069186,1
50.51,4.255948561380294,1
50.52,4.237035961563373,1
50.53,3.838185146683831,1
50.54,3.200938269024353,1
50.550000000000004,3.2243750736894694,1
50.56,4.413710948079674,1
50.57,4.03744773628659,1
50.58,3.9123761106252113,1
50.59,3.7197104376389687,1
50.6,3.785167269588676,1
50.61,4.666376711406148,1
50.620000000000005,3.8224665386948105,1
50.63,3.1192263890789627,1
50.64,4.429656380390452,1
50.65,3.892849473132409,1
50.660000000000004,4.013941514702087,1
50.67,5.043879827589486,1
50.68,4.049292504918965,1
50.69,4.190588287864998,1
50.7,3.2465156120588157,1
50.71,3.8122630376838895,1
50.72,4.384213923184903,1
50.730000000000004,3.0138813364261274,1
50.74,4.071146990080409,1
50.75,4.069664984744485,1
50.76,4.030968395339343,1
50.77,4.674796817838203,1
50.78,4.257481197860377,1
50.79,4.974464702464669,1
50.800000000000004,3.4137982448822592,1
50.81,4.053019688254435,1
50.82,4.0579856772046705,1
50.83,3.30971587540539,1
50.84,4.579054829935964,1
50.85,5.543058618535525,1
50.86,4.08154948374449,1
50.870000000000005,4.332565268982755,1
50.88,4.0747919496437115,1
50.89,3.5414931283629865,1
50.9,2.791127617374923,1
50.910000000000004,3.469541392525948,1
50.92,3.0650295956150897,1
50.93,5.049572529387274,1
50.94,3.9882878504842005,1
50.95,3.774854797673564,1
50.96,4.563400026029405,1
50.97,3.3059794168306524,1
50.980000000000004,3.46079518019597,1
50.99,4.011814969458927,1
51.0,4.668203997624757,1
51.01,4.365600018486959,1
51.02,4.183056541369686,1
51.03,4.061668440228992,1
51.04,4.263384714346503,1
51.050000000000004,4.1466413245722205,1
51.06,3.3405226549482325,1
51.07,3.9903288920601754,1
51.08,3.302779453591823,1
51.09,4.010775467991903,1
51.1,3.6887882312390556,1
51.11,5.628951593391697,1
51.120000000000005,4.071852464678451,1
51.13,3.093199871435063,1
51.14,3.8585319877392554,1
51.15,4.328486906325214,1
51.160000000000004,5.105436178330571,1
51.17,3.6838723918607403,1
51.18,2.954307270428642,1
51.19,4.467245932671384,1
51.2,3.1322623540045385,1
51.21,3.6649454662272047,1
51.22,3.8127451001233004,1
51.230000000000004,3.943584505958996,1
51.24,4.443764918041719,1
51.25,3.583064184872209,1
51.26,3.7973803891658724,1
51.27,3.9785838052995914,1
51.28,4.095778513284054,1
51.29,4.0692198133649295,1
51.300000000000004,4.287046355997211,1
51.31,4.564730280234656,1
51.32,4.288636195882296,1
51.33,4.311617588484202,1
51.34,2.99210486711564,1
51.35,3.9721154770914233,1
51.36,4.309445305163012,1
51.370000000000005,4.491524864623096,1
51.38,3.5802742693918805,1
51.39,3.5472126986578303,1
51.4,3.6003396263938283,1
51.410000000000004,4.324061242387281,1
51.42,4.690255628768922,1
51.43,3.7770434261416606,1
51.44,4.575734835709988,1
51.45,4.114661364464053,1
51.46,3.926239472180566,1
51.47,3.8584221614871965,1
51.480000000000004,4.475928393783963,1
51.49,4.239800015041059,1
51.5,5.4910094123555755,1
51.51,3.53651254863688,1
51.52,4.308350133701005,1
51.53,3.6751400750800296,1
51.54,3.4164898457475203,1
51.550000000000004,3.9579384776861897,1
51.56,4.0865945729817525,1
51.57,5.8985911437282095,1
51.58,3.9944363332893214,1
51.59,3.2663735071709867,1
51.6,4.133119666263224,1
51.61,2.6619006729516856,1
51.620000000000005,3.8600498181251552,1
51.63,4.002000656094013,1
51.64,4.515679767608296,1
51.65,4.662655083078972,1
51.660000000000004,3.713028760364271,1
51.67,3.885058993392192,1
51.68,3.4960221692590254,1
51.69,3.2378416927124887,1
51.7,4.155339204360384,1
51.71,3.1829811842706732,1
51.72,3.6819569365479814,1
51.730000000000004,3.3352197456001442,1
51.74,4.3167635466361025,1
51.75,5.187825803777215,1
51.76,3.226761590389088,1
51.77,2.7513136679135117,1
51.78,3.8440485939962614,1
51.79,4.000828100031448,1
51.800000000000004,4.141922173341593,1
51.81,3.718929661324362,1
51.82,3.852955195076888,1
51.83,4.229628703689059,1
51.84,4.688839400745883,1
51.85,2.7728381327794547,1
51.86,3.6869917009340782,1
51.870000000000005,4.119944836281998,1
51.88,3.4115872225950303,1
51.89,5.087928199324996,1
51.9,3.653003369664365,1
51.910000000000004,3.9523883116285683,1
51.92,4.357906529244368,1
51.93,3.6378317059824608,1
51.94,2.7801598597013166,1
51.95,3.648686127070346,1
51.96,4.646851997569854,1
51.97,3.8202238101327497,1
51.980000000000004,3.440022353695606,1
51.99,4.567004264422074,1
52.0,3.8194039290130175,1
52.01,3.6581571331885874,1
52.02,4.07646086498638,1
52.03,4.504672697341994,1
52.04,5.575605040165716,1
52.050000000000004,4.631271033490208,1
52.06,4.790414003886358,1
52.07,3.71913932508747,1
52.08,3.317535438497005,1
52.09,3.999494510129875,1
52.1,4.0695046136721675,1
52.11,3.3043999925634795,1
52.120000000000005,3.844527834634331,1
52.13,4.249760488361475,1
52.14,4.248819295612394,1
52.15,4.342125713674969,1
52.160000000000004,4.209313881736976,1
52.17,3.683596939353299,1
52.18,3.647582214886233,1
52.19,3.200940562106248,1
52.2,5.110070139642231,1
52.21,4.075331194265685,1
52.22,3.858628700661983,1
52.230000000000004,3.3888905356133856,1
52.24,5.868073252079567,1
52.25,3.4156781002309855,1
52.26,3.686691738834408,1
52.27,4.251008480151405,1
52.28,4.404496054208482,1
52.29,4.645803808115887,1
52.300000000000004,5.211576949737256,1
52.31,4.401104354631263,1
52.32,3.3388829113420515,1
52.33,3.793619540199087,1
52.34,4.187347725937859,1
52.35,5.353165784295515,1
52.36,3.17425329303624,1
52.370000000000005,4.730721642869894,1
52.38,4.160576949173385,1
52.39,4.553243319296187,1
52.4,3.967017474757073,1
52.410000000000004,3.4514263737624677,1
52.42,4.454273575789263,1
52.43,4.451870207505218,1
52.44,4.657810908108639,1
52.45,4.030836221948854,1
52.46,3.6126682826783716,1
52.47,2.965373975343278,1
52.480000000000004,4.469555531730893,1
52.49,4.3032050976371075,1
52.5,3.3915645789808897,1
52.51,3.614051686434998,1
52.52,3.673996473611366,1
52.53,3.0182365638133253,1
52.54,3.410558187012385,1
52.550000000000004,3.228971536891352,1
52.56,3.686109970054207,1
52.57,3.501878279613833,1
52.58,2.91446481029782,1
52.59,5.247182974288489,1
52.6,4.887515659666194,1
52.61,3.547800590102494,1
52.620000000000005,4.149622922819669,1
52.63,4.279840809214143,1
52.64,4.789601427229442,1
52.65,3.5162414497320844,1
52.660000000000004,4.679564979572151,1
52.67,3.6852770782308713,1
52.68,3.1143704301979476,1
52.69,4.416702985700481,1
52.7,4.862483605844742,1
52.71,5.730859265662263,1
52.72,3.3254350777810453,1
52.730000000000004,4.413005426647682,1
52.74,3.7588894168875013,1
52.75,4.493799170797708,1
52.76,3.0755317659414403,1
52.77,3.1252103244854132,1
52.78,3.4441025764241138,1
52.79,4.017880313037124,1
52.800000000000004,3.585120736890566,1
52.81,4.402720778938565,1
52.82,4.690442198629797,1
52.83,4.430449795509858,1
52.84,5.076143264313197,1
52.85,4.334368949192926,1
52.86,3.2305043280855097,1
52.870000000000005,4.83842840473877,1
52.88,3.657662822315203,1
52.89,4.5701656440897205,1
52.9,5.0552942502411184,1
52.910000000000004,4.359630055256638,1
52.92,3.0508266588672246,1
52.93,3.347286968157202,1
52.94,4.819072115175806,1
52.95,3.939412633192386,1
52.96,4.047994370725973,1
52.97,4.495226907699363,1
52.980000000000004,4.481508042514776,1
52.99,4.209783870715114,1
53.0,3.877196953068129,1
53.01,3.7897634793734043,1
53.02,4.544015398578994,1
53.03,4.391812858797138,1
53.04,3.856565083552675,1
53.050000000000004,4.693499695532572,1
53.06,3.9578889129303434,1
53.07,3.4448902646205877,1
53.08,3.474251257945722,1
53.09,3.333419691127268,1
53.1,3.783257677759904,1
53.11,4.7874714827231255,1
53.120000000000005,3.524879231950007,1
53.13,4.093781283115357,1
53.14,3.579547821604865,1
53.15,3.8058768286480684,1
53.160000000000004,3.0085941630884774,1
53.17,3.797424063207379,1
53.18,3.8621637865533316,1
53.19,4.342284283972304,1
53.2,4.165408176446857,1
53.21,3.23237299233764,1
53.22,4.657401582502654,1
53.230000000000004,4.175894794688788,1
53.24,4.139277144146339,1
53.25,4.002398851988362,1
53.26,3.6642079128202725,1
53.27,4.121168937108765,1
53.28,4.315845679411981,1
53.29,2.8855142521486803,1
53.300000000000004,3.583567229372286,1
53.31,3.8095970598988527,1
53.32,4.154786727452261,1
53.33,4.783541924799439,1
53.34,3.546284736862271,1
53.35,3.6496850244407066,1
53.36,3.6464341351277083,1
53.370000000000005,3.4587317473513277,1
53.38,3.7422592574643114,1
53.39,4.484654346723643,1
53.4,3.3453202880368917,1
53.410000000000004,4.238297579988005,1
53.42,2.910054426232594,1
53.43,3.5703909254976294,1
53.44,3.7604412604475774,1
53.45,5.072323910394762,1
53.46,3.886039745119861,1
53.47,2.564931903919058,1
53.480000000000004,2.6169589334236174,1
53.49,3.9390969166169345,1
53.5,4.394578111892506,1
53.51,4.267281314749579,1
53.52,4.124761213862182,1
53.53,4.76159334141406,1
53.54,3.695593197948574,1
53.550000000000004,4.5623794639029445,1
53.56,2.974844271594459,1
53.57,3.351334308479637,1
53.58,2.7886192964825485,1
53.59,3.74898957128959,1
53.6,3.9549237574793974,1
53.61,4.07132777628447,1
53.620000000000005,4.0444313771501,1
53.63,3.40084243347414,1
53.64,3.840616779612827,1
53.65,3.0188502644413067,1
53.660000000000004,4.825633433731733,1
53.67,3.8525366214405397,1
53.68,3.673948732393123,1
53.69,5.011387401075325,1
53.7,3.2546777361472383,1
53.71,3.224967164352953,1
53.72,3.242238552879171,1
53.730000000000004,3.910497396182174,1
53.74,4.274684938700626,1
53.75,4.49640395001752,1
53.76,5.698569245654286,1
53.77,2.642417268405741,1
53.78,4.313510306240964,1
53.79,3.657328176689277,1
53.800000000000004,3.598956568157004,1
53.81,3.573811297911874,1
53.82,3.3847926110252056,1
53.83,5.056056028092568,1
53.84,4.6098702478328075,1
53.85,4.05164243716792,1
53.86,4.879676671730136,1
53.870000000000005,3.071408027315253,1
53.88,3.080884475037881,1
53.89,2.531724562359847,1
53.9,3.4581030754855697,1
53.910000000000004,4.072400869035255,1
53.92,4.071081674756471,1
53.93,4.101162255097638,1
53.94,3.090535220128645,1
53.95,4.466542157610297,1
53.96,4.183469799332635,1
53.97,4.486635024104818,1
53.980000000000004,2.801119214434742,1
53.99,4.130171438188249,1
54.0,3.237153818648772,1
54.01,3.6964344023021964,1
54.02,4.328497477619019,1
54.03,4.078814017109549,1
54.04,3.4522250542356057,1
54.050000000000004,3.971203708563722,1
54.06,3.0045677795403973,1
54.07,4.686600847836413,1
54.08,3.908001837054478,1
54.09,4.720227690596479,1
54.1,3.7015846623353688,1
54.11,3.6423838235024193,1
54.120000000000005,3.4827165227763044,1
54.13,4.5374499991914,1
54.14,3.5719475305207466,1
54.15,4.392549026261671,1
54.160000000000004,3.775406755844845,1
54.17,2.7044622219250547,1
54.18,3.5522314583377352,1
54.19,3.2080943486160898,1
54.2,3.974482729359804,1
54.21,3.226097968384643,1
54.22,4.55436532588891,1
54.230000000000004,3.9741692651563754,1
54.24,3.883220733976027,1
54.25,4.4185550478988755,1
54.26,4.650524022085262,1
54.27,4.025990789416579,1
54.28,3.5011823705473746,1
54.29,2.8190681075707817,1
54.300000000000004,3.484015146310777,1
54.31,3.5685757378830485,1
54.32,4.0435765185631025,1
54.33,3.7786733043203324,1
54.34,4.433071222815079,1
54.35,3.628262984106197,1
54.36,3.940685818929886,1
54.370000000000005,4.764646472917261,1
54.38,4.267664881354129,1
54.39,3.9771057980410394,1
54.4,3.6080673706126576,1
54.410000000000004,3.565625183101776,1
54.42,3.4220350113849385,1
54.43,3.6143011866651444,1
54.44,4.467155940200734,1
54.45,3.8840618234193465,1
54.46,3.1172718726737094,1
54.47,5.094275729535188,1
54.480000000000004,4.273259221211651,1
54.49,3.103529950901876,1
54.5,3.6595274236987385,1
54.51,4.051517940218478,1
54.52,5.1090797661336,1
54.53,3.3475693486233866,1
54.54,4.594137631232084,1
54.550000000000004,4.943675559968613,1
54.56,3.6487314240038056,1
54.57,3.7988650168641693,1
54.58,3.3155444652406154,1
54.59,3.8269211903783944,1
54.6,3.9658746369685316,1
54.61,4.425952490609328,1
54.620000000000005,4.732899740904567,1
54.63,3.5585876040121063,1
54.64,2.6970578101495457,1
54.65,3.9080392408822795,1
54.660000000000004,4.184938000369844,1
54.67,4.172925695212238,1
54.68,3.7984204831389436,1
54.69,4.068848002212338,1
54.7,4.987395336493693,1
54.71,4.306923898346315,1
54.72,3.7761631925722576,1
54.730000000000004,3.6620269695464556,1
54.74,3.8695164921179424,1
54.75,5.054135252365196,1
54.76,3.944317309143888,1
54.77,3.98381589487431,1
54.78,3.6860899482542866,1
54.79,4.69421760938714,1
54.800000000000004,5.313252195127532,1
54.81,4.37116592121866,1
54.82,4.075975411119108,1
54.83,4.028424291513386,1
54.84,2.454698198927405,1
54.85,4.390757341150158,1
54.86,4.110496494627484,1
54.870000000000005,4.284550510549956,1
54.88,3.555455765766905,1
54.89,3.7238805947227447,1
54.9,3.716747959722083,1
54.910000000000004,4.645863440629681,1
54.92,3.793001461208225,1
54.93,5.338870387469296,1
54.94,4.359888232061059,1
54.95,3.1938934593558566,1
54.96,3.868229051714127,1
54.97,3.5692680610459755,1
54.980000000000004,2.5503772206227877,1
54.99,4.950805676030022,1
55.0,4.513267574485567,1
55.01,4.376756396061518,1
55.02,4.129924066191681,1
55.03,3.111102442766671,1
55.04,3.6328813480758098,1
55.050000000000004,4.5241446129933935,1
55.06,3.349386693787491,1
55.07,2.318277986926864,1
55.08,3.7517437277611676,1
55.09,3.89312821942598,1
55.1,4.081545161632111,1
55.11,4.477576692655383,1
55.120000000000005,4.4423517080991335,1
55.13,4.194438442246177,1
55.14,4.787361675901398,1
55.15,3.061690140029709,1
55.160000000000004,4.271088694805956,1
55.17,4.422781547037149,1
55.18,3.2211030023586398,1
55.19,2.978160228487841,1
55.2,3.454700770682213,1
55.21,3.538054809953589,1
55.22,4.46112364431955,1
55.230000000000004,3.6289368679136436,1
55.24,3.4221125063201994,1
55.25,3.5684810782119114,1
55.26,4.699909902017105,1
55.27,4.050457512958572,1
55.28,3.886724197087038,1
55.29,3.921828700147784,1
55.300000000000004,4.833635865735918,1
55.31,3.5639338508731844,1
55.32,4.82737588773379,1
55.33,4.186218644840789,1
55.34,3.907088380309736,1
55.35,5.617081934694161,1
55.36,3.4120954595093815,1
55.370000000000005,3.7352441692936953,1
55.38,3.1844775893421575,1
55.39,4.569053550951689,1
55.4,5.130137886953462,1
55.410000000000004,5.151302509874979,1
55.42,4.863211528953078,1
55.43,3.9235708120868957,1
55.44,3.758435330593065,1
55.45,2.9012027992647105,1
55.46,5.255005846145554,1
55.47,4.379586902488981,1
55.480000000000004,3.703579334528051,1
55.49,4.843896510386315,1
55.5,3.4194760153827604,1
55.51,4.228996706442212,1
55.52,3.901733023291028,1
55.53,4.4084961963256895,1
55.54,3.9832614194131164,1
55.550000000000004,3.057591672158453,1
55.56,3.992491638483517,1
55.57,4.68008291303556,1
55.58,4.0218485249922695,1
55.59,4.504228038171493,1
55.6,3.3518838890291085,1
55.61,3.9440742705469707,1
55.620000000000005,3.591443996453573,1
55.63,4.460149430282508,1
55.64,4.048041602938962,1
55.65,4.450622271635325,1
55.660000000000004,4.732775344676752,1
55.67,4.492708671188406,1
55.68,4.206769665881502,1
55.69,3.3647371732767226,1
55.7,3.9600765211516653,1
55.71,3.651720108086059,1
55.72,3.7558645524097165,1
55.730000000000004,3.742343275209252,1
55.74,3.3487365195497625,1
55.75,2.6909462591810214,1
55.76,3.487946226328241,1
55.77,4.094746959375725,1
55.78,3.1309485273693527,1
55.79,3.958032000588859,1
55.800000000000004,5.230431077188471,1
55.81,4.737614570153591,1
55.82,5.110634177800484,1
55.83,4.320413138457619,1
55.84,4.7767389551500195,1
55.85,3.5768750649497463,1
55.86,3.556545888159449,1
55.870000000000005,2.1961593028595043,1
55.88,4.66137507482996,1
55.89,5.039089287429068,1
55.9,3.7034279486935713,1
55.910000000000004,3.817434459153469,1
55.92,3.4999185075720005,1
55.93,4.218271810598353,1
55.94,4.742985105314026,1
55.95,2.913818204955195,1
55.96,4.2004846622173515,1
55.97,3.8325164259494695,1
55.980000000000004,4.063524549277008,1
55.99,4.301620066870327,1
56.0,3.8959860141979417,1
56.01,3.926549012030342,1
56.02,3.856824541374189,1
56.03,4.620978710102496,1
56.04,4.308962305785927,1
56.050000000000004,4.161658722443785,1
56.06,3.185069258876879,1
56.07,3.7054706601072698,1
56.08,4.565410802903497,1
56.09,4.058383275948103,1
56.1,4.431426104230874,1
56.11,5.172049554167707,1
56.120000000000005,4.744200653509614,1
56.13,4.105095865187601,1
56.14,3.674761187655472,1
56.15,2.3236687805890197,1
56.160000000000004,3.79016711521648,1
56.17,3.775883683162619,1
56.18,4.239833907102137,1
56.19,3.9145318683627157,1
56.2,3.7869968119614827,1
56.21,2.832694277724043,1
56.22,3.320083321647763,1
56.230000000000004,4.268469991282463,1
56.24,5.129438737674371,1
56.25,4.004489032404286,1
56.26,4.212962655003561,1
56.27,4.630773157107003,1
56.28,3.511714932213362,1
56.29,4.20870246468568,1
56.300000000000004,3.5320707333324193,1
56.31,4.533047372123049,1
56.32,4.130217522214879,1
56.33,4.201457226961749,1
56.34,3.5043148112176077,1
56.35,4.429001948711115,1
56.36,5.378362202442004,1
56.370000000000005,3.4287394500475576,1
56.38,3.745278888482577,1
56.39,4.134990366450788,1
56.4,4.518342534936636,1
56.410000000000004,3.668050726077027,1
56.42,2.141930988974041,1
56.43,4.77039734502833,1
56.44,4.539662224013821,1
56.45,2.9015049258699506,1
56.46,3.539882077305989,1
56.47,4.989875076113439,1
56.480000000000004,4.9987647274748515,1
56.49,4.668942699392216,1
56.5,3.925869717218305,1
56.51,4.049396822437818,1
56.52,3.918015357319874,1
56.53,4.727115549837731,1
56.54,3.475355028309912,1
56.550000000000004,3.4456951616578704,1
56.56,4.622237104137951,1
56.57,4.008551229865596,1
56.58,4.894902593886265,1
56.59,3.6179975987559976,1
56.6,3.9415380701723945,1
56.61,3.3980040403071996,1
56.620000000000005,3.9686573632395947,1
56.63,3.0387953923801287,1
56.64,3.6259370454289366,1
56.65,3.0456731426481616,1
56.660000000000004,4.3929778679309806,1
56.67,4.488522577462252,1
56.68,2.90666681248117,1
56.69,4.799863689886367,1
56.7,5.668387043345769,1
56.71,4.129953497974764,1
56.72,3.591823720728155,1
56.730000000000004,5.808016861218772,1
56.74,3.2526960722989493,1
56.75,3.9682074220263086,1
56.76,4.114636574989873,1
56.77,4.879648906081744,1
56.78,4.28618799410789,1
56.79,3.693643175050787,1
56.800000000000004,3.364462638868313,1
56.81,3.740083867289526,1
56.82,3.33108141464268,1
56.83,3.990895336663542,1
56.84,3.6333869079913,1
56.85,3.008628249119272,1
56.86,4.754892612765561,1
56.870000000000005,3.7223892183840537,1
56.88,3.1605394876880153,1
56.89,3.8404609725282355,1
56.9,4.034789109373348,1
56.910000000000004,2.868929183352138,1
56.92,4.14731835700732,1
56.93,3.3294129607733143,1
56.94,5.069929794949922,1
56.95,4.404156534021969,1
56.96,3.7647827033130596,1
56.97,3.502400543861016,1
56.980000000000004,3.9020379456635554,1
56.99,4.3917186471685445,1
57.0,4.006961790273926,1
57.01,3.8595187876625836,1
57.02,4.02944346147633,1
57.03,3.609965454344697,1
57.04,3.753915987794935,1
57.050000000000004,2.631912451434729,1
57.06,4.549696510266541,1
57.07,4.22685043922048,1
57.08,3.5117704869873374,1
57.09,5.202660444197044,1
57.1,4.128618437831158,1
57.11,3.3354371654927206,1
57.120000000000005,4.516002267330213,1
57.13,4.289225340456583,1
57.14,4.273368436166823,1
57.15,3.740159546333367,1
57.160000000000004,4.276704238011112,1
57.17,3.8467658989652493,1
57.18,4.351516859546829,1
57.19,2.785107911002373,1
57.2,3.6455968133683303,1
57.21,5.096119884212137,1
57.22,3.568071625144561,1
57.230000000000004,3.5822965319349933,1
57.24,3.6842875092438727,1
57.25,3.1928558669046025,1
57.26,2.5187748654887736,1
57.27,3.7615153622207678,1
57.28,4.073840448542085,1
57.29,3.970363618680171,1
57.300000000000004,3.9042204126045106,1
57.31,4.022179387586327,1
57.32,4.664979916246326,1
57.33,3.916331797059945,1
57.34,3.622498514931588,1
57.35,3.794947559095141,1
57.36,4.363593800525988,1
57.370000000000005,4.93797953809008,1
57.38,3.6487209326288936,1
57.39,4.043114360630464,1
57.4,4.2221229637559805,1
57.410000000000004,3.3693140367897136,1
57.42,3.9754060912720774,1
57.43,3.0475527427559292,1
57.44,2.795042122160713,1
57.45,4.165658212281709,1
57.46,3.7608704492685914,1
57.47,4.116897610447455,1
57.480000000000004,3.995403077571925,1
57.49,3.366207571083878,1
57.5,3.9326101532602604,1
57.51,3.195884790260994,1
57.52,4.85425621512142,1
57.53,3.171462564464471,1
57.54,3.823256603039143,1
57.550000000000004,3.3131394212016123,1
57.56,4.3288941334466715,1
57.57,3.8046913810050693,1
57.58,3.651755502309829,1
57.59,4.532687188572357,1
57.6,4.051056651066166,1
57.61,4.338277269912545,1
57.620000000000005,3.383583964004538,1
57.63,3.051529142052726,1
57.64,4.012651377440019,1
57.65,3.7938823381616715,1
57.660000000000004,4.39408188799226,1
57.67,3.971797996233894,1
57.68,4.13136669579573,1
57.69,2.9545844273516706,1
57.7,5.162547613059504,1
57.71,3.963187902894054,1
57.72,4.450405892254557,1
57.730000000000004,3.484543877139504,1
57.74,4.168918372564502,1
57.75,3.164811708806628,1
57.76,4.243203401140204,1
57.77,3.7836259144132987,1
57.78,4.005957198740259,1
57.79,4.453223185601149,1
57.800000000000004,3.227485561213389,1
57.81,3.5095310861694067,1
57.82,4.2672970960364545,1
57.83,5.377424651679201,1
57.84,3.993053663565353,1
57.85,4.383129443617207,1
57.86,3.9535815806729238,1
57.870000000000005,5.257400055211858,1
57.88,2.9417960122792133,1
57.89,3.997900633333863,1
57.9,2.945174017489833,1
57.910000000000004,2.3103742531195883,1
57.92,4.091624445318985,1
57.93,4.096007674637315,1
57.94,3.8209500106373597,1
57.95,3.92035520122186,1
57.96,6.005487665486698,1
57.97,3.9528177574691354,1
57.980000000000004,4.328152516628011,1
57.99,3.5983624601023436,1
58.0,4.167457187828988,1
58.01,3.855474527196029,1
58.02,3.724972197538045,1
58.03,5.163652347744348,1
58.04,4.8336108187155205,1
58.050000000000004,4.13874183210098,1
58.06,2.5132851102399583,1
58.07,3.676563873119945,1
58.08,5.734396355577247,1
58.09,3.954403815493711,1
58.1,4.713063722421339,1
58.11,4.978357790899614,1
58.120000000000005,4.200771593993846,1
58.13,3.4658480542719836,1
58.14,2.3878497520358155,1
58.15,4.34717587804035,1
58.160000000000004,3.4921932748562607,1
58.17,4.0838231083686125,1
58.18,3.1941097740014204,1
58.19,3.779552792855799,1
58.2,4.008651066392578,1
58.21,4.174790353833245,1
58.22,3.287158517435691,1
58.230000000000004,4.733819979309998,1
58.24,3.6567465852450693,1
58.25,2.892960541486115,1
58.26,3.862840081923043,1
58.27,4.014074100408518,1
58.28,4.105039518543603,1
58.29,4.890093301682575,1
58.300000000000004,3.899990748791428,1
58.31,3.9163867702349986,1
58.32,3.279205247887478,1
58.33,4.4891511785503795,1
58.34,4.1489341263312465,1
58.35,3.7364099003667164,1
58.36,2.7483765219015224,1
58.370000000000005,4.862079032121728,1
58.38,3.255170445668476,1
58.39,3.5716719396597423,1
58.4,4.2068046074835195,1
58.410000000000004,3.236046857873217,1
58.42,2.985130437551386,1
58.43,2.5610291567210264,1
58.44,4.381465441777574,1
58.45,3.6691553104576675,1
58.46,5.87944688475066,1
58.47,3.4676004647965963,1
58.480000000000004,3.3701919323947944,1
58.49,3.5953681914662714,1
58.5,4.133474893298813,1
58.51,3.7029269573112047,1
58.52,4.379474481900869,1
58.53,3.387831996150288,1
58.54,3.0668532225189473,1
58.550000000000004,2.777277420916471,1
58.56,2.483917363519965,1
58.57,3.572896866416037,1
58.58,3.779089073398902,1
58.59,3.5770507239647356,1
58.6,4.781380715158459,1
58.61,4.843664388360884,1
58.620000000000005,3.8333899941416,1
58.63,2.8260554561829547,1
58.64,3.561868649928652,1
58.65,3.584530636731906,1
58.660000000000004,3.5487036538405006,1
58.67,3.520221998837577,1
58.68,3.547227678634924,1
58.69,3.722034271837777,1
58.7,3.5709645955978675,1
58.71,4.109423549248068,1
58.72,4.240383066742593,1
58.730000000000004,3.4235700927271475,1
58.74,4.7901181801903725,1
58.75,3.4115143013755804,1
58.76,2.915014992438072,1
58.77,4.181960733907407,1
58.78,3.480559586465964,1
58.79,4.177296781229206,1
58.800000000000004,2.4510680440509223,1
58.81,4.810529802254194,1
58.82,4.484835210872008,1
58.83,3.0555374961111146,1
58.84,2.9838588484629893,1
58.85,5.024046053390619,1
58.86,3.583009338278677,1
58.870000000000005,3.4337372848748586,1
58.88,2.495744047303231,1
58.89,3.6821495897335526,1
58.9,3.8331778979114794,1
58.910000000000004,4.454223305078198,1
58.92,3.119490817633139,1
58.93,2.9607633733985574,1
58.94,4.2302434130055975,1
58.95,4.667010214895367,1
58.96,3.0206114903260106,1
58.97,4.642954333144563,1
58.980000000000004,4.062935493397692,1
58.99,4.712171036010566,1
59.0,3.997169259072596,1
59.01,2.3633032350908056,1
59.02,3.8031973577476754,1
59.03,4.67604383698797,1
59.04,3.4606743434695773,1
59.050000000000004,3.7159175590960722,1
59.06,3.8686745382399588,1
59.07,2.110831940315581,1
59.08,4.971068600686017,1
59.09,3.4734254845143893,1
59.1,4.296541316222046,1
59.11,3.9615382722672803,1
59.120000000000005,4.813671942011746,1
59.13,4.312281282087245,1
59.14,3.866311209655818,1
59.15,3.4122402176688453,1
59.160000000000004,4.4824030419854575,1
59.17,2.813401237566877,1
59.18,4.3478764742920255,1
59.19,3.307780541688125,1
59.2,4.770984719854986,1
59.21,4.1509148953023,1
59.22,4.42698103852637,1
59.230000000000004,4.078815577895502,1
59.24,2.8677359526154262,1
59.25,3.3735981620540434,1
59.26,4.398681554342342,1
59.27,4.13205201143296,1
59.28,4.774183555119589,1
59.29,4.308107222628378,1
59.300000000000004,3.3912622653866067,1
59.31,3.446966281213718,1
59.32,4.033593758798493,1
59.33,2.500596855269395,1
59.34,4.995813344651623,1
59.35,4.346366869644459,1
59.36,4.816917575383489,1
59.370000000000005,3.02347346698638,1
59.38,4.7489183081211,1
59.39,5.492796182921923,1
59.4,3.2325436610499985,1
59.410000000000004,4.454460432498908,1
59.42,4.027987790190511,1
59.43,2.999605882875288,1
59.44,4.259773740486024,1
59.45,4.556452312456027,1
59.46,3.643358831707439,1
59.47,4.735081915814684,1
59.480000000000004,2.962660571990023,1
59.49,2.967918580636252,1
59.5,4.026703458921477,1
59.51,4.018072910663117,1
59.52,3.5361507540587156,1
59.53,4.497457349094254,1
59.54,4.37430703879815,1
59.550000000000004,4.57924389047138,1
59.56,3.9548601499752567,1
59.57,4.388263128609173,1
59.58,3.734144971717959,1
59.59,5.3166257124192935,1
59.6,3.5517943278711783,1
59.61,5.339085569950132,1
59.620000000000005,4.102981444103745,1
59.63,3.1137076071933287,1
59.64,4.834471938222656,1
59.65,4.131756781312326,1
59.660000000000004,4.560139357780255,1
59.67,4.827681506049595,1
59.68,4.268936236049688,1
59.69,3.631873171577758,1
59.7,4.61098347184808,1
59.71,4.037149203415665,1
59.72,4.4472333571414495,1
59.730000000000004,2.629431265205056,1
59.74,4.207780551838938,1
59.75,3.598133865825466,1
59.76,5.0486031797642745,1
59.77,4.467193297422098,1
59.78,4.183658246058867,1
59.79,4.326551494740702,1
59.800000000000004,3.371775764367373,1
59.81,5.015522472004404,1
59.82,5.352990116205697,1
59.83,4.336113065537006,1
59.84,5.052066653613646,1
59.85,3.6938441738663688,1
59.86,3.46444029613307,1
59.870000000000005,3.994419579314267,1
59.88,4.28186750986394,1
59.89,3.7612820878172846,1
59.9,4.334596492934331,1
59.910000000000004,4.218870154019588,1
59.92,3.365401877342573,1
59.93,4.298532038879169,1
59.94,4.578194040992326,1
59.95,4.145945898908785,1
59.96,4.7566282068457015,1
59.97,3.255510873314982,1
59.980000000000004,4.25895043114996,1
59.99,3.2562250296663153,1
60.0,3.2325252693616675,1
60.01,3.5445853288763414,1
60.02,3.361439204603085,1
60.03,3.606130803282984,1
60.04,3.837420928005332,1
60.050000000000004,4.533415317932716,1
60.06,3.8236276387831074,1
60.07,2.960617803679715,1
60.08,4.677346086405037,1
60.09,3.4975124568369664,1
60.1,3.931751234636081,1
60.11,4.285630884825291,1
60.120000000000005,4.146650870292829,1
60.13,4.7187344137862794,1
60.14,4.35391516905444,1
60.15,3.462392324143588,1
60.160000000000004,5.381257736635095,1
60.17,4.208964640213543,1
60.18,3.916939274603138,1
60.19,4.620439071872719,1
60.2,4.19907733841445,1
60.21,4.270975447583999,1
60.22,5.633259641663033,1
60.230000000000004,3.9194888324305657,1
60.24,3.788996864286391,1
60.25,4.062979324827596,1
60.26,4.699009313630889,1
60.27,3.0644576732516766,1
60.28,2.6685579047926717,1
60.29,3.5391760925987987,1
60.300000000000004,2.9122140556542897,1
60.31,3.659089968278648,1
60.32,4.30558174584952,1
60.33,3.440391259263043,1
60.34,3.040657092901637,1
60.35,3.987427383066118,1
60.36,4.558888822209986,1
60.370000000000005,2.933785501246795,1
60.38,4.468217651804789,1
60.39,4.558384981103776,1
60.4,4.652541129234447,1
60.410000000000004,4.8297377001948805,1
60.42,5.478514633844817,1
60.43,3.857668049766574,1
60.44,4.062553295700887,1
60.45,3.733555888398505,1
60.46,3.98529598740145,1
60.47,4.99369036155399,1
60.480000000000004,3.186937092939846,1
60.49,3.39254227510622,1
60.5,4.857107390750905,1
60.51,4.7132556541821575,1
60.52,3.807185015914061,1
60.53,4.542791850033607,1
60.54,4.25395822613764,1
60.550000000000004,4.988659085487171,1
60.56,4.1076635262917085,1
60.57,4.671919614082466,1
60.58,5.7545289776723685,1
60.59,4.493335782495185,1
60.6,4.061605688726114,1
60.61,4.472440856635404,1
60.620000000000005,3.7913416575043564,1
60.63,5.536863066759516,1
60.64,4.209047085436975,1
60.65,3.83545578688157,1
60.660000000000004,3.4479081316538043,1
60.67,4.67878270736201,1
60.68,4.603383256711022,1
60.69,3.71350508325702,1
60.7,4.3568286231528655,1
60.71,3.042614939908826,1
60.72,4.062571159493846,1
60.730000000000004,4.297515695875023,1
60.74,5.125615941027149,1
60.75,3.567407405823678,1
60.76,3.1446122567373815,1
60.77,3.367697156103913,1
60.78,3.094857499252582,1
60.79,4.812953433350503,1
60.800000000000004,5.053579206132386,1
60.81,4.270980536842118,1
60.82,4.80867034347578,1
60.83,4.135436295367768,1
60.84,3.9464149876776244,1
60.85,3.7807004522112813,1
60.86,3.785451367628527,1
60.870000000000005,2.9828686310530825,1
60.88,4.110428257372271,1
60.89,3.980455887026387,1
60.9,4.482438965544246,1
60.910000000000004,4.089627089469012,1
60.92,3.8998107543151486,1
60.93,3.4287333906203026,1
60.94,4.012539111969856,1
60.95,4.479742030422426,1
60.96,3.2869530903483346,1
60.97,4.01397268874554,1
60.980000000000004,4.152043373728674,1
60.99,3.543221386354989,1
61.0,3.5911750969972664,1
61.01,4.125097499553509,1
61.02,3.272109486319872,1
61.03,4.183367204210042,1
61.04,3.430070198500342,1
61.050000000000004,4.655414452356746,1
61.06,5.556175177007965,1
61.07,3.5348865829843565,1
61.08,4.318702718787921,1
61.09,3.5475909796224743,1
61.1,4.648256657260348,1
61.11,3.217959120589546,1
61.120000000000005,4.26489614673521,1
61.13,3.449473258333072,1
61.14,3.8326708029032655,1
61.15,3.3210012065285968,1
61.160000000000004,4.492824860925763,1
61.17,3.486512411214813,1
61.18,4.32732113278824,1
61.19,3.7963785072787433,1
61.2,3.9135097221993362,1
61.21,4.090678892862727,1
61.22,3.5111468355079514,1
61.230000000000004,4.107161082493011,1
61.24,4.9993550259902175,1
61.25,3.5551108824795103,1
61.26,4.733610992067,1
61.27,5.016025766717192,1
61.28,3.531416565433599,1
61.29,3.027803449441744,1
61.300000000000004,4.137589179286495,1
61.31,3.6530815052203773,1
61.32,5.191588745813824,1
61.33,4.094079464532872,1
61.34,3.4851545721964023,1
61.35,3.224798978940251,1
61.36,4.660649823602931,1
61.370000000000005,3.669038294052922,1
61.38,4.008579691362098,1
61.39,4.620667268317051,1
61.4,3.723039200459721,1
61.410000000000004,3.9535823985264114,1
61.42,3.986464880044449,1
61.43,4.442548614770847,1
61.44,4.409844940919408,1
61.45,3.8817745364029976,1
61.46,4.034203825611591,1
61.47,3.760831245679469,1
61.480000000000004,3.0269321754920733,1
61.49,4.108754823092092,1
61.5,5.23423407349437,1
61.51,3.5006714865901145,1
61.52,3.468476238182675,1
61.53,3.4031551927457953,1
61.54,4.434325430982039,1
61.550000000000004,4.317049869998039,1
61.56,3.9161591484706726,1
61.57,3.399332209563041,1
61.58,4.023896668845267,1
61.59,2.9862616757708,1
61.6,4.0322350086197565,1
61.61,4.567404348571827,1
61.620000000000005,3.2222300449818433,1
61.63,2.9589915857965527,1
61.64,4.96232451626765,1
61.65,3.660812109421344,1
61.660000000000004,4.716684569137996,1
61.67,3.9430829314900575,1
61.68,3.891504002859446,1
61.690000000000005,4.277945089504561,1
61.7,3.4431126596775874,1
61.71,4.052554741423741,1
61.72,3.7556319098981685,1
61.730000000000004,3.1285635466975084,1
61.74,4.166681951336849,1
61.75,3.8391591905069324,1
61.76,3.888467297636077,1
61.77,3.2081205895411427,1
61.78,4.9850338572202775,1
61.79,4.627939572140609,1
61.800000000000004,4.663248619568012,1
61.81,3.8416135531023614,1
61.82,2.8685529031041064,1
61.83,5.1992224993350025,1
61.84,4.032311518292394,1
61.85,3.5160957093545138,1
61.86,4.241398668449304,1
61.870000000000005,4.771745669791797,1
61.88,4.031348872198599,1
61.89,4.83145750977749,1
61.9,4.752569158238266,1
61.910000000000004,3.346766879146384,1
61.92,3.5236314892747087,1
61.93,4.592695716901651,1
61.940000000000005,2.275540194771085,1
61.95,3.7995612319507877,1
61.96,3.0596089747502817,1
61.97,3.6343746382173534,1
61.980000000000004,3.7841793551534377,1
61.99,3.754611439503356,1
62.0,3.626953600742193,1
62.01,3.2657586592323478,1
62.02,5.443003889067458,1
62.03,5.298243635518995,1
62.04,3.323912677837112,1
62.050000000000004,4.985957903444072,1
62.06,3.7999727014191595,1
62.07,4.07181893412714,1
62.08,3.963255159395392,1
62.09,3.56973129462754,1
62.1,4.612535755914111,1
62.11,4.1184309701912385,1
62.120000000000005,3.697905500998076,1
62.13,3.135418937449805,1
62.14,3.3683348261487014,1
62.15,2.8971251606541646,1
62.160000000000004,3.941758501662847,1
62.17,3.220074236220031,1
62.18,3.780901106975495,1
62.190000000000005,4.875815806776546,1
62.2,4.830689225164575,1
62.21,4.028899170358158,1
62.22,3.945230859223679,1
62.230000000000004,5.216430872375201,1
62.24,4.410867496569392,1
62.25,3.811961730235407,1
62.26,3.0634758731889105,1
62.27,4.1993648970364355,1
62.28,4.550051162333746,1
62.29,3.6231692774188256,1
62.300000000000004,4.166330933071647,1
62.31,3.7740829785779315,1
62.32,3.8670394312781053,1
62.33,2.3778514046712,1
62.34,3.7587728900642623,1
62.35,4.6144812352979105,1
62.36,3.627196620055975,1
62.370000000000005,4.011712425282454,1
62.38,3.5102200459461836,1
62.39,4.204478195356003,1
62.4,3.871782173874215,1
62.410000000000004,3.3828998323973427,1
62.42,4.827571953000895,1
62.43,4.652372295590082,1
62.440000000000005,3.646661320211836,1
62.45,4.301779142895521,1
62.46,4.366795211447932,1
62.47,4.438751345435813,1
62.480000000000004,2.927042814997657,1
62.49,4.588738029049146,1
62.5,3.665687104603098,1
62.51,3.7477721056940596,1
62.52,5.696400360960025,1
62.53,4.297648208824684,1
62.54,3.767201688316544,1
62.550000000000004,2.5551732797880957,1
62.56,4.815029593753966,1
62.57,3.176090803975737,1
62.58,3.299505243008335,1
62.59,3.742979351906764,1
62.6,4.903587729750967,1
62.61,4.555915748642792,1
62.620000000000005,3.9309453999116495,1
62.63,4.195885538428278,1
62.64,3.62220551654681,1
62.65,4.067943687072864,1
62.660000000000004,4.051659623975862,1
62.67,4.631665526898436,1
62.68,4.665433092520082,1
62.690000000000005,4.3604328093511135,1
62.7,3.78652438503875,1
62.71,4.468507239823373,1
62.72,3.968438631480385,1
62.730000000000004,3.2961289593477976,1
62.74,3.6961029449634544,1
62.75,4.036609730419103,1
62.76,4.592770930554008,1
62.77,3.9164878654963236,1
62.78,3.210426147699514,1
62.79,3.9894412153786627,1
62.800000000000004,4.0729800357078725,1
62.81,4.124955634863391,1
62.82,4.604336603416352,1
62.83,4.697367087210715,1
62.84,3.6563008117381024,1
62.85,3.579606338787924,1
62.86,3.299865348003318,1
62.870000000000005,4.411403755047857,1
62.88,4.964720647835769,1
62.89,3.853448963964823,1
62.9,3.8345597992123963,1
62.910000000000004,4.941764567037064,1
62.92,4.384526442610902,1
62.93,4.306113938717819,1
62.940000000000005,3.2456657360495713,1
62.95,4.39511836136352,1
62.96,3.4208565500144887,1
62.97,3.2294662720382163,1
62.980000000000004,3.7287725399779705,1
62.99,3.603647077596018,1
63.0,3.8324385287133618,1
63.01,3.054995717885057,1
63.02,4.565407515743513,1
63.03,4.765599959819799,1
63.04,2.7824438343433475,1
63.050000000000004,4.561798375936407,1
63.06,3.507813466695407,1
63.07,4.52649934163905,1
63.08,3.987179894865776,1
63.09,4.017901212579288,1
63.1,3.8809773601402378,1
63.11,4.779323154516523,1
63.120000000000005,3.2424788067453694,1
63.13,4.3489331341755815,1
63.14,4.735510877142989,1
63.15,4.508912831418696,1
63.160000000000004,5.538866714141455,1
63.17,3.7491360327755894,1
63.18,4.60607524014935,1
63.190000000000005,3.9675298393953637,1
63.2,4.798321353763955,1
63.21,4.0429104382430605,1
63.22,3.7509095919187936,1
63.230000000000004,4.832472025778013,1
63.24,3.731008707201558,1
63.25,3.06724315856859,1
63.26,3.6086893715260495,1
63.27,4.378167856008946,1
63.28,4.925885106091562,1
63.29,4.1276570617087875,1
63.300000000000004,4.862943836270322,1
63.31,3.170553428612196,1
63.32,3.6626310394374166,1
63.33,3.7925219735209468,1
63.34,3.9132218459329646,1
63.35,4.04935618397321,1
63.36,4.451244398681425,1
63.370000000000005,3.738471112337315,1
63.38,4.074514103034718,1
63.39,3.975193808853251,1
63.4,3.3977674589104594,1
63.410000000000004,3.8901158095648736,1
63.42,3.9001964873371366,1
63.43,3.886902740392736,1
63.440000000000005,4.0138206191342665,1
63.45,4.049928420676246,1
63.46,3.72251008020841,1
63.47,4.809124763068721,1
63.480000000000004,3.289754602823066,1
63.49,3.489599001241994,1
63.5,5.773096805796764,1
63.51,3.4329069724668875,1
63.52,3.0876192008314476,1
63.53,4.421806923709747,1
63.54,2.6776129318515416,1
63.550000000000004,3.768004253094046,1
63.56,5.378353577693003,1
63.57,3.0803020700431922,1
63.58,2.6588621976944347,1
63.59,2.946819574081216,1
63.6,4.519690865496231,1
63.61,4.760969144631572,1
63.620000000000005,3.713075700264084,1
63.63,4.426072525383315,1
63.64,4.927602249092709,1
63.65,5.215338223548914,1
63.660000000000004,3.913090832784022,1
63.67,2.5015239832129916,1
63.68,3.377481433710611,1
63.690000000000005,3.6857259704584004,1
63.7,3.8131365719979993,1
63.71,3.8668995773362136,1
63.72,4.717985176293981,1
63.730000000000004,4.869965162271209,1
63.74,3.940811073958737,1
63.75,4.709177447774886,1
63.76,4.274611694080884,1
63.77,4.058330043969946,1
63.78,4.591691891782717,1
63.79,4.082380733746508,1
63.800000000000004,5.340110299276788,1
63.81,3.1471238179847667,1
63.82,3.6145696380748262,1
63.83,3.894785055838601,1
63.84,4.278816728921673,1
63.85,4.839418469011291,1
63.86,4.0345346114988825,1
63.870000000000005,3.079288313510416,1
63.88,4.4914047014798895,1
63.89,4.519323381918927,1
63.9,2.771225297416065,1
63.910000000000004,3.9238052858083186,1
63.92,2.9636982705883024,1
63.93,3.506577025783262,1
63.940000000000005,3.3846260578385663,1
63.95,4.488151923937594,1
63.96,4.105091914100281,1
63.97,3.1721768619950126,1
63.980000000000004,4.5213428820840145,1
63.99,3.1009858527068657,1
64.0,4.160246533596744,1
64.01,3.4814611081589555,1
64.02,3.731625790783896,1
64.03,4.31108300494173,1
64.04,4.3569964438114965,1
64.05,4.888884020255762,1
64.06,3.999964460026918,1
64.07000000000001,4.1988320577432034,1
64.08,3.7279132783379536,1
64.09,4.101755100261359,1
64.1,4.291256574931356,1
64.11,3.9536891198790847,1
64.12,2.8268958233748105,1
64.13,4.144681661400322,1
64.14,4.245218938460777,1
64.15,3.573396897163585,1
64.16,3.1410563281143533,1
64.17,4.906056492003913,1
64.18,4.37322746192814,1
64.19,3.8737592440802606,1
64.2,3.254685708527851,1
64.21000000000001,3.422063894319245,1
64.22,4.810482186703779,1
64.23,4.137947983076104,1
64.24,3.651040053116616,1
64.25,4.309763529411486,1
64.26,3.4901806949122745,1
64.27,4.943201241792729,1
64.28,4.934328218495761,1
64.29,3.7533329306800844,1
64.3,3.5773005226438115,1
64.31,2.2759174299189784,1
64.32000000000001,2.9352625567085395,1
64.33,3.067028992322902,1
64.34,4.031737145869973,1
64.35,3.79023435844334,1
64.36,3.1145214564009382,1
64.37,3.7644439183116347,1
64.38,4.313744003526734,1
64.39,4.361302088799776,1
64.4,2.7891170609598817,1
64.41,3.844125964920373,1
64.42,3.0930960208584692,1
64.43,4.5306534405837215,1
64.44,4.5406160985618635,1
64.45,3.4497709079862435,1
64.46000000000001,3.4699539539065585,1
64.47,3.6689138234500387,1
64.48,2.5184572675744885,1
64.49,4.129093311615201,1
64.5,3.8307161595186687,1
64.51,4.619320644956245,1
64.52,3.324479544518259,1
64.53,3.55776388327069,1
64.54,2.995988639055728,1
64.55,3.2881465314571567,1
64.56,3.1903846602509107,1
64.57000000000001,4.597639631008684,1
64.58,3.5828058791313526,1
64.59,4.055537131287839,1
64.6,3.756281910216807,1
64.61,3.161711105224412,1
64.62,3.8405044802870694,1
64.63,4.37914585163637,1
64.64,3.23911949849927,1
64.65,4.479322968387376,1
64.66,3.4774358489911936,1
64.67,3.6552721996852173,1
64.68,4.323638902866268,1
64.69,3.588961752141843,1
64.7,3.999717361473693,1
64.71000000000001,3.7958025232130965,1
64.72,4.071685858712156,1
64.73,2.459608709126828,1
64.74,2.7204260005169023,1
64.75,4.322882782780989,1
64.76,4.692326284271804,1
64.77,3.450789449676079,1
64.78,3.808714708666797,1
64.79,4.1797452644813635,1
64.8,4.460564361078076,1
64.81,2.712018156482583,1
64.82000000000001,3.3478325306255434,1
64.83,3.745082823647418,1
64.84,4.440922681849145,1
64.85,5.6475093760704596,1
64.86,3.950913847361446,1
64.87,3.084167128324824,1
64.88,4.206053199877544,1
64.89,4.869463496602322,1
64.9,4.122250497967208,1
64.91,3.419075210748829,1
64.92,4.586718711107912,1
64.93,4.465730726342756,1
64.94,3.3621928918534674,1
64.95,4.209211554570255,1
64.96000000000001,4.6596074595231975,1
64.97,4.806420917109456,1
64.98,4.0052712364735354,1
64.99,3.7679839648617763,1
65.0,4.7823698172219355,1
65.01,3.2617550264821498,1
65.02,4.240268240260053,1
65.03,3.125503163023385,1
65.04,4.638777152646517,1
65.05,3.870899229476932,1
65.06,4.81534747632572,1
65.07000000000001,4.3677636688945425,1
65.08,3.228405128637214,1
65.09,4.878044016282578,1
65.1,5.059175470785131,1
65.11,4.636003542516522,1
65.12,3.5440199614783325,1
65.13,3.7740904864970033,1
65.14,4.080802817248075,1
65.15,3.5482604929805426,1
65.16,5.070939070934283,1
65.17,4.157899536656113,1
65.18,2.2554635105556775,1
65.19,4.115511684637623,1
65.2,3.781036104572405,1
65.21000000000001,3.9382476479080117,1
65.22,3.7571239446281943,1
65.23,4.509062511811606,1
65.24,4.757029590909213,1
65.25,4.229074860130146,1
65.26,3.7935895719962183,1
65.27,3.9607945993300433,1
65.28,4.010364474508236,1
65.29,3.4799820321881807,1
65.3,4.344424586272122,1
65.31,4.319154250868215,1
65.32000000000001,5.018632119645428,1
65.33,4.875625200855222,1
65.34,3.607651778589557,1
65.35,4.5086924357155365,1
65.36,3.413515465750161,1
65.37,4.416351818859914,1
65.38,3.6897868635262245,1
65.39,3.317470902318286,1
65.4,4.140749778421712,1
65.41,2.273108418345047,1
65.42,2.7603028702629238,1
65.43,3.8104563005026377,1
65.44,4.04211798250805,1
65.45,3.7629023709029963,1
65.46000000000001,2.9609901547040787,1
65.47,3.4069875081413565,1
65.48,4.218247185593327,1
65.49,4.390571683650999,1
65.5,4.012908272743047,1
65.51,4.751361738171233,1
65.52,4.302924395807338,1
65.53,3.5332046002814597,1
65.54,3.789994424603353,1
65.55,3.0771794965780828,1
65.56,3.8744670627348077,1
65.57000000000001,4.714031095378887,1
65.58,4.487477908473463,1
65.59,4.93891290646533,1
65.6,3.859814061167364,1
65.61,4.864977353344491,1
65.62,3.9264772638709995,1
65.63,4.950395632581459,1
65.64,4.04284244756869,1
65.65,4.4614427330614035,1
65.66,4.984782163223294,1
65.67,3.9335854855877965,1
65.68,4.137712225545082,1
65.69,4.844514630087701,1
65.7,3.964374575257514,1
65.71000000000001,3.1408293282658186,1
65.72,5.33889476626483,1
65.73,3.7755369041344062,1
65.74,4.0895377353061635,1
65.75,4.7554228519872845,1
65.76,3.6505169134613427,1
65.77,3.3250971398713003,1
65.78,4.124137930991301,1
65.79,2.844048408117693,1
65.8,3.743841108344876,1
65.81,4.143618644577249,1
65.82000000000001,3.833464514229732,1
65.83,2.9885722235724748,1
65.84,4.97366313504039,1
65.85,4.125598339306902,1
65.86,4.93610881920386,1
65.87,3.8874474832598094,1
65.88,3.422269603239524,1
65.89,4.139988548724661,1
65.9,3.8683903793817107,1
65.91,3.2279376983945496,1
65.92,4.907314832057827,1
65.93,3.650691957635814,1
65.94,2.785023420307652,1
65.95,4.788853984925656,1
65.96000000000001,3.7201280894796485,1
65.97,3.5888339503162103,1
65.98,2.8298954712331073,1
65.99,5.059366956504103,1
66.0,3.226909688263637,1
66.01,3.9915382962037267,1
66.02,4.591626778923255,1
66.03,4.309119759506739,1
66.04,3.979841741249825,1
66.05,2.8947004407291264,1
66.06,3.408309115431327,1
66.07000000000001,4.086348842147493,1
66.08,3.494439609088858,1
66.09,4.101611880452504,1
66.1,4.448431569597778,1
66.11,4.651405626225565,1
66.12,3.2435036783401374,1
66.13,5.379857763311193,1
66.14,4.580754279312017,1
66.15,4.033733064241882,1
66.16,4.708946855700342,1
66.17,5.577281840780873,1
66.18,3.1611536649834915,1
66.19,3.803512297200833,1
66.2,2.445015432963224,1
66.21000000000001,4.031698816677772,1
66.22,4.238980289534688,1
66.23,3.988929303321459,1
66.24,3.5746554317957058,1
66.25,2.644694984401469,1
66.26,4.161041164831585,1
66.27,4.953990490751311,1
66.28,3.673769548276733,1
66.29,4.265949792425615,1
66.3,2.9984995669041328,1
66.31,4.236563043815949,1
66.32000000000001,3.7589559613621493,1
66.33,3.4908585230664886,1
66.34,3.4761055721610856,1
66.35,3.7131797467799177,1
66.36,4.230924589598803,1
66.37,3.1624860097447756,1
66.38,3.6920892389203512,1
66.39,3.9546172643645994,1
66.4,3.284188575184991,1
66.41,5.122779702012362,1
66.42,3.513594210144646,1
66.43,3.536465606124644,1
66.44,3.337433421300886,1
66.45,5.127151942999818,1
66.46000000000001,4.4263700327926445,1
66.47,3.4178941985671,1
66.48,4.682828707285827,1
66.49,4.171188844535616,1
66.5,4.177184796515363,1
66.51,3.787124303824964,1
66.52,3.500984673970886,1
66.53,4.189211502178502,1
66.54,3.6576843177050136,1
66.55,5.1582246977045925,1
66.56,3.2459406730221674,1
66.57000000000001,4.951459418821523,1
66.58,3.9848606738940315,1
66.59,4.193147121733112,1
66.6,4.552165702128305,1
66.61,3.6242059568997465,1
66.62,4.5382017251626605,1
66.63,2.275559280009925,1
66.64,3.42938350747693,1
66.65,3.366204313955068,1
66.66,3.148661275153219,1
66.67,3.809450755674216,1
66.68,4.238852790268266,1
66.69,4.470237313006596,1
66.7,4.184502051053923,1
66.71000000000001,3.579148934476175,1
66.72,4.214177482147353,1
66.73,4.09349080520998,1
66.74,4.612949784309176,1
66.75,4.54087600843133,1
66.76,4.052226540000443,1
66.77,3.4209698709243237,1
66.78,3.541605231443838,1
66.79,3.6157770636453024,1
66.8,3.7723927009581875,1
66.81,4.160262438224242,1
66.82000000000001,4.473641591403011,1
66.83,3.995251207820106,1
66.84,4.010177301592637,1
66.85,4.093591916794937,1
66.86,3.670881214916388,1
66.87,3.3798315905644962,1
66.88,2.82381097633263,1
66.89,3.4783956338917728,1
66.9,4.2756942033562595,1
66.91,3.560472365359211,1
66.92,3.819332252691047,1
66.93,4.291794055334983,1
66.94,4.355346060008838,1
66.95,3.3208886019284947,1
66.96000000000001,4.606174286565934,1
66.97,4.767827826429232,1
66.98,3.3129903786048835,1
66.99,3.424250215652269,1
67.0,4.738269124403704,1
67.01,3.949013332183877,1
67.02,2.5566846159288845,1
67.03,3.0052472027635893,1
67.04,3.778516601325091,1
67.05,3.2320952601886614,1
67.06,3.6856844066298793,1
67.07000000000001,4.002160665547354,1
67.08,4.948882752136787,1
67.09,3.868478057061873,1
67.1,4.688004847816509,1
67.11,4.968301239604678,1
67.12,4.988719704089183,1
67.13,4.244080204684181,1
67.14,2.7408059855617743,1
67.15,4.223444870429695,1
67.16,4.69363888547914,1
67.17,3.98901964862675,1
67.18,5.13127769097757,1
67.19,4.62576156410744,1
67.2,4.406257909673086,1
67.21000000000001,4.729250725409409,1
67.22,4.260055052446412,1
67.23,2.398195696489084,1
67.24,3.580035942448345,1
67.25,4.751559424773962,1
67.26,3.521104928218303,1
67.27,3.826270865861288,1
67.28,3.311656208599436,1
67.29,5.116159988101364,1
67.3,5.157970576626765,1
67.31,3.495998511756457,1
67.32000000000001,4.065331116913224,1
67.33,3.562395631856996,1
67.34,4.372737619349249,1
67.35,4.353061390503583,1
67.36,4.547841753192106,1
67.37,4.248228801477173,1
67.38,5.919470240420606,1
67.39,3.4482215223297645,1
67.4,2.8570043213956655,1
67.41,3.676371959033336,1
67.42,2.963226145268844,1
67.43,2.969440848466107,1
67.44,3.288484520111203,1
67.45,3.358966216512246,1
67.46000000000001,3.3421541169288034,1
67.47,4.2967647019642214,1
67.48,3.689375767592531,1
67.49,3.8648882938109073,1
67.5,4.572097405382232,1
67.51,3.537113608962384,1
67.52,3.800581780150541,1
67.53,4.225350572745608,1
67.54,2.7537756464475613,1
67.55,2.3778308132504944,1
67.56,4.1272407901197985,1
67.57000000000001,4.326867554041704,1
67.58,5.358937825793642,1
67.59,4.184112801082048,1
67.6,4.5429176240703315,1
67.61,3.9057467483103605,1
67.62,4.187194429534774,1
67.63,5.0929961636157355,1
67.64,2.687471750231822,1
67.65,4.189614505090487,1
67.66,5.397007355551779,1
67.67,4.266812406264898,1
67.68,5.086948258921379,1
67.69,3.656965840311787,1
67.7,3.958624608587356,1
67.71000000000001,4.01926927380083,1
67.72,2.5623188757438085,1
67.73,3.1557915448109948,1
67.74,3.237663192025113,1
67.75,4.487640057734113,1
67.76,4.595136582991004,1
67.77,4.245952418274802,1
67.78,4.549458958317497,1
67.79,3.9264626472039437,1
67.8,4.7754358160622505,1
67.81,4.052228344925776,1
67.82000000000001,4.040677569546684,1
67.83,3.8301164661067335,1
67.84,4.4338982693446605,1
67.85,3.7527479123002183,1
67.86,4.6187018151682935,1
67.87,3.3025509762430922,1
67.88,3.245144384265692,1
67.89,4.40073103941841,1
67.9,3.9665938130224716,1
67.91,3.7034977400486215,1
67.92,4.559705084043356,1
67.93,3.6395735223409953,1
67.94,3.848478042704989,1
67.95,4.898768277361859,1
67.96000000000001,5.052566201233274,1
67.97,5.083371444121331,1
67.98,3.8819509164136408,1
67.99,4.791432722557797,1
68.0,3.431777901162347,1
68.01,3.377481838555374,1
68.02,2.4376051189501737,1
68.03,4.99166161786671,1
68.04,3.498924563008033,1
68.05,3.8878374735423744,1
68.06,3.4026254659400665,1
68.07000000000001,4.415200862700854,1
68.08,3.781190059934646,1
68.09,3.140268437027382,1
68.1,4.234979561832789,1
68.11,3.0838532341536844,1
68.12,3.4016981206717984,1
68.13,2.597091245554111,1
68.14,2.991920234929024,1
68.15,4.055350106955116,1
68.16,2.7286731612034156,1
68.17,2.9627101716260413,1
68.18,3.9362255889420816,1
68.19,3.643465646395208,1
68.2,5.27109896789439,1
68.21000000000001,5.266151099453788,1
68.22,3.51283585003152,1
68.23,4.33225716422633,1
68.24,4.506091640815748,1
68.25,3.6427039212772248,1
68.26,3.008211597796785,1
68.27,3.9325131059768905,1
68.28,3.88380350950382,1
68.29,3.7102915916886086,1
68.3,4.269605482472559,1
68.31,3.5290812299793295,1
68.32000000000001,3.2242955202448234,1
68.33,4.024233919795181,1
68.34,4.25188260318945,1
68.35000000000001,3.2516716584830654,1
68.36,4.557272351595843,1
68.37,2.8846969321524756,1
68.38,3.5579850703623777,1
68.39,3.806075697853769,1
68.4,3.575564181543462,1
68.41,3.6079062599204974,1
68.42,5.190481658155339,1
68.43,3.519350673595561,1
68.44,5.555096355363183,1
68.45,4.376926288689791,1
68.46000000000001,4.082343614954593,1
68.47,4.313939143000001,1
68.48,5.6603267013071825,1
68.49,3.454947701478527,1
68.5,3.2403372856737134,1
68.51,3.4646411991267687,1
68.52,3.9887338760848268,1
68.53,2.879593774168347,1
68.54,3.9472699715315374,1
68.55,5.095658598342364,1
68.56,4.163977013440009,1
68.57000000000001,3.819935823213267,1
68.58,3.588115757570655,1
68.59,4.558267346878726,1
68.60000000000001,3.4976718337234054,1
68.61,5.1678554274233575,1
68.62,5.3244910912543375,1
68.63,4.246056815324654,1
68.64,4.007292086469972,1
68.65,4.669159441326872,1
68.66,4.750486523777183,1
68.67,3.5220784268037653,1
68.68,3.6296804940379785,1
68.69,3.1198035385405953,1
68.7,4.212601384729251,1
68.71000000000001,4.445283549481552,1
68.72,3.1508461853914804,1
68.73,3.6537045459007973,1
68.74,3.1050849346274614,1
68.75,3.3631377633407666,1
68.76,4.3193040837193575,1
68.77,3.543253849450288,1
68.78,3.7774106432557844,1
68.79,2.9307976868019034,1
68.8,4.057172521727856,1
68.81,3.9747045398927785,1
68.82000000000001,3.5255124111734264,1
68.83,3.8488927972962075,1
68.84,4.107914104961812,1
68.85000000000001,3.4777648048450054,1
68.86,3.0108240191749043,1
68.87,5.112158395610798,1
68.88,3.655843842778652,1
68.89,3.916569874888171,1
68.9,4.650856271432012,1
68.91,6.328804530838106,1
68.92,3.332269441377245,1
68.93,4.2517970830422245,1
68.94,3.5560274221118346,1
68.95,3.62377890037792,1
68.96000000000001,3.5101323281842665,1
68.97,3.2402504143860624,1
68.98,3.927623994154666,1
68.99,3.0389574166641795,1
69.0,4.556653599592753,1
69.01,4.06908671293952,1
69.02,4.278233240617497,1
69.03,3.714217329130198,1
69.04,3.744600498476514,1
69.05,4.171255815147238,1
69.06,3.255005605041597,1
69.07000000000001,3.7230257803860844,1
69.08,3.4256394174194247,1
69.09,3.387711543130147,1
69.10000000000001,2.594338572590349,1
69.11,4.784654172552544,1
69.12,3.6016330353739003,1
69.13,4.730930040749177,1
69.14,4.737319196866536,1
69.15,3.209845318833569,1
69.16,3.2463980052530608,1
69.17,5.616112314360191,1
69.18,5.2330181707109915,1
69.19,4.0535309664888555,1
69.2,4.170202979123294,1
69.21000000000001,3.600900772602839,1
69.22,4.2565770018220395,1
69.23,3.550066244018516,1
69.24,2.654354025680716,1
69.25,3.061797594687648,1
69.26,3.957393441018423,1
69.27,3.263574445212421,1
69.28,3.9121629001238722,1
69.29,3.2974585854517895,1
69.3,3.4502336448950377,1
69.31,4.5205723644499685,1
69.32000000000001,4.191806884525178,1
69.33,4.005237856785766,1
69.34,4.570611538835767,1
69.35000000000001,4.346069458957857,1
69.36,4.95933630182095,1
69.37,3.759190178046711,1
69.38,3.7067918007865983,1
69.39,3.138210155274242,1
69.4,3.669957502995327,1
69.41,4.606168082964527,1
69.42,4.879839520366455,1
69.43,4.67586416040605,1
69.44,2.8764282335435096,1
69.45,4.635361659733742,1
69.46000000000001,2.845237600699106,1
69.47,4.513438772028575,1
69.48,3.7921770799223946,1
69.49,4.443354573772882,1
69.5,3.1620702184612712,1
69.51,4.709611672772049,1
69.52,3.0920586812524715,1
69.53,3.5118106262191495,1
69.54,3.3231159531274646,1
69.55,2.8211561667253475,1
69.56,3.9906015919648463,1
69.57000000000001,5.171278992601222,1
69.58,5.800642041636511,1
69.59,4.171076009343753,1
69.60000000000001,4.734799694275971,1
69.61,4.194677700747173,1
69.62,4.33537051903457,1
69.63,3.798126282763689,1
69.64,4.1144591327011835,1
69.65,4.355599288885749,1
69.66,3.646014541663295,1
69.67,3.928480327648942,1
69.68,3.9577976671877098,1
69.69,4.533662252642236,1
69.7,3.340347205798338,1
69.71000000000001,3.926978755508857,1
69.72,5.236183216842044,1
69.73,4.829446913846179,1
69.74,4.925153233872689,1
69.75,4.071361279121935,1
69.76,4.212554187373493,1
69.77,4.663033086025662,1
69.78,5.052120934474042,1
69.79,2.7968707968479185,1
69.8,3.0743158522163316,1
69.81,4.794064186113903,1
69.82000000000001,3.8679900225538524,1
69.83,3.5562475102569553,1
69.84,3.159638900437078,1
69.85000000000001,3.5894674330502987,1
69.86,3.0654702631780393,1
69.87,5.300690706873026,1
69.88,4.06348428247361,1
69.89,3.96620906806852,1
69.9,4.379533712871362,1
69.91,4.6471694237699035,1
69.92,4.6525497802264315,1
69.93,4.7357499801156955,1
69.94,3.6348341455660766,1
69.95,3.7848254438934004,1
69.96000000000001,4.486059524382972,1
69.97,3.6869782829418933,1
69.98,3.9779053663052735,1
69.99,4.257403794594303,1
70.0,4.524895036339611,1
70.01,2.878082838640789,1
70.02,4.396432636350937,1
70.03,3.8721390242805542,1
70.04,4.45134738170006,1
70.05,4.531176613267597,1
70.06,5.075132429712923,1
70.07000000000001,4.942667848211027,1
70.08,4.93025474224609,1
70.09,4.992510374792045,1
70.10000000000001,4.2486057418300565,1
70.11,4.0357989605798785,1
70.12,4.568456924978934,1
70.13,4.509102726945066,1
70.14,3.830015043267692,1
70.15,4.2524620478850474,1
70.16,3.9923761193525054,1
70.17,3.4454861789785602,1
70.18,4.8040174522593135,1
70.19,4.084055913436694,1
70.2,5.334304572467271,1
70.21000000000001,3.025391839405547,1
70.22,3.580269326526118,1
70.23,3.995993181571007,1
70.24,4.737725368645878,1
70.25,4.303450813744117,1
70.26,4.219650758402136,1
70.27,3.28177766813143,1
70.28,3.2062495937805924,1
70.29,4.161625334152673,1
70.3,3.124626067074965,1
70.31,3.602379884381939,1
70.32000000000001,4.301152455276165,1
70.33,3.380708725988786,1
70.34,5.004443939129055,1
70.35000000000001,4.854391963449561,1
70.36,3.031680737975581,1
70.37,3.336951394122888,1
70.38,2.477138645367388,1
70.39,3.4008603905153123,1
70.4,4.461306650222434,1
70.41,3.7591313802347908,1
70.42,4.284526472294573,1
70.43,3.0293370185169084,1
70.44,4.459509663757555,1
70.45,3.6673996450532464,1
70.46000000000001,3.9879400208210183,1
70.47,3.939016736483688,1
70.48,3.1713235187346025,1
70.49,3.2021249205496405,1
70.5,4.5800605596304,1
70.51,4.293681294232952,1
70.52,4.6989230895886935,1
70.53,4.2525830458345535,1
70.54,4.107931445492563,1
70.55,2.8865902377880372,1
70.56,3.7577736756174733,1
70.57000000000001,3.967698680817198,1
70.58,5.265294403972077,1
70.59,4.521635011172581,1
70.60000000000001,5.027939056808506,1
70.61,4.449376102781855,1
70.62,3.5654484437788243,1
70.63,4.04992048823694,1
70.64,4.1562639685075915,1
70.65,3.4000245204910495,1
70.66,3.7145998151647968,1
70.67,3.849368407465863,1
70.68,5.032734726643337,1
70.69,2.711919403481677,1
70.7,4.70508505810463,1
70.71000000000001,3.434485239412571,1
70.72,3.0758244226944997,1
70.73,4.710130072873957,1
70.74,4.517484456554746,1
70.75,4.8450171136679,1
70.76,4.570219626785846,1
70.77,5.3707002371546055,1
70.78,4.444758211956373,1
70.79,3.9251584418353263,1
70.8,4.218010066154602,1
70.81,4.819879366778808,1
70.82000000000001,3.5435114918809845,1
70.83,3.5496465081860773,1
70.84,3.7725165901414233,1
70.85000000000001,2.620836758209286,1
70.86,4.006839473567246,1
70.87,2.776635471106048,1
70.88,3.9610245463041824,1
70.89,4.559086512457602,1
70.9,3.72413393984474,1
70.91,5.071609357255045,1
70.92,3.1166813035475296,1
70.93,4.719925289615527,1
70.94,4.481243981483572,1
70.95,2.9154625966305066,1
70.96000000000001,5.693769561228273,1
70.97,4.060266387325039,1
70.98,3.4342789508018736,1
70.99,3.0530978367922237,1
71.0,3.800431805418053,1
71.01,3.9053606417137736,1
71.02,4.060921028504482,1
71.03,3.8104364958125454,1
71.04,4.399481099721555,1
71.05,3.7724634105669836,1
71.06,2.7308870776379033,1
71.07000000000001,3.8269431629973107,1
71.08,2.453528561393062,1
71.09,4.13674833893232,1
71.10000000000001,3.3728065649851517,1
71.11,4.068361320650342,1
71.12,4.8567115632843585,1
71.13,3.4358270786810152,1
71.14,4.654723403412396,1
71.15,3.75808770883428,1
71.16,5.123008796509643,1
71.17,3.830458942968555,1
71.18,3.4444913594275848,1
71.19,4.412569680368012,1
71.2,3.7420011902648214,1
71.21000000000001,3.438563270808384,1
71.22,3.656277469989466,1
71.23,3.9504346389784875,1
71.24,4.867871397028923,1
71.25,2.797180172203733,1
71.26,3.9428062099312458,1
71.27,4.402023912704658,1
71.28,4.149636469605368,1
71.29,4.858856624283541,1
71.3,4.003293995576654,1
71.31,3.880455322184349,1
71.32000000000001,4.377147874471482,1
71.33,4.087066550257062,1
71.34,3.751915503198957,1
71.35000000000001,4.320004122916588,1
71.36,3.5958210032391245,1
71.37,3.5791998333802266,1
71.38,3.6321741858413525,1
71.39,4.855840886989033,1
71.4,1.96146180881424,1
71.41,4.134363683171012,1
71.42,4.030298366044465,1
71.43,2.9112204950449003,1
71.44,4.135632929078827,1
71.45,4.316819638734161,1
71.46000000000001,4.401584178795438,1
71.47,2.3035122459948347,1
71.48,4.7847637354494585,1
71.49,3.5684208962645125,1
71.5,4.419570280641641,1
71.51,4.506004336200095,1
71.52,3.461533814937111,1
71.53,4.3962175630614935,1
71.54,3.7736538809392193,1
71.55,2.6424497626814905,1
71.56,4.6762117474505,1
71.57000000000001,3.5377010990878826,1
71.58,3.4178419739218175,1
71.59,3.703549716471096,1
71.60000000000001,4.158848050300001,1
71.61,3.972372182778833,1
71.62,4.353944015568863,1
71.63,3.15213716827624,1
71.64,3.467446464513142,1
71.65,3.892784529801682,1
71.66,5.22497128180316,1
71.67,3.9996534076700008,1
71.68,4.704102820991163,1
71.69,4.067261878749964,1
71.7,3.69022398920772,1
71.71000000000001,3.8213314915238055,1
71.72,3.880004305401629,1
71.73,4.384463086348299,1
71.74,4.914955363845614,1
71.75,4.288268666807843,1
71.76,4.787506478058626,1
71.77,3.4212668809736293,1
71.78,3.6962517372181996,1
71.79,3.5118266550296395,1
71.8,4.174730351491612,1
71.81,3.7775812306986216,1
71.82000000000001,4.46015267874058,1
71.83,3.423548302279361,1
71.84,3.993332639163449,1
71.85000000000001,4.445253252185702,1
71.86,2.6866869742887696,1
71.87,5.297777021484205,1
71.88,3.894149482519274,1
71.89,2.679744457974593,1
71.9,4.023360564918849,1
71.91,4.023100723940646,1
71.92,3.948250599528772,1
71.93,4.640008520164752,1
71.94,4.523364443541444,1
71.95,4.224672561404991,1
71.96000000000001,4.3055543587888705,1
71.97,3.950622478866113,1
71.98,5.149027203479667,1
71.99,3.10919644002111,1
72.0,4.0371618348642615,1
72.01,4.044419572951609,1
72.02,4.5303450423147495,1
72.03,3.4843038814304688,1
72.04,2.8377129776725454,1
72.05,4.032014090762795,1
72.06,4.184391329042009,1
72.07000000000001,4.977558693196505,1
72.08,3.234405855179195,1
72.09,4.703263089883482,1
72.10000000000001,5.578242749820082,1
72.11,3.8495897715220537,1
72.12,3.1533747078320626,1
72.13,3.685145733653016,1
72.14,3.990195572224918,1
72.15,4.365213626534585,1
72.16,3.6381987988933635,1
72.17,4.9873497522659935,1
72.18,3.336100158909056,1
72.19,2.831719365337216,1
72.2,4.647968919042106,1
72.21000000000001,2.563038170961995,1
72.22,3.781336987656462,1
72.23,6.009721977482634,1
72.24,4.112769112886705,1
72.25,3.2795796542693854,1
72.26,3.9195336433759436,1
72.27,3.96221099651228,1
72.28,4.101966991120479,1
72.29,4.43581341156085,1
72.3,3.3519434014796454,1
72.31,5.056046628574172,1
72.32000000000001,4.222400040272957,1
72.33,4.484909016848456,1
72.34,3.621533028602052,1
72.35000000000001,4.8119339466588364,1
72.36,3.881932993553852,1
72.37,4.173000084153183,1
72.38,3.4049537733211768,1
72.39,3.317459130903628,1
72.4,4.405575070852487,1
72.41,3.736509552568392,1
72.42,3.4302054399863366,1
72.43,3.5484963570856807,1
72.44,4.426410765622187,1
72.45,3.617446674024428,1
72.46000000000001,3.9007088752841828,1
72.47,4.003792971883059,1
72.48,2.7561961232136394,1
72.49,2.970862373685086,1
72.5,4.156438570562165,1
72.51,3.5311803313290593,1
72.52,4.657504529327052,1
72.53,4.666742705326003,1
72.54,4.506622009460166,1
72.55,5.211117929652975,1
72.56,4.0187563149104735,1
72.57000000000001,4.422138754373483,1
72.58,3.6461520561020064,1
72.59,5.569937706928509,1
72.60000000000001,5.381235192591277,1
72.61,4.090582481350989,1
72.62,4.256263284620757,1
72.63,4.897327424550516,1
72.64,3.9583712757819094,1
72.65,3.5714655733624614,1
72.66,4.541357782576039,1
72.67,4.0833751202454955,1
72.68,4.123734602937279,1
72.69,3.466124680726017,1
72.7,2.85349207279273,1
72.71000000000001,4.08442555506287,1
72.72,4.59223110004229,1
72.73,3.889023911202995,1
72.74,4.925338484558525,1
72.75,3.5987990222152466,1
72.76,3.291605162424764,1
72.77,3.9138753404486493,1
72.78,3.9412440668886224,1
72.79,4.496052643725785,1
72.8,3.5269448469941436,1
72.81,4.859275831290093,1
72.82000000000001,5.3277492077615705,1
72.83,4.054267174740846,1
72.84,4.814104324093526,1
72.85000000000001,3.363360379610241,1
72.86,4.659436481090823,1
72.87,4.719069436259542,1
72.88,4.603367265841465,1
72.89,4.026104253416273,1
72.9,2.0847640310951587,1
72.91,3.468714696207654,1
72.92,3.5620104522967626,1
72.93,3.3390005076368428,1
72.94,4.039654830144378,1
72.95,3.730543679415523,1
72.96000000000001,3.448800480352034,1
72.97,3.2799478455614217,1
72.98,3.4925513351557207,1
72.99,4.697214230664778,1
73.0,3.6129406649610454,1
73.01,3.642669302211237,1
73.02,3.6822415263473074,1
73.03,4.200883295541656,1
73.04,4.30808087207703,1
73.05,2.0430235617746755,1
73.06,4.545447911771593,1
73.07000000000001,4.964684031140497,1
73.08,3.376489618673495,1
73.09,3.3317341326662095,1
73.10000000000001,3.6677666173399492,1
73.11,3.489548706604763,1
73.12,4.114663159798676,1
73.13,2.7439178414285914,1
73.14,3.1992912798647084,1
73.15,4.950633172482741,1
73.16,3.454782008113493,1
73.17,4.774059178476243,1
73.18,4.276997257307176,1
73.19,2.842714572778056,1
73.2,4.342782845890253,1
73.21000000000001,3.944221019198825,1
73.22,3.70113305151746,1
73.23,4.1410032354486805,1
73.24,4.316416137876513,1
73.25,4.478091023686,1
73.26,4.793170013557184,1
73.27,4.31240059455897,1
73.28,3.1261928210022374,1
73.29,3.6402566866207513,1
73.3,5.887950347948851,1
73.31,4.5833477913190235,1
73.32000000000001,5.5722630475042605,1
73.33,4.9997338063605925,1
73.34,4.216872211392225,1
73.35000000000001,4.208573963815396,1
73.36,3.988780249143902,1
73.37,2.8717888792584754,1
73.38,3.944016912536426,1
73.39,4.782161707537947,1
73.4,3.6578659171724714,1
73.41,4.246758984842537,1
73.42,4.567342459054318,1
73.43,3.443813547725745,1
73.44,3.6738104514706897,1
73.45,3.3199781885164468,1
73.46000000000001,3.4257538480249305,1
73.47,3.130109652983276,1
73.48,3.363569553865881,1
73.49,4.882798105220678,1
73.5,3.458979891265007,1
73.51,4.0495891951772585,1
73.52,3.676699548742395,1
73.53,4.745484315266927,1
73.54,4.895449108676659,1
73.55,4.614360561524669,1
73.56,4.2354905928399,1
73.57000000000001,3.864211320026544,1
73.58,3.218529872189422,1
73.59,5.214129586041895,1
73.60000000000001,3.5799499324329447,1
73.61,4.405389955210979,1
73.62,4.71180021006252,1
73.63,3.682425953561882,1
73.64,4.654438130313051,1
73.65,4.535109934372873,1
73.66,5.153259548544634,1
73.67,3.76467000021447,1
73.68,3.1515744061388054,1
73.69,3.621118079584245,1
73.7,4.112777308458071,1
73.71000000000001,4.044536740813494,1
73.72,3.7473983092465017,1
73.73,2.7461013252583655,1
73.74,4.23002906558159,1
73.75,5.293515931672248,1
73.76,4.378830596993203,1
73.77,4.417954592070222,1
73.78,4.396496359644461,1
73.79,4.281405153554061,1
73.8,4.621376155682143,1
73.81,4.293812457825056,1
73.82000000000001,3.814754749326413,1
73.83,3.4724246401670475,1
73.84,3.8068041642964907,1
73.85000000000001,4.192224559664771,1
73.86,3.8064496993502805,1
73.87,4.192339018141408,1
73.88,4.296473659077993,1
73.89,4.558379351015,1
73.9,4.8658172674727,1
73.91,4.102562507089999,1
73.92,3.1576304612337176,1
73.93,3.7255443005850273,1
73.94,4.012121727163938,1
73.95,2.80962739811132,1
73.96000000000001,4.829583379563021,1
73.97,4.142153913553534,1
73.98,4.2559619921849565,1
73.99,4.901350813718593,1
74.0,3.6452261410793234,1
74.01,4.351168588923598,1
74.02,3.9497870922388145,1
74.03,3.877546337801566,1
74.04,3.4916320078744776,1
74.05,5.050189496564409,1
74.06,3.819376074906502,1
74.07000000000001,4.442995213943122,1
74.08,2.810020647567855,1
74.09,4.694211951803179,1
74.10000000000001,4.724357771450602,1
74.11,4.1066795372880245,1
74.12,3.859153931334546,1
74.13,4.251080817562447,1
74.14,5.50009847910818,1
74.15,2.945966901434764,1
74.16,4.44416001900537,1
74.17,3.4351659086486017,1
74.18,3.9531863224596715,1
74.19,3.8363593831744285,1
74.2,3.7122762796163387,1
74.21000000000001,3.9759464981333594,1
74.22,3.2626737221341857,1
74.23,4.623522480018852,1
74.24,2.8733191070715502,1
74.25,4.2826139858852965,1
74.26,3.805090926415677,1
74.27,3.2285754919441407,1
74.28,4.085026718368048,1
74.29,2.9949066719415143,1
74.3,3.965461877368744,1
74.31,3.074723989539142,1
74.32000000000001,4.243770119244515,1
74.33,3.4148764134795258,1
74.34,3.6722746124930867,1
74.35000000000001,4.171059348041633,1
74.36,3.509015877410323,1
74.37,3.932932231886039,1
74.38,3.0137588867297684,1
74.39,4.35015588557461,1
74.4,5.166136515782983,1
74.41,5.881634125212772,1
74.42,4.172050579941104,1
74.43,4.521732695993612,1
74.44,2.875982484788495,1
74.45,4.9075764767902115,1
74.46000000000001,4.558094110484356,1
74.47,3.7194956200425864,1
74.48,4.785888450752449,1
74.49,3.882041862682081,1
74.5,3.695742515436207,1
74.51,4.290155609160633,1
74.52,3.327474158157049,1
74.53,4.622508167663409,1
74.54,3.35219373435062,1
74.55,3.279825682482516,1
74.56,3.366556475167434,1
74.57000000000001,4.454778996655288,1
74.58,3.627105032620614,1
74.59,3.1030076191866023,1
74.60000000000001,3.5531977417244875,1
74.61,3.9524018469363353,1
74.62,3.2308949800477067,1
74.63,3.206609659736137,1
74.64,5.322266752832184,1
74.65,3.520976262023532,1
74.66,3.761659336367712,1
74.67,3.747425564351655,1
74.68,3.711457040764563,1
74.69,4.385835172281552,1
74.7,4.638332700695982,1
74.71000000000001,3.839787870982346,1
74.72,3.18812436992977,1
74.73,4.778181170824408,1
74.74,3.984830810623607,1
74.75,5.121772726455273,1
74.76,2.610305234537946,1
74.77,4.043401580006739,1
74.78,5.247451418472106,1
74.79,3.8456390887702083,1
74.8,3.8444316853369394,1
74.81,4.1824024402395885,1
74.82000000000001,3.648381244720776,1
74.83,3.7764215722140517,1
74.84,3.7674010831296685,1
74.85000000000001,3.5789553317358456,1
74.86,4.772055019050404,1
74.87,4.345484074446854,1
74.88,4.1833438959147555,1
74.89,4.535624907194107,1
74.9,3.8606157780431234,1
74.91,3.489311099928032,1
74.92,3.5783585741408017,1
74.93,3.975858403127422,1
74.94,3.311304288806143,1
74.95,3.63409442966162,1
74.96000000000001,3.6431742494855324,1
74.97,5.357064032375414,1
74.98,2.281692420561681,1
74.99,3.7803590708748698,1
75.0,5.106501627410678,1
75.01,4.145446312774015,1
75.02,4.4975658432664005,1
75.03,4.0946241533154195,1
75.04,3.572692235434004,1
75.05,2.519741583335014,1
75.06,4.044490091684728,1
75.07000000000001,3.4994333904240693,1
75.08,3.4506852261167706,1
75.09,3.643283738651573,1
75.10000000000001,5.1107136101248845,1
75.11,5.626971022285796,1
75.12,4.238549058311118,1
75.13,3.7127585158908145,1
75.14,3.218946936374346,1
75.15,4.257139234935533,1
75.16,5.172229113799861,1
75.17,3.909852144433753,1
75.18,2.451029637146262,1
75.19,4.34180939995766,1
75.2,4.65986441927976,1
75.21000000000001,3.010649311213288,1
75.22,4.055147005385723,1
75.23,4.29607732037455,1
75.24,3.9703305055808826,1
75.25,3.4851447690886888,1
75.26,4.628278163198216,1
75.27,3.775972234740196,1
75.28,3.0229265628622155,1
75.29,2.6116172252246432,1
75.3,4.734772697504882,1
75.31,4.44419579918542,1
75.32000000000001,4.083731531731678,1
75.33,3.719360963721565,1
75.34,3.6399321747761344,1
75.35000000000001,3.280426855672439,1
75.36,3.6768847006229755,1
75.37,2.6050391307302707,1
75.38,3.438722944037149,1
75.39,3.764578115916034,1
75.4,4.3815825146112575,1
75.41,3.9969895057645486,1
75.42,4.515588495757617,1
75.43,4.906293216794019,1
75.44,4.740948978720244,1
75.45,4.349737346657159,1
75.46000000000001,4.028681090418361,1
75.47,3.365357216559084,1
75.48,4.442018551283247,1
75.49,5.116389835118821,1
75.5,4.28895169092596,1
75.51,5.261310332212825,1
75.52,3.0858435379165963,1
75.53,3.196296000855066,1
75.54,4.5066572521718165,1
75.55,4.201878573384386,1
75.56,4.864532618119758,1
75.57000000000001,4.041833508755484,1
75.58,3.439342432753263,1
75.59,3.8277750679447395,1
75.60000000000001,2.9952167800500615,1
75.61,3.2074507109273895,1
75.62,4.583396855993928,1
75.63,4.601293548786793,1
75.64,4.271605300104832,1
75.65,2.899611405645627,1
75.66,3.7014340705185256,1
75.67,3.187270658723796,1
75.68,4.714605069453996,1
75.69,3.6641404880161064,1
75.7,3.275383887449481,1
75.71000000000001,3.975855647630738,1
75.72,3.583200597928572,1
75.73,4.9376880319322165,1
75.74,3.5794947024206016,1
75.75,3.066909886757955,1
75.76,2.5471419878842974,1
75.77,3.8928533453888328,1
75.78,3.6289746777287863,1
75.79,3.050623812171729,1
75.8,4.714641979072287,1
75.81,4.4758064838741625,1
75.82000000000001,4.0102398124086385,1
75.83,4.88582874652259,1
75.84,4.483022280432331,1
75.85000000000001,3.4950886102741583,1
75.86,3.295429193887334,1
75.87,4.4884558542327735,1
75.88,4.286481705491304,1
75.89,4.127326167555017,1
75.9,3.458407293588125,1
75.91,4.36195841619194,1
75.92,3.531527961603243,1
75.93,3.9057197841818674,1
75.94,4.933162431170266,1
75.95,3.6272213657633396,1
75.96000000000001,2.9570323216250727,1
75.97,3.2544988551281113,1
75.98,4.600399790141908,1
75.99,4.201300922559121,1
76.0,3.9284586816916285,1
76.01,3.6653927242440822,1
76.02,4.2948391202663725,1
76.03,3.4667665424684273,1
76.04,4.166330661003972,1
76.05,3.535520709177535,1
76.06,3.389703850543233,1
76.07000000000001,3.54976193118037,1
76.08,3.7294104983858265,1
76.09,3.952082418964863,1
76.10000000000001,4.1498954802975945,1
76.11,1.6158755676356873,1
76.12,3.332925474665619,1
76.13,3.7059135931390603,1
76.14,4.95888263040913,1
76.15,3.35679600472237,1
76.16,4.067034918271009,1
76.17,4.974041033855175,1
76.18,3.2065504757956975,1
76.19,4.208015558741004,1
76.2,3.4919437458290226,1
76.21000000000001,3.642095646078188,1
76.22,3.4574441835721204,1
76.23,3.492596445630885,1
76.24,5.735611174319782,1
76.25,4.652044083119221,1
76.26,4.7539620596269865,1
76.27,4.3644573386379735,1
76.28,2.9796815427392005,1
76.29,4.195041055808189,1
76.3,4.707850253296192,1
76.31,3.488760734707803,1
76.32000000000001,4.5956575272138345,1
76.33,4.492733171668413,1
76.34,5.231221178860116,1
76.35000000000001,3.8028035594415597,1
76.36,3.2760064378060028,1
76.37,3.7219256015455464,1
76.38,4.914755549203711,1
76.39,2.868562674070302,1
76.4,2.5900917269299724,1
76.41,3.973407748141946,1
76.42,3.711239720945162,1
76.43,3.987688464033737,1
76.44,4.6126069471639095,1
76.45,3.678233430892763,1
76.46000000000001,2.765433608404094,1
76.47,5.252444828539354,1
76.48,3.4281161119492567,1
76.49,3.278553028019762,1
76.5,4.672838673870934,1
76.51,3.790902649624337,1
76.52,3.9463249881516482,1
76.53,4.31002770618801,1
76.54,4.721661744090675,1
76.55,3.826940754855889,1
76.56,4.97580530189185,1
76.57000000000001,2.6727795553134737,1
76.58,4.413338724771764,1
76.59,3.480090543635058,1
76.60000000000001,4.8591747833643,1
76.61,4.1437130563588065,1
76.62,3.5720223266614846,1
76.63,4.404391826754061,1
76.64,4.6037899626996275,1
76.65,4.4527068843624455,1
76.66,3.3590656881268575,1
76.67,3.6474996215574005,1
76.68,3.9762074026803775,1
76.69,3.971801987256678,1
76.7,4.484764685157805,1
76.71000000000001,2.7217596399408617,1
76.72,4.1402266485209,1
76.73,3.8202653026133655,1
76.74,3.44517244776243,1
76.75,3.484963434094557,1
76.76,3.829899559492196,1
76.77,1.6533057240265707,1
76.78,3.4041813710150537,1
76.79,3.395996873482423,1
76.8,4.309444980080909,1
76.81,3.4959176711413895,1
76.82000000000001,3.8301830002273425,1
76.83,4.990484697392009,1
76.84,4.704593129504266,1
76.85000000000001,4.627695388389759,1
76.86,3.7133300215951768,1
76.87,4.335134862222641,1
76.88,3.868348428603767,1
76.89,3.8648699546913727,1
76.9,4.25770790668762,1
76.91,3.628115754194446,1
76.92,4.94639057453906,1
76.93,3.952886364918246,1
76.94,4.398383415792992,1
76.95,4.96833872839162,1
76.96000000000001,4.727467153969876,1
76.97,3.1295005341078035,1
76.98,4.2364313662851965,1
76.99,4.5661572492614,1
77.0,4.61263597879823,1
77.01,3.3144202459236567,1
77.02,3.5325617350277274,1
77.03,4.61725187503874,1
77.04,3.5427829347730713,1
77.05,3.7781154997901503,1
77.06,5.009160769075692,1
77.07000000000001,4.029536108940792,1
77.08,3.530220069359517,1
77.09,3.4023896603064774,1
77.10000000000001,4.180021311247634,1
77.11,3.145816262671992,1
77.12,3.7882702432200346,1
77.13,4.2035058310859945,1
77.14,4.855136357458378,1
77.15,4.484432698237714,1
77.16,3.5657598446609473,1
77.17,4.73853815338037,1
77.18,3.8499782633492083,1
77.19,3.1892388075473512,1
77.2,3.8397289148069986,1
77.21000000000001,4.923509540543562,1
77.22,4.162623099804564,1
77.23,4.017881934012059,1
77.24,5.0633432203792434,1
77.25,3.1350961377441946,1
77.26,3.11397185127188,1
77.27,2.898430349874821,1
77.28,4.175690750719893,1
77.29,4.118567005075754,1
77.3,5.0080860300545895,1
77.31,4.218458839260147,1
77.32000000000001,3.7508786669159093,1
77.33,3.986217285491046,1
77.34,4.0755450172799685,1
77.35000000000001,2.9198455976037074,1
77.36,5.69373235752206,1
77.37,4.438931305714619,1
77.38,4.162595347299478,1
77.39,4.408891919821153,1
77.4,4.484819893365863,1
77.41,3.937894023873236,1
77.42,3.58670612090141,1
77.43,4.364143323699862,1
77.44,4.272108957197773,1
77.45,3.4908463987924883,1
77.46000000000001,4.890162162710765,1
77.47,4.24374502203312,1
77.48,4.488152628255886,1
77.49,4.932407718911822,1
77.5,4.070146563880579,1
77.51,4.209856430171769,1
77.52,4.538160504472758,1
77.53,3.561978777922099,1
77.54,4.008789010060616,1
77.55,4.081986897639338,1
77.56,3.3846007523154795,1
77.57000000000001,5.466825877859906,1
77.58,3.1749168322838157,1
77.59,3.108247623477077,1
77.60000000000001,4.799203100145189,1
77.61,4.510739975088695,1
77.62,3.3649687282692216,1
77.63,4.3559248147356,1
77.64,4.973739344676782,1
77.65,4.0387888129444445,1
77.66,5.688518849534624,1
77.67,2.982689924938815,1
77.68,4.389134135149594,1
77.69,4.780225397928886,1
77.7,4.625143247275873,1
77.71000000000001,3.904916684291846,1
77.72,3.8058481606708416,1
77.73,4.2765251324681985,1
77.74,4.545876630983411,1
77.75,4.423654801973058,1
77.76,4.700238952245127,1
77.77,3.380942017696685,1
77.78,3.8150721169525452,1
77.79,3.3789947813997987,1
77.8,3.712218541686259,1
77.81,4.641437812780862,1
77.82000000000001,4.1085493621388,1
77.83,5.697918642579908,1
77.84,4.227362767754184,1
77.85000000000001,4.052371585972856,1
77.86,4.072036846766439,1
77.87,3.590493469441857,1
77.88,3.937903539969381,1
77.89,4.728015728325788,1
77.9,4.117628412073269,1
77.91,3.4922380652045146,1
77.92,3.369312605478584,1
77.93,3.670054737876995,1
77.94,4.028128018502918,1
77.95,4.776121173809189,1
77.96000000000001,3.1768194393317986,1
77.97,3.743096619861983,1
77.98,4.078218314869188,1
77.99,2.814931720056764,1
78.0,3.3880332086288703,1
78.01,3.5221506284949022,1
78.02,3.454880419713164,1
78.03,4.091796316254967,1
78.04,3.901332056916527,1
78.05,3.633794227235491,1
78.06,4.25570219316264,1
78.07000000000001,5.133322882969214,1
78.08,5.131596449484537,1
78.09,2.8203458064331848,1
78.10000000000001,4.303641884670485,1
78.11,3.9027118495848194,1
78.12,4.094831988413097,1
78.13,3.7472723588000165,1
78.14,4.061131248213507,1
78.15,4.101905375966606,1
78.16,3.6304736645733158,1
78.17,3.396239209396822,1
78.18,3.672647606138739,1
78.19,4.132353047805786,1
78.2,4.396587347362302,1
78.21000000000001,4.577472757611787,1
78.22,3.7140035741110973,1
78.23,4.167006785622158,1
78.24,4.634519948530716,1
78.25,4.794342903142531,1
78.26,4.009488115505155,1
78.27,3.8572223888985455,1
78.28,4.115440278357087,1
78.29,3.2609629298874414,1
78.3,3.830038320986688,1
78.31,4.472911506716573,1
78.32000000000001,4.444888569210133,1
78.33,3.851335869518394,1
78.34,4.13234202291163,1
78.35000000000001,3.472883511007267,1
78.36,4.42481907907964,1
78.37,3.974996344430158,1
78.38,3.819454491362901,1
78.39,3.754470374491659,1
78.4,3.9444608611555845,1
78.41,3.7060716717741147,1
78.42,4.409386552081115,1
78.43,3.768091785650015,1
78.44,5.019646721147139,1
78.45,5.011849788592568,1
78.46000000000001,3.482251765282194,1
78.47,4.01416125351972,1
78.48,3.5786848259670787,1
78.49,3.7627826957147663,1
78.5,5.284999863214774,1
78.51,3.8775387536826305,1
78.52,4.226377404855576,1
78.53,4.3648075684430685,1
78.54,3.372651153921883,1
78.55,3.407548374614327,1
78.56,3.1819506794687378,1
78.57000000000001,3.3760735841034695,1
78.58,2.113382385713778,1
78.59,4.2401437677699585,1
78.60000000000001,5.347229049119957,1
78.61,4.176744117120218,1
78.62,3.0916884170428065,1
78.63,3.5284493825701926,1
78.64,3.6739743836656777,1
78.65,3.3202000054704373,1
78.66,4.51732339419177,1
78.67,4.5567595735004955,1
78.68,3.2837150059130398,1
78.69,4.4274764695359,1
78.7,5.016288838046808,1
78.71000000000001,5.295412163573871,1
78.72,5.936757224242064,1
78.73,3.530966494228047,1
78.74,5.804293949642472,1
78.75,3.8784382795745955,1
78.76,3.608297560351553,1
78.77,4.188711877584543,1
78.78,3.633664471271816,1
78.79,4.23693125710046,1
78.8,3.1577115862554312,1
78.81,3.79455309623855,1
78.82000000000001,4.82179615073492,1
78.83,4.012284751518756,1
78.84,4.092608530032214,1
78.85000000000001,4.313918050950518,1
78.86,4.778394233076636,1
78.87,2.9727459500707396,1
78.88,4.317620880943695,1
78.89,3.8450808180022795,1
78.9,4.098824338909055,1
78.91,4.693655810840376,1
78.92,3.2667964833619862,1
78.93,3.298974764298492,1
78.94,2.702175506781237,1
78.95,3.5658203135298723,1
78.96000000000001,4.837172233342452,1
78.97,3.971989875710692,1
78.98,3.128807570192264,1
78.99,3.632606026711258,1
79.0,3.0125886220716827,1
79.01,3.2107020058965245,1
79.02,4.204919083735255,1
79.03,3.2506521530355657,1
79.04,4.6769484717096255,1
79.05,3.994472005027902,1
79.06,4.055204641768175,1
79.07000000000001,3.8226958395886137,1
79.08,4.490807798180707,1
79.09,4.537585271722088,1
79.10000000000001,4.249648078005772,1
79.11,4.381430404470561,1
79.12,3.8852759074670877,1
79.13,4.344913559451047,1
79.14,3.801469932933549,1
79.15,3.989536137029507,1
79.16,3.8211753540420377,1
79.17,3.692613898695737,1
79.18,3.534441153149727,1
79.19,4.275517345909606,1
79.2,4.8668900926075835,1
79.21000000000001,4.811858262439725,1
79.22,3.2334155343752715,1
79.23,4.790477187926958,1
79.24,3.840998186296157,1
79.25,4.380232859681621,1
79.26,3.4348352336549652,1
79.27,4.058210791763604,1
79.28,4.207045329318333,1
79.29,3.049168158726985,1
79.3,4.337611433401883,1
79.31,4.893538277313445,1
79.32000000000001,3.9402956542782577,1
79.33,4.878934192740916,1
79.34,3.9296574223153344,1
79.35000000000001,4.547014480391451,1
79.36,2.593348458184172,1
79.37,5.4849739424751105,1
79.38,5.059395032251077,1
79.39,3.8788904362615026,1
79.4,2.7131849833744557,1
79.41,4.109672241369085,1
79.42,3.0697196449708697,1
79.43,4.232817030195824,1
79.44,4.281004773216567,1
79.45,3.406050661335308,1
79.46000000000001,4.691678891104086,1
79.47,4.564180918087482,1
79.48,4.6669932816224655,1
79.49,4.045766731424848,1
79.5,3.0843130167857495,1
79.51,4.579530615828755,1
79.52,3.8593470472631513,1
79.53,3.0898312386067115,1
79.54,4.822632149875637,1
79.55,5.41151429585587,1
79.56,4.057927877738414,1
79.57000000000001,5.404375973749353,1
79.58,4.1435101974619855,1
79.59,3.7617598088902753,1
79.60000000000001,3.5766458947746718,1
79.61,5.03678520550671,1
79.62,3.5560271807431016,1
79.63,4.450425641600301,1
79.64,3.6642238572562995,1
79.65,3.6811930802517083,1
79.66,4.649327406943309,1
79.67,3.792380738339423,1
79.68,3.724899885289611,1
79.69,4.718490469789999,1
79.7,5.079547028854499,1
79.71000000000001,4.483066226713115,1
79.72,3.6041503908011236,1
79.73,3.644951449489559,1
79.74,4.030548423239236,1
79.75,4.210061618924561,1
79.76,3.371647700758913,1
79.77,4.43142680565065,1
79.78,4.081369131801116,1
79.79,2.8916809294262382,1
79.8,3.3307864660748234,1
79.81,3.6327539124442545,1
79.82000000000001,3.9306930573534657,1
79.83,5.221660351328477,1
79.84,4.2278320583954505,1
79.85000000000001,3.468152785110796,1
79.86,4.1112408191219005,1
79.87,3.7782297273840633,1
79.88,4.19740632961223,1
79.89,4.388533499715387,1
79.9,4.807895855204214,1
79.91,4.032715969946486,1
79.92,5.06536798838046,1
79.93,4.653073465563372,1
79.94,3.5801771543510563,1
79.95,5.4086289496926145,1
79.96000000000001,4.296681242080188,1
79.97,3.475947923585074,1
79.98,5.0410147067874975,1
79.99,5.410583121164657,1
80.0,4.063207240249057,1
80.01,3.6770095672759417,1
80.02,3.8687787122301835,1
80.03,4.455865355528853,1
80.04,4.856462306804609,1
80.05,4.421536431485589,1
80.06,4.091293147934095,1
80.07000000000001,4.977430985550537,1
80.08,3.855668500334107,1
80.09,4.660230416816171,1
80.10000000000001,3.852710343432063,1
80.11,4.270822791766153,1
80.12,3.942566688390093,1
80.13,3.9603154885512315,1
80.14,3.7527596332929827,1
80.15,4.857745800362468,1
80.16,3.5759211198792267,1
80.17,3.494271155642338,1
80.18,5.345818287230399,1
80.19,4.715204901077415,1
80.2,2.4953814889973085,1
80.21000000000001,3.5429666578692127,1
80.22,2.7969068690487293,1
80.23,3.3109787724176076,1
80.24,1.9222995662705267,1
80.25,3.7864551707913323,1
80.26,3.2462624043551003,1
80.27,3.993644008834503,1
80.28,2.94519292846921,1
80.29,3.99050718593808,1
80.3,3.73022074011852,1
80.31,4.958323802400733,1
80.32000000000001,4.973228611910562,1
80.33,4.567948675854974,1
80.34,3.8221604457896547,1
80.35000000000001,5.277501894226981,1
80.36,3.0689958726292184,1
80.37,3.0334702873515047,1
80.38,3.8876473169228336,1
80.39,5.455744007442591,1
80.4,3.9560613009492833,1
80.41,3.878468860210826,1
80.42,3.057154956327391,1
80.43,4.557175792329811,1
80.44,4.651878891130982,1
80.45,4.5510875639969885,1
80.46000000000001,3.6248086684409486,1
80.47,3.51895671308774,1
80.48,3.1321222571692497,1
80.49,4.002346242270627,1
80.5,3.2991412268018085,1
80.51,3.1940065645635016,1
80.52,3.676737592971856,1
80.53,3.6632255704442267,1
80.54,3.6307374928844798,1
80.55,4.280487005288681,1
80.56,4.068117722398986,1
80.57000000000001,3.817123090043114,1
80.58,4.107771470618647,1
80.59,3.3631348441187545,1
80.60000000000001,4.030095909140055,1
80.61,4.099521011110267,1
80.62,3.030750952473346,1
80.63,4.587879985439505,1
80.64,3.463373097988068,1
80.65,4.0263979976306175,1
80.66,4.757087921131769,1
80.67,4.646031149479285,1
80.68,4.061038365255595,1
80.69,3.7684624562754436,1
80.7,4.600880899487607,1
80.71000000000001,4.4738144846853105,1
80.72,3.627215745438945,1
80.73,3.46188293827528,1
80.74,2.6231089498835107,1
80.75,4.017326854344433,1
80.76,3.9473829205982023,1
80.77,4.7340368262773005,1
80.78,4.277007547112403,1
80.79,4.882306973403867,1
80.8,3.600468322054681,1
80.81,4.714492977930586,1
80.82000000000001,3.699693322375078,1
80.83,4.4865084318293516,1
80.84,3.082705836927826,1
80.85000000000001,4.097524938459283,1
80.86,2.718128512905872,1
80.87,3.749761177574011,1
80.88,4.270700087972962,1
80.89,3.6782225297526616,1
80.9,3.299139013225739,1
80.91,4.5069344946567265,1
80.92,3.9632864168858872,1
80.93,3.680149578548159,1
80.94,4.007992261039425,1
80.95,5.7112267936095,1
80.96000000000001,4.851099644810547,1
80.97,4.805377425420364,1
80.98,4.330917704219367,1
80.99,4.127875526034133,1
81.0,2.453024988051052,1
81.01,3.4666393973435365,1
81.02,3.656187774280243,1
81.03,2.762887026363883,1
81.04,3.1748083553738944,1
81.05,2.6652644634774516,1
81.06,3.895050253920923,1
81.07000000000001,4.524942076385136,1
81.08,4.7496038679660515,1
81.09,4.314100397052843,1
81.10000000000001,3.393766592049791,1
81.11,2.710046196855391,1
81.12,2.782695506898868,1
81.13,3.1036091034632047,1
81.14,3.3694986459891125,1
81.15,3.858520469326104,1
81.16,3.33349212835375,1
81.17,4.179946899204443,1
81.18,3.860091042156127,1
81.19,3.998447825553629,1
81.2,4.739734432772938,1
81.21000000000001,3.2786155548912235,1
81.22,4.228384583135587,1
81.23,4.004636839896359,1
81.24,3.7839026585067836,1
81.25,4.561414084321263,1
81.26,4.604014671688753,1
81.27,3.422130255592987,1
81.28,3.8471367558721834,1
81.29,4.173286484713238,1
81.3,3.8332625087580303,1
81.31,4.36957452441496,1
81.32000000000001,4.204619991816253,1
81.33,5.2012959759209085,1
81.34,3.079188361080894,1
81.35000000000001,3.8653112875947357,1
81.36,3.4024559510902335,1
81.37,4.356109760105171,1
81.38,2.9720986541421617,1
81.39,4.163023629698577,1
81.4,3.600987758708056,1
81.41,3.4997137963943,1
81.42,3.0314529242908392,1
81.43,3.6401324398923163,1
81.44,4.682063281422943,1
81.45,4.024580649922479,1
81.46000000000001,4.408732062384975,1
81.47,5.104591721059359,1
81.48,4.2374077611283125,1
81.49,3.6516791288039774,1
81.5,4.282267509601078,1
81.51,3.6637809561407906,1
81.52,3.65254281988007,1
81.53,2.9930021273504392,1
81.54,4.540562798472586,1
81.55,3.781984123943721,1
81.56,4.105069660173949,1
81.57000000000001,3.334142094308493,1
81.58,4.242903966365787,1
81.59,3.520204708214326,1
81.60000000000001,3.8792675620795496,1
81.61,4.56231499155526,1
81.62,4.546806429877406,1
81.63,4.018514637080994,1
81.64,2.8538962854746117,1
81.65,5.8730559021860245,1
81.66,5.245147188107419,1
81.67,4.543601175569282,1
81.68,3.543915655478912,1
81.69,3.8989330568799834,1
81.7,3.641349079214937,1
81.71000000000001,4.798507260475586,1
81.72,4.218229909385716,1
81.73,3.504305585557732,1
81.74,3.664818800767733,1
81.75,4.707348447848688,1
81.76,5.080630704880753,1
81.77,5.056463598393155,1
81.78,4.554572132079683,1
81.79,3.869364000793458,1
81.8,1.888973844231196,1
81.81,4.066144455427348,1
81.82000000000001,4.00278211565398,1
81.83,4.090991362828355,1
81.84,4.040429640588963,1
81.85000000000001,3.141908498971391,1
81.86,4.310177315869932,1
81.87,4.428810883060697,1
81.88,4.468449805148452,1
81.89,4.642273546993653,1
81.9,4.4304626043802315,1
81.91,3.7597888057139155,1
81.92,3.939626331035206,1
81.93,4.0555020313545285,1
81.94,4.073208641833005,1
81.95,4.652065027214636,1
81.96000000000001,4.456754819650502,1
81.97,5.375245841686283,1
81.98,5.514135691116339,1
81.99,4.142527096132055,1
82.0,1.5192184535477233,1
82.01,4.653645811476051,1
82.02,3.6886069387064166,1
82.03,3.4612904488059018,1
82.04,3.7091545994767943,1
82.05,3.6927543390674917,1
82.06,4.378823635351508,1
82.07000000000001,3.010922346598919,1
82.08,3.241398926191235,1
82.09,4.177135138293536,1
82.10000000000001,4.414812226407223,1
82.11,4.441139522306193,1
82.12,3.5158164527223947,1
82.13,3.336221917922045,1
82.14,3.631453970317629,1
82.15,4.133523623042268,1
82.16,4.97183213185805,1
82.17,2.72987341850867,1
82.18,3.7805771985799175,1
82.19,3.122154284866467,1
82.2,2.875306383694987,1
82.21000000000001,4.559907843178525,1
82.22,4.38696265873883,1
82.23,4.314823233569122,1
82.24,4.6164776180169484,1
82.25,3.7257331513475536,1
82.26,3.7028362457473456,1
82.27,5.400335465066431,1
82.28,3.9240376908764714,1
82.29,4.472417254874847,1
82.3,4.032485563783832,1
82.31,2.8027455014835754,1
82.32000000000001,2.60155025043111,1
82.33,3.540431294372524,1
82.34,4.657654938702523,1
82.35000000000001,4.550925740328677,1
82.36,4.626135266623497,1
82.37,3.397143984952854,1
82.38,5.012253482279867,1
82.39,3.434684506842489,1
82.4,4.104167700491196,1
82.41,3.999533196689262,1
82.42,3.887157624386079,1
82.43,4.861746782473091,1
82.44,3.594208691969964,1
82.45,3.0999895671527735,1
82.46000000000001,3.9589730242512453,1
82.47,3.73811922322504,1
82.48,6.17563094998175,1
82.49,4.569475489289937,1
82.5,3.768576515751536,1
82.51,3.3008788356011864,1
82.52,2.7380671842223605,1
82.53,3.259092213157604,1
82.54,4.030123081307896,1
82.55,4.927899528204176,1
82.56,4.783458354678292,1
82.57000000000001,4.195650859225754,1
82.58,3.8020585159252676,1
82.59,4.162536748596347,1
82.60000000000001,3.6732448601189187,1
82.61,5.095318990276989,1
82.62,3.94296707367657,1
82.63,3.940559522932149,1
82.64,2.5587438448201256,1
82.65,3.786720845383999,1
82.66,4.529938371551987,1
82.67,3.3390269889734,1
82.68,3.4732525366440696,1
82.69,4.482729005604183,1
82.7,3.0708657917262583,1
82.71000000000001,4.6305838593530595,1
82.72,3.6925646726585866,1
82.73,3.729439571758698,1
82.74,3.2545615342868475,1
82.75,4.200561048409757,1
82.76,5.608069808033039,1
82.77,4.60354221796004,1
82.78,3.4754392383069668,1
82.79,4.705349860817066,1
82.8,3.8368501359256557,1
82.81,4.882016648711422,1
82.82000000000001,4.576315997976314,1
82.83,2.124983522672636,1
82.84,3.2360230823134266,1
82.85000000000001,4.566905852839427,1
82.86,4.13241397907301,1
82.87,3.343702347152913,1
82.88,3.5495309238646984,1
82.89,2.736150360107681,1
82.9,3.8668298746856613,1
82.91,5.426369275356073,1
82.92,4.607846239306246,1
82.93,5.457676726569276,1
82.94,4.659985376522187,1
82.95,4.706257461051232,1
82.96000000000001,5.323214840177711,1
82.97,4.32417221299479,1
82.98,3.897971827272419,1
82.99,4.663896396796126,1
83.0,4.9831274112039665,1
83.01,3.7475726918558214,1
83.02,3.5166794549996587,1
83.03,4.061094580342924,1
83.04,4.543166207503961,1
83.05,4.55041454564733,1
83.06,3.1089837110630585,1
83.07000000000001,5.1868443706038585,1
83.08,3.655204297460349,1
83.09,3.807330415533383,1
83.10000000000001,3.402771548750897,1
83.11,5.714920145079901,1
83.12,4.259957666347464,1
83.13,3.463460196075564,1
83.14,4.528346217333995,1
83.15,4.530738329368685,1
83.16,3.9100415730859615,1
83.17,4.540012461084652,1
83.18,3.496927435319411,1
83.19,3.6499960017631694,1
83.2,2.674713008700588,1
83.21000000000001,3.0614649951834254,1
83.22,5.116531088485166,1
83.23,5.131998270291653,1
83.24,4.110605475719981,1
83.25,5.085594385197537,1
83.26,3.9612747028283097,1
83.27,3.839744832328012,1
83.28,4.027050434370523,1
83.29,3.9205702791481922,1
83.3,3.855608613143872,1
83.31,4.733206304480184,1
83.32000000000001,4.1414047362471615,1
83.33,4.470763075795633,1
83.34,4.697435322760447,1
83.35000000000001,4.293712299663218,1
83.36,3.3880826171296574,1
83.37,3.0855064094290294,1
83.38,4.041663566899122,1
83.39,3.891383766412605,1
83.4,4.050185114621809,1
83.41,3.9925947815270493,1
83.42,5.6758530594064815,1
83.43,3.237461885371865,1
83.44,2.6631129740679453,1
83.45,4.135442488712391,1
83.46000000000001,3.7638927003173155,1
83.47,4.19090754451603,1
83.48,4.39029465808148,1
83.49,4.856581974256187,1
83.5,3.0734631793876894,1
83.51,3.583193104378128,1
83.52,4.253184301562181,1
83.53,4.515090140121677,1
83.54,5.4540789662516955,1
83.55,4.707333137381103,1
83.56,4.005593903480245,1
83.57000000000001,3.4225951439474147,1
83.58,3.599228118766346,1
83.59,3.5913909397487367,1
83.60000000000001,4.400618000367766,1
83.61,4.1907844615349985,1
83.62,3.152624912960071,1
83.63,3.666332004419977,1
83.64,4.549358173646454,1
83.65,4.261130205228103,1
83.66,4.384620898658231,1
83.67,4.271527943111961,1
83.68,5.07156701440173,1
83.69,4.217445592963518,1
83.7,3.7625839708506903,1
83.71000000000001,3.391586660942049,1
83.72,4.125449041113794,1
83.73,2.4239275312581827,1
83.74,3.785863613222781,1
83.75,3.853596957621003,1
83.76,3.1059076328846205,1
83.77,3.3440687131052393,1
83.78,4.485973363964932,1
83.79,4.178850862612455,1
83.8,4.076774268939593,1
83.81,4.203373603411576,1
83.82000000000001,4.072301876380783,1
83.83,4.810743318146893,1
83.84,4.128729024848188,1
83.85000000000001,3.061592865120412,1
83.86,5.0013710773931175,1
83.87,4.300369749622734,1
83.88,3.6356973084291697,1
83.89,3.1648985238374587,1
83.9,4.206774517764673,1
83.91,3.936381882683066,1
83.92,5.017534911575458,1
83.93,3.836617438676948,1
83.94,3.446880151903665,1
83.95,4.548031324417098,1
83.96000000000001,4.63323155383692,1
83.97,4.147419782166465,1
83.98,4.447685216684069,1
83.99,4.0024086182059895,1
84.0,4.151882963875971,1
84.01,4.764992783218005,1
84.02,4.451624202008144,1
84.03,3.917267296864682,1
84.04,4.8724880018783345,1
84.05,2.5179626632695475,1
84.06,5.242522321714597,1
84.07000000000001,2.9676756993806155,1
84.08,3.5311845659858454,1
84.09,3.9453225927624285,1
84.10000000000001,3.9016784564996048,1
84.11,4.647089320827726,1
84.12,3.3524703419082913,1
84.13,4.130341279619202,1
84.14,3.6326597310449835,1
84.15,4.169455594142072,1
84.16,3.9681412186521037,1
84.17,4.058387814611633,1
84.18,3.6466961199443837,1
84.19,3.6478575125221173,1
84.2,4.165262172984061,1
84.21000000000001,4.6222256664535575,1
84.22,3.649152590704299,1
84.23,3.4152676259596175,1
84.24,4.362946769711505,1
84.25,4.000687339538416,1
84.26,4.538892468554198,1
84.27,3.444626097686837,1
84.28,2.8121260850082703,1
84.29,3.5828990889549486,1
84.3,3.4777421902929953,1
84.31,3.917544336907336,1
84.32000000000001,3.5818490516471932,1
84.33,4.455704189935918,1
84.34,3.8403820205981725,1
84.35000000000001,4.0880551315398606,1
84.36,4.107561172156985,1
84.37,4.132946177281155,1
84.38,3.9923211053541596,1
84.39,4.33083177364767,1
84.4,3.503605825275004,1
84.41,4.878199206621823,1
84.42,3.899219651469512,1
84.43,3.142982135498129,1
84.44,4.070606365948336,1
84.45,3.4519658474405133,1
84.46000000000001,4.39880625501064,1
84.47,5.457584430292009,1
84.48,3.577104325406685,1
84.49,4.190279049870653,1
84.5,2.872393903755291,1
84.51,4.226850485419267,1
84.52,3.438934278740323,1
84.53,3.5609252703834104,1
84.54,3.2591089647669897,1
84.55,4.430587445541023,1
84.56,4.679403470386799,1
84.57000000000001,4.055937212381032,1
84.58,3.4424911654033377,1
84.59,4.997878024652135,1
84.60000000000001,3.5729848698954743,1
84.61,2.57158995575898,1
84.62,4.2117114551215655,1
84.63,3.295892901234913,1
84.64,4.599191574677069,1
84.65,3.7886583248100423,1
84.66,4.379026124493992,1
84.67,4.932075558880816,1
84.68,3.27158191162581,1
84.69,3.5890985230675247,1
84.7,3.9262483291373593,1
84.71000000000001,4.993182700114907,1
84.72,3.6324131976533107,1
84.73,3.59221358595836,1
84.74,4.285764260405039,1
84.75,3.642623150439908,1
84.76,4.077520596727351,1
84.77,2.9979688476732136,1
84.78,5.376599491593452,1
84.79,3.2081632112919864,1
84.8,3.7437273251643752,1
84.81,3.96354900328867,1
84.82000000000001,5.238820364717948,1
84.83,3.2147309314198713,1
84.84,5.2399685174990225,1
84.85000000000001,4.565676349139983,1
84.86,4.304564100300212,1
84.87,3.3794150095599096,1
84.88,4.333337870148448,1
84.89,3.550581210190071,1
84.9,4.794881357323585,1
84.91,3.417639729466464,1
84.92,3.891637877180906,1
84.93,3.6332210206926687,1
84.94,3.3372597792677055,1
84.95,4.44122534154239,1
84.96000000000001,4.373894654719077,1
84.97,4.806874491251612,1
84.98,2.8935779806060653,1
84.99,4.624079433042975,1
85.0,5.663052536248055,1
85.01,3.806745340720243,1
85.02,5.218031995246221,1
85.03,3.9023352691729363,1
85.04,3.1036809538830603,1
85.05,3.7479176820377464,1
85.06,4.664980135518989,1
85.07000000000001,3.496065645292071,1
85.08,3.5802468398914016,1
85.09,4.359920374123721,1
85.10000000000001,4.0235807147627956,1
85.11,4.380735136429177,1
85.12,4.177154798229676,1
85.13,4.321824078021834,1
85.14,3.7388199223268863,1
85.15,4.134682938004297,1
85.16,3.406374527280048,1
85.17,4.800355499757466,1
85.18,3.636485534569063,1
85.19,4.710618056599966,1
85.2,3.8910661253333925,1
85.21000000000001,4.124526772580985,1
85.22,3.68632427893839,1
85.23,3.321972212904802,1
85.24,2.827267291031507,1
85.25,3.2449111769034573,1
85.26,3.7445332310734654,1
85.27,4.122145337952675,1
85.28,4.662892064265931,1
85.29,3.7505531814453663,1
85.3,3.412791518587375,1
85.31,3.0286923784324618,1
85.32000000000001,4.2532007134917125,1
85.33,4.912648681059195,1
85.34,4.876390652770241,1
85.35000000000001,4.513208355238762,1
85.36,4.445097888257925,1
85.37,5.128173319461514,1
85.38,4.283154463466134,1
85.39,4.436216903900746,1
85.4,3.818039159543404,1
85.41,3.105349186080022,1
85.42,3.5026199904456443,1
85.43,3.964214550116165,1
85.44,4.037292182124521,1
85.45,5.2520675500949725,1
85.46000000000001,4.127859031914554,1
85.47,4.7725392901404655,1
85.48,3.7640616497193076,1
85.49,3.783619362808892,1
85.5,3.1247185384785685,1
85.51,3.4658392107955875,1
85.52,4.309871132893781,1
85.53,4.023497531843521,1
85.54,4.613215721952889,1
85.55,4.1543957514171606,1
85.56,3.780581562189841,1
85.57000000000001,5.380712081624619,1
85.58,4.021915371468236,1
85.59,4.755903614612641,1
85.60000000000001,3.7850380706298363,1
85.61,4.447510965889969,1
85.62,4.628974079117369,1
85.63,4.173014070077484,1
85.64,2.4827241732146836,1
85.65,3.920806175315638,1
85.66,4.793606465295138,1
85.67,4.389861220371731,1
85.68,4.312664840322011,1
85.69,2.9013097407679442,1
85.7,3.4666264809477987,1
85.71000000000001,4.2348983267358244,1
85.72,4.280362448168603,1
85.73,4.804932712492155,1
85.74,3.954302218827982,1
85.75,4.260568547182553,1
85.76,4.026258194950052,1
85.77,3.3612184770982703,1
85.78,2.498050398905234,1
85.79,4.1895345878070875,1
85.8,4.1242340590060556,1
85.81,3.606364183087162,1
85.82000000000001,2.925815504791173,1
85.83,4.3441421551092825,1
85.84,3.848111888085257,1
85.85000000000001,4.352203151952276,1
85.86,5.230580830720008,1
85.87,2.684412510760107,1
85.88,3.4671434959439176,1
85.89,3.8321796514417326,1
85.9,4.933864110962416,1
85.91,2.994286201947015,1
85.92,5.19569983927,1
85.93,4.15988923165511,1
85.94,3.9473053458175946,1
85.95,3.8683314135129123,1
85.96000000000001,3.709039801855138,1
85.97,4.662590879369885,1
85.98,3.3464682590730814,1
85.99,4.184902814643058,1
86.0,3.7618259839910406,1
86.01,3.4912153176143876,1
86.02,5.647328464351472,1
86.03,4.370731954034692,1
86.04,4.420148353650948,1
86.05,4.763431409579948,1
86.06,3.12359289893536,1
86.07000000000001,5.084353284839604,1
86.08,2.4371771576655292,1
86.09,3.4074327306060748,1
86.10000000000001,3.6666129275600614,1
86.11,4.3574357328876285,1
86.12,4.163356885868011,1
86.13,3.9015671809175583,1
86.14,3.9863098063962425,1
86.15,3.3646089417477967,1
86.16,2.9904288214216685,1
86.17,4.410807498808731,1
86.18,4.474745055135024,1
86.19,5.056550517258653,1
86.2,3.550807071497687,1
86.21000000000001,4.422566986338868,1
86.22,3.8412768818975787,1
86.23,4.762891241725266,1
86.24,4.7088525048273935,1
86.25,4.179569921983721,1
86.26,3.7904772019396837,1
86.27,4.610909243875736,1
86.28,4.45638493403773,1
86.29,3.5832983519726436,1
86.3,3.1134836884990893,1
86.31,3.759600523733839,1
86.32000000000001,4.968820378626867,1
86.33,4.8020032764894385,1
86.34,3.32640993783689,1
86.35000000000001,3.2019097839787865,1
86.36,4.779166364562689,1
86.37,3.309916535771686,1
86.38,4.2890405397294735,1
86.39,3.6176175956304264,1
86.4,5.026242608295063,1
86.41,3.5617006467939447,1
86.42,4.715548094319377,1
86.43,4.162874531165815,1
86.44,4.173403793102511,1
86.45,2.7320109892258033,1
86.46000000000001,2.4946067122456625,1
86.47,3.7665668363860374,1
86.48,4.1461938108486365,1
86.49,3.2787107090506744,1
86.5,3.2503468454860007,1
86.51,4.319320504841955,1
86.52,4.384355509090509,1
86.53,3.9336909436369316,1
86.54,4.5022389163408345,1
86.55,3.268277898113968,1
86.56,3.7251557971089273,1
86.57000000000001,5.052700036441605,1
86.58,4.107491377682355,1
86.59,4.0884046982533935,1
86.60000000000001,5.501469172726347,1
86.61,3.1821544490615192,1
86.62,4.467676341577956,1
86.63,5.10770304308398,1
86.64,3.8556849568275084,1
86.65,4.549094434020442,1
86.66,3.395782991597924,1
86.67,3.518175123713692,1
86.68,4.22086786104606,1
86.69,4.531385243769384,1
86.7,4.759179169495145,1
86.71000000000001,5.063971210432974,1
86.72,4.020076993187972,1
86.73,4.775654475559255,1
86.74,3.824441978055712,1
86.75,4.574769472765327,1
86.76,4.169110906196485,1
86.77,4.299315380678275,1
86.78,4.292743089984096,1
86.79,2.9763855266947252,1
86.8,3.209220331752832,1
86.81,4.019085074131041,1
86.82000000000001,2.906389599114436,1
86.83,4.4736971991916405,1
86.84,4.593912570154128,1
86.85000000000001,4.247912478900835,1
86.86,3.287450549920233,1
86.87,4.852721124793153,1
86.88,5.372964497803209,1
86.89,4.1778055726686665,1
86.9,4.341918465397031,1
86.91,4.151408986501097,1
86.92,4.353203420601871,1
86.93,3.9436190232967014,1
86.94,3.9741908621217523,1
86.95,4.586107247016808,1
86.96000000000001,5.55707528538611,1
86.97,3.1850177750409765,1
86.98,3.883744521759038,1
86.99,3.227107739939793,1
87.0,4.986578299912959,1
87.01,3.6778532913655404,1
87.02,3.0442807488819446,1
87.03,4.356731042172578,1
87.04,5.153163403035899,1
87.05,4.499751309211258,1
87.06,4.162863869228287,1
87.07000000000001,4.275234305475818,1
87.08,4.934503633074698,1
87.09,3.4888644278137275,1
87.10000000000001,3.896762227111975,1
87.11,3.7000872621119685,1
87.12,3.2242604203773713,1
87.13,3.740396252058193,1
87.14,4.703145285295159,1
87.15,4.409816591350939,1
87.16,4.442636297583323,1
87.17,4.121595794446947,1
87.18,4.3468433655605185,1
87.19,3.5013644146504017,1
87.2,3.769262892094738,1
87.21000000000001,4.1107336800528635,1
87.22,4.18670434277012,1
87.23,4.2189494087091015,1
87.24,3.923381029421704,1
87.25,3.7505196345537337,1
87.26,6.033884588518955,1
87.27,4.710382905038266,1
87.28,4.310685015295498,1
87.29,3.8673286770380444,1
87.3,3.6992758851268817,1
87.31,3.897089341861256,1
87.32000000000001,4.183821190190971,1
87.33,2.790948261027854,1
87.34,2.90919150004329,1
87.35000000000001,3.521323761434359,1
87.36,4.105677487939776,1
87.37,3.851093305619016,1
87.38,4.950113434197668,1
87.39,3.0951848625252847,1
87.4,3.4582164033028544,1
87.41,4.953772504961144,1
87.42,4.142300363408911,1
87.43,4.582649501383257,1
87.44,5.365867360424787,1
87.45,3.631791653052303,1
87.46000000000001,3.9134694821601967,1
87.47,3.818049710181684,1
87.48,2.720886465411543,1
87.49,3.7218587571811947,1
87.5,4.554970175036853,1
87.51,4.384048352648516,1
87.52,4.4247219808823,1
87.53,3.7818422230689137,1
87.54,3.561215655863356,1
87.55,4.7972027580123875,1
87.56,3.725158406029193,1
87.57000000000001,4.174318443364905,1
87.58,4.1164353751642,1
87.59,4.955390432203153,1
87.60000000000001,4.687603881218165,1
87.61,3.2008549483935407,1
87.62,3.181532428454413,1
87.63,4.326505392273282,1
87.64,3.9778461956571354,1
87.65,3.7033421433172746,1
87.66,4.641169297185644,1
87.67,4.160099230961046,1
87.68,4.04364182485586,1
87.69,4.50859390383147,1
87.7,3.7871340607430124,1
87.71000000000001,5.00492856235857,1
87.72,3.548987605670423,1
87.73,4.399173849460704,1
87.74,4.954262679125513,1
87.75,3.163626581351678,1
87.76,3.7270517949169215,1
87.77,4.724720325506744,1
87.78,4.794336978657828,1
87.79,3.9363889092302218,1
87.8,3.519507463847755,1
87.81,4.591409279017345,1
87.82000000000001,4.803405472443499,1
87.83,3.2925370365343007,1
87.84,3.1764181993413194,1
87.85000000000001,4.096738147308697,1
87.86,4.414151684713862,1
87.87,3.830804422000896,1
87.88,4.430593757952371,1
87.89,3.565078439985719,1
87.9,2.6018302893017227,1
87.91,3.641070531769649,1
87.92,4.019491078824704,1
87.93,3.8221965145333487,1
87.94,3.2375964575220237,1
87.95,2.7762101777593835,1
87.96000000000001,3.593016914039653,1
87.97,4.5580060622251,1
87.98,4.848537623186015,1
87.99,4.821535079503252,1
88.0,3.5199063817824636,1
88.01,3.222636325990285,1
88.02,4.275589092897128,1
88.03,4.428606616132114,1
88.04,4.28535801977138,1
88.05,2.7103389315972892,1
88.06,3.360160525162165,1
88.07000000000001,3.942346685027174,1
88.08,4.312662068357375,1
88.09,4.516610950746526,1
88.10000000000001,4.1245925177340546,1
88.11,4.222097659316518,1
88.12,4.068389025382882,1
88.13,4.448953036837496,1
88.14,4.229933472825223,1
88.15,4.056448504991359,1
88.16,3.8292614654573343,1
88.17,4.042499917483455,1
88.18,4.316966908186005,1
88.19,4.1925637889101885,1
88.2,4.258645030615898,1
88.21000000000001,4.886715510700588,1
88.22,4.225248958916367,1
88.23,3.5924259121247117,1
88.24,4.548855213567568,1
88.25,3.1465022865865135,1
88.26,3.2471378341527437,1
88.27,4.172735696532317,1
88.28,4.345417247005228,1
88.29,3.2128997628783478,1
88.3,3.7043909234181043,1
88.31,3.589018721903643,1
88.32000000000001,3.6595714381336473,1
88.33,4.591807836066207,1
88.34,4.493909664784953,1
88.35000000000001,4.017227556104597,1
88.36,3.6467977521313575,1
88.37,3.103116093343947,1
88.38,4.867644061277898,1
88.39,4.436239280977776,1
88.4,3.567666987527899,1
88.41,4.4409570021903555,1
88.42,3.980894302472861,1
88.43,3.812568700980261,1
88.44,4.2711319588544585,1
88.45,3.535162390246658,1
88.46000000000001,3.749070563489696,1
88.47,4.063751687964736,1
88.48,3.679766710669072,1
88.49,4.41490785380025,1
88.5,5.2375989191319325,1
88.51,3.5848454734772783,1
88.52,2.894709238947818,1
88.53,2.6348955931082987,1
88.54,3.820465650069102,1
88.55,3.558947557564686,1
88.56,4.10840276308926,1
88.57000000000001,4.09253737344881,1
88.58,2.965338747051236,1
88.59,2.7603711642610165,1
88.60000000000001,4.1176323220095385,1
88.61,4.094928087288088,1
88.62,3.7294126425523837,1
88.63,2.90856203433198,1
88.64,4.2403660178092375,1
88.65,4.839667201399553,1
88.66,4.230743085527631,1
88.67,3.4639789947162587,1
88.68,3.9967454742724406,1
88.69,3.1134303704374444,1
88.7,4.633241356143857,1
88.71000000000001,4.0910974546038705,1
88.72,2.8582344634515353,1
88.73,3.7364078397017026,1
88.74,4.284787900530765,1
88.75,3.8009963374461253,1
88.76,3.8090506503470465,1
88.77,3.194115446643832,1
88.78,4.319235117802918,1
88.79,3.598408520089707,1
88.8,2.576740332076735,1
88.81,3.6737218917518124,1
88.82000000000001,4.617021648444104,1
88.83,3.7859702742409502,1
88.84,5.114813180952354,1
88.85000000000001,4.345215612395726,1
88.86,4.240509037820238,1
88.87,3.9311220308411814,1
88.88,3.9515612537018643,1
88.89,3.8261767959330313,1
88.9,3.79344947695496,1
88.91,4.332048949369729,1
88.92,3.4127285473452313,1
88.93,3.2666926549096034,1
88.94,3.2272400992931995,1
88.95,5.280914288166642,1
88.96000000000001,4.420956682722366,1
88.97,4.222820754970746,1
88.98,3.32722311734364,1
88.99,4.364075914423877,1
89.0,3.9462096911171947,1
89.01,4.135731589614799,1
89.02,3.3744843660715906,1
89.03,4.066456135654976,1
89.04,3.7289919006466477,1
89.05,3.4869888346658633,1
89.06,4.445528769533233,1
89.07000000000001,3.029022390890941,1
89.08,4.308184531246109,1
89.09,4.462605487843757,1
89.10000000000001,3.4570180511985416,1
89.11,3.435168232999561,1
89.12,3.8214045764736126,1
89.13,4.172277531502712,1
89.14,3.91115990879802,1
89.15,4.2759774682092795,1
89.16,5.160430876281734,1
89.17,3.7402045168397504,1
89.18,2.8715538599616792,1
89.19,4.46817635870896,1
89.2,5.120273802093597,1
89.21000000000001,4.322055910792859,1
89.22,3.313560529083576,1
89.23,3.878428680401133,1
89.24,3.266975308493095,1
89.25,4.373121770509513,1
89.26,3.1456309797235527,1
89.27,3.7540056146314322,1
89.28,3.333596884519258,1
89.29,4.042303339739954,1
89.3,3.7648451164608225,1
89.31,4.100579075973233,1
89.32000000000001,4.020536431559628,1
89.33,3.3610592497616314,1
89.34,4.368399538822822,1
89.35000000000001,3.9904634058868713,1
89.36,3.35804157097851,1
89.37,5.415460507769018,1
89.38,4.394049312951185,1
89.39,3.9242030755895074,1
89.4,4.913677844696519,1
89.41,5.249843949589415,1
89.42,3.980683724624505,1
89.43,4.224242568131441,1
89.44,3.37240972792689,1
89.45,3.86684166646839,1
89.46000000000001,3.8628529532231104,1
89.47,4.111692306444146,1
89.48,4.2226061687117795,1
89.49,4.376589272012968,1
89.5,4.176784790318719,1
89.51,3.2250422261953258,1
89.52,3.3445979113423765,1
89.53,3.606150795349148,1
89.54,3.793243182198909,1
89.55,4.669367365357498,1
89.56,3.285613565865634,1
89.57000000000001,3.725235585284361,1
89.58,4.601854282513873,1
89.59,3.841542071513846,1
89.60000000000001,4.289223524686031,1
89.61,3.926814494971106,1
89.62,4.162217279667692,1
89.63,3.8614934371957297,1
89.64,4.424500993214931,1
89.65,3.0229927406548818,1
89.66,3.705652217294273,1
89.67,4.174764070002804,1
89.68,4.356762768969083,1
89.69,4.990076641444274,1
89.7,3.805696476376059,1
89.71000000000001,4.948272379425923,1
89.72,3.6293026085179823,1
89.73,4.839822406124922,1
89.74,4.580785677837394,1
89.75,3.4421687740546276,1
89.76,4.1657460708537855,1
89.77,3.976701471131541,1
89.78,4.404499480253058,1
89.79,3.879404899621125,1
89.8,3.79341404949511,1
89.81,4.875913036846296,1
89.82000000000001,3.9885018084017427,1
89.83,4.535516833316807,1
89.84,3.8859164436809888,1
89.85000000000001,5.074534350942923,1
89.86,3.6243489190798073,1
89.87,3.5789868356254892,1
89.88,4.963890084548281,1
89.89,3.769139307642133,1
89.9,5.024971711554405,1
89.91,4.640150285149429,1
89.92,3.938067811141025,1
89.93,2.819766778062263,1
89.94,3.9166517317019136,1
89.95,4.060939624326696,1
89.96000000000001,4.76098102806187,1
89.97,5.0762893673911735,1
89.98,3.620137853192386,1
89.99,4.497038189953613,1
90.0,4.526437364860873,1
90.01,4.72804747325391,1
90.02,4.367247298018313,1
90.03,2.7616861101945567,1
90.04,3.8248585936697608,1
90.05,3.2396349889423894,1
90.06,3.8229216094228735,1
90.07000000000001,4.6252304112899765,1
90.08,4.23550451961464,1
90.09,4.759044856900842,1
90.10000000000001,4.267282527274516,1
90.11,3.173645501804709,1
90.12,2.314820226074384,1
90.13,3.9954406454267173,1
90.14,3.860924755233936,1
90.15,3.357784811810633,1
90.16,2.858050904308468,1
90.17,3.4547603901413875,1
90.18,3.841093918452675,1
90.19,4.422506441028277,1
90.2,4.1477396921285825,1
90.21000000000001,5.0522249571611795,1
90.22,3.3912036102041196,1
90.23,4.535128728117132,1
90.24,4.062796517295811,1
90.25,4.454489226033377,1
90.26,3.7440458753088075,1
90.27,4.679979998994681,1
90.28,4.2323491684643235,1
90.29,3.5730973772899706,1
90.3,3.9665843046417986,1
90.31,3.8425642830317472,1
90.32000000000001,4.307946930192141,1
90.33,3.253003512060976,1
90.34,3.9361359768030333,1
90.35000000000001,4.252654946335155,1
90.36,4.03658577434989,1
90.37,4.876129613170024,1
90.38,4.554776156774349,1
90.39,4.028432811948653,1
90.4,4.142300127261076,1
90.41,4.200374375506236,1
90.42,4.273694919261313,1
90.43,2.8318819437146385,1
90.44,3.7342739282188444,1
90.45,3.020909401011481,1
90.46000000000001,4.770640242742671,1
90.47,4.0067574846911995,1
90.48,3.8749602446561475,1
90.49,4.574365681591279,1
90.5,4.308478493714587,1
90.51,3.286217968254397,1
90.52,3.9111676265246746,1
90.53,3.7772040239205364,1
90.54,2.8547288076281436,1
90.55,3.4834125282185675,1
90.56,3.849918478175797,1
90.57000000000001,3.916411617072396,1
90.58,3.033270046005243,1
90.59,4.6892301681173585,1
90.60000000000001,3.975106390094993,1
90.61,4.022871906520644,1
90.62,4.26132020595854,1
90.63,3.504352527878578,1
90.64,4.266358116310634,1
90.65,3.777812831629585,1
90.66,3.4049381193674537,1
90.67,4.336365619346256,1
90.68,4.9880231134008834,1
90.69,4.529571664580595,1
90.7,4.630628859816167,1
90.71000000000001,3.700037524346212,1
90.72,2.9454203279129367,1
90.73,4.903569576193227,1
90.74,5.387242902956994,1
90.75,5.084252265696037,1
90.76,3.847187499374009,1
90.77,3.2416710699883935,1
90.78,3.2630544835613664,1
90.79,2.8633288433375976,1
90.8,3.8621293748909356,1
90.81,5.033538098206938,1
90.82000000000001,3.9700974698946134,1
90.83,4.194361696706318,1
90.84,4.904188829035087,1
90.85000000000001,3.792062594845903,1
90.86,5.308235483472656,1
90.87,5.3710226419651885,1
90.88,3.9971925269511623,1
90.89,3.6251106043341914,1
90.9,4.429894862383289,1
90.91,3.8003094498924357,1
90.92,3.2376120655534693,1
90.93,4.7855614479202835,1
90.94,4.83639996193225,1
90.95,4.1510844275367065,1
90.96000000000001,3.1896818596863676,1
90.97,3.1536286910306486,1
90.98,4.018791187550696,1
90.99,3.676796675248933,1
91.0,3.75929683317232,1
91.01,4.6486370858193204,1
91.02,4.514626188241814,1
91.03,4.925056432879509,1
91.04,3.4127583649570217,1
91.05,3.7420928784190965,1
91.06,4.476974865520987,1
91.07000000000001,4.319344689252957,1
91.08,5.013413428481936,1
91.09,4.333661192976619,1
91.10000000000001,5.219126352025708,1
91.11,4.423526761748964,1
91.12,4.714576590243793,1
91.13,3.83296873376828,1
91.14,3.9992480806412103,1
91.15,4.591001981426683,1
91.16,5.082007043781344,1
91.17,4.538070463176355,1
91.18,3.978319974744118,1
91.19,4.8923540327432455,1
91.2,2.631322042728093,1
91.21000000000001,2.995092411265695,1
91.22,4.3819695589629815,1
91.23,4.032072083442593,1
91.24,4.394799108509294,1
91.25,4.0654774113466,1
91.26,4.374374737420199,1
91.27,3.4940543610134718,1
91.28,4.339791147086307,1
91.29,4.665592398154542,1
91.3,4.831864104679537,1
91.31,5.356364155179916,1
91.32000000000001,4.23975998490908,1
91.33,4.192107040624883,1
91.34,3.023248039301713,1
91.35000000000001,3.596599783543173,1
91.36,3.8505187486170973,1
91.37,4.672508852038739,1
91.38,3.6439153163241373,1
91.39,4.495323373934255,1
91.4,4.028667185529454,1
91.41,3.886768229896443,1
91.42,4.154695705228351,1
91.43,3.755488165935619,1
91.44,3.7069575048674266,1
91.45,2.876303009416344,1
91.46000000000001,3.771698313791239,1
91.47,3.6748846728800375,1
91.48,3.6457096793616173,1
91.49,4.249221890202734,1
91.5,4.442292788550597,1
91.51,4.17719208281821,1
91.52,4.656485712925264,1
91.53,4.412830379951943,1
91.54,3.8333288264202006,1
91.55,3.689685173992096,1
91.56,4.184349232324883,1
91.57000000000001,4.383337662590406,1
91.58,4.929962106901165,1
91.59,4.828665276594494,1
91.60000000000001,3.6983965569833215,1
91.61,3.91571916629042,1
91.62,4.430318924485757,1
91.63,4.7187670071766386,1
91.64,4.652356590291741,1
91.65,3.9976956085262474,1
91.66,3.1862155418044695,1
91.67,3.3030340972865,1
91.68,4.13507456133205,1
91.69,4.2301503353641685,1
91.7,3.3009540412529326,1
91.71000000000001,3.986975296091994,1
91.72,4.408775151421152,1
91.73,3.2775773313235357,1
91.74,4.673608808664981,1
91.75,3.795463391657313,1
91.76,4.803703592676883,1
91.77,3.7021028279066472,1
91.78,3.316021840601546,1
91.79,3.6617087706056517,1
91.8,3.9179676699118056,1
91.81,3.7430210520914957,1
91.82000000000001,3.844433288626036,1
91.83,4.207352253082237,1
91.84,3.901375005256998,1
91.85000000000001,3.951186865489482,1
91.86,2.888075650397122,1
91.87,4.187429549549792,1
91.88,3.9533680914322322,1
91.89,5.042006781315093,1
91.9,3.45290333055651,1
91.91,2.7938998494132057,1
91.92,4.328654719881167,1
91.93,4.244556042933655,1
91.94,3.360372829660462,1
91.95,2.969076969035999,1
91.96000000000001,4.935652117112736,1
91.97,4.97365488001957,1
91.98,2.4444853480672037,1
91.99,3.6093607561908616,1
92.0,5.056337620721231,1
92.01,3.7544970900784986,1
92.02,3.6669464071478837,1
92.03,3.796554348165833,1
92.04,3.260522859833809,1
92.05,2.8495235238299257,1
92.06,4.613894572722006,1
92.07000000000001,2.841082865596185,1
92.08,4.090901847360921,1
92.09,4.580692547875182,1
92.10000000000001,3.0932439242546237,1
92.11,3.345902542809955,1
92.12,4.747899925590381,1
92.13,4.390629568223031,1
92.14,3.622924940073645,1
92.15,4.757429449003164,1
92.16,4.828281067614902,1
92.17,4.224266039042677,1
92.18,3.429405951270024,1
92.19,3.6975068709495,1
92.2,4.167666421228263,1
92.21000000000001,3.8876942012265547,1
92.22,4.6024842475220895,1
92.23,3.0435873522121653,1
92.24,2.973093811866794,1
92.25,4.055740041174277,1
92.26,3.684416158990165,1
92.27,3.5742176783384547,1
92.28,2.8272866847208427,1
92.29,3.9423191109447493,1
92.3,3.9623101055838945,1
92.31,4.421734684840016,1
92.32000000000001,4.070012374754224,1
92.33,3.918163378284471,1
92.34,4.758761884248154,1
92.35000000000001,3.193958937079699,1
92.36,4.299662387252842,1
92.37,2.933691091193606,1
92.38,3.3920680112583677,1
92.39,3.176717032547133,1
92.4,4.457949972359169,1
92.41,3.985036945479085,1
92.42,3.9903409207840523,1
92.43,3.2813400583108128,1
92.44,3.762430588679084,1
92.45,3.490387447953995,1
92.46000000000001,4.21821995965853,1
92.47,3.3700445817440174,1
92.48,4.825011750081006,1
92.49,2.962335609444531,1
92.5,3.4144467244713907,1
92.51,5.053083041071312,1
92.52,3.780854367651796,1
92.53,3.1337199252986694,1
92.54,4.090163166340716,1
92.55,3.6969615429555036,1
92.56,3.439480876383766,1
92.57000000000001,3.255336150446257,1
92.58,5.751521095208639,1
92.59,3.941877111678063,1
92.60000000000001,2.7471487875762866,1
92.61,4.893991054476198,1
92.62,4.450119954012964,1
92.63,3.529701591347398,1
92.64,3.366347421515638,1
92.65,4.398949489176049,1
92.66,3.8637292113996438,1
92.67,2.7421935964556194,1
92.68,5.084144636662925,1
92.69,3.783463104416594,1
92.7,4.957378018368749,1
92.71000000000001,4.886928286258398,1
92.72,3.403731730393363,1
92.73,4.63458739360669,1
92.74,3.615400461194884,1
92.75,2.7657546551175343,1
92.76,3.650453699155373,1
92.77,4.2370259427591535,1
92.78,3.713984625386825,1
92.79,3.783617226385971,1
92.8,4.728995784166741,1
92.81,4.112836123941159,1
92.82000000000001,3.4596138137205688,1
92.83,4.423074423156745,1
92.84,4.153642094968436,1
92.85000000000001,2.3731283424055754,1
92.86,4.180315469717314,1
92.87,4.2650487352705,1
92.88,4.028958095396407,1
92.89,4.580298633084503,1
92.9,3.59854949797428,1
92.91,4.194243772885604,1
92.92,2.994966030563555,1
92.93,4.203829985854964,1
92.94,5.27943146112641,1
92.95,3.4312742899697133,1
92.96000000000001,3.472894841615577,1
92.97,3.507695119680669,1
92.98,4.054808318892603,1
92.99,3.3135597956144975,1
93.0,4.232131080079216,1
93.01,4.563382133292328,1
93.02,4.3805028668200565,1
93.03,2.8754310568933112,1
93.04,4.578219449796411,1
93.05,4.642884277549419,1
93.06,4.577205784135456,1
93.07000000000001,4.276543189932319,1
93.08,4.159457791854019,1
93.09,4.67941159163035,1
93.10000000000001,5.288795922545817,1
93.11,3.4589675168698086,1
93.12,4.66705701425158,1
93.13,3.9840832721053077,1
93.14,3.914909366770662,1
93.15,2.997948975051388,1
93.16,3.755097326351465,1
93.17,3.3382514689169214,1
93.18,3.6593329079585595,1
93.19,3.2670248615671964,1
93.2,3.664756736307046,1
93.21000000000001,3.7163892496366118,1
93.22,4.045760746642111,1
93.23,2.955049195047148,1
93.24,2.9994089367778556,1
93.25,4.174784990701512,1
93.26,3.493086167160709,1
93.27,4.666771200303402,1
93.28,4.18616778811627,1
93.29,4.404854913132204,1
93.3,4.93958930490775,1
93.31,3.8554260189838416,1
93.32000000000001,3.6185819580896275,1
93.33,4.542700786540681,1
93.34,4.363149195391245,1
93.35000000000001,3.9002436244168033,1
93.36,4.896832822316474,1
93.37,3.916099717682,1
93.38,4.016230467743338,1
93.39,4.014743698217624,1
93.4,3.3944930509688787,1
93.41,4.0140092294737855,1
93.42,4.907098986228032,1
93.43,4.343134261842275,1
93.44,4.040742905892157,1
93.45,3.8974852799630613,1
93.46000000000001,4.208525221807156,1
93.47,4.4989818039424945,1
93.48,4.425230696196903,1
93.49,3.8101903135599944,1
93.5,4.199339117908067,1
93.51,4.323359143035445,1
93.52,3.3659042873146627,1
93.53,4.071107101808753,1
93.54,2.6019499055177313,1
93.55,4.22919883224969,1
93.56,4.442201617431213,1
93.57000000000001,4.511561661253737,1
93.58,3.7743758673168397,1
93.59,4.186981083994249,1
93.60000000000001,4.935121336513681,1
93.61,4.973401949706495,1
93.62,4.039476025317491,1
93.63,4.092763170557077,1
93.64,4.726357096371661,1
93.65,3.0698176374153014,1
93.66,3.73456816493628,1
93.67,4.85063085966925,1
93.68,4.683776190302747,1
93.69,4.280615598734514,1
93.7,3.0398092848755205,1
93.71000000000001,3.910005353238723,1
93.72,3.6118461369470394,1
93.73,4.191498390318884,1
93.74,3.4863623477032264,1
93.75,3.3036627125360956,1
93.76,2.6184754028583996,1
93.77,4.709850769043571,1
93.78,3.783208366920798,1
93.79,4.088953235081927,1
93.8,4.003885039353961,1
93.81,3.307651069674186,1
93.82000000000001,3.1415413058726864,1
93.83,3.296214925658175,1
93.84,3.488560280243967,1
93.85000000000001,4.207178361331795,1
93.86,3.4961460494601337,1
93.87,5.102942437092746,1
93.88,4.7326218693028235,1
93.89,4.568444386029545,1
93.9,3.9564685036982565,1
93.91,4.979897282565161,1
93.92,3.91734547328766,1
93.93,3.974757418029216,1
93.94,4.108769846401184,1
93.95,4.4618892938269115,1
93.96000000000001,4.440957754654996,1
93.97,3.71818243207559,1
93.98,3.6372691932042955,1
93.99,4.393423712247823,1
94.0,4.487671620958178,1
94.01,3.77404270188464,1
94.02,2.9566290011877867,1
94.03,3.80288505619592,1
94.04,4.392734689666774,1
94.05,5.194970789308908,1
94.06,3.294428446378508,1
94.07000000000001,3.6808939307985256,1
94.08,3.7281973338050918,1
94.09,4.863377588173034,1
94.10000000000001,4.029131598407585,1
94.11,3.4130481615254413,1
94.12,4.327280560742217,1
94.13,3.7570956495394094,1
94.14,3.19100783600526,1
94.15,3.3722033069866026,1
94.16,5.087428810466929,1
94.17,4.314531792608653,1
94.18,4.088789750659745,1
94.19,3.8431890960454753,1
94.2,4.18014597080695,1
94.21000000000001,4.1926339514724065,1
94.22,4.201125629685302,1
94.23,4.086582356555985,1
94.24,4.568896450741064,1
94.25,4.049124555487351,1
94.26,3.368432450284983,1
94.27,3.5647482487585975,1
94.28,2.689840283694763,1
94.29,5.236448028334753,1
94.3,4.633967033477208,1
94.31,3.4994642582950255,1
94.32000000000001,3.7870987591814216,1
94.33,3.574002034632311,1
94.34,4.975289402001255,1
94.35000000000001,3.1372599614541286,1
94.36,4.022510978169879,1
94.37,3.930934653084828,1
94.38,4.532332915716282,1
94.39,3.964455777437663,1
94.4,2.8570905359398875,1
94.41,3.7684929124094606,1
94.42,3.3553425884100085,1
94.43,4.012954068548456,1
94.44,4.9313128178055,1
94.45,2.9272893227722263,1
94.46000000000001,3.4164296861115178,1
94.47,3.606382594998962,1
94.48,3.728769654645503,1
94.49,4.463941133161812,1
94.5,3.915235826615304,1
94.51,4.264698993495954,1
94.52,3.6098622757730494,1
94.53,4.125773307036786,1
94.54,4.512204014766127,1
94.55,3.5555950965326097,1
94.56,4.480303470411591,1
94.57000000000001,4.062799176510187,1
94.58,4.682092815567043,1
94.59,3.9102385076448667,1
94.60000000000001,4.241976877892654,1
94.61,3.9881721142090787,1
94.62,3.93686502636704,1
94.63,4.164213458182072,1
94.64,4.358149031470093,1
94.65,3.2107350582501732,1
94.66,4.882827085564686,1
94.67,2.8463664162918936,1
94.68,3.4864560662236976,1
94.69,3.9080228622334436,1
94.7,4.2620298601618645,1
94.71000000000001,5.038388150080263,1
94.72,2.8565899830108066,1
94.73,3.6019887532239236,1
94.74,2.596168196900594,1
94.75,3.9362873437882118,1
94.76,4.172453414159523,1
94.77,5.042501528112633,1
94.78,4.140821416339687,1
94.79,4.68584300837471,1
94.8,4.419960978227922,1
94.81,3.7427960301739933,1
94.82000000000001,3.0703932467815953,1
94.83,4.122653045907736,1
94.84,3.039240204987971,1
94.85000000000001,4.782722250946003,1
94.86,3.9418127523514666,1
94.87,4.771974464259777,1
94.88,3.7347414431355124,1
94.89,4.158522658718079,1
94.9,4.145342957785509,1
94.91,3.9794946498951282,1
94.92,3.718047663328977,1
94.93,4.23771968426224,1
94.94,3.4133416478192506,1
94.95,3.180083850213585,1
94.96000000000001,4.757187093152375,1
94.97,4.517238864732729,1
94.98,4.073786714784319,1
94.99,5.084819778394782,1
95.0,3.8913551676552043,1
95.01,4.851689444965564,1
95.02,4.165018915007309,1
95.03,3.345013186737608,1
95.04,5.159762759333939,1
95.05,4.712387639074591,1
95.06,3.9642213104595863,1
95.07000000000001,4.469663039858262,1
95.08,3.766245309177255,1
95.09,4.52395061229927,1
95.10000000000001,2.480036053572767,1
95.11,3.2471255396613987,1
95.12,4.590199599244608,1
95.13,3.8734282364536408,1
95.14,4.127065142443581,1
95.15,3.1337903881200146,1
95.16,5.1469770167943025,1
95.17,4.8412687138516635,1
95.18,3.9202657442954063,1
95.19,3.7326375587626206,1
95.2,4.65199536521639,1
95.21000000000001,5.325403932788654,1
95.22,4.698351496624016,1
95.23,5.451029523450449,1
95.24,3.4886135315599,1
95.25,3.4376749190319655,1
95.26,3.194841083728963,1
95.27,4.238317561322644,1
95.28,4.128235719654801,1
95.29,3.90910385603015,1
95.3,4.5196166533603845,1
95.31,4.830747468140008,1
95.32000000000001,3.0599509164915992,1
95.33,3.5562643238720137,1
95.34,4.505508762437975,1
95.35000000000001,3.7268481289157007,1
95.36,3.465711681238812,1
95.37,4.628799265601932,1
95.38,3.2010629859903115,1
95.39,3.7563900706067574,1
95.4,4.198617160812863,1
95.41,3.6396060602289104,1
95.42,4.486510421754115,1
95.43,3.660086777596074,1
95.44,4.8935583066360335,1
95.45,3.9720256608437086,1
95.46000000000001,4.433861034326508,1
95.47,4.510073596493005,1
95.48,3.6234382978008886,1
95.49,2.645044786725946,1
95.5,4.152771462940964,1
95.51,4.056069059784534,1
95.52,4.364000158717946,1
95.53,3.874862428580677,1
95.54,3.713217795960012,1
95.55,5.285948492735329,1
95.56,3.1218509770199034,1
95.57000000000001,4.423519373254141,1
95.58,3.6525928448974323,1
95.59,3.7612926843580827,1
95.60000000000001,3.779932064714194,1
95.61,3.46550451131487,1
95.62,4.338557072422238,1
95.63,4.922603241716067,1
95.64,4.360314662512376,1
95.65,4.088696111295402,1
95.66,3.3652906182429225,1
95.67,4.297248629120649,1
95.68,5.416936974569634,1
95.69,3.8380105273118432,1
95.7,3.746331602472795,1
95.71000000000001,3.620729027186709,1
95.72,3.659697620147105,1
95.73,2.1983520438151807,1
95.74000000000001,4.154699804761976,1
95.75,3.460663261674271,1
95.76,2.922854475000814,1
95.77,4.424062709045185,1
95.78,3.3233993044941617,1
95.79,3.7396656733001263,1
95.8,4.9358502101232915,1
95.81,3.1418110129564405,1
95.82000000000001,2.9541145649607006,1
95.83,4.111980524780361,1
95.84,4.752539505283822,1
95.85000000000001,3.023673894373567,1
95.86,4.205941335542708,1
95.87,4.389325798749681,1
95.88,2.687316623498619,1
95.89,4.439329778145456,1
95.9,4.595127054975471,1
95.91,3.833412118705321,1
95.92,4.802563296272365,1
95.93,4.785519069218915,1
95.94,4.114037039117163,1
95.95,3.7139313859720984,1
95.96000000000001,3.3516369878495538,1
95.97,3.936725927114641,1
95.98,4.3658796344600415,1
95.99000000000001,3.8116174472926683,1
96.0,2.5628947877364947,1
96.01,4.736951985116431,1
96.02,4.167639451470194,1
96.03,3.7637470053751394,1
96.04,4.541973993267085,1
96.05,5.021748091811171,1
96.06,2.2433435576134473,1
96.07000000000001,4.176363439331161,1
96.08,3.0849305038815817,1
96.09,4.26893317384774,1
96.10000000000001,4.099138862197199,1
96.11,4.418426103254548,1
96.12,3.7011792631388523,1
96.13,2.7666583501170967,1
96.14,3.6337875825672206,1
96.15,4.2420017768783405,1
96.16,4.673336040090008,1
96.17,3.2800820958842705,1
96.18,4.6231914590753656,1
96.19,3.6170331932934374,1
96.2,4.2121899659243205,1
96.21000000000001,3.6818974424046162,1
96.22,4.099111422750984,1
96.23,4.584622710161863,1
96.24000000000001,3.2389551132193426,1
96.25,3.5131946810394235,1
96.26,4.090800761290558,1
96.27,5.563665039033933,1
96.28,3.5337574319753795,1
96.29,5.29572336303333,1
96.3,5.378271259440068,1
96.31,4.019557984310191,1
96.32000000000001,3.807723490005333,1
96.33,3.5394314766100616,1
96.34,3.9281141127876853,1
96.35000000000001,3.082966561287516,1
96.36,3.8955119124936424,1
96.37,4.964949963773755,1
96.38,3.661407321373091,1
96.39,3.82349554306516,1
96.4,2.8856605531976296,1
96.41,4.175841943235947,1
96.42,4.182153889239514,1
96.43,4.052261168241597,1
96.44,3.8624520038296475,1
96.45,3.8017973086228802,1
96.46000000000001,4.313755237694986,1
96.47,4.000128269051576,1
96.48,4.204370563300616,1
96.49000000000001,4.151749308461767,1
96.5,4.7380171000909685,1
96.51,4.483534392044461,1
96.52,4.154146409763911,1
96.53,4.9944449489509815,1
96.54,4.3323490833036935,1
96.55,4.866638509761392,1
96.56,4.445800242921625,1
96.57000000000001,2.831657601631983,1
96.58,4.776514019112631,1
96.59,4.134297099219749,1
96.60000000000001,3.974348066756704,1
96.61,4.181007835512784,1
96.62,3.7870254090807887,1
96.63,4.134524420538336,1
96.64,3.6240451414767816,1
96.65,4.8042274338938356,1
96.66,3.974554390096948,1
96.67,3.750241792319792,1
96.68,3.3848958662299937,1
96.69,4.13748326371562,1
96.7,4.129649498217881,1
96.71000000000001,4.25980010223645,1
96.72,3.3490772476119166,1
96.73,2.9220519267173293,1
96.74000000000001,4.341224860472309,1
96.75,4.9837521047214555,1
96.76,3.393097188168154,1
96.77,4.9948613426023325,1
96.78,4.2439013932983825,1
96.79,4.010051466688844,1
96.8,3.7426619865955244,1
96.81,3.0862443531798203,1
96.82000000000001,4.586041512223657,1
96.83,3.5319266334287587,1
96.84,3.4659544552047072,1
96.85000000000001,4.611547768573493,1
96.86,2.81495870276902,1
96.87,2.9403431619131504,1
96.88,3.924654567629248,1
96.89,4.185770700743324,1
96.9,4.325656112339853,1
96.91,3.8237237686372327,1
96.92,5.631200508936879,1
96.93,3.9500087420359624,1
96.94,3.8472597889095854,1
96.95,3.4737275677490453,1
96.96000000000001,4.048817983119049,1
96.97,4.401933726453648,1
96.98,4.805032303056064,1
96.99000000000001,3.0820111999321047,1
97.0,3.7853117761109996,1
97.01,4.276952939140463,1
97.02,4.397517097232598,1
97.03,4.028099984569098,1
97.04,4.3536263710227905,1
97.05,3.496338392990068,1
97.06,4.980594441796589,1
97.07000000000001,4.702881511440874,1
97.08,3.1695448133688426,1
97.09,3.2526147122183926,1
97.10000000000001,3.275883748008654,1
97.11,4.396439565907012,1
97.12,3.190217812528679,1
97.13,3.7366348991849545,1
97.14,4.279223467810673,1
97.15,3.9738230345553003,1
97.16,4.166403095792837,1
97.17,3.31846053685809,1
97.18,4.3450663677911345,1
97.19,3.6228343567492938,1
97.2,3.7667474205065306,1
97.21000000000001,4.14025207146451,1
97.22,4.075295258026549,1
97.23,4.020076645922966,1
97.24000000000001,3.5141761896881905,1
97.25,3.7764942429074964,1
97.26,3.9880064315137744,1
97.27,3.107085284631993,1
97.28,3.6463203404706857,1
97.29,4.230317147377744,1
97.3,3.18498118473715,1
97.31,4.701522524010511,1
97.32000000000001,4.865853185298668,1
97.33,3.2440614564266763,1
97.34,4.835506601745013,1
97.35000000000001,3.9569705053647777,1
97.36,4.2689625902488855,1
97.37,3.6938961771795964,1
97.38,4.580531972160627,1
97.39,4.29831747219077,1
97.4,3.489652849703229,1
97.41,3.213362386515927,1
97.42,3.00531525462672,1
97.43,4.062260979820749,1
97.44,4.375171680994384,1
97.45,4.444875675518645,1
97.46000000000001,3.9501429913752326,1
97.47,3.2463157896689903,1
97.48,3.5122290756988512,1
97.49000000000001,4.718410896347392,1
97.5,3.728663613445888,1
97.51,4.076773326830604,1
97.52,3.3066932310552875,1
97.53,4.1767864161871575,1
97.54,3.713648193628289,1
97.55,4.6619563975199245,1
97.56,4.541624014343589,1
97.57000000000001,3.710869074464465,1
97.58,3.9004688572217248,1
97.59,3.636447962780085,1
97.60000000000001,3.057217534212125,1
97.61,3.387099585005348,1
97.62,4.091835114746026,1
97.63,4.216547884004922,1
97.64,4.109375052625173,1
97.65,3.810789364055629,1
97.66,4.594047983341625,1
97.67,4.076870705906436,1
97.68,4.460903681775645,1
97.69,2.8767775730343894,1
97.7,1.3876398368632867,1
97.71000000000001,4.0273882769460805,1
97.72,3.0772141004974762,1
97.73,3.806788031873769,1
97.74000000000001,3.7923979774665018,1
97.75,5.017495336964883,1
97.76,4.3205790617080595,1
97.77,4.126848881095633,1
97.78,4.5506750207850075,1
97.79,4.272132401787889,1
97.8,3.7193738635499,1
97.81,4.678367029340449,1
97.82000000000001,3.3206640169577275,1
97.83,4.168971972711512,1
97.84,3.006030241364101,1
97.85000000000001,4.072686492413641,1
97.86,4.129578455231638,1
97.87,5.095507211761194,1
97.88,3.050330072314294,1
97.89,3.5531468119053153,1
97.9,4.506968979700996,1
97.91,4.24798168052426,1
97.92,4.131866037087028,1
97.93,3.387543442701875,1
97.94,3.579912561024034,1
97.95,4.7826133976335825,1
97.96000000000001,4.013536148011685,1
97.97,4.244356404563298,1
97.98,3.9399238624258857,1
97.99000000000001,3.228775304922574,1
98.0,4.559609751969279,1
98.01,4.360088322314697,1
98.02,5.517569216312284,1
98.03,3.4321155577565414,1
98.04,4.499636054195993,1
98.05,3.179010475315276,1
98.06,4.052831636037396,1
98.07000000000001,4.636755638227613,1
98.08,2.693744096811434,1
98.09,3.788658524729704,1
98.10000000000001,3.6218927338746747,1
98.11,3.5218633506741828,1
98.12,4.221248919845186,1
98.13,4.7404082598778965,1
98.14,3.9579494073862143,1
98.15,4.130802506469375,1
98.16,4.082014978051328,1
98.17,4.006091065809794,1
98.18,3.2935684294690364,1
98.19,4.676805047406156,1
98.2,4.232139602165369,1
98.21000000000001,4.270138916727939,1
98.22,3.4929215431897536,1
98.23,3.671619806195475,1
98.24000000000001,3.8660162226749524,1
98.25,2.99657646685772,1
98.26,2.8445490575003154,1
98.27,3.540890297342594,1
98.28,4.311480015524385,1
98.29,3.5949143572176405,1
98.3,3.314664559817548,1
98.31,3.430288240610486,1
98.32000000000001,3.6703779503678304,1
98.33,3.750628739461207,1
98.34,5.390090723794976,1
98.35000000000001,4.767673833290167,1
98.36,4.710963536235285,1
98.37,4.800866577190568,1
98.38,3.3999881036372335,1
98.39,3.170893742548099,1
98.4,3.232084140933955,1
98.41,4.81979125517954,1
98.42,3.6941536041625866,1
98.43,3.1697331045826687,1
98.44,3.6705411763440905,1
98.45,3.825418295143142,1
98.46000000000001,4.163679398930756,1
98.47,4.17264504997629,1
98.48,3.473011181387937,1
98.49000000000001,4.413254384739242,1
98.5,3.6100679968662908,1
98.51,3.8752074691235014,1
98.52,4.438111343834358,1
98.53,3.6098543761660453,1
98.54,3.607179579016445,1
98.55,4.360322131272947,1
98.56,3.4650972157221918,1
98.57000000000001,3.7182416301852834,1
98.58,4.3436761089384435,1
98.59,5.3533751984517615,1
98.60000000000001,4.474006478091303,1
98.61,4.335102747518755,1
98.62,4.364505596443084,1
98.63,3.3255534223717333,1
98.64,4.034535715357027,1
98.65,3.9827587836947727,1
98.66,4.207618885112314,1
98.67,4.088050929890351,1
98.68,4.251643196946899,1
98.69,3.8130096603170083,1
98.7,4.026807741650833,1
98.71000000000001,3.2049577512202476,1
98.72,3.744732363356668,1
98.73,4.887097005674993,1
98.74000000000001,4.260077899030687,1
98.75,4.0020304993261755,1
98.76,5.23038149507185,1
98.77,3.1908737662775986,1
98.78,3.2316055483007906,1
98.79,5.06515307113772,1
98.8,4.093729969920717,1
98.81,3.8482289026601024,1
98.82000000000001,3.212815256948053,1
98.83,4.243247211667312,1
98.84,4.367856155495002,1
98.85000000000001,3.3119317477709407,1
98.86,3.8677010446702416,1
98.87,3.7743696793177426,1
98.88,4.1525475626397474,1
98.89,3.282950899795082,1
98.9,4.7692768002205135,1
98.91,4.6403695861249945,1
98.92,3.802783360508666,1
98.93,3.847748277258224,1
98.94,3.90235025678255,1
98.95,3.4891518979971834,1
98.96000000000001,3.6816392722199422,1
98.97,3.805539118783003,1
98.98,5.034808030678565,1
98.99000000000001,4.676281840247405,1
99.0,4.647007938209119,1
99.01,4.278838921543777,1
99.02,3.2917762307556724,1
99.03,3.9305859442313524,1
99.04,4.625516160136869,1
99.05,3.2211324574787836,1
99.06,4.366282093164536,1
99.07000000000001,5.528953019097394,1
99.08,4.780674555453325,1
99.09,4.964303505695008,1
99.10000000000001,4.199522711465611,1
99.11,4.639993627934026,1
99.12,3.572635673869836,1
99.13,4.490737618237071,1
99.14,4.454030219803038,1
99.15,4.215344574411836,1
99.16,4.866784380344863,1
99.17,3.702427864844121,1
99.18,3.860777340803954,1
99.19,4.0535851760398645,1
99.2,3.3351737103267354,1
99.21000000000001,4.107350436325085,1
99.22,2.8911492196417954,1
99.23,4.6127633593195645,1
99.24000000000001,4.067025474910427,1
99.25,3.666051135144502,1
99.26,3.438597317423679,1
99.27,3.8141141747149456,1
99.28,4.435409672578416,1
99.29,4.381513484119326,1
99.3,3.565117366986227,1
99.31,3.4249720137151614,1
99.32000000000001,4.391713215482055,1
99.33,3.554822888396596,1
99.34,4.012160568820999,1
99.35000000000001,4.081025228289555,1
99.36,4.207336457431392,1
99.37,4.569310885271589,1
99.38,3.214711743087862,1
99.39,2.7128672156578615,1
99.4,3.554595812060033,1
99.41,5.142159525145626,1
99.42,5.38057465967763,1
99.43,5.270955208741707,1
99.44,3.951045415256316,1
99.45,2.840774876223784,1
99.46000000000001,2.410214903919851,1
99.47,3.5062071616257438,1
99.48,3.8418565251955434,1
99.49000000000001,4.834394798449557,1
99.5,4.6131209887742015,1
99.51,4.184334256839041,1
99.52,3.4337030113775615,1
99.53,3.342640593432666,1
99.54,4.125443834729305,1
99.55,4.4597934813654865,1
99.56,4.281851514869316,1
99.57000000000001,3.345633988157625,1
99.58,4.3829100304895565,1
99.59,4.299317965320442,1
99.60000000000001,3.3232797230364977,1
99.61,3.4505066356022116,1
99.62,4.413746515016734,1
99.63,3.872669514254218,1
99.64,5.023444938185063,1
99.65,4.386553875838972,1
99.66,3.707452832064577,1
99.67,3.97582548098811,1
99.68,4.039674508641297,1
99.69,3.529779751956564,1
99.7,3.3796731471827988,1
99.71000000000001,4.417862453735414,1
99.72,4.573509528865421,1
99.73,4.426161465693095,1
99.74000000000001,5.008751928573132,1
99.75,3.7090069585093906,1
99.76,5.068855752472808,1
99.77,3.4795876461782727,1
99.78,3.3117155529719895,1
99.79,2.816790668253475,1
99.8,3.639762536894287,1
99.81,3.6515561197851327,1
99.82000000000001,4.320336697923667,1
99.83,4.177463704246542,1
99.84,3.236612168403668,1
99.85000000000001,3.6993845791131785,1
99.86,3.7409477634596335,1
99.87,2.832148177994389,1
99.88,3.2934622605919626,1
99.89,3.457481540815227,1
99.9,4.89762630172877,1
99.91,4.178076344177038,1
99.92,4.440318834752775,1
99.93,3.0540610413799425,1
99.94,4.718084585720295,1
99.95,4.887277754162996,1
99.96000000000001,2.756652608270789,1
99.97,3.4677692505563105,1
99.98,4.28973320879009,1
99.99000000000001,4.435481873071414,1
100.0,3.5859018921461314,1
100.01,3.776937219186951,1
100.02,3.5990181094903844,1
100.03,4.047583511489512,1
100.04,4.779619094354559,1
100.05,3.546502676215467,1
100.06,4.62215146837479,1
100.07000000000001,3.530157621987272,1
100.08,3.421844387196554,1
100.09,4.496438545916223,1
100.10000000000001,4.62796532034727,1
100.11,4.590097330338483,1
100.12,3.1816783954803913,1
100.13,3.6485782221578704,1
100.14,4.512893513308589,1
100.15,4.057727159389113,1
100.16,3.3068206328032814,1
100.17,4.255779182931512,1
100.18,3.5515591111744,1
100.19,5.137433211009103,1
100.2,5.070583849068627,1
100.21000000000001,4.456190926824221,1
100.22,4.910432000139694,1
100.23,4.096664423360561,1
100.24000000000001,4.5024378674172105,1
100.25,4.988933972399218,1
100.26,4.218622689076077,1
100.27,3.847544538047816,1
100.28,2.884844605363961,1
100.29,3.87915123852549,1
100.3,4.527009870522244,1
100.31,4.645174931491644,1
100.32000000000001,4.36595714942503,1
100.33,3.6707469081973914,1
100.34,2.69762576126001,1
100.35000000000001,3.600547656039434,1
100.36,3.7785650977297367,1
100.37,3.7836765341905534,1
100.38,4.388357860634519,1
100.39,5.311665802707428,1
100.4,4.158849269882087,1
100.41,3.8689090980648326,1
100.42,3.823943930405451,1
100.43,4.070141072923609,1
100.44,3.4667874976153836,1
100.45,4.045995553930705,1
100.46000000000001,4.295259825856216,1
100.47,4.153765976982648,1
100.48,4.306092408998444,1
100.49000000000001,4.299793548353304,1
100.5,2.868329757732473,1
100.51,4.345319578501515,1
100.52,3.5853453202522636,1
100.53,3.2641085510836554,1
100.54,3.2392461986837366,1
100.55,4.235649117701011,1
100.56,3.8697258918249777,1
100.57000000000001,2.9008735217045687,1
100.58,4.244217182651548,1
100.59,3.08059360609504,1
100.60000000000001,4.0355557609155674,1
100.61,4.156878352006943,1
100.62,4.584000744841636,1
100.63,5.191048705195082,1
100.64,3.1860214213742695,1
100.65,3.9171147286077215,1
100.66,3.815732545738937,1
100.67,4.270373303923985,1
100.68,4.156154539371382,1
100.69,3.780627065588399,1
100.7,3.700767522006498,1
100.71000000000001,3.257660420694969,1
100.72,4.596412813659651,1
100.73,4.33372973355246,1
100.74000000000001,4.615498355635193,1
100.75,3.8355359035454875,1
100.76,3.5639582899552447,1
100.77,3.2741954702304863,1
100.78,4.189327845450238,1
100.79,3.336711729733895,1
100.8,5.159668812667529,1
100.81,3.221143772300929,1
100.82000000000001,4.130827232802733,1
100.83,5.024470320775162,1
100.84,4.4501749957700545,1
100.85000000000001,4.1409926893041025,1
100.86,3.3800793383530445,1
100.87,3.066272915310668,1
100.88,4.443607174762027,1
100.89,5.003848355883495,1
100.9,3.7754923249737704,1
100.91,3.247473463107324,1
100.92,2.359916929285454,1
100.93,3.2652463968520777,1
100.94,3.882170934589039,1
100.95,5.030487701512852,1
100.96000000000001,4.498577885533774,1
100.97,4.227862914433414,1
100.98,3.7540625571100925,1
100.99000000000001,3.606868956280749,1
101.0,4.888436985250743,1
101.01,4.183551194756289,1
101.02,2.6467848827790474,1
101.03,3.481795073738331,1
101.04,3.4120723018617287,1
101.05,3.6102924372908154,1
101.06,4.341850276135948,1
101.07000000000001,3.9507976672571647,1
101.08,3.9471753590945364,1
101.09,4.849049927225914,1
101.10000000000001,3.5990588814438356,1
101.11,5.185490144724644,1
101.12,3.6355656123363373,1
101.13,4.036008308553166,1
101.14,3.8197074663495942,1
101.15,4.0692603541756,1
101.16,4.292619776413884,1
101.17,4.299042047759045,1
101.18,3.529298199702219,1
101.19,3.2431783463761548,1
101.2,5.578721013280812,1
101.21000000000001,3.780700212288745,1
101.22,4.4405112817218955,1
101.23,2.9833464612968443,1
101.24000000000001,3.7575799615854266,1
101.25,3.9029241555683862,1
101.26,4.300951552382915,1
101.27,2.251650044759165,1
101.28,4.002895841407485,1
101.29,3.254188214859987,1
101.3,4.165696178534016,1
101.31,3.3375413911508693,1
101.32000000000001,3.4051905483200753,1
101.33,3.7867739190974175,1
101.34,3.3044246154852197,1
101.35000000000001,3.649724963494946,1
101.36,3.2046867567974484,1
101.37,2.762867155043076,1
101.38,4.586252029787762,1
101.39,3.194261215623661,1
101.4,3.835722341121142,1
101.41,4.478640866648323,1
101.42,3.629724918667749,1
101.43,3.4423919748554077,1
101.44,4.113333338902921,1
101.45,4.732147823226207,1
101.46000000000001,3.2852432794578124,1
101.47,3.859694337310493,1
101.48,2.8674890197939646,1
101.49000000000001,3.6769291487561335,1
101.5,4.002808738311697,1
101.51,3.4456633195320197,1
101.52,3.6702302697116336,1
101.53,3.066515527639736,1
101.54,3.9940017657708364,1
101.55,4.684605091797584,1
101.56,3.329217605861397,1
101.57000000000001,3.5557455909157456,1
101.58,4.299411286405939,1
101.59,4.804404219968421,1
101.60000000000001,3.079439482508033,1
101.61,3.8352539458238564,1
101.62,4.173818709520396,1
101.63,3.9442119822987616,1
101.64,2.3896383349532124,1
101.65,4.228500002237316,1
101.66,4.999499402064958,1
101.67,4.135663485068763,1
101.68,3.33912835625865,1
101.69,3.627415891414747,1
101.7,5.126015782091143,1
101.71000000000001,4.657970982392836,1
101.72,4.4547460545860025,1
101.73,4.258535563870251,1
101.74000000000001,3.5865472387626713,1
101.75,3.8450564467633512,1
101.76,3.9401448604161784,1
101.77,4.352988415371296,1
101.78,5.000209559331421,1
101.79,4.785622727120833,1
101.8,3.1261997093642013,1
101.81,4.0929064019417,1
101.82000000000001,4.483607768150375,1
101.83,4.430550961261205,1
101.84,3.617567978755506,1
101.85000000000001,5.867812487099451,1
101.86,3.2834593198447575,1
101.87,3.254203541995493,1
101.88,4.106815462675303,1
101.89,5.379852020897859,1
101.9,3.5402436983731604,1
101.91,3.799937483841908,1
101.92,4.686975566456541,1
101.93,4.029629050874366,1
101.94,3.7846770770910676,1
101.95,4.35407962367066,1
101.96000000000001,4.198062337541767,1
101.97,4.680462250527684,1
101.98,4.8787701319538295,1
101.99000000000001,4.25191867948308,1
102.0,4.204399757227436,1
102.01,4.151185388204753,1
102.02,4.3264331863793775,1
102.03,4.055382297953416,1
102.04,4.002928136933922,1
102.05,4.776582000700814,1
102.06,5.030294981991345,1
102.07000000000001,3.0836737121700906,1
102.08,3.9515224360427292,1
102.09,3.5502464634138264,1
102.10000000000001,3.77124749924837,1
102.11,4.247439017703252,1
102.12,4.449197333479773,1
102.13,3.9542009578825867,1
102.14,2.755821466476857,1
102.15,3.2991997819696386,1
102.16,4.539626922216941,1
102.17,2.2543096307990353,1
102.18,4.665695684057257,1
102.19,4.378130846027985,1
102.2,4.876660989307083,1
102.21000000000001,3.923762223305022,1
102.22,2.6579262267054324,1
102.23,4.198707312301576,1
102.24000000000001,4.838954280576725,1
102.25,4.650323530417143,1
102.26,3.6090459956665177,1
102.27,4.03283585680819,1
102.28,3.65625055722482,1
102.29,3.4478112377174264,1
102.3,4.586752433062575,1
102.31,3.2582115197420256,1
102.32000000000001,3.375558719416916,1
102.33,3.2462097360354094,1
102.34,2.987856855681633,1
102.35000000000001,4.034269241864745,1
102.36,4.755672952189256,1
102.37,3.9253869864031694,1
102.38,3.018550462157008,1
102.39,4.486093357393018,1
102.4,5.122897692267858,1
102.41,3.6480731360808547,1
102.42,3.6683845281171346,1
102.43,4.314678614333806,1
102.44,5.071199349721313,1
102.45,3.7269885205852518,1
102.46000000000001,3.119087325430891,1
102.47,4.356827907750296,1
102.48,4.539868169425285,1
102.49000000000001,4.036370352683341,1
102.5,3.640049207072051,1
102.51,4.623584655484092,1
102.52,4.380020123134892,1
102.53,3.5242180015779776,1
102.54,4.0033071628177215,1
102.55,3.1231714576813485,1
102.56,4.392415868765877,1
102.57000000000001,3.853400221933381,1
102.58,3.7085022135710295,1
102.59,3.961180215292092,1
102.60000000000001,4.0238236149533915,1
102.61,4.582085944681355,1
102.62,4.418441802579415,1
102.63,3.9236236407917278,1
102.64,4.490907418436396,1
102.65,4.289464374681314,1
102.66,3.7405776704892273,1
102.67,3.9035139091859192,1
102.68,3.8980395339433502,1
102.69,4.321710556328291,1
102.7,3.781167737441892,1
102.71000000000001,3.7335612836630894,1
102.72,5.2614004052583745,1
102.73,4.685411605610821,1
102.74000000000001,3.5476249695950806,1
102.75,4.343300540989753,1
102.76,4.097386980710988,1
102.77,4.259892954839458,1
102.78,4.104704604026626,1
102.79,4.778156858958142,1
102.8,4.270937895162897,1
102.81,3.9759713291447456,1
102.82000000000001,4.674761692406075,1
102.83,4.191847788661094,1
102.84,4.090329685798024,1
102.85000000000001,4.2091667350566055,1
102.86,3.9518137602207246,1
102.87,4.003095565744942,1
102.88,3.6195213028222617,1
102.89,3.4897922434668307,1
102.9,3.321486164138185,1
102.91,3.0561301222784616,1
102.92,3.372581719763125,1
102.93,3.84928540704685,1
102.94,4.0578627966623095,1
102.95,3.8274467049233114,1
102.96000000000001,2.461198191826912,1
102.97,4.929309096985918,1
102.98,4.760698297826592,1
102.99000000000001,4.334863791902882,1
103.0,5.257726988375619,1
103.01,3.4413214899766715,1
103.02,5.191225105159244,1
103.03,3.445214675095513,1
103.04,4.121612956727962,1
103.05,3.1807942495074326,1
103.06,3.9603816094817006,1
103.07000000000001,4.248178898098283,1
103.08,3.9145231695186444,1
103.09,4.458055739151039,1
103.10000000000001,4.091726785159569,1
103.11,3.666545809991522,1
103.12,3.6122278615409846,1
103.13,4.502877999346026,1
103.14,3.606005928393362,1
103.15,4.570300299385047,1
103.16,4.827548820667971,1
103.17,2.966943074259751,1
103.18,4.6730920172044375,1
103.19,5.377247406924904,1
103.2,4.246142178957456,1
103.21000000000001,4.403471690708574,1
103.22,4.6970473721163755,1
103.23,3.8630819423755822,1
103.24000000000001,4.110053601693262,1
103.25,3.153912521644891,1
103.26,4.03918517061406,1
103.27,4.325540590912709,1
103.28,4.354433945119939,1
103.29,4.712544436202819,1
103.3,3.54003858627106,1
103.31,3.6268316350904937,1
103.32000000000001,5.207469929834916,1
103.33,3.9749107956223395,1
103.34,4.128282358943621,1
103.35000000000001,3.9642188868529127,1
103.36,3.464722829470524,1
103.37,5.021276115010725,1
103.38,3.718888616476245,1
103.39,3.2517178398149404,1
103.4,3.662649731752324,1
103.41,2.680994190404573,1
103.42,3.498285492562172,1
103.43,3.341747272687749,1
103.44,4.361110403640579,1
103.45,3.5847359735492654,1
103.46000000000001,4.551117049390497,1
103.47,4.940443916926288,1
103.48,4.563275804397452,1
103.49000000000001,3.8940463920157997,1
103.5,4.085201953556801,1
103.51,3.0156577472058563,1
103.52,3.854139535683212,1
103.53,3.43297098858145,1
103.54,4.416477312751312,1
103.55,5.69426485748291,1
103.56,4.425954636256179,1
103.57000000000001,2.7336479157822113,1
103.58,3.6896422699399136,1
103.59,4.060854194091465,1
103.60000000000001,4.060331277723785,1
103.61,3.5294471673092285,1
103.62,4.130919212655496,1
103.63,3.2016846454546535,1
103.64,3.339016948971432,1
103.65,4.3793532194883,1
103.66,3.3637694905003537,1
103.67,4.3110334376623145,1
103.68,3.1301142699965396,1
103.69,5.092876972666133,1
103.7,3.563203881383635,1
103.71000000000001,3.8286708870455834,1
103.72,4.204231706652201,1
103.73,3.645438489105328,1
103.74000000000001,4.071772247789312,1
103.75,4.37761443149413,1
103.76,4.645930536184297,1
103.77,4.552302278603003,1
103.78,3.9216625347298932,1
103.79,3.900160812812894,1
103.8,5.5181792763983,1
103.81,4.707406278698416,1
103.82000000000001,3.4443385062231364,1
103.83,4.03153552519191,1
103.84,3.784441562320448,1
103.85000000000001,3.899257725506935,1
103.86,3.19622341734872,1
103.87,3.6845056874119715,1
103.88,5.156460162556527,1
103.89,4.445109075183042,1
103.9,2.4103689159854316,1
103.91,4.6940675550753515,1
103.92,4.748627227203842,1
103.93,3.811802928649049,1
103.94,4.454089524190727,1
103.95,3.4696422880768676,1
103.96000000000001,3.6630630169721137,1
103.97,4.9520840353956785,1
103.98,3.880818727003009,1
103.99000000000001,2.779713101773247,1
104.0,3.8857098228477294,1
104.01,3.942152165299112,1
104.02,4.774065344625914,1
104.03,4.055745806354366,1
104.04,3.7298099419765003,1
104.05,4.661851272799566,1
104.06,4.1180832755000925,1
104.07000000000001,3.520448571248405,1
104.08,4.72062276307457,1
104.09,4.168890724162177,1
104.10000000000001,4.012031895323749,1
104.11,4.116154027643544,1
104.12,3.3122886116800996,1
104.13,3.616380273724813,1
104.14,3.9793073121913682,1
104.15,3.872454998839288,1
104.16,4.817935665268961,1
104.17,4.190135349999636,1
104.18,4.566094531286285,1
104.19,4.04006164987547,1
104.2,4.687754241623146,1
104.21000000000001,4.299192769442847,1
104.22,4.026659165543899,1
104.23,3.99298109733568,1
104.24000000000001,3.3803114587807723,1
104.25,4.29172027947766,1
104.26,3.9914172212713823,1
104.27,3.673778119303068,1
104.28,4.6983311107080175,1
104.29,3.2307235214136374,1
104.3,3.6797158451421748,1
104.31,4.64759662233898,1
104.32000000000001,4.243576214252578,1
104.33,3.983562315312583,1
104.34,4.161872103037308,1
104.35000000000001,4.1261214335199075,1
104.36,3.0235127260313277,1
104.37,3.7147995429278113,1
104.38,5.031734012405655,1
104.39,3.6341154578976855,1
104.4,3.7715240162681827,1
104.41,3.6348722124737582,1
104.42,3.921634337195249,1
104.43,3.616951088719656,1
104.44,4.292829040704941,1
104.45,4.145592395592735,1
104.46000000000001,4.5106356268303225,1
104.47,3.348757089388931,1
104.48,3.7401026688794863,1
104.49000000000001,3.8379507831785986,1
104.5,4.285913951001722,1
104.51,3.502489964445047,1
104.52,4.5642520897607435,1
104.53,4.803635901431764,1
104.54,3.4066091519306285,1
104.55,3.6459040065437027,1
104.56,3.633621681001839,1
104.57000000000001,5.685985665137659,1
104.58,3.8222275081477077,1
104.59,5.077825596396493,1
104.60000000000001,3.242842034568448,1
104.61,3.312456329680166,1
104.62,3.5132584856806397,1
104.63,3.4220878053123713,1
104.64,3.7915048152409714,1
104.65,3.5276144753325647,1
104.66,3.440044327229161,1
104.67,4.718052823033806,1
104.68,4.83711589449775,1
104.69,4.666157999298154,1
104.7,4.379955169543341,1
104.71000000000001,4.082971695707717,1
104.72,3.682490403035216,1
104.73,3.362513245857409,1
104.74000000000001,4.197272914085626,1
104.75,3.250351005311319,1
104.76,3.3101363923286744,1
104.77,4.706651675355268,1
104.78,5.275595213267801,1
104.79,4.3317169824057125,1
104.8,4.737804445866385,1
104.81,3.8847547622901133,1
104.82000000000001,3.1251635546901992,1
104.83,4.344704478810066,1
104.84,4.390053659802797,1
104.85000000000001,4.069903851799153,1
104.86,3.8469340183074014,1
104.87,4.615126115763591,1
104.88,3.3973354427165248,1
104.89,3.4617888898222473,1
104.9,3.313618652059193,1
104.91,4.013950036832605,1
104.92,3.2949805267810914,1
104.93,3.513742699430014,1
104.94,3.5129099250272415,1
104.95,3.8016843661490376,1
104.96000000000001,3.0230494689394707,1
104.97,3.9979640911273906,1
104.98,4.80916455734819,1
104.99000000000001,4.1364605976113715,1
105.0,5.008241408298948,1
105.01,4.9260311202062095,1
105.02,4.5601788774857495,1
105.03,4.0820690691411645,1
105.04,4.019523047318106,1
105.05,4.496746783409408,1
105.06,3.775677578613262,1
105.07000000000001,2.765106701412691,1
105.08,4.245132873493468,1
105.09,3.2808379064128315,1
105.10000000000001,3.332585196260472,1
105.11,3.9601004157174926,1
105.12,3.935886250987234,1
105.13,3.079957649011562,1
105.14,4.052173175920202,1
105.15,4.629989767531272,1
105.16,3.3056987153034845,1
105.17,4.783965940130557,1
105.18,3.0347539657624685,1
105.19,5.3158664289734014,1
105.2,3.8121143144663,1
105.21000000000001,4.083207381307847,1
105.22,2.7773862959481947,1
105.23,3.8863274992969266,1
105.24000000000001,4.141425500300935,1
105.25,3.952581062907557,1
105.26,3.6318115625446072,1
105.27,3.3637502357268776,1
105.28,4.695343408105842,1
105.29,4.061709165388634,1
105.3,5.003387289039514,1
105.31,3.7186062464668463,1
105.32000000000001,3.701008992552096,1
105.33,4.511241692904351,1
105.34,2.9776413690532486,1
105.35000000000001,3.1513283302572788,1
105.36,4.66115971604197,1
105.37,3.279284927937354,1
105.38,2.7765041443338148,1
105.39,5.1389447729887685,1
105.4,3.16398745224689,1
105.41,4.069301242124586,1
105.42,4.048982547244817,1
105.43,2.1793219470942766,1
105.44,3.717316294676328,1
105.45,4.273982473309119,1
105.46000000000001,4.246325130648578,1
105.47,4.601009879987465,1
105.48,3.7846450117136174,1
105.49000000000001,4.449372206244769,1
105.5,3.5797056803053033,1
105.51,3.059630254928837,1
105.52,3.1015740822757185,1
105.53,2.9974348606719468,1
105.54,4.59489469017525,1
105.55,3.0529945492511548,1
105.56,4.120984004850072,1
105.57000000000001,3.8347197259743337,1
105.58,3.9234818179304334,1
105.59,4.880156791951354,1
105.60000000000001,3.7683450413436828,1
105.61,4.382925498482613,1
105.62,4.047347719559996,1
105.63,3.904206596996631,1
105.64,5.486538936558791,1
105.65,3.1540080917919644,1
105.66,4.78566653438964,1
105.67,4.473035571507165,1
105.68,3.717252437874251,1
105.69,5.040184161176521,1
105.7,2.8633037150202947,1
105.71000000000001,3.5932609130573385,1
105.72,3.19149742101502,1
105.73,4.218861525066737,1
105.74000000000001,3.2909434849016863,1
105.75,4.238441032819254,1
105.76,3.8933411189633707,1
105.77,3.6825817541945733,1
105.78,4.233120487911614,1
105.79,3.839697744383827,1
105.8,3.2840440678415765,1
105.81,5.7746545257679,1
105.82000000000001,3.790391102093777,1
105.83,2.5485745060056937,1
105.84,3.366536465838047,1
105.85000000000001,3.1397463910831713,1
105.86,4.4844119720198155,1
105.87,4.237762274132712,1
105.88,4.272962143031587,1
105.89,3.7762964424092953,1
105.9,3.8053272604331,1
105.91,3.7476487989673233,1
105.92,3.932178439926086,1
105.93,4.537919218070361,1
105.94,4.250330608454222,1
105.95,4.339507516181299,1
105.96000000000001,4.344498730425678,1
105.97,4.594521777473894,1
105.98,4.222631394131612,1
105.99000000000001,4.2461889000954445,1
106.0,4.786103233407765,1
106.01,3.6156651525832295,1
106.02,3.421709353727627,1
106.03,3.19584230105156,1
106.04,4.0704308014203106,1
106.05,2.8014707135165544,1
106.06,4.227947197431188,1
106.07000000000001,3.942829191528838,1
106.08,4.732756830995576,1
106.09,3.6080060101160876,1
106.10000000000001,3.8445615719599178,1
106.11,4.7187916992464,1
106.12,4.940545944584508,1
106.13,3.6151302146968267,1
106.14,4.094852738260373,1
106.15,4.196718719003879,1
106.16,4.254240268142546,1
106.17,3.844887728045775,1
106.18,4.822091902156374,1
106.19,2.8232311962988064,1
106.2,3.656152385782089,1
106.21000000000001,4.269999567970012,1
106.22,4.312860666488987,1
106.23,4.896480854798053,1
106.24000000000001,4.831232169151096,1
106.25,3.864606258618748,1
106.26,4.835270463223335,1
106.27,3.5868252764206776,1
106.28,4.579196195169271,1
106.29,5.209471161464474,1
106.3,4.860859172894434,1
106.31,4.12027843673848,1
106.32000000000001,3.7919490357087215,1
106.33,2.995722663901073,1
106.34,4.141230465513774,1
106.35000000000001,3.2848886103487467,1
106.36,3.442484589505794,1
106.37,3.193958733595732,1
106.38,3.6529216524858485,1
106.39,3.9610279334524883,1
106.4,4.175190736068961,1
106.41,3.6208853573827504,1
106.42,4.671035340676317,1
106.43,3.905172522534608,1
106.44,3.4832132359445485,1
106.45,4.115817767196592,1
106.46000000000001,5.2809589796687835,1
106.47,4.294319415604335,1
106.48,3.7822279310037263,1
106.49000000000001,2.995872535488213,1
106.5,3.7973912873709703,1
106.51,4.140271644817577,1
106.52,3.756942597874659,1
106.53,2.904866797856286,1
106.54,3.382420563461017,1
106.55,4.906691888993315,1
106.56,4.98482287186284,1
106.57000000000001,3.4838122154721223,1
106.58,4.405532809476012,1
106.59,3.259639831902177,1
106.60000000000001,4.866739441748126,1
106.61,4.211120482994889,1
106.62,4.62882212075055,1
106.63,2.9249271200440017,1
106.64,4.3751661932054065,1
106.65,4.017530816947275,1
106.66,4.553808089318359,1
106.67,4.626821193705187,1
106.68,4.0802922822979655,1
106.69,3.614981876018267,1
106.7,4.482788363943367,1
106.71000000000001,3.9899373214445344,1
106.72,3.433108098589896,1
106.73,3.3689650842469936,1
106.74000000000001,3.0037108750791206,1
106.75,3.6091309777514238,1
106.76,4.692006375690043,1
106.77,4.156901503891682,1
106.78,3.665685468451236,1
106.79,4.502154957434187,1
106.8,3.489994369152583,1
106.81,4.031265680059518,1
106.82000000000001,3.885326555560097,1
106.83,4.498642095229452,1
106.84,3.006567105627764,1
106.85000000000001,3.3887611197940686,1
106.86,2.9003844643821517,1
106.87,3.7655892006999183,1
106.88,4.771944581289345,1
106.89,3.7183678950339605,1
106.9,3.6517555528028742,1
106.91,4.544705371729753,1
106.92,4.7259882051037545,1
106.93,3.9860918201638067,1
106.94,4.443428325657543,1
106.95,3.3278464208606096,1
106.96000000000001,4.853740418707785,1
106.97,5.445367263148072,1
106.98,4.424901927755496,1
106.99000000000001,2.6731194285502315,1
107.0,3.558191213438382,1
107.01,4.371110279795776,1
107.02,3.748796248358572,1
107.03,4.810367020813763,1
107.04,4.430235478685841,1
107.05,3.567432374820055,1
107.06,3.994980285625777,1
107.07000000000001,3.41975395149466,1
107.08,3.8467188830380636,1
107.09,3.6309669858326608,1
107.10000000000001,4.7400774787393205,1
107.11,5.417334519377582,1
107.12,3.1564436546694097,1
107.13,2.701548225098927,1
107.14,3.7630179296684094,1
107.15,3.0005890196853184,1
107.16,3.9700187672423146,1
107.17,4.484132554702775,1
107.18,4.998490464315998,1
107.19,4.190580046939141,1
107.2,3.8861101020365805,1
107.21000000000001,2.7095332076996868,1
107.22,3.939561675185497,1
107.23,4.042626938572529,1
107.24000000000001,4.4171312920446715,1
107.25,3.565340289991428,1
107.26,3.6916456977252996,1
107.27,3.0225280976986033,1
107.28,2.4546945910553664,1
107.29,3.1880566773948664,1
107.3,2.9324105591180993,1
107.31,4.15441331698715,1
107.32000000000001,3.6730844256115205,1
107.33,3.63116123621644,1
107.34,3.3391539958801264,1
107.35000000000001,1.8629672202079908,1
107.36,4.850413705205833,1
107.37,3.402020354204136,1
107.38,3.6965311423933307,1
107.39,3.0378157197042093,1
107.4,4.572885482627836,1
107.41,4.127433974872458,1
107.42,3.471476322185765,1
107.43,3.713798654365693,1
107.44,5.071679627822766,1
107.45,4.016956098157266,1
107.46000000000001,3.8831033863887576,1
107.47,3.3821906465946103,1
107.48,2.733672349527773,1
107.49000000000001,3.820182617217925,1
107.5,4.200395119108518,1
107.51,4.725465935184939,1
107.52,2.5846383215699493,1
107.53,3.185083236295595,1
107.54,3.5743033650155818,1
107.55,3.9721997265931304,1
107.56,3.904229926517196,1
107.57000000000001,3.9152986540259156,1
107.58,4.259702454423092,1
107.59,3.429499431082186,1
107.60000000000001,4.571867972403915,1
107.61,4.315548568843269,1
107.62,3.8114164835873265,1
107.63,5.027400432595203,1
107.64,5.071491800452971,1
107.65,4.669579017226569,1
107.66,2.0816477358606504,1
107.67,4.909364143031177,1
107.68,4.570224182326829,1
107.69,5.336029450787073,1
107.7,4.8830646127007,1
107.71000000000001,5.077058291209427,1
107.72,4.634720197022385,1
107.73,4.913154397162494,1
107.74000000000001,5.3486344669299895,1
107.75,4.221425050474208,1
107.76,2.99317681765973,1
107.77,3.740101077643163,1
107.78,4.237414056553059,1
107.79,4.062834075762093,1
107.8,3.1949645590403186,1
107.81,2.893413986899869,1
107.82000000000001,3.452717046775914,1
107.83,4.491247826831556,1
107.84,5.054845056013049,1
107.85000000000001,4.657986301321291,1
107.86,4.725568609297841,1
107.87,3.991098633474481,1
107.88,2.869152394697328,1
107.89,3.636788854399757,1
107.9,3.810313490879324,1
107.91,3.6661167687596707,1
107.92,4.015454617929003,1
107.93,4.287333194233522,1
107.94,4.5707009363965945,1
107.95,3.8537898379755413,1
107.96000000000001,2.7560131833893298,1
107.97,3.612055749783242,1
107.98,4.005083915757219,1
107.99000000000001,4.793698209123573,1
108.0,3.6792117292834092,1
108.01,4.313305845489281,1
108.02,4.207015776636183,1
108.03,4.040904883193961,1
108.04,4.606211244949716,1
108.05,3.6075997781291695,1
108.06,3.6032583693295464,1
108.07000000000001,3.968473903665719,1
108.08,3.5827628526103386,1
108.09,4.304578850059576,1
108.10000000000001,3.5555349205080273,1
108.11,4.120164815613522,1
108.12,3.942214897037122,1
108.13,4.1359830808229665,1
108.14,3.7098654604716748,1
108.15,3.7625816271945913,1
108.16,4.048048489706056,1
108.17,4.133994698046677,1
108.18,4.005313357552156,1
108.19,5.106807260243317,1
108.2,3.423589645755745,1
108.21000000000001,3.923758098194738,1
108.22,2.9744094274922657,1
108.23,4.179881798944665,1
108.24000000000001,3.287188674212521,1
108.25,3.7766555707217506,1
108.26,3.7451932305291167,1
108.27,4.166961887192427,1
108.28,3.651350965339666,1
108.29,3.5928294900733806,1
108.3,4.907195004312738,1
108.31,4.239066870732936,1
108.32000000000001,3.6503179797787295,1
108.33,3.816270932109802,1
108.34,5.056530173924011,1
108.35000000000001,3.910810030555135,1
108.36,3.5474259775510304,1
108.37,3.528400229168771,1
108.38,3.6154148583630055,1
108.39,3.5911975613951044,1
108.4,3.1451992901393666,1
108.41,3.2192983944245714,1
108.42,3.4150708400183802,1
108.43,4.3487326502559505,1
108.44,3.7735661720811886,1
108.45,3.852001470124784,1
108.46000000000001,4.815189961818176,1
108.47,4.889149520701013,1
108.48,3.8702981419995153,1
108.49000000000001,3.5828953823809675,1
108.5,3.4141063144093136,1
108.51,4.41433935071542,1
108.52,3.892040382662254,1
108.53,3.7427533509849336,1
108.54,3.4566360731070938,1
108.55,3.4680163201484113,1
108.56,4.175743997966184,1
108.57000000000001,3.157050217477739,1
108.58,4.59492261815243,1
108.59,3.6893214999952533,1
108.60000000000001,3.8842711581417335,1
108.61,3.1255862712857825,1
108.62,3.9395117976121776,1
108.63,3.783346576956471,1
108.64,3.954507052491355,1
108.65,4.952157755168387,1
108.66,4.172425100906573,1
108.67,3.4947476258907875,1
108.68,3.50815991036466,1
108.69,4.3566279341746155,1
108.7,4.864027474054609,1
108.71000000000001,4.234758220451952,1
108.72,4.460942256753738,1
108.73,4.423272019225652,1
108.74000000000001,4.94612638750171,1
108.75,2.7918170481023106,1
108.76,4.360419983426053,1
108.77,4.6599016186286795,1
108.78,3.17099140708498,1
108.79,3.3756123308872956,1
108.8,3.4105242665512785,1
108.81,3.491771281678081,1
108.82000000000001,3.6569543109053484,1
108.83,4.13682498592713,1
108.84,4.569884269872643,1
108.85000000000001,4.73578279722041,1
108.86,3.500543114875008,1
108.87,3.421964831320963,1
108.88,4.819061186276952,1
108.89,4.468769856544329,1
108.9,4.081891299328426,1
108.91,4.312028013837329,1
108.92,3.999384124491569,1
108.93,4.340328773987066,1
108.94,3.8023699262620534,1
108.95,4.1625506176256915,1
108.96000000000001,3.0296670366708396,1
108.97,3.4955256637320957,1
108.98,3.530467092165918,1
108.99000000000001,3.7289129352282373,1
109.0,3.382586158393482,1
109.01,3.6167766215958164,1
109.02,2.9944109187448795,1
109.03,4.295677406400041,1
109.04,3.9642034849522063,1
109.05,2.891464155766771,1
109.06,3.3918260391478103,1
109.07000000000001,4.181906311513292,1
109.08,3.6585860220509803,1
109.09,3.5273193689449776,1
109.10000000000001,3.923241274201339,1
109.11,4.218330502740834,1
109.12,3.081152780671472,1
109.13,4.301808448978528,1
109.14,3.498855061262521,1
109.15,3.958299118948442,1
109.16,3.974516334616729,1
109.17,3.656495226581368,1
109.18,3.315209640371225,1
109.19,3.773550876794217,1
109.2,5.040974402484497,1
109.21000000000001,3.1789642905638997,1
109.22,5.048759528399196,1
109.23,3.894410958254144,1
109.24000000000001,4.016614656731574,1
109.25,3.295907450024024,1
109.26,3.457332524990449,1
109.27,3.6411376137844855,1
109.28,3.299991091975639,1
109.29,3.822447447625081,1
109.3,3.7252631551374495,1
109.31,5.184356165566397,1
109.32000000000001,3.3145435690247207,1
109.33,4.025501193795276,1
109.34,4.162339913261116,1
109.35000000000001,3.315285442294695,1
109.36,4.404550685878245,1
109.37,3.7658269455797444,1
109.38,2.3688150683191775,1
109.39,4.330258431845814,1
109.4,3.2951119303391887,1
109.41,3.27788000281437,1
109.42,4.403003582944253,1
109.43,3.7989317965596276,1
109.44,4.583413044078364,1
109.45,4.82019557369676,1
109.46000000000001,3.6307634818457126,1
109.47,4.492537477348896,1
109.48,3.539387413808544,1
109.49000000000001,5.421273489628127,1
109.5,3.6356658471278185,1
109.51,4.64389518272644,1
109.52,4.586109103342505,1
109.53,4.240253474378549,1
109.54,3.57934739639649,1
109.55,3.87652976879661,1
109.56,2.595281482625384,1
109.57000000000001,4.061327105720453,1
109.58,4.230520172765275,1
109.59,4.100449497607012,1
109.60000000000001,2.0768598632763853,1
109.61,3.0634300322484362,1
109.62,3.4584227186941434,1
109.63,4.156742121071784,1
109.64,4.197135984189127,1
109.65,3.9013820356757103,1
109.66,4.406248613534977,1
109.67,3.358519159027067,1
109.68,4.35744928454935,1
109.69,4.329473376150935,1
109.7,4.264736841593913,1
109.71000000000001,3.8977711096287204,1
109.72,5.181705851191924,1
109.73,4.3909019893624315,1
109.74000000000001,3.3951697827041265,1
109.75,4.124817966846661,1
109.76,4.495722073763394,1
109.77,3.648161442581314,1
109.78,4.685641049458244,1
109.79,4.289012989239982,1
109.8,2.4974730306066295,1
109.81,4.104284234768693,1
109.82000000000001,3.742813586148543,1
109.83,4.333106627567215,1
109.84,4.632620316402689,1
109.85000000000001,4.164584004154807,1
109.86,5.090338890525584,1
109.87,3.949470134038037,1
109.88,4.402368097054209,1
109.89,4.546412126742713,1
109.9,3.969623845298122,1
109.91,4.503468743434347,1
109.92,3.644367077665972,1
109.93,3.7044874031137094,1
109.94,3.130688591779806,1
109.95,4.104474537818767,1
109.96000000000001,4.217301174005813,1
109.97,4.778178141616987,1
109.98,4.560005222949913,1
109.99000000000001,3.8488167127881807,1
110.0,3.2264919190955617,1
110.01,4.234435385199019,1
110.02,4.734754932236572,1
110.03,4.534071165843024,1
110.04,4.735684678388747,1
110.05,3.906661019698167,1
110.06,3.691643768296684,1
110.07000000000001,3.50337569908624,1
110.08,3.93393529647744,1
110.09,3.9450441345456024,1
110.10000000000001,4.130801075773608,1
110.11,3.923956131893913,1
110.12,3.9087358289988625,1
110.13,3.4905825666843198,1
110.14,4.5803846252500815,1
110.15,4.084470211121713,1
110.16,3.891883938805833,1
110.17,3.5085593024055455,1
110.18,3.1063297797639926,1
110.19,4.795024814066628,1
110.2,4.407567136752965,1
110.21000000000001,2.970809127480911,1
110.22,4.433397361579736,1
110.23,4.624536326252046,1
110.24000000000001,4.118171007803304,1
110.25,5.0439908671121465,1
110.26,4.203253428807839,1
110.27,3.092919090695877,1
110.28,4.182507363175274,1
110.29,4.169846899718703,1
110.3,3.618754356008042,1
110.31,4.349266836444632,1
110.32000000000001,2.938926514743609,1
110.33,4.579044020585696,1
110.34,3.464991862615116,1
110.35000000000001,3.328837956416571,1
110.36,3.8858774704424492,1
110.37,4.274078016386097,1
110.38,4.1228033582410495,1
110.39,3.5255094383972843,1
110.4,3.643165185373233,1
110.41,3.24343924011948,1
110.42,3.8088275308474153,1
110.43,4.686034532422428,1
110.44,4.038396154610841,1
110.45,4.559916613596409,1
110.46000000000001,4.977901511470271,1
110.47,3.6771506552820057,1
110.48,3.859574912353072,1
110.49000000000001,5.4003072683937186,1
110.5,5.021150248461174,1
110.51,2.9761645506438326,1
110.52,4.189762906545795,1
110.53,4.011749113631777,1
110.54,4.536931646911279,1
110.55,3.5488521109852083,1
110.56,3.4281689123305625,1
110.57000000000001,3.5270358857226594,1
110.58,3.6005383578406684,1
110.59,4.505038220535934,1
110.60000000000001,3.263904782106702,1
110.61,3.551864367010998,1
110.62,2.8123488399202,1
110.63,4.582188125351597,1
110.64,4.8596124061257635,1
110.65,3.8393620352498514,1
110.66,3.797043550049916,1
110.67,4.28188610175757,1
110.68,4.973599771522097,1
110.69,4.323534466589877,1
110.7,3.5668266652960323,1
110.71000000000001,2.923670658231205,1
110.72,3.211894042836254,1
110.73,4.000220541277238,1
110.74000000000001,3.5748177669030543,1
110.75,4.100989757020797,1
110.76,3.647306279246057,1
110.77,3.2922823439763373,1
110.78,3.19384474885317,1
110.79,4.965331513120558,1
110.8,4.634720874297169,1
110.81,5.160893389619539,1
110.82000000000001,4.419989376720076,1
110.83,3.7462084905494364,1
110.84,4.843394404180203,1
110.85000000000001,4.02914818781068,1
110.86,4.145037424120218,1
110.87,3.980916548747068,1
110.88,2.0868182370150814,1
110.89,4.926407619413731,1
110.9,4.37416202946069,1
110.91,4.236448470420717,1
110.92,3.9741048109097834,1
110.93,4.104482988955765,1
110.94,3.6187371174615803,1
110.95,4.377178757775863,1
110.96000000000001,3.174547485527682,1
110.97,4.071199433887997,1
110.98,4.368637088540258,1
110.99000000000001,3.8932159407901064,1
111.0,4.234222715008067,1
111.01,3.3708469149454645,1
111.02,3.3355944499866466,1
111.03,4.113724586921939,1
111.04,4.447086131821283,1
111.05,2.8103580624452738,1
111.06,4.267323581746237,1
111.07000000000001,3.663594558438682,1
111.08,3.854717503269731,1
111.09,3.1221650489065036,1
111.10000000000001,3.3947759873547985,1
111.11,4.590536635039827,1
111.12,4.056754906374409,1
111.13,3.755047587794064,1
111.14,3.909721840313575,1
111.15,4.311998102546358,1
111.16,4.304525465420939,1
111.17,3.9695918384037587,1
111.18,4.7073190172651,1
111.19,4.672103389999338,1
111.2,4.308533940994615,1
111.21000000000001,4.053945741955267,1
111.22,4.4297256972559165,1
111.23,4.229689341602016,1
111.24000000000001,4.702059152048323,1
111.25,4.625785008245011,1
111.26,3.3768744957935457,1
111.27,3.258008131257468,1
111.28,3.5004894857276683,1
111.29,4.603376405691393,1
111.3,3.0134476808142456,1
111.31,4.196936881194352,1
111.32000000000001,4.247044664218918,1
111.33,4.769182393293438,1
111.34,4.16315990602183,1
111.35000000000001,3.138276462419908,1
111.36,3.3258393206511094,1
111.37,3.1926374516527933,1
111.38,3.6025246309001515,1
111.39,3.8574796468051464,1
111.4,3.235276582774188,1
111.41,4.90832466296052,1
111.42,3.1946185652526173,1
111.43,4.8250679784157855,1
111.44,4.818472158165637,1
111.45,4.631953025185607,1
111.46000000000001,3.5877813254231885,1
111.47,4.197458922210419,1
111.48,3.1830521702493715,1
111.49000000000001,4.542005980840374,1
111.5,3.984516891092767,1
111.51,3.7334922104270483,1
111.52,3.1900084546976775,1
111.53,2.3439228258521956,1
111.54,3.226800000837035,1
111.55,4.675623679419289,1
111.56,3.7791674323167035,1
111.57000000000001,3.8768845822020026,1
111.58,4.417955717676337,1
111.59,5.1966475764492435,1
111.60000000000001,4.931500227108352,1
111.61,3.425010918816324,1
111.62,2.7051046404803123,1
111.63,5.453292309004423,1
111.64,5.559384972374755,1
111.65,4.215837246514059,1
111.66,3.1886206866476283,1
111.67,4.576286497077905,1
111.68,3.964514248741067,1
111.69,3.924565432002952,1
111.7,4.575824713527735,1
111.71000000000001,4.251501497093654,1
111.72,3.2456990520275575,1
111.73,3.744039975952578,1
111.74000000000001,4.413617555810487,1
111.75,4.355883464546774,1
111.76,4.191356945412617,1
111.77,4.61711324760976,1
111.78,3.802334343226243,1
111.79,4.1040661823702775,1
111.8,1.8160705442712817,1
111.81,3.5772181717210874,1
111.82000000000001,4.47027540863347,1
111.83,3.7749172942453892,1
111.84,3.683993210910034,1
111.85000000000001,3.305314772582927,1
111.86,4.609331720084072,1
111.87,4.392418750402644,1
111.88,4.559098007800119,1
111.89,2.9135282965134177,1
111.9,3.8307070654774624,1
111.91,3.808098294259222,1
111.92,3.8064428532382166,1
111.93,3.588690069851028,1
111.94,3.7507589346373185,1
111.95,4.53631966415179,1
111.96000000000001,2.791065854122707,1
111.97,5.080624240720888,1
111.98,4.378767581190327,1
111.99000000000001,3.995259895666107,1
112.0,4.588095836312065,1
112.01,3.093293344011089,1
112.02,3.514320413544302,1
112.03,3.8923019797371294,1
112.04,4.879553213402546,1
112.05,4.022604865121036,1
112.06,4.293364789449794,1
112.07000000000001,3.6350659693804417,1
112.08,4.2939811842014635,1
112.09,5.105880466842203,1
112.10000000000001,4.7122793611886635,1
112.11,3.989885759049293,1
112.12,4.4376711593991365,1
112.13,4.400969985999297,1
112.14,4.352746943788131,1
112.15,4.742632342755108,1
112.16,4.761175044032999,1
112.17,3.9631663243712114,1
112.18,4.41425969380288,1
112.19,3.7762925080587717,1
112.2,3.387661461330861,1
112.21000000000001,3.7884043384553094,1
112.22,3.9378127875799227,1
112.23,2.918186926847685,1
112.24000000000001,4.493299882572674,1
112.25,2.2340771582579366,1
112.26,5.655496440482878,1
112.27,5.073792440478227,1
112.28,3.8950775312619896,1
112.29,3.9998207474564476,1
112.3,4.196566165982093,1
112.31,3.6295296569251625,1
112.32000000000001,4.102748657750466,1
112.33,3.912733565838389,1
112.34,3.9335971462775943,1
112.35000000000001,4.113753019171582,1
112.36,3.154570325384321,1
112.37,3.974948201890605,1
112.38,4.104546521130279,1
112.39,4.089874155168751,1
112.4,3.8653552079402784,1
112.41,4.730196372932825,1
112.42,3.8143517682601376,1
112.43,4.136356734413673,1
112.44,4.849905594482984,1
112.45,3.9994927984734643,1
112.46000000000001,4.139119543502148,1
112.47,3.9458100307060553,1
112.48,4.799589939699239,1
112.49000000000001,3.8807562409614746,1
112.5,4.825522971029268,1
112.51,3.9823205538527375,1
112.52,3.4412968875101706,1
112.53,4.4072747908436805,1
112.54,3.8267591782689374,1
112.55,4.392204494492449,1
112.56,2.25261570184728,1
112.57000000000001,3.8985342666951057,1
112.58,3.6957068348463706,1
112.59,3.2918693981399363,1
112.60000000000001,3.5985533882784324,1
112.61,3.6036779973845654,1
112.62,3.9450861071903707,1
112.63,3.1095441809481446,1
112.64,4.151780234065691,1
112.65,4.89554651190948,1
112.66,4.236007331037847,1
112.67,4.539055665786507,1
112.68,4.742527142720681,1
112.69,4.8468218143813155,1
112.7,5.264209424117427,1
112.71000000000001,3.7519558595137,1
112.72,3.5189441454072576,1
112.73,4.479471838849315,1
112.74000000000001,4.488311934481464,1
112.75,4.532579302458913,1
112.76,5.257775899935278,1
112.77,4.082843679927731,1
112.78,4.281473331838481,1
112.79,3.3807841249115342,1
112.8,5.348305199814453,1
112.81,3.8625382257818877,1
112.82000000000001,3.7917728780152045,1
112.83,3.7625250066843816,1
112.84,3.5673244007372893,1
112.85000000000001,3.500759593123323,1
112.86,3.6302510781756667,1
112.87,3.091647133470927,1
112.88,3.4359618302354775,1
112.89,5.230701389454134,1
112.9,4.551156434173706,1
112.91,4.633822816300652,1
112.92,4.801836504680589,1
112.93,5.238149784848129,1
112.94,2.924938761710653,1
112.95,3.1375125614145722,1
112.96000000000001,3.426771578634405,1
112.97,3.6608320063795285,1
112.98,3.784631799759897,1
112.99000000000001,3.697065933914926,1
113.0,4.124117926793465,1
113.01,4.030347746751731,1
113.02,3.5328247271677906,1
113.03,2.560410465642921,1
113.04,3.2694226732045895,1
113.05,3.599803424355154,1
113.06,3.8156759151213744,1
113.07000000000001,3.2559796089686626,1
113.08,3.63690933463283,1
113.09,3.244397205885096,1
113.10000000000001,3.8730285952147936,1
113.11,3.296129001135066,1
113.12,3.406973827384502,1
113.13,3.115306285463852,1
113.14,3.8473226827491223,1
113.15,3.428662968402204,1
113.16,4.5540676572847225,1
113.17,4.296571459844123,1
113.18,3.9724723736437677,1
113.19,3.480916668444248,1
113.2,4.215747588394285,1
113.21000000000001,4.46109158471959,1
113.22,4.1202458670499995,1
113.23,5.0477429351610414,1
113.24000000000001,4.361090572324888,1
113.25,4.614440241550203,1
113.26,4.123527522157107,1
113.27,4.445802305777938,1
113.28,3.5097734116781987,1
113.29,3.6731642782616194,1
113.3,4.207067042558171,1
113.31,4.234388068291734,1
113.32000000000001,4.343416527698224,1
113.33,4.734571751154997,1
113.34,3.1195117628619324,1
113.35000000000001,3.3149176872554036,1
113.36,4.107848435767427,1
113.37,3.536482815053966,1
113.38,6.163782773692393,1
113.39,4.4644407828952435,1
113.4,3.9770431248935476,1
113.41,3.6641712028069815,1
113.42,3.6683070844873127,1
113.43,3.9996545585549916,1
113.44,4.0726363927262454,1
113.45,3.7080385592838625,1
113.46000000000001,3.80525322959574,1
113.47,4.860525936639846,1
113.48,4.949938450601426,1
113.49000000000001,4.220523248366668,1
113.5,3.1429832609734385,1
113.51,4.297975430713712,1
113.52,5.026341962821262,1
113.53,4.950334145173886,1
113.54,4.533536800043336,1
113.55,4.954921393567186,1
113.56,4.0919325448115424,1
113.57000000000001,4.413047340020276,1
113.58,3.5830759478523735,1
113.59,4.164614844477918,1
113.60000000000001,4.872517191658828,1
113.61,3.669916061207056,1
113.62,3.4212655320695045,1
113.63,4.0285295773898655,1
113.64,3.854646776107035,1
113.65,4.412464637642823,1
113.66,3.7306599781816767,1
113.67,5.098812961701016,1
113.68,3.2291495955408864,1
113.69,4.767208394510984,1
113.7,3.5497761857067154,1
113.71000000000001,2.8077009880438544,1
113.72,4.082802346042042,1
113.73,3.8397711097830163,1
113.74000000000001,3.2704395909370194,1
113.75,2.8653003804885437,1
113.76,3.9264933020437653,1
113.77,4.6287408191048875,1
113.78,4.417259206998321,1
113.79,4.061828467566454,1
113.8,4.314399873848701,1
113.81,4.001206675628376,1
113.82000000000001,3.072425928147947,1
113.83,3.022428410156954,1
113.84,3.8095240822707033,1
113.85000000000001,3.8843349426164417,1
113.86,4.54520229015118,1
113.87,4.524073038040861,1
113.88,4.424072198542709,1
113.89,3.8435887948568386,1
113.9,3.0948082366083747,1
113.91,4.213052175365342,1
113.92,4.353528182044875,1
113.93,2.47146334178436,1
113.94,3.3669450350497145,1
113.95,3.51364061941154,1
113.96000000000001,4.047607473312023,1
113.97,3.4816129462720156,1
113.98,3.944153964713974,1
113.99000000000001,3.860048074626847,1
114.0,3.888342100746513,1
114.01,3.5284831721870438,1
114.02,3.5571169917662666,1
114.03,3.27251848268184,1
114.04,4.20294986549541,1
114.05,4.382724907982684,1
114.06,3.5229642628237627,1
114.07000000000001,4.958013165145421,1
114.08,3.8533582646378655,1
114.09,4.984030219973877,1
114.10000000000001,3.642411116381021,1
114.11,2.6636423460280882,1
114.12,4.1807761312212115,1
114.13,4.172109826237475,1
114.14,4.032642279501664,1
114.15,3.585259515272119,1
114.16,3.9526841103245927,1
114.17,3.6654411118974264,1
114.18,3.783753316539275,1
114.19,4.533100567662816,1
114.2,4.151511504765084,1
114.21000000000001,4.404844805490992,1
114.22,3.873847689773461,1
114.23,3.7705201077018824,1
114.24000000000001,3.2378183527539814,1
114.25,3.7141786361841183,1
114.26,1.8280154645108126,1
114.27,3.4867278320975243,1
114.28,3.916081333908162,1
114.29,4.36069266251544,1
114.3,3.8473155759046143,1
114.31,4.216419592208393,1
114.32000000000001,2.598675197821022,1
114.33,3.879043117009003,1
114.34,2.9030325616014876,1
114.35000000000001,3.150199658269831,1
114.36,3.827573554516557,1
114.37,4.817731430192525,1
114.38,4.289913578567935,1
114.39,4.029223613354679,1
114.4,3.9890815348059423,1
114.41,3.53632181011739,1
114.42,3.6192271243563714,1
114.43,4.254447576205348,1
114.44,3.1164048508063407,1
114.45,4.331774924880988,1
114.46000000000001,3.7678318649701126,1
114.47,4.521715237905936,1
114.48,4.6548881682730725,1
114.49000000000001,2.9537479551980663,1
114.5,3.5598784442165265,1
114.51,3.418501579382357,1
114.52,2.7889597214306763,1
114.53,3.2574001069019065,1
114.54,5.5394014612176266,1
114.55,4.487831750660784,1
114.56,5.273261835163662,1
114.57000000000001,4.614338776331241,1
114.58,3.555531010992855,1
114.59,3.725627657851863,1
114.60000000000001,4.365332085555295,1
114.61,4.305786613607576,1
114.62,3.643750985802321,1
114.63,2.998897783172538,1
114.64,6.073128489945578,1
114.65,4.032805716389296,1
114.66,3.790619520541531,1
114.67,4.06097185189168,1
114.68,3.8461689765651363,1
114.69,4.0704002063137725,1
114.7,4.839232662429469,1
114.71000000000001,3.969543301056977,1
114.72,3.243772410257252,1
114.73,3.849747171961864,1
114.74000000000001,3.689667512382808,1
114.75,4.905246896126316,1
114.76,4.814170761128136,1
114.77,4.118615578269115,1
114.78,3.177436098951807,1
114.79,3.1552517818427193,1
114.8,3.959127516770945,1
114.81,4.215763728403992,1
114.82000000000001,3.7698796950304057,1
114.83,3.674644856911383,1
114.84,3.5958533902951,1
114.85000000000001,3.9605725248709076,1
114.86,2.4516291681719196,1
114.87,3.192525155334767,1
114.88,3.5447027707442147,1
114.89,4.756145190430579,1
114.9,3.517342864624834,1
114.91,4.088133525966048,1
114.92,4.1522755056646465,1
114.93,4.85126232753605,1
114.94,4.870272506720216,1
114.95,4.01490675981987,1
114.96000000000001,3.6923861425519453,1
114.97,3.5508290367240485,1
114.98,3.8166409458684853,1
114.99000000000001,3.707385053327972,1
115.0,4.341652591192206,1
115.01,4.293208330965768,1
115.02,4.401570242417682,1
115.03,4.841153936618212,1
115.04,5.259152643095138,1
115.05,4.15643437662296,1
115.06,4.722749981568043,1
115.07000000000001,3.8151976927831424,1
115.08,4.757778692661675,1
115.09,4.734204588224438,1
115.10000000000001,4.698341745293898,1
115.11,4.1029357405436855,1
115.12,3.5725260219412234,1
115.13,3.0695411460638127,1
115.14,3.918195169643151,1
115.15,4.989754620791693,1
115.16,3.8583489367507355,1
115.17,4.500913790419311,1
115.18,4.577634924339798,1
115.19,3.850594263996713,1
115.2,4.8451182881558505,1
115.21000000000001,2.1634838147933406,1
115.22,3.0964532554127824,1
115.23,3.3516984583787197,1
115.24000000000001,3.4292470739327863,1
115.25,4.183931960330233,1
115.26,4.199220839414492,1
115.27,4.267585737688653,1
115.28,4.402810071293126,1
115.29,3.4077132589438173,1
115.3,3.1740749031635738,1
115.31,4.207588175389472,1
115.32000000000001,3.603542479010959,1
115.33,2.957242881748173,1
115.34,4.56767086037317,1
115.35000000000001,4.939242749925727,1
115.36,5.0666856224102075,1
115.37,4.1853371599946705,1
115.38,4.417243091134214,1
115.39,4.913844739758417,1
115.4,3.6386615539739084,1
115.41,4.698959523329723,1
115.42,4.220622619483524,1
115.43,4.6060799246843285,1
115.44,4.157107333906525,1
115.45,4.850475313599405,1
115.46000000000001,4.196057205870645,1
115.47,3.0489148646470223,1
115.48,4.884986917086649,1
115.49000000000001,3.4383138439101346,1
115.5,4.779319267336468,1
115.51,3.9882069624724497,1
115.52,4.7623223847005685,1
115.53,4.7820100663989935,1
115.54,4.326009816251298,1
115.55,4.349513022657348,1
115.56,4.2951844612217025,1
115.57000000000001,2.711083275438532,1
115.58,3.9994410676275227,1
115.59,3.275831722032661,1
115.60000000000001,4.067621077213196,1
115.61,3.262483057952691,1
115.62,3.1869178654568655,1
115.63,4.9925430316555115,1
115.64,4.753441002576246,1
115.65,4.0425186311352705,1
115.66,4.122434366296802,1
115.67,3.8464909685215063,1
115.68,4.360541745975681,1
115.69,3.5829888632802116,1
115.7,4.619746778257149,1
115.71000000000001,3.8729747386214695,1
115.72,3.719969600908571,1
115.73,3.9972862109329785,1
115.74000000000001,3.616283998595944,1
115.75,4.190235662012656,1
115.76,3.6627577377601677,1
115.77,4.283757139237159,1
115.78,4.8060056682312595,1
115.79,3.581643608854342,1
115.8,3.890177480318442,1
115.81,4.29273536870026,1
115.82000000000001,3.7347672542752117,1
115.83,4.285350654926069,1
115.84,4.377479896162155,1
115.85000000000001,4.725500389350266,1
115.86,3.6503461410184452,1
115.87,3.3673209038756626,1
115.88,3.7624741410251845,1
115.89,3.357842718874795,1
115.9,4.327733337375653,1
115.91,3.2658861296801476,1
115.92,5.469681749337438,1
115.93,4.929016412311263,1
115.94,4.0639005080622725,1
115.95,4.566624684361445,1
115.96000000000001,2.971993054102671,1
115.97,5.575557239952428,1
115.98,3.7115851101803052,1
115.99000000000001,3.9045128966631797,1
116.0,2.7900875368967393,1
116.01,4.242922531164519,1
116.02,3.2967472395156223,1
116.03,4.023762034911194,1
116.04,3.6482847159351657,1
116.05,3.279625622566982,1
116.06,3.434884512686067,1
116.07000000000001,4.112590882733149,1
116.08,3.1752870168819207,1
116.09,3.4646665344238765,1
116.10000000000001,4.398230960344389,1
116.11,5.712458129480189,1
116.12,4.412620937751097,1
116.13,3.4296113525901855,1
116.14,3.7275823814560125,1
116.15,4.004150804426105,1
116.16,3.773532026152867,1
116.17,4.57234219925733,1
116.18,4.175443622526853,1
116.19,4.5995675225594965,1
116.2,3.831953818601411,1
116.21000000000001,4.849940138408076,1
116.22,3.9429757422806784,1
116.23,3.3664424462519156,1
116.24000000000001,5.374695032752176,1
116.25,2.898383315572782,1
116.26,3.4545879310900123,1
116.27,3.560441456213763,1
116.28,5.601088200508642,1
116.29,5.268407635776449,1
116.3,5.045408279641641,1
116.31,3.848183585680579,1
116.32000000000001,5.565065529999105,1
116.33,4.332901373877674,1
116.34,4.654050844071623,1
116.35000000000001,4.155834615206839,1
116.36,3.977254733623015,1
116.37,3.8352739926149697,1
116.38,3.854095943775904,1
116.39,4.38605275114071,1
116.4,4.261413023148929,1
116.41,3.995265245458818,1
116.42,4.979138774513957,1
116.43,2.133833062506638,1
116.44,4.218859588939215,1
116.45,4.47882122323557,1
116.46000000000001,4.772911981273379,1
116.47,4.004284250210612,1
116.48,4.135161612998559,1
116.49000000000001,4.647821546249375,1
116.5,5.006381217833116,1
116.51,3.8653864268417597,1
116.52,4.165144801344494,1
116.53,5.099016062641944,1
116.54,2.687810716751515,1
116.55,3.473568495761461,1
116.56,4.91949092143275,1
116.57000000000001,4.764039625348234,1
116.58,4.384819952599178,1
116.59,3.7320265612012564,1
116.60000000000001,3.411772227205414,1
116.61,3.5811085270724603,1
116.62,4.97925905254477,1
116.63,3.6510037360920116,1
116.64,4.0448663790620865,1
116.65,3.5136646466140284,1
116.66,4.517636063703943,1
116.67,3.6815169596472335,1
116.68,3.9175692767817085,1
116.69,2.902827103023992,1
116.7,2.887369615426217,1
116.71000000000001,3.938220766853917,1
116.72,3.136492926912124,1
116.73,5.31403071915892,1
116.74000000000001,2.7412659770178056,1
116.75,3.4052990636935005,1
116.76,3.9751539499130755,1
116.77,3.761600418143363,1
116.78,3.269294493204035,1
116.79,3.3346263600102946,1
116.8,3.3173125415374516,1
116.81,3.7730054177047685,1
116.82000000000001,5.252848417124513,1
116.83,4.125738878937305,1
116.84,4.775044409424202,1
116.85000000000001,4.375443592219942,1
116.86,4.745232780202919,1
116.87,2.2280160820418127,1
116.88,3.696139788233571,1
116.89,4.829875685000158,1
116.9,3.678833790349493,1
116.91,5.124273631750951,1
116.92,5.030247301018952,1
116.93,3.7574292504019957,1
116.94,3.658978699748305,1
116.95,3.3218819125425223,1
116.96000000000001,3.5508139534511143,1
116.97,3.1733093749601533,1
116.98,4.228623668345181,1
116.99000000000001,3.0689923098057172,1
117.0,4.335858994605282,1
117.01,4.427667178026092,1
117.02,2.947822528870069,1
117.03,4.942436523173075,1
117.04,4.389790768079535,1
117.05,4.509813222482647,1
117.06,3.5383448509476367,1
117.07000000000001,4.376118277948241,1
117.08,4.753403770427978,1
117.09,3.9812242427214426,1
117.10000000000001,5.2977786919700485,1
117.11,4.106457132104995,1
117.12,4.746562275419309,1
117.13,4.234906331843896,1
117.14,4.39399769840768,1
117.15,2.9392311097828583,1
117.16,4.177104272128777,1
117.17,3.5337531367039703,1
117.18,3.422857468329799,1
117.19,5.096996077422966,1
117.2,3.927119440101249,1
117.21000000000001,3.3446558977970193,1
117.22,3.7276643584497777,1
117.23,3.1398901113201054,1
117.24000000000001,4.878739153574732,1
117.25,3.6013465458503147,1
117.26,4.319505910533361,1
117.27,4.899051643456555,1
117.28,3.729429562065742,1
117.29,4.328957327225205,1
117.3,3.3513877912673156,1
117.31,5.547969356962546,1
117.32000000000001,4.700428696373955,1
117.33,3.917057089301733,1
117.34,3.4935865310074696,1
117.35000000000001,3.89565092873644,1
117.36,3.7731477757995684,1
117.37,5.2535158213588975,1
117.38,3.2800485482830193,1
117.39,4.0442659781683865,1
117.4,3.9907576902609736,1
117.41,3.9232662600989845,1
117.42,3.9249223459619684,1
117.43,3.9201852394703045,1
117.44,4.561681649189365,1
117.45,4.428827634951554,1
117.46000000000001,4.297531636994376,1
117.47,2.0493117809333405,1
117.48,4.077474298805771,1
117.49000000000001,2.9304217184026156,1
117.5,4.3551765327486445,1
117.51,4.978007163518901,1
117.52,3.457709683479644,1
117.53,3.7976116710835592,1
117.54,3.598977370415616,1
117.55,4.777522538032643,1
117.56,4.108308194838153,1
117.57000000000001,5.12788862046904,1
117.58,4.336129020257322,1
117.59,4.177476436156761,1
117.60000000000001,4.0549031209742905,1
117.61,4.534031138119995,1
117.62,2.9045807653642806,1
117.63,3.989648474552918,1
117.64,3.95393074828113,1
117.65,4.467908577277556,1
117.66,3.906288279703765,1
117.67,3.320416329625078,1
117.68,3.9639943104314286,1
117.69,3.295261380568361,1
117.7,2.708549832399447,1
117.71000000000001,4.39429110256493,1
117.72,4.399369375513514,1
117.73,4.327024286988077,1
117.74000000000001,4.864999130771616,1
117.75,3.6204080080023266,1
117.76,3.048676200907711,1
117.77,3.8974832258424876,1
117.78,3.7683807406703167,1
117.79,3.4395970030657734,1
117.8,3.9145673781593056,1
117.81,3.5980469208597077,1
117.82000000000001,2.7846294440525474,1
117.83,3.640829559752585,1
117.84,3.241136672934486,1
117.85000000000001,4.104768174313908,1
117.86,3.580631750320404,1
117.87,4.696096581726482,1
117.88,5.082400523411205,1
117.89,4.505746330976797,1
117.9,3.0239940983793856,1
117.91,4.91805437802468,1
117.92,5.077456300270499,1
117.93,4.076839205646056,1
117.94,4.862963137394889,1
117.95,3.6938349903867906,1
117.96000000000001,2.770755718216979,1
117.97,3.4329507928059777,1
117.98,5.087997504245256,1
117.99000000000001,3.09782403635761,1
118.0,3.9455588360420677,1
118.01,4.0188870764600715,1
118.02,3.668300687010332,1
118.03,3.692328389469096,1
118.04,4.028417032919033,1
118.05,3.636957822682505,1
118.06,3.0555447547725287,1
118.07000000000001,4.082851633989228,1
118.08,4.701402405433066,1
118.09,4.6062879642921155,1
118.10000000000001,3.5109974687406775,1
118.11,3.1588269597098653,1
118.12,3.765140293793811,1
118.13,5.003136929065595,1
118.14,4.479070936274054,1
118.15,4.485496914808737,1
118.16,4.606494762205697,1
118.17,4.309395210624766,1
118.18,4.096818029355687,1
118.19,4.435532966846112,1
118.2,3.671763600761435,1
118.21000000000001,3.062561272497448,1
118.22,4.412855014752915,1
118.23,4.827851610348919,1
118.24000000000001,3.324129847031071,1
118.25,4.492734239213068,1
118.26,5.120093499131238,1
118.27,4.065748209231319,1
118.28,3.4732013979381313,1
118.29,4.048210160048294,1
118.3,3.6456902357733414,1
118.31,3.578589067491781,1
118.32000000000001,4.25577770545157,1
118.33,2.97480055881715,1
118.34,3.001625153948549,1
118.35000000000001,3.952613990799995,1
118.36,3.982682413678717,1
118.37,4.221869098625932,1
118.38,5.23001265655258,1
118.39,4.141612491168408,1
118.4,4.396608154760222,1
118.41,3.3908424837601494,1
118.42,4.461710733147852,1
118.43,3.6861650142686626,1
118.44,4.027509804317898,1
118.45,3.931026449679829,1
118.46000000000001,4.666085170135876,1
118.47,3.1900144043268632,1
118.48,2.4699695495500302,1
118.49000000000001,3.7697168612715264,1
118.5,4.290179652840572,1
118.51,4.1162075576467,1
118.52,4.80646222896822,1
118.53,4.332167784541795,1
118.54,3.654088948715297,1
118.55,2.470445431397435,1
118.56,3.7542516793115612,1
118.57000000000001,4.652224655800003,1
118.58,3.7847615300911746,1
118.59,4.005460698612477,1
118.60000000000001,4.273718371225775,1
118.61,3.3576720221206346,1
118.62,4.365833810692057,1
118.63,5.084162032649085,1
118.64,3.952923417150695,1
118.65,3.2646057272612814,1
118.66,3.9126636695304113,1
118.67,2.5515150254852066,1
118.68,4.131683490895917,1
118.69,4.301349716799388,1
118.7,5.105282311915597,1
118.71000000000001,3.940447502098976,1
118.72,4.261463961164463,1
118.73,3.456859186771363,1
118.74000000000001,3.736151318590849,1
118.75,2.994584621163539,1
118.76,3.8132899327761187,1
118.77,3.7907039799596434,1
118.78,4.181571707403301,1
118.79,3.6062865964101185,1
118.8,4.030454071936792,1
118.81,3.7855206145187985,1
118.82000000000001,3.772044838459351,1
118.83,4.0384640934879625,1
118.84,4.0286003035251845,1
118.85000000000001,4.495587767007139,1
118.86,3.9514585734522654,1
118.87,3.770071772429599,1
118.88,3.8688912024835465,1
118.89,3.5284387071180165,1
118.9,3.738185587258313,1
118.91,5.302165700370136,1
118.92,3.485957544504437,1
118.93,3.78835715751383,1
118.94,3.735887568823222,1
118.95,3.823781157698113,1
118.96000000000001,3.7745092181065574,1
118.97,4.167649613391323,1
118.98,2.900447869830601,1
118.99000000000001,4.606973744600927,1
119.0,4.446856455256512,1
119.01,3.22040032723488,1
119.02,2.4809810062732645,1
119.03,3.2749061705085603,1
119.04,3.7990453460515248,1
119.05,5.66211079144154,1
119.06,4.452207490989154,1
119.07000000000001,2.8543159642066787,1
119.08,3.4837905041248893,1
119.09,3.9345016613542754,1
119.10000000000001,4.160667332605792,1
119.11,3.156592923849282,1
119.12,3.861810008213748,1
119.13,3.526083555874271,1
119.14,3.255414509533744,1
119.15,4.123758040172343,1
119.16,4.509539392492468,1
119.17,4.576264288066385,1
119.18,4.4072543475702,1
119.19,3.7017275113417747,1
119.2,4.445724218632561,1
119.21000000000001,4.227266918171733,1
119.22,4.10054138571081,1
119.23,3.6091482802637467,1
119.24000000000001,3.6541612832672867,1
119.25,4.0271896598184265,1
119.26,5.584692556180525,1
119.27,4.290536393947933,1
119.28,3.6208753924643755,1
119.29,3.437174158055694,1
119.3,3.6471580369580576,1
119.31,5.391520492964593,1
119.32000000000001,3.824441961164463,1
119.33,4.577870369983627,1
119.34,3.790759095256422,1
119.35000000000001,4.156909636110359,1
119.36,4.5231218290898685,1
119.37,3.66032018700335,1
119.38,3.5636474129647353,1
119.39,5.050141518690234,1
119.4,4.701840860469929,1
119.41,4.555121538084328,1
119.42,4.544114939054494,1
119.43,4.330832775618105,1
119.44,5.329041318848414,1
119.45,4.108231456319007,1
119.46000000000001,4.381038420136229,1
119.47,3.0814680003160975,1
119.48,3.4096297079887314,1
119.49000000000001,3.1854516575599274,1
119.5,4.777776430337118,1
119.51,2.3905046516583814,1
119.52,3.6423998914335662,1
119.53,2.0361404965418455,1
119.54,3.342804781492327,1
119.55,3.6420263977369003,1
119.56,4.877066034750536,1
119.57000000000001,4.3099676494874055,1
119.58,3.4780317232684337,1
119.59,4.660310019184925,1
119.60000000000001,4.051188684046398,1
119.61,4.027445786348543,1
119.62,3.221318661490994,1
119.63,3.310929566062831,1
119.64,3.423308763234989,1
119.65,3.9955439446427503,1
119.66,4.0502671507538075,1
119.67,5.0048680430566845,1
119.68,4.310127021001934,1
119.69,2.261860628445013,1
119.7,4.066121361636542,1
119.71000000000001,3.063154698947795,1
119.72,3.3170393859235796,1
119.73,3.432063301572532,1
119.74000000000001,3.5355306934052475,1
119.75,3.079895112211452,1
119.76,4.076818720379536,1
119.77,3.0892397648420773,1
119.78,4.176770653253899,1
119.79,5.462017823345068,1
119.8,3.225194433532955,1
119.81,3.7689131453773874,1
119.82000000000001,2.3488426101980298,1
119.83,3.705675027930613,1
119.84,4.399353993815606,1
119.85000000000001,4.491532831908381,1
119.86,4.079687797423759,1
119.87,4.581761117648093,1
119.88,5.686859545782544,1
119.89,5.212204416787431,1
119.9,3.7337055615855497,1
119.91,3.042504064925043,1
119.92,3.6790274487289194,1
119.93,3.3663118180800433,1
119.94,4.254826062439431,1
119.95,3.248897005599006,1
119.96000000000001,3.9076845182187094,1
119.97,4.538188846077163,1
119.98,3.9669569338287043,1
119.99000000000001,3.3840216166824137,1
120.0,4.725294662673301,1
120.01,2.824380455512161,1
120.02,3.716779907016653,1
120.03,3.955976565397633,1
120.04,4.007680591971252,1
120.05,4.117571901178186,1
120.06,4.403125338404917,1
120.07000000000001,4.0012141489797965,1
120.08,3.761265982000066,1
120.09,3.721220194390321,1
120.10000000000001,3.5865040589146946,1
120.11,4.486171147878684,1
120.12,3.609683877556657,1
120.13,4.525990638052651,1
120.14,4.043886592783705,1
120.15,3.6644279891060867,1
120.16,4.381106180780061,1
120.17,3.550873208259612,1
120.18,4.387124670421126,1
120.19,4.161250345033418,1
120.2,3.622762301741215,1
120.21000000000001,4.3203593076813,1
120.22,4.373864793582114,1
120.23,4.773464112385545,1
120.24000000000001,4.673271993616487,1
120.25,4.359149124240019,1
120.26,3.289935300076948,1
120.27,5.5461102305279715,1
120.28,3.182059788276241,1
120.29,4.56683301128875,1
120.3,4.313839404626504,1
120.31,3.2570128073430764,1
120.32000000000001,3.874770721393068,1
120.33,3.941389091177868,1
120.34,4.8435832017112315,1
120.35000000000001,3.5877982331453016,1
120.36,3.805310391796107,1
120.37,2.4726090460008883,1
120.38,5.033920855821717,1
120.39,3.3674844704671925,1
120.4,4.174158299414171,1
120.41,3.9446531627815,1
120.42,3.933093325870044,1
120.43,4.5214474968728275,1
120.44,5.115650308916949,1
120.45,4.230115391102888,1
120.46000000000001,4.438840502603799,1
120.47,4.239724778983258,1
120.48,4.674587327134335,1
120.49000000000001,3.740121693456285,1
120.5,4.682151820600232,1
120.51,4.7614535655980585,1
120.52,4.748068559311677,1
120.53,3.616561069184546,1
120.54,3.8677713345082716,1
120.55,4.147439393787257,1
120.56,3.1194043657816595,1
120.57000000000001,4.981994658078539,1
120.58,4.050954309203007,1
120.59,4.187277890351316,1
120.60000000000001,3.636859491474674,1
120.61,3.1172950023670816,1
120.62,3.555125626740359,1
120.63,4.115533559428297,1
120.64,4.4438721197448405,1
120.65,4.13160736180011,1
120.66,4.23286101940722,1
120.67,3.795299194008929,1
120.68,4.309698385385105,1
120.69,4.980686787580365,1
120.7,4.516128997710356,1
120.71000000000001,4.5562219492323015,1
120.72,4.224139667158255,1
120.73,3.0381578618989806,1
120.74000000000001,3.2644795886628533,1
120.75,4.2510053612161585,1
120.76,4.007962748129309,1
120.77,4.285860560927805,1
120.78,5.104863671396919,1
120.79,4.537364991768643,1
120.8,4.849043708379583,1
120.81,4.112374648553701,1
120.82000000000001,3.482997582422549,1
120.83,3.9314346159053044,1
120.84,3.473739806591357,1
120.85000000000001,4.979491261353305,1
120.86,4.571598084086417,1
120.87,4.372019459144048,1
120.88,4.824236891654221,1
120.89,2.7387831410210044,1
120.9,4.305927915004384,1
120.91,3.1679707532698695,1
120.92,3.9453705380147515,1
120.93,3.7944773238806206,1
120.94,4.417022507393963,1
120.95,4.173075868425477,1
120.96000000000001,4.8831355088963955,1
120.97,3.6624598305469958,1
120.98,4.439841531214044,1
120.99000000000001,4.131645610564093,1
121.0,2.946875075770495,1
121.01,3.3407875568109344,1
121.02,3.863202047024757,1
121.03,4.71347965972779,1
121.04,4.343685721837147,1
121.05,3.263112815347945,1
121.06,3.864745538696581,1
121.07000000000001,5.301095961908809,1
121.08,4.150230676729863,1
121.09,3.7966355330252117,1
121.10000000000001,4.306853044357384,1
121.11,4.513722709183501,1
121.12,3.734848134867365,1
121.13,4.310175948781495,1
121.14,3.8052175317473913,1
121.15,4.455033620981384,1
121.16,4.137403849936134,1
121.17,4.320958907795192,1
121.18,3.526677275070326,1
121.19,3.4387262583009663,1
121.2,4.579789594275414,1
121.21000000000001,3.983272705277392,1
121.22,4.183935153349915,1
121.23,3.812237887460885,1
121.24000000000001,4.5718542179643435,1
121.25,3.6399465449137685,1
121.26,3.8904147832556406,1
121.27,4.503399774517948,1
121.28,4.791259381356582,1
121.29,3.707645374598058,1
121.3,5.253958413218323,1
121.31,4.278477782473767,1
121.32000000000001,3.340026623023747,1
121.33,4.199853248755168,1
121.34,3.763490218617755,1
121.35000000000001,4.267445611757419,1
121.36,3.98824036274503,1
121.37,4.047485341819482,1
121.38,3.4113809516183373,1
121.39,4.607063241007525,1
121.4,3.2862948944302315,1
121.41,3.237778936215919,1
121.42,4.1926207639820054,1
121.43,5.0515289878955265,1
121.44,3.8343191320557763,1
121.45,4.444870280607885,1
121.46000000000001,4.723106391524643,1
121.47,4.571977227530641,1
121.48,3.832397687680802,1
121.49000000000001,3.2820411706886445,1
121.5,2.5246017119479838,1
121.51,3.7409375787210517,1
121.52,4.748833439303477,1
121.53,3.3155385763474556,1
121.54,4.413248731295307,1
121.55,3.4083084601197577,1
121.56,4.033321465448331,1
121.57000000000001,4.4612349742899555,1
121.58,3.599774369875042,1
121.59,4.0866018577248475,1
121.60000000000001,3.735872837335712,1
121.61,4.4416732307579085,1
121.62,4.179180984037357,1
121.63,4.047414673832256,1
121.64,5.013947441165988,1
121.65,4.49056024215625,1
121.66,3.5815133414826144,1
121.67,3.919179816312146,1
121.68,3.945905460321096,1
121.69,4.048867991196591,1
121.7,5.64090677030902,1
121.71000000000001,4.339073848554675,1
121.72,2.699391914025159,1
121.73,3.5697798306208504,1
121.74000000000001,2.7204078467660335,1
121.75,3.709241815590984,1
121.76,2.6931301089949766,1
121.77,3.3560746806368753,1
121.78,2.9746763349743546,1
121.79,4.187734823118653,1
121.8,4.01161404347264,1
121.81,4.197267556987921,1
121.82000000000001,3.944000086265584,1
121.83,3.0919792667550468,1
121.84,4.2787062843053265,1
121.85000000000001,5.263917310743883,1
121.86,4.341344004343703,1
121.87,3.7441284317931274,1
121.88,3.0580763865026923,1
121.89,3.354304448471526,1
121.9,4.255203509370554,1
121.91,4.711582247858614,1
121.92,4.2119524598287335,1
121.93,4.531707173968815,1
121.94,4.491064558980775,1
121.95,4.358118048358806,1
121.96000000000001,3.59425035471175,1
121.97,4.088501630085687,1
121.98,3.4548580222657637,1
121.99000000000001,3.978599890497954,1
122.0,4.21338982926419,1
122.01,5.102046916554171,1
122.02,3.2163307997001347,1
122.03,4.265395936255853,1
122.04,4.9769929313624885,1
122.05,4.550981971282674,1
122.06,4.573498031271255,1
122.07000000000001,4.415723345096007,1
122.08,4.867340398094113,1
122.09,3.3464531112496654,1
122.10000000000001,3.0615578500070946,1
122.11,3.9395836973242364,1
122.12,2.594150493988223,1
122.13,4.7141276485562535,1
122.14,4.834883011474619,1
122.15,3.768922597174344,1
122.16,3.745568660725004,1
122.17,3.9377929836608185,1
122.18,4.0300200827678205,1
122.19,4.084315324801172,1
122.2,4.367256068515052,1
122.21000000000001,3.910030389591896,1
122.22,4.606572939496701,1
122.23,4.325738202171848,1
122.24000000000001,3.6257288398303107,1
122.25,4.8438034742312315,1
122.26,3.1693517609728747,1
122.27,3.8903612598487576,1
122.28,4.620785672929869,1
122.29,3.5680963804852284,1
122.3,4.1749344465708935,1
122.31,4.363030524346382,1
122.32000000000001,3.4634490379648644,1
122.33,3.920781299930417,1
122.34,3.8937026629370233,1
122.35000000000001,3.635638671399956,1
122.36,5.471531586504048,1
122.37,3.593166404884859,1
122.38,4.627617846892515,1
122.39,3.7827964013962245,1
122.4,3.281926771941499,1
122.41,4.023624463244081,1
122.42,4.422568043658386,1
122.43,4.622607339164116,1
122.44,5.0509992640632175,1
122.45,5.974020999203029,1
122.46000000000001,4.280982126507573,1
122.47,3.5866255319430467,1
122.48,4.269035503633932,1
122.49000000000001,3.8434154624337467,1
122.5,4.591398554976677,1
122.51,3.1938461712658244,1
122.52,5.488274773066285,1
122.53,4.644725268672316,1
122.54,2.9460529657089456,1
122.55,3.4767247032078723,1
122.56,4.498100485161291,1
122.57000000000001,4.793132102150439,1
122.58,3.2221233285351714,1
122.59,4.415959210077783,1
122.60000000000001,2.7614670772736307,1
122.61,3.8677243292832144,1
122.62,4.713591639220963,1
122.63,3.6849761289843053,1
122.64,3.003363762041185,1
122.65,4.035070217814181,1
122.66,3.6097451087474894,1
122.67,4.385060397058429,1
122.68,3.4486782087380274,1
122.69,3.4656115144650643,1
122.7,2.6566518869684628,1
122.71000000000001,4.02966416081502,1
122.72,3.897380068285463,1
122.73,3.222784431807451,1
122.74000000000001,4.079109280923749,1
122.75,4.6711394965662345,1
122.76,3.9004016484680104,1
122.77,4.168018578071844,1
122.78,4.187413364436704,1
122.79,3.2298407505448212,1
122.8,5.288162853590684,1
122.81,3.771788772636533,1
122.82000000000001,4.412014509474423,1
122.83,4.523810007448043,1
122.84,3.9408552413792237,1
122.85000000000001,4.390157490484321,1
122.86,4.1829040758055696,1
122.87,3.0911685363341963,1
122.88,3.7298819659423215,1
122.89,3.5863521621619014,1
122.9,3.6755875816478008,1
122.91,3.1344602486156514,1
122.92,4.678930415078704,1
122.93,5.080155029056011,1
122.94,4.699365940965386,1
122.95,4.866318092680448,1
122.96000000000001,3.828370027820003,1
122.97,3.5768803506123388,1
122.98,3.4694430087851207,1
122.99000000000001,4.386054545065564,1
123.0,4.170488353946711,1
123.01,3.960125619561554,1
123.02,4.837937400852179,1
123.03,4.313013915474637,1
123.04,3.4746354846756664,1
123.05,3.5266847717629304,1
123.06,4.414098079226333,1
123.07000000000001,4.700752312617814,1
123.08,4.399991241884411,1
123.09,5.254755799767582,1
123.10000000000001,5.136125322559043,1
123.11,4.354324334831204,1
123.12,3.4771640554169547,1
123.13000000000001,3.1186720279934956,1
123.14,3.695775832710589,1
123.15,4.47045323583621,1
123.16,5.213408691690726,1
123.17,4.343656240473462,1
123.18,4.7789205521241644,1
123.19,3.8875726356390055,1
123.2,4.397324992700783,1
123.21000000000001,4.558057242672868,1
123.22,2.749065368832335,1
123.23,3.6566928601204474,1
123.24000000000001,4.59559467009961,1
123.25,4.213818680880491,1
123.26,3.236495524364395,1
123.27,2.3774559939539888,1
123.28,3.665318224524928,1
123.29,3.933472223866884,1
123.3,3.4224935383449204,1
123.31,4.058187261052315,1
123.32000000000001,4.332049614683043,1
123.33,4.455084226355606,1
123.34,2.4987166627756063,1
123.35000000000001,3.057176786194617,1
123.36,3.745782615586007,1
123.37,4.355989445960947,1
123.38000000000001,4.338788555676524,1
123.39,4.32649019384596,1
123.4,3.7708167528105183,1
123.41,3.773670947659216,1
123.42,3.513859145943784,1
123.43,4.469258134527808,1
123.44,3.430915718945921,1
123.45,4.517383160724487,1
123.46000000000001,4.165904186880005,1
123.47,3.9807280897741486,1
123.48,3.5727509694630717,1
123.49000000000001,3.0948502623493335,1
123.5,3.5254751610288753,1
123.51,3.757410501215986,1
123.52,2.4483530850726734,1
123.53,3.778851447858459,1
123.54,4.586480902863533,1
123.55,4.403216249396487,1
123.56,3.702240240053844,1
123.57000000000001,4.012588043390897,1
123.58,3.639899611723202,1
123.59,4.0749142463859425,1
123.60000000000001,5.003761389403753,1
123.61,4.68861573980225,1
123.62,4.37922336436502,1
123.63000000000001,3.702955404104107,1
123.64,4.4687590606308785,1
123.65,2.9336309507644236,1
123.66,3.772283613533322,1
123.67,4.365065881579385,1
123.68,4.502310668135268,1
123.69,4.464779087213864,1
123.7,4.21918143029596,1
123.71000000000001,3.8861588541089787,1
123.72,4.342223912238383,1
123.73,3.4022896109434964,1
123.74000000000001,3.4160863189638215,1
123.75,4.005020424141674,1
123.76,4.11267686926108,1
123.77,2.8222486416884243,1
123.78,4.224647064719012,1
123.79,4.514847362177665,1
123.8,3.9807459426335754,1
123.81,5.539467210317456,1
123.82000000000001,3.649259968016587,1
123.83,3.744671794771424,1
123.84,3.728349463739719,1
123.85000000000001,3.9342682403607188,1
123.86,3.782769920796423,1
123.87,3.074186793635793,1
123.88000000000001,3.5898348531246556,1
123.89,3.9120509581284257,1
123.9,4.791856185471701,1
123.91,5.476390551045135,1
123.92,4.955077553414167,1
123.93,3.55421629532946,1
123.94,3.5217915620665248,1
123.95,3.8679305008542637,1
123.96000000000001,5.149949291375536,1
123.97,3.961665044211133,1
123.98,3.1363746179544876,1
123.99000000000001,3.6230042439996306,1
124.0,4.468580101682339,1
124.01,4.475768028141654,1
124.02,3.8986397131772144,1
124.03,4.4373376045026705,1
124.04,2.551340334060318,1
124.05,3.980447833080458,1
124.06,4.557264483994664,1
124.07000000000001,3.493050068808362,1
124.08,3.426942353746866,1
124.09,2.7546109551828364,1
124.10000000000001,4.956846938911646,1
124.11,3.590154071113992,1
124.12,4.131805099965638,1
124.13000000000001,4.399747162951705,1
124.14,5.005058282138563,1
124.15,3.960450166579926,1
124.16,3.6476293459418585,1
124.17,4.0911490606095375,1
124.18,4.838617394889637,1
124.19,3.939904179659556,1
124.2,3.3768475518664616,1
124.21000000000001,2.9629225896876434,1
124.22,3.1453622616740646,1
124.23,4.5095639591165,1
124.24000000000001,3.822543396811498,1
124.25,3.595175452698446,1
124.26,3.511170269017061,1
124.27,4.025850431899857,1
124.28,3.846185630027168,1
124.29,3.813555097119277,1
124.3,4.864293726507225,1
124.31,5.049767105297841,1
124.32000000000001,3.0183573626956663,1
124.33,4.153653087931759,1
124.34,3.5051685693389634,1
124.35000000000001,3.8092376058338635,1
124.36,4.189223024714117,1
124.37,3.8733345421787297,1
124.38000000000001,4.141929113766298,1
124.39,4.445158295689615,1
124.4,4.217839452486982,1
124.41,3.5933842502635467,1
124.42,3.567360137767719,1
124.43,3.039919139406033,1
124.44,3.388346942524239,1
124.45,5.236347562016798,1
124.46000000000001,3.5603060102251036,1
124.47,3.1993196446305046,1
124.48,4.159537635786777,1
124.49000000000001,3.9379644077996185,1
124.5,3.8693713109343366,1
124.51,4.906392086641084,1
124.52,4.4106728068274474,1
124.53,3.680765613621852,1
124.54,3.7054336749857444,1
124.55,3.6562333428600695,1
124.56,4.546930386478979,1
124.57000000000001,3.832880721835494,1
124.58,2.826522947909851,1
124.59,3.8982401706938,1
124.60000000000001,2.996627451338023,1
124.61,5.356989684272762,1
124.62,3.4548660871976353,1
124.63000000000001,3.8622694202758905,1
124.64,4.159265573194711,1
124.65,3.8222661645035783,1
124.66,3.8011558504398817,1
124.67,4.261763104120687,1
124.68,5.005958876788311,1
124.69,4.558339640517734,1
124.7,4.992802978582126,1
124.71000000000001,3.3804914068887784,1
124.72,4.168743546962664,1
124.73,4.110852745005723,1
124.74000000000001,4.23444935711287,1
124.75,4.907006099147592,1
124.76,3.9111659747996796,1
124.77,3.7315676369320614,1
124.78,4.330356255708906,1
124.79,2.8660719754414656,1
124.8,3.7782878533496946,1
124.81,3.899625926027,1
124.82000000000001,3.3968222454292034,1
124.83,4.649659817973032,1
124.84,3.349767324533505,1
124.85000000000001,3.8728276728345628,1
124.86,4.182578553624913,1
124.87,4.8891132620944315,1
124.88000000000001,4.046497475217902,1
124.89,4.610193397443158,1
124.9,4.491178176404051,1
124.91,4.1095735265181315,1
124.92,3.2996665762283626,1
124.93,3.0271824079320173,1
124.94,4.0107347317262185,1
124.95,3.6485266437000967,1
124.96000000000001,4.575354803009351,1
124.97,4.518454586014662,1
124.98,3.9113263183863665,1
124.99000000000001,3.243521923933356,1
125.0,4.285991323312923,1
125.01,3.3566844140974457,1
125.02,3.46928771783396,1
125.03,3.332683982829243,1
125.04,3.8700975670091373,1
125.05,4.751460511700038,1
125.06,4.0418169681924825,1
125.07000000000001,3.7149359014349415,1
125.08,2.9930330283955353,1
125.09,4.297816393577951,1
125.10000000000001,3.511519886398571,1
125.11,4.0469400260529635,1
125.12,3.7729891106630866,1
125.13000000000001,4.530212987839612,1
125.14,3.92979325689911,1
125.15,3.9575544709701473,1
125.16,4.312620077527226,1
125.17,5.385800980498942,1
125.18,4.659598143432099,1
125.19,3.9820856820943105,1
125.2,4.001000089803017,1
125.21000000000001,3.6595159954199525,1
125.22,3.363186249560673,1
125.23,3.6031504648980244,1
125.24000000000001,3.475196430308353,1
125.25,4.39243610503869,1
125.26,3.328523936674295,1
125.27,4.824737038337283,1
125.28,4.537433684050157,1
125.29,4.045548136481367,1
125.3,4.0029396125296595,1
125.31,3.6385961325104414,1
125.32000000000001,4.153554351653439,1
125.33,4.715199146174449,1
125.34,3.586683683124551,1
125.35000000000001,2.98029184950915,1
125.36,4.395085869444541,1
125.37,4.234163185061717,1
125.38000000000001,3.287232384461975,1
125.39,3.4813883935318306,1
125.4,3.411471583748777,1
125.41,3.49459078721629,1
125.42,3.759660707381266,1
125.43,3.8126360361870635,1
125.44,3.56650440147517,1
125.45,3.482071632869139,1
125.46000000000001,3.820482393451466,1
125.47,4.098032065272271,1
125.48,3.800659575887847,1
125.49000000000001,4.739816277030341,1
125.5,4.374050992387894,1
125.51,2.9902562204204237,1
125.52,4.279225106778446,1
125.53,4.409647969839559,1
125.54,3.7425102474241316,1
125.55,3.014423141558991,1
125.56,3.946099335492645,1
125.57000000000001,3.9917643639201885,1
125.58,3.2717493174096295,1
125.59,3.014711925849324,1
125.60000000000001,3.8840754403657822,1
125.61,3.8418172977766663,1
125.62,3.7197751910575696,1
125.63000000000001,3.9290672124277997,1
125.64,3.280230801438269,1
125.65,3.6746896485324987,1
125.66,4.326518095921055,1
125.67,3.792520367704261,1
125.68,2.9027270869523116,1
125.69,3.627467193304684,1
125.7,3.2832982446309407,1
125.71000000000001,4.1303236561091285,1
125.72,4.214690355460395,1
125.73,2.9366204311738677,1
125.74000000000001,4.428666810890737,1
125.75,3.304101344039845,1
125.76,4.969888681395163,1
125.77,4.026545868641841,1
125.78,3.1928965732814425,1
125.79,3.2106201768300897,1
125.8,4.1784915115745775,1
125.81,3.756822795913837,1
125.82000000000001,3.9226975135374698,1
125.83,5.0417803478717245,1
125.84,3.608817032310889,1
125.85000000000001,4.015434659642559,1
125.86,4.922162280527322,1
125.87,4.230846709753926,1
125.88000000000001,2.9714404446076044,1
125.89,4.266197446023914,1
125.9,3.26138192939714,1
125.91,4.8684603605908325,1
125.92,3.5182073015273816,1
125.93,5.897796159467647,1
125.94,5.065943784140253,1
125.95,3.547091333843035,1
125.96000000000001,3.985811016017221,1
125.97,4.488134885194166,1
125.98,4.537749691920985,1
125.99000000000001,4.3192655504552375,1
126.0,4.831592960079874,1
126.01,3.9701097656799167,1
126.02,3.760269547888957,1
126.03,3.7605607774949203,1
126.04,4.542571045252527,1
126.05,4.269494291865357,1
126.06,4.205162931046686,1
126.07000000000001,4.528280774915987,1
126.08,2.700914676361662,1
126.09,4.123236508485112,1
126.10000000000001,4.14920801210879,1
126.11,5.091723467691761,1
126.12,3.073711280036337,1
126.13000000000001,4.954770436811519,1
126.14,4.106213851779817,1
126.15,4.323643392450049,1
126.16,5.106803222585409,1
126.17,4.4302463353283015,1
126.18,4.285585315023313,1
126.19,4.1743406533926235,1
126.2,3.696765830896083,1
126.21000000000001,3.963321381250855,1
126.22,3.5335538896258134,1
126.23,3.9430969390369213,1
126.24000000000001,2.480966366344491,1
126.25,4.187231272011822,1
126.26,3.932247222368869,1
126.27,3.777796117541848,1
126.28,4.129253172832663,1
126.29,3.0776174224984105,1
126.3,5.196423262071399,1
126.31,4.005106892096646,1
126.32000000000001,3.905678323931698,1
126.33,3.3679636948115066,1
126.34,3.9776149277522133,1
126.35000000000001,4.898556618167607,1
126.36,4.72604581846817,1
126.37,4.59794669383451,1
126.38000000000001,4.39039625704427,1
126.39,3.790791005490604,1
126.4,3.0465396224376673,1
126.41,3.812352603071766,1
126.42,3.8357009226716516,1
126.43,4.670630245279276,1
126.44,4.240979289122085,1
126.45,5.060573145170077,1
126.46000000000001,4.840599614912901,1
126.47,3.754248412137302,1
126.48,2.8205231217665756,1
126.49000000000001,4.8282327047013816,1
126.5,4.9317024426558564,1
126.51,3.1694645212504233,1
126.52,4.9294064812428955,1
126.53,4.303693069574837,1
126.54,4.1224789864162785,1
126.55,5.05506685460394,1
126.56,4.935774673715503,1
126.57000000000001,4.478748854917169,1
126.58,4.335761860909289,1
126.59,4.4200801689452325,1
126.60000000000001,3.7656359673311717,1
126.61,3.95018674253655,1
126.62,3.4115617169906893,1
126.63000000000001,3.74860785665031,1
126.64,3.7470337986642144,1
126.65,3.5726175151316566,1
126.66,4.06308213996746,1
126.67,3.7935767748052864,1
126.68,4.313479030287045,1
126.69,2.9662001696793174,1
126.7,3.8644241386980553,1
126.71000000000001,4.077219960244466,1
126.72,3.803087955613989,1
126.73,3.876331903776619,1
126.74000000000001,2.964026417360246,1
126.75,4.169134248816739,1
126.76,4.430333561438656,1
126.77,4.346041295652218,1
126.78,4.694718659964167,1
126.79,4.172441361124195,1
126.8,4.3209286871485775,1
126.81,4.120531910401805,1
126.82000000000001,4.453334722720275,1
126.83,3.003847842370643,1
126.84,3.360449673727339,1
126.85000000000001,4.991253410876488,1
126.86,2.463073225714858,1
126.87,3.816832895207966,1
126.88000000000001,4.749615899122507,1
126.89,3.984466734704533,1
126.9,3.736285097838964,1
126.91,4.068149635911524,1
126.92,3.7749743842700676,1
126.93,4.0065145068985695,1
126.94,3.5569934733869926,1
126.95,4.692759662762806,1
126.96000000000001,4.965021057099098,1
126.97,3.9713537614436696,1
126.98,3.0986867574667603,1
126.99000000000001,3.6060365938555554,1
127.0,3.8569850273863047,1
127.01,4.31942735785149,1
127.02,3.3651374852340807,1
127.03,3.462853473298538,1
127.04,4.29911266821275,1
127.05,4.627137987130369,1
127.06,3.6343200706190832,1
127.07000000000001,3.1130293895323575,1
127.08,6.077612711498334,1
127.09,4.6328872245327855,1
127.10000000000001,3.8647334643868456,1
127.11,4.555736653625075,1
127.12,3.952593135449154,1
127.13000000000001,4.559792077718302,1
127.14,4.137006445032411,1
127.15,4.067440236107315,1
127.16,3.9303512104197322,1
127.17,3.0567181688764262,1
127.18,5.200895159210156,1
127.19,3.461159249289116,1
127.2,3.0852468926281733,1
127.21000000000001,3.8070051603746977,1
127.22,3.364589567118764,1
127.23,3.928322618679711,1
127.24000000000001,4.441940449461255,1
127.25,4.672297757973345,1
127.26,4.568958740129023,1
127.27,3.835834600712304,1
127.28,4.0223266892700025,1
127.29,4.265983335678541,1
127.3,2.8754556401537608,1
127.31,4.302739207478379,1
127.32000000000001,3.0726263929902307,1
127.33,5.2681935149869465,1
127.34,3.8136305152539767,1
127.35000000000001,3.868865464720836,1
127.36,3.4927236826485215,1
127.37,3.5608206297451663,1
127.38000000000001,5.44914696931135,1
127.39,4.697087891232456,1
127.4,3.0366578852418322,1
127.41,4.918176342672407,1
127.42,4.829300707189471,1
127.43,3.8672992571757936,1
127.44,4.191031808793262,1
127.45,4.0017657572413246,1
127.46000000000001,5.279972883962882,1
127.47,3.5601422497202972,1
127.48,4.068344444897458,1
127.49000000000001,3.726307583236157,1
127.5,3.053780360979825,1
127.51,5.365225158727633,1
127.52,3.3152789124388407,1
127.53,4.101742923249816,1
127.54,2.8766876372217407,1
127.55,3.6736727412355905,1
127.56,4.254205949750033,1
127.57000000000001,3.480141079076091,1
127.58,4.349542490540299,1
127.59,3.846410901594034,1
127.60000000000001,4.743479766844569,1
127.61,4.928158682892066,1
127.62,3.674992536825928,1
127.63000000000001,4.030286052424019,1
127.64,4.120847575381616,1
127.65,4.409102604528422,1
127.66,4.03387761172331,1
127.67,4.125447032800336,1
127.68,3.849597655696114,1
127.69,4.065746820662723,1
127.7,4.846085975814475,1
127.71000000000001,4.469962666391354,1
127.72,4.483192716769175,1
127.73,4.498140518648388,1
127.74000000000001,3.9300928440191805,1
127.75,4.202669784996313,1
127.76,3.308068094134559,1
127.77,4.78172321883142,1
127.78,2.24123811155669,1
127.79,3.8379298872272183,1
127.8,4.73052212655725,1
127.81,3.1589143349605497,1
127.82000000000001,4.208923642317269,1
127.83,3.5708344431454697,1
127.84,3.7349598330866796,1
127.85000000000001,4.597851465604075,1
127.86,4.164376154228119,1
127.87,2.6899135975356208,1
127.88000000000001,3.2878616629390693,1
127.89,4.5900977557628675,1
127.9,4.326692895601407,1
127.91,5.153842533149367,1
127.92,5.160981015388209,1
127.93,3.847600314164426,1
127.94,5.615029163248353,1
127.95,4.112784868161321,1
127.96000000000001,3.3821598824277954,1
127.97,3.5518057071733966,1
127.98,2.5088797729840513,1
127.99000000000001,4.9532132342575945,1
128.0,5.091920533092881,1
128.01,3.406624611718793,1
128.02,3.8165395542673575,1
128.03,4.051025315246238,1
128.04,3.3799566611695293,1
128.05,2.824036400177067,1
128.06,3.792956081858218,1
128.07,3.779251737402036,1
128.08,3.7347426484882673,1
128.09,4.128589186863578,1
128.1,4.93522908325341,1
128.11,3.859458415410034,1
128.12,4.10215585598472,1
128.13,4.477743986505031,1
128.14000000000001,4.3882086096343755,1
128.15,3.6246367493657456,1
128.16,4.040010472083829,1
128.17000000000002,4.357660312245739,1
128.18,3.289352610715086,1
128.19,4.777181840111111,1
128.2,4.9754872295940675,1
128.21,3.58956848309625,1
128.22,4.101032822688178,1
128.23,4.422790693098031,1
128.24,3.6713571841032935,1
128.25,4.292766434489715,1
128.26,4.123490961858221,1
128.27,3.0549816550205193,1
128.28,4.241216051578476,1
128.29,3.30066871968545,1
128.3,4.56742211866023,1
128.31,3.598544153300838,1
128.32,3.871265991415641,1
128.33,4.882650239279899,1
128.34,4.3750257944412665,1
128.35,3.322107623165611,1
128.36,3.300819209393528,1
128.37,3.5692041564251973,1
128.38,4.230208753679902,1
128.39000000000001,4.246287816173263,1
128.4,3.467748090024334,1
128.41,3.210745586139203,1
128.42000000000002,4.135344198847951,1
128.43,3.8901245772883706,1
128.44,5.393071583243678,1
128.45,4.107333806869258,1
128.46,5.183579776754206,1
128.47,3.3116360312844906,1
128.48,2.9379520698830666,1
128.49,3.209533469233884,1
128.5,4.7241138298418655,1
128.51,5.182856371720371,1
128.52,3.5634707123159868,1
128.53,3.6749796715010206,1
128.54,3.2220301294744678,1
128.55,2.7778774368609316,1
128.56,4.3927989502277995,1
128.57,4.1682699649205635,1
128.58,4.0169011046297545,1
128.59,3.0926168601892563,1
128.6,5.0096083754924745,1
128.61,3.733984081171769,1
128.62,4.330271315161638,1
128.63,3.076054736761118,1
128.64000000000001,3.8209450264094587,1
128.65,4.1783088826550285,1
128.66,4.222914401657288,1
128.67000000000002,4.1137153152689585,1
128.68,4.327683425760526,1
128.69,3.2861466106434274,1
128.7,4.0852298560177225,1
128.71,4.078923069130629,1
128.72,4.15505132744268,1
128.73,4.056242750682819,1
128.74,3.1772772640544815,1
128.75,3.095610012828934,1
128.76,2.5090553095530526,1
128.77,4.440983372179218,1
128.78,4.563467151276604,1
128.79,4.581127874669316,1
128.8,4.2339218801913905,1
128.81,2.6300058210062116,1
128.82,3.251640863951903,1
128.83,4.065668907462885,1
128.84,4.091868137241277,1
128.85,3.860986600072069,1
128.86,4.231023355596644,1
128.87,4.021421366541834,1
128.88,4.079644655755476,1
128.89000000000001,3.5901345935937434,1
128.9,4.612565227817826,1
128.91,3.7572568252298058,1
128.92000000000002,3.122071768678801,1
128.93,3.4470778299601603,1
128.94,3.740729718453088,1
128.95,4.629381563711325,1
128.96,4.0103381929867306,1
128.97,3.8798419390354177,1
128.98,3.1826215436680307,1
128.99,4.460601132773877,1
129.0,3.604630639615555,1
129.01,3.9113768681793823,1
129.02,4.955068236419376,1
129.03,4.3874044695756105,1
129.04,2.9667859120401667,1
129.05,2.7898976947256093,1
129.06,3.885667380173739,1
129.07,3.206278828980886,1
129.08,4.3731726318538175,1
129.09,4.049811857769163,1
129.1,4.110295136687564,1
129.11,3.5480622751993987,1
129.12,5.102743856586584,1
129.13,5.910521721289021,1
129.14000000000001,3.9338774708412068,1
129.15,4.225094731378589,1
129.16,4.076712875817609,1
129.17000000000002,3.836110418886176,1
129.18,3.450295221304966,1
129.19,3.263059078493718,1
129.2,3.2189751688598838,1
129.21,4.216069968421074,1
129.22,3.6757843546168383,1
129.23,2.3076760311606206,1
129.24,4.187097451859654,1
129.25,3.9864008195721756,1
129.26,4.872944472068524,1
129.27,4.294469279621976,1
129.28,3.0582619271356055,1
129.29,2.496816972908467,1
129.3,3.442994510215709,1
129.31,3.560991882269895,1
129.32,4.585608502382797,1
129.33,4.029380792503467,1
129.34,4.737332759843835,1
129.35,3.18464993162505,1
129.36,4.577370468157984,1
129.37,4.502440859938838,1
129.38,2.7206577421109364,1
129.39000000000001,4.781392203242752,1
129.4,4.107522106817995,1
129.41,4.260821148286462,1
129.42000000000002,3.4544796366488826,1
129.43,4.794685952335437,1
129.44,3.278265841315308,1
129.45,4.4965813369868854,1
129.46,4.562228763154476,1
129.47,3.4016657010171896,1
129.48,5.250970142314214,1
129.49,4.225280588119068,1
129.5,4.437781287818191,1
129.51,3.0354267025906245,1
129.52,5.316170126014792,1
129.53,3.2844422198193612,1
129.54,4.622042516208315,1
129.55,3.39188586661124,1
129.56,3.5618953000160993,1
129.57,4.485480172238776,1
129.58,4.695834753583155,1
129.59,3.216904066939628,1
129.6,4.66054415112689,1
129.61,4.717646241375299,1
129.62,3.4344874536684324,1
129.63,5.003318078956998,1
129.64000000000001,3.1149476866398844,1
129.65,3.5415263253871876,1
129.66,4.283282346813124,1
129.67000000000002,3.4631784287319918,1
129.68,4.138964164782578,1
129.69,4.16475498778582,1
129.7,3.8885060980577775,1
129.71,4.533395929238122,1
129.72,3.883836663551957,1
129.73,4.143260747238981,1
129.74,4.752459783692003,1
129.75,4.55816768657796,1
129.76,4.543480830824276,1
129.77,3.2869878608123324,1
129.78,4.297719884807745,1
129.79,3.4478677492718104,1
129.8,3.135452935391178,1
129.81,3.9016020231063964,1
129.82,3.407363229371932,1
129.83,4.4774174542548835,1
129.84,4.557139230316218,1
129.85,2.79894937991496,1
129.86,3.3905102998173042,1
129.87,3.0162787715769697,1
129.88,3.6408094607903267,1
129.89000000000001,4.273779717363743,1
129.9,3.8592232518903766,1
129.91,3.6089005291281966,1
129.92000000000002,4.820126196084065,1
129.93,2.5537495238624777,1
129.94,4.71574325732742,1
129.95,3.6897945963611156,1
129.96,3.930708289147355,1
129.97,3.653673899251317,1
129.98,4.980290895879864,1
129.99,3.260122974229452,1
130.0,3.963222274839758,1
130.01,4.340010800581845,1
130.02,2.975135421594274,1
130.03,3.34165156576536,1
130.04,3.8643565723697524,1
130.05,3.4165674552305796,1
130.06,3.4358144987612085,1
130.07,3.739147847311797,1
130.08,4.405816041007559,1
130.09,3.8019837488214785,1
130.1,4.687833155057728,1
130.11,3.3938958597149558,1
130.12,3.1513503519722934,1
130.13,5.198949678611238,1
130.14000000000001,3.645034702823276,1
130.15,3.1281444275014176,1
130.16,2.817393644302406,1
130.17000000000002,4.626601858466714,1
130.18,3.8161478633031383,1
130.19,3.824354652033374,1
130.2,3.886166600535077,1
130.21,4.650396659339279,1
130.22,3.922539646767724,1
130.23,5.516242319384466,1
130.24,4.177762271322687,1
130.25,4.699582426548523,1
130.26,4.564437873149763,1
130.27,4.01021819603423,1
130.28,3.6197693260978987,1
130.29,4.19257396514907,1
130.3,4.342521259575173,1
130.31,3.649040873989412,1
130.32,4.086867923363313,1
130.33,4.807297647373742,1
130.34,5.391479866795806,1
130.35,4.637828336856145,1
130.36,5.246882102500899,1
130.37,3.6664567206196206,1
130.38,4.43538892442545,1
130.39000000000001,4.8945935362145185,1
130.4,3.4721086012823927,1
130.41,3.6532615959276318,1
130.42000000000002,5.106798609062054,1
130.43,3.43373555457495,1
130.44,3.0958601489441286,1
130.45,4.937150281493906,1
130.46,4.832723637688555,1
130.47,4.330335540321798,1
130.48,3.9901616717027157,1
130.49,3.714882307929841,1
130.5,4.165829528841542,1
130.51,5.034974253363494,1
130.52,4.216887063163243,1
130.53,5.418999119233016,1
130.54,3.502529195849739,1
130.55,3.957382308681395,1
130.56,3.755391676719973,1
130.57,3.281252257868643,1
130.58,3.857549978471444,1
130.59,4.262228329264085,1
130.6,4.355869414403874,1
130.61,5.42960436251953,1
130.62,4.387136200165326,1
130.63,4.7694702210624245,1
130.64000000000001,4.08905207336711,1
130.65,5.094114169463376,1
130.66,5.6218301700125375,1
130.67000000000002,4.441893215490345,1
130.68,3.382447691089644,1
130.69,3.606866277471109,1
130.7,4.159339113184467,1
130.71,4.3057494854431155,1
130.72,4.471503412300751,1
130.73,4.326879780788149,1
130.74,4.024144802693244,1
130.75,3.588664724681946,1
130.76,4.235589998376365,1
130.77,5.217704890231195,1
130.78,4.734821494551207,1
130.79,4.3910206892565045,1
130.8,4.691474062449492,1
130.81,3.8007313613105524,1
130.82,3.6582667431141296,1
130.83,3.4943113841593316,1
130.84,3.8883690957628834,1
130.85,3.719492504957904,1
130.86,4.76713317566617,1
130.87,3.7376243988637547,1
130.88,3.4634283795844905,1
130.89000000000001,5.228206004491713,1
130.9,3.780827045242579,1
130.91,4.086463329675181,1
130.92000000000002,4.298019112058477,1
130.93,3.2803617494713184,1
130.94,4.758439335823528,1
130.95,4.45888763504276,1
130.96,5.038657912592385,1
130.97,3.621620621741324,1
130.98,4.04161292066902,1
130.99,4.0280319282366515,1
131.0,4.172900409107437,1
131.01,3.066577871699753,1
131.02,4.0159085229676,1
131.03,3.075423436505305,1
131.04,4.177022923598521,1
131.05,2.6294922094658304,1
131.06,2.716406400113539,1
131.07,4.454082484207801,1
131.08,3.672440331028146,1
131.09,3.3393955080380433,1
131.1,4.7849251541900975,1
131.11,4.259668882227811,1
131.12,4.58141749453419,1
131.13,3.927022381256835,1
131.14000000000001,5.73424200159911,1
131.15,3.71182842965041,1
131.16,5.114588912802412,1
131.17000000000002,4.0270592717051334,1
131.18,2.9281293221135494,1
131.19,4.248974001673574,1
131.2,4.219165500806445,1
131.21,3.331021906354588,1
131.22,3.3614987536467744,1
131.23,3.9456653795095065,1
131.24,4.223666428789062,1
131.25,2.4103821341985974,1
131.26,4.587918609155457,1
131.27,3.7144305178447072,1
131.28,3.1187895156286025,1
131.29,4.557718588785473,1
131.3,4.01813908665565,1
131.31,4.790171903216086,1
131.32,4.33156641898642,1
131.33,4.018911331789053,1
131.34,3.902039070820638,1
131.35,4.3073203554673425,1
131.36,3.750128170908773,1
131.37,3.4318339168766823,1
131.38,4.361636727671678,1
131.39000000000001,3.927950309916089,1
131.4,4.017456680281078,1
131.41,4.707868570722623,1
131.42000000000002,3.9685856749745727,1
131.43,4.0078695865484715,1
131.44,3.611402215248275,1
131.45,4.256160669892925,1
131.46,4.242348115744445,1
131.47,4.59898986547694,1
131.48,3.660183839536267,1
131.49,3.6825661289439484,1
131.5,4.494915640798706,1
131.51,4.1933380353604335,1
131.52,3.4236197312732273,1
131.53,4.813147281361108,1
131.54,2.946784946281485,1
131.55,4.445673745895277,1
131.56,3.205834234108773,1
131.57,5.175904227880137,1
131.58,3.0683732422623837,1
131.59,4.6917159694815,1
131.6,3.9885362224788548,1
131.61,3.7614498146891906,1
131.62,4.105977705922456,1
131.63,4.416353892819648,1
131.64000000000001,3.438180009693637,1
131.65,3.4369841114347,1
131.66,4.387701486049314,1
131.67000000000002,2.9154885616220163,1
131.68,3.555864567464581,1
131.69,5.946237582895464,1
131.7,3.488699424315827,1
131.71,4.714049640019637,1
131.72,3.662661159255871,1
131.73,4.310042893862525,1
131.74,4.443167486081689,1
131.75,4.7590898567175595,1
131.76,3.915614912199817,1
131.77,5.28538281682154,1
131.78,3.6947443475004405,1
131.79,4.133653644726791,1
131.8,4.167161991871802,1
131.81,3.282064327809334,1
131.82,3.7714416660370063,1
131.83,4.091081133292538,1
131.84,3.7250922274282385,1
131.85,5.567247655222959,1
131.86,3.549911545835635,1
131.87,4.738239426239203,1
131.88,4.5999902826605,1
131.89000000000001,4.027005262852384,1
131.9,3.44024763806894,1
131.91,3.4679485691866323,1
131.92000000000002,3.6320047378040856,1
131.93,2.81927965208095,1
131.94,3.278079365458855,1
131.95,2.994811088328134,1
131.96,4.812931323848382,1
131.97,4.450052181068374,1
131.98,4.536965876307157,1
131.99,4.414269166538757,1
132.0,4.133189576906139,1
132.01,4.955723053638509,1
132.02,3.661062893593215,1
132.03,4.048874133581608,1
132.04,4.4876458391999074,1
132.05,3.172019958189972,1
132.06,5.9594777043849465,1
132.07,4.136102955992064,1
132.08,4.1002930427918605,1
132.09,4.8215164299789235,1
132.1,4.642940489329675,1
132.11,4.063282550516295,1
132.12,4.088228699078629,1
132.13,3.029358617335537,1
132.14000000000001,3.5807104134133003,1
132.15,4.310423583750327,1
132.16,4.306635937518804,1
132.17000000000002,4.810725841618926,1
132.18,3.970458976006623,1
132.19,3.0981158934991413,1
132.2,4.6315242442655435,1
132.21,4.969667790209025,1
132.22,4.64098714606094,1
132.23,3.9322889667182968,1
132.24,4.6735652383196715,1
132.25,6.2651902825887,1
132.26,4.210625571659596,1
132.27,3.1615448000207826,1
132.28,3.5692939777722326,1
132.29,4.379984572129182,1
132.3,2.9815555861953076,1
132.31,4.048806953563668,1
132.32,4.249701844821265,1
132.33,5.0110135297324945,1
132.34,4.9107531581135335,1
132.35,4.6156128278688975,1
132.36,2.6337280286893776,1
132.37,4.515629611174052,1
132.38,4.488695282702071,1
132.39000000000001,4.195385837146228,1
132.4,2.8891049533325575,1
132.41,3.429352901120658,1
132.42000000000002,3.2086927873914117,1
132.43,2.645125767069848,1
132.44,3.9168161114069218,1
132.45,3.4773588812509937,1
132.46,5.672015783086933,1
132.47,3.9908168275571807,1
132.48,4.838873504994158,1
132.49,3.0322555453499964,1
132.5,3.597997865824792,1
132.51,4.038750018639294,1
132.52,3.4130884326545488,1
132.53,3.690849281016776,1
132.54,3.8400381002793518,1
132.55,3.838636014570008,1
132.56,5.1939727876527435,1
132.57,4.3170425290449055,1
132.58,4.330142884460363,1
132.59,4.369952211024287,1
132.6,4.41968685880973,1
132.61,3.9714017372185073,1
132.62,3.7901745743817337,1
132.63,4.095645562385942,1
132.64000000000001,4.756306619604575,1
132.65,4.776114332911154,1
132.66,3.890589370590032,1
132.67000000000002,4.491634576648848,1
132.68,3.903245912946201,1
132.69,4.01617094763681,1
132.7,3.6937345807240596,1
132.71,3.86376745098431,1
132.72,4.862119821116322,1
132.73,4.111692704800058,1
132.74,4.0944767696025295,1
132.75,3.066671821129776,1
132.76,3.7433539108997405,1
132.77,3.8280291402203055,1
132.78,3.4517094554161676,1
132.79,3.9811597135457575,1
132.8,3.7204036901885953,1
132.81,4.035127847781408,1
132.82,4.080942340554218,1
132.83,3.3847354486721484,1
132.84,3.704394869982142,1
132.85,4.032466366460534,1
132.86,4.770355732587965,1
132.87,4.212788174027366,1
132.88,3.5832845859310236,1
132.89000000000001,4.233882912186059,1
132.9,5.121940119297032,1
132.91,4.662102100734395,1
132.92000000000002,4.394977187201048,1
132.93,4.494482539365417,1
132.94,4.963952814055013,1
132.95,4.755734966927423,1
132.96,4.413074638220873,1
132.97,4.718150482319556,1
132.98,3.341282489183553,1
132.99,2.985763770414196,1
133.0,4.041075977998772,1
133.01,4.047026591071226,1
133.02,3.649917009213805,1
133.03,4.514832137125428,1
133.04,2.8222101125645622,1
133.05,3.5823568879869683,1
133.06,3.6602882186757224,1
133.07,2.917937332028683,1
133.08,4.90490098257701,1
133.09,3.1724049336287736,1
133.1,3.5686122372745164,1
133.11,4.563240282665625,1
133.12,4.452967335623778,1
133.13,3.3081622208303565,1
133.14000000000001,4.401308486936755,1
133.15,4.212099066810467,1
133.16,5.5264669466549545,1
133.17000000000002,4.353676250840281,1
133.18,3.9295787932824724,1
133.19,3.4400514662827897,1
133.2,3.48351644929727,1
133.21,3.433228095848782,1
133.22,4.855602282809706,1
133.23,4.062995537972261,1
133.24,4.3705284274478515,1
133.25,5.004719378563169,1
133.26,2.530043361268379,1
133.27,4.741572917343128,1
133.28,4.080437494874784,1
133.29,4.287098225731571,1
133.3,3.4797339050592657,1
133.31,3.4788374674386864,1
133.32,4.285907611050312,1
133.33,5.564350531940641,1
133.34,4.7448397502752435,1
133.35,4.865798287120787,1
133.36,3.927371915585608,1
133.37,3.606212441052485,1
133.38,3.4697638934010406,1
133.39000000000001,3.651379707888904,1
133.4,2.6471781218388246,1
133.41,3.448482034779151,1
133.42000000000002,3.6033355749568035,1
133.43,3.8624226751900848,1
133.44,4.077228645235592,1
133.45,4.239802333455187,1
133.46,4.004704126349916,1
133.47,3.623025143233347,1
133.48,2.7034975912304287,1
133.49,3.5489329779773544,1
133.5,3.3419818572660436,1
133.51,4.2629165080679075,1
133.52,4.605746972873865,1
133.53,4.645316893714618,1
133.54,4.529851858895495,1
133.55,3.945155749456347,1
133.56,3.6580494660304117,1
133.57,3.4947410764184745,1
133.58,2.991575532786513,1
133.59,4.583037922161557,1
133.6,3.9216246968922053,1
133.61,3.186635823867472,1
133.62,3.4149466219954605,1
133.63,3.4023793241526126,1
133.64000000000001,3.992058290675006,1
133.65,4.6921275371792035,1
133.66,3.815741959860713,1
133.67000000000002,2.5274355733914415,1
133.68,3.7889004571085985,1
133.69,3.885990903995347,1
133.7,3.847224698070105,1
133.71,3.5837185151483575,1
133.72,4.116103880279834,1
133.73,4.049880502786676,1
133.74,3.9868822036458984,1
133.75,4.266946591468555,1
133.76,3.737128818275597,1
133.77,3.668516862323726,1
133.78,4.875574949829509,1
133.79,4.415460477411597,1
133.8,4.561474169021082,1
133.81,4.82922059482624,1
133.82,4.3910010435860185,1
133.83,4.625825509942167,1
133.84,3.0128246751411814,1
133.85,4.0732304219138,1
133.86,3.8858407984854844,1
133.87,5.08168044681925,1
133.88,4.6667840986361195,1
133.89000000000001,3.6309559578322554,1
133.9,4.219736998088003,1
133.91,4.121980722580166,1
133.92000000000002,4.302102227852889,1
133.93,3.3570716490434083,1
133.94,4.1950134023018695,1
133.95,3.863669604856211,1
133.96,4.175081758747403,1
133.97,3.5405028429923027,1
133.98,3.592824250265232,1
133.99,4.737192134804875,1
134.0,3.3619570350876233,1
134.01,3.3273220655099456,1
134.02,3.926171911224465,1
134.03,3.4947454968084712,1
134.04,3.3954525359538534,1
134.05,4.031903483711702,1
134.06,3.0253839167813554,1
134.07,3.2875279614269,1
134.08,5.290008347889199,1
134.09,4.375521218684123,1
134.1,3.538139360817199,1
134.11,4.243638409705539,1
134.12,4.382718739488831,1
134.13,4.66816798354903,1
134.14000000000001,3.957587566557386,1
134.15,4.631035228376467,1
134.16,2.7152590053198655,1
134.17000000000002,3.2375522503217127,1
134.18,4.060577643740079,1
134.19,4.217510435985777,1
134.2,3.421459886289941,1
134.21,4.133606792446607,1
134.22,3.6032507970799172,1
134.23,3.7964959708814416,1
134.24,4.6526926623048155,1
134.25,4.628906517006648,1
134.26,3.3908127906159087,1
134.27,3.2774734166286748,1
134.28,3.689867204507544,1
134.29,3.964038257895088,1
134.3,3.570978713148658,1
134.31,4.649457661177253,1
134.32,4.2643640442049655,1
134.33,4.279341616113074,1
134.34,3.194993444653818,1
134.35,4.709071611464748,1
134.36,2.212737134748633,1
134.37,4.433923547063519,1
134.38,4.632243911971589,1
134.39000000000001,3.757380228516608,1
134.4,4.811343807175067,1
134.41,4.007741109708724,1
134.42000000000002,4.040971962793285,1
134.43,4.222754422730267,1
134.44,6.080907303877343,1
134.45,4.997162072571243,1
134.46,4.514743941689762,1
134.47,3.4386306643770883,1
134.48,4.059483074855624,1
134.49,3.4759905364453294,1
134.5,4.501968745984762,1
134.51,4.121257164446566,1
134.52,3.277653214740465,1
134.53,4.009295170765558,1
134.54,3.4494310694201165,1
134.55,4.065079325537705,1
134.56,3.446510530595375,1
134.57,3.9846254039925233,1
134.58,4.486004093088486,1
134.59,3.994738577629072,1
134.6,3.74606469261619,1
134.61,4.116655377629665,1
134.62,4.4593515870490865,1
134.63,3.309188542192835,1
134.64000000000001,4.127672570422853,1
134.65,4.862518973955049,1
134.66,4.42395638076959,1
134.67000000000002,4.062909944903442,1
134.68,4.4188548083067625,1
134.69,4.318724086773145,1
134.7,4.508081657888986,1
134.71,2.7172994873640746,1
134.72,2.915110664777479,1
134.73,4.586868876951914,1
134.74,3.0585434326668017,1
134.75,4.204042495390723,1
134.76,3.7838225427770795,1
134.77,3.3406729352262863,1
134.78,4.187303259198157,1
134.79,4.141674551698134,1
134.8,5.377751869861802,1
134.81,3.677269517465824,1
134.82,4.915021301080733,1
134.83,4.283563465834001,1
134.84,3.58812367786045,1
134.85,4.493861656577713,1
134.86,4.396699216442155,1
134.87,4.047058120178197,1
134.88,4.175603622415176,1
134.89000000000001,3.623193751753063,1
134.9,3.4415970357488725,1
134.91,4.4592438866509365,1
134.92000000000002,3.8822562527555005,1
134.93,3.9409752078909004,1
134.94,4.178014863386268,1
134.95,4.182807648696666,1
134.96,3.083580072555728,1
134.97,4.779572388740941,1
134.98,4.125400831107161,1
134.99,3.876036747128395,1
135.0,4.272107563862679,1
135.01,4.169801875786609,1
135.02,4.5078805881946185,1
135.03,4.379532213774572,1
135.04,4.488531344330368,1
135.05,4.905875831349974,1
135.06,4.627673733854584,1
135.07,3.9335323189923552,1
135.08,3.267441166590275,1
135.09,5.038162043507238,1
135.1,3.908047917055937,1
135.11,3.6875170910935053,1
135.12,2.8544123963680654,1
135.13,4.150875891646573,1
135.14000000000001,4.105654491681689,1
135.15,3.0232888437084053,1
135.16,4.235494649221133,1
135.17000000000002,3.690888340587049,1
135.18,5.727007548601918,1
135.19,3.734202431270733,1
135.2,3.701686115231655,1
135.21,3.4145210321320927,1
135.22,4.793994537044061,1
135.23,3.805771946741143,1
135.24,3.518001031128507,1
135.25,4.429772935187845,1
135.26,3.1301734371609977,1
135.27,4.353400222523452,1
135.28,5.177027712275558,1
135.29,4.438253225200505,1
135.3,4.440182085132231,1
135.31,4.590931177817776,1
135.32,5.144763927344159,1
135.33,4.853700057403099,1
135.34,4.336492445539145,1
135.35,4.60666045069226,1
135.36,3.461579403924473,1
135.37,4.471376515808196,1
135.38,3.3758487709260083,1
135.39000000000001,3.7244161575466324,1
135.4,1.9834094051484494,1
135.41,4.13946374672828,1
135.42000000000002,3.59060502705664,1
135.43,4.696379479457783,1
135.44,4.2949510286925126,1
135.45,4.7470430152724115,1
135.46,3.3417537779221047,1
135.47,4.634240143772518,1
135.48,5.404394959072435,1
135.49,4.580071721178815,1
135.5,4.547605616841634,1
135.51,4.14289621847729,1
135.52,3.6681534816873387,1
135.53,4.473972853099573,1
135.54,3.051248185196174,1
135.55,3.6720232740991428,1
135.56,2.8312084796727603,1
135.57,3.4733198837739043,1
135.58,4.384976632706574,1
135.59,4.351012449116209,1
135.6,4.054095026312412,1
135.61,4.113806798800046,1
135.62,2.7832248573171414,1
135.63,3.685264299952031,1
135.64000000000001,3.539035213951353,1
135.65,3.5447251090823855,1
135.66,4.3617074751340414,1
135.67000000000002,3.4633803876005014,1
135.68,3.575468385145495,1
135.69,2.620377166063694,1
135.7,3.726386997110799,1
135.71,3.277762731303096,1
135.72,4.008054916548743,1
135.73,3.383376864348581,1
135.74,4.030832646759031,1
135.75,3.907973649292049,1
135.76,5.079347518724248,1
135.77,4.387370268865815,1
135.78,2.8296319159107437,1
135.79,3.1090814205663153,1
135.8,3.9823654394695636,1
135.81,3.3956296629088696,1
135.82,2.037774422515498,1
135.83,4.757891176519709,1
135.84,4.512775659715836,1
135.85,4.368791414832282,1
135.86,3.628078713961927,1
135.87,4.255173791016001,1
135.88,3.558301061326203,1
135.89000000000001,4.1064154096759165,1
135.9,3.4090838812840194,1
135.91,4.948356868719106,1
135.92000000000002,3.0380864202973594,1
135.93,4.741826602383543,1
135.94,4.069759311783203,1
135.95,3.686605204457823,1
135.96,4.089552641779988,1
135.97,4.481190572395644,1
135.98,4.9156562777324755,1
135.99,4.258115634029204,1
136.0,3.4375775366360397,1
136.01,4.00234908671692,1
136.02,5.178928984412067,1
136.03,4.945148289622705,1
136.04,4.646340946234492,1
136.05,4.5550452266700985,1
136.06,4.487126178038775,1
136.07,4.781061247587267,1
136.08,3.7505897015128498,1
136.09,3.1058163195138246,1
136.1,3.9911204477622864,1
136.11,3.4689966283833185,1
136.12,3.283611793932673,1
136.13,3.489679118610049,1
136.14000000000001,5.581924359014942,1
136.15,4.183237064270494,1
136.16,4.24581050354587,1
136.17000000000002,3.2216442596143104,1
136.18,2.7570183682978344,1
136.19,3.3939960396814626,1
136.2,4.896782686779824,1
136.21,4.270694559234138,1
136.22,4.404627495278145,1
136.23,4.503480673819087,1
136.24,3.646524246148897,1
136.25,4.87934370045393,1
136.26,3.6421767349724385,1
136.27,4.890934862324609,1
136.28,4.340434533120368,1
136.29,2.8596417918207333,1
136.3,3.4462483013931835,1
136.31,2.8086551127312624,1
136.32,4.6832904258387975,1
136.33,4.024948368564494,1
136.34,2.55568382747897,1
136.35,4.157136482539641,1
136.36,3.660900467241371,1
136.37,3.016917840379526,1
136.38,5.029727874337555,1
136.39000000000001,4.131393847783871,1
136.4,3.8174968436447765,1
136.41,3.7298914513246006,1
136.42000000000002,3.0019339654638597,1
136.43,3.0936869515788845,1
136.44,4.779312419166934,1
136.45,3.7392898226458335,1
136.46,3.9986755524784043,1
136.47,2.6734997468387167,1
136.48,3.0651937196799857,1
136.49,4.339575637160106,1
136.5,4.265444861096252,1
136.51,5.153567272219145,1
136.52,4.940562976301239,1
136.53,3.9067418216776764,1
136.54,4.301270471775011,1
136.55,3.8126547504325683,1
136.56,5.321979372035058,1
136.57,4.824832755466552,1
136.58,4.159586563828481,1
136.59,4.139597130704638,1
136.6,4.94583651555296,1
136.61,4.432797074079573,1
136.62,5.037250796564169,1
136.63,2.6389327778777902,1
136.64000000000001,4.21759421303139,1
136.65,3.678626593262732,1
136.66,5.120306472505865,1
136.67000000000002,5.070566617264256,1
136.68,4.085538820416572,1
136.69,5.001494157270335,1
136.70000000000002,5.217025962436029,1
136.71,4.12129876020043,1
136.72,5.611140107536853,1
136.73,4.076333359427286,1
136.74,3.8653925996572704,1
136.75,4.553726754221903,1
136.76,3.8036739383799745,1
136.77,4.043591353006898,1
136.78,4.91709733172545,1
136.79,4.067495587513697,1
136.8,2.9042731287083727,1
136.81,4.172583838655594,1
136.82,3.5585796019426414,1
136.83,4.534927748329716,1
136.84,4.483803703809021,1
136.85,4.983715357949676,1
136.86,4.647856146844776,1
136.87,4.746253417278208,1
136.88,3.6106458599864943,1
136.89000000000001,4.498288461602731,1
136.9,5.307085481253175,1
136.91,3.631609135110962,1
136.92000000000002,5.145618845384611,1
136.93,3.71230289055815,1
136.94,3.429954569251904,1
136.95000000000002,4.157980695355282,1
136.96,4.473982241804507,1
136.97,4.6200088056402855,1
136.98,3.4131812314310057,1
136.99,4.246733066791154,1
137.0,3.5699963345831214,1
137.01,3.0081439233323195,1
137.02,3.33789763151644,1
137.03,3.473067965572425,1
137.04,4.306810115595297,1
137.05,4.765998182474743,1
137.06,3.090100787371711,1
137.07,4.173768579737093,1
137.08,3.2469502722090224,1
137.09,4.362985838641102,1
137.1,3.6177335243640916,1
137.11,3.2949313137444416,1
137.12,4.476541362751796,1
137.13,3.6477801068186326,1
137.14000000000001,3.7738602491632167,1
137.15,2.546038437136357,1
137.16,4.52691222754385,1
137.17000000000002,4.564243943466651,1
137.18,4.037395843955566,1
137.19,3.0111050199021157,1
137.20000000000002,4.725340029409917,1
137.21,3.6112294316331526,1
137.22,3.682524925111632,1
137.23,5.481072601619928,1
137.24,3.6323246643316605,1
137.25,4.459506786824037,1
137.26,4.392272136665562,1
137.27,4.2766913405138,1
137.28,4.1995715949741905,1
137.29,4.256186089256849,1
137.3,4.191814092105321,1
137.31,3.9778227115703073,1
137.32,4.979233597858914,1
137.33,3.2070618489333382,1
137.34,4.615175295028474,1
137.35,4.570470003870529,1
137.36,4.487369765383381,1
137.37,4.753970769657512,1
137.38,3.985157078230531,1
137.39000000000001,2.7864649466552254,1
137.4,3.880282326658267,1
137.41,3.3497014409886146,1
137.42000000000002,3.4861306473651523,1
137.43,3.163049992497336,1
137.44,3.6400678385966634,1
137.45000000000002,3.5912973483266595,1
137.46,2.4328417162456395,1
137.47,4.360294747008159,1
137.48,5.46222677373299,1
137.49,4.481077845160758,1
137.5,3.8972017340559586,1
137.51,3.9583110578887135,1
137.52,3.724350846828189,1
137.53,4.041882636685252,1
137.54,3.9785010355634056,1
137.55,3.453013496260195,1
137.56,5.059087507898218,1
137.57,3.0986365365168425,1
137.58,4.411992489594022,1
137.59,3.959059599596551,1
137.6,5.230858277358036,1
137.61,4.29501431499375,1
137.62,3.784183728873252,1
137.63,3.8263314234783836,1
137.64000000000001,4.015472503916401,1
137.65,3.2594526691300025,1
137.66,3.4580000151359584,1
137.67000000000002,2.8093566883142183,1
137.68,3.32970727397482,1
137.69,4.0207116798723215,1
137.70000000000002,4.196004961365053,1
137.71,2.7275138996716404,1
137.72,3.8346239094387107,1
137.73,4.355634118617273,1
137.74,3.915635900544754,1
137.75,3.5837177355761116,1
137.76,3.7076009831815924,1
137.77,3.6315931418321123,1
137.78,3.5647663715307063,1
137.79,4.0866677168100765,1
137.8,5.502494981430635,1
137.81,3.6076156663290493,1
137.82,3.7700367912385895,1
137.83,3.9526590880056234,1
137.84,3.5511840927256153,1
137.85,4.685638223435049,1
137.86,2.502839237689898,1
137.87,3.5656037929587443,1
137.88,4.50488186587511,1
137.89000000000001,3.8394760120807,1
137.9,3.4577844849567585,1
137.91,4.253442809125752,1
137.92000000000002,4.603268293869094,1
137.93,4.172862471351769,1
137.94,3.4905167874308107,1
137.95000000000002,4.2654289255623405,1
137.96,3.755064512158125,1
137.97,4.46880268921126,1
137.98,4.990509458924862,1
137.99,2.3688569497641745,1
138.0,3.9741952084543315,1
138.01,2.872257293222698,1
138.02,5.5166385495708905,1
138.03,3.78726556553569,1
138.04,4.471504497076808,1
138.05,4.005375669069395,1
138.06,3.4792580188098796,1
138.07,3.370500775201923,1
138.08,4.991064591662636,1
138.09,4.679704158666502,1
138.1,5.301835862646952,1
138.11,4.114089880711481,1
138.12,4.193655976969417,1
138.13,3.8382577369343402,1
138.14000000000001,3.8040282212118717,1
138.15,3.3122352939596085,1
138.16,4.0132423611927,1
138.17000000000002,3.4887085060875274,1
138.18,4.256045810163473,1
138.19,4.125670299647013,1
138.20000000000002,4.194196654901245,1
138.21,5.098524590969255,1
138.22,4.0414389779004,1
138.23,4.493472721664344,1
138.24,5.360687084745841,1
138.25,4.929412199805534,1
138.26,4.8039746109584485,1
138.27,3.8492502853066397,1
138.28,4.139954078612067,1
138.29,3.153061428808169,1
138.3,4.272893790201591,1
138.31,4.194451334925332,1
138.32,4.0268400261816435,1
138.33,4.668084112439065,1
138.34,3.2564457827939908,1
138.35,5.016133086069717,1
138.36,4.6460590163692,1
138.37,3.9929341704763237,1
138.38,3.903075988659814,1
138.39000000000001,4.306019027112719,1
138.4,5.005133442181235,1
138.41,4.126234035462564,1
138.42000000000002,4.101025460320783,1
138.43,4.017817320344065,1
138.44,5.157297864408083,1
138.45000000000002,3.8300958373205214,1
138.46,3.9706603661547755,1
138.47,4.947759033745651,1
138.48,4.152250426116092,1
138.49,4.746891726247279,1
138.5,3.453548625563526,1
138.51,3.834013187288597,1
138.52,4.953184562469504,1
138.53,3.618362289439856,1
138.54,3.87893454099792,1
138.55,4.159280880042027,1
138.56,3.3677647703519122,1
138.57,3.693573903483829,1
138.58,4.054696373657561,1
138.59,4.033570242751213,1
138.6,4.8327436656019,1
138.61,5.050106665576431,1
138.62,3.507553755517888,1
138.63,4.042647461245391,1
138.64000000000001,4.440030666365643,1
138.65,5.010251966621982,1
138.66,4.526792419670411,1
138.67000000000002,4.220360580650924,1
138.68,4.445693722729845,1
138.69,4.463902345387661,1
138.70000000000002,3.425906255105899,1
138.71,4.0906478124648125,1
138.72,4.952184757338878,1
138.73,3.92259201194919,1
138.74,4.0793442492477885,1
138.75,3.8474089628394226,1
138.76,2.489545522125387,1
138.77,3.9227322343021287,1
138.78,4.191175274063421,1
138.79,3.678949970267661,1
138.8,3.2315751246973243,1
138.81,3.3825315471331807,1
138.82,4.458778937663961,1
138.83,5.307357903940119,1
138.84,4.975404240487597,1
138.85,3.1862736542652126,1
138.86,4.505683355614453,1
138.87,3.6000620566103008,1
138.88,3.5982119994623836,1
138.89000000000001,3.676149580073943,1
138.9,4.438685649049339,1
138.91,4.648712495268315,1
138.92000000000002,3.97531735315058,1
138.93,3.9459179978222965,1
138.94,4.297982834641346,1
138.95000000000002,4.3864102679807395,1
138.96,4.7863539005948645,1
138.97,3.2138435200496387,1
138.98,3.965824928961193,1
138.99,3.3049843665867664,1
139.0,3.925246236809492,1
139.01,3.8487657008948992,1
139.02,3.9605935431939874,1
139.03,3.4787392781473963,1
139.04,3.003727689103588,1
139.05,2.581291970309252,1
139.06,3.8297640371088004,1
139.07,3.7101398493918687,1
139.08,3.5440404689552683,1
139.09,4.830750152120439,1
139.1,3.4922166370098893,1
139.11,4.888815961116899,1
139.12,5.1069257812689965,1
139.13,2.800614855013455,1
139.14000000000001,3.987976655889938,1
139.15,3.7399439468439786,1
139.16,2.0951339550207715,1
139.17000000000002,2.948382977024456,1
139.18,4.439703955516811,1
139.19,5.336497158415023,1
139.20000000000002,4.665873536597575,1
139.21,4.24993452793666,1
139.22,4.001155005006023,1
139.23,5.091829704170935,1
139.24,5.459349557479595,1
139.25,3.70680045675325,1
139.26,2.6847588572642422,1
139.27,2.5597207730188747,1
139.28,4.771257896072347,1
139.29,4.015742530395736,1
139.3,4.119837207284843,1
139.31,2.8453640376341376,1
139.32,3.442031074512247,1
139.33,3.774805359690105,1
139.34,4.121339880610873,1
139.35,3.7486623407028508,1
139.36,3.311872477473381,1
139.37,3.4496625744775735,1
139.38,4.750974877429956,1
139.39000000000001,4.20388183915992,1
139.4,4.4094179656425485,1
139.41,3.4413497314487067,1
139.42000000000002,2.0499548078418712,1
139.43,3.543592072857208,1
139.44,3.4103594656885337,1
139.45000000000002,4.19107083002234,1
139.46,6.1433369008406515,1
139.47,4.579644047931286,1
139.48,5.809948786925182,1
139.49,4.477631168647639,1
139.5,3.6199694470613415,1
139.51,4.202936188774296,1
139.52,5.167506035430499,1
139.53,5.257123531491951,1
139.54,3.702131874305328,1
139.55,4.146400822655497,1
139.56,3.081434327555468,1
139.57,4.4799549334692035,1
139.58,5.036658786763221,1
139.59,4.088022565035457,1
139.6,3.5722632619348675,1
139.61,4.207999180931489,1
139.62,4.283339453797855,1
139.63,4.069648834048259,1
139.64000000000001,4.120134475639265,1
139.65,3.8944319624655432,1
139.66,4.639870303196541,1
139.67000000000002,4.516077894792189,1
139.68,3.393098895801184,1
139.69,3.307885498772379,1
139.70000000000002,3.7934276452664886,1
139.71,4.465686912659909,1
139.72,4.124005150428654,1
139.73,3.590145706884996,1
139.74,4.145089577650837,1
139.75,3.7940659342493244,1
139.76,4.558929057217302,1
139.77,4.249633696514356,1
139.78,3.810416408013145,1
139.79,4.1388410651186165,1
139.8,4.8615717091244335,1
139.81,3.6821018208844625,1
139.82,4.242181613892476,1
139.83,3.9688141884575865,1
139.84,4.275168224482751,1
139.85,3.5918094129137517,1
139.86,4.047097387478811,1
139.87,4.7216136549368,1
139.88,3.435339568102657,1
139.89000000000001,3.1035638632847586,1
139.9,3.1082800802470643,1
139.91,3.1869370702765583,1
139.92000000000002,4.337479205093648,1
139.93,3.1080862953664554,1
139.94,3.753202055441745,1
139.95000000000002,4.386356119760406,1
139.96,4.2935218259078605,1
139.97,3.767449483311455,1
139.98,4.1099238124679704,1
139.99,4.076114420014131,1
140.0,3.859072842564229,1
140.01,3.8547487024586786,1
140.02,5.441694946489204,1
140.03,4.611606036845289,1
140.04,5.646214480182273,1
140.05,3.776328803524375,1
140.06,3.9314509407837614,1
140.07,3.131565301421616,1
140.08,3.4226235438972763,1
140.09,5.199373714552964,1
140.1,3.7332514652889537,1
140.11,5.229280349240846,1
140.12,3.2670273969799624,1
140.13,3.2725004417451755,1
140.14000000000001,3.7349493333327883,1
140.15,3.942734165566638,1
140.16,4.595489804129931,1
140.17000000000002,4.328202282513193,1
140.18,3.7495747476990955,1
140.19,3.898475330753604,1
140.20000000000002,3.78689126218068,1
140.21,3.393759657507376,1
140.22,3.387489524007026,1
140.23,4.630170192404778,1
140.24,2.8516438898879093,1
140.25,4.980487770905384,1
140.26,3.836284684681324,1
140.27,3.4889511369145323,1
140.28,4.449314308426145,1
140.29,4.99061036804325,1
140.3,4.784588900178391,1
140.31,4.372691469793317,1
140.32,4.727549979691875,1
140.33,2.929939686535995,1
140.34,3.597217621437273,1
140.35,3.384639548433317,1
140.36,4.757659429009341,1
140.37,3.7966479272530127,1
140.38,4.536323120052979,1
140.39000000000001,4.379858881922767,1
140.4,3.4633018331715917,1
140.41,3.586962633793408,1
140.42000000000002,4.814684125511061,1
140.43,3.54572545864115,1
140.44,4.0537612473188,1
140.45000000000002,3.4954902375344896,1
140.46,3.766028148003511,1
140.47,3.9560104834703935,1
140.48,3.48941417697753,1
140.49,3.3461990666404695,1
140.5,4.1465143711100865,1
140.51,3.4607007804338448,1
140.52,3.4416639601244534,1
140.53,3.357214976986174,1
140.54,3.910883903103194,1
140.55,4.606953970123293,1
140.56,5.013896624069316,1
140.57,3.589837131479569,1
140.58,5.370574111563706,1
140.59,3.430352851784263,1
140.6,4.668858816462892,1
140.61,3.5718739800462886,1
140.62,3.409232212349693,1
140.63,3.481334581177595,1
140.64000000000001,3.934850489234379,1
140.65,4.3723937612733454,1
140.66,4.45697339806661,1
140.67000000000002,3.4149336021853123,1
140.68,3.3227764246064435,1
140.69,3.3646248690231766,1
140.70000000000002,3.8896275327093224,1
140.71,3.8570226129884726,1
140.72,3.3749200140643496,1
140.73,4.137421881258066,1
140.74,5.476265446004588,1
140.75,3.7611019260819507,1
140.76,3.704391097924908,1
140.77,4.345388092162246,1
140.78,3.6581471004572745,1
140.79,4.41353234501023,1
140.8,3.558600634251637,1
140.81,5.162248270337099,1
140.82,4.293434877984278,1
140.83,3.615317256691621,1
140.84,3.594958821045531,1
140.85,3.64232937772037,1
140.86,4.869219480502302,1
140.87,3.228950790973223,1
140.88,3.5203571580256043,1
140.89000000000001,3.6067998028271515,1
140.9,3.9662291812479564,1
140.91,3.8220699349883844,1
140.92000000000002,3.021772415353984,1
140.93,3.681889814896811,1
140.94,3.916322024138889,1
140.95000000000002,3.58745126569372,1
140.96,4.420846892021179,1
140.97,4.621789614465847,1
140.98,3.9864478171726323,1
140.99,4.148768923628471,1
141.0,2.6067704523548505,1
141.01,3.6431825597007075,1
141.02,4.630548351859252,1
141.03,3.7630949895304586,1
141.04,3.507428983615535,1
141.05,5.448276242160272,1
141.06,5.267166508900423,1
141.07,4.3794061277552006,1
141.08,4.761722538275476,1
141.09,2.6014520232013387,1
141.1,3.405100950956716,1
141.11,3.659383785964875,1
141.12,3.8264523085453814,1
141.13,3.6716972762259754,1
141.14000000000001,2.3257709678709144,1
141.15,4.150010204211685,1
141.16,4.361739146804444,1
141.17000000000002,5.061062651913079,1
141.18,3.5521858904380323,1
141.19,3.4085441096987807,1
141.20000000000002,2.2256611396683645,1
141.21,3.703065007478398,1
141.22,4.566851306772747,1
141.23,3.6370783817335814,1
141.24,5.368953743400446,1
141.25,3.915651067980519,1
141.26,4.090311912831662,1
141.27,3.1209979809331414,1
141.28,4.133616752427416,1
141.29,2.7237770306351803,1
141.3,4.373517934207542,1
141.31,4.492441045440227,1
141.32,4.911494083662589,1
141.33,3.3929044171863865,1
141.34,4.067751614869171,1
141.35,4.36988560034899,1
141.36,4.309158264856038,1
141.37,3.457118280009541,1
141.38,2.4154400107007805,1
141.39000000000001,4.1300442840613005,1
141.4,3.908856451637714,1
141.41,3.6268591040477163,1
141.42000000000002,4.473281410696653,1
141.43,3.999251788086664,1
141.44,3.1440231728163015,1
141.45000000000002,2.6954592391230694,1
141.46,3.1892235099740143,1
141.47,5.504009053424082,1
141.48,4.559199034979262,1
141.49,4.155929088975304,1
141.5,3.891488877586606,1
141.51,3.8329736324038337,1
141.52,4.747288956552447,1
141.53,3.726524619703232,1
141.54,4.35791413865333,1
141.55,3.7954047088880367,1
141.56,5.246554063296225,1
141.57,4.556411513129898,1
141.58,4.8415380049214916,1
141.59,3.671310302678001,1
141.6,4.6668279558503585,1
141.61,3.8372003961700094,1
141.62,4.0616258025068515,1
141.63,5.064563803467177,1
141.64000000000001,3.3872911881558316,1
141.65,4.095110482386267,1
141.66,4.289897118776277,1
141.67000000000002,4.354787720969114,1
141.68,3.728805236136729,1
141.69,5.337356849896189,1
141.70000000000002,3.240052121851676,1
141.71,4.900970195039783,1
141.72,4.8424279468060965,1
141.73,5.283897344919957,1
141.74,3.0465461276608528,1
141.75,3.379069749902225,1
141.76,4.930760026219732,1
141.77,2.8379682669623953,1
141.78,2.8879610619086655,1
141.79,3.6164494375782286,1
141.8,4.101558093592295,1
141.81,5.039175200513359,1
141.82,3.9421446238834905,1
141.83,3.601885512625574,1
141.84,4.178151935547963,1
141.85,4.315376907011606,1
141.86,4.305211782775689,1
141.87,3.902830103419063,1
141.88,2.7256533453313376,1
141.89000000000001,3.3281633865008278,1
141.9,4.8812027932006306,1
141.91,4.174247909280433,1
141.92000000000002,3.8011931882450734,1
141.93,4.713571710980552,1
141.94,3.309561920238557,1
141.95000000000002,3.812361323336976,1
141.96,4.078123320107992,1
141.97,3.718308899352811,1
141.98,4.048476370049744,1
141.99,3.8811273266768676,1
142.0,3.08493336607223,1
142.01,4.062844104622963,1
142.02,3.1418975546679575,1
142.03,4.055969740189242,1
142.04,4.894937281619235,1
142.05,3.871360252259811,1
142.06,3.2321894517136873,1
142.07,3.871537998220437,1
142.08,3.4524853434846845,1
142.09,4.352883769639104,1
142.1,3.9251536432363743,1
142.11,5.104853105543008,1
142.12,4.82087249885856,1
142.13,3.94992928769342,1
142.14000000000001,4.461303633938812,1
142.15,3.7725350535041597,1
142.16,4.0083843131908585,1
142.17000000000002,3.7659940904502953,1
142.18,4.483258457322161,1
142.19,4.958759779357937,1
142.20000000000002,4.575711660539571,1
142.21,4.632721852093731,1
142.22,4.636854122499608,1
142.23,4.395882045918713,1
142.24,3.2845510859073244,1
142.25,5.060712621743143,1
142.26,5.234396730518933,1
142.27,3.9223159475328404,1
142.28,3.7548194195713656,1
142.29,4.382639571902511,1
142.3,4.380341685113983,1
142.31,3.8917920463506603,1
142.32,3.1824546953177926,1
142.33,4.149295062829158,1
142.34,4.366745691123963,1
142.35,4.492938511280957,1
142.36,4.256207571694605,1
142.37,3.839465098589301,1
142.38,4.635305200635788,1
142.39000000000001,4.080842723250283,1
142.4,3.7031950544318923,1
142.41,3.864978559964382,1
142.42000000000002,2.859063468079286,1
142.43,3.813300037549837,1
142.44,4.43547554321181,1
142.45000000000002,4.246589592410306,1
142.46,5.001446306751858,1
142.47,3.8894610423564533,1
142.48,4.309550548058772,1
142.49,4.532925805214646,1
142.5,5.5520889895209,1
142.51,4.187053380260044,1
142.52,3.3337243370659744,1
142.53,4.5101841787837,1
142.54,5.2411489629448536,1
142.55,3.8651899983768825,1
142.56,4.537629447339971,1
142.57,4.829492094729752,1
142.58,4.709671089675828,1
142.59,4.1240462690654365,1
142.6,3.554252784422231,1
142.61,3.920518643669448,1
142.62,4.29278436733212,1
142.63,4.606848124262719,1
142.64000000000001,4.253084100670457,1
142.65,3.7686897608744956,1
142.66,4.346467782082305,1
142.67000000000002,4.578836154125053,1
142.68,4.281032161700385,1
142.69,3.4743195262696376,1
142.70000000000002,3.850757685435791,1
142.71,4.606019015630019,1
142.72,3.139019155035162,1
142.73,2.5902266611268705,1
142.74,4.893901404450448,1
142.75,4.385455104691086,1
142.76,4.416791293777303,1
142.77,3.3263374565620714,1
142.78,4.438109802794604,1
142.79,4.204875903762907,1
142.8,2.984334963197046,1
142.81,4.863176402999018,1
142.82,4.154748917648495,1
142.83,3.752294193176545,1
142.84,3.739886963444264,1
142.85,2.6768589147619006,1
142.86,4.305585494913945,1
142.87,4.188235665238998,1
142.88,3.8853693323877265,1
142.89000000000001,4.822640368420502,1
142.9,3.151470634642586,1
142.91,3.561884981772047,1
142.92000000000002,3.4222031396435737,1
142.93,3.7844419357541716,1
142.94,4.030843021458787,1
142.95000000000002,4.280855802320922,1
142.96,3.791724928583245,1
142.97,3.418249699596725,1
142.98,5.059025092627177,1
142.99,5.628283467157352,1
143.0,4.190665548193592,1
143.01,3.52041892568483,1
143.02,4.928542482929178,1
143.03,3.1170146618602548,1
143.04,3.7298102565956537,1
143.05,3.5321277233043697,1
143.06,3.219587435393147,1
143.07,3.77148741847443,1
143.08,3.425589386592868,1
143.09,3.973745945819953,1
143.1,4.016058089780937,1
143.11,3.5978254786567243,1
143.12,3.7354697384150226,1
143.13,3.834346691982438,1
143.14000000000001,4.515512367048718,1
143.15,3.934625450308574,1
143.16,4.531167887515159,1
143.17000000000002,4.411962493396751,1
143.18,4.3955434087663665,1
143.19,4.924207241427297,1
143.20000000000002,3.3291592308251747,1
143.21,3.652734658144971,1
143.22,5.123243379983736,1
143.23,3.900440209164783,1
143.24,2.1674926785013415,1
143.25,3.7583578247366773,1
143.26,4.073054142492356,1
143.27,2.306324505358427,1
143.28,4.76387552438173,1
143.29,3.5827552264280316,1
143.3,4.188146573011674,1
143.31,3.864665426702971,1
143.32,3.155960233361514,1
143.33,3.254780950284875,1
143.34,3.348578046676388,1
143.35,4.6653300423612585,1
143.36,3.9441927555946403,1
143.37,3.6580501127471723,1
143.38,3.373081691927549,1
143.39000000000001,4.738481787929969,1
143.4,4.99432507434183,1
143.41,4.828355638472411,1
143.42000000000002,4.369208937599754,1
143.43,4.210202656581342,1
143.44,3.2236765076499854,1
143.45000000000002,3.7939260257895806,1
143.46,3.5439272672140127,1
143.47,2.788190540092423,1
143.48,4.61313179898785,1
143.49,3.5853132978523554,1
143.5,4.751080524073662,1
143.51,4.617167418495547,1
143.52,4.398244782607181,1
143.53,4.421551612707329,1
143.54,3.62605963975097,1
143.55,5.182990532201458,1
143.56,4.098960459804352,1
143.57,4.201839644336193,1
143.58,3.5909708658625425,1
143.59,3.371291278087769,1
143.6,4.271960942581679,1
143.61,4.157446708669947,1
143.62,3.497292139639182,1
143.63,3.0365446378311844,1
143.64000000000001,3.118229821160591,1
143.65,4.723179967128789,1
143.66,3.645493972389571,1
143.67000000000002,3.7588359641670377,1
143.68,4.926552897977197,1
143.69,3.327509408825664,1
143.70000000000002,3.4879552786661474,1
143.71,3.470479146316812,1
143.72,5.018078414514055,1
143.73,5.354449618734123,1
143.74,4.568902951837936,1
143.75,4.542416861290981,1
143.76,3.6559938873928255,1
143.77,5.242842721165487,1
143.78,4.248259641592767,1
143.79,4.56841821143275,1
143.8,3.9656374579814306,1
143.81,3.8240309465906015,1
143.82,5.068471811746445,1
143.83,4.414296654475058,1
143.84,4.966552208619297,1
143.85,4.22365744084489,1
143.86,3.462974681564883,1
143.87,3.5892887011226144,1
143.88,4.042164151717669,1
143.89000000000001,3.596038374822543,1
143.9,3.257209284990129,1
143.91,4.734946702459346,1
143.92000000000002,3.690569328878402,1
143.93,4.071097614502662,1
143.94,4.196405901604409,1
143.95000000000002,3.6301735822370613,1
143.96,4.919131102211437,1
143.97,3.3303139556827785,1
143.98,4.129568881121672,1
143.99,4.167462424666131,1
144.0,3.9748457887367854,1
144.01,3.157016304567642,1
144.02,4.5144326118244775,1
144.03,4.5132772006135,1
144.04,3.5924682162879926,1
144.05,4.43458627130031,1
144.06,4.269326134890554,1
144.07,3.185261340736122,1
144.08,3.397061883612168,1
144.09,4.702373662131709,1
144.1,4.2429005967305855,1
144.11,3.648437950756521,1
144.12,3.4219022701817847,1
144.13,3.6309117218684293,1
144.14000000000001,3.6894635188228664,1
144.15,3.4324825090746627,1
144.16,2.8358419788932183,1
144.17000000000002,4.669824136749369,1
144.18,4.6699646700842985,1
144.19,3.214072888565976,1
144.20000000000002,4.041287087419792,1
144.21,3.417078963948553,1
144.22,3.795312352318019,1
144.23,3.76402420481381,1
144.24,3.7082502294267767,1
144.25,5.2820650574185946,1
144.26,3.791227853956085,1
144.27,3.4630487062564392,1
144.28,3.4729980179217192,1
144.29,4.645612582617481,1
144.3,2.9668049418869353,1
144.31,3.4431964741330248,1
144.32,4.905332325544603,1
144.33,4.2126252405102385,1
144.34,4.1372820664997345,1
144.35,5.391635262524414,1
144.36,4.243335798190664,1
144.37,3.555108467881854,1
144.38,3.7902867488228256,1
144.39000000000001,3.25071585762824,1
144.4,4.7699312562435034,1
144.41,4.418988148458988,1
144.42000000000002,4.754691735689029,1
144.43,4.832300586925678,1
144.44,3.781186091177148,1
144.45000000000002,3.373888169121178,1
144.46,3.9288803266894154,1
144.47,3.4294601747170077,1
144.48,4.072796405941704,1
144.49,4.738905009299842,1
144.5,3.935240431382367,1
144.51,4.093435581838009,1
144.52,3.944716382733784,1
144.53,4.517515866991722,1
144.54,3.5977744055768635,1
144.55,2.550748553423168,1
144.56,4.218558258514512,1
144.57,4.654049061021926,1
144.58,4.328863474007951,1
144.59,3.604331731444908,1
144.6,3.239831201544521,1
144.61,4.275234183992412,1
144.62,4.108309690826048,1
144.63,3.9248806835446106,1
144.64000000000001,5.177959809331349,1
144.65,3.4563662822313193,1
144.66,5.119077374866035,1
144.67000000000002,4.087766959960348,1
144.68,2.8142947614321914,1
144.69,3.812585816524865,1
144.70000000000002,4.611303976199407,1
144.71,3.799819966733551,1
144.72,3.0311101928357096,1
144.73,3.83512482145116,1
144.74,3.433949242165773,1
144.75,4.285140373572998,1
144.76,4.518912609214314,1
144.77,3.3457959421529657,1
144.78,3.5028016560009596,1
144.79,4.461099631813501,1
144.8,3.4704229508146467,1
144.81,3.2660898553478668,1
144.82,3.1911964676784006,1
144.83,4.1798846299409025,1
144.84,4.211383554820593,1
144.85,3.568854148998337,1
144.86,3.9774308011451995,1
144.87,4.989493541908629,1
144.88,3.4273711884370113,1
144.89000000000001,2.6992951731946153,1
144.9,4.217223916127248,1
144.91,3.941401964255519,1
144.92000000000002,3.5357992897823225,1
144.93,4.395236489910693,1
144.94,4.56822775471176,1
144.95000000000002,2.6012989671556714,1
144.96,3.4926535249431137,1
144.97,5.473230823036922,1
144.98,4.4669238454658995,1
144.99,4.466691041142785,1
145.0,4.789009219987236,1
145.01,4.058415301047674,1
145.02,4.520416661233245,1
145.03,4.49712443809347,1
145.04,4.379573191989001,1
145.05,3.8138437043139723,1
145.06,4.100467431352837,1
145.07,3.6242820327744267,1
145.08,3.9857712136805388,1
145.09,3.2409955599407274,1
145.1,3.4414800033678055,1
145.11,3.7833165758507974,1
145.12,3.374695594990825,1
145.13,3.6348119126644116,1
145.14000000000001,3.871728796187043,1
145.15,4.253303180513393,1
145.16,4.631103804620807,1
145.17000000000002,3.736949503841974,1
145.18,4.8504714906514925,1
145.19,4.6600263254431455,1
145.20000000000002,4.3666722487383565,1
145.21,4.121692337401409,1
145.22,4.214356379433177,1
145.23,4.783054528632985,1
145.24,4.840877171605802,1
145.25,4.916604707838637,1
145.26,4.081810327201413,1
145.27,4.364987379863453,1
145.28,4.8936311053766195,1
145.29,3.6489328493456363,1
145.3,3.772337899660527,1
145.31,3.996745325125596,1
145.32,4.583490419684297,1
145.33,4.628799606317017,1
145.34,3.88793665864894,1
145.35,3.014446718665373,1
145.36,4.100598071998112,1
145.37,3.410205793668495,1
145.38,2.9978986116966126,1
145.39000000000001,3.1198374652086382,1
145.4,4.158955692933734,1
145.41,4.8926177767121874,1
145.42000000000002,4.078792954542481,1
145.43,4.141877464441106,1
145.44,4.776009123223144,1
145.45000000000002,3.0444734979776884,1
145.46,4.280173928771627,1
145.47,4.009290648192776,1
145.48,4.367831902771747,1
145.49,3.7083715599036746,1
145.5,3.451800904288588,1
145.51,4.058274298402147,1
145.52,5.073539524491836,1
145.53,4.622995766425357,1
145.54,3.7079739814745114,1
145.55,3.1124169673737025,1
145.56,2.85537107677302,1
145.57,4.785245683597644,1
145.58,3.4274297075206857,1
145.59,3.75444325808173,1
145.6,4.84250661667263,1
145.61,3.0034044181460446,1
145.62,4.908428672582119,1
145.63,3.8899364522210877,1
145.64000000000001,3.2481620863470804,1
145.65,3.7944012840492083,1
145.66,3.518822369633342,1
145.67000000000002,4.2571459872813335,1
145.68,3.594901675872167,1
145.69,2.7353653014324752,1
145.70000000000002,3.78101456155671,1
145.71,3.1066951784372625,1
145.72,4.0789703654973986,1
145.73,3.2344937007378567,1
145.74,3.6374327897666743,1
145.75,4.096714219782573,1
145.76,3.8679534827456092,1
145.77,4.154563625305481,1
145.78,4.450663821616271,1
145.79,3.2757389284041967,1
145.8,3.9147613473536675,1
145.81,1.8346072441964956,1
145.82,4.030553439870642,1
145.83,3.8066562915098583,1
145.84,3.3503087048940157,1
145.85,4.165866422009978,1
145.86,4.770832117247292,1
145.87,3.737395834011183,1
145.88,3.3712207610216347,1
145.89000000000001,4.069346412604312,1
145.9,3.13758052016714,1
145.91,3.519780283201548,1
145.92000000000002,4.7643167220241445,1
145.93,4.086202687407706,1
145.94,2.7857195936763612,1
145.95000000000002,2.761202980762193,1
145.96,4.030838067821595,1
145.97,4.56139425170643,1
145.98,2.9841240305303325,1
145.99,4.230833998552096,1
146.0,4.877015414498746,1
146.01,5.277518480525295,1
146.02,4.29155802270462,1
146.03,4.346321674159866,1
146.04,2.636707498567183,1
146.05,5.280582680601987,1
146.06,3.7034402529574013,1
146.07,3.3765433081749467,1
146.08,3.7970074714989033,1
146.09,4.968637914952073,1
146.1,5.490762462657745,1
146.11,4.170814528970201,1
146.12,4.657834772569972,1
146.13,4.067502123686877,1
146.14000000000001,3.3306983854329317,1
146.15,4.917995941227123,1
146.16,3.651425439676069,1
146.17000000000002,4.975382338236528,1
146.18,4.901054141457439,1
146.19,4.452467749884145,1
146.20000000000002,5.213839826708684,1
146.21,5.5212411114133175,1
146.22,3.9775715003568313,1
146.23,3.4738852553659294,1
146.24,2.7588408834324847,1
146.25,5.381945272882179,1
146.26,3.7976383023467815,1
146.27,4.724303064784117,1
146.28,3.5625102457359157,1
146.29,4.971821887821186,1
146.3,3.604052754725497,1
146.31,3.2030212969627163,1
146.32,3.8168962701754077,1
146.33,3.6439823091256,1
146.34,4.365535499311884,1
146.35,3.98858561356488,1
146.36,4.406586619307964,1
146.37,3.8355720417750043,1
146.38,3.558593408589919,1
146.39000000000001,3.5948846298218182,1
146.4,5.302508560910505,1
146.41,4.224247932078689,1
146.42000000000002,2.7263325342354134,1
146.43,3.586053286623033,1
146.44,4.038012682864759,1
146.45000000000002,5.199629489446044,1
146.46,4.739427272023665,1
146.47,3.446328424796705,1
146.48,5.535878917955516,1
146.49,4.071934988454247,1
146.5,4.812970955874098,1
146.51,3.2993753124025558,1
146.52,2.4019648874739836,1
146.53,2.9902867751066573,1
146.54,1.8305067659220682,1
146.55,5.240215096114483,1
146.56,4.213608073217236,1
146.57,3.4128806813100727,1
146.58,4.258448412777664,1
146.59,4.138352307733024,1
146.6,4.41118069851777,1
146.61,4.80944982497603,1
146.62,3.860457753619071,1
146.63,3.420762256381839,1
146.64000000000001,4.502330254504037,1
146.65,4.550716545164434,1
146.66,4.0984033008270675,1
146.67000000000002,5.418764385190163,1
146.68,3.801054196993499,1
146.69,3.404209353343381,1
146.70000000000002,4.2355223810652,1
146.71,3.5762121251544534,1
146.72,4.296078191149979,1
146.73,3.477284823572834,1
146.74,3.7089483111951287,1
146.75,5.209368893758774,1
146.76,3.8094053168009006,1
146.77,3.470246314411546,1
146.78,4.727785062392457,1
146.79,3.361720663882844,1
146.8,3.512101614802237,1
146.81,4.344815640493846,1
146.82,4.629557432651432,1
146.83,4.829653855304071,1
146.84,3.5649600781626956,1
146.85,4.3606052832539905,1
146.86,3.719211825582378,1
146.87,3.5901858037501704,1
146.88,4.75609042849094,1
146.89000000000001,3.688798626768635,1
146.9,4.161835112164472,1
146.91,4.110654569630053,1
146.92000000000002,3.3119028417165364,1
146.93,4.585543178712794,1
146.94,4.39865905192835,1
146.95000000000002,2.7351567007531377,1
146.96,4.104108248997873,1
146.97,3.504718957058968,1
146.98,4.682097351178859,1
146.99,3.103108589724091,1
147.0,3.714893939874977,1
147.01,4.217785643910763,1
147.02,4.0483246943591595,1
147.03,4.497928882520859,1
147.04,3.0446795975517045,1
147.05,5.014490612438865,1
147.06,4.4015984917329956,1
147.07,4.90632044327905,1
147.08,4.621611553364676,1
147.09,4.029763714887521,1
147.1,3.1685608524080386,1
147.11,3.5844640350469557,1
147.12,5.0064225425341995,1
147.13,4.959297486926296,1
147.14000000000001,3.6555434477407185,1
147.15,2.15073520987616,1
147.16,3.751044856649711,1
147.17000000000002,3.798392729991851,1
147.18,3.8258438634143968,1
147.19,4.3324821645733,1
147.20000000000002,4.588461013399307,1
147.21,4.677842671281872,1
147.22,4.329859551492516,1
147.23,2.8513994181935156,1
147.24,3.709703702459707,1
147.25,5.477542365824238,1
147.26,4.3314551912302335,1
147.27,4.258539294054503,1
147.28,4.248757240725141,1
147.29,4.284435756730241,1
147.3,2.470833982894101,1
147.31,3.7528397291063613,1
147.32,3.9605844176661695,1
147.33,4.829106373108481,1
147.34,4.0806779363141725,1
147.35,2.93653643011424,1
147.36,4.215246479304861,1
147.37,3.4913700901933122,1
147.38,3.17999646149552,1
147.39000000000001,3.4095732533627197,1
147.4,4.316566842247455,1
147.41,4.835714737861549,1
147.42000000000002,4.363481811158625,1
147.43,4.431883870127856,1
147.44,4.332838497567847,1
147.45000000000002,4.085714315126443,1
147.46,4.457331627598571,1
147.47,2.458068362922717,1
147.48,3.979561439565412,1
147.49,3.320796078451049,1
147.5,4.713772614105331,1
147.51,3.9473477353965474,1
147.52,4.016920879587481,1
147.53,3.0244810563029847,1
147.54,4.6012181764418125,1
147.55,4.443101733095534,1
147.56,4.38795001096058,1
147.57,3.495764241142481,1
147.58,3.467785929989763,1
147.59,4.11314495395253,1
147.6,3.556178026342056,1
147.61,4.255541823786015,1
147.62,2.6132698649200314,1
147.63,3.6004631716725064,1
147.64000000000001,5.141813445878373,1
147.65,4.353659932917737,1
147.66,4.1294401533821254,1
147.67000000000002,5.295838848127746,1
147.68,2.5621160085974433,1
147.69,3.384729509979309,1
147.70000000000002,3.702791004771349,1
147.71,4.5390905853227315,1
147.72,4.6004966295431275,1
147.73,3.4741395783335864,1
147.74,4.615950024794075,1
147.75,3.7752747064629184,1
147.76,4.772663342539476,1
147.77,3.3763513280642803,1
147.78,3.8825729449431257,1
147.79,3.6749196345381554,1
147.8,4.665678250049175,1
147.81,3.700745109740058,1
147.82,3.9545028722846456,1
147.83,4.326104076847616,1
147.84,4.373345730959698,1
147.85,4.597881268518382,1
147.86,4.17285674235577,1
147.87,3.7389994020509785,1
147.88,3.7574452960690334,1
147.89000000000001,4.00210365895858,1
147.9,4.162069042493835,1
147.91,3.9142349175274527,1
147.92000000000002,4.007313830419041,1
147.93,3.0160006080207484,1
147.94,4.373959461701101,1
147.95000000000002,4.1399484630469,1
147.96,4.658439431327904,1
147.97,4.039610507731294,1
147.98,2.874453963426628,1
147.99,3.699896974922517,1
148.0,3.8522734973844397,1
148.01,4.473153577819092,1
148.02,2.6851358147134095,1
148.03,3.947826611424523,1
148.04,4.330156945072824,1
148.05,3.5906169299005164,1
148.06,4.023857828678433,1
148.07,3.594592032949622,1
148.08,3.502307485341842,1
148.09,3.7051438286017753,1
148.1,3.521191093952488,1
148.11,4.414822813822064,1
148.12,3.5480313178827214,1
148.13,3.38704773167953,1
148.14000000000001,5.11030615581889,1
148.15,4.689974297736596,1
148.16,2.8335947077775265,1
148.17000000000002,3.433811879715453,1
148.18,4.123345706951663,1
148.19,4.2174624011597945,1
148.20000000000002,3.0459728303139593,1
148.21,4.6944691963563825,1
148.22,4.577097641150025,1
148.23,4.347297586027859,1
148.24,4.901122570577972,1
148.25,4.347526192993901,1
148.26,4.311903830256786,1
148.27,5.029381628556474,1
148.28,4.77626603660077,1
148.29,3.5005815653364225,1
148.3,4.380870253740496,1
148.31,3.591855997139308,1
148.32,4.302621425288955,1
148.33,4.3273979244975695,1
148.34,3.1220102385482558,1
148.35,3.868263654860852,1
148.36,4.164202254081776,1
148.37,3.7267744308645483,1
148.38,4.187799385785854,1
148.39000000000001,4.534157767657452,1
148.4,4.0121998004672195,1
148.41,4.146458629570738,1
148.42000000000002,4.906393103290107,1
148.43,4.361407226116508,1
148.44,4.1519850455870015,1
148.45000000000002,3.387489469520143,1
148.46,4.398630467275513,1
148.47,4.238128671425428,1
148.48,4.847215022837698,1
148.49,4.081249057169589,1
148.5,2.8264286661271756,1
148.51,2.826498090102742,1
148.52,4.406920859286993,1
148.53,3.654457141059768,1
148.54,4.262654987670452,1
148.55,4.089876745488711,1
148.56,3.897142199138587,1
148.57,3.9313065406715975,1
148.58,3.434388632780909,1
148.59,3.9558262967219604,1
148.6,3.6181133203852602,1
148.61,3.735555993963237,1
148.62,3.7741404913764214,1
148.63,3.839363274312856,1
148.64000000000001,4.588694627443784,1
148.65,3.9511096308500497,1
148.66,4.661274284997494,1
148.67000000000002,5.037481262886322,1
148.68,4.6169617118371065,1
148.69,4.383796358508045,1
148.70000000000002,4.2350859792144835,1
148.71,4.575574937079205,1
148.72,4.092514329981537,1
148.73,4.64436827432889,1
148.74,4.437111718285824,1
148.75,3.792751796524596,1
148.76,4.5688190892957765,1
148.77,4.093484021133944,1
148.78,3.936747522727558,1
148.79,3.687233052464318,1
148.8,4.088951817081089,1
148.81,4.651870896615182,1
148.82,4.615882259883318,1
148.83,4.266245060403292,1
148.84,4.40504085447194,1
148.85,4.8494161389993655,1
148.86,3.953662497838964,1
148.87,3.2735029656360335,1
148.88,4.800620887365726,1
148.89000000000001,3.704301788839759,1
148.9,3.5343467509986217,1
148.91,2.8066357102746293,1
148.92000000000002,4.2990631233547605,1
148.93,2.9658983914829147,1
148.94,3.451164272742118,1
148.95000000000002,4.348734915218929,1
148.96,4.489327499558765,1
148.97,3.6065151349675837,1
148.98,3.8893483464638736,1
148.99,3.427196314719411,1
149.0,3.6098160695512287,1
149.01,4.149317130587693,1
149.02,3.683476142418674,1
149.03,3.8225547816503074,1
149.04,3.039009195783695,1
149.05,4.6774353050030975,1
149.06,4.371592087878286,1
149.07,4.536755481246209,1
149.08,4.869470630976675,1
149.09,3.5167462383350676,1
149.1,3.7384680599472553,1
149.11,2.7548846997386285,1
149.12,5.962890365914844,1
149.13,4.020718139615018,1
149.14000000000001,4.6751998159249695,1
149.15,3.2371571998121116,1
149.16,4.600715083108854,1
149.17000000000002,5.241301633911121,1
149.18,4.035366203232985,1
149.19,3.3462327971403107,1
149.20000000000002,3.870718845419205,1
149.21,2.5474557994971647,1
149.22,3.8882653597124968,1
149.23,4.5259631645452325,1
149.24,4.0083571951945745,1
149.25,3.8161434641815557,1
149.26,4.331270072096429,1
149.27,4.411785008586449,1
149.28,2.947712325428788,1
149.29,3.9944936484417597,1
149.3,5.580207277340248,1
149.31,3.2286152542848114,1
149.32,3.8982947040583094,1
149.33,5.253758770266951,1
149.34,4.791646328242236,1
149.35,3.714392152888594,1
149.36,4.116610130081704,1
149.37,4.00562648870796,1
149.38,3.514966949665154,1
149.39000000000001,3.9227211004036966,1
149.4,3.813713135411544,1
149.41,4.061977562678212,1
149.42000000000002,3.518145984102104,1
149.43,3.142781918885508,1
149.44,3.921782754480033,1
149.45000000000002,5.108125309492088,1
149.46,4.119823156500775,1
149.47,3.792041747604062,1
149.48,4.476795202254502,1
149.49,3.9258853649063186,1
149.5,5.207586954008272,1
149.51,4.069916667961875,1
149.52,4.458697770612499,1
149.53,3.5379127008404407,1
149.54,4.298693631584163,1
149.55,4.196410228344447,1
149.56,3.9751218044463252,1
149.57,3.6729523493911294,1
149.58,3.5664047016410523,1
149.59,4.157182863214647,1
149.6,4.417504870869579,1
149.61,3.942543389276646,1
149.62,4.182940350769197,1
149.63,3.986376280429449,1
149.64000000000001,4.063109113630058,1
149.65,3.8737320401566864,1
149.66,4.004085052121673,1
149.67000000000002,5.750811846562149,1
149.68,4.30724606414603,1
149.69,4.437122108664024,1
149.70000000000002,4.310429720293912,1
149.71,3.8481026210031852,1
149.72,4.8304638134914235,1
149.73,3.8609123467923294,1
149.74,4.676204670821234,1
149.75,3.8237291062486736,1
149.76,3.366565789453391,1
149.77,4.199073583700751,1
149.78,3.295203610846605,1
149.79,4.305251098801623,1
149.8,3.2435103648139467,1
149.81,3.747628977998603,1
149.82,3.0559100700149604,1
149.83,5.775755905698809,1
149.84,3.0334085180374784,1
149.85,3.9483719499111363,1
149.86,4.738711223236903,1
149.87,4.716759849179575,1
149.88,4.595381001999843,1
149.89000000000001,3.8298958996343737,1
149.9,4.866419369766608,1
149.91,4.644619740095211,1
149.92000000000002,4.176423321377562,1
149.93,4.166681158529835,1
149.94,3.8128070586674103,1
149.95000000000002,3.398559859190421,1
149.96,4.766612953901118,1
149.97,4.897395305474762,1
149.98,3.480208117000488,1
149.99,3.8690322205461465,1
150.0,3.8990847989948265,1
150.01,3.9727569923645665,1
150.02,4.040081797791208,1
150.03,4.616756031183515,1
150.04,3.5521891438448536,1
150.05,3.4239969229386986,1
150.06,4.767794498161184,1
150.07,3.745890370058616,1
150.08,3.1652595261176937,1
150.09,3.6351492229978213,1
150.1,3.763961185344028,1
150.11,4.994742497421273,1
150.12,4.659738565622804,1
150.13,4.78412890510774,1
150.14000000000001,4.5790703676804005,1
150.15,4.648694505322846,1
150.16,3.592474069987875,1
150.17000000000002,3.8466896172466205,1
150.18,3.3485156687470705,1
150.19,3.824340213315236,1
150.20000000000002,4.433327532404969,1
150.21,4.113321182657165,1
150.22,4.8577259872447485,1
150.23,3.310879954843047,1
150.24,4.283221918672848,1
150.25,3.2070583250177216,1
150.26,4.013527918648271,1
150.27,4.481161428698729,1
150.28,3.8896942115680537,1
150.29,4.350968545840547,1
150.3,3.3983559943621087,1
150.31,2.884451146134585,1
150.32,4.294484011116468,1
150.33,5.149233361086516,1
150.34,3.4226912138622443,1
150.35,4.758356433418183,1
150.36,4.073675750540103,1
150.37,3.1377852240328403,1
150.38,3.2141137223902216,1
150.39000000000001,3.963088441191651,1
150.4,3.7353584668648394,1
150.41,3.132265566293315,1
150.42000000000002,2.8487942141816074,1
150.43,3.3815516445162856,1
150.44,4.088641993097396,1
150.45000000000002,4.001165526026502,1
150.46,3.6748522363525735,1
150.47,4.111481389482561,1
150.48,4.681488322893612,1
150.49,4.296609987374676,1
150.5,3.9390880219532565,1
150.51,4.598505262375991,1
150.52,3.4131316567013332,1
150.53,3.8188535918199307,1
150.54,3.858659542381207,1
150.55,3.188948494728992,1
150.56,3.6789103998938972,1
150.57,2.634440723112628,1
150.58,5.15874290889591,1
150.59,3.4613033750601225,1
150.6,4.996794961202415,1
150.61,4.08451802734279,1
150.62,4.371571280632328,1
150.63,3.7051468193086534,1
150.64000000000001,4.117219611849047,1
150.65,4.42908968362333,1
150.66,4.45692622301265,1
150.67000000000002,4.530110974754507,1
150.68,3.792821734784608,1
150.69,3.6758980445157734,1
150.70000000000002,2.9462061392436554,1
150.71,4.276252007432986,1
150.72,4.718853757913017,1
150.73,5.091626914157382,1
150.74,4.263502453417801,1
150.75,3.5184958847080643,1
150.76,2.869984652698157,1
150.77,4.608062606734461,1
150.78,2.8710075264733668,1
150.79,3.711266667129045,1
150.8,3.837139237474267,1
150.81,3.9451638504247817,1
150.82,4.01993959423859,1
150.83,4.090830508920476,1
150.84,2.438292233166737,1
150.85,3.915806712530524,1
150.86,2.5483352349793718,1
150.87,4.387984394045785,1
150.88,3.6630977944040355,1
150.89000000000001,2.580238004694917,1
150.9,3.3865347183579915,1
150.91,3.593310702150591,1
150.92000000000002,4.748159018918609,1
150.93,4.172473799681838,1
150.94,4.233834277869037,1
150.95000000000002,4.780440843533176,1
150.96,3.9844452537005224,1
150.97,4.48840569438605,1
150.98,4.4730132268107905,1
150.99,3.1936821491922567,1
151.0,4.9073353097752,1
151.01,3.1329072128991298,1
151.02,4.543188468224879,1
151.03,3.0482704099178655,1
151.04,4.33299605560703,1
151.05,5.228044029593198,1
151.06,3.935495924717234,1
151.07,3.8297987941601117,1
151.08,4.385859068453401,1
151.09,3.8094295890652417,1
151.1,5.168317628591755,1
151.11,4.194798952188249,1
151.12,3.803952692859151,1
151.13,3.6376842724540213,1
151.14000000000001,3.3729370846119187,1
151.15,3.5550706192373847,1
151.16,3.745777189071985,1
151.17000000000002,3.6683522856965354,1
151.18,3.553057968332298,1
151.19,5.334972419522579,1
151.20000000000002,3.411742843339641,1
151.21,4.059844037760176,1
151.22,4.388035423978536,1
151.23,4.432114431512585,1
151.24,3.9879008987353988,1
151.25,3.843099258149499,1
151.26,4.283563037892597,1
151.27,4.18994074327531,1
151.28,3.8433764570099034,1
151.29,2.9772105613538304,1
151.3,3.6350301785323316,1
151.31,3.2341868774890257,1
151.32,3.5211787855661996,1
151.33,3.992826925933747,1
151.34,4.232328009434708,1
151.35,5.169148960988105,1
151.36,3.721464123744939,1
151.37,4.485887381207942,1
151.38,4.2276689627713475,1
151.39000000000001,4.854540939259974,1
151.4,4.425146328627339,1
151.41,3.3711768390981898,1
151.42000000000002,2.8443084728015586,1
151.43,4.132614108613494,1
151.44,3.665082543011885,1
151.45000000000002,3.3438490189282395,1
151.46,3.1381898362708065,1
151.47,4.052736952462722,1
151.48,4.981408613212892,1
151.49,3.7937260698366475,1
151.5,4.37060802744924,1
151.51,3.955883113516014,1
151.52,3.1607645661067534,1
151.53,4.426412742824022,1
151.54,3.3153168804334436,1
151.55,3.9729509967401038,1
151.56,3.776788729206289,1
151.57,4.566061813514539,1
151.58,3.347404716609255,1
151.59,4.214451992947162,1
151.6,3.4679822536687848,1
151.61,3.6364590794695637,1
151.62,1.6195644159048692,1
151.63,5.214587974223035,1
151.64000000000001,4.4300925523966965,1
151.65,3.5279282933171565,1
151.66,3.2419665337368535,1
151.67000000000002,3.6329267345532172,1
151.68,4.443107796414109,1
151.69,2.798947001477353,1
151.70000000000002,3.8360727506752537,1
151.71,5.139008063300935,1
151.72,3.3326032788316873,1
151.73,4.0121123366327724,1
151.74,5.430297923360849,1
151.75,4.495976150437366,1
151.76,4.111461588634823,1
151.77,4.335408091906066,1
151.78,3.7600314530727306,1
151.79,4.828840283047174,1
151.8,3.790633539477598,1
151.81,2.7162642759125353,1
151.82,3.6690870764105807,1
151.83,3.352899879372675,1
151.84,3.7787271784597745,1
151.85,3.8186223939619905,1
151.86,4.766040175205792,1
151.87,4.497088456889929,1
151.88,4.200639575998263,1
151.89000000000001,4.010127306432081,1
151.9,3.3135899134875624,1
151.91,2.5436057662756824,1
151.92000000000002,3.9860378367960614,1
151.93,4.514748484055713,1
151.94,3.9605947498591347,1
151.95000000000002,3.6506067189555047,1
151.96,4.280418852990085,1
151.97,3.9627567873554215,1
151.98,5.091525033028789,1
151.99,4.865321331761164,1
152.0,4.674475880359379,1
152.01,4.532108378810904,1
152.02,3.1948285402073022,1
152.03,4.381859216723385,1
152.04,4.267082727117099,1
152.05,4.409490880431815,1
152.06,4.344188746501234,1
152.07,4.314416797044427,1
152.08,5.771265350117368,1
152.09,4.056844453140378,1
152.1,4.610933462249918,1
152.11,3.7310641859883993,1
152.12,4.496854995985592,1
152.13,4.639269233250412,1
152.14000000000001,4.2748063411898025,1
152.15,5.099544113205475,1
152.16,3.4922287589431025,1
152.17000000000002,3.653410675923207,1
152.18,4.11700298773033,1
152.19,4.578513160847123,1
152.20000000000002,4.151129856672474,1
152.21,4.843305470712709,1
152.22,3.621274787280116,1
152.23,3.2372361490978268,1
152.24,4.154156752496368,1
152.25,3.9591726080163805,1
152.26,4.349776051494245,1
152.27,4.003207163613409,1
152.28,3.7795777477533536,1
152.29,3.9381529992553177,1
152.3,4.015007177931292,1
152.31,3.8030197356199595,1
152.32,3.856383232805097,1
152.33,3.7295199548815687,1
152.34,4.539600323322004,1
152.35,4.158262463080123,1
152.36,5.473742073654618,1
152.37,4.192694288898102,1
152.38,3.6541493859599075,1
152.39000000000001,5.712060449335411,1
152.4,4.371096393278186,1
152.41,4.664687404594042,1
152.42000000000002,4.424054798257671,1
152.43,4.429670876820587,1
152.44,4.373328105686976,1
152.45000000000002,3.3073353207662137,1
152.46,4.196903603468971,1
152.47,3.1522058540267466,1
152.48,3.8360006960273596,1
152.49,3.5193584328733034,1
152.5,4.203098509561443,1
152.51,4.228976691164483,1
152.52,4.325919982214401,1
152.53,4.205961531160593,1
152.54,3.618631845498223,1
152.55,3.8077712920663394,1
152.56,4.585645947905117,1
152.57,4.7279950783215705,1
152.58,3.299613636558549,1
152.59,2.9646666573653953,1
152.6,3.4662531277325845,1
152.61,4.646136120524801,1
152.62,4.8270200909543775,1
152.63,3.4496413715748333,1
152.64000000000001,4.166369686098701,1
152.65,5.200214327906187,1
152.66,4.341478967340275,1
152.67000000000002,4.942801215054851,1
152.68,4.704570779813973,1
152.69,3.4517109803953026,1
152.70000000000002,3.843837212227451,1
152.71,4.013179944221259,1
152.72,4.068355552952884,1
152.73,4.598642081401606,1
152.74,4.301085028069827,1
152.75,2.112972940730058,1
152.76,3.034969606967828,1
152.77,2.5228621248215806,1
152.78,4.0251537715909596,1
152.79,4.157544574209282,1
152.8,4.193217225574032,1
152.81,3.389412617166286,1
152.82,4.400768900717687,1
152.83,4.488777974041662,1
152.84,3.214949633224121,1
152.85,3.001688958270598,1
152.86,3.9400158956605273,1
152.87,5.158961156177648,1
152.88,5.1723799597333375,1
152.89000000000001,4.435895854438432,1
152.9,3.552510780918257,1
152.91,4.54855983408104,1
152.92000000000002,3.7393676315710223,1
152.93,3.486381276932117,1
152.94,2.5781151389245434,1
152.95000000000002,3.9811154420864328,1
152.96,3.5901907588312447,1
152.97,4.037978266954978,1
152.98,2.5103888675594934,1
152.99,4.020811792875942,1
153.0,2.4238669273417717,1
153.01,4.611319142500921,1
153.02,4.375297287451029,1
153.03,3.8417120675670233,1
153.04,4.355611657258079,1
153.05,3.386733807361714,1
153.06,4.010163357889206,1
153.07,4.516282202440697,1
153.08,2.0233125028231997,1
153.09,3.591226640656656,1
153.1,3.960781431370301,1
153.11,3.870285904950306,1
153.12,4.937626995111902,1
153.13,3.327038038425931,1
153.14000000000001,3.556596185641672,1
153.15,2.7303244918484033,1
153.16,4.903737164255562,1
153.17000000000002,3.8944240564378574,1
153.18,3.7092130670388084,1
153.19,3.9485005006226324,1
153.20000000000002,4.409718251432836,1
153.21,4.249962525755795,1
153.22,5.733021672575395,1
153.23,4.398508043970724,1
153.24,3.7220457816177204,1
153.25,3.6190982470644406,1
153.26,3.7223125180485592,1
153.27,3.00890348356262,1
153.28,3.966399260707784,1
153.29,4.506320740513748,1
153.3,3.632411186475514,1
153.31,3.45409312097467,1
153.32,4.950834677358525,1
153.33,3.13150651892762,1
153.34,2.606229975266824,1
153.35,3.1683376466151643,1
153.36,2.950622923947126,1
153.37,4.187632025180053,1
153.38,3.777222400991167,1
153.39000000000001,3.8440940303844444,1
153.4,4.738702707639719,1
153.41,3.595764093779059,1
153.42000000000002,4.478646291008099,1
153.43,5.00930875497357,1
153.44,3.7649115073904316,1
153.45000000000002,4.4640964523288575,1
153.46,3.8709473260471907,1
153.47,4.591838453667784,1
153.48,3.015882635408387,1
153.49,2.8732969839701576,1
153.5,3.678532000322935,1
153.51,3.403951773883618,1
153.52,3.628981280037896,1
153.53,3.8353036758916166,1
153.54,4.457283840872771,1
153.55,3.7629350473024425,1
153.56,3.4512310377575983,1
153.57,3.7390018088343266,1
153.58,3.4852963880042376,1
153.59,3.363107978659004,1
153.6,2.9152144811373084,1
153.61,3.9799922817235185,1
153.62,3.6298068132195103,1
153.63,4.604738023843675,1
153.64000000000001,3.0971718018776855,1
153.65,3.594110806934712,1
153.66,5.151913327960861,1
153.67000000000002,3.459468947892829,1
153.68,3.8140985164348926,1
153.69,3.1999711422029327,1
153.70000000000002,3.0770994678702377,1
153.71,4.9485661209711385,1
153.72,4.167889340836523,1
153.73,4.096808060046146,1
153.74,2.9051894102157556,1
153.75,4.167073161023081,1
153.76,4.760993249916523,1
153.77,4.791473583789388,1
153.78,4.4811223593682215,1
153.79,3.2960244057448365,1
153.8,4.160925000808228,1
153.81,4.442803945719373,1
153.82,2.8622812983878854,1
153.83,3.2042182233996237,1
153.84,4.528515271553904,1
153.85,4.600114773430876,1
153.86,3.031241390301024,1
153.87,4.457707418167799,1
153.88,4.089298049027385,1
153.89000000000001,4.512099099073309,1
153.9,3.6190301450170925,1
153.91,4.395755536118869,1
153.92000000000002,4.57124586576194,1
153.93,3.806318476397096,1
153.94,3.9998974743902838,1
153.95000000000002,3.5792142437171695,1
153.96,5.0463840113854985,1
153.97,3.984747125165223,1
153.98,3.4008487572483634,1
153.99,3.499602352860072,1
154.0,4.052228576580376,1
154.01,4.491916784090871,1
154.02,3.1627918842697444,1
154.03,5.148582803669396,1
154.04,4.269192433640802,1
154.05,4.318801682895938,1
154.06,3.9560687117800137,1
154.07,4.009859898176953,1
154.08,3.9043812019330146,1
154.09,4.654638357032946,1
154.1,4.034134004388471,1
154.11,4.499732424366907,1
154.12,3.7484911145507764,1
154.13,4.111846704476797,1
154.14000000000001,3.4851040133710542,1
154.15,4.7584249706121415,1
154.16,3.5045461555606385,1
154.17000000000002,3.759416699334272,1
154.18,3.781209569798681,1
154.19,3.7572186687067535,1
154.20000000000002,4.454209288049514,1
154.21,3.8217958338310676,1
154.22,4.893726332730294,1
154.23,3.522573253239083,1
154.24,4.081251400341033,1
154.25,3.501522678951156,1
154.26,4.243230687142909,1
154.27,4.004245196699599,1
154.28,3.8996459689151624,1
154.29,4.765095716929535,1
154.3,3.6213497970841164,1
154.31,4.357828998827685,1
154.32,3.522546290964438,1
154.33,4.04446619700634,1
154.34,3.2269440928211877,1
154.35,3.5237563444201916,1
154.36,3.9181285950588416,1
154.37,5.172484620664946,1
154.38,4.135753546172341,1
154.39000000000001,5.081741910645066,1
154.4,4.2078566435675535,1
154.41,3.7613199366064225,1
154.42000000000002,4.984458264888698,1
154.43,4.34261717861347,1
154.44,3.6035406569646877,1
154.45000000000002,4.281532823014897,1
154.46,3.827048026456446,1
154.47,2.699079922317093,1
154.48,4.529231272907555,1
154.49,4.742178784651026,1
154.5,5.237040715554499,1
154.51,4.348121489421079,1
154.52,3.859508332496054,1
154.53,4.533335809285735,1
154.54,4.5833881997117825,1
154.55,5.097967543814823,1
154.56,4.036922359032355,1
154.57,3.894782911440113,1
154.58,3.5294210436420577,1
154.59,4.320486221379856,1
154.6,3.014672188345309,1
154.61,4.444428282740819,1
154.62,4.40807013897755,1
154.63,4.404094690609352,1
154.64000000000001,4.113930215822293,1
154.65,5.001476472156676,1
154.66,4.625863188636689,1
154.67000000000002,3.6436625376434386,1
154.68,3.5963433309680704,1
154.69,3.405022767467886,1
154.70000000000002,4.321989949304249,1
154.71,3.370400315736357,1
154.72,4.665160200595347,1
154.73,4.898292988085446,1
154.74,3.483566380775982,1
154.75,3.8486247228817665,1
154.76,4.001701657176813,1
154.77,4.573655960924594,1
154.78,5.078607922356627,1
154.79,2.971120224101857,1
154.8,3.7318223541420097,1
154.81,3.8113100092890266,1
154.82,3.079883456177478,1
154.83,3.6300395852879963,1
154.84,4.255351248026966,1
154.85,3.834506136330513,1
154.86,2.9878754447726523,1
154.87,5.804060571767226,1
154.88,4.280947537795518,1
154.89000000000001,4.089327236878743,1
154.9,3.292993230266097,1
154.91,4.126733297868943,1
154.92000000000002,3.901057341601561,1
154.93,2.768734786826691,1
154.94,3.231711379077164,1
154.95000000000002,4.469673692224818,1
154.96,5.289515342639687,1
154.97,4.315598462989793,1
154.98,4.734648267592281,1
154.99,3.9430203434937177,1
155.0,3.9404275664727444,1
155.01,4.70428442560528,1
155.02,5.1211151000114095,1
155.03,4.911456101095504,1
155.04,3.36280013676986,1
155.05,3.9183231420378624,1
155.06,4.175165436790327,1
155.07,3.8420233470790293,1
155.08,4.242174601568286,1
155.09,4.546944463183048,1
155.1,4.683468661288355,1
155.11,5.134849472119316,1
155.12,3.8543400438758586,1
155.13,3.106236203208002,1
155.14000000000001,4.178807145925321,1
155.15,5.2329995528875095,1
155.16,3.7645042291209387,1
155.17000000000002,4.431516453320857,1
155.18,4.477310995787266,1
155.19,4.152851801373686,1
155.20000000000002,4.0136640675323285,1
155.21,3.4016722466288973,1
155.22,2.48369193927367,1
155.23,3.187620595242548,1
155.24,3.698016606378129,1
155.25,4.693920600992326,1
155.26,3.9747227641538556,1
155.27,3.6617244561636313,1
155.28,3.401606322967427,1
155.29,4.390251012225597,1
155.3,4.904756508098171,1
155.31,4.744273268087156,1
155.32,4.437943866352395,1
155.33,3.0688563703689082,1
155.34,3.715954954218855,1
155.35,5.24642464587302,1
155.36,4.8027394328765265,1
155.37,3.050587774797001,1
155.38,3.9069665259628614,1
155.39000000000001,4.230006764588815,1
155.4,3.5192899343107418,1
155.41,2.4728789868265135,1
155.42000000000002,3.972492640088149,1
155.43,3.4872291991193496,1
155.44,3.460654543251241,1
155.45000000000002,3.737512388813397,1
155.46,3.897517940638001,1
155.47,3.9879578967266123,1
155.48,3.425719240206692,1
155.49,3.822664837598884,1
155.5,2.849092738742856,1
155.51,4.132756712992332,1
155.52,2.154731239425403,1
155.53,3.701454330860771,1
155.54,4.578481842292689,1
155.55,3.3473780099111825,1
155.56,4.425683333871713,1
155.57,4.775413836455638,1
155.58,1.9002635935110437,1
155.59,3.7758071825562913,1
155.6,2.1206633915577786,1
155.61,3.8105427424517204,1
155.62,3.983979675290997,1
155.63,2.3882923849737754,1
155.64000000000001,5.152188387055342,1
155.65,4.2547066379729115,1
155.66,3.4644114204751304,1
155.67000000000002,4.918645273344089,1
155.68,2.8900728846430948,1
155.69,3.1358826280530203,1
155.70000000000002,2.4561996559553263,1
155.71,5.075942234305942,1
155.72,4.2801924796684565,1
155.73,4.4446505164847725,1
155.74,4.221977344066307,1
155.75,4.385595771839995,1
155.76,4.07379482705338,1
155.77,4.1802092986172354,1
155.78,4.080628781930741,1
155.79,3.609965747711627,1
155.8,3.9463464476329135,1
155.81,4.174296865212523,1
155.82,4.08218528053353,1
155.83,3.0461097990597437,1
155.84,3.0701003065763905,1
155.85,4.646784883673479,1
155.86,3.8396204700778003,1
155.87,4.369763958295419,1
155.88,3.3135868285494805,1
155.89000000000001,3.0029955245895077,1
155.9,3.392829831276212,1
155.91,3.8191631297917774,1
155.92000000000002,3.557587509059087,1
155.93,4.812996773370172,1
155.94,4.165259720759689,1
155.95000000000002,5.209560476682324,1
155.96,4.334965344597067,1
155.97,2.454765118483988,1
155.98,4.5924762686095955,1
155.99,3.056107789334912,1
156.0,4.092943383466937,1
156.01,3.502939163087945,1
156.02,5.3604292899315,1
156.03,5.015678562018998,1
156.04,3.579626009312142,1
156.05,3.89214421910127,1
156.06,4.1522309606501535,1
156.07,4.569341898875105,1
156.08,4.053075118454001,1
156.09,3.338203030703249,1
156.1,3.4947193669224004,1
156.11,3.9667752428000362,1
156.12,4.79895793387163,1
156.13,4.32553106375788,1
156.14000000000001,3.517717872865007,1
156.15,4.391746097765111,1
156.16,3.772417801086771,1
156.17000000000002,4.564067554779469,1
156.18,5.673441557268447,1
156.19,3.8675895577026256,1
156.20000000000002,4.512160003634396,1
156.21,3.5470968309072077,1
156.22,3.8999858282147146,1
156.23,4.013180017098862,1
156.24,3.875123236196167,1
156.25,5.590581967627328,1
156.26,3.896508456839,1
156.27,4.374556772250628,1
156.28,2.7701771789599268,1
156.29,4.206502505235665,1
156.3,4.753388226717029,1
156.31,3.7028828663797215,1
156.32,2.353468188244054,1
156.33,3.8761297049001486,1
156.34,4.003717161812413,1
156.35,4.470023881056636,1
156.36,5.332933528029737,1
156.37,3.8333862024812593,1
156.38,3.434418652172439,1
156.39000000000001,3.208935073047723,1
156.4,4.081055244518407,1
156.41,4.3158822327496615,1
156.42000000000002,3.6649159200524024,1
156.43,4.485126859680232,1
156.44,4.3310622712098885,1
156.45000000000002,4.0479137078597915,1
156.46,3.4173620311681723,1
156.47,3.652394206372647,1
156.48,2.402648085735068,1
156.49,4.057144357276017,1
156.5,4.020519652027143,1
156.51,4.1235218040837935,1
156.52,4.334628083107816,1
156.53,4.270409833025328,1
156.54,3.944604787326134,1
156.55,4.028253522344953,1
156.56,3.090534072108654,1
156.57,3.5666971935505685,1
156.58,4.006748912132576,1
156.59,3.5229618353204355,1
156.6,4.529468443632415,1
156.61,3.604428548322661,1
156.62,4.1166109246990965,1
156.63,4.082627827628367,1
156.64000000000001,4.489164173471953,1
156.65,4.613809237608783,1
156.66,4.4871370010960785,1
156.67000000000002,2.662790438047604,1
156.68,4.694565309451719,1
156.69,5.032635702514335,1
156.70000000000002,3.749141951347312,1
156.71,4.1384918837916125,1
156.72,3.4303121337462916,1
156.73,2.70165435684561,1
156.74,3.4427994149393637,1
156.75,3.616110121713685,1
156.76,3.7467291816117436,1
156.77,3.362632533436282,1
156.78,3.4858904747101183,1
156.79,3.9620122084310125,1
156.8,3.4979751715667016,1
156.81,4.322532829618795,1
156.82,4.461633131139728,1
156.83,5.572162458142028,1
156.84,4.824703470368792,1
156.85,4.207214509108016,1
156.86,3.609987441256196,1
156.87,4.167191030788026,1
156.88,4.221936373993839,1
156.89000000000001,3.680263792393898,1
156.9,4.489323442940807,1
156.91,3.122232946563549,1
156.92000000000002,3.7887602893193173,1
156.93,4.347982675143164,1
156.94,3.8342860413988333,1
156.95000000000002,3.855908921012069,1
156.96,3.901955080293597,1
156.97,3.451955033297663,1
156.98,4.728778205083442,1
156.99,3.383194383558936,1
157.0,4.169422643790721,1
157.01,4.278552088112962,1
157.02,3.401219777826299,1
157.03,4.011505342921781,1
157.04,3.410494637504046,1
157.05,4.867178299930536,1
157.06,3.3131553662993065,1
157.07,3.534521960123265,1
157.08,3.1777586968706086,1
157.09,3.0697512890947087,1
157.1,4.976611615956347,1
157.11,4.410764616059241,1
157.12,4.11567231236535,1
157.13,3.580934200236363,1
157.14000000000001,4.563740865936252,1
157.15,3.499045076093374,1
157.16,4.484878850695969,1
157.17000000000002,3.4629821598535857,1
157.18,3.5496036772741886,1
157.19,4.464971781309499,1
157.20000000000002,4.588374491335972,1
157.21,4.42296020290639,1
157.22,3.344318662948787,1
157.23,3.6708097987420096,1
157.24,4.082049032663921,1
157.25,3.4538848713499215,1
157.26,4.856753413707514,1
157.27,2.492952502992069,1
157.28,3.4043084119146183,1
157.29,3.6336370081993827,1
157.3,2.1327852525533455,1
157.31,2.9820532414637095,1
157.32,4.344629129292789,1
157.33,4.040326647716028,1
157.34,5.0231157845443795,1
157.35,5.063974591897233,1
157.36,4.344811500522948,1
157.37,4.223926732695581,1
157.38,4.056213615590278,1
157.39000000000001,2.280678752119826,1
157.4,2.99201014721621,1
157.41,4.004841789306099,1
157.42000000000002,4.399985818119797,1
157.43,4.211945307724187,1
157.44,3.433659614921506,1
157.45000000000002,4.57423590628039,1
157.46,4.99630674972397,1
157.47,4.668373207855543,1
157.48,4.682183081561506,1
157.49,3.6780891003335237,1
157.5,4.678782547849415,1
157.51,4.135299377065187,1
157.52,4.340029996555083,1
157.53,4.257504556879328,1
157.54,3.9366259229465657,1
157.55,3.4382030566595225,1
157.56,3.912999538631739,1
157.57,4.635019471654775,1
157.58,3.7516588872507954,1
157.59,4.564729095241354,1
157.6,4.512116531395734,1
157.61,3.836767755924331,1
157.62,4.8912997715421715,1
157.63,3.8227890146899326,1
157.64000000000001,4.968805039329855,1
157.65,4.3398024538326085,1
157.66,4.010093880096716,1
157.67000000000002,3.4245743997427107,1
157.68,3.908208671971732,1
157.69,3.862287450123564,1
157.70000000000002,3.175318130741517,1
157.71,3.809323902685026,1
157.72,3.467028664750423,1
157.73,4.348230141189002,1
157.74,4.86844639154322,1
157.75,3.2560483795149002,1
157.76,5.066357719854338,1
157.77,3.9805738311596013,1
157.78,3.366212333229662,1
157.79,4.453625974680984,1
157.8,3.7375449703193206,1
157.81,3.9312195769336378,1
157.82,3.7335657478968836,1
157.83,3.454090734118489,1
157.84,4.4369956748362025,1
157.85,3.840459103269594,1
157.86,3.0582862794000247,1
157.87,4.301040935845879,1
157.88,3.235845731104441,1
157.89000000000001,3.20588216260316,1
157.9,4.726150355651723,1
157.91,3.267349066553113,1
157.92000000000002,2.453064471089851,1
157.93,4.31131442849658,1
157.94,3.821523477304986,1
157.95000000000002,3.8480704659945717,1
157.96,3.7868272695086267,1
157.97,4.137523798315494,1
157.98,3.5198653962182465,1
157.99,4.9289379806844975,1
158.0,3.0979152135769774,1
158.01,4.234522635703831,1
158.02,4.430698051714235,1
158.03,3.532957832477729,1
158.04,3.307748929756191,1
158.05,4.618437008148645,1
158.06,3.394207082718941,1
158.07,3.57003130025554,1
158.08,4.549913616106153,1
158.09,4.055535934874978,1
158.1,2.837293326030978,1
158.11,5.0637801413503905,1
158.12,3.7199404869699952,1
158.13,3.721875841676753,1
158.14000000000001,4.149272777110796,1
158.15,4.41452428543349,1
158.16,5.297292685676371,1
158.17000000000002,3.0007372949670366,1
158.18,4.475945938118726,1
158.19,4.51064295227695,1
158.20000000000002,3.941642012709384,1
158.21,4.5073044816754075,1
158.22,4.636622294198287,1
158.23,3.141539881700872,1
158.24,5.083791549084593,1
158.25,3.05365742457925,1
158.26,3.2065933803633784,1
158.27,3.7825401827040124,1
158.28,5.235909533514276,1
158.29,3.8741487481077854,1
158.3,3.9717292926918497,1
158.31,4.927477807433654,1
158.32,3.8607935648107747,1
158.33,3.2270437645703423,1
158.34,3.6829085878674372,1
158.35,4.870383934752388,1
158.36,4.098202297368966,1
158.37,5.25855909941484,1
158.38,4.5543070857242505,1
158.39000000000001,3.6148877231520085,1
158.4,4.01003304813482,1
158.41,3.4470093713536087,1
158.42000000000002,3.533121864135162,1
158.43,6.87814682145663,1
158.44,4.833601875585971,1
158.45000000000002,4.608721412370369,1
158.46,3.632185858153604,1
158.47,4.996322725460646,1
158.48,4.773112028665789,1
158.49,5.267237077972262,1
158.5,5.265411743832181,1
158.51,3.1162487621244255,1
158.52,3.2268789406737883,1
158.53,3.302326147028597,1
158.54,3.345683556971009,1
158.55,4.170606269711535,1
158.56,3.6424778902801402,1
158.57,5.323310598236226,1
158.58,5.315210074539013,1
158.59,4.07472013520237,1
158.6,5.27315545426362,1
158.61,5.041934147615342,1
158.62,3.770084587516143,1
158.63,2.6825680031074777,1
158.64000000000001,3.7795298829071573,1
158.65,3.5685222956784606,1
158.66,4.10809816466136,1
158.67000000000002,4.064379785125734,1
158.68,4.044750468253823,1
158.69,4.342466846409409,1
158.70000000000002,3.2338286749472696,1
158.71,4.220932175448566,1
158.72,3.728020245715827,1
158.73,4.1134354545193474,1
158.74,4.6280013471818275,1
158.75,3.243254067590833,1
158.76,3.772083780130436,1
158.77,3.909416584784603,1
158.78,3.6608924007650687,1
158.79,4.563488966792008,1
158.8,3.566400519104456,1
158.81,3.613624175867796,1
158.82,3.5162013684122426,1
158.83,4.679529242699673,1
158.84,3.721259760584696,1
158.85,4.281766351300326,1
158.86,5.298800637738458,1
158.87,4.029383681514164,1
158.88,4.723300178804313,1
158.89000000000001,5.127820917999522,1
158.9,4.73414087139695,1
158.91,4.033147272161682,1
158.92000000000002,4.418606936241505,1
158.93,3.189827921645744,1
158.94,3.4452750958635856,1
158.95000000000002,3.57438574552523,1
158.96,5.428237143043195,1
158.97,3.5584658753934875,1
158.98,3.4366170849073527,1
158.99,3.2888708767113966,1
159.0,4.3205543275509735,1
159.01,4.111770147407149,1
159.02,4.7118268894868836,1
159.03,4.478242314398579,1
159.04,3.1330576507867396,1
159.05,3.4241982751284334,1
159.06,4.851316707966654,1
159.07,3.9191732169084834,1
159.08,4.765694339508913,1
159.09,3.948824328833023,1
159.1,3.369085960143992,1
159.11,3.7653807871448466,1
159.12,3.3578241195775966,1
159.13,3.5945224449465165,1
159.14000000000001,4.1060377609310565,1
159.15,4.338306456747952,1
159.16,2.988536228630102,1
159.17000000000002,3.9280433077271835,1
159.18,3.615069329581146,1
159.19,3.556193863290694,1
159.20000000000002,4.0594612532605945,1
159.21,3.646418567310196,1
159.22,4.8755562512180575,1
159.23,4.8233823089549706,1
159.24,4.816207343785428,1
159.25,3.727860380567758,1
159.26,3.35917451911307,1
159.27,4.01477386369833,1
159.28,3.9033360599268234,1
159.29,3.599178073367814,1
159.3,3.2131001436530306,1
159.31,3.9258479484162714,1
159.32,3.733378921750396,1
159.33,4.430622217209336,1
159.34,4.457377390821083,1
159.35,4.741673419968329,1
159.36,3.227433000702244,1
159.37,4.213864218746716,1
159.38,3.540831046352547,1
159.39000000000001,3.1806097977951517,1
159.4,3.672747050600638,1
159.41,4.6737715479202455,1
159.42000000000002,3.798855368286588,1
159.43,5.003643617720853,1
159.44,4.416346885276541,1
159.45000000000002,3.7692835033655427,1
159.46,4.738830008594567,1
159.47,4.333316118317676,1
159.48,3.414927442849781,1
159.49,5.170940599764395,1
159.5,4.238613807044937,1
159.51,4.0265123418405455,1
159.52,3.4464963807967077,1
159.53,4.732108352725196,1
159.54,4.379549771024667,1
159.55,4.4310409309992895,1
159.56,3.696561429634782,1
159.57,4.522982279958074,1
159.58,4.622989988842163,1
159.59,3.6034567201561214,1
159.6,3.056823185662588,1
159.61,4.320621059940378,1
159.62,2.9984042220069167,1
159.63,4.038536490093507,1
159.64000000000001,3.7121266198651774,1
159.65,4.773432860338551,1
159.66,3.791517484384719,1
159.67000000000002,4.7059218034264125,1
159.68,3.708721336858898,1
159.69,4.631346389134174,1
159.70000000000002,5.374690013782077,1
159.71,3.389501502723337,1
159.72,4.152851319425677,1
159.73,5.79266067439079,1
159.74,4.150764398778339,1
159.75,4.049135882119377,1
159.76,4.514549093149641,1
159.77,4.057527399303387,1
159.78,2.895754002853139,1
159.79,4.668406063138352,1
159.8,2.7405334573297795,1
159.81,3.6540055201050743,1
159.82,4.762653106318582,1
159.83,3.8144241385193087,1
159.84,3.538775084885684,1
159.85,4.542818377147152,1
159.86,3.480341193327787,1
159.87,3.175805047282335,1
159.88,4.128660923757491,1
159.89000000000001,3.8890337246821365,1
159.9,3.186410908752146,1
159.91,4.364457899128973,1
159.92000000000002,4.323240477086591,1
159.93,3.785974960706413,1
159.94,3.7981338594343743,1
159.95000000000002,4.293092458146713,1
159.96,4.789926491754661,1
159.97,3.8639111693085124,1
159.98,4.416615514446306,1
159.99,4.391715191488253,1
160.0,4.5940229346366825,1
160.01,4.061146322031663,1
160.02,3.4117255784421134,1
160.03,3.664620697025997,1
160.04,4.202330494348657,1
160.05,5.192012153988766,1
160.06,3.7574747877130283,1
160.07,4.507617875276651,1
160.08,3.81760455169064,1
160.09,4.060731599449586,1
160.1,4.986877170200134,1
160.11,4.555107779563032,1
160.12,3.227915569087467,1
160.13,3.5822365683492903,1
160.14000000000001,4.790006963827356,1
160.15,4.139454998561187,1
160.16,3.26296657701438,1
160.17000000000002,3.424417943661232,1
160.18,4.421912036845274,1
160.19,4.670516895970069,1
160.20000000000002,4.051816050183331,1
160.21,5.609164205264646,1
160.22,4.63128376089874,1
160.23,3.8798994600921106,1
160.24,3.4635402729052744,1
160.25,3.3352792614005033,1
160.26,4.177747817215466,1
160.27,3.693532174592508,1
160.28,5.0675853247408735,1
160.29,5.015440659759802,1
160.3,4.471678339776518,1
160.31,3.2633338572096484,1
160.32,3.519644969477872,1
160.33,4.785898622581456,1
160.34,3.681820268920182,1
160.35,4.708987253607265,1
160.36,4.350475997939556,1
160.37,4.054584620522533,1
160.38,3.547256804632556,1
160.39000000000001,3.9116872747015887,1
160.4,4.117750318984009,1
160.41,4.677006143298809,1
160.42000000000002,3.4659294732009274,1
160.43,3.797432593701238,1
160.44,4.016928501029791,1
160.45000000000002,4.430980609820118,1
160.46,3.4364208788130384,1
160.47,3.111956662858818,1
160.48,4.384005498189941,1
160.49,3.038151006924556,1
160.5,4.776021093219927,1
160.51,3.94539190024975,1
160.52,2.9926405543928922,1
160.53,3.627847889103138,1
160.54,4.223657260253104,1
160.55,3.6677875509230944,1
160.56,3.993063133855711,1
160.57,4.479768053343476,1
160.58,3.8975991411815785,1
160.59,3.385865804751212,1
160.6,3.7691624766684226,1
160.61,4.904138981824566,1
160.62,5.1475668605181735,1
160.63,2.758267443011589,1
160.64000000000001,4.633386533976414,1
160.65,4.20030627075306,1
160.66,4.611525083229682,1
160.67000000000002,3.679518787794222,1
160.68,2.833470579738406,1
160.69,4.309241478945403,1
160.70000000000002,3.4080212049352663,1
160.71,3.063716958485035,1
160.72,3.0884060393000334,1
160.73,4.3351946178987895,1
160.74,4.11059247349929,1
160.75,4.51432215195975,1
160.76,4.464974720685193,1
160.77,3.754784602574907,1
160.78,3.939561781558135,1
160.79,3.664538234608796,1
160.8,3.8434055470829107,1
160.81,3.3630214615374285,1
160.82,4.215138800164976,1
160.83,4.710477789427203,1
160.84,3.5127864966717013,1
160.85,4.802092022215122,1
160.86,4.1217815541389005,1
160.87,4.163725911195583,1
160.88,2.907184492192438,1
160.89000000000001,2.7618269716964345,1
160.9,4.019216485935823,1
160.91,4.5135540504929725,1
160.92000000000002,3.5952021780184356,1
160.93,5.059317394414919,1
160.94,4.540406776556602,1
160.95000000000002,3.4430663104565955,1
160.96,3.9865994867294736,1
160.97,5.606299286125791,1
160.98,3.2901664660113776,1
160.99,4.300166815155183,1
161.0,3.8086040012289484,1
161.01,4.447171014805727,1
161.02,4.849074083982541,1
161.03,3.800342642211736,1
161.04,4.714003227444278,1
161.05,5.484021248805393,1
161.06,4.132042242846184,1
161.07,4.517181033698802,1
161.08,3.6479357999467137,1
161.09,3.9913721451588855,1
161.1,3.8848504146821417,1
161.11,4.510166120838546,1
161.12,4.812238583835225,1
161.13,3.977587074952097,1
161.14000000000001,4.993714117675776,1
161.15,5.052361914522429,1
161.16,4.612604935713023,1
161.17000000000002,3.701943345921993,1
161.18,3.585144355007989,1
161.19,3.448012123917769,1
161.20000000000002,4.5827271475127125,1
161.21,3.248733341079327,1
161.22,4.394075861585782,1
161.23,3.322189514008328,1
161.24,4.493671931019033,1
161.25,4.040792879559279,1
161.26,4.8677508740101825,1
161.27,4.792673822372737,1
161.28,4.978672406761657,1
161.29,5.0065418123760335,1
161.3,4.153584351243004,1
161.31,3.2573565781967337,1
161.32,3.272533971224084,1
161.33,2.6023443084132216,1
161.34,3.213026898960379,1
161.35,3.997436395164076,1
161.36,3.636726351944068,1
161.37,3.861326386932391,1
161.38,4.311367609059748,1
161.39000000000001,3.8213957159111214,1
161.4,3.261408745799808,1
161.41,3.9211449803789855,1
161.42000000000002,3.412302064107237,1
161.43,3.7890440066640965,1
161.44,4.85857520173144,1
161.45000000000002,3.876002841003123,1
161.46,5.141608691616256,1
161.47,4.9973833886696,1
161.48,3.6839729510638173,1
161.49,3.2601091158243816,1
161.5,3.9215078855101524,1
161.51,4.743602909210329,1
161.52,3.726566125966488,1
161.53,4.572789237835252,1
161.54,4.818438197638331,1
161.55,3.546896045652938,1
161.56,3.534172248290966,1
161.57,4.434446089415477,1
161.58,4.124589850814939,1
161.59,3.562338814507643,1
161.6,3.745235460232067,1
161.61,3.938959000608846,1
161.62,2.9810146942571043,1
161.63,4.435632290757929,1
161.64000000000001,3.7155485894682947,1
161.65,2.176777254422518,1
161.66,3.8751184600786055,1
161.67000000000002,3.511354209980122,1
161.68,5.066437974092571,1
161.69,3.684132603107814,1
161.70000000000002,3.2688651704993865,1
161.71,4.28569332866341,1
161.72,3.588624230641159,1
161.73,3.4695837090280772,1
161.74,4.2987542672868,1
161.75,3.3428399502478463,1
161.76,3.015049066642829,1
161.77,5.0607804069427065,1
161.78,4.439642379020958,1
161.79,3.8549519110726527,1
161.8,3.9890410003615595,1
161.81,4.327561897862052,1
161.82,4.65118322453104,1
161.83,3.548572342686033,1
161.84,4.210480804755624,1
161.85,3.6838645121569193,1
161.86,3.8584153692085423,1
161.87,4.095767105834913,1
161.88,4.001412774841554,1
161.89000000000001,4.4773418611668685,1
161.9,4.34467636999353,1
161.91,3.042136745049871,1
161.92000000000002,3.0615332056299818,1
161.93,3.703809105779438,1
161.94,5.1686935463607,1
161.95000000000002,3.5175841824435747,1
161.96,3.835954129922641,1
161.97,3.642160420916408,1
161.98,3.6190495919883565,1
161.99,4.092790080532171,1
162.0,4.91443224726646,1
162.01,4.350711430729593,1
162.02,3.499688539785586,1
162.03,5.756356311500663,1
162.04,4.156361958759382,1
162.05,3.6348640533063556,1
162.06,4.894300844360434,1
162.07,3.749311456443581,1
162.08,5.063905199945043,1
162.09,3.4989360683745976,1
162.1,4.897781272807735,1
162.11,4.18431242029924,1
162.12,4.848730803431693,1
162.13,5.284844486810696,1
162.14000000000001,3.342222275686799,1
162.15,4.788291021192551,1
162.16,3.133159827215489,1
162.17000000000002,3.268546069091658,1
162.18,3.434837451864751,1
162.19,4.292864274477043,1
162.20000000000002,4.03899351307183,1
162.21,3.8938968816087374,1
162.22,4.0885154947210545,1
162.23,4.388956730153351,1
162.24,4.45691612913134,1
162.25,4.737342081463806,1
162.26,5.225131792501593,1
162.27,4.059647381974052,1
162.28,3.665481241315618,1
162.29,4.378008873959099,1
162.3,3.2802548870746064,1
162.31,3.5164524071512684,1
162.32,4.619414429630474,1
162.33,3.95662678328784,1
162.34,3.213487368762656,1
162.35,2.9861818908176434,1
162.36,3.9707797051489333,1
162.37,4.739142307803603,1
162.38,4.776581704801202,1
162.39000000000001,4.118537382012225,1
162.4,5.31055082211498,1
162.41,4.010622561868718,1
162.42000000000002,3.910730668798122,1
162.43,2.3288171071992396,1
162.44,3.6094669960507124,1
162.45000000000002,4.529380036072338,1
162.46,5.046506186536715,1
162.47,3.5241101096441043,1
162.48,4.271369297764023,1
162.49,4.6955275760558095,1
162.5,4.049003828777967,1
162.51,2.521481779101099,1
162.52,4.071737816303688,1
162.53,4.498342497554733,1
162.54,3.415185152314562,1
162.55,3.8000082929791774,1
162.56,3.238281219496744,1
162.57,2.286710750472229,1
162.58,4.563552834141898,1
162.59,4.031381012816186,1
162.6,5.038500643494229,1
162.61,4.618565491995236,1
162.62,3.8072923835140835,1
162.63,3.934467523062553,1
162.64000000000001,4.363420330576818,1
162.65,4.649147167163235,1
162.66,4.248306874988989,1
162.67000000000002,4.732239246667666,1
162.68,3.8514470913393164,1
162.69,3.344111229905806,1
162.70000000000002,3.918596554173541,1
162.71,4.128245689457296,1
162.72,3.2281037986980436,1
162.73,3.0863822481727223,1
162.74,4.235460113683558,1
162.75,3.7504715196120517,1
162.76,3.8774259113015637,1
162.77,3.7592665418311046,1
162.78,4.972165871519493,1
162.79,4.87699711495882,1
162.8,3.2497889374734217,1
162.81,3.6092956778488063,1
162.82,4.528065113188413,1
162.83,4.42223756052866,1
162.84,3.998435127667275,1
162.85,3.2617981667271785,1
162.86,3.512856151869099,1
162.87,3.6354776133990256,1
162.88,4.157850596462717,1
162.89000000000001,5.11489852830875,1
162.9,3.621226133550681,1
162.91,3.311552200706024,1
162.92000000000002,3.888239082829926,1
162.93,4.662716459315616,1
162.94,3.100983438551962,1
162.95000000000002,4.889218918987116,1
162.96,3.9417342079335453,1
162.97,3.5200559800089586,1
162.98,2.9329542319098048,1
162.99,4.39438838202456,1
163.0,3.912602476881347,1
163.01,4.105514806911329,1
163.02,3.4218581567602895,1
163.03,3.7582727461168286,1
163.04,3.669788367989064,1
163.05,3.9149195836324355,1
163.06,3.5604702454060604,1
163.07,2.9782072004086713,1
163.08,5.709022043471823,1
163.09,3.217925183063008,1
163.1,4.07081136703726,1
163.11,2.8545057354174452,1
163.12,2.6355281625088987,1
163.13,3.981604349261906,1
163.14000000000001,4.112030998987111,1
163.15,4.825218919386661,1
163.16,4.308750690537588,1
163.17000000000002,3.921323510823702,1
163.18,3.3791512860257145,1
163.19,4.935351496086172,1
163.20000000000002,4.658786663895059,1
163.21,3.230872559538755,1
163.22,3.978484319299307,1
163.23,4.092174316578643,1
163.24,3.781260361609193,1
163.25,4.487674558177748,1
163.26,4.568913008250095,1
163.27,3.9105421461314194,1
163.28,3.812396432305867,1
163.29,4.961311424020131,1
163.3,4.662931559921153,1
163.31,4.086725409046575,1
163.32,2.94812554236857,1
163.33,4.16008475863041,1
163.34,4.4625418436523345,1
163.35,2.240539148209396,1
163.36,4.057852537347749,1
163.37,3.733109330016429,1
163.38,3.840689910203637,1
163.39000000000001,3.401706368226665,1
163.4,3.8679528811258392,1
163.41,4.895241598829822,1
163.42000000000002,3.7640782288489496,1
163.43,4.612336767299484,1
163.44,3.513569171890852,1
163.45000000000002,4.463117130382808,1
163.46,4.028861394879398,1
163.47,4.230135582005236,1
163.48,4.018449374528079,1
163.49,4.4174119851862645,1
163.5,2.3591211755869237,1
163.51,2.980323510177803,1
163.52,4.209433310155535,1
163.53,2.686659164178784,1
163.54,3.5769436574051934,1
163.55,3.9393587088786375,1
163.56,3.4590402306501047,1
163.57,3.518837358457104,1
163.58,4.1473406339411065,1
163.59,4.663700219490159,1
163.6,3.417952312197794,1
163.61,3.5919627359283206,1
163.62,3.501054478238876,1
163.63,2.3990019985965123,1
163.64000000000001,3.995886831335778,1
163.65,4.606225138872601,1
163.66,4.69600104807853,1
163.67000000000002,3.4767816334298347,1
163.68,3.156468973600331,1
163.69,3.9634064430682474,1
163.70000000000002,4.5358611578384735,1
163.71,4.132623122495847,1
163.72,4.195666609056357,1
163.73,4.752592952869407,1
163.74,3.5655823831614235,1
163.75,3.8312119836999963,1
163.76,5.050452088873197,1
163.77,3.935330371948948,1
163.78,3.1738349156022005,1
163.79,3.516132485109582,1
163.8,3.362249705924317,1
163.81,4.193472406065319,1
163.82,3.430291995159615,1
163.83,4.141672388079593,1
163.84,3.5309199240140057,1
163.85,2.594145738323249,1
163.86,4.1145925372337615,1
163.87,4.103203086117804,1
163.88,4.342128442550884,1
163.89000000000001,3.5838741190760586,1
163.9,3.4692414275383534,1
163.91,4.228637803933624,1
163.92000000000002,4.9993021350680396,1
163.93,4.067204255930943,1
163.94,4.279515355329446,1
163.95000000000002,3.808115523276579,1
163.96,2.9869347682646286,1
163.97,4.566912295584625,1
163.98,4.623420190195466,1
163.99,4.498575972370861,1
164.0,3.911863091516724,1
164.01,4.382099064850075,1
164.02,4.6028244680611206,1
164.03,5.087375318539257,1
164.04,4.7066268687948885,1
164.05,4.08380667024128,1
164.06,3.1561958205734166,1
164.07,4.050367358308873,1
164.08,4.169496882584027,1
164.09,4.470208854119536,1
164.1,4.906656758111907,1
164.11,3.9926629991231586,1
164.12,5.362741081983126,1
164.13,2.940288123577366,1
164.14000000000001,4.208498432160313,1
164.15,3.4944067622277584,1
164.16,2.732203567603448,1
164.17000000000002,3.793015158333748,1
164.18,3.042125084754562,1
164.19,3.8377884122948784,1
164.20000000000002,4.012826599300751,1
164.21,4.726511638628519,1
164.22,3.065425825679895,1
164.23,4.53335106804823,1
164.24,4.095638499172898,1
164.25,4.673285420954249,1
164.26,3.7602644658159825,1
164.27,3.1212170181036147,1
164.28,3.1573242175972203,1
164.29,3.111277385620262,1
164.3,4.2566962959307295,1
164.31,4.973671535424845,1
164.32,3.6918633890529664,1
164.33,4.389712995237153,1
164.34,3.0349294762126275,1
164.35,4.059093414455638,1
164.36,4.437328381958869,1
164.37,3.086654432600997,1
164.38,3.8129137698544664,1
164.39000000000001,4.453282589231758,1
164.4,2.123681641145707,1
164.41,4.753901499723683,1
164.42000000000002,4.274711506346551,1
164.43,4.481516333973474,1
164.44,3.761106765495903,1
164.45000000000002,2.867914195515091,1
164.46,4.278590356295194,1
164.47,3.9631284276622236,1
164.48,4.018625142729302,1
164.49,4.70678840145414,1
164.5,4.536856403464585,1
164.51,5.278765830825401,1
164.52,4.17655102686874,1
164.53,3.56211442475989,1
164.54,3.8514765614666753,1
164.55,4.260783021209067,1
164.56,4.674764094864046,1
164.57,3.0886317545534983,1
164.58,3.9508573571235828,1
164.59,5.041368656858649,1
164.6,3.906627651035214,1
164.61,4.5984650987327305,1
164.62,4.355856830918006,1
164.63,4.641541438849639,1
164.64000000000001,3.513096408340827,1
164.65,3.4482178685297593,1
164.66,3.9800460624926774,1
164.67000000000002,3.004652917874695,1
164.68,3.7652636618339184,1
164.69,4.149989514646421,1
164.70000000000002,5.166922609124484,1
164.71,4.33131057446412,1
164.72,4.425544963671132,1
164.73,4.78107833325653,1
164.74,3.4209669342095896,1
164.75,3.8581476063720554,1
164.76,5.5651667497554875,1
164.77,4.042573216901595,1
164.78,4.726926978024021,1
164.79,4.668916648880894,1
164.8,3.081092036888367,1
164.81,4.146313463988573,1
164.82,4.10399281542637,1
164.83,4.220326381166673,1
164.84,3.5239295781201774,1
164.85,3.2467460660112746,1
164.86,3.6459556977899417,1
164.87,3.9153051170731636,1
164.88,4.763770516121194,1
164.89000000000001,5.224950093049244,1
164.9,4.979650112877324,1
164.91,4.616892069675124,1
164.92000000000002,3.3853684912708815,1
164.93,3.6978184356022608,1
164.94,4.118075205272336,1
164.95000000000002,3.5967397584011116,1
164.96,4.350312120139721,1
164.97,4.488490968786451,1
164.98,4.3772699736893275,1
164.99,4.687773202482294,1
165.0,3.4543414292084615,1
165.01,4.5725067497879515,1
165.02,3.5829955014219497,1
165.03,3.364473248525065,1
165.04,4.307120744926516,1
165.05,4.80732120543253,1
165.06,4.36507654788603,1
165.07,4.035402845671343,1
165.08,4.203360950548551,1
165.09,4.100719390365795,1
165.1,3.275493631247655,1
165.11,3.1502817000698378,1
165.12,3.8978723897788234,1
165.13,4.045685769897976,1
165.14000000000001,4.010093921295693,1
165.15,4.439279932042842,1
165.16,3.88654926547998,1
165.17000000000002,4.35847014463757,1
165.18,3.927696128958369,1
165.19,5.178709839614845,1
165.20000000000002,4.123091992543927,1
165.21,5.526114102361317,1
165.22,4.319962155452251,1
165.23,3.8805577961423605,1
165.24,3.409245586159355,1
165.25,3.0283668637663963,1
165.26,3.298425560313369,1
165.27,3.3871914999403407,1
165.28,4.219402147344941,1
165.29,3.671772806187394,1
165.3,4.101590050690891,1
165.31,4.83788007154376,1
165.32,3.9933002041303856,1
165.33,5.348615059612313,1
165.34,3.3180167055658787,1
165.35,3.861378037492385,1
165.36,3.64176084694406,1
165.37,4.586138244104097,1
165.38,2.5819266538712595,1
165.39000000000001,2.9785806284968865,1
165.4,3.869065112139083,1
165.41,4.99872267690308,1
165.42000000000002,4.206456079552134,1
165.43,3.1354642557698353,1
165.44,3.171371517901638,1
165.45000000000002,5.035766435134694,1
165.46,3.659135749840014,1
165.47,3.367726214775576,1
165.48,4.920625652920822,1
165.49,4.711266542704354,1
165.5,4.869322766897952,1
165.51,3.4357446950398787,1
165.52,2.976611997476491,1
165.53,4.024998992664507,1
165.54,4.218939474957607,1
165.55,4.2497005721769385,1
165.56,4.974070557955516,1
165.57,2.9335259614176192,1
165.58,4.493806590926556,1
165.59,3.318106324890892,1
165.6,4.514312225012681,1
165.61,3.722693075937829,1
165.62,3.455233122887212,1
165.63,3.5715914574095495,1
165.64000000000001,3.036341745848447,1
165.65,3.96841197113458,1
165.66,3.4967718572987594,1
165.67000000000002,4.479979363127205,1
165.68,4.444085673649268,1
165.69,5.121970300217546,1
165.70000000000002,4.305002092720267,1
165.71,4.356130931914972,1
165.72,4.929793139858302,1
165.73,3.6485418634496707,1
165.74,3.0132875055441177,1
165.75,4.070624067637764,1
165.76,3.0811916709634684,1
165.77,5.537057940752879,1
165.78,5.036592897890078,1
165.79,5.4662460554315375,1
165.8,4.128492169318935,1
165.81,4.364937614160639,1
165.82,3.7237752970362883,1
165.83,4.556293688033938,1
165.84,3.244698001283089,1
165.85,2.3046494086582445,1
165.86,3.385243027397104,1
165.87,3.0187612618375406,1
165.88,4.90004732086821,1
165.89000000000001,5.232066927074296,1
165.9,3.1636630255200826,1
165.91,4.7879222565288355,1
165.92000000000002,4.664561450620825,1
165.93,3.0213571366480156,1
165.94,3.6880645577976106,1
165.95000000000002,3.6048568576563267,1
165.96,4.461612476890562,1
165.97,3.2304291386046726,1
165.98,3.889674326910339,1
165.99,3.548326299009075,1
166.0,4.280017038628866,1
166.01,3.876140077091496,1
166.02,3.6452854991683625,1
166.03,3.840324137789229,1
166.04,5.31146297167808,1
166.05,3.8081912271846323,1
166.06,3.3130571560080755,1
166.07,4.337332016572066,1
166.08,3.927116961136754,1
166.09,3.0773822792339263,1
166.1,5.392502349918692,1
166.11,3.8548515985600615,1
166.12,3.7461184567142243,1
166.13,4.088472910171124,1
166.14000000000001,5.12785821287642,1
166.15,2.977804104530065,1
166.16,4.11773585381395,1
166.17000000000002,5.3613467461026705,1
166.18,4.165203698894622,1
166.19,3.2083917792956145,1
166.20000000000002,3.551269728997916,1
166.21,4.10730755728166,1
166.22,4.8699025541568925,1
166.23,3.832023235282213,1
166.24,4.526277007810305,1
166.25,3.1002677785858945,1
166.26,3.0092897999488337,1
166.27,3.6273023264637643,1
166.28,4.910672798224823,1
166.29,4.099328227593373,1
166.3,4.193997585953356,1
166.31,4.192065945807098,1
166.32,4.731210201987033,1
166.33,3.647943763901497,1
166.34,4.425455926702773,1
166.35,3.486426633310895,1
166.36,5.2559903031860395,1
166.37,3.556042502322657,1
166.38,3.400842829455047,1
166.39000000000001,4.3206922550062465,1
166.4,4.071010579097819,1
166.41,4.216331936703654,1
166.42000000000002,4.160467686338251,1
166.43,3.3021500410824407,1
166.44,5.004922974487778,1
166.45000000000002,4.640051425318914,1
166.46,4.920129148843915,1
166.47,3.712411375485202,1
166.48,4.252997214656105,1
166.49,4.143238204027174,1
166.5,4.74047504627035,1
166.51,4.797231074205855,1
166.52,4.173090813286436,1
166.53,3.0254948172094855,1
166.54,5.096225833866928,1
166.55,4.426514290122225,1
166.56,3.6308192936815566,1
166.57,4.241625464331303,1
166.58,3.034056294869521,1
166.59,4.626786995167801,1
166.6,3.083042455650217,1
166.61,3.801698736828827,1
166.62,4.146711046872379,1
166.63,4.68283193726601,1
166.64000000000001,4.11009918625293,1
166.65,4.4185882426390775,1
166.66,4.006839789062283,1
166.67000000000002,3.9795272107455073,1
166.68,4.054231746818292,1
166.69,3.880587653459591,1
166.70000000000002,2.898539667551449,1
166.71,3.4354018581421077,1
166.72,4.124941113434129,1
166.73,3.845859548910128,1
166.74,3.8896581305054716,1
166.75,3.783578267594087,1
166.76,3.4266870619091243,1
166.77,3.6456640206197597,1
166.78,3.779658524202241,1
166.79,3.9901165299044052,1
166.8,4.25464224806186,1
166.81,3.898132280110761,1
166.82,3.325817803438728,1
166.83,3.0524329730821096,1
166.84,5.628438421610527,1
166.85,3.3646496110515844,1
166.86,3.625380064190071,1
166.87,4.312967564748069,1
166.88,4.252914862517645,1
166.89000000000001,4.353127629594734,1
166.9,3.7339400085732155,1
166.91,4.138819781832619,1
166.92000000000002,4.048130731867945,1
166.93,3.8003679779775412,1
166.94,4.147251022549494,1
166.95000000000002,4.693586775746457,1
166.96,4.027211058992254,1
166.97,3.991545220241662,1
166.98,4.692546510670356,1
166.99,4.66531121876273,1
167.0,5.067622483222063,1
167.01,2.9245643386026448,1
167.02,4.522741385122021,1
167.03,4.421687029359022,1
167.04,3.450664310801717,1
167.05,4.13027738208328,1
167.06,4.689814857694828,1
167.07,3.503406582464966,1
167.08,4.257351708911803,1
167.09,4.580800588768554,1
167.1,3.3399395423869964,1
167.11,3.868077296811165,1
167.12,4.187361632134123,1
167.13,3.4946885330254784,1
167.14000000000001,3.3992612692320874,1
167.15,3.876334829585808,1
167.16,4.512707141644293,1
167.17000000000002,4.448435681417345,1
167.18,3.4679966285110746,1
167.19,4.391225198638585,1
167.20000000000002,3.4810915887807976,1
167.21,2.924140723862365,1
167.22,3.697235067528801,1
167.23,4.710449136797676,1
167.24,4.468233141281175,1
167.25,4.027074154357019,1
167.26,3.731253869925515,1
167.27,3.730986276579058,1
167.28,4.0544419723072425,1
167.29,3.3100333514914424,1
167.3,3.7327398795208544,1
167.31,3.8440966865613473,1
167.32,3.1140295855646034,1
167.33,3.4028322809827904,1
167.34,4.230518625335595,1
167.35,4.020002674595014,1
167.36,3.8008665732084115,1
167.37,3.3966914915592556,1
167.38,4.986907298412238,1
167.39000000000001,3.515509268028354,1
167.4,4.134171251812163,1
167.41,3.6915066893467516,1
167.42000000000002,4.005029456532322,1
167.43,4.2972122135227435,1
167.44,3.1287705955188434,1
167.45000000000002,3.943433425016497,1
167.46,4.7691852187193176,1
167.47,5.1890645284698,1
167.48,3.9869870425927596,1
167.49,4.026263196264621,1
167.5,5.436352667988916,1
167.51,4.822552884478086,1
167.52,3.6488410771721136,1
167.53,3.577316085157325,1
167.54,4.595275943337157,1
167.55,3.3797264020553985,1
167.56,4.668532184751915,1
167.57,4.257015423912759,1
167.58,4.351333142614985,1
167.59,3.854503665673342,1
167.6,3.582621656603184,1
167.61,4.923540565592721,1
167.62,3.8953221444771295,1
167.63,3.727092756430488,1
167.64000000000001,3.9316303161699397,1
167.65,4.121136165722594,1
167.66,3.338438990391067,1
167.67000000000002,3.5938013637199493,1
167.68,3.574630983272564,1
167.69,4.522920187348497,1
167.70000000000002,3.456537052847167,1
167.71,2.8281992161806153,1
167.72,2.653384062807853,1
167.73,2.9651778520903522,1
167.74,4.821316066993153,1
167.75,4.05979427486649,1
167.76,4.328812572717608,1
167.77,4.367817520410459,1
167.78,4.058522803726719,1
167.79,3.9549910984041006,1
167.8,4.675018447492558,1
167.81,4.135227481921981,1
167.82,4.915888590478323,1
167.83,4.4577657539178155,1
167.84,3.6266218408254622,1
167.85,3.655042366168517,1
167.86,3.507302319000769,1
167.87,4.760418537831316,1
167.88,3.782816329758335,1
167.89000000000001,3.4688967173466887,1
167.9,4.175615052131365,1
167.91,3.9474920720017597,1
167.92000000000002,4.187974101594021,1
167.93,5.23744440779501,1
167.94,4.666673432280426,1
167.95000000000002,4.057525635391107,1
167.96,3.089625679494453,1
167.97,3.620987401116064,1
167.98,4.43860653669913,1
167.99,3.2665110697689843,1
168.0,5.345114163045292,1
168.01,4.090060732909513,1
168.02,4.037097895410526,1
168.03,3.569687176421504,1
168.04,4.296479065305581,1
168.05,3.2664436533682455,1
168.06,5.360631594044304,1
168.07,4.936373552966559,1
168.08,4.694822437381193,1
168.09,3.1395387611793764,1
168.1,4.081650401251473,1
168.11,4.789389276233666,1
168.12,4.432187307172609,1
168.13,3.375733845195393,1
168.14000000000001,3.5407443852385003,1
168.15,3.6792154154391685,1
168.16,3.5892249913414824,1
168.17000000000002,4.96726945874611,1
168.18,2.81162723913821,1
168.19,4.354276957804248,1
168.20000000000002,3.182772781963838,1
168.21,3.3272785783388357,1
168.22,2.6556635343419766,1
168.23,3.563097404689053,1
168.24,4.953992268079202,1
168.25,4.229065169960166,1
168.26,3.2362122518093925,1
168.27,4.614127587687341,1
168.28,4.835753501690043,1
168.29,4.117653578635394,1
168.3,5.327263364546042,1
168.31,4.612690386185223,1
168.32,4.479686129347855,1
168.33,3.507525808674105,1
168.34,4.377525846103682,1
168.35,4.163312006721296,1
168.36,4.347078823838873,1
168.37,3.57664576433201,1
168.38,4.057713009867091,1
168.39000000000001,3.4734593951144856,1
168.4,2.575286108294864,1
168.41,4.562246066617239,1
168.42000000000002,3.058941305877074,1
168.43,4.013082159226433,1
168.44,4.216846349920168,1
168.45000000000002,4.224894318086417,1
168.46,3.829823762382455,1
168.47,4.165759281147955,1
168.48,4.315522623934575,1
168.49,4.4957978035262895,1
168.5,5.154454783837563,1
168.51,4.2212192312955,1
168.52,4.05482989842546,1
168.53,3.4149777958255174,1
168.54,4.247753261205502,1
168.55,4.447882670460807,1
168.56,3.902101088030767,1
168.57,4.347486421860021,1
168.58,3.831056212026219,1
168.59,4.425222827346499,1
168.6,4.617636166348824,1
168.61,4.620113940789426,1
168.62,4.113667646263685,1
168.63,3.332058620024195,1
168.64000000000001,3.56289661676274,1
168.65,4.359929095630625,1
168.66,5.610456050819963,1
168.67000000000002,3.875557864282268,1
168.68,4.288294151862494,1
168.69,3.6565146548220504,1
168.70000000000002,3.347452869406698,1
168.71,3.5220338638448867,1
168.72,2.6201539359857104,1
168.73,4.79535708028737,1
168.74,2.600748365382333,1
168.75,3.7448655095044123,1
168.76,3.220288451037023,1
168.77,3.3794058248611645,1
168.78,4.855892094716602,1
168.79,4.181811608719562,1
168.8,3.384531724957406,1
168.81,3.5805761243011647,1
168.82,3.4781681947045224,1
168.83,3.940436399203646,1
168.84,4.108603313409636,1
168.85,5.236419979277252,1
168.86,2.830833794259399,1
168.87,3.9072627901946615,1
168.88,3.789686314356762,1
168.89000000000001,4.601529261586151,1
168.9,4.266308021015338,1
168.91,4.399022569979239,1
168.92000000000002,4.247843260239615,1
168.93,3.4101677769537933,1
168.94,4.7505141809432105,1
168.95000000000002,4.563123945775812,1
168.96,4.627809665719234,1
168.97,4.857820918627203,1
168.98,4.322468950068314,1
168.99,4.980258876269245,1
169.0,4.303839017566619,1
169.01,3.876098788470824,1
169.02,3.988281119035791,1
169.03,3.9838263402151743,1
169.04,3.6620334568066406,1
169.05,5.038538727417432,1
169.06,4.254557333082906,1
169.07,4.076742505320052,1
169.08,4.256528125552736,1
169.09,5.948807550180165,1
169.1,3.382633041577172,1
169.11,3.414672536368611,1
169.12,3.0691259152959,1
169.13,3.793230436412519,1
169.14000000000001,4.146893298771516,1
169.15,3.706898879219623,1
169.16,3.6322235636659888,1
169.17000000000002,4.070329813211443,1
169.18,3.6784376984818152,1
169.19,4.18195731665557,1
169.20000000000002,4.733864934790887,1
169.21,4.483308861609088,1
169.22,4.600625492357049,1
169.23,4.740612826944347,1
169.24,4.227943866391145,1
169.25,3.91074574240629,1
169.26,3.493584599212747,1
169.27,3.7158073606947175,1
169.28,3.643166109910632,1
169.29,4.453320150435184,1
169.3,4.252201768102658,1
169.31,4.467208775141437,1
169.32,3.275172388203998,1
169.33,4.885470850800313,1
169.34,3.7760910270247416,1
169.35,3.2728428241513794,1
169.36,3.6713933704304234,1
169.37,5.591822871072439,1
169.38,3.8439474467810193,1
169.39000000000001,3.779704846166543,1
169.4,3.862139213488205,1
169.41,3.8952991462070554,1
169.42000000000002,3.4866736573774437,1
169.43,4.062121213143845,1
169.44,4.701604382430234,1
169.45000000000002,4.246016267964167,1
169.46,3.293804767360486,1
169.47,3.7342066957938744,1
169.48,3.6262054605457674,1
169.49,4.011920986961704,1
169.5,4.863950813784443,1
169.51,3.9552375813412506,1
169.52,3.940116824305842,1
169.53,5.149794422016019,1
169.54,4.637495474587868,1
169.55,4.4107302811462965,1
169.56,5.295136287192624,1
169.57,4.3955118969778235,1
169.58,2.734814403876231,1
169.59,4.464346509539251,1
169.6,2.994919622749266,1
169.61,4.232969343841989,1
169.62,2.9020517252557845,1
169.63,3.631213800071188,1
169.64000000000001,3.741838895413681,1
169.65,3.4848347657780385,1
169.66,3.7427448126129743,1
169.67000000000002,4.654520620529292,1
169.68,3.5760379223839696,1
169.69,4.328265457126926,1
169.70000000000002,3.3931544904247017,1
169.71,3.8406364591780187,1
169.72,4.200554477103983,1
169.73,3.3654567873091223,1
169.74,3.1108452224865633,1
169.75,4.265795494907192,1
169.76,4.74463480046147,1
169.77,3.99337841483936,1
169.78,3.7028848541484116,1
169.79,4.0831797888208445,1
169.8,4.040987764496045,1
169.81,4.1600614651216326,1
169.82,2.369205086515686,1
169.83,3.2084864957514987,1
169.84,3.40409943206746,1
169.85,4.062133250180993,1
169.86,4.124330946158976,1
169.87,4.420232172135811,1
169.88,4.192340424945453,1
169.89000000000001,3.167585861922315,1
169.9,4.888913631298352,1
169.91,4.87859222894123,1
169.92000000000002,3.236360713320216,1
169.93,4.170050467977307,1
169.94,3.6238744523144035,1
169.95000000000002,4.067531442764279,1
169.96,4.687470084169219,1
169.97,5.423321509120882,1
169.98,4.572850011452325,1
169.99,4.2257331937420926,1
170.0,3.7930581814682935,1
170.01,4.1057578671122625,1
170.02,4.888604835152016,1
170.03,4.024307954624052,1
170.04,3.426522940463495,1
170.05,2.9146897095949704,1
170.06,4.267761689173462,1
170.07,4.176513395037291,1
170.08,3.5915068850127843,1
170.09,4.641198075941465,1
170.1,3.764810846568139,1
170.11,3.8985276667314155,1
170.12,3.9830994879751693,1
170.13,3.7712776718169883,1
170.14000000000001,4.139312742105332,1
170.15,4.7554951219290755,1
170.16,3.3040543825633515,1
170.17000000000002,4.275209269060157,1
170.18,4.128214084134232,1
170.19,4.107459268366132,1
170.20000000000002,4.57212554866482,1
170.21,4.0663131293197,1
170.22,4.315565433167767,1
170.23,4.483407618429347,1
170.24,3.701757716197498,1
170.25,4.176224352243131,1
170.26,3.8478552025038795,1
170.27,3.9047835329805394,1
170.28,3.785324255844259,1
170.29,4.292770056998273,1
170.3,4.070539653845233,1
170.31,4.260223968812029,1
170.32,4.004247666040134,1
170.33,2.9594547156280226,1
170.34,3.9579200192651234,1
170.35,4.038700465574137,1
170.36,4.159725293923352,1
170.37,3.624354831221015,1
170.38,3.201805934709793,1
170.39000000000001,4.357371226591995,1
170.4,3.843918420146923,1
170.41,4.101743200022981,1
170.42000000000002,3.8234851452796033,1
170.43,3.985476020694713,1
170.44,3.7076192228914597,1
170.45000000000002,3.354336499453873,1
170.46,4.268631003684385,1
170.47,3.6247960896084948,1
170.48,4.083864231773125,1
170.49,4.271350326688758,1
170.5,3.635539944365121,1
170.51,3.1970165504902486,1
170.52,5.5259355625887645,1
170.53,3.7491224642320353,1
170.54,4.389438445226554,1
170.55,5.281746395641708,1
170.56,4.589419793856289,1
170.57,3.8404291969168187,1
170.58,3.946878696891658,1
170.59,3.4565930577474284,1
170.6,4.539465746066563,1
170.61,4.399780770914926,1
170.62,3.690212485259757,1
170.63,3.305219568415767,1
170.64000000000001,3.101058481865654,1
170.65,4.5861423493269164,1
170.66,4.113270111238277,1
170.67000000000002,4.146284396595958,1
170.68,3.4748241750057223,1
170.69,3.018926275832294,1
170.70000000000002,4.565707126769339,1
170.71,4.0612185716341065,1
170.72,4.5923132217416835,1
170.73,3.7851342099481373,1
170.74,3.833453781318349,1
170.75,4.452815730357851,1
170.76,4.50233757578737,1
170.77,4.547623916162854,1
170.78,3.841322317326855,1
170.79,4.389215374958942,1
170.8,4.742968758694129,1
170.81,3.976599011706279,1
170.82,3.6654298273135657,1
170.83,4.85113930063482,1
170.84,3.626445023112586,1
170.85,4.386009272974989,1
170.86,3.985254470273574,1
170.87,2.8042541919397084,1
170.88,4.660519749764994,1
170.89000000000001,2.2502559237855793,1
170.9,2.607655634928849,1
170.91,4.258606357284846,1
170.92000000000002,4.357495431268176,1
170.93,3.607769459272194,1
170.94,4.072377418470311,1
170.95000000000002,2.3618775589108094,1
170.96,4.3604187983589195,1
170.97,4.183654252231185,1
170.98,3.981404850753936,1
170.99,4.012406847915014,1
171.0,4.320781997680556,1
171.01,4.000494774857924,1
171.02,2.78408823159492,1
171.03,5.352089220710782,1
171.04,4.8602396821880145,1
171.05,3.2179050914028364,1
171.06,3.7291392803191967,1
171.07,3.830602542212598,1
171.08,4.689824978692709,1
171.09,2.6403933132301365,1
171.1,3.594652592987484,1
171.11,2.833327269343389,1
171.12,3.7450214133728696,1
171.13,3.6781290287831325,1
171.14000000000001,4.032395559397667,1
171.15,3.609483715336539,1
171.16,3.4892833081386105,1
171.17000000000002,4.371408196129357,1
171.18,4.3172893266394095,1
171.19,4.376800564673238,1
171.20000000000002,3.907830134779069,1
171.21,3.6235092669084192,1
171.22,3.900295625482413,1
171.23,4.319186194775754,1
171.24,2.6067934945891804,1
171.25,4.172118837709327,1
171.26,4.210904934241223,1
171.27,4.052979602887105,1
171.28,3.9062999061709074,1
171.29,2.3294054601942342,1
171.3,3.614374798915282,1
171.31,5.1379021191649334,1
171.32,4.076644861143907,1
171.33,3.8052201498012677,1
171.34,3.9992824380384686,1
171.35,4.230143852384435,1
171.36,4.441270275515668,1
171.37,3.8779721417147828,1
171.38,4.26837846587643,1
171.39000000000001,5.103962279609851,1
171.4,4.719122381478877,1
171.41,5.561601863161279,1
171.42000000000002,3.6675644930071702,1
171.43,5.067614139521195,1
171.44,3.551044904661661,1
171.45000000000002,4.202466644292501,1
171.46,4.487399972433853,1
171.47,3.6978369717413457,1
171.48,4.038943987664627,1
171.49,4.593070155918584,1
171.5,3.5747398916679396,1
171.51,5.057628702526307,1
171.52,3.1650913547402624,1
171.53,5.20843343389,1
171.54,4.722195385776805,1
171.55,3.9851151721093374,1
171.56,3.737844119604397,1
171.57,3.6552960342935137,1
171.58,3.8912096200404287,1
171.59,3.9620070585119693,1
171.6,4.812147544976874,1
171.61,5.326048615918571,1
171.62,4.208926380547241,1
171.63,3.463867343023886,1
171.64000000000001,3.6137491893216747,1
171.65,3.85803035072237,1
171.66,3.3231087821391094,1
171.67000000000002,3.1944552206639183,1
171.68,5.312344150185011,1
171.69,4.275085063823898,1
171.70000000000002,3.475944211575486,1
171.71,4.498392685814882,1
171.72,3.2653584880274114,1
171.73,3.2447971684442227,1
171.74,3.4336506761533077,1
171.75,5.039515147247335,1
171.76,3.8982950025189567,1
171.77,2.409647531595105,1
171.78,4.689704654819867,1
171.79,3.8425931819813313,1
171.8,2.7906061454046984,1
171.81,3.7219629552982916,1
171.82,4.321360185945215,1
171.83,4.281440405646965,1
171.84,5.1837501181229495,1
171.85,3.51772453440067,1
171.86,4.001376838410523,1
171.87,3.546181813259999,1
171.88,2.9721515201188873,1
171.89000000000001,4.512884882037868,1
171.9,4.33135579876934,1
171.91,4.203940137191963,1
171.92000000000002,4.289150239102687,1
171.93,3.5725943864414234,1
171.94,3.321831580589243,1
171.95000000000002,3.9837365996057996,1
171.96,4.752451765241544,1
171.97,5.088514097350769,1
171.98,4.581410609897209,1
171.99,4.053813849137683,1
172.0,4.178272453265842,1
172.01,4.018218778711673,1
172.02,3.3354313918928167,1
172.03,3.976117815917404,1
172.04,3.132492793007479,1
172.05,3.867444671857039,1
172.06,5.053599033292882,1
172.07,4.5971108234821685,1
172.08,3.4368802028988705,1
172.09,3.9192187353233314,1
172.1,3.4537856219468734,1
172.11,3.926666395056147,1
172.12,4.671100870034703,1
172.13,4.463956503957835,1
172.14000000000001,5.639621973624681,1
172.15,4.872091173542444,1
172.16,4.18468682246725,1
172.17000000000002,4.450435712739652,1
172.18,3.8956751516162442,1
172.19,3.2621831178637075,1
172.20000000000002,4.802956626898826,1
172.21,4.702840273206709,1
172.22,3.8857674646254137,1
172.23,4.170883483095965,1
172.24,4.815410272870295,1
172.25,4.598061919421625,1
172.26,3.0865812737419906,1
172.27,4.103262597973081,1
172.28,3.897431570030211,1
172.29,4.715992963719886,1
172.3,4.711929950380897,1
172.31,4.898266723180646,1
172.32,3.3285737988653814,1
172.33,3.450960168449216,1
172.34,4.68990654189951,1
172.35,3.6575174622723097,1
172.36,2.9923012916888663,1
172.37,4.285102094724104,1
172.38,3.6620549623462297,1
172.39000000000001,5.140991355190271,1
172.4,4.260632593030762,1
172.41,4.119618819476088,1
172.42000000000002,3.767601004486775,1
172.43,5.018236071809366,1
172.44,4.293734676279891,1
172.45000000000002,3.7525777691375115,1
172.46,3.4699301724700833,1
172.47,3.920524365862005,1
172.48,3.360905895919899,1
172.49,4.629219818877264,1
172.5,2.864448521839538,1
172.51,3.841346171480329,1
172.52,4.386353074718546,1
172.53,4.245158166931196,1
172.54,3.5493155352956913,1
172.55,4.401353892283456,1
172.56,3.449193231853242,1
172.57,3.952427780849936,1
172.58,4.420079346371548,1
172.59,4.325555971174269,1
172.6,3.581548508589597,1
172.61,4.7518620144612544,1
172.62,4.101361668230559,1
172.63,4.488158628787866,1
172.64000000000001,5.02141451083892,1
172.65,4.7863645494397,1
172.66,4.773954254052006,1
172.67000000000002,4.171453570869358,1
172.68,4.525415301230627,1
172.69,4.170112558225446,1
172.70000000000002,3.2255620347808467,1
172.71,4.149962657613569,1
172.72,4.175332186100724,1
172.73,4.389260437026332,1
172.74,3.9403074838178402,1
172.75,3.502364043393201,1
172.76,4.396101992002121,1
172.77,3.1716770467527606,1
172.78,4.896824703815086,1
172.79,3.9036587457001075,1
172.8,4.153525309609621,1
172.81,4.371620215947445,1
172.82,4.405552713976476,1
172.83,3.1101433658379847,1
172.84,4.481299828676148,1
172.85,4.225572968389072,1
172.86,3.60135840409721,1
172.87,3.489675887287018,1
172.88,3.7526372443987657,1
172.89000000000001,3.1424970361826237,1
172.9,5.066006756645757,1
172.91,5.0282184019509515,1
172.92000000000002,4.35476926901788,1
172.93,3.8763387973287506,1
172.94,3.8646909599554573,1
172.95000000000002,4.483736430050916,1
172.96,5.16955315867588,1
172.97,3.7000832746793333,1
172.98,3.256882823386622,1
172.99,4.959567099929267,1
173.0,2.8980267814652527,1
173.01,3.2795176264681727,1
173.02,3.7966025116005846,1
173.03,2.9753417498808554,1
173.04,4.6601150082079705,1
173.05,4.59559184320521,1
173.06,3.6627930273273868,1
173.07,4.810018260721223,1
173.08,4.988943973106416,1
173.09,3.985908246040023,1
173.1,3.7067479365206655,1
173.11,5.448500076197947,1
173.12,4.554820668841367,1
173.13,4.19960009431947,1
173.14000000000001,4.896684083813171,1
173.15,4.249702380431272,1
173.16,3.686920871442921,1
173.17000000000002,4.03322522512321,1
173.18,4.675902479072986,1
173.19,2.7479664892859255,1
173.20000000000002,3.7379953085303397,1
173.21,4.881647391446722,1
173.22,3.720783808775106,1
173.23,4.9864070148018,1
173.24,4.977111160790539,1
173.25,4.016109482771379,1
173.26,3.632081811527081,1
173.27,3.7914781535119007,1
173.28,5.716367699155042,1
173.29,5.319162898523258,1
173.3,4.160507065873866,1
173.31,3.615042796595546,1
173.32,4.052842179445373,1
173.33,4.161372498350532,1
173.34,3.202955211796684,1
173.35,4.004110404977229,1
173.36,4.8582608273623356,1
173.37,2.884020952308835,1
173.38,4.469352859275374,1
173.39000000000001,4.920169888193233,1
173.4,3.6915043624057766,1
173.41,5.0807205317459925,1
173.42000000000002,3.6169325639127425,1
173.43,4.263203152031694,1
173.44,3.8167491917460037,1
173.45000000000002,3.7898168289373055,1
173.46,3.586867505493714,1
173.47,4.428468042650279,1
173.48,4.5764376322943106,1
173.49,3.992787270144949,1
173.5,3.1171804947617425,1
173.51,4.208619303599018,1
173.52,4.286332289849571,1
173.53,3.876568965165714,1
173.54,5.204107844229789,1
173.55,3.0575238954967703,1
173.56,2.50481358301785,1
173.57,3.4361019779677298,1
173.58,4.4271101197060085,1
173.59,3.3405640448863267,1
173.6,3.32395151645181,1
173.61,4.576487261307482,1
173.62,4.334703716485659,1
173.63,4.264730255221903,1
173.64000000000001,4.522897516801019,1
173.65,3.755496355671924,1
173.66,3.7394339443593156,1
173.67000000000002,4.5097742678416965,1
173.68,3.1579849848168644,1
173.69,2.5592204415047135,1
173.70000000000002,3.632425913186656,1
173.71,4.581923088957762,1
173.72,4.200729915241229,1
173.73,4.5682793371780805,1
173.74,2.7258666497870356,1
173.75,4.128255460314272,1
173.76,4.431941544404517,1
173.77,3.149480025907543,1
173.78,4.508296718644495,1
173.79,3.958141115140064,1
173.8,5.990260619059336,1
173.81,2.7067618553269135,1
173.82,4.810726742219721,1
173.83,3.7929024225614185,1
173.84,2.9383193044063702,1
173.85,3.5943954083499183,1
173.86,4.155700287945222,1
173.87,4.682480422067347,1
173.88,5.1582090978932715,1
173.89000000000001,4.992057938663077,1
173.9,3.4331556782072683,1
173.91,4.699272905765094,1
173.92000000000002,4.295833380308268,1
173.93,3.593024615289655,1
173.94,3.8380877500958017,1
173.95000000000002,3.5297188010910188,1
173.96,3.9958497131553923,1
173.97,3.5263278287362927,1
173.98,3.304587359629121,1
173.99,4.26914159983443,1
174.0,4.424087074369715,1
174.01,3.9037268607887565,1
174.02,4.881595364445186,1
174.03,3.883920819159228,1
174.04,3.7965863604325203,1
174.05,4.416339551291697,1
174.06,3.939058820494423,1
174.07,4.051362750300601,1
174.08,2.367748330935993,1
174.09,3.9129051346710852,1
174.1,2.8092366954791883,1
174.11,3.136366130727915,1
174.12,3.081786053654253,1
174.13,3.268449035532533,1
174.14000000000001,3.599994671372516,1
174.15,3.6603491897388762,1
174.16,4.410621931418786,1
174.17000000000002,4.16892896673331,1
174.18,2.7766636217968226,1
174.19,3.9806437891198185,1
174.20000000000002,4.2053318432605575,1
174.21,3.799136444459938,1
174.22,3.9484436024998177,1
174.23,4.120385334053272,1
174.24,4.503317470401223,1
174.25,3.008371327299015,1
174.26,3.781982313187342,1
174.27,4.965571058150776,1
174.28,4.977105125716456,1
174.29,4.610738816738658,1
174.3,4.384951722399096,1
174.31,5.096672021676014,1
174.32,5.31015561704578,1
174.33,3.994858504544745,1
174.34,3.370695680747894,1
174.35,3.7868682615318505,1
174.36,5.99643777918954,1
174.37,3.101542446414481,1
174.38,3.640793133255583,1
174.39000000000001,3.0618526777709794,1
174.4,4.024661566203634,1
174.41,3.221138942412737,1
174.42000000000002,3.8827075251210466,1
174.43,2.727684265987042,1
174.44,4.324391220558257,1
174.45000000000002,4.812556456535997,1
174.46,3.799639652110728,1
174.47,3.9003021191843166,1
174.48,3.8879947860138966,1
174.49,4.110659769724474,1
174.5,3.981874053337126,1
174.51,4.497288955159511,1
174.52,4.829868817533966,1
174.53,3.5215991565259026,1
174.54,3.770594669735334,1
174.55,4.5712324761118985,1
174.56,3.111853919832789,1
174.57,2.6680502248033466,1
174.58,4.066923354466695,1
174.59,4.326059319567201,1
174.6,3.5509142901783366,1
174.61,3.5976093043845343,1
174.62,3.482621776074558,1
174.63,3.4064711180397778,1
174.64000000000001,4.414348428796753,1
174.65,3.2589193177165976,1
174.66,3.783256240979177,1
174.67000000000002,3.399587063928918,1
174.68,3.019741612785618,1
174.69,4.50578128393741,1
174.70000000000002,3.693069226496845,1
174.71,4.103849532183831,1
174.72,3.027747689708497,1
174.73,3.4602730682733847,1
174.74,4.458188086130884,1
174.75,5.706187894552147,1
174.76,2.8201450893244475,1
174.77,3.7987241466903763,1
174.78,4.2554230343802,1
174.79,3.6155817695604195,1
174.8,4.528129360834554,1
174.81,3.4693265172615555,1
174.82,4.06798040612021,1
174.83,3.6653434613050244,1
174.84,4.771122790854393,1
174.85,3.6074225004433664,1
174.86,3.7481394459735755,1
174.87,4.598478787350635,1
174.88,3.368887488539463,1
174.89000000000001,4.006740276117863,1
174.9,2.8178913809437818,1
174.91,3.2231907645549764,1
174.92000000000002,4.20132927849937,1
174.93,3.36928653668405,1
174.94,3.6088225113156214,1
174.95000000000002,4.296458080763015,1
174.96,3.6419947518686904,1
174.97,4.512403439461255,1
174.98,4.170672465269654,1
174.99,4.292924161824181,1
175.0,4.822749850044765,1
175.01,4.256875451337325,1
175.02,5.013861191225956,1
175.03,4.652085017286701,1
175.04,3.69949401317751,1
175.05,4.8210015421652175,1
175.06,4.220464004520191,1
175.07,3.7571482212485137,1
175.08,4.166053590300979,1
175.09,4.731673055493987,1
175.1,4.339146811799898,1
175.11,5.20277002781071,1
175.12,4.777138677369402,1
175.13,4.38606969323314,1
175.14000000000001,3.3574215098679305,1
175.15,3.8448296331266594,1
175.16,4.037187546183667,1
175.17000000000002,4.454225934829786,1
175.18,4.440773680936006,1
175.19,4.1364491463699675,1
175.20000000000002,4.086273457419281,1
175.21,4.472629694667619,1
175.22,3.471282186626884,1
175.23,5.06837667160241,1
175.24,2.735841469751212,1
175.25,4.86846228719176,1
175.26,4.022790058489607,1
175.27,4.651870206782094,1
175.28,4.275182417573846,1
175.29,4.241028086854098,1
175.3,4.374078032208667,1
175.31,4.547382522850237,1
175.32,3.8194879930399477,1
175.33,4.660576907832468,1
175.34,3.335998683781035,1
175.35,3.9567012907588923,1
175.36,4.539803561546713,1
175.37,4.677984420231259,1
175.38,4.339652207545314,1
175.39000000000001,3.7651347319234545,1
175.4,4.567718045817629,1
175.41,3.5997588919358656,1
175.42000000000002,5.112350435275794,1
175.43,4.011804097011143,1
175.44,3.00175453079966,1
175.45000000000002,3.164960057566003,1
175.46,3.9782148583308845,1
175.47,4.089415574792703,1
175.48,5.283335203594184,1
175.49,3.4031916825040267,1
175.5,3.98979571809595,1
175.51,3.3120044691120043,1
175.52,3.6390715394377127,1
175.53,5.070954088214603,1
175.54,3.3269694123432876,1
175.55,4.340508281477668,1
175.56,4.275360164160122,1
175.57,4.000838488784041,1
175.58,4.337075825599012,1
175.59,3.2675697488248012,1
175.6,5.0307241704135945,1
175.61,5.310738922306921,1
175.62,4.109207226694861,1
175.63,5.578733828193814,1
175.64000000000001,3.8358231577985293,1
175.65,4.249961257626102,1
175.66,4.944048746207075,1
175.67000000000002,3.7588275450496504,1
175.68,3.0891406342258865,1
175.69,2.8996197545678815,1
175.70000000000002,5.271101110765762,1
175.71,3.73301956063992,1
175.72,3.8634697853632223,1
175.73,3.269814644039209,1
175.74,4.571498852846712,1
175.75,3.5271912721773573,1
175.76,3.6528858043263543,1
175.77,4.173510666025376,1
175.78,3.3200268434484808,1
175.79,3.843332265064372,1
175.8,4.900394104670828,1
175.81,4.331887495255691,1
175.82,4.1046128676026115,1
175.83,4.145687214836884,1
175.84,3.7562591190662262,1
175.85,5.280536951030128,1
175.86,3.5498811628016824,1
175.87,4.109847868929218,1
175.88,4.081222789005524,1
175.89000000000001,4.6593876807002825,1
175.9,4.755334443811664,1
175.91,4.024545339489981,1
175.92000000000002,4.190065554471949,1
175.93,4.224566791079099,1
175.94,2.5392427339623636,1
175.95000000000002,2.8813721164867028,1
175.96,3.5402994908195566,1
175.97,3.608036492685831,1
175.98,3.198353040840799,1
175.99,4.438252051500389,1
176.0,4.027669615964069,1
176.01,3.8623601402580507,1
176.02,3.176711706774647,1
176.03,3.9217007051288952,1
176.04,2.291032942962051,1
176.05,3.7917312053401284,1
176.06,4.028499265500512,1
176.07,4.15867140001131,1
176.08,2.99468578677286,1
176.09,4.085548753314799,1
176.1,3.329422172978185,1
176.11,3.4326113861666183,1
176.12,4.431771346887731,1
176.13,5.3327215632528535,1
176.14000000000001,4.113286343090777,1
176.15,3.476641996109639,1
176.16,4.091013367196097,1
176.17000000000002,4.614730099710383,1
176.18,4.4398050015576995,1
176.19,5.806199331425235,1
176.20000000000002,3.644240239539191,1
176.21,4.142309499409484,1
176.22,5.013521371727855,1
176.23,5.025074412309508,1
176.24,2.796237460808328,1
176.25,3.9255957265799113,1
176.26,4.958735786079933,1
176.27,5.933056989287116,1
176.28,4.572626560177222,1
176.29,3.795677240820413,1
176.3,3.332940417661351,1
176.31,5.399561337174775,1
176.32,4.556802315027802,1
176.33,3.483157769356129,1
176.34,3.8371757353026057,1
176.35,4.191488534616468,1
176.36,4.364326809657753,1
176.37,3.4381609840114598,1
176.38,3.5677851379575967,1
176.39000000000001,2.9015953198531417,1
176.4,4.608723588710557,1
176.41,3.8148714659012586,1
176.42000000000002,4.291455271671115,1
176.43,4.940289804079806,1
176.44,4.199075500780333,1
176.45000000000002,3.938646015309305,1
176.46,4.122140628197458,1
176.47,4.0483302770150775,1
176.48,4.8114477376149996,1
176.49,4.250367813828668,1
176.5,3.661798929584793,1
176.51,4.659582733981234,1
176.52,4.837948830937315,1
176.53,3.181929281060862,1
176.54,4.94543030788452,1
176.55,4.293361373549601,1
176.56,4.201395425345215,1
176.57,4.6652109233514825,1
176.58,3.672041961728994,1
176.59,4.5994120728984,1
176.6,3.7915018938042118,1
176.61,3.0304994200367874,1
176.62,3.2944568111620303,1
176.63,4.325567586361175,1
176.64000000000001,3.406086829517182,1
176.65,5.009029202311391,1
176.66,4.832183280659198,1
176.67000000000002,4.915104924292177,1
176.68,4.135866249680742,1
176.69,4.175460056112197,1
176.70000000000002,3.2360128002236643,1
176.71,4.6002539324572025,1
176.72,4.282462175892956,1
176.73,4.385032040961435,1
176.74,5.118527494083077,1
176.75,3.6739453260004766,1
176.76,3.898592430819808,1
176.77,4.205869095268344,1
176.78,3.4054145783828336,1
176.79,3.8426053293918536,1
176.8,4.3103964252762,1
176.81,3.8074810452985313,1
176.82,4.837759080579948,1
176.83,3.069933955264907,1
176.84,4.672682516705477,1
176.85,4.469357225142854,1
176.86,3.6590889811013207,1
176.87,3.379762302699708,1
176.88,2.61303816210602,1
176.89000000000001,3.4008497252517556,1
176.9,4.643489507914386,1
176.91,4.002219327858286,1
176.92000000000002,4.754708817467983,1
176.93,3.6430922361965425,1
176.94,4.437376478107675,1
176.95000000000002,3.5607087275850673,1
176.96,3.347149510960735,1
176.97,3.891321731349261,1
176.98,3.5620297838141592,1
176.99,2.972694119591619,1
177.0,3.820070592233009,1
177.01,4.058262614498408,1
177.02,4.826443536775811,1
177.03,4.657413251464787,1
177.04,4.83097925412844,1
177.05,4.517247551025475,1
177.06,4.246843638577949,1
177.07,3.2174355910621015,1
177.08,4.050287555549938,1
177.09,4.390234330320986,1
177.1,4.96904198705846,1
177.11,4.503426389789801,1
177.12,4.835002258782341,1
177.13,3.380510032326673,1
177.14000000000001,3.7510413979037796,1
177.15,4.26363765449714,1
177.16,4.769077968915708,1
177.17000000000002,3.951916129056928,1
177.18,3.943621643040886,1
177.19,4.44245381846228,1
177.20000000000002,3.296049648011936,1
177.21,5.000693577292114,1
177.22,3.489632670746847,1
177.23,2.7245416084761884,1
177.24,3.9300042630285934,1
177.25,5.09780942394052,1
177.26,4.44637633134157,1
177.27,4.514111864572372,1
177.28,4.05769899237424,1
177.29,3.904595008730969,1
177.3,2.9918937839751494,1
177.31,2.473558424748366,1
177.32,4.035760679787861,1
177.33,4.853765549943322,1
177.34,4.27450984167366,1
177.35,4.421080013802638,1
177.36,5.052826585302336,1
177.37,4.276483044522597,1
177.38,3.9370068033275882,1
177.39000000000001,3.4651378220112754,1
177.4,5.279978313322479,1
177.41,4.418438138892549,1
177.42000000000002,3.4128701823987573,1
177.43,3.2048847285088415,1
177.44,4.765317099797298,1
177.45000000000002,3.372796824504133,1
177.46,5.165189070273363,1
177.47,2.281438495371745,1
177.48,4.8199072512091625,1
177.49,4.365105881773589,1
177.5,4.098853847313189,1
177.51,3.8920887195216904,1
177.52,5.220285576304262,1
177.53,4.531977387798548,1
177.54,3.445893998497471,1
177.55,2.851475106417184,1
177.56,4.0461240701606265,1
177.57,4.002072461766495,1
177.58,3.0139899723239374,1
177.59,3.904898475635344,1
177.6,3.6219085060040452,1
177.61,3.9833421755795855,1
177.62,4.470000781704026,1
177.63,4.996648584561583,1
177.64000000000001,4.64951242975443,1
177.65,3.570879105120546,1
177.66,4.213615560177029,1
177.67000000000002,4.053762660676609,1
177.68,3.1389019352698306,1
177.69,4.206719073712442,1
177.70000000000002,5.2170658988308505,1
177.71,4.0940632733176905,1
177.72,2.971291930015621,1
177.73,3.9579167057459315,1
177.74,3.209983396629547,1
177.75,4.512931253813634,1
177.76,4.371323474129923,1
177.77,3.911388018744738,1
177.78,3.779814319854528,1
177.79,3.8490851011599525,1
177.8,3.9963138375049634,1
177.81,3.4987303959837384,1
177.82,3.0695094561531366,1
177.83,4.682991403739927,1
177.84,3.7909201752032393,1
177.85,4.095837611576544,1
177.86,4.19084944412676,1
177.87,4.220387174762998,1
177.88,3.2516161376886332,1
177.89000000000001,2.8677633621383882,1
177.9,3.5501050519439517,1
177.91,4.229755399258762,1
177.92000000000002,3.5414703793562463,1
177.93,3.742204975247122,1
177.94,5.364784435392608,1
177.95000000000002,2.8845226336828866,1
177.96,3.4431834469394818,1
177.97,5.197162623902175,1
177.98,4.042892848130594,1
177.99,3.5445099607006996,1
178.0,4.731001701132416,1
178.01,4.079695207907415,1
178.02,3.7787891439484556,1
178.03,4.111541876636737,1
178.04,3.5796924680451534,1
178.05,3.314603895100029,1
178.06,3.88517125898211,1
178.07,3.337146184433176,1
178.08,3.96716690127853,1
178.09,4.227979253387714,1
178.1,4.5671690710100314,1
178.11,4.765860522765784,1
178.12,3.7826980450231966,1
178.13,4.310996535938191,1
178.14000000000001,4.338223260195538,1
178.15,4.23299166717876,1
178.16,3.702892356205316,1
178.17000000000002,3.315133387119632,1
178.18,4.284621359348604,1
178.19,2.9096154459019625,1
178.20000000000002,3.760794950264551,1
178.21,2.3287779789571226,1
178.22,3.032630104160368,1
178.23,3.3728479182550863,1
178.24,4.673957285797403,1
178.25,4.486901840737135,1
178.26,3.6698052538723847,1
178.27,4.453424549994419,1
178.28,4.603120943976592,1
178.29,3.9319432525529217,1
178.3,3.0976919842230615,1
178.31,3.810961994239815,1
178.32,3.9251422936732183,1
178.33,3.1958564553337547,1
178.34,4.189901970779234,1
178.35,4.192944148500317,1
178.36,4.300333234406964,1
178.37,4.1989933729636855,1
178.38,4.485482888940295,1
178.39000000000001,3.912775758184637,1
178.4,4.12569056384353,1
178.41,3.74947602477968,1
178.42000000000002,3.605728552002824,1
178.43,4.844638809328426,1
178.44,2.7246220379192083,1
178.45000000000002,4.492344581144286,1
178.46,3.6269157932616167,1
178.47,3.490968468010541,1
178.48,4.139177151128788,1
178.49,3.0418487956747224,1
178.5,3.4130515387921023,1
178.51,3.4138367112376393,1
178.52,3.821180604368974,1
178.53,3.467523028337425,1
178.54,5.00690352948399,1
178.55,5.226370542496267,1
178.56,2.7616543081854608,1
178.57,4.278871584818436,1
178.58,4.573857988462025,1
178.59,4.386735995380228,1
178.6,3.5962010762438394,1
178.61,3.817395798475633,1
178.62,3.5035414930038162,1
178.63,3.697533021579836,1
178.64000000000001,3.196791648136382,1
178.65,3.877329188837728,1
178.66,3.0175785022892327,1
178.67000000000002,3.8112016184393878,1
178.68,3.1785561568961813,1
178.69,4.084901811264375,1
178.70000000000002,3.564267031668761,1
178.71,4.162392962478447,1
178.72,4.711504460774469,1
178.73,5.073969446492229,1
178.74,2.42419561608659,1
178.75,3.364202463028148,1
178.76,3.7652011280945055,1
178.77,4.284586080486462,1
178.78,2.946277392857035,1
178.79,3.2995666632761993,1
178.8,4.0425535260828145,1
178.81,4.057631159766138,1
178.82,4.248467621873983,1
178.83,4.302777711155875,1
178.84,4.23785653152476,1
178.85,4.139920566694566,1
178.86,4.044560812329153,1
178.87,4.43399118298724,1
178.88,2.573102107493122,1
178.89000000000001,4.916394393684239,1
178.9,2.624651900055773,1
178.91,3.2172876907486554,1
178.92000000000002,3.8059082929642964,1
178.93,4.424765210164559,1
178.94,2.0820700555584293,1
178.95000000000002,3.8666763278986656,1
178.96,4.506129417200761,1
178.97,4.675639905137965,1
178.98,3.5880907275982024,1
178.99,3.780094801771905,1
179.0,3.5870309476113715,1
179.01,3.7204431756417176,1
179.02,3.313747658102866,1
179.03,3.3818523169819836,1
179.04,4.244747459114511,1
179.05,4.1000807113464095,1
179.06,4.324960397826264,1
179.07,4.15835635457546,1
179.08,4.4664966528505605,1
179.09,4.597800461166278,1
179.1,2.9057918705385486,1
179.11,3.380046682964935,1
179.12,3.8126793825580565,1
179.13,3.9740469280140465,1
179.14000000000001,3.563668655548817,1
179.15,4.565567475686797,1
179.16,5.318581859692306,1
179.17000000000002,4.199902176839448,1
179.18,4.066717033560204,1
179.19,4.555154827921828,1
179.20000000000002,2.8226984495804164,1
179.21,3.947833379567603,1
179.22,4.632096784627571,1
179.23,3.6206288775366,1
179.24,3.1814097254927614,1
179.25,3.8303285255348043,1
179.26,3.9504452459247297,1
179.27,3.407466813217274,1
179.28,5.3244981182933255,1
179.29,3.768877819184871,1
179.3,3.237605089159867,1
179.31,3.893512083658106,1
179.32,4.582656984879399,1
179.33,4.046258287900001,1
179.34,4.317842888163282,1
179.35,3.4536092737248576,1
179.36,4.932471881741424,1
179.37,4.420402686600028,1
179.38,4.705003264910816,1
179.39000000000001,4.27922698385568,1
179.4,4.551962259061004,1
179.41,3.4666559642311467,1
179.42000000000002,3.649158055581869,1
179.43,4.852585067747588,1
179.44,5.0631608263498356,1
179.45000000000002,3.31954028655439,1
179.46,4.121208406658844,1
179.47,3.7276636929331755,1
179.48,3.531405628606258,1
179.49,4.15669657677655,1
179.5,4.749691570411814,1
179.51,4.338033180307096,1
179.52,3.8129730649910374,1
179.53,4.3228352201499005,1
179.54,3.785807152243246,1
179.55,4.254540116138389,1
179.56,4.9213397742637826,1
179.57,2.7075590759067216,1
179.58,4.439733912394942,1
179.59,3.027800653529666,1
179.6,4.73864261188184,1
179.61,3.630997902257211,1
179.62,3.1877994387241584,1
179.63,4.4023787654961595,1
179.64000000000001,4.260426803835579,1
179.65,3.3673242240234615,1
179.66,3.149056942786876,1
179.67000000000002,3.827300000812404,1
179.68,3.2083915343601,1
179.69,3.263789102787063,1
179.70000000000002,4.0308454616480285,1
179.71,3.3751652541428205,1
179.72,4.239260952840333,1
179.73,4.9812039545355,1
179.74,3.9624851841332442,1
179.75,4.082194887299789,1
179.76,5.3143312675140475,1
179.77,3.3083098958629322,1
179.78,4.7314064688072754,1
179.79,4.73868779373466,1
179.8,4.598627085581121,1
179.81,4.874041020461331,1
179.82,4.23448762041217,1
179.83,3.6358477275271937,1
179.84,4.688341697529262,1
179.85,4.776321319042552,1
179.86,4.763738931853167,1
179.87,4.074698575037148,1
179.88,3.539794183747854,1
179.89000000000001,4.096549020492128,1
179.9,4.617139049569927,1
179.91,4.7016574342006665,1
179.92000000000002,3.7633131377874376,1
179.93,4.190421851774815,1
179.94,3.1622520644366747,1
179.95000000000002,4.588799260175943,1
179.96,3.527094561296787,1
179.97,4.48112208026299,1
179.98,3.2831652482687463,1
179.99,4.626202409427397,1
180.0,4.246388131404281,1
180.01,3.5078157984910927,1
180.02,4.419040979334321,1
180.03,3.6420987050383635,1
180.04,4.464858926542459,1
180.05,3.85004007618138,1
180.06,2.8743372135806426,1
180.07,3.2950401398541653,1
180.08,3.678436886998016,1
180.09,4.868426854196514,1
180.1,4.636793682431945,1
180.11,5.091815908092015,1
180.12,5.138435347282922,1
180.13,3.721344320402703,1
180.14000000000001,3.860984928841568,1
180.15,3.7248087762861695,1
180.16,3.5477930089159924,1
180.17000000000002,2.7780525108683563,1
180.18,3.917114404328596,1
180.19,3.1609146962348635,1
180.20000000000002,3.927483175926081,1
180.21,5.368422332998376,1
180.22,3.7516274984356253,1
180.23,4.111472662510761,1
180.24,4.594948075492195,1
180.25,4.217557987816578,1
180.26,4.20282568639012,1
180.27,3.7770323524317804,1
180.28,3.836172799194928,1
180.29,3.367287753555355,1
180.3,4.51097575583843,1
180.31,2.9007283508883654,1
180.32,4.564113923245054,1
180.33,3.123086693181418,1
180.34,4.571952663775939,1
180.35,3.8047501075363,1
180.36,3.189012945028671,1
180.37,4.327206505486788,1
180.38,4.62224365035585,1
180.39000000000001,3.753096511901357,1
180.4,4.4527387728416,1
180.41,2.5445353642290733,1
180.42000000000002,3.055831024274055,1
180.43,4.781902184450708,1
180.44,3.9017910318378535,1
180.45000000000002,2.7858495537586987,1
180.46,3.47370636660305,1
180.47,3.3692934275025936,1
180.48,3.8544768304915547,1
180.49,3.75071464011067,1
180.5,4.101138963338564,1
180.51,3.9609967528122425,1
180.52,4.879897991625905,1
180.53,4.328253299597487,1
180.54,4.31664578666895,1
180.55,4.774986414772748,1
180.56,3.794254766657168,1
180.57,3.1689126755792496,1
180.58,4.733252043033294,1
180.59,4.1321331807075685,1
180.6,4.098343088061972,1
180.61,3.594977800396783,1
180.62,3.5754650729667032,1
180.63,4.523905866235569,1
180.64000000000001,4.670307534766678,1
180.65,4.548785765581549,1
180.66,4.5474235879011395,1
180.67000000000002,4.402048249665244,1
180.68,4.10945864919324,1
180.69,3.892776103381584,1
180.70000000000002,4.778859712990236,1
180.71,3.8042506646171312,1
180.72,4.22830826292832,1
180.73,3.4920315904660963,1
180.74,3.541749596842628,1
180.75,3.8192810566671302,1
180.76,3.467538374502475,1
180.77,4.485721660741603,1
180.78,3.154499658255429,1
180.79,4.01365303135637,1
180.8,4.086794270572746,1
180.81,2.8303084760450936,1
180.82,3.643669488328258,1
180.83,4.144525430834112,1
180.84,4.286842657474016,1
180.85,3.8846501288160034,1
180.86,4.432263667393036,1
180.87,3.9550082681788057,1
180.88,4.006158900629934,1
180.89000000000001,4.163649848382757,1
180.9,4.611283182122948,1
180.91,3.598251592234808,1
180.92000000000002,3.660030973536277,1
180.93,3.545602453302202,1
180.94,3.7571966534690246,1
180.95000000000002,4.910813868343979,1
180.96,4.426249596873653,1
180.97,3.2916912096407245,1
180.98,3.567914101306853,1
180.99,4.215937010973645,1
181.0,3.424787733430573,1
181.01,3.4948656504849693,1
181.02,4.842340700435356,1
181.03,3.652564580053615,1
181.04,4.598569337969849,1
181.05,4.850404181101524,1
181.06,3.575132815981854,1
181.07,3.3970745022091533,1
181.08,3.7846619797526233,1
181.09,3.2807465431735183,1
181.1,4.035375076300746,1
181.11,3.8686895915523474,1
181.12,4.226076126824909,1
181.13,4.919941916681837,1
181.14000000000001,4.585604432709475,1
181.15,4.352569193344488,1
181.16,2.7455250337985273,1
181.17000000000002,4.212406672778216,1
181.18,5.130435088262265,1
181.19,2.114511956835262,1
181.20000000000002,4.33416206553957,1
181.21,3.916653267980446,1
181.22,3.4436276007159226,1
181.23,4.486413070032265,1
181.24,5.138491460124791,1
181.25,4.571301623608644,1
181.26,3.7934380152497718,1
181.27,3.3754557500102536,1
181.28,4.056365940064641,1
181.29,4.569919467273822,1
181.3,3.783063961327312,1
181.31,3.798574947531776,1
181.32,5.818909942027407,1
181.33,4.808995200749106,1
181.34,4.7947764891767175,1
181.35,3.1002108253775917,1
181.36,3.4871681647497876,1
181.37,4.0176856992304435,1
181.38,3.3514941163708896,1
181.39000000000001,4.999473738162003,1
181.4,4.975019870436935,1
181.41,3.7123215338081237,1
181.42000000000002,5.140197319698462,1
181.43,4.065652955752642,1
181.44,5.684010176132324,1
181.45000000000002,4.194917160007146,1
181.46,4.3855455639704735,1
181.47,4.931430606814588,1
181.48,4.88485133498967,1
181.49,4.384468827799241,1
181.5,3.9314922050920873,1
181.51,4.329473709683642,1
181.52,3.4902045073350565,1
181.53,4.068121030764897,1
181.54,3.2843364257433754,1
181.55,2.8015726296627648,1
181.56,3.9608127019611836,1
181.57,4.816651194345635,1
181.58,4.649687920636493,1
181.59,3.985834206811797,1
181.6,5.13264753537705,1
181.61,3.698735350202317,1
181.62,2.73757877817878,1
181.63,2.5084442458722633,1
181.64000000000001,3.1441157828035564,1
181.65,4.478496717681868,1
181.66,3.6168314475999126,1
181.67000000000002,4.276093196187146,1
181.68,5.084721902878213,1
181.69,3.3513085624352636,1
181.70000000000002,4.271542989958031,1
181.71,4.365987421276724,1
181.72,3.4634875242078245,1
181.73,4.846460497522571,1
181.74,3.8641149645012667,1
181.75,3.742856856085183,1
181.76,5.354647188331146,1
181.77,4.4204650252832,1
181.78,4.625583192780733,1
181.79,4.916628743050045,1
181.8,3.63295136569869,1
181.81,4.78889718590739,1
181.82,3.721690401968444,1
181.83,3.629934004936776,1
181.84,3.801314585196201,1
181.85,3.5844652044704297,1
181.86,4.508506803176619,1
181.87,4.203884415687931,1
181.88,3.6935124461977296,1
181.89000000000001,4.419249135898566,1
181.9,3.846608617594395,1
181.91,3.777934964733278,1
181.92000000000002,4.018263611568051,1
181.93,4.301802310356816,1
181.94,4.271052577716802,1
181.95000000000002,3.7805765709333485,1
181.96,4.5364648653615705,1
181.97,3.887892129480199,1
181.98,3.568300632967741,1
181.99,3.0216031002239045,1
182.0,4.579210842685369,1
182.01,4.042791690627793,1
182.02,4.139387591360862,1
182.03,4.686910458057812,1
182.04,3.7314596458515368,1
182.05,3.0921375642169444,1
182.06,3.990803993259677,1
182.07,4.199262608563298,1
182.08,3.8414116741963578,1
182.09,4.946688298589649,1
182.1,2.443704466437036,1
182.11,4.633347434807354,1
182.12,4.551324234466533,1
182.13,4.329445555916036,1
182.14000000000001,1.85533725005439,1
182.15,4.704344439878651,1
182.16,3.376280505173848,1
182.17000000000002,3.633171579540041,1
182.18,3.867304836034809,1
182.19,4.256382903800177,1
182.20000000000002,4.4302623963113685,1
182.21,4.60511653878046,1
182.22,4.565656364627468,1
182.23,4.198045872974425,1
182.24,4.281745412498124,1
182.25,3.30919214194868,1
182.26,3.471263597706469,1
182.27,4.54927632816863,1
182.28,4.5761623277922725,1
182.29,4.5041917515034005,1
182.3,3.6964830202826744,1
182.31,4.572542630708134,1
182.32,3.280903544736053,1
182.33,4.655876441610588,1
182.34,3.870092059716788,1
182.35,5.0849440316981855,1
182.36,3.0779409742758115,1
182.37,5.088824045355508,1
182.38,3.8308009233388045,1
182.39000000000001,3.7436309300347723,1
182.4,4.111034921189104,1
182.41,3.5543771196271887,1
182.42000000000002,3.9263334775624954,1
182.43,3.516986737079769,1
182.44,3.5161488929712514,1
182.45000000000002,4.286874631095964,1
182.46,3.4322506886091255,1
182.47,3.4675083861857896,1
182.48,3.0773438047552286,1
182.49,3.6176758168023087,1
182.5,4.828065910345355,1
182.51,3.5008177232878346,1
182.52,3.4953442237455263,1
182.53,4.095542825392148,1
182.54,3.76514911053442,1
182.55,5.43160003714293,1
182.56,3.980443154358377,1
182.57,4.2163259552159955,1
182.58,4.625324062372919,1
182.59,4.637412325113278,1
182.6,4.189608474953677,1
182.61,3.906832331284076,1
182.62,5.307658239988952,1
182.63,4.013732140204263,1
182.64000000000001,3.7142426038946725,1
182.65,3.5638090384647607,1
182.66,2.853428641899799,1
182.67000000000002,4.464293800315836,1
182.68,2.5043628869046106,1
182.69,3.90654862838696,1
182.70000000000002,3.8614734084763316,1
182.71,5.445042657245557,1
182.72,2.8982742249167575,1
182.73,3.34923455837451,1
182.74,3.8726507517841657,1
182.75,3.8641962934505636,1
182.76,3.635291340466163,1
182.77,3.925570180604681,1
182.78,3.178293454176041,1
182.79,4.182454686126197,1
182.8,2.5047003956015104,1
182.81,3.893562119746335,1
182.82,3.604084926561828,1
182.83,4.635642129410677,1
182.84,5.17703515804657,1
182.85,3.8558258800593253,1
182.86,4.893692790332063,1
182.87,3.8485161745294567,1
182.88,3.3640601176364755,1
182.89000000000001,5.094636418976009,1
182.9,4.403573016408424,1
182.91,4.027094222927235,1
182.92000000000002,4.447486289640595,1
182.93,4.2047678293525905,1
182.94,3.9673745143259915,1
182.95000000000002,3.137413161112981,1
182.96,3.7727127238835503,1
182.97,4.39074892236363,1
182.98,3.9437872807249814,1
182.99,4.5820823085745745,1
183.0,4.283851422932403,1
183.01,3.447270824458306,1
183.02,3.1109192996613517,1
183.03,3.8446731976775386,1
183.04,3.6505458008853724,1
183.05,4.197248073004193,1
183.06,3.545886384808412,1
183.07,3.5734688295461323,1
183.08,4.6576702437569715,1
183.09,4.135618590420993,1
183.1,3.552187454870622,1
183.11,3.9845777634434416,1
183.12,4.893752192990366,1
183.13,4.244242438617229,1
183.14000000000001,4.399378194492724,1
183.15,3.5358911508664312,1
183.16,4.638124070748761,1
183.17000000000002,5.542339288536332,1
183.18,3.5790132417395237,1
183.19,3.207893773892163,1
183.20000000000002,4.066370515321633,1
183.21,4.572035248839853,1
183.22,3.9750258504209555,1
183.23,3.315150756107982,1
183.24,3.8884564982239054,1
183.25,4.381366968312285,1
183.26,3.7587879871990673,1
183.27,4.379531911808749,1
183.28,4.778469984842706,1
183.29,4.2025767825899925,1
183.3,3.994021283999,1
183.31,4.537743621169871,1
183.32,3.4768016205045784,1
183.33,3.349164722958389,1
183.34,3.7879900689540467,1
183.35,3.668133776353449,1
183.36,3.4588565001986766,1
183.37,5.155192319684775,1
183.38,5.478563602062335,1
183.39000000000001,3.859219746680385,1
183.4,4.051063094211765,1
183.41,3.881185926866046,1
183.42000000000002,4.711448719277238,1
183.43,4.889827555720233,1
183.44,2.9002494576744153,1
183.45000000000002,4.242864552723407,1
183.46,3.1666683609432256,1
183.47,5.090817971050082,1
183.48,4.351094743286914,1
183.49,3.486852672172546,1
183.5,3.812634858764489,1
183.51,3.801261281887054,1
183.52,4.328784153704354,1
183.53,4.695750105077467,1
183.54,3.2967548802981432,1
183.55,5.1508424359431695,1
183.56,5.110868764972015,1
183.57,3.49871685891677,1
183.58,4.017158922972515,1
183.59,5.111051638324664,1
183.6,4.8666163642880145,1
183.61,3.833508356901418,1
183.62,4.518377744253352,1
183.63,5.975771670527824,1
183.64000000000001,4.1867771403229606,1
183.65,3.6007261308179848,1
183.66,4.087914558595895,1
183.67000000000002,4.165245009549554,1
183.68,3.6695800815411754,1
183.69,4.2667139317722285,1
183.70000000000002,3.20211111959061,1
183.71,3.5203090303156555,1
183.72,4.463189700059289,1
183.73,2.88918037861009,1
183.74,4.519352098679376,1
183.75,2.725729378848421,1
183.76,2.800210262592322,1
183.77,3.6042607642711033,1
183.78,4.162381210380171,1
183.79,4.869612258219809,1
183.8,4.089564052127795,1
183.81,3.8454027260134587,1
183.82,4.3667732532907175,1
183.83,3.456942032224116,1
183.84,4.057873112703169,1
183.85,3.2252369365084816,1
183.86,4.007101334130073,1
183.87,3.9161845137112334,1
183.88,3.473138763770618,1
183.89000000000001,4.075471467929704,1
183.9,4.107399892281376,1
183.91,4.769112580376827,1
183.92000000000002,3.0043653276955373,1
183.93,3.890919187104628,1
183.94,3.500174900427228,1
183.95000000000002,4.534337292720444,1
183.96,4.521220207520245,1
183.97,4.360800356564805,1
183.98,3.564980631034154,1
183.99,4.548417782108441,1
184.0,3.0401118305645904,1
184.01,2.816486896600475,1
184.02,3.101167178845567,1
184.03,3.9243506048588945,1
184.04,4.433527242354061,1
184.05,2.095075623845335,1
184.06,4.743938373678298,1
184.07,4.129705690356938,1
184.08,2.990566262977283,1
184.09,4.0049312920227,1
184.1,4.709157989822455,1
184.11,4.431484161000375,1
184.12,4.738999465425095,1
184.13,3.1578796086269043,1
184.14000000000001,3.6808541965367514,1
184.15,3.380884167319156,1
184.16,5.077268802603253,1
184.17000000000002,4.47947324743197,1
184.18,5.875990623139813,1
184.19,3.809160837102434,1
184.20000000000002,3.5183600459189073,1
184.21,3.8784315455032172,1
184.22,4.8870239546772,1
184.23,3.8156723854427668,1
184.24,4.069679058507347,1
184.25,4.066916470265505,1
184.26,4.029641630121626,1
184.27,3.578483492920352,1
184.28,3.885630590811241,1
184.29,3.8762820546040486,1
184.3,3.987668753119497,1
184.31,4.611441146993607,1
184.32,5.1790328992390835,1
184.33,3.5254435734657172,1
184.34,3.7171898043508773,1
184.35,3.4477397885229504,1
184.36,4.0882612803339535,1
184.37,3.6559989662078585,1
184.38,4.134947064647684,1
184.39000000000001,4.7241619079670825,1
184.4,2.4046170062764465,1
184.41,4.223358047367757,1
184.42000000000002,3.7148188053568227,1
184.43,4.281624422758419,1
184.44,3.4352421457553617,1
184.45000000000002,4.742283283853143,1
184.46,4.6370998970148385,1
184.47,4.406989318805317,1
184.48,4.539087164841493,1
184.49,3.5485650887299567,1
184.5,3.570884078209643,1
184.51,4.46245543112428,1
184.52,3.5296224360421222,1
184.53,4.9097472084857525,1
184.54,3.8446295790859897,1
184.55,4.316321382270198,1
184.56,5.381033134016856,1
184.57,3.624643834215808,1
184.58,4.02209324431682,1
184.59,4.685310145313156,1
184.6,4.65833491344134,1
184.61,3.826804032876142,1
184.62,3.654338577294035,1
184.63,3.8279949734594556,1
184.64000000000001,4.929091725474869,1
184.65,3.874653545175145,1
184.66,4.043162935060336,1
184.67000000000002,3.7256783603912837,1
184.68,4.441321032637105,1
184.69,4.127388408030318,1
184.70000000000002,3.3565864035695587,1
184.71,3.3327940563170917,1
184.72,2.663214501959179,1
184.73,3.380407477195262,1
184.74,4.4779594668692075,1
184.75,4.88757172145609,1
184.76,4.498064412898277,1
184.77,4.389745290434262,1
184.78,3.94129095418267,1
184.79,4.49926445045869,1
184.8,4.215701464514935,1
184.81,5.183720810852668,1
184.82,4.00714907930379,1
184.83,4.87181146298995,1
184.84,4.6194592053826184,1
184.85,4.514344443891918,1
184.86,2.7257468718556686,1
184.87,4.526429895328574,1
184.88,3.9488549262722143,1
184.89000000000001,3.7088989364900566,1
184.9,3.0203770320064236,1
184.91,3.9375975276816746,1
184.92000000000002,4.018025098830912,1
184.93,3.1556561435350594,1
184.94,2.9934325481962656,1
184.95000000000002,4.255338756848567,1
184.96,4.580907846036007,1
184.97,4.158315530477745,1
184.98,4.756193763568271,1
184.99,3.989322547544805,1
185.0,3.9640946728187467,1
185.01,3.4028513518538075,1
185.02,2.9518409247138058,1
185.03,5.14046893131246,1
185.04,4.80244770524529,1
185.05,3.1446444023393134,1
185.06,4.049735010195891,1
185.07,3.9380711581171823,1
185.08,3.8185100221592245,1
185.09,3.723727982604581,1
185.1,4.230802137382809,1
185.11,4.544704091341529,1
185.12,4.2937652831987485,1
185.13,3.9394301072782665,1
185.14000000000001,3.8943525615746433,1
185.15,4.6014933986982935,1
185.16,4.336786094231828,1
185.17000000000002,4.0673701932750985,1
185.18,3.980748410546895,1
185.19,4.222866405158807,1
185.20000000000002,3.7094937987723804,1
185.21,4.515607792119397,1
185.22,3.3328882917727487,1
185.23,3.6930084043199174,1
185.24,4.3780838275118175,1
185.25,3.2876378689397674,1
185.26,2.936644798775312,1
185.27,3.977125309534653,1
185.28,2.8979163638157317,1
185.29,3.091173641960922,1
185.3,4.436370582297294,1
185.31,3.89331163227341,1
185.32,4.82765983945632,1
185.33,3.2679411724951875,1
185.34,3.8951174560668362,1
185.35,4.2529690715001855,1
185.36,3.2557141769502906,1
185.37,4.624779838708211,1
185.38,4.368830031372125,1
185.39000000000001,2.9779777590633447,1
185.4,3.9141906957235832,1
185.41,4.245271343784468,1
185.42000000000002,3.631870431592452,1
185.43,3.0177330403632716,1
185.44,4.1217361050328725,1
185.45000000000002,5.442022597094336,1
185.46,3.835434870998576,1
185.47,5.008295192520859,1
185.48,3.572390948916992,1
185.49,4.114195703919506,1
185.5,4.507437892064655,1
185.51,4.024987243507252,1
185.52,3.8083197276280654,1
185.53,4.45963173734376,1
185.54,5.254808731385367,1
185.55,4.2703180211076806,1
185.56,3.681384301319988,1
185.57,3.857766755351255,1
185.58,5.626325259006386,1
185.59,4.185111157520578,1
185.6,3.6254338564497064,1
185.61,3.2345728230673894,1
185.62,2.769376888633433,1
185.63,4.162066614172697,1
185.64000000000001,4.434474670473058,1
185.65,3.76868051625623,1
185.66,3.976407590436639,1
185.67000000000002,3.2391550193081375,1
185.68,4.040597136766321,1
185.69,4.31484392912029,1
185.70000000000002,3.671660568825451,1
185.71,5.077114256478935,1
185.72,3.52148804046873,1
185.73,4.155217108374383,1
185.74,4.559725793273842,1
185.75,3.9834358827471754,1
185.76,3.8767169373856527,1
185.77,3.065513299157323,1
185.78,4.824613248755933,1
185.79,3.9392451681076532,1
185.8,4.345012951880309,1
185.81,4.45718130159849,1
185.82,3.619772630311906,1
185.83,3.849024081869306,1
185.84,4.856792220800068,1
185.85,3.326537350317086,1
185.86,5.34024708072369,1
185.87,3.597119801338676,1
185.88,3.210522120960839,1
185.89000000000001,4.038477249578249,1
185.9,5.435148909740466,1
185.91,2.8462189224714827,1
185.92000000000002,3.8392780554780574,1
185.93,4.299371212063442,1
185.94,4.039795339823085,1
185.95000000000002,4.250189554648392,1
185.96,3.5491307260259317,1
185.97,3.5838309509122785,1
185.98,3.8787289474694355,1
185.99,3.2596196406928013,1
186.0,3.9265833477348004,1
186.01,3.743365802058492,1
186.02,3.679623026489989,1
186.03,4.188731219173663,1
186.04,2.8300272947910234,1
186.05,3.7811613475764454,1
186.06,5.490435880022742,1
186.07,3.384726750759465,1
186.08,4.797153536105494,1
186.09,4.083291685441392,1
186.1,3.61378102204995,1
186.11,3.1199563265147305,1
186.12,4.037827081776441,1
186.13,4.945275735884188,1
186.14000000000001,3.804185087393746,1
186.15,3.935720989437845,1
186.16,4.651701112255382,1
186.17000000000002,4.260268902700043,1
186.18,2.9954780985965144,1
186.19,4.003889573863018,1
186.20000000000002,4.981415156262825,1
186.21,4.034916398329308,1
186.22,2.2233372893682617,1
186.23,4.145285360828263,1
186.24,3.879952839331972,1
186.25,2.806027771286519,1
186.26,2.8388428526036633,1
186.27,4.563008310296088,1
186.28,3.55858937438363,1
186.29,3.3847054430677215,1
186.3,3.939958996689875,1
186.31,3.5784199879710004,1
186.32,4.039619644898029,1
186.33,3.8708465558437806,1
186.34,3.2136589269934164,1
186.35,3.6211396072414135,1
186.36,4.264539546839137,1
186.37,4.043070010639048,1
186.38,3.949417546229149,1
186.39000000000001,5.253996026232162,1
186.4,4.5495580679985785,1
186.41,4.586062050693933,1
186.42000000000002,3.9274786160920745,1
186.43,4.1384852885900525,1
186.44,3.728598965878687,1
186.45000000000002,4.488212732080746,1
186.46,3.9576621106090855,1
186.47,4.141744846888943,1
186.48,4.1127139525618635,1
186.49,3.994975638655648,1
186.5,5.906080002438379,1
186.51,3.6818429175458616,1
186.52,3.542489375747761,1
186.53,4.422899422576305,1
186.54,3.639211091528214,1
186.55,3.7892797834621668,1
186.56,3.2824619141965665,1
186.57,4.275884721153485,1
186.58,4.343729779267058,1
186.59,3.8161180550118967,1
186.6,4.452760841227346,1
186.61,2.821560357948348,1
186.62,3.470666674631773,1
186.63,3.8579525843996567,1
186.64000000000001,3.230866339238862,1
186.65,2.819236345002758,1
186.66,3.7293823665036236,1
186.67000000000002,4.434063262956274,1
186.68,4.857912830890914,1
186.69,3.6963785499271227,1
186.70000000000002,4.457514371450497,1
186.71,4.440457761363676,1
186.72,4.817095721925904,1
186.73,3.821811666507372,1
186.74,2.822389520937359,1
186.75,3.974881983844658,1
186.76,3.340714195527982,1
186.77,3.4910117950442814,1
186.78,3.7740210082226078,1
186.79,3.7665352029797403,1
186.8,4.077839861987958,1
186.81,4.460898562742448,1
186.82,3.7890564231917487,1
186.83,4.244083381182805,1
186.84,4.024258058964774,1
186.85,4.608431325562964,1
186.86,3.9141420277259487,1
186.87,3.9436386098804768,1
186.88,3.753696468872609,1
186.89000000000001,3.8799502391070178,1
186.9,3.4844472385331393,1
186.91,3.396412168195083,1
186.92000000000002,4.467123766670042,1
186.93,3.325214820568642,1
186.94,3.752459835732997,1
186.95000000000002,4.643931379075415,1
186.96,3.8097933979862884,1
186.97,4.526298398205953,1
186.98,3.648090332407099,1
186.99,3.296860046108377,1
187.0,2.9230424257124796,1
187.01,4.787115918616736,1
187.02,3.309592025622187,1
187.03,4.443371808601304,1
187.04,3.377807733965522,1
187.05,4.817425281806958,1
187.06,5.4808700241860535,1
187.07,2.994582681942295,1
187.08,3.2358535880504844,1
187.09,4.455781546897923,1
187.1,4.3602239915725045,1
187.11,4.525702826943793,1
187.12,3.6592729611023,1
187.13,5.269126070713789,1
187.14000000000001,4.1527414751848095,1
187.15,3.219563943551135,1
187.16,3.788923762376475,1
187.17000000000002,3.2064263861047633,1
187.18,4.984634386553424,1
187.19,3.630636026533841,1
187.20000000000002,4.297375701478216,1
187.21,3.7124561819428528,1
187.22,3.583466271895233,1
187.23,2.735579770999646,1
187.24,4.312247782904154,1
187.25,4.861681268611761,1
187.26,3.4573945965534585,1
187.27,2.9648542991703115,1
187.28,4.459105958541971,1
187.29,2.959417319591374,1
187.3,4.728833307521893,1
187.31,3.4569322648707885,1
187.32,3.251567669428501,1
187.33,4.116303670765398,1
187.34,3.3334034030847475,1
187.35,3.501210067240862,1
187.36,4.199746327993955,1
187.37,2.435906384425618,1
187.38,4.9718035298136805,1
187.39000000000001,4.086623192900603,1
187.4,3.166283617695682,1
187.41,3.2899587771991694,1
187.42000000000002,4.600806400151464,1
187.43,4.426028925822672,1
187.44,4.925345166501259,1
187.45000000000002,3.612537390220949,1
187.46,4.169184421605618,1
187.47,4.286920673512588,1
187.48,4.468324919161954,1
187.49,4.759512117297655,1
187.5,3.5801891436503324,1
187.51,3.9007343742261655,1
187.52,3.598161246675573,1
187.53,3.9417535685109657,1
187.54,4.449668619320063,1
187.55,2.9537940083665646,1
187.56,4.657020025638554,1
187.57,3.300286865575117,1
187.58,3.7585864516502028,1
187.59,4.79262071404085,1
187.6,4.260379442144279,1
187.61,4.235919624690535,1
187.62,3.248130825954637,1
187.63,3.27745467322261,1
187.64000000000001,4.567361675312984,1
187.65,3.6517883153894775,1
187.66,3.657994150252602,1
187.67000000000002,4.604919122365123,1
187.68,3.3550808492532553,1
187.69,4.135992398209732,1
187.70000000000002,4.035999059067043,1
187.71,4.000417366865346,1
187.72,3.66364899787842,1
187.73,3.603592114172897,1
187.74,3.276541644021358,1
187.75,4.269759538324483,1
187.76,3.582671037198031,1
187.77,4.603509812855443,1
187.78,3.8905127780191036,1
187.79,3.306677452189172,1
187.8,3.8041001168467776,1
187.81,3.721669963908214,1
187.82,4.638035699963144,1
187.83,3.7988641384638964,1
187.84,3.8087185580478677,1
187.85,4.9043754733673675,1
187.86,4.384041078416074,1
187.87,5.101854255080477,1
187.88,4.883016097125446,1
187.89000000000001,3.4773641994875826,1
187.9,4.610950620530842,1
187.91,5.02631796318666,1
187.92000000000002,5.056112605472528,1
187.93,4.704472031010281,1
187.94,4.670025246007844,1
187.95000000000002,3.8438262690695,1
187.96,3.447311841709724,1
187.97,3.738309919036282,1
187.98,2.9041353035279345,1
187.99,4.805492586202399,1
188.0,3.8645208831588005,1
188.01,4.829724007704379,1
188.02,3.2507508688820765,1
188.03,4.657483437566111,1
188.04,3.718356110856924,1
188.05,3.149765318339046,1
188.06,5.004707208436853,1
188.07,4.778738294821865,1
188.08,4.184141350258699,1
188.09,4.033068363226576,1
188.1,4.287150923665027,1
188.11,4.143509710316432,1
188.12,3.494559011045557,1
188.13,3.7023221011319882,1
188.14000000000001,5.254309808668987,1
188.15,5.809031228982193,1
188.16,5.122446431529257,1
188.17000000000002,4.377632320509192,1
188.18,3.8035165906339,1
188.19,3.4703248839069056,1
188.20000000000002,3.493093469159463,1
188.21,3.6106095368057107,1
188.22,5.372374067944376,1
188.23,5.254310680991976,1
188.24,4.559465661352468,1
188.25,3.4102943057797415,1
188.26,4.544058193190299,1
188.27,3.8778218566999074,1
188.28,2.595734468535487,1
188.29,4.1020232718148195,1
188.3,3.4598638461583224,1
188.31,3.4433033767883106,1
188.32,3.8041262482958795,1
188.33,3.6649212060442693,1
188.34,3.95766845656091,1
188.35,3.9440416634764617,1
188.36,2.7795632648866624,1
188.37,4.913174159679292,1
188.38,3.4167471677937513,1
188.39000000000001,3.3470611905281675,1
188.4,3.74764881166331,1
188.41,3.9145681439635744,1
188.42000000000002,4.941502424115481,1
188.43,4.231299879628999,1
188.44,4.3814171952682734,1
188.45000000000002,4.201012056697621,1
188.46,4.162239697805788,1
188.47,4.2106958486227395,1
188.48,2.7586278960349793,1
188.49,3.7633633268825957,1
188.5,4.739910449915971,1
188.51,6.602293097972957,1
188.52,3.3747470916038687,1
188.53,4.236991349846569,1
188.54,3.643707932265435,1
188.55,5.30719830067399,1
188.56,3.2000584574610977,1
188.57,4.357482337700853,1
188.58,3.1084096470372793,1
188.59,3.7398093036402016,1
188.6,3.962125076025135,1
188.61,4.69177443000721,1
188.62,3.342609450286931,1
188.63,4.390978690798302,1
188.64000000000001,4.035642251905085,1
188.65,4.1791347801685825,1
188.66,4.632542091134406,1
188.67000000000002,3.2057926193140824,1
188.68,4.478285038490472,1
188.69,3.6595751666169622,1
188.70000000000002,4.69060892775308,1
188.71,4.2585072127576575,1
188.72,3.87956235401717,1
188.73,3.6099478141340358,1
188.74,4.510774491541989,1
188.75,4.848788421405586,1
188.76,3.7051978021329393,1
188.77,3.2471844132602907,1
188.78,4.405255283466764,1
188.79,3.084466513943101,1
188.8,3.098013733144273,1
188.81,3.256370125260065,1
188.82,3.685825908864152,1
188.83,3.114098744548268,1
188.84,2.688896424708242,1
188.85,3.184624726650451,1
188.86,4.367933501022654,1
188.87,3.1970614110947775,1
188.88,3.731046868469055,1
188.89000000000001,5.246937121873215,1
188.9,4.04291062840069,1
188.91,4.224818658434463,1
188.92000000000002,3.399670972441221,1
188.93,5.367705365423816,1
188.94,3.7308547895491233,1
188.95000000000002,3.8358503655878273,1
188.96,4.8446968145960625,1
188.97,3.932767370498786,1
188.98,4.0270376705752255,1
188.99,3.8188547242098205,1
189.0,3.810812081518305,1
189.01,4.229041153734238,1
189.02,4.37250801537187,1
189.03,3.6049922798612233,1
189.04,3.4792443625678855,1
189.05,3.5735295357980825,1
189.06,3.0652376082970543,1
189.07,2.911997069607111,1
189.08,4.1275304708288365,1
189.09,4.61663995309943,1
189.1,4.60215779587198,1
189.11,2.490624582764881,1
189.12,3.7504321530586946,1
189.13,3.2699567682328476,1
189.14000000000001,4.049458416246701,1
189.15,3.731871512027606,1
189.16,4.367961868442655,1
189.17000000000002,4.0096506326660455,1
189.18,2.7703981285721717,1
189.19,3.2987505810443776,1
189.20000000000002,3.9616785848129243,1
189.21,4.056166969829318,1
189.22,3.0913262178951797,1
189.23,2.948580044432723,1
189.24,3.9734084057103805,1
189.25,3.0876645268860443,1
189.26,2.862604801053298,1
189.27,3.6429362388311866,1
189.28,3.6616582121482377,1
189.29,3.4097678376412137,1
189.3,3.5079811629985027,1
189.31,3.9794558874829966,1
189.32,3.531504816154016,1
189.33,4.017760562957774,1
189.34,3.754206634844592,1
189.35,4.094028671556105,1
189.36,4.575446910896859,1
189.37,4.579055108856312,1
189.38,4.8705715475403775,1
189.39000000000001,4.596048259805317,1
189.4,4.190545927124325,1
189.41,3.7302097634042983,1
189.42000000000002,3.732222075302279,1
189.43,3.4144060007503856,1
189.44,3.9678030951800576,1
189.45000000000002,4.450553367849643,1
189.46,3.5561990567989072,1
189.47,3.9492239194322254,1
189.48,3.557461214853583,1
189.49,4.10928282209903,1
189.5,3.650101127862049,1
189.51,3.4991902038084644,1
189.52,3.5287693388524075,1
189.53,4.298300437704003,1
189.54,3.955124211662662,1
189.55,3.7193350335657804,1
189.56,4.152766909646129,1
189.57,3.7402158944722554,1
189.58,4.71533037026507,1
189.59,3.4110472730461985,1
189.6,3.8433503069577233,1
189.61,3.07914868152964,1
189.62,3.7196867751194125,1
189.63,2.893385078377113,1
189.64000000000001,4.417834866745607,1
189.65,4.522399922566391,1
189.66,4.540136301950774,1
189.67000000000002,4.0511414789710765,1
189.68,3.43218310222522,1
189.69,3.446646818128701,1
189.70000000000002,4.959618729498448,1
189.71,4.989085984533018,1
189.72,4.138862492272954,1
189.73,3.6737734631462136,1
189.74,4.868428899377843,1
189.75,3.6014919803925234,1
189.76,4.124573509099464,1
189.77,4.8846634428283275,1
189.78,3.510439180085511,1
189.79,4.508650615126367,1
189.8,4.3682739489355455,1
189.81,3.9964569605260167,1
189.82,3.3552189434788025,1
189.83,3.491275651272187,1
189.84,4.1572807733321815,1
189.85,3.0859347352545634,1
189.86,4.02998648424043,1
189.87,4.352848728288647,1
189.88,4.660410289112607,1
189.89000000000001,3.1323300718511544,1
189.9,4.801959149619372,1
189.91,5.14811845646753,1
189.92000000000002,4.335005316398907,1
189.93,3.3465843529352837,1
189.94,3.7479082577317238,1
189.95000000000002,3.9539920251239806,1
189.96,4.1727240745652185,1
189.97,4.024625712087328,1
189.98,4.183905625788536,1
189.99,3.952155214711694,1
190.0,4.169138469353692,1
190.01,3.711347382615134,1
190.02,3.763255512130231,1
190.03,3.612053527016203,1
190.04,5.220696692876788,1
190.05,5.0230630043976285,1
190.06,4.421674723790732,1
190.07,4.885199322056639,1
190.08,4.57117678759581,1
190.09,4.151884582460366,1
190.1,3.032254809980539,1
190.11,3.771835748860672,1
190.12,3.7689278628847367,1
190.13,3.2509637024963323,1
190.14000000000001,2.9907927212688703,1
190.15,4.259138137139736,1
190.16,4.226096085392735,1
190.17000000000002,3.256124814032991,1
190.18,3.4714199243379813,1
190.19,4.721719817977895,1
190.20000000000002,3.4738282860954905,1
190.21,4.07924896982939,1
190.22,3.881621284278137,1
190.23,4.3214405538232255,1
190.24,3.463819008064007,1
190.25,4.026277908187157,1
190.26,4.111048766365163,1
190.27,4.156010895669957,1
190.28,4.060666061587092,1
190.29,4.227232465648042,1
190.3,5.435717980385599,1
190.31,5.74798721341334,1
190.32,3.6901372984870515,1
190.33,2.477265090480879,1
190.34,4.295010493208491,1
190.35,4.138546616672588,1
190.36,4.6967474672017255,1
190.37,4.22664706581835,1
190.38,4.051622756210296,1
190.39000000000001,4.735564641092434,1
190.4,4.867355449209868,1
190.41,3.1524010266954727,1
190.42000000000002,3.419306330637554,1
190.43,3.8966466114529585,1
190.44,4.057667976376347,1
190.45000000000002,3.8568356351411492,1
190.46,4.273136323275585,1
190.47,4.66268979905853,1
190.48,5.157505312264527,1
190.49,4.4450658452552805,1
190.5,3.473685189251106,1
190.51,3.872799150627098,1
190.52,3.9434772338302424,1
190.53,4.330522118042968,1
190.54,4.27168598273719,1
190.55,5.34665785514215,1
190.56,3.781356390611143,1
190.57,4.23651866638737,1
190.58,5.541996032197252,1
190.59,3.7128205883484373,1
190.6,4.076945910719806,1
190.61,3.391550935853027,1
190.62,4.016753412643005,1
190.63,3.4947777355832503,1
190.64000000000001,4.648881390077352,1
190.65,4.134517623303364,1
190.66,3.4011582399541562,1
190.67000000000002,4.509454147040828,1
190.68,4.147139775293855,1
190.69,4.627044788615307,1
190.70000000000002,3.2929859550945144,1
190.71,4.196883111632217,1
190.72,4.513579462636357,1
190.73,3.756115197389306,1
190.74,3.168489500626181,1
190.75,3.9231132227081313,1
190.76,4.7922235438879435,1
190.77,4.778069601315031,1
190.78,3.7687074067054573,1
190.79,3.1536194742446106,1
190.8,3.669455285351611,1
190.81,3.676205457193632,1
190.82,4.27023992288669,1
190.83,3.9480863810099716,1
190.84,3.508145558977361,1
190.85,4.68696657458263,1
190.86,4.132330361913988,1
190.87,4.290450100356425,1
190.88,2.8982065264805703,1
190.89000000000001,2.3609591728905395,1
190.9,2.968936237465435,1
190.91,3.6263456903365854,1
190.92000000000002,4.351537208330787,1
190.93,2.5013746664089433,1
190.94,4.943571004611887,1
190.95000000000002,4.167282435495928,1
190.96,4.8926357114306995,1
190.97,3.478715108683705,1
190.98,4.295641816088478,1
190.99,4.073016094335096,1
191.0,4.534919513582266,1
191.01,3.880404564401649,1
191.02,4.299859998729922,1
191.03,4.733127825896629,1
191.04,3.621485641713658,1
191.05,4.134464208325716,1
191.06,2.7831681886278274,1
191.07,4.382794384106342,1
191.08,5.2912092991482655,1
191.09,3.270046429843293,1
191.1,3.896911978985197,1
191.11,4.565096472391778,1
191.12,4.054290354510526,1
191.13,4.110378789102517,1
191.14000000000001,3.752930972167553,1
191.15,3.7073782836166944,1
191.16,3.9261930207998357,1
191.17000000000002,4.022609206115499,1
191.18,3.234803264919728,1
191.19,3.9112512204003935,1
191.20000000000002,5.012385294030853,1
191.21,3.7887969804916652,1
191.22,3.184560973470835,1
191.23000000000002,3.852830530745378,1
191.24,3.5275083547989388,1
191.25,3.1032955865806597,1
191.26,4.0364942614120505,1
191.27,3.5413381107962794,1
191.28,3.567147652779138,1
191.29,4.073576984531706,1
191.3,3.0096465637083423,1
191.31,2.8105979948313218,1
191.32,4.363917177945708,1
191.33,2.7690543023546743,1
191.34,3.2924464993919935,1
191.35,2.7897588028675813,1
191.36,3.6119661172117277,1
191.37,4.254454872712175,1
191.38,4.0881554051334925,1
191.39000000000001,5.557206012403117,1
191.4,4.798654674447293,1
191.41,3.443757114827844,1
191.42000000000002,3.189941490881087,1
191.43,5.70757397091177,1
191.44,4.7918819118278195,1
191.45000000000002,4.429912975268578,1
191.46,4.074360800874822,1
191.47,4.181930358139492,1
191.48000000000002,3.0493037815957242,1
191.49,4.044849786033943,1
191.5,4.048907979633391,1
191.51,3.4163030269842425,1
191.52,3.6155666308415992,1
191.53,4.960024298849392,1
191.54,3.9763843464430306,1
191.55,5.342418952131205,1
191.56,2.9511419345939363,1
191.57,3.598295338141748,1
191.58,2.971978610106608,1
191.59,3.153610421667112,1
191.6,3.411852790971035,1
191.61,4.169293179975802,1
191.62,4.183282133905795,1
191.63,3.570253706533506,1
191.64000000000001,2.5287543857103456,1
191.65,4.8704951711343405,1
191.66,3.8668172910152974,1
191.67000000000002,3.267727663838568,1
191.68,4.134446708487627,1
191.69,4.140716746830664,1
191.70000000000002,3.799081174415211,1
191.71,4.08431609265827,1
191.72,3.2556421726481655,1
191.73000000000002,4.448391978765276,1
191.74,3.3801072932295906,1
191.75,3.5698953169584824,1
191.76,4.39515511697031,1
191.77,4.804872732229887,1
191.78,5.077188804086222,1
191.79,4.74966378554822,1
191.8,3.8347124139804247,1
191.81,2.9902158842496567,1
191.82,4.851053686469023,1
191.83,4.9404104537226035,1
191.84,3.620427048510434,1
191.85,4.574919734560319,1
191.86,3.818968616451785,1
191.87,4.963210013619525,1
191.88,3.7237335050402907,1
191.89000000000001,5.267230237923912,1
191.9,4.586091579895294,1
191.91,5.201464620141853,1
191.92000000000002,3.7711627840011688,1
191.93,4.249064698025998,1
191.94,3.3860474821120965,1
191.95000000000002,4.510767505055236,1
191.96,4.613970219655405,1
191.97,5.592096713406047,1
191.98000000000002,4.408287175930762,1
191.99,4.494310508121135,1
192.0,3.7241702539791306,1
192.01,4.334712822484745,1
192.02,3.773598357163432,1
192.03,4.061589715367784,1
192.04,4.11692619550631,1
192.05,3.7784299724015327,1
192.06,4.027546398932672,1
192.07,3.7581504148695544,1
192.08,3.739108479614708,1
192.09,4.68291769883791,1
192.1,4.154788510112711,1
192.11,4.234473953878371,1
192.12,3.068526921282145,1
192.13,4.218863638012384,1
192.14000000000001,4.357285914868257,1
192.15,3.7629835265402356,1
192.16,5.33860661694351,1
192.17000000000002,2.5949994861011616,1
192.18,4.4246200704394365,1
192.19,4.4879655938876715,1
192.20000000000002,4.38067261808678,1
192.21,4.137172260997989,1
192.22,4.365527019647244,1
192.23000000000002,4.5852290017410535,1
192.24,3.564136864825327,1
192.25,4.167974991807262,1
192.26,3.8911372262793322,1
192.27,3.2837996362743733,1
192.28,4.42234861626243,1
192.29,3.6591675379716335,1
192.3,3.0076959884117658,1
192.31,3.590671158029316,1
192.32,3.4570915401901816,1
192.33,4.634732443002057,1
192.34,4.137480090365027,1
192.35,4.905178744032796,1
192.36,3.6218297482809825,1
192.37,4.54449650071795,1
192.38,5.875099330340603,1
192.39000000000001,4.343510129888005,1
192.4,4.579673330181306,1
192.41,4.48475473429869,1
192.42000000000002,3.1064016495110236,1
192.43,4.326479318107991,1
192.44,4.218426490332866,1
192.45000000000002,3.8445739686570772,1
192.46,3.417086050013756,1
192.47,4.415301576739522,1
192.48000000000002,3.393994402021201,1
192.49,5.348010691024971,1
192.5,4.154956847464172,1
192.51,3.2155803894987405,1
192.52,3.619439160316656,1
192.53,3.7967047403102407,1
192.54,5.553022083968674,1
192.55,3.519234411832308,1
192.56,3.895748940392094,1
192.57,3.644786322558976,1
192.58,4.302620535885875,1
192.59,3.679544167373552,1
192.6,3.2417197149414925,1
192.61,3.8277904067035107,1
192.62,3.7954120328634193,1
192.63,3.603459427196418,1
192.64000000000001,3.626611808859441,1
192.65,4.746261633335485,1
192.66,3.837318992070793,1
192.67000000000002,3.254384284669269,1
192.68,3.655428843773876,1
192.69,4.014580279238694,1
192.70000000000002,3.1338643981011125,1
192.71,5.0030134284333965,1
192.72,4.623091482887089,1
192.73000000000002,4.965322961526635,1
192.74,4.312343455695939,1
192.75,2.6602890994146042,1
192.76,4.915786301708404,1
192.77,3.4946390302499175,1
192.78,3.4621729418326557,1
192.79,4.069158654755226,1
192.8,4.898384936806089,1
192.81,4.737306276218446,1
192.82,4.632259799741255,1
192.83,3.8356131702141356,1
192.84,3.7775755446515764,1
192.85,4.211112797838738,1
192.86,3.9282730411320177,1
192.87,4.572711582139253,1
192.88,4.572967063491939,1
192.89000000000001,4.418057389420235,1
192.9,2.3861666495505247,1
192.91,3.9862125539628677,1
192.92000000000002,3.928545204631897,1
192.93,4.104732586217398,1
192.94,3.516856295681795,1
192.95000000000002,3.1114519330128054,1
192.96,4.247184767378341,1
192.97,3.783652477920751,1
192.98000000000002,4.359896597539095,1
192.99,3.5862851279264953,1
193.0,4.893860914902778,1
193.01,4.703151500676378,1
193.02,4.234779109755586,1
193.03,3.8756990503260087,1
193.04,4.545609495995516,1
193.05,4.287432954621654,1
193.06,4.172046304249931,1
193.07,4.686964041821175,1
193.08,4.966795790720405,1
193.09,3.2454071197816208,1
193.1,3.273204814864976,1
193.11,3.4501365454762762,1
193.12,2.992191625946731,1
193.13,3.8988184379051707,1
193.14000000000001,4.38330203286795,1
193.15,4.009101312252305,1
193.16,3.65399249745219,1
193.17000000000002,4.710117948105321,1
193.18,4.13380413970605,1
193.19,4.23056552528603,1
193.20000000000002,4.762734882378353,1
193.21,3.965801155765801,1
193.22,5.334674592767863,1
193.23000000000002,3.789525139003856,1
193.24,5.283698134239423,1
193.25,3.4445854882219566,1
193.26,4.302434312934578,1
193.27,3.6012525894964997,1
193.28,4.702482058020699,1
193.29,3.7318577650118803,1
193.3,4.17263711368639,1
193.31,3.588267749786072,1
193.32,4.583394885738742,1
193.33,3.6095332944556238,1
193.34,5.0688202755479494,1
193.35,3.417897464300143,1
193.36,3.0919915051116114,1
193.37,4.562914021334771,1
193.38,3.64989932229259,1
193.39000000000001,3.974298180886733,1
193.4,3.7893785029420615,1
193.41,3.135704472869879,1
193.42000000000002,3.898186550489906,1
193.43,4.814605238804906,1
193.44,4.699740637974145,1
193.45000000000002,4.192378291934917,1
193.46,4.733214560754602,1
193.47,3.3565465480239647,1
193.48000000000002,3.7502286039796684,1
193.49,4.2418234183982575,1
193.5,3.9298924905947077,1
193.51,3.8356474282964292,1
193.52,3.211126439414573,1
193.53,2.602233048778179,1
193.54,4.446789392659737,1
193.55,4.184616560358467,1
193.56,4.596319649837766,1
193.57,3.752087843879701,1
193.58,3.5226543475292535,1
193.59,3.975607771137155,1
193.6,4.552765923182751,1
193.61,3.8829930588993915,1
193.62,4.513201018878884,1
193.63,3.3778702994177587,1
193.64000000000001,3.857920644860989,1
193.65,3.9459831525528983,1
193.66,4.792476282749679,1
193.67000000000002,4.182263242593567,1
193.68,5.143841428813829,1
193.69,3.194213578651162,1
193.70000000000002,4.03594796041683,1
193.71,4.118555518139525,1
193.72,4.409447746342545,1
193.73000000000002,3.496835395227552,1
193.74,5.062727665191689,1
193.75,4.072175040380965,1
193.76,3.299009634752461,1
193.77,3.9475431004598365,1
193.78,3.793664325491275,1
193.79,5.793463380839963,1
193.8,4.78884160094505,1
193.81,4.079552221093118,1
193.82,3.932158348468662,1
193.83,4.613002721722394,1
193.84,4.68487084508973,1
193.85,2.1519943879456314,1
193.86,4.306312233569097,1
193.87,4.0365242372419,1
193.88,3.151483391469662,1
193.89000000000001,4.520197415162924,1
193.9,5.488603644243779,1
193.91,4.4505815454710325,1
193.92000000000002,4.741024718076176,1
193.93,5.21502617035919,1
193.94,3.5342034548131336,1
193.95000000000002,2.7668060860726515,1
193.96,4.352202080093666,1
193.97,3.8604745928216424,1
193.98000000000002,3.1000249640821993,1
193.99,3.8952825806433853,1
194.0,4.4657707498856825,1
194.01,3.9312891168942423,1
194.02,3.4853608053880523,1
194.03,3.8241037981686237,1
194.04,3.9768093334543626,1
194.05,2.7467046189577937,1
194.06,3.832165754884979,1
194.07,3.1176829348956563,1
194.08,4.374656089337324,1
194.09,3.009629757785577,1
194.1,4.59764180025724,1
194.11,3.7703803677854513,1
194.12,3.633924467027139,1
194.13,4.1690861337690075,1
194.14000000000001,3.448236952511302,1
194.15,4.147752530754082,1
194.16,3.533851787865498,1
194.17000000000002,3.610805640939306,1
194.18,4.2396538565342,1
194.19,3.275635095011619,1
194.20000000000002,3.1361994679472365,1
194.21,4.109227862196879,1
194.22,3.989100268817771,1
194.23000000000002,4.108798751789823,1
194.24,4.219109745442824,1
194.25,4.0503735047777,1
194.26,4.3975705060185035,1
194.27,4.087073713655966,1
194.28,2.702827551097264,1
194.29,2.7880915353542757,1
194.3,5.178194724944762,1
194.31,4.070738312924676,1
194.32,4.620788587249475,1
194.33,3.812944614829891,1
194.34,3.951134804394284,1
194.35,3.7029119778873323,1
194.36,5.582139747839376,1
194.37,4.25923939862754,1
194.38,3.668523073309497,1
194.39000000000001,2.9085446143423668,1
194.4,5.215128064420077,1
194.41,3.9669679414198398,1
194.42000000000002,4.480895471043285,1
194.43,4.58424954714093,1
194.44,3.7347571325508975,1
194.45000000000002,4.420392252836639,1
194.46,3.633241127882429,1
194.47,3.3353771759913595,1
194.48000000000002,4.715661028608754,1
194.49,3.9403018132804135,1
194.5,4.332844243644216,1
194.51,4.28658808959854,1
194.52,4.431104006064368,1
194.53,3.015940023336128,1
194.54,3.561202963388959,1
194.55,3.7631433036536706,1
194.56,3.4463011680071283,1
194.57,4.245130130719716,1
194.58,4.784798391326607,1
194.59,4.919882644373079,1
194.6,3.835107088678253,1
194.61,4.179542327864565,1
194.62,4.299918944580996,1
194.63,4.421084072914084,1
194.64000000000001,3.455505591257525,1
194.65,5.148575510404275,1
194.66,4.6700676444479186,1
194.67000000000002,4.658310527385358,1
194.68,4.820338350832183,1
194.69,4.395783161010537,1
194.70000000000002,3.3571963050950666,1
194.71,3.8712622474930933,1
194.72,2.921024502227253,1
194.73000000000002,4.204572528741837,1
194.74,3.9024836324003918,1
194.75,3.9678569225872935,1
194.76,4.7792621984883095,1
194.77,3.750244771955574,1
194.78,3.8214298831758864,1
194.79,4.003542703430744,1
194.8,2.806372332026024,1
194.81,3.755752538823965,1
194.82,2.37248946165504,1
194.83,3.5224460303609955,1
194.84,4.526218173195873,1
194.85,4.321772579560447,1
194.86,3.633369720217461,1
194.87,4.004473248105176,1
194.88,3.302784048051235,1
194.89000000000001,3.956646575089626,1
194.9,5.898675414147565,1
194.91,5.31152984841056,1
194.92000000000002,4.112834552012665,1
194.93,4.1106762427067745,1
194.94,3.3710702448112033,1
194.95000000000002,3.442040233583862,1
194.96,4.201518085658097,1
194.97,3.671525595486562,1
194.98000000000002,4.566929963569631,1
194.99,5.05247330234206,1
195.0,4.278962391048447,1
195.01,4.082747787405482,1
195.02,2.9144263962674315,1
195.03,4.419936750562105,1
195.04,3.2831491609146237,1
195.05,3.6857725276813498,1
195.06,4.6037469656608305,1
195.07,4.704361721396726,1
195.08,3.739578116431866,1
195.09,3.7190584518286425,1
195.1,3.5294051802858446,1
195.11,3.194562128852867,1
195.12,3.539800044723025,1
195.13,2.9257425542012974,1
195.14000000000001,4.37873532744959,1
195.15,4.278702454201332,1
195.16,4.380409771852453,1
195.17000000000002,3.4035796129770004,1
195.18,3.1888184037326956,1
195.19,3.9860507143746386,1
195.20000000000002,4.040754642457358,1
195.21,3.9068923517171106,1
195.22,3.806588416931681,1
195.23000000000002,5.098396148160537,1
195.24,4.342321127877624,1
195.25,5.299172449539865,1
195.26,4.901291585792405,1
195.27,5.159208973295431,1
195.28,3.372409995153385,1
195.29,4.347211108062569,1
195.3,3.740690719729458,1
195.31,2.905187997958463,1
195.32,4.9049614382469615,1
195.33,3.863741474657384,1
195.34,3.3072440107398773,1
195.35,3.6894536065760275,1
195.36,3.464753958751793,1
195.37,3.517793916978146,1
195.38,3.827284941135825,1
195.39000000000001,5.112640092334985,1
195.4,3.634432508827265,1
195.41,5.054648785230889,1
195.42000000000002,4.614028810011586,1
195.43,4.293954189175512,1
195.44,4.503039182684935,1
195.45000000000002,4.039042540923398,1
195.46,4.836769084691273,1
195.47,4.418079351189774,1
195.48000000000002,2.9450012860628894,1
195.49,4.128916905615872,1
195.5,4.5163994816918365,1
195.51,3.843471613103774,1
195.52,4.072526761491928,1
195.53,3.6067115995086203,1
195.54,3.082559294803655,1
195.55,2.939024168013961,1
195.56,2.939047249483467,1
195.57,4.370438429451082,1
195.58,2.406459451918617,1
195.59,3.47195609917286,1
195.6,3.471539352572015,1
195.61,3.7852190870695774,1
195.62,2.7826066210281075,1
195.63,4.189010683710822,1
195.64000000000001,3.185276676707423,1
195.65,4.685854093006603,1
195.66,3.637731670402556,1
195.67000000000002,3.9162274031059447,1
195.68,3.997422231554031,1
195.69,4.158315998570959,1
195.70000000000002,4.033514959418625,1
195.71,3.724889210789703,1
195.72,4.206073168935815,1
195.73000000000002,4.3148141410767336,1
195.74,3.522447329544181,1
195.75,4.24798662198199,1
195.76,4.788101823980852,1
195.77,4.50529069604981,1
195.78,4.6352694862385935,1
195.79,4.149663392211686,1
195.8,3.4015782971507385,1
195.81,3.438773937133206,1
195.82,4.173879008961257,1
195.83,4.622125133807101,1
195.84,5.8449077963276155,1
195.85,4.7477289642661065,1
195.86,3.2854511400111623,1
195.87,3.45929841467193,1
195.88,5.445925891384869,1
195.89000000000001,3.9476538089074142,1
195.9,4.027688098883439,1
195.91,3.378514988607384,1
195.92000000000002,4.978195290928105,1
195.93,4.38332238456019,1
195.94,3.5204155676518956,1
195.95000000000002,3.3264023202758253,1
195.96,4.158906951364123,1
195.97,4.038216662896452,1
195.98000000000002,4.542190194220573,1
195.99,4.387420389075491,1
196.0,3.851642717653218,1
196.01,3.6382643475321212,1
196.02,3.874520765494115,1
196.03,3.6351735731063863,1
196.04,3.8936357841798945,1
196.05,4.0042854974233775,1
196.06,3.417653575520628,1
196.07,4.3742625641522235,1
196.08,3.782111530633853,1
196.09,3.4406877569459198,1
196.1,3.7383081886351928,1
196.11,4.141482595520001,1
196.12,4.062366543319095,1
196.13,4.277624443800345,1
196.14000000000001,4.5995304352957405,1
196.15,4.882654802103279,1
196.16,4.238190973903826,1
196.17000000000002,3.320432235636453,1
196.18,3.7846190560173505,1
196.19,3.3354463054769514,1
196.20000000000002,5.061094816964545,1
196.21,5.353148907119426,1
196.22,4.503129662685647,1
196.23000000000002,4.587180725042667,1
196.24,4.198050050850408,1
196.25,4.249390676527184,1
196.26,2.978488905267082,1
196.27,3.8907398757576117,1
196.28,3.4217267806314124,1
196.29,4.1478558722859855,1
196.3,3.9701947592361235,1
196.31,5.261366125681341,1
196.32,4.67041654386467,1
196.33,4.224824602119801,1
196.34,3.840291280514974,1
196.35,5.077868711883611,1
196.36,4.045236681265886,1
196.37,4.217913867521016,1
196.38,4.04048759832243,1
196.39000000000001,3.740202503601087,1
196.4,4.00809844397606,1
196.41,2.727505024591146,1
196.42000000000002,2.9194535898331297,1
196.43,4.162017630916347,1
196.44,5.027214408766586,1
196.45000000000002,4.287568796189526,1
196.46,3.5498579635656466,1
196.47,3.0368261986283867,1
196.48000000000002,4.451233566734559,1
196.49,3.659061382504926,1
196.5,4.396893441020919,1
196.51,4.2767694057004055,1
196.52,4.326941303289705,1
196.53,4.04141823853316,1
196.54,4.251404675905505,1
196.55,3.937578807399591,1
196.56,3.5840494599345107,1
196.57,3.349896888556287,1
196.58,2.413531070870874,1
196.59,3.7873027379297532,1
196.6,4.973054707928949,1
196.61,4.532080378755654,1
196.62,4.17966908985582,1
196.63,3.5345364592483497,1
196.64000000000001,4.619174745311337,1
196.65,3.9597391498008774,1
196.66,5.019447318406111,1
196.67000000000002,3.424609025009514,1
196.68,3.4788746038086837,1
196.69,3.418999212105289,1
196.70000000000002,3.0034986539238044,1
196.71,3.332228204630591,1
196.72,4.0269033892189565,1
196.73000000000002,3.5395175636999343,1
196.74,1.4702431170399026,1
196.75,4.5452341973369395,1
196.76,2.9400252939776674,1
196.77,4.31870988414493,1
196.78,4.039375522335739,1
196.79,5.376175302202258,1
196.8,4.729425389178334,1
196.81,3.7163634559694083,1
196.82,3.5274626468017916,1
196.83,4.946660974714165,1
196.84,3.0992117714464826,1
196.85,4.069801133749742,1
196.86,3.9191133161736342,1
196.87,3.7724517908818314,1
196.88,4.2157172130607945,1
196.89000000000001,4.135934957110856,1
196.9,4.304930938860323,1
196.91,4.108467282249118,1
196.92000000000002,4.277511822340309,1
196.93,4.077228748979314,1
196.94,3.576778473335407,1
196.95000000000002,3.9772028418585066,1
196.96,3.535117492584901,1
196.97,3.4657761203266033,1
196.98000000000002,3.749842715560766,1
196.99,3.907505359532863,1
197.0,4.017305519930457,1
197.01,4.59561143906625,1
197.02,3.712318761498599,1
197.03,4.1104623534855405,1
197.04,4.083207538339903,1
197.05,3.61009680258557,1
197.06,4.024450964680395,1
197.07,4.652061735919824,1
197.08,4.160134336110298,1
197.09,4.156622271814093,1
197.1,3.551759899393942,1
197.11,5.250558205442333,1
197.12,3.654361112521116,1
197.13,2.8971554833884783,1
197.14000000000001,4.491941684316454,1
197.15,3.9550198823443568,1
197.16,3.800678887934289,1
197.17000000000002,3.634069649436152,1
197.18,5.1924668041898645,1
197.19,4.301616444661298,1
197.20000000000002,4.374791491887273,1
197.21,4.12799721301895,1
197.22,4.182895838597534,1
197.23000000000002,4.918441880976469,1
197.24,3.892344747640723,1
197.25,3.048237434121172,1
197.26,4.506113231639306,1
197.27,4.35264117699922,1
197.28,4.091218898706286,1
197.29,4.310911463038386,1
197.3,3.7781051064267914,1
197.31,4.000112253090338,1
197.32,3.9145557984040495,1
197.33,3.6110986460296903,1
197.34,4.7482356411658175,1
197.35,3.1285798630336257,1
197.36,5.479523480825588,1
197.37,4.658029405519863,1
197.38,2.8858797737360797,1
197.39000000000001,3.787707183333553,1
197.4,3.8779049621833397,1
197.41,4.2469416857864335,1
197.42000000000002,3.37287924143795,1
197.43,3.983151724240353,1
197.44,3.920403332139318,1
197.45000000000002,3.516636055853206,1
197.46,3.4021359378913574,1
197.47,4.560275205946648,1
197.48000000000002,2.932824652625334,1
197.49,4.246031165150386,1
197.5,4.532209641027393,1
197.51,3.8901256023546487,1
197.52,4.027388550491956,1
197.53,4.756552546312672,1
197.54,3.5880650906233003,1
197.55,3.58491439468422,1
197.56,3.6536107095589636,1
197.57,4.735313621815983,1
197.58,4.8825964058599105,1
197.59,3.1472617960487197,1
197.6,4.601713830358095,1
197.61,4.567434242362688,1
197.62,5.042063336519262,1
197.63,4.312393038425377,1
197.64000000000001,3.9900263351551604,1
197.65,4.742451314768888,1
197.66,4.49801608865284,1
197.67000000000002,5.486436035228681,1
197.68,4.7112235618197085,1
197.69,4.1422997852746,1
197.70000000000002,3.2467450805593345,1
197.71,3.5778888255640418,1
197.72,3.042984175928365,1
197.73000000000002,3.803040576567204,1
197.74,4.589041894202896,1
197.75,4.032960605185991,1
197.76,4.6649025646231035,1
197.77,4.258921763238199,1
197.78,3.7539973606551236,1
197.79,4.042093578632487,1
197.8,4.308835612760581,1
197.81,4.108862307524064,1
197.82,4.104300027700687,1
197.83,3.507276031627267,1
197.84,3.6895090284670506,1
197.85,5.44672527762748,1
197.86,4.883868133730254,1
197.87,3.0967614537010504,1
197.88,2.410047715437995,1
197.89000000000001,3.9540387113594937,1
197.9,4.576953398247719,1
197.91,3.6972638900066883,1
197.92000000000002,4.644717588269609,1
197.93,4.077388663780141,1
197.94,3.8988444417148465,1
197.95000000000002,4.48452007863498,1
197.96,3.6839747950849207,1
197.97,3.795015127375637,1
197.98000000000002,4.422524825371419,1
197.99,4.004980896795301,1
198.0,5.238768149695923,1
198.01,4.524500099688923,1
198.02,4.4394626188829776,1
198.03,3.994247709849016,1
198.04,4.56722101670201,1
198.05,3.824716000094063,1
198.06,4.172697818436227,1
198.07,3.4158444180154426,1
198.08,4.639370327095515,1
198.09,4.226914958791299,1
198.1,5.299926757294184,1
198.11,5.630188042079311,1
198.12,4.593075036972686,1
198.13,4.079980824707547,1
198.14000000000001,3.390964810083166,1
198.15,4.55048574903314,1
198.16,4.169467856705011,1
198.17000000000002,4.359260648518113,1
198.18,5.143891764762168,1
198.19,3.53372381318615,1
198.20000000000002,3.3723081302035904,1
198.21,3.8089384956248127,1
198.22,4.521355385446138,1
198.23000000000002,4.391295249265863,1
198.24,3.442329082773904,1
198.25,4.4574131654418165,1
198.26,3.248063143803006,1
198.27,3.4113327417938315,1
198.28,3.889767915191655,1
198.29,3.634303863399839,1
198.3,4.55542482511289,1
198.31,4.2191361385318045,1
198.32,5.158695364701891,1
198.33,3.90914070203497,1
198.34,3.915260149373342,1
198.35,4.780246880367723,1
198.36,3.987822764043577,1
198.37,4.968623214687051,1
198.38,4.409022390105489,1
198.39000000000001,2.497985380104295,1
198.4,4.673920892400207,1
198.41,4.632638828865319,1
198.42000000000002,4.655210460994166,1
198.43,2.7994145421986016,1
198.44,3.4977977953483173,1
198.45000000000002,3.587899131588798,1
198.46,3.4295300582797763,1
198.47,5.0959815623120175,1
198.48000000000002,4.058123579937501,1
198.49,3.979765616958292,1
198.5,4.356944906686297,1
198.51,4.390796095021701,1
198.52,1.8596728462431833,1
198.53,3.4522048917883255,1
198.54,3.050474170929198,1
198.55,4.202758630394626,1
198.56,3.8247237573838317,1
198.57,3.9994673226860513,1
198.58,2.6513642633183334,1
198.59,3.718040763716175,1
198.6,4.7066112307691155,1
198.61,4.956888295139525,1
198.62,4.523832691880176,1
198.63,3.1649414239467726,1
198.64000000000001,4.767032828729633,1
198.65,4.5157755890856945,1
198.66,3.9549108979957213,1
198.67000000000002,2.683392478146537,1
198.68,4.539723554580149,1
198.69,3.648168758067763,1
198.70000000000002,4.203492529988827,1
198.71,4.056585468247554,1
198.72,5.001550322995572,1
198.73000000000002,3.978751290104564,1
198.74,3.9889189426941294,1
198.75,5.023586495085034,1
198.76,3.634341545651098,1
198.77,4.506416729389062,1
198.78,3.901517373807771,1
198.79,3.343612798801998,1
198.8,3.961370049717499,1
198.81,4.446480502165821,1
198.82,4.905114957573838,1
198.83,5.011131040312063,1
198.84,3.8694163990854973,1
198.85,3.3516091061745628,1
198.86,3.7542895223951795,1
198.87,3.218646019056914,1
198.88,3.812072302696635,1
198.89000000000001,3.767042012613387,1
198.9,4.458039222490657,1
198.91,2.5962077576058986,1
198.92000000000002,3.439786395679744,1
198.93,3.4956499076187604,1
198.94,4.739981517336871,1
198.95000000000002,3.321704418645183,1
198.96,4.106364120678992,1
198.97,3.9232484232753753,1
198.98000000000002,4.672151087778549,1
198.99,4.4269220253742505,1
199.0,4.104281764139499,1
199.01,3.6463729827273,1
199.02,2.776928946706362,1
199.03,4.086932062131463,1
199.04,4.349413060094509,1
199.05,2.9991450919310747,1
199.06,3.1394922222981454,1
199.07,4.112088523777826,1
199.08,4.226770253928468,1
199.09,3.3708455660622025,1
199.1,3.5897809314400617,1
199.11,2.7838197400682336,1
199.12,4.820637870239989,1
199.13,3.205842131718617,1
199.14000000000001,4.304184116697658,1
199.15,3.9955675353966886,1
199.16,4.8364597199530435,1
199.17000000000002,3.5361501959307224,1
199.18,4.011911543190533,1
199.19,2.8987261527409567,1
199.20000000000002,2.676151246504168,1
199.21,4.307487564937581,1
199.22,2.8602728217558377,1
199.23000000000002,3.7835422271847965,1
199.24,4.643170292324117,1
199.25,4.523060965041745,1
199.26,3.6001813568278345,1
199.27,2.9453440671253985,1
199.28,4.267295657649516,1
199.29,4.886932791935898,1
199.3,3.6235367335302717,1
199.31,3.4561995695060004,1
199.32,3.6268003873209778,1
199.33,4.348484300082396,1
199.34,4.818006840612307,1
199.35,3.2447876306695376,1
199.36,2.9825586520330516,1
199.37,5.457210864220053,1
199.38,3.972380494444261,1
199.39000000000001,4.162426995517871,1
199.4,3.5608008623307486,1
199.41,4.291549780120969,1
199.42000000000002,4.640408271371942,1
199.43,4.2329409300290965,1
199.44,5.143495565480402,1
199.45000000000002,3.856608386320107,1
199.46,3.8208307455142987,1
199.47,4.1393929835196985,1
199.48000000000002,4.310044152977015,1
199.49,4.166501430761211,1
199.5,3.1766244388353964,1
199.51,4.153366351940643,1
199.52,3.7664273288040175,1
199.53,3.609030936558652,1
199.54,3.9976171535137572,1
199.55,3.375993278300982,1
199.56,3.2258848417533295,1
199.57,2.256561124243259,1
199.58,5.029051820151578,1
199.59,4.422317674741908,1
199.6,3.9495791188317777,1
199.61,3.5640609981943188,1
199.62,2.107790668257003,1
199.63,3.4137768178615095,1
199.64000000000001,4.429301409446691,1
199.65,4.637068044068244,1
199.66,4.454961719300109,1
199.67000000000002,4.130066988721258,1
199.68,4.853795305971519,1
199.69,3.838063259124392,1
199.70000000000002,4.694385775237486,1
199.71,3.7921349252511587,1
199.72,3.4158181095915916,1
199.73000000000002,3.3124133944142478,1
199.74,3.268068713652137,1
199.75,4.383706536696395,1
199.76,3.5411075668289285,1
199.77,3.3022074382275064,1
199.78,4.421224515947479,1
199.79,4.23807015343109,1
199.8,4.638841749997736,1
199.81,4.370919905157936,1
199.82,3.533614602187216,1
199.83,4.0213943267281325,1
199.84,4.082473566002026,1
199.85,3.4085716712026053,1
199.86,3.247801643599278,1
199.87,3.513196215065121,1
199.88,5.292185354993387,1
199.89000000000001,3.8097308060494464,1
199.9,4.788503508067631,1
199.91,3.7432297065081004,1
199.92000000000002,4.561298136036837,1
199.93,4.619240596999654,1
199.94,4.655222730207087,1
199.95000000000002,4.290946969009161,1
199.96,4.911132122467567,1
199.97,4.300154934157705,1
199.98000000000002,5.1297969827353604,1
199.99,3.016736961914245,1
200.0,4.166982416381467,1
200.01,4.193847492649839,1
200.02,3.403989665939495,1
200.03,4.3402903991601285,1
200.04,3.0536086534429616,1
200.05,3.5187627932223364,1
200.06,2.6740597307879406,1
200.07,4.931725582653653,1
200.08,3.9056675210641787,1
200.09,5.400277133728453,1
200.1,4.604993781815734,1
200.11,4.327038717978829,1
200.12,3.6392608266097937,1
200.13,3.299453459735832,1
200.14000000000001,4.297286302193161,1
200.15,3.9714368189351057,1
200.16,3.1293288631355995,1
200.17000000000002,2.9635780855384946,1
200.18,3.3157799558883307,1
200.19,5.140443041185053,1
200.20000000000002,5.50446535922822,1
200.21,4.2232708137591475,1
200.22,4.110034646191076,1
200.23000000000002,3.788387686701568,1
200.24,3.38098211844673,1
200.25,4.855114904378171,1
200.26,5.266937489479838,1
200.27,3.4963400863711906,1
200.28,3.916032467495216,1
200.29,3.703075670723749,1
200.3,3.7095212646088456,1
200.31,4.752022878232855,1
200.32,3.1938827472018794,1
200.33,4.254292002323591,1
200.34,4.487759483084537,1
200.35,3.9370337729722307,1
200.36,4.5756702824652,1
200.37,4.130341004885947,1
200.38,4.797529583086918,1
200.39000000000001,3.0602009127640555,1
200.4,3.717316570089666,1
200.41,3.9364445484850044,1
200.42000000000002,2.262381174553257,1
200.43,3.191145303916621,1
200.44,3.4235819722949756,1
200.45000000000002,4.580638413696736,1
200.46,3.5762178820813184,1
200.47,3.4437797465824,1
200.48000000000002,4.497035221492617,1
200.49,2.9800748557150105,1
200.5,2.5949213880181823,1
200.51,3.6810837326706967,1
200.52,3.0415509688133624,1
200.53,3.027852328445012,1
200.54,4.313731581852493,1
200.55,4.587181076099451,1
200.56,4.547068801564696,1
200.57,4.752230518952885,1
200.58,4.850417702720185,1
200.59,2.6699341224191535,1
200.6,4.212436364166755,1
200.61,3.669121052406806,1
200.62,3.495196778076028,1
200.63,4.3333250413193225,1
200.64000000000001,2.8973337115465387,1
200.65,2.797670073188555,1
200.66,4.3389405395781715,1
200.67000000000002,4.336826119550975,1
200.68,4.108925672042936,1
200.69,3.4356222541564287,1
200.70000000000002,4.448755532389665,1
200.71,4.468325539747679,1
200.72,4.0834475708953955,1
200.73000000000002,3.241126885002242,1
200.74,3.6785541775348003,1
200.75,4.524323991809798,1
200.76,4.892579520545481,1
200.77,3.841688371327422,1
200.78,3.8285062539565433,1
200.79,3.88480180184328,1
200.8,4.171446649097756,1
200.81,3.6332735156156266,1
200.82,2.1001653731076444,1
200.83,4.659912975473512,1
200.84,5.2040409148991,1
200.85,3.6748997000063843,1
200.86,3.288418401857107,1
200.87,3.868350316796275,1
200.88,3.870443071925823,1
200.89000000000001,4.638147852563969,1
200.9,4.07374052243726,1
200.91,3.490147796454067,1
200.92000000000002,3.1139866547713666,1
200.93,4.50848771426561,1
200.94,4.419489509036323,1
200.95000000000002,4.713291317460223,1
200.96,3.414609890917135,1
200.97,5.157707667609506,1
200.98000000000002,2.9381029924653927,1
200.99,4.396695861705958,1
201.0,2.7848091792802334,1
201.01,3.414298674089715,1
201.02,4.97769478168535,1
201.03,4.598074879126894,1
201.04,3.6814808767748044,1
201.05,3.6442523614335203,1
201.06,4.043941679713139,1
201.07,4.3362260574509035,1
201.08,4.832234494022384,1
201.09,3.7539162417123166,1
201.1,2.9394621720318783,1
201.11,4.038213519023806,1
201.12,3.7054984433844984,1
201.13,3.138441111989208,1
201.14000000000001,4.141442675030911,1
201.15,3.87021218824746,1
201.16,4.191086722879017,1
201.17000000000002,3.4311239165141894,1
201.18,4.281659314951164,1
201.19,3.162328125302997,1
201.20000000000002,3.41268360311492,1
201.21,3.80715123188068,1
201.22,5.1185712786474715,1
201.23000000000002,4.576331692682141,1
201.24,4.733493577774975,1
201.25,4.963450211336428,1
201.26,6.3954287867319035,1
201.27,4.170709918035559,1
201.28,4.931839827656005,1
201.29,4.712937453544371,1
201.3,4.68903096561932,1
201.31,5.192519877665373,1
201.32,3.7994887610994446,1
201.33,3.6644080476479957,1
201.34,4.1873376036507794,1
201.35,3.8926993559328986,1
201.36,4.200214533820333,1
201.37,5.025969517691979,1
201.38,3.7513227373648266,1
201.39000000000001,3.787394834347938,1
201.4,4.100341714598404,1
201.41,3.8578808993710267,1
201.42000000000002,2.749610471656397,1
201.43,3.5485730218634925,1
201.44,4.418902036962959,1
201.45000000000002,4.957856064157806,1
201.46,3.3083214166807173,1
201.47,3.2063233088345218,1
201.48000000000002,3.9719959648535315,1
201.49,2.6516136014910856,1
201.5,3.6303872686842498,1
201.51,2.8514288979725295,1
201.52,4.819372332832818,1
201.53,3.5499980186599815,1
201.54,5.0454065426677035,1
201.55,4.785209277671122,1
201.56,3.62776318619516,1
201.57,3.282147350806742,1
201.58,3.831350756787346,1
201.59,3.9219832865814808,1
201.6,4.219909153689227,1
201.61,3.509350785850751,1
201.62,4.454843645566746,1
201.63,4.199443140765111,1
201.64000000000001,3.7911083579966927,1
201.65,3.525473914156382,1
201.66,3.851569706300571,1
201.67000000000002,3.461065004903618,1
201.68,4.005580617048575,1
201.69,4.055769929024907,1
201.70000000000002,4.17314945640452,1
201.71,5.1563781668431155,1
201.72,3.983448722243805,1
201.73000000000002,4.650819097711042,1
201.74,4.188012094450737,1
201.75,3.856700926590107,1
201.76,3.9140880721740223,1
201.77,3.956677007325895,1
201.78,4.178922007117988,1
201.79,3.3883002403172187,1
201.8,3.01254275921553,1
201.81,4.365279653142738,1
201.82,4.604645518051723,1
201.83,4.5200688419095485,1
201.84,4.131754461834637,1
201.85,4.505702813395585,1
201.86,4.49323557115839,1
201.87,4.540630860370292,1
201.88,3.474742887240148,1
201.89000000000001,3.2567504958606643,1
201.9,3.703290055282936,1
201.91,3.9709180898609064,1
201.92000000000002,3.8412896556769294,1
201.93,2.772826371378683,1
201.94,5.043453583601387,1
201.95000000000002,3.884798245138376,1
201.96,4.1051435191300945,1
201.97,4.813808019950275,1
201.98000000000002,2.527342597274059,1
201.99,3.579638760709667,1
202.0,3.723605433395682,1
202.01,3.765208633987357,1
202.02,3.873349396397256,1
202.03,4.931343908476775,1
202.04,4.492840246415151,1
202.05,4.651171427498259,1
202.06,4.069643281901818,1
202.07,3.0962248595816955,1
202.08,2.5964058581328455,1
202.09,2.923460351795302,1
202.1,4.168834023425032,1
202.11,4.030743150581249,1
202.12,3.8654843312926745,1
202.13,3.7527856942890168,1
202.14000000000001,5.290430329287422,1
202.15,3.54350215090471,1
202.16,4.574606248009622,1
202.17000000000002,4.035717543141123,1
202.18,3.96260373344143,1
202.19,4.76119272344092,1
202.20000000000002,4.99460360878532,1
202.21,3.9042495951171743,1
202.22,4.512800832954221,1
202.23000000000002,4.266871298612193,1
202.24,4.020837708845333,1
202.25,4.133776781506405,1
202.26,3.5616265733348835,1
202.27,3.775091447929236,1
202.28,3.6097725108257737,1
202.29,4.561425654708117,1
202.3,3.9719162999136057,1
202.31,3.156320556361944,1
202.32,3.4799922230305023,1
202.33,1.8930240285320479,1
202.34,3.5527403284728134,1
202.35,3.997589627583585,1
202.36,3.911526498444319,1
202.37,5.27947304894659,1
202.38,4.449784062995503,1
202.39000000000001,4.371159560046077,1
202.4,2.9560690593865027,1
202.41,3.7007738242511556,1
202.42000000000002,3.6662855135596732,1
202.43,3.469944895827782,1
202.44,3.4492109653384966,1
202.45000000000002,2.7937901491026835,1
202.46,3.099816920049906,1
202.47,4.51312611563813,1
202.48000000000002,3.9380603780930135,1
202.49,3.6677150758403916,1
202.5,3.9765518739961223,1
202.51,4.756029975021387,1
202.52,4.048093706319443,1
202.53,4.353495999710657,1
202.54,3.4719080331790395,1
202.55,3.5669294636402826,1
202.56,4.20368621674418,1
202.57,5.240229682025237,1
202.58,5.0020930947515145,1
202.59,4.438281307165176,1
202.6,4.124551485287565,1
202.61,4.916527441141223,1
202.62,4.570601944503936,1
202.63,2.5460418062788026,1
202.64000000000001,3.2289416681541336,1
202.65,4.173131730687115,1
202.66,2.850951623356295,1
202.67000000000002,3.3486753703113328,1
202.68,3.5068603305596335,1
202.69,3.8042037651134253,1
202.70000000000002,3.8017591871134284,1
202.71,3.800515849461198,1
202.72,4.523514356762073,1
202.73000000000002,3.859325940570024,1
202.74,3.7420003935886244,1
202.75,3.1091381105250946,1
202.76,4.611173752283492,1
202.77,3.6009834015249713,1
202.78,3.2707622630823714,1
202.79,4.094505068687998,1
202.8,3.5080566138953655,1
202.81,3.6292300355003646,1
202.82,4.145450244383909,1
202.83,3.796895638282559,1
202.84,5.487652810757284,1
202.85,4.040708243820248,1
202.86,4.4033138144272845,1
202.87,2.7643715283232098,1
202.88,3.3674482233376484,1
202.89000000000001,3.2568258273123525,1
202.9,3.336180360543157,1
202.91,4.229783899822957,1
202.92000000000002,4.685691624498141,1
202.93,4.264747744241291,1
202.94,3.868831272633289,1
202.95000000000002,3.582812867078994,1
202.96,4.697504523851066,1
202.97,5.385740762783657,1
202.98000000000002,4.170772496231603,1
202.99,4.619732295701663,1
203.0,4.259972559578627,1
203.01,4.505791805054906,1
203.02,3.274755850742126,1
203.03,3.6397684033347164,1
203.04,4.234978123804275,1
203.05,4.800797907620663,1
203.06,3.517218710481592,1
203.07,2.6517698053393026,1
203.08,3.595817806131464,1
203.09,4.6311511141719,1
203.1,3.01019176133573,1
203.11,3.1769918136008197,1
203.12,4.051784000525126,1
203.13,3.927861534440324,1
203.14000000000001,4.381378752190102,1
203.15,3.225649237334962,1
203.16,3.7426834358054544,1
203.17000000000002,4.760031889988836,1
203.18,3.271616334467783,1
203.19,4.914560427288757,1
203.20000000000002,3.3623025887009996,1
203.21,4.512841508159625,1
203.22,3.788784213741806,1
203.23000000000002,3.2444774357839608,1
203.24,3.6322661615616605,1
203.25,4.3315018000142524,1
203.26,4.015443037719198,1
203.27,4.726621910616918,1
203.28,4.97514702381167,1
203.29,3.290924282829184,1
203.3,3.142351672915485,1
203.31,3.1019531326630463,1
203.32,3.3626927335226164,1
203.33,4.678207906719292,1
203.34,4.404271527728615,1
203.35,3.670626626473865,1
203.36,3.9730339154267376,1
203.37,4.909536094440998,1
203.38,5.292544833347215,1
203.39000000000001,4.245848753444077,1
203.4,2.2893323198360287,1
203.41,4.0902484112752155,1
203.42000000000002,4.611906547501327,1
203.43,4.182462341382419,1
203.44,4.482331648805283,1
203.45000000000002,4.260614249171301,1
203.46,3.2145631711525695,1
203.47,3.377856642442574,1
203.48000000000002,3.754298563754233,1
203.49,4.67652986048394,1
203.5,3.5436640395114227,1
203.51,4.26842266691731,1
203.52,4.21314990536371,1
203.53,5.041959692544134,1
203.54,4.035474535076925,1
203.55,2.8635904186685166,1
203.56,4.3515237064756445,1
203.57,5.408323529919281,1
203.58,4.546714345951901,1
203.59,3.521745221046725,1
203.6,3.2693069098194725,1
203.61,3.3378446516310714,1
203.62,5.260077413153095,1
203.63,3.863225126853273,1
203.64000000000001,3.5618512934160584,1
203.65,3.8709127969306554,1
203.66,3.7866363017741445,1
203.67000000000002,5.004335107333519,1
203.68,3.4020377461158793,1
203.69,4.730157767305039,1
203.70000000000002,4.123026352183747,1
203.71,4.790535320546432,1
203.72,5.074281163874435,1
203.73000000000002,4.119476029191303,1
203.74,3.802746172295751,1
203.75,4.031103512004751,1
203.76,3.940376255576747,1
203.77,2.921334777791022,1
203.78,4.942574289879388,1
203.79,4.216026890941666,1
203.8,3.258309196172777,1
203.81,2.6140295769557125,1
203.82,2.40662801969882,1
203.83,4.404307690138319,1
203.84,3.6226478986579593,1
203.85,3.6822061533073907,1
203.86,4.297660985705393,1
203.87,3.683032678397839,1
203.88,4.335582821043443,1
203.89000000000001,4.081945051658121,1
203.9,3.9503309944130387,1
203.91,2.976573873033866,1
203.92000000000002,3.4067290011181486,1
203.93,4.355346125706453,1
203.94,3.578805272868736,1
203.95000000000002,4.756806973707822,1
203.96,5.567821514251111,1
203.97,4.519951073179301,1
203.98000000000002,4.999789605677336,1
203.99,4.527616070069349,1
204.0,3.6850122996265995,1
204.01,4.110964931514671,1
204.02,5.312958801495671,1
204.03,3.7390807055574444,1
204.04,3.309999207388416,1
204.05,3.2227017813547536,1
204.06,3.81222274624024,1
204.07,3.337651628062517,1
204.08,5.046411356865303,1
204.09,4.203163063516345,1
204.1,4.642673940299119,1
204.11,3.8447776861101453,1
204.12,3.25089371614016,1
204.13,3.1054809306321842,1
204.14000000000001,3.357197531600695,1
204.15,4.186916451580862,1
204.16,4.348530081289513,1
204.17000000000002,4.412282876648696,1
204.18,3.058843045581071,1
204.19,3.9432650910801397,1
204.20000000000002,3.33085729011919,1
204.21,4.220334177648702,1
204.22,4.324059111199103,1
204.23000000000002,3.2589037450947487,1
204.24,4.583619853568773,1
204.25,5.552513213142335,1
204.26,4.634816383737649,1
204.27,3.932437544915891,1
204.28,3.790562238005336,1
204.29,3.851786971593273,1
204.3,3.4975210789891564,1
204.31,4.133614526906612,1
204.32,3.2693493895595678,1
204.33,2.73007034193684,1
204.34,4.066288148069552,1
204.35,4.017753916552746,1
204.36,3.6304735957552854,1
204.37,3.1455777192132834,1
204.38,4.136728974484551,1
204.39000000000001,3.3657495127287347,1
204.4,3.8717938541641197,1
204.41,5.137472457494472,1
204.42000000000002,4.490759118703389,1
204.43,3.1411126460866883,1
204.44,3.1213061587857975,1
204.45000000000002,4.045782991318169,1
204.46,3.1103991121640764,1
204.47,2.647846514360163,1
204.48000000000002,4.264289161352201,1
204.49,4.224089756602117,1
204.5,4.3058066253439335,1
204.51,4.189013237063819,1
204.52,3.968965314065678,1
204.53,3.568490821997377,1
204.54,4.3089927548960745,1
204.55,5.011172255202083,1
204.56,3.735458447158906,1
204.57,3.3218417130186,1
204.58,3.222812167321629,1
204.59,3.3910090670588233,1
204.6,4.0949123309382225,1
204.61,2.617442444888259,1
204.62,4.201993029896983,1
204.63,4.429908981000648,1
204.64000000000001,2.8591492533705782,1
204.65,3.2962283456693644,1
204.66,4.009473026837822,1
204.67000000000002,3.9074810678430385,1
204.68,4.3316046944418956,1
204.69,3.928322626647237,1
204.70000000000002,4.816318435451271,1
204.71,3.8405951037470585,1
204.72,3.3526154504526247,1
204.73000000000002,3.2711650627650215,1
204.74,4.433463160797648,1
204.75,4.045226843936432,1
204.76,4.413886829997017,1
204.77,4.422644834191967,1
204.78,2.714821640821709,1
204.79,3.1831707071000275,1
204.8,3.2887791740529315,1
204.81,3.427840683889913,1
204.82,3.692931737923445,1
204.83,4.629853081748292,1
204.84,4.815401225323499,1
204.85,3.858888025129241,1
204.86,3.8284949853305195,1
204.87,3.5320038801015485,1
204.88,4.029787792321304,1
204.89000000000001,4.133188678244324,1
204.9,4.531256004295979,1
204.91,4.549925516564266,1
204.92000000000002,2.539314704422308,1
204.93,3.813383304809563,1
204.94,4.886847161244327,1
204.95000000000002,3.768949183558705,1
204.96,4.7253100182363506,1
204.97,3.844683802968826,1
204.98000000000002,4.10417643703179,1
204.99,3.2686029975781894,1
205.0,3.242891897845756,1
205.01,4.4252934453813335,1
205.02,4.597666831235659,1
205.03,4.05300784920436,1
205.04,3.206727211516119,1
205.05,3.9808252969450137,1
205.06,4.814579951094241,1
205.07,5.179697010280064,1
205.08,3.865292546980876,1
205.09,2.914947246530147,1
205.1,4.480149062591647,1
205.11,3.849756098995982,1
205.12,4.602857430590541,1
205.13,4.218539241090615,1
205.14000000000001,3.4399082472688765,1
205.15,4.004185121920802,1
205.16,4.849138909845388,1
205.17000000000002,3.954172909271601,1
205.18,3.3258388319736625,1
205.19,2.9287920098680686,1
205.20000000000002,3.4347247213699696,1
205.21,3.6999752052099413,1
205.22,4.514037686652969,1
205.23000000000002,3.3036028131484927,1
205.24,4.966335365754509,1
205.25,3.1903970635466132,1
205.26,5.4641594857625275,1
205.27,5.207415954075789,1
205.28,4.1640377059187275,1
205.29,2.9407710043419435,1
205.3,3.900485524591287,1
205.31,3.7430355207834936,1
205.32,3.1577876965600566,1
205.33,4.1382827312546,1
205.34,3.473893460791909,1
205.35,3.504582001060281,1
205.36,3.838122326454561,1
205.37,3.617269850729289,1
205.38,5.325404356676517,1
205.39000000000001,3.7319371011966855,1
205.4,4.269972587609643,1
205.41,4.110617560365799,1
205.42000000000002,4.235511610160564,1
205.43,4.292535672879297,1
205.44,4.589404983979462,1
205.45000000000002,4.208242225208532,1
205.46,4.158413434866102,1
205.47,4.047446420738709,1
205.48000000000002,3.9130372761275245,1
205.49,3.4031813788650433,1
205.5,3.924697717620385,1
205.51,4.152023119637883,1
205.52,4.270057392176139,1
205.53,4.133177422607475,1
205.54,3.8568426897248047,1
205.55,3.9543754680064653,1
205.56,3.6380406635507945,1
205.57,4.18151123147795,1
205.58,3.8674162790392534,1
205.59,4.109198139799345,1
205.6,4.655901871279056,1
205.61,3.579101519235936,1
205.62,4.361899325696542,1
205.63,4.043261685523412,1
205.64000000000001,5.314004612190914,1
205.65,3.9384983627896224,1
205.66,4.447352804924391,1
205.67000000000002,4.036802932201942,1
205.68,3.1014360263250476,1
205.69,3.608248005008574,1
205.70000000000002,4.547770018826935,1
205.71,3.7521215107023966,1
205.72,2.544560728032423,1
205.73000000000002,3.892298457337852,1
205.74,3.284798499545923,1
205.75,4.042615070359001,1
205.76,5.0089860287404635,1
205.77,4.559785336992409,1
205.78,5.03061390056317,1
205.79,3.6975115814988095,1
205.8,3.8889602336633047,1
205.81,3.3156771782204117,1
205.82,3.515113443845068,1
205.83,3.369517098668971,1
205.84,3.11433134026798,1
205.85,4.833067193788102,1
205.86,2.6926596402135283,1
205.87,4.810545358658066,1
205.88,4.857111819308322,1
205.89000000000001,4.3757066635584065,1
205.9,3.299417824749385,1
205.91,2.9314040609632785,1
205.92000000000002,3.5800640616544235,1
205.93,4.3804000899469315,1
205.94,4.024811782045619,1
205.95000000000002,3.3244360303076843,1
205.96,4.704454661006277,1
205.97,5.135143937628977,1
205.98000000000002,3.9210845397095317,1
205.99,4.066206020204174,1
206.0,3.024987661496911,1
206.01,3.672633163813202,1
206.02,4.311546222292209,1
206.03,4.248933968014937,1
206.04,3.6855464430168117,1
206.05,3.803195660275624,1
206.06,3.698028469186797,1
206.07,3.8012057417016445,1
206.08,4.262679334949679,1
206.09,2.739165748551166,1
206.1,3.8761098276515247,1
206.11,4.219640847250028,1
206.12,3.6430314740546117,1
206.13,3.6675767351758153,1
206.14000000000001,3.6878256541972103,1
206.15,3.6704480502713785,1
206.16,3.984044448392145,1
206.17000000000002,4.082743390300644,1
206.18,2.6420901154479326,1
206.19,4.342133089625949,1
206.20000000000002,3.8323683151664483,1
206.21,5.2441045569670095,1
206.22,3.301470208994028,1
206.23000000000002,3.395349454754362,1
206.24,3.8320677487597,1
206.25,4.25803669753398,1
206.26,2.7497678946974076,1
206.27,3.3870419614847265,1
206.28,4.346888153690765,1
206.29,3.4056430292332633,1
206.3,4.853251350297803,1
206.31,3.7567022643782852,1
206.32,3.4018627703845326,1
206.33,4.360055904258177,1
206.34,5.064672047473737,1
206.35,4.334050268152949,1
206.36,4.83784609356064,1
206.37,5.138120304997043,1
206.38,3.470158623470834,1
206.39000000000001,4.577064976777418,1
206.4,3.04615213516377,1
206.41,4.218458189579243,1
206.42000000000002,3.966834379705244,1
206.43,4.804472131834331,1
206.44,4.808859040472274,1
206.45000000000002,4.4182234726913014,1
206.46,4.218722067571421,1
206.47,4.342967636293836,1
206.48000000000002,4.060656787490802,1
206.49,3.963933839101774,1
206.5,4.933822504073413,1
206.51,5.0700775032542325,1
206.52,3.972292062386373,1
206.53,4.15252290042608,1
206.54,4.062131647376813,1
206.55,2.958011298940662,1
206.56,3.7191915370202233,1
206.57,5.021085881459811,1
206.58,3.574788862829026,1
206.59,5.346464335783483,1
206.6,4.841297337122224,1
206.61,4.310981461705962,1
206.62,4.382550245309039,1
206.63,3.427842761496534,1
206.64000000000001,3.7935824741735633,1
206.65,4.922836412669028,1
206.66,3.656645761890978,1
206.67000000000002,4.667891744187003,1
206.68,3.146609971178022,1
206.69,3.17139673944144,1
206.70000000000002,5.1839572111687895,1
206.71,4.0633571495620195,1
206.72,3.6544071153585396,1
206.73000000000002,4.863450120148393,1
206.74,4.8601320924991205,1
206.75,4.6490201388221095,1
206.76,3.6691749424623,1
206.77,3.793990068421354,1
206.78,4.189833205065453,1
206.79,4.461936384947679,1
206.8,3.6977973221655707,1
206.81,4.092647018703438,1
206.82,4.179050036747591,1
206.83,4.845636465820813,1
206.84,4.540257455851465,1
206.85,3.0547589256571723,1
206.86,3.8046760078434008,1
206.87,3.3856590262975397,1
206.88,4.331731103418089,1
206.89000000000001,4.618872480779103,1
206.9,4.103024811858864,1
206.91,3.832212910276381,1
206.92000000000002,4.034812138464928,1
206.93,4.1376416001295935,1
206.94,3.59294331422521,1
206.95000000000002,3.1848415609592697,1
206.96,2.6209009413673767,1
206.97,4.739438502268164,1
206.98000000000002,4.366423096377175,1
206.99,4.257193022860322,1
207.0,4.836329241184235,1
207.01,3.2355957701351192,1
207.02,2.828008195943543,1
207.03,4.178981280825569,1
207.04,4.2010218340066166,1
207.05,2.888739339075416,1
207.06,4.166592031834476,1
207.07,3.75031928589972,1
207.08,3.46135706275138,1
207.09,3.7513464708487665,1
207.1,2.4009463811495917,1
207.11,3.520356069346061,1
207.12,3.51425466160244,1
207.13,4.3323194726545315,1
207.14000000000001,3.917274875803834,1
207.15,4.409553109914731,1
207.16,2.3703582630576103,1
207.17000000000002,3.357790281197126,1
207.18,4.322214397321819,1
207.19,3.818932551405727,1
207.20000000000002,4.537695218818061,1
207.21,2.8613831111050976,1
207.22,4.40604886153344,1
207.23000000000002,3.6096709072442916,1
207.24,3.4989142767887125,1
207.25,4.612954866610053,1
207.26,4.7906523764571585,1
207.27,4.718782254895367,1
207.28,5.365856824960084,1
207.29,4.903890258413178,1
207.3,3.538131135987557,1
207.31,4.064186785423492,1
207.32,3.7701443781357855,1
207.33,5.302740896032665,1
207.34,4.7950360609421665,1
207.35,3.925151263802334,1
207.36,4.565122363797459,1
207.37,3.2344213107756783,1
207.38,4.116442337882027,1
207.39000000000001,3.398435278811396,1
207.4,2.8682986204909673,1
207.41,4.441127736618918,1
207.42000000000002,4.615987866015223,1
207.43,4.333612064400875,1
207.44,3.901302411945161,1
207.45000000000002,3.172427994574048,1
207.46,3.196830214651408,1
207.47,3.3229129061182965,1
207.48000000000002,3.807760778999095,1
207.49,4.686721559204226,1
207.5,4.729224239206358,1
207.51,2.9741150777689835,1
207.52,3.4886570500957044,1
207.53,3.502058108374572,1
207.54,2.3275590758032316,1
207.55,4.2669692013569,1
207.56,3.8563025329427463,1
207.57,3.917967999288314,1
207.58,4.868318179004222,1
207.59,4.109396534672394,1
207.6,3.72709339887387,1
207.61,4.354806123284573,1
207.62,4.70831507060713,1
207.63,4.234855642372608,1
207.64000000000001,4.461257498839792,1
207.65,3.9332269453069784,1
207.66,3.942881941499589,1
207.67000000000002,4.069904024727654,1
207.68,3.515547569681481,1
207.69,3.6023580361774736,1
207.70000000000002,4.870149676646942,1
207.71,5.3550290160849325,1
207.72,5.1143658339214255,1
207.73000000000002,3.208294275146905,1
207.74,3.0312529901512986,1
207.75,3.1693084347590923,1
207.76,4.0373529682349405,1
207.77,2.179859363757334,1
207.78,3.508760062482291,1
207.79,4.883492351186759,1
207.8,4.69044429123864,1
207.81,3.7111113123864907,1
207.82,3.7014931249949585,1
207.83,4.350132425744129,1
207.84,4.627837385395035,1
207.85,3.691755352102444,1
207.86,3.8294418624865645,1
207.87,3.622523016677026,1
207.88,3.1135333273932346,1
207.89000000000001,3.8042358954222086,1
207.9,3.7962477999855464,1
207.91,3.1698324760752823,1
207.92000000000002,4.3693859617814335,1
207.93,4.335755603764895,1
207.94,4.471548415810718,1
207.95000000000002,3.5299466264498656,1
207.96,2.6847954828292044,1
207.97,4.224305692830281,1
207.98000000000002,3.582562789508907,1
207.99,3.397062502042251,1
208.0,3.1482113297665104,1
208.01,3.770255454324848,1
208.02,5.009630933482695,1
208.03,3.7326275762663994,1
208.04,3.2768618950620296,1
208.05,4.379604974569702,1
208.06,4.134901907658566,1
208.07,2.633030043712699,1
208.08,4.347731266559369,1
208.09,5.401875372910498,1
208.1,2.3968095398853624,1
208.11,3.102046736372731,1
208.12,2.097915978162843,1
208.13,3.8370152708191037,1
208.14000000000001,4.632812173391571,1
208.15,4.106420670601108,1
208.16,4.9095523406267,1
208.17000000000002,4.593458209165272,1
208.18,5.140009944863174,1
208.19,4.8211789254567545,1
208.20000000000002,3.7878296093860127,1
208.21,4.030563832772295,1
208.22,3.438211103261814,1
208.23000000000002,3.8166362674681706,1
208.24,4.029116354577396,1
208.25,3.9466566521139077,1
208.26,4.867692338655597,1
208.27,3.837838944617211,1
208.28,3.3855056922262676,1
208.29,3.3989015311097397,1
208.3,4.388982110038367,1
208.31,3.112942113452168,1
208.32,3.816241116259336,1
208.33,4.8502950508548235,1
208.34,4.240864043939307,1
208.35,3.9660457067156374,1
208.36,3.9746630330920887,1
208.37,3.330468473698123,1
208.38,3.403694298441772,1
208.39000000000001,3.8375821389664244,1
208.4,4.166264722297966,1
208.41,4.625163055292302,1
208.42000000000002,4.097565790914715,1
208.43,4.8835729888684725,1
208.44,5.0945133142176395,1
208.45000000000002,4.581663185400762,1
208.46,4.829703185880455,1
208.47,3.406978582173962,1
208.48000000000002,3.218785182426365,1
208.49,4.2892032302739835,1
208.5,3.147136446424538,1
208.51,3.760426529545778,1
208.52,4.485997222177751,1
208.53,4.946197097087528,1
208.54,3.8918293536208535,1
208.55,3.5718070897187886,1
208.56,4.182233201213626,1
208.57,3.3143879320918423,1
208.58,3.846435073344876,1
208.59,3.9855954415168413,1
208.6,3.9809789020467234,1
208.61,4.056282349677773,1
208.62,3.4619195475692437,1
208.63,3.496021076358219,1
208.64000000000001,3.4850106090683997,1
208.65,2.917936535481168,1
208.66,4.156865599255584,1
208.67000000000002,4.5898915865628025,1
208.68,4.55206252622438,1
208.69,3.8628081905085643,1
208.70000000000002,3.465564817438324,1
208.71,4.450866773273209,1
208.72,4.441603757003984,1
208.73000000000002,4.167565031495215,1
208.74,5.1418135317261315,1
208.75,4.051363168751251,1
208.76,3.8364041328482497,1
208.77,3.730771190816935,1
208.78,2.97110363572246,1
208.79,4.367362729430478,1
208.8,3.9535998042693286,1
208.81,4.328074137659388,1
208.82,5.214748209359916,1
208.83,3.819353833898297,1
208.84,2.472193500682672,1
208.85,4.220463990409658,1
208.86,4.121491041348728,1
208.87,3.5320521867998083,1
208.88,4.2296810286731565,1
208.89000000000001,4.523822907840959,1
208.9,3.417241465006386,1
208.91,3.7695216541409096,1
208.92000000000002,4.944331863959304,1
208.93,3.5884505467412247,1
208.94,4.018564299879696,1
208.95000000000002,2.2983199296190153,1
208.96,2.9364349425089022,1
208.97,4.038388008179818,1
208.98000000000002,4.7990573155802725,1
208.99,3.1642191571667766,1
209.0,3.9982324711591137,1
209.01,3.7561172936829244,1
209.02,4.6037581549294755,1
209.03,3.2460794553636267,1
209.04,4.233811594223321,1
209.05,3.5898952567877114,1
209.06,4.1201072417726845,1
209.07,4.0519308964603225,1
209.08,3.8397543027133283,1
209.09,4.300403414334203,1
209.1,4.0463473624085875,1
209.11,3.9166122688654186,1
209.12,3.763743372345635,1
209.13,4.036172683700689,1
209.14000000000001,4.146238642131991,1
209.15,3.3669903061548694,1
209.16,3.7352723637284564,1
209.17000000000002,3.299481158483974,1
209.18,3.9321160058791045,1
209.19,3.6116046807283575,1
209.20000000000002,4.476802697649488,1
209.21,4.465092897177372,1
209.22,3.4291995967403324,1
209.23000000000002,3.9642549033235452,1
209.24,4.412143332742197,1
209.25,3.910983487525195,1
209.26,3.5221704008283603,1
209.27,3.2625471953245238,1
209.28,4.510026352531787,1
209.29,4.616308000881837,1
209.3,3.9020560588393156,1
209.31,4.491215604300514,1
209.32,2.105558516152151,1
209.33,4.747689394551833,1
209.34,3.9430310312261425,1
209.35,4.0885705982570535,1
209.36,3.7973530593632754,1
209.37,4.89341659669052,1
209.38,3.365371615195808,1
209.39000000000001,4.918594835216342,1
209.4,4.312227733723732,1
209.41,4.422736230389323,1
209.42000000000002,3.8117667242764455,1
209.43,3.1398955213254918,1
209.44,4.552136049686814,1
209.45000000000002,4.235178914978814,1
209.46,4.897571446977095,1
209.47,3.928126601387652,1
209.48000000000002,3.7236781427593217,1
209.49,4.8840525148510565,1
209.5,5.293535424785407,1
209.51,4.083676844068167,1
209.52,3.516609758041933,1
209.53,4.49689240527462,1
209.54,3.8649976483341715,1
209.55,4.38071892574269,1
209.56,3.854617378598536,1
209.57,5.006054608274403,1
209.58,3.606514238825671,1
209.59,4.288172408353079,1
209.6,3.7002063606870257,1
209.61,3.799362776355764,1
209.62,3.720608130780417,1
209.63,4.462466780212806,1
209.64000000000001,4.62360857789436,1
209.65,4.399293610691342,1
209.66,3.9538948178248705,1
209.67000000000002,4.088186550708387,1
209.68,4.587758931299841,1
209.69,4.63822979267541,1
209.70000000000002,2.2927650876403005,1
209.71,3.7209402807142204,1
209.72,3.8377508217636978,1
209.73000000000002,4.424495484493487,1
209.74,3.98214688985086,1
209.75,4.465555807786062,1
209.76,3.3280670182783076,1
209.77,4.128414918031693,1
209.78,4.591784379583534,1
209.79,3.078884781001328,1
209.8,5.575657726696384,1
209.81,4.867220727158383,1
209.82,4.052911305440687,1
209.83,3.465679519994154,1
209.84,3.854340457844829,1
209.85,4.045633824054233,1
209.86,4.288652651324827,1
209.87,4.990991354987998,1
209.88,3.750553013606799,1
209.89000000000001,4.350135611126188,1
209.9,3.1824426864808446,1
209.91,3.6825904460204466,1
209.92000000000002,4.225380221765822,1
209.93,4.462033926134615,1
209.94,3.5390030023184673,1
209.95000000000002,3.686341769006715,1
209.96,4.928831927265354,1
209.97,4.80960985961216,1
209.98000000000002,4.183829667815366,1
209.99,2.5598296647409713,1
210.0,5.542885261809257,1
210.01,4.079640941584283,1
210.02,3.8019759019659674,1
210.03,3.649196314463349,1
210.04,4.223149606584233,1
210.05,4.26421494992098,1
210.06,4.632647777098899,1
210.07,3.4371029294340407,1
210.08,3.7634704536323933,1
210.09,5.303285066795478,1
210.1,4.223918007658735,1
210.11,3.9014962733098364,1
210.12,3.3831409148671923,1
210.13,4.291253276827774,1
210.14000000000001,4.686429658752533,1
210.15,4.608643559153705,1
210.16,3.868601122222796,1
210.17000000000002,4.2265070052632145,1
210.18,5.098211449163514,1
210.19,4.760712114906043,1
210.20000000000002,3.536855242090093,1
210.21,2.3202895342269736,1
210.22,4.091771964759861,1
210.23000000000002,4.52364043315452,1
210.24,3.324698047949705,1
210.25,3.9537789865101245,1
210.26,3.8261311524562367,1
210.27,4.057231853589684,1
210.28,3.650019193843434,1
210.29,4.8163220408619445,1
210.3,4.144985815180348,1
210.31,3.438367549935174,1
210.32,4.561578054281796,1
210.33,3.213453178940694,1
210.34,4.78622432269986,1
210.35,4.690201500112053,1
210.36,4.943138528796201,1
210.37,3.9539134848305255,1
210.38,3.6753416989374594,1
210.39000000000001,4.035036252447938,1
210.4,3.9473171441281556,1
210.41,3.573324833056811,1
210.42000000000002,3.6151926590963224,1
210.43,3.739198251540477,1
210.44,3.2252196374561617,1
210.45000000000002,4.393395384254852,1
210.46,3.989671826453328,1
210.47,3.7992954327026798,1
210.48000000000002,3.267527807030616,1
210.49,3.2031680933989333,1
210.5,5.208267156939055,1
210.51,3.665513231481565,1
210.52,4.376059287857526,1
210.53,4.128085508813735,1
210.54,2.20706252885346,1
210.55,5.055417728452429,1
210.56,4.507178550016486,1
210.57,3.5323440965983965,1
210.58,3.953535636650666,1
210.59,3.251588706199681,1
210.6,5.140000028932528,1
210.61,3.4794854083854636,1
210.62,3.62937708672887,1
210.63,3.504402280482975,1
210.64000000000001,4.022416618274491,1
210.65,4.89044600633543,1
210.66,5.214424696576012,1
210.67000000000002,3.813985234439711,1
210.68,4.234264490538442,1
210.69,4.067198471890214,1
210.70000000000002,3.3671354047634696,1
210.71,5.533852302197805,1
210.72,4.976228987361928,1
210.73000000000002,4.181277576511478,1
210.74,5.03724365161506,1
210.75,4.848684538858619,1
210.76,4.104035079910091,1
210.77,4.217736726980665,1
210.78,4.994175413435707,1
210.79,3.445758694858877,1
210.8,5.052684491258764,1
210.81,3.9171015241973692,1
210.82,4.984280494132628,1
210.83,4.055665661929692,1
210.84,4.222388628902225,1
210.85,3.9910830629310987,1
210.86,3.654389447028922,1
210.87,3.8040439321395856,1
210.88,4.883050032822065,1
210.89000000000001,2.55148642630278,1
210.9,3.1092122185952173,1
210.91,3.4758456892327665,1
210.92000000000002,3.2688894272232734,1
210.93,4.935851843382277,1
210.94,4.872168337420395,1
210.95000000000002,4.436457474600569,1
210.96,3.612361708193889,1
210.97,4.842961996877892,1
210.98000000000002,3.0201530552467277,1
210.99,5.330989520145197,1
211.0,3.6356517421217522,1
211.01,3.8081230679607954,1
211.02,3.7099166664758507,1
211.03,3.2863318485195694,1
211.04,5.206249028313956,1
211.05,4.584232612786046,1
211.06,4.823686426385311,1
211.07,3.255469142640246,1
211.08,4.072725847982165,1
211.09,4.342422045744829,1
211.1,4.196219992298566,1
211.11,3.2588893173590403,1
211.12,4.65334890320711,1
211.13,4.118066146182776,1
211.14000000000001,3.387475660915968,1
211.15,2.7595082891801956,1
211.16,4.319193291326142,1
211.17000000000002,5.6090782064711515,1
211.18,3.4378183332044046,1
211.19,4.076860079907171,1
211.20000000000002,4.725134382924199,1
211.21,3.2197209225167076,1
211.22,3.641773411171806,1
211.23000000000002,3.42041049130335,1
211.24,4.604111370646086,1
211.25,4.896284092619432,1
211.26,4.156964377435754,1
211.27,3.4632764346056994,1
211.28,3.680501008920633,1
211.29,3.571744374649195,1
211.3,3.3402243379127015,1
211.31,3.894208122077783,1
211.32,4.366616548853785,1
211.33,4.340090213427364,1
211.34,4.015064016386325,1
211.35,4.037922021744506,1
211.36,3.9493628049544762,1
211.37,3.155293373768047,1
211.38,4.05321775870923,1
211.39000000000001,3.624519892578454,1
211.4,3.103275913979414,1
211.41,4.1867210568931865,1
211.42000000000002,3.614295109197964,1
211.43,4.124631043024711,1
211.44,4.557449811960123,1
211.45000000000002,3.4169046016834645,1
211.46,4.024785230369703,1
211.47,2.8268323452835817,1
211.48000000000002,4.923961769228372,1
211.49,3.17363602465616,1
211.5,3.6163882630091755,1
211.51,4.845362916883193,1
211.52,3.8985565122820245,1
211.53,3.2170071130691285,1
211.54,4.415682979867899,1
211.55,4.472978427767157,1
211.56,3.617549081043749,1
211.57,3.636465424129495,1
211.58,3.6956819823544187,1
211.59,3.8474177809188563,1
211.6,2.76263063991053,1
211.61,3.8080447859693476,1
211.62,5.145937854514825,1
211.63,3.4874250225871264,1
211.64000000000001,3.590657968631443,1
211.65,3.207474078304058,1
211.66,4.349636821631924,1
211.67000000000002,4.801647481928931,1
211.68,4.813923227392449,1
211.69,3.2390899997776383,1
211.70000000000002,4.278624741254867,1
211.71,4.9469760067120685,1
211.72,4.387502736934836,1
211.73000000000002,4.3336562143858135,1
211.74,3.714004016102902,1
211.75,4.125653865744435,1
211.76,4.809698252291926,1
211.77,4.261533373895617,1
211.78,3.2057752092836047,1
211.79,3.6564534741082637,1
211.8,4.764002775995248,1
211.81,4.256543032531493,1
211.82,4.092643504579797,1
211.83,3.6460972962691374,1
211.84,4.749963390229416,1
211.85,5.123619215580271,1
211.86,4.887010819084811,1
211.87,4.9892158490980565,1
211.88,3.8266139591486685,1
211.89000000000001,3.6650726497280286,1
211.9,3.8784630849906776,1
211.91,4.0177352209999935,1
211.92000000000002,4.929551167616368,1
211.93,4.812234133332732,1
211.94,4.3981085725011155,1
211.95000000000002,3.095291114824086,1
211.96,2.8504800341533505,1
211.97,4.087047991094819,1
211.98000000000002,4.576363126566233,1
211.99,3.982956383135553,1
212.0,5.241422852921131,1
212.01,3.372166290605913,1
212.02,3.178316256735205,1
212.03,3.519694251485723,1
212.04,3.515510895107376,1
212.05,4.312400158704579,1
212.06,3.74512515355435,1
212.07,2.980423815538227,1
212.08,4.5173073384639615,1
212.09,2.8891306886871737,1
212.1,3.2383104517129477,1
212.11,2.901439634599667,1
212.12,4.068472657785707,1
212.13,4.124821500280542,1
212.14000000000001,5.250940325454832,1
212.15,4.667973604838765,1
212.16,4.975460188636156,1
212.17000000000002,4.245785906915943,1
212.18,3.380885511501827,1
212.19,4.045973050950883,1
212.20000000000002,4.387138280335431,1
212.21,4.479878898200235,1
212.22,3.7222780607776156,1
212.23000000000002,4.300475495810199,1
212.24,3.4126529756785784,1
212.25,3.287850477707053,1
212.26,3.2333176114151088,1
212.27,3.9699771108622657,1
212.28,3.233984306886766,1
212.29,3.678452603995919,1
212.3,4.566545549807296,1
212.31,3.3662636095894545,1
212.32,3.6347635718753617,1
212.33,4.024562260059393,1
212.34,4.161661103483832,1
212.35,3.6857454788781396,1
212.36,4.491682317071689,1
212.37,4.4126034824745135,1
212.38,4.7643281671221125,1
212.39000000000001,3.9929139995350678,1
212.4,3.6668431528049408,1
212.41,3.5370991744344695,1
212.42000000000002,4.171434291040947,1
212.43,3.7655764687625313,1
212.44,3.6166407616901393,1
212.45000000000002,3.6861366929392054,1
212.46,3.537570025338055,1
212.47,4.101384860166819,1
212.48000000000002,3.0895582354134863,1
212.49,4.141979235519551,1
212.5,4.447483172652352,1
212.51,3.6499577919047796,1
212.52,5.226070667483059,1
212.53,4.08499745666138,1
212.54,2.992055326735188,1
212.55,3.7570447813687395,1
212.56,4.026075807304871,1
212.57,4.292867693903186,1
212.58,3.8505436862387272,1
212.59,3.3346965462941993,1
212.6,3.2496266734225583,1
212.61,3.5309034656826035,1
212.62,3.609953407874956,1
212.63,3.2401931143447906,1
212.64000000000001,3.47894119658614,1
212.65,4.396612250544572,1
212.66,5.093334548373164,1
212.67000000000002,4.55576549977697,1
212.68,4.880626400984772,1
212.69,4.684873842205901,1
212.70000000000002,4.581651502638138,1
212.71,3.81572709713997,1
212.72,4.080370682405362,1
212.73000000000002,3.7319122366897886,1
212.74,3.8417516652005346,1
212.75,4.034733887746409,1
212.76,4.465066406653103,1
212.77,4.302568447463947,1
212.78,3.9131545968398687,1
212.79,4.030824418475333,1
212.8,4.283093243574816,1
212.81,4.450010423825378,1
212.82,3.0414325960408566,1
212.83,3.2434448108531724,1
212.84,4.673061814285531,1
212.85,4.000889770010053,1
212.86,3.724900217484567,1
212.87,3.8125279279959807,1
212.88,3.817652040445165,1
212.89000000000001,4.351065304644784,1
212.9,3.30215081021828,1
212.91,3.9742055677345536,1
212.92000000000002,4.158140640833866,1
212.93,4.266598532732331,1
212.94,4.160596523525907,1
212.95000000000002,4.34437068659689,1
212.96,3.649080401641632,1
212.97,3.3678759507914937,1
212.98000000000002,5.556248158068531,1
212.99,3.8979056419958282,1
213.0,3.8741949389059074,1
213.01,4.432253971883351,1
213.02,5.061524170053314,1
213.03,3.7103858465149937,1
213.04,3.334562893981392,1
213.05,3.1541287253919297,1
213.06,4.982901152654023,1
213.07,3.385420208232451,1
213.08,3.9452461232733005,1
213.09,3.36262408075941,1
213.1,3.022022202466866,1
213.11,3.751619740226901,1
213.12,3.376634050962329,1
213.13,3.5138495013889335,1
213.14000000000001,5.272450024201055,1
213.15,4.352031892499482,1
213.16,4.625486299315289,1
213.17000000000002,4.572592172189292,1
213.18,3.9689140440081485,1
213.19,3.71283284338426,1
213.20000000000002,4.144285952215863,1
213.21,4.11795289248959,1
213.22,3.6380197547626585,1
213.23000000000002,4.0625302161511385,1
213.24,3.5454646544802912,1
213.25,3.861481011002037,1
213.26,3.774147237579467,1
213.27,3.1631675685276464,1
213.28,2.424290550934125,1
213.29,3.2961660152151904,1
213.3,5.128325287287016,1
213.31,3.866769013281542,1
213.32,4.495476744062746,1
213.33,2.651327103526993,1
213.34,3.2648744403749705,1
213.35,3.077060396839942,1
213.36,3.813365521671789,1
213.37,5.560236750815939,1
213.38,4.3922305530776145,1
213.39000000000001,5.123696324450367,1
213.4,3.9023358658479546,1
213.41,4.8797069079890045,1
213.42000000000002,5.397971376398573,1
213.43,4.012916466598209,1
213.44,3.6508844342804108,1
213.45000000000002,3.1240191859678337,1
213.46,3.7469139096131414,1
213.47,4.037951767954542,1
213.48000000000002,5.320018599169609,1
213.49,3.238984518405038,1
213.5,3.9930494346544,1
213.51,2.822407341591087,1
213.52,3.652448364452107,1
213.53,4.181189223125905,1
213.54,4.343450139622671,1
213.55,4.402782231781173,1
213.56,4.282014173343457,1
213.57,4.393515405506335,1
213.58,4.053287795150986,1
213.59,3.323311277788061,1
213.6,2.7579900422350825,1
213.61,3.5707725198571523,1
213.62,3.8869039617627905,1
213.63,4.806801482894889,1
213.64000000000001,3.983134810206779,1
213.65,3.8714484095022006,1
213.66,4.242428063586443,1
213.67000000000002,3.839354090832781,1
213.68,4.516264355586218,1
213.69,5.315224804952793,1
213.70000000000002,5.500358542423569,1
213.71,4.15298428035233,1
213.72,4.227764574418841,1
213.73000000000002,5.038073425512248,1
213.74,3.964984704409837,1
213.75,4.4385786032296854,1
213.76,3.289789966729779,1
213.77,3.755705961332636,1
213.78,4.735462984812999,1
213.79,3.578141663642697,1
213.8,3.8916051886045318,1
213.81,2.9721035275934926,1
213.82,5.239726738297975,1
213.83,4.893872774469279,1
213.84,4.175676809548873,1
213.85,4.3398296499909454,1
213.86,4.277259930094738,1
213.87,4.9148171302146295,1
213.88,3.7182765436030563,1
213.89000000000001,4.458213019985344,1
213.9,4.726551791583062,1
213.91,4.832131774872252,1
213.92000000000002,2.5839826793454264,1
213.93,3.5262123332024045,1
213.94,3.3103053408955874,1
213.95000000000002,4.055675529979929,1
213.96,2.6952817711809747,1
213.97,2.5944575638655465,1
213.98000000000002,5.3236878981785045,1
213.99,4.480196028077278,1
214.0,4.10732606129671,1
214.01,4.242400904137011,1
214.02,4.109494281429408,1
214.03,4.653679631271207,1
214.04,3.628872679904574,1
214.05,4.098813461535669,1
214.06,4.153486309061546,1
214.07,3.32997743368729,1
214.08,4.788342217144104,1
214.09,3.7581325640226626,1
214.1,4.645620582585679,1
214.11,4.113295937985351,1
214.12,5.066714879822981,1
214.13,3.3883259973344204,1
214.14000000000001,3.2594766509677475,1
214.15,3.3679270841647244,1
214.16,4.048561636476692,1
214.17000000000002,5.003063011326864,1
214.18,5.093829032399831,1
214.19,2.566855251706644,1
214.20000000000002,4.076028549102415,1
214.21,1.9199044111794032,1
214.22,4.391033904753527,1
214.23000000000002,4.748962716195116,1
214.24,4.018826112676849,1
214.25,4.055619245094394,1
214.26,4.051116199930435,1
214.27,3.4940983493664692,1
214.28,4.249749110245832,1
214.29,3.864840737014293,1
214.3,4.595490632594819,1
214.31,3.9620049938965938,1
214.32,3.439063585744014,1
214.33,2.969830360930114,1
214.34,2.728730607616288,1
214.35,4.775317889529253,1
214.36,3.749492090478077,1
214.37,4.204646260017557,1
214.38,5.169289945133016,1
214.39000000000001,3.704993656134077,1
214.4,3.575174065102815,1
214.41,3.8887600735428536,1
214.42000000000002,4.012422392377529,1
214.43,5.2254432949518455,1
214.44,5.089476321979558,1
214.45000000000002,4.468210520460274,1
214.46,4.968514237979741,1
214.47,3.942477200357561,1
214.48000000000002,4.19065526256175,1
214.49,3.8158085358343095,1
214.5,3.151720155690099,1
214.51,4.73021198809227,1
214.52,4.388794247971355,1
214.53,4.035054247574056,1
214.54,4.000502042788558,1
214.55,3.022754316782622,1
214.56,3.3071509697358925,1
214.57,4.176534964941366,1
214.58,3.6672884841495454,1
214.59,3.8387787861812455,1
214.6,3.922422843061899,1
214.61,3.5525398791184246,1
214.62,3.345138970222622,1
214.63,2.9145640374155883,1
214.64000000000001,3.8398085418359624,1
214.65,4.391759643886182,1
214.66,2.9570681720057235,1
214.67000000000002,3.9218211653288657,1
214.68,4.177723149985671,1
214.69,3.3685949795556063,1
214.70000000000002,4.884842470143147,1
214.71,3.8028272522064164,1
214.72,3.9224694182899595,1
214.73000000000002,3.8907118451475546,1
214.74,2.844513010088462,1
214.75,4.585178323143833,1
214.76,3.415142464851615,1
214.77,3.811447191385808,1
214.78,4.376466588469954,1
214.79,4.970464424187005,1
214.8,3.357536542208308,1
214.81,3.671760718686656,1
214.82,4.877258864515777,1
214.83,4.353506518989614,1
214.84,4.4566857960143835,1
214.85,3.345396452475739,1
214.86,3.7146816678743058,1
214.87,3.8739844135306067,1
214.88,3.4358121143978955,1
214.89000000000001,2.879639483140827,1
214.9,3.6015521276306295,1
214.91,4.854794511556022,1
214.92000000000002,4.089681127930909,1
214.93,4.8970605913906295,1
214.94,4.169977586413872,1
214.95000000000002,3.5140341456862103,1
214.96,4.7997982453364285,1
214.97,4.185751240586962,1
214.98000000000002,4.635213949435614,1
214.99,3.344950596677018,1
215.0,4.634672183407527,1
215.01,4.731606632084844,1
215.02,4.231905708522675,1
215.03,3.4903599367972458,1
215.04,3.939569736408929,1
215.05,4.3929975743962935,1
215.06,4.175775673051361,1
215.07,4.400546419267557,1
215.08,4.6808072296006085,1
215.09,3.6201174757148973,1
215.1,3.227760551884224,1
215.11,3.929309372218371,1
215.12,3.781811656409517,1
215.13,4.496788598643549,1
215.14000000000001,3.332641659244291,1
215.15,4.622011794576854,1
215.16,4.915583424786865,1
215.17000000000002,4.055132875127807,1
215.18,4.042715328798067,1
215.19,3.504556533019279,1
215.20000000000002,3.618179293352619,1
215.21,3.71215009985205,1
215.22,4.918950288049398,1
215.23000000000002,4.008505171141828,1
215.24,3.142646225571596,1
215.25,4.114240061953614,1
215.26,4.542975353622704,1
215.27,4.016090889266877,1
215.28,4.954233659581295,1
215.29,4.56172414796337,1
215.3,3.352998361790223,1
215.31,3.6033943317465504,1
215.32,4.122985819435491,1
215.33,2.926307343519812,1
215.34,4.153816427761635,1
215.35,2.8662633176827947,1
215.36,4.596009048415269,1
215.37,4.624425970725605,1
215.38,4.364982316152368,1
215.39000000000001,3.5833694928102986,1
215.4,4.085434688715716,1
215.41,3.672031907660558,1
215.42000000000002,3.3114991253984085,1
215.43,3.738903676536153,1
215.44,4.437389112034247,1
215.45000000000002,4.054671263237508,1
215.46,4.9445428655169605,1
215.47,4.553533151540362,1
215.48000000000002,4.460589655026078,1
215.49,2.9837172634808677,1
215.5,3.7540039275018438,1
215.51,3.2946446073941993,1
215.52,3.8389411111069522,1
215.53,3.5405188505181133,1
215.54,3.7274301076738467,1
215.55,4.672158902686334,1
215.56,4.34868544425704,1
215.57,4.674366119206892,1
215.58,3.001892434089664,1
215.59,3.977729207293032,1
215.6,4.625889925740368,1
215.61,5.0148817850095835,1
215.62,3.0564483502943345,1
215.63,3.7153341441471817,1
215.64000000000001,4.653956250537958,1
215.65,3.9144816401651568,1
215.66,3.4041635592776767,1
215.67000000000002,2.958565481666726,1
215.68,3.321968912949442,1
215.69,2.8635098467845843,1
215.70000000000002,3.9697414273447786,1
215.71,4.579736477962131,1
215.72,3.216627266056922,1
215.73000000000002,4.120220152074362,1
215.74,4.555649519483689,1
215.75,4.031581730317019,1
215.76,2.956829823568754,1
215.77,4.187995025011354,1
215.78,3.9758231819761947,1
215.79,3.897004644863582,1
215.8,3.6390164453834855,1
215.81,4.034651180960368,1
215.82,4.332863686588517,1
215.83,5.571093528302499,1
215.84,4.167149909130758,1
215.85,4.990501119296549,1
215.86,4.291551920541932,1
215.87,3.952916255397225,1
215.88,4.093556911026012,1
215.89000000000001,3.212915494723269,1
215.9,4.151225926503541,1
215.91,2.7165640810109517,1
215.92000000000002,3.3632709418983016,1
215.93,4.033065634758465,1
215.94,4.776674196860625,1
215.95000000000002,4.974830970150894,1
215.96,3.9050115904735363,1
215.97,4.0953345995931985,1
215.98000000000002,4.64440293871085,1
215.99,3.1760502643590574,1
216.0,4.21317491276739,1
216.01,3.4756296389770025,1
216.02,3.8570527158592087,1
216.03,3.6935955915568037,1
216.04,4.26408868980691,1
216.05,4.3728982736805655,1
216.06,4.600531534677979,1
216.07,4.261953370638436,1
216.08,4.127091136729719,1
216.09,5.210569774833256,1
216.1,3.0835858990198495,1
216.11,5.0451759107905545,1
216.12,3.8746657112493885,1
216.13,4.362890928424962,1
216.14000000000001,3.810476028684243,1
216.15,3.53279921733001,1
216.16,4.2863756618601565,1
216.17000000000002,4.693345550849104,1
216.18,4.348501985496509,1
216.19,3.6691697051341032,1
216.20000000000002,6.323298633952728,1
216.21,4.917067208530337,1
216.22,4.660603535168119,1
216.23000000000002,3.8106228026194757,1
216.24,3.5830117092287783,1
216.25,3.7934130101767027,1
216.26,4.6892526480333645,1
216.27,3.398622391845286,1
216.28,3.2708357783960875,1
216.29,4.306324203605877,1
216.3,4.225483344673274,1
216.31,3.5137272804941473,1
216.32,3.2628191701567992,1
216.33,4.888718339579576,1
216.34,4.284957905038038,1
216.35,3.132395938233163,1
216.36,3.1086020643628727,1
216.37,3.7119566921355966,1
216.38,4.458206378087826,1
216.39000000000001,4.413551316082593,1
216.4,4.759078870320134,1
216.41,3.0785626388139473,1
216.42000000000002,4.089951969922771,1
216.43,4.930569014923088,1
216.44,4.920594481708079,1
216.45000000000002,4.288106853528455,1
216.46,5.54074878325764,1
216.47,4.48776674634489,1
216.48000000000002,4.705830202574057,1
216.49,4.0711889084054596,1
216.5,3.4975519590987516,1
216.51,3.401992055062553,1
216.52,4.081956731532986,1
216.53,3.867688779900758,1
216.54,2.8445517522645307,1
216.55,3.2651085355378227,1
216.56,3.749317057062579,1
216.57,4.456838933706284,1
216.58,4.016981133420175,1
216.59,3.9542615223266737,1
216.6,3.3569182126548487,1
216.61,3.9764459160480925,1
216.62,4.85445768308142,1
216.63,4.152209097279884,1
216.64000000000001,3.031143864828524,1
216.65,3.1298444174920923,1
216.66,4.329813931145028,1
216.67000000000002,3.8742464627103312,1
216.68,3.9440649757392174,1
216.69,3.5990842301426103,1
216.70000000000002,4.302573468400847,1
216.71,3.822910285657069,1
216.72,3.868294557343481,1
216.73000000000002,3.439799298183102,1
216.74,4.564407950573108,1
216.75,3.890387121122814,1
216.76,4.387833582552696,1
216.77,3.2488332595803233,1
216.78,5.079923563176252,1
216.79,4.893592663697651,1
216.8,2.814483552461999,1
216.81,3.408548767165712,1
216.82,4.274415944092522,1
216.83,3.160186804857724,1
216.84,3.8642291587799873,1
216.85,4.268664801168391,1
216.86,3.89626436946776,1
216.87,4.343390009763266,1
216.88,3.5707508899764484,1
216.89000000000001,2.5181551107800244,1
216.9,4.5483141486057335,1
216.91,4.6660356412267125,1
216.92000000000002,5.66439406000406,1
216.93,2.667777143529263,1
216.94,4.407228234066702,1
216.95000000000002,2.7470957391535062,1
216.96,5.064489427374415,1
216.97,4.380411488698883,1
216.98000000000002,3.405185699273582,1
216.99,4.4705420670956295,1
217.0,3.669400915075757,1
217.01,4.17508271586755,1
217.02,4.1441382371821005,1
217.03,5.140315066084974,1
217.04,5.245995367641777,1
217.05,3.687236659972506,1
217.06,4.6677637515274455,1
217.07,4.270296388909558,1
217.08,3.099628768036333,1
217.09,3.4942446004963905,1
217.1,5.485413885433245,1
217.11,4.321311126694237,1
217.12,4.667964597512854,1
217.13,3.902497388343173,1
217.14000000000001,3.6438199003577902,1
217.15,3.9963191957486233,1
217.16,3.827123138292596,1
217.17000000000002,3.020761664288356,1
217.18,3.290259101705101,1
217.19,4.416711508841249,1
217.20000000000002,3.7779995523106424,1
217.21,4.003358044628734,1
217.22,4.152626357711579,1
217.23000000000002,4.21227351440135,1
217.24,4.756670093691453,1
217.25,3.3325345589444297,1
217.26,4.329948546594063,1
217.27,4.509680799586422,1
217.28,4.670230017770011,1
217.29,3.123471965524166,1
217.3,4.112742402562822,1
217.31,5.12020429016756,1
217.32,4.002899995527866,1
217.33,4.313879357168759,1
217.34,4.525176011825772,1
217.35,3.366156043336429,1
217.36,5.151807927016128,1
217.37,4.393199050795072,1
217.38,4.360660405957475,1
217.39000000000001,2.9432681539550147,1
217.4,4.452119752496995,1
217.41,4.355700872734741,1
217.42000000000002,5.075164398171086,1
217.43,3.862551983246745,1
217.44,3.350931806881899,1
217.45000000000002,3.518399501127177,1
217.46,3.643459474549221,1
217.47,3.2526675623846026,1
217.48000000000002,4.792253220973775,1
217.49,4.908983997076335,1
217.5,3.92750371691448,1
217.51,3.7408162170912953,1
217.52,2.8065117583577894,1
217.53,4.379950512610803,1
217.54,5.095596832352686,1
217.55,3.6523054337181438,1
217.56,3.9033651453595466,1
217.57,4.2759827794331375,1
217.58,5.135411512592144,1
217.59,4.197745286024921,1
217.6,4.138665303418026,1
217.61,4.1246669521495685,1
217.62,3.0828776789409926,1
217.63,3.0062530070310194,1
217.64000000000001,3.4161245271988996,1
217.65,4.622160194286665,1
217.66,3.8197402373429084,1
217.67000000000002,3.6455619779353223,1
217.68,3.6237109974838306,1
217.69,3.888106892603799,1
217.70000000000002,5.097663308886288,1
217.71,3.9677585582693866,1
217.72,3.487892997431672,1
217.73000000000002,3.9856536747313305,1
217.74,5.137888264973012,1
217.75,3.742026063941018,1
217.76,3.2182513300580107,1
217.77,3.6280374427598217,1
217.78,4.061227885787719,1
217.79,4.450224323246113,1
217.8,4.6803086695900085,1
217.81,3.362326884437236,1
217.82,3.3448036377555908,1
217.83,3.7509463075162026,1
217.84,4.42917566559359,1
217.85,3.208220944883825,1
217.86,3.5584419780756757,1
217.87,3.5889172300153542,1
217.88,4.586368950176424,1
217.89000000000001,4.377933009090388,1
217.9,4.609034611413237,1
217.91,4.905115094535467,1
217.92000000000002,3.855992276905666,1
217.93,3.220936053754993,1
217.94,3.187012784855755,1
217.95000000000002,2.758603374673292,1
217.96,3.627855004341061,1
217.97,3.7283765463954985,1
217.98000000000002,4.494690038931216,1
217.99,4.040655836023767,1
218.0,3.6843000628659297,1
218.01,3.9057946726442014,1
218.02,3.320231610932792,1
218.03,4.624527360255466,1
218.04,3.5275468760597066,1
218.05,3.232032407906544,1
218.06,4.484587438149779,1
218.07,4.401609603916068,1
218.08,2.9057196103796668,1
218.09,4.489092985330867,1
218.1,3.5481788094022892,1
218.11,3.730160882587584,1
218.12,4.105153712142862,1
218.13,4.386928426486445,1
218.14000000000001,4.3122554885658575,1
218.15,3.9864117542255513,1
218.16,3.7236638221091325,1
218.17000000000002,4.250880547081142,1
218.18,3.938239377208104,1
218.19,5.167660591879327,1
218.20000000000002,4.450538774848857,1
218.21,3.4278935406392828,1
218.22,3.6557929398086246,1
218.23000000000002,4.0106160559221005,1
218.24,4.843745547859923,1
218.25,4.966190507359606,1
218.26,3.800947757709175,1
218.27,3.382287961603254,1
218.28,3.2742068829259017,1
218.29,4.120235497232855,1
218.3,5.501976072922238,1
218.31,4.439898423348977,1
218.32,2.9922173221303616,1
218.33,3.468480562880212,1
218.34,3.5632952403566667,1
218.35,3.440458686425436,1
218.36,3.714750779942526,1
218.37,4.222559124797601,1
218.38,4.455842670157755,1
218.39000000000001,4.73571831431996,1
218.4,4.384260901348274,1
218.41,2.7551464150807887,1
218.42000000000002,3.2392989647271713,1
218.43,3.8517819507216293,1
218.44,4.086666350495439,1
218.45000000000002,4.56411314675829,1
218.46,4.061865932305252,1
218.47,4.036612289971617,1
218.48000000000002,4.156486549671452,1
218.49,3.8439237072292296,1
218.5,4.0470090160855685,1
218.51,4.733293046033328,1
218.52,3.9895537628215547,1
218.53,3.9797703341212425,1
218.54,3.976995037301412,1
218.55,4.8406529168190335,1
218.56,3.33150210384749,1
218.57,5.112110993637907,1
218.58,3.303456061917811,1
218.59,3.53373032169452,1
218.6,4.455231565216903,1
218.61,4.695813188556449,1
218.62,3.131118004664915,1
218.63,3.238890483040129,1
218.64000000000001,4.134605885955738,1
218.65,5.529203511392877,1
218.66,4.900363576196743,1
218.67000000000002,3.893049267576694,1
218.68,2.4239819493354515,1
218.69,3.958411086209714,1
218.70000000000002,4.232573318095795,1
218.71,3.765650714401972,1
218.72,3.433964693506232,1
218.73000000000002,4.069308909561319,1
218.74,3.392792198130488,1
218.75,5.178466421234869,1
218.76,5.054815912244364,1
218.77,4.490161713459171,1
218.78,4.087616516733586,1
218.79,3.5769234230934197,1
218.8,3.961128078790065,1
218.81,5.061291115669925,1
218.82,4.627285363332748,1
218.83,4.169798567968928,1
218.84,4.6096892066158714,1
218.85,4.390589343553824,1
218.86,4.28055169878498,1
218.87,4.653050926862713,1
218.88,4.374645556991116,1
218.89000000000001,4.579531778080975,1
218.9,4.139484495852071,1
218.91,3.8434848799679378,1
218.92000000000002,3.634945150312183,1
218.93,3.545126921645695,1
218.94,2.9312265704231804,1
218.95000000000002,3.344180560540732,1
218.96,3.35019783053972,1
218.97,3.6318316215203437,1
218.98000000000002,4.9915391604687525,1
218.99,3.9572615922182237,1
219.0,4.154301051656917,1
219.01,4.186595759723285,1
219.02,5.04126419452432,1
219.03,3.6890193488379275,1
219.04,3.836962394334908,1
219.05,3.9213125173015335,1
219.06,4.7326954625801845,1
219.07,4.916056407136854,1
219.08,4.362887103521915,1
219.09,4.821720514788186,1
219.1,4.164574827811738,1
219.11,3.8978845065965917,1
219.12,4.758663376059489,1
219.13,4.361900264397787,1
219.14000000000001,3.5444804298141115,1
219.15,4.619824400893045,1
219.16,3.9019134102075035,1
219.17000000000002,3.779466927348931,1
219.18,4.566175097829937,1
219.19,3.9763336416343873,1
219.20000000000002,4.250947575124851,1
219.21,4.444542416560296,1
219.22,3.518676412795717,1
219.23000000000002,4.22082277067176,1
219.24,4.888826577568464,1
219.25,3.4327460267584162,1
219.26,4.25787867133713,1
219.27,3.4772900450577433,1
219.28,4.631349784437545,1
219.29,4.694434619511745,1
219.3,3.811771486921404,1
219.31,5.422377316679734,1
219.32,4.803353170949649,1
219.33,4.506877177943722,1
219.34,4.452547812067944,1
219.35,4.665553127280174,1
219.36,3.3939315748474344,1
219.37,4.089902937308819,1
219.38,4.254019189755487,1
219.39000000000001,3.7556212915361327,1
219.4,4.286909901853117,1
219.41,4.8163735077478655,1
219.42000000000002,3.775326418173792,1
219.43,3.9512075236926902,1
219.44,3.4646529595478084,1
219.45000000000002,2.808428983431458,1
219.46,4.433899483997706,1
219.47,4.009337138080886,1
219.48000000000002,4.0314311313245845,1
219.49,3.3616385821471146,1
219.5,3.8413382558718876,1
219.51,4.701982086790918,1
219.52,4.042651832283644,1
219.53,4.021494376890175,1
219.54,4.135940016218022,1
219.55,3.205955888858226,1
219.56,4.357823838826631,1
219.57,3.207060561536843,1
219.58,3.3427738472911117,1
219.59,3.279805519078867,1
219.6,3.8430973008905958,1
219.61,3.7619043222192103,1
219.62,3.9849194190199,1
219.63,3.4117387659478737,1
219.64000000000001,4.617098793934573,1
219.65,4.578167155237368,1
219.66,3.921914791100525,1
219.67000000000002,3.6849367153711734,1
219.68,3.6051922916791366,1
219.69,3.7750804875598236,1
219.70000000000002,3.077985194601201,1
219.71,3.3220581115831056,1
219.72,4.51739449328587,1
219.73000000000002,4.2268683465558645,1
219.74,5.073976691533879,1
219.75,3.870312127828539,1
219.76,3.7576584818861494,1
219.77,3.7208028799939568,1
219.78,3.776165017839703,1
219.79,3.558372634905749,1
219.8,4.149327355564461,1
219.81,4.0278432025199,1
219.82,3.6708233038321096,1
219.83,4.792031027627399,1
219.84,5.278079758549725,1
219.85,4.833593843183258,1
219.86,4.412142645235054,1
219.87,4.518986806615191,1
219.88,5.235635330496046,1
219.89000000000001,4.56745529941335,1
219.9,3.6543617985351733,1
219.91,4.233779477570625,1
219.92000000000002,4.420352175179227,1
219.93,3.379819770924957,1
219.94,3.7779178237686724,1
219.95000000000002,4.70064113582505,1
219.96,2.858903600469174,1
219.97,3.120219982226128,1
219.98000000000002,3.8327551964196434,1
219.99,4.219442870640655,1
220.0,3.132295345148265,1
220.01,3.8656731843004235,1
220.02,4.740538815164803,1
220.03,4.088975381382996,1
220.04,4.614646611534544,1
220.05,3.6526980159672773,1
220.06,3.453664381148541,1
220.07,4.5179937746960315,1
220.08,4.270669793794645,1
220.09,3.24699118058822,1
220.1,3.435210704008213,1
220.11,4.981258238399532,1
220.12,3.458997306568696,1
220.13,4.573759373509259,1
220.14000000000001,3.7241641920834057,1
220.15,3.981389263728997,1
220.16,4.190023575304768,1
220.17000000000002,2.648223992034228,1
220.18,2.9698400937968015,1
220.19,3.9942057671348095,1
220.20000000000002,3.5297006334900076,1
220.21,4.618392828529149,1
220.22,2.9950058528744794,1
220.23000000000002,4.306454193036963,1
220.24,3.1254550889225974,1
220.25,3.71907139342007,1
220.26,3.2925451816464437,1
220.27,5.191904283372251,1
220.28,3.202412969932335,1
220.29,3.8729489148103897,1
220.3,2.8719556586076003,1
220.31,4.9701647344335145,1
220.32,4.318573530841577,1
220.33,4.1079865170819305,1
220.34,4.963056100173325,1
220.35,4.153435313162747,1
220.36,4.151670370169027,1
220.37,4.094567401908491,1
220.38,4.371376308914101,1
220.39000000000001,3.7027723548814695,1
220.4,3.843130533707948,1
220.41,4.516356394182785,1
220.42000000000002,4.21094898320963,1
220.43,3.9385321807215634,1
220.44,3.0876124652814525,1
220.45000000000002,4.917235133740007,1
220.46,3.6258635356327673,1
220.47,4.61809990810529,1
220.48000000000002,4.151120050908628,1
220.49,3.169839064852233,1
220.5,4.762702920952329,1
220.51,4.210915514345707,1
220.52,4.879065650017054,1
220.53,3.934391894125416,1
220.54,4.452872330483634,1
220.55,2.883593733464311,1
220.56,3.6084610929098737,1
220.57,3.1505527447032295,1
220.58,3.7058625546211457,1
220.59,4.28847686650699,1
220.6,3.625039551489118,1
220.61,4.537988127438254,1
220.62,3.476484209772141,1
220.63,4.542956190785027,1
220.64000000000001,4.882385731718744,1
220.65,4.710548236965819,1
220.66,3.8193130748041564,1
220.67000000000002,2.6101029686744615,1
220.68,4.294332976485785,1
220.69,3.936404070750476,1
220.70000000000002,3.3613745850085928,1
220.71,3.600752516259252,1
220.72,4.906741815869635,1
220.73000000000002,3.3164652663701,1
220.74,4.26284046438132,1
220.75,4.157188001037687,1
220.76,3.777547818606948,1
220.77,4.404844332708419,1
220.78,5.083338629438862,1
220.79,3.872965439120093,1
220.8,3.834595088337843,1
220.81,4.393689421388996,1
220.82,4.619403886460958,1
220.83,3.9543041006917,1
220.84,3.799122926990515,1
220.85,2.5490741229754237,1
220.86,3.4081497454890837,1
220.87,3.225270594401269,1
220.88,4.397720749810435,1
220.89000000000001,3.865611952141083,1
220.9,3.808304107366042,1
220.91,3.9826222804689135,1
220.92000000000002,3.4343616556655476,1
220.93,4.973853432959244,1
220.94,4.900736992239331,1
220.95000000000002,5.103918736638871,1
220.96,4.5096560054064465,1
220.97,4.011453106051157,1
220.98000000000002,5.048370296655609,1
220.99,3.621071224005612,1
221.0,3.4119986706124164,1
221.01,3.574441838642919,1
221.02,4.313720522853849,1
221.03,3.524347322690028,1
221.04,3.8706503473188323,1
221.05,2.9529089403045,1
221.06,4.249324627168306,1
221.07,3.0306189002925312,1
221.08,3.3370240601256533,1
221.09,4.749954711753313,1
221.1,4.810821971197887,1
221.11,4.291514485299571,1
221.12,4.196349380057821,1
221.13,3.6672789750495305,1
221.14000000000001,3.478554469692943,1
221.15,3.7336803695543055,1
221.16,3.0019181809101703,1
221.17000000000002,4.103911020457297,1
221.18,4.037917708424941,1
221.19,3.3966443266916655,1
221.20000000000002,4.981604894201291,1
221.21,4.452679476064547,1
221.22,4.4760477564352446,1
221.23000000000002,3.712362615268853,1
221.24,3.9818787637934103,1
221.25,4.405970273610084,1
221.26,4.123487838492181,1
221.27,5.046768866647149,1
221.28,3.930582858309599,1
221.29,3.668461493628562,1
221.3,4.391629314385516,1
221.31,3.202958003261471,1
221.32,4.551888083744627,1
221.33,3.1891738195670376,1
221.34,4.365682644410034,1
221.35,3.601322312374315,1
221.36,4.285300928081232,1
221.37,4.605828422221864,1
221.38,4.13589381776815,1
221.39000000000001,3.2298048324928192,1
221.4,3.371934554063908,1
221.41,3.4895409314291768,1
221.42000000000002,2.7398371321548636,1
221.43,4.655930497634302,1
221.44,4.110796818571881,1
221.45000000000002,3.2698908337119543,1
221.46,4.900677432196488,1
221.47,3.59899867454993,1
221.48000000000002,4.138518604230607,1
221.49,3.4728516989918155,1
221.5,2.6588654957170164,1
221.51,3.03424340129146,1
221.52,3.651061030930831,1
221.53,4.561904673187392,1
221.54,4.25855501648427,1
221.55,4.106482445100403,1
221.56,2.702224844617949,1
221.57,4.746202146062888,1
221.58,4.189901990281346,1
221.59,3.933912478634412,1
221.6,4.730783640579388,1
221.61,4.853259001603678,1
221.62,4.800327112475615,1
221.63,3.887702755744008,1
221.64000000000001,3.342177526978129,1
221.65,4.602172464733515,1
221.66,3.150443513582121,1
221.67000000000002,5.212463146401972,1
221.68,4.0909147041559955,1
221.69,3.317122469750256,1
221.70000000000002,3.1597553736893196,1
221.71,3.1206383321739803,1
221.72,4.038309816629338,1
221.73000000000002,3.998151066716625,1
221.74,3.1979869839389274,1
221.75,3.7206003870703634,1
221.76,3.0956799497011707,1
221.77,4.328096866078544,1
221.78,3.984264120703219,1
221.79,3.753537348504456,1
221.8,3.1494487147481447,1
221.81,3.754217281426397,1
221.82,3.7161655831279536,1
221.83,4.189120215363706,1
221.84,4.1197133114762385,1
221.85,4.521094319176769,1
221.86,3.7168583716078554,1
221.87,2.7759226698738093,1
221.88,4.569605105811981,1
221.89000000000001,3.4268513183280627,1
221.9,3.2474112552782355,1
221.91,3.9268694128341677,1
221.92000000000002,4.191734022825263,1
221.93,3.667082016228811,1
221.94,3.6305055167234985,1
221.95000000000002,3.7241211377411205,1
221.96,4.902539649891391,1
221.97,4.052414758268255,1
221.98000000000002,3.375102577471783,1
221.99,3.341068589554307,1
222.0,3.797683197792469,1
222.01,4.142190104286683,1
222.02,4.322551744195208,1
222.03,4.09991080061103,1
222.04,3.459762849853052,1
222.05,3.6925203848126995,1
222.06,4.4577318998798,1
222.07,3.2838462763040432,1
222.08,3.6548364938708957,1
222.09,4.366941385448037,1
222.1,4.589924407836491,1
222.11,3.9102263877513304,1
222.12,3.7278107021443483,1
222.13,3.1258402528835063,1
222.14000000000001,4.288600811738647,1
222.15,4.872978480637848,1
222.16,5.716724910699325,1
222.17000000000002,4.35374096423202,1
222.18,3.988212267150685,1
222.19,3.402492986206255,1
222.20000000000002,2.745092829833956,1
222.21,4.039521853124478,1
222.22,5.52733936314521,1
222.23000000000002,4.916180120177599,1
222.24,4.779430024076476,1
222.25,4.206120018149944,1
222.26,4.245636233912813,1
222.27,2.4421407583267283,1
222.28,4.401267381244544,1
222.29,3.648183112262975,1
222.3,3.5235899726959192,1
222.31,3.761676930518882,1
222.32,3.754065769544551,1
222.33,3.5196212020672526,1
222.34,3.9801778740803293,1
222.35,3.6365840086240033,1
222.36,4.043287478070047,1
222.37,3.0376732360930987,1
222.38,3.803373516655887,1
222.39000000000001,3.276894100025084,1
222.4,3.5404227613452126,1
222.41,4.065466685734766,1
222.42000000000002,2.9632079208191895,1
222.43,3.404190764210946,1
222.44,4.33341200746567,1
222.45000000000002,3.1030940320709997,1
222.46,5.099717303079889,1
222.47,4.847437781831479,1
222.48000000000002,3.729982780381177,1
222.49,3.4730345355245325,1
222.5,4.099406526586294,1
222.51,3.0668089822957105,1
222.52,2.644960386844426,1
222.53,3.620667699224112,1
222.54,3.8902653421918303,1
222.55,4.054683036897562,1
222.56,3.604419476747763,1
222.57,4.802838681204104,1
222.58,3.0780804334804883,1
222.59,3.206147405736323,1
222.6,4.268112338417505,1
222.61,3.2623762925035544,1
222.62,3.176939924768684,1
222.63,4.030652555186965,1
222.64000000000001,3.318283182932238,1
222.65,3.8727479619988747,1
222.66,3.538277684395648,1
222.67000000000002,3.4132243093731653,1
222.68,2.600756869217327,1
222.69,4.006598025372983,1
222.70000000000002,3.191182914600065,1
222.71,3.842310563437943,1
222.72,3.6582701528300685,1
222.73000000000002,3.845507803288843,1
222.74,3.89361675316881,1
222.75,4.119248618975046,1
222.76,3.534963617264861,1
222.77,4.778395262762719,1
222.78,2.848057083102564,1
222.79,3.783864548583029,1
222.8,4.529602735199859,1
222.81,4.341119996729459,1
222.82,3.387965661038451,1
222.83,3.438864869064796,1
222.84,3.3130957379411514,1
222.85,4.3475819757554115,1
222.86,3.540770986317909,1
222.87,4.137977503316949,1
222.88,4.1797650578824435,1
222.89000000000001,5.547468139050602,1
222.9,4.296094572791523,1
222.91,3.491471958952506,1
222.92000000000002,3.0221005633126463,1
222.93,3.762344807957289,1
222.94,3.908474346958937,1
222.95000000000002,2.560142618526936,1
222.96,3.4504393153332225,1
222.97,4.159957295605694,1
222.98000000000002,3.664189669779363,1
222.99,4.6083225292653625,1
223.0,3.025392583637614,1
223.01,4.380704721174801,1
223.02,4.61580040020278,1
223.03,4.657550623424609,1
223.04,3.0234800911715682,1
223.05,4.145499764184798,1
223.06,3.5748229565992755,1
223.07,3.062143460103396,1
223.08,3.675199248200441,1
223.09,3.3933360390680143,1
223.1,4.561009717303475,1
223.11,4.3665509306553485,1
223.12,3.2742537273095396,1
223.13,3.4865594725664795,1
223.14000000000001,3.7221860592887457,1
223.15,3.93635260820322,1
223.16,4.649148510905015,1
223.17000000000002,4.487148478838678,1
223.18,4.0625735057468955,1
223.19,3.834637892025879,1
223.20000000000002,2.839474845957782,1
223.21,4.76865394758896,1
223.22,3.75603002290422,1
223.23000000000002,4.994187154369557,1
223.24,4.186892614400444,1
223.25,5.325276573472224,1
223.26,4.472915555294011,1
223.27,3.0992391466296416,1
223.28,3.547303800886587,1
223.29,3.8630985699408193,1
223.3,3.4248502853072393,1
223.31,3.720843044867542,1
223.32,3.096340890412897,1
223.33,3.94949258620494,1
223.34,4.151009299603277,1
223.35,3.3575653105333383,1
223.36,5.220347065098244,1
223.37,4.1144300662223765,1
223.38,3.4769406893864883,1
223.39000000000001,2.911324176367236,1
223.4,3.9735721322758644,1
223.41,3.829401827980533,1
223.42000000000002,4.497823715523896,1
223.43,3.9368466451509176,1
223.44,3.2216915004631925,1
223.45000000000002,5.037311879696503,1
223.46,4.344884743811893,1
223.47,3.855819997341548,1
223.48000000000002,4.098171444523893,1
223.49,4.313462429280627,1
223.5,3.091724216264738,1
223.51,4.047820027362773,1
223.52,3.710816063299596,1
223.53,4.311799878323537,1
223.54,3.538456535374793,1
223.55,3.5799593253796385,1
223.56,5.053716460241914,1
223.57,4.8618743810528064,1
223.58,1.9134569789513987,1
223.59,4.625348075551563,1
223.6,3.989733318031772,1
223.61,3.539894978272169,1
223.62,3.318909577395437,1
223.63,3.343319585110699,1
223.64000000000001,3.5194370533332466,1
223.65,3.2398499779415006,1
223.66,3.0754875295494704,1
223.67000000000002,3.269500495997597,1
223.68,4.165997323594053,1
223.69,4.042459777672752,1
223.70000000000002,4.363203341747966,1
223.71,3.9787295277437402,1
223.72,3.150912399977966,1
223.73000000000002,4.269862326803465,1
223.74,3.3643202546421906,1
223.75,4.381401290724794,1
223.76,3.2664014318535552,1
223.77,3.5099293516206838,1
223.78,3.736114404179485,1
223.79,4.421740219891143,1
223.8,4.139496524631842,1
223.81,4.021347228229707,1
223.82,5.224757322309826,1
223.83,2.8815975926738187,1
223.84,3.2591663850312687,1
223.85,3.254043603441212,1
223.86,2.8063921458201504,1
223.87,3.4615384422242683,1
223.88,4.413936847552205,1
223.89000000000001,3.6409582534028053,1
223.9,3.762395528175018,1
223.91,2.8681002998394662,1
223.92000000000002,3.4152771693136503,1
223.93,3.665353139569952,1
223.94,4.396729176867444,1
223.95000000000002,2.9370695110195313,1
223.96,3.641001326163504,1
223.97,4.683619075535422,1
223.98000000000002,3.752234225839396,1
223.99,2.6124965729327903,1
224.0,4.746716064590682,1
224.01,4.521625371860041,1
224.02,4.595387574291176,1
224.03,2.9043059504564592,1
224.04,4.9155834101397815,1
224.05,3.55321109803438,1
224.06,3.642653933110627,1
224.07,3.5225770687354503,1
224.08,4.585754876968398,1
224.09,3.918486917231317,1
224.1,4.307676741019249,1
224.11,4.067707385071255,1
224.12,3.9423964401079763,1
224.13,3.3822428810882355,1
224.14000000000001,5.138703838501675,1
224.15,3.118830086060516,1
224.16,4.214612116249972,1
224.17000000000002,4.257262426297048,1
224.18,4.764415516992029,1
224.19,4.946497922432444,1
224.20000000000002,3.9676481753175494,1
224.21,4.342194068519429,1
224.22,5.1656327918993625,1
224.23000000000002,4.027649394586747,1
224.24,3.3097260570289926,1
224.25,3.709129523434261,1
224.26,3.1360556843956715,1
224.27,4.189408850312013,1
224.28,4.702014529652101,1
224.29,3.9635856481675757,1
224.3,2.946089339953279,1
224.31,4.599641993968535,1
224.32,2.883464338222586,1
224.33,2.9299476525607417,1
224.34,3.8200857513245534,1
224.35,4.152570700422933,1
224.36,4.283120641216009,1
224.37,3.9740739826892395,1
224.38,5.140411778424207,1
224.39000000000001,4.110707812704405,1
224.4,4.6779650817515765,1
224.41,4.551276804568543,1
224.42000000000002,3.194222708459928,1
224.43,3.841527309490767,1
224.44,5.368163447311449,1
224.45000000000002,3.754852374316182,1
224.46,3.5475778192975915,1
224.47,4.0835290437474665,1
224.48000000000002,3.70102245116457,1
224.49,3.46708284203014,1
224.5,3.654456715615201,1
224.51,4.9083967273844795,1
224.52,3.965861642170689,1
224.53,3.1362581760139223,1
224.54,2.967310578994024,1
224.55,5.369877550846736,1
224.56,3.9372868497262297,1
224.57,4.278204321328246,1
224.58,3.5162003872393512,1
224.59,4.179237011068739,1
224.6,4.957609539066371,1
224.61,3.6342493389077424,1
224.62,4.275599337005458,1
224.63,3.1044470869556573,1
224.64000000000001,5.258760914876453,1
224.65,4.2497595392347085,1
224.66,3.7471529777790775,1
224.67000000000002,3.791559825482299,1
224.68,3.6565660587979063,1
224.69,3.681643009988537,1
224.70000000000002,2.3928928892504135,1
224.71,3.840010570742706,1
224.72,3.8996432974651327,1
224.73000000000002,4.311036347579726,1
224.74,3.6792313757152963,1
224.75,3.4804832042047558,1
224.76,3.963784383244648,1
224.77,2.9516759578206346,1
224.78,4.030157672940228,1
224.79,2.7938072342534683,1
224.8,4.654848015624864,1
224.81,4.483265034432718,1
224.82,3.428059696898951,1
224.83,4.39464906157378,1
224.84,4.096032600180754,1
224.85,3.351086912180621,1
224.86,2.6485646115672887,1
224.87,4.124226507363723,1
224.88,3.4921005374528615,1
224.89000000000001,4.6799739830700355,1
224.9,4.049903931734582,1
224.91,3.54908473292528,1
224.92000000000002,5.139434892627111,1
224.93,4.442381263260017,1
224.94,1.6550169479501817,1
224.95000000000002,3.5437159586269518,1
224.96,3.0745859569052247,1
224.97,3.4255431051898304,1
224.98000000000002,3.8716260165992367,1
224.99,4.222014481337155,1
225.0,4.182902527621143,1
225.01,4.710329402876851,1
225.02,4.455663217904137,1
225.03,4.400252236798401,1
225.04,4.15474918567228,1
225.05,4.844197293310792,1
225.06,3.8454424617201073,1
225.07,3.8023693840905763,1
225.08,2.7517510146249795,1
225.09,4.610374863275657,1
225.1,3.986710834823306,1
225.11,5.902610945764798,1
225.12,3.8510353081459576,1
225.13,4.0485341727571775,1
225.14000000000001,4.357500282907279,1
225.15,3.306505419894094,1
225.16,4.191026460158038,1
225.17000000000002,4.033950928006813,1
225.18,3.8049953679329587,1
225.19,4.749119111647667,1
225.20000000000002,3.458568819421118,1
225.21,4.145878577202255,1
225.22,4.952581012286606,1
225.23000000000002,3.5986782122351326,1
225.24,3.7832924737687903,1
225.25,5.508699034282531,1
225.26,4.398320596427175,1
225.27,3.6954636610031546,1
225.28,4.5024939960533095,1
225.29,3.6615540999660965,1
225.3,2.9643304977544873,1
225.31,4.828289280765389,1
225.32,3.3340005781166573,1
225.33,5.55078215085314,1
225.34,3.7755539200766095,1
225.35,5.370657108162155,1
225.36,3.1942060209125263,1
225.37,4.6170222830390335,1
225.38,4.361258207521889,1
225.39000000000001,4.565229492240041,1
225.4,4.661994921140321,1
225.41,3.716768239673316,1
225.42000000000002,3.1337903250725376,1
225.43,3.914990522241455,1
225.44,4.139607918088903,1
225.45000000000002,3.7022300272897453,1
225.46,4.1622188513046146,1
225.47,4.223603716748518,1
225.48000000000002,3.4229647236804572,1
225.49,4.221646683464975,1
225.5,3.839923905555979,1
225.51,3.5362275652640296,1
225.52,4.483045434247938,1
225.53,3.5248483378195306,1
225.54,3.6751917496497803,1
225.55,4.027260182099177,1
225.56,4.8933287699941586,1
225.57,4.178683615981646,1
225.58,4.353489778427247,1
225.59,3.8280902940580424,1
225.6,3.9387590774580605,1
225.61,3.9646125807835433,1
225.62,4.1881823305532855,1
225.63,3.819258611628391,1
225.64000000000001,4.858586228825788,1
225.65,3.8093941168551466,1
225.66,2.8808561822241296,1
225.67000000000002,5.712457198371601,1
225.68,3.8903411494983873,1
225.69,4.845443036666,1
225.70000000000002,4.962195542275307,1
225.71,4.671014137647663,1
225.72,3.9117750562663267,1
225.73000000000002,4.180715912631326,1
225.74,3.1839038401349695,1
225.75,5.24229971108837,1
225.76,3.5218615954343115,1
225.77,3.8065734019109394,1
225.78,4.052619702080169,1
225.79,3.933447159332108,1
225.8,3.569808430744916,1
225.81,4.878876042101525,1
225.82,4.669301267582484,1
225.83,4.249111623910097,1
225.84,3.755705109600624,1
225.85,4.675875297800614,1
225.86,3.7391918248307796,1
225.87,5.003267190650389,1
225.88,4.132359380705228,1
225.89000000000001,4.805859413691887,1
225.9,3.9745016426528443,1
225.91,4.044882897602466,1
225.92000000000002,4.797781628466095,1
225.93,5.4713490395823134,1
225.94,5.100692098546181,1
225.95000000000002,4.635151855714676,1
225.96,4.420453259513855,1
225.97,3.696304211649687,1
225.98000000000002,4.173331854182661,1
225.99,3.417987172373648,1
226.0,4.20889755572866,1
226.01,4.298051459312232,1
226.02,2.7456300029148304,1
226.03,3.949872531111399,1
226.04,4.266175194991272,1
226.05,3.9616571333974653,1
226.06,4.230011878413553,1
226.07,3.143252484930295,1
226.08,3.445191930178159,1
226.09,4.638209352460411,1
226.1,4.038663474365524,1
226.11,4.222843129370256,1
226.12,3.658771839584663,1
226.13,3.992174596933564,1
226.14000000000001,2.505918341370794,1
226.15,4.4592721340300745,1
226.16,5.20059548475157,1
226.17000000000002,3.3810215161148256,1
226.18,3.352746549701176,1
226.19,4.247220432271434,1
226.20000000000002,4.971128771200993,1
226.21,4.056906926046943,1
226.22,3.2057973009262204,1
226.23000000000002,3.8169909364780774,1
226.24,3.3207697109950014,1
226.25,3.525279348023389,1
226.26,3.774246095250614,1
226.27,3.3834820734704283,1
226.28,3.4582811740045387,1
226.29,4.015856687178578,1
226.3,4.140472860378505,1
226.31,3.0845087137860445,1
226.32,4.202254457699945,1
226.33,3.7643255219483596,1
226.34,4.453186055839893,1
226.35,4.533600546351717,1
226.36,3.6787019527783533,1
226.37,4.379198917625001,1
226.38,3.4797106307243633,1
226.39000000000001,4.827677780636712,1
226.4,3.5311579686450214,1
226.41,4.200743634567745,1
226.42000000000002,3.890318374663342,1
226.43,3.3336285075287106,1
226.44,4.54455793379514,1
226.45000000000002,3.6342069823281147,1
226.46,2.874996389542387,1
226.47,2.0625660931831913,1
226.48000000000002,3.3159996395896556,1
226.49,4.851689186623788,1
226.5,4.867158474279926,1
226.51,3.585782065110868,1
226.52,3.732189736613324,1
226.53,3.6822823238204374,1
226.54,3.11576756713432,1
226.55,3.3313164716851187,1
226.56,4.596477195959609,1
226.57,4.362725667793521,1
226.58,4.19895149606621,1
226.59,3.1456553221657853,1
226.6,4.014078479459825,1
226.61,2.5060434075399867,1
226.62,4.4571973855506855,1
226.63,4.195202723207742,1
226.64000000000001,3.1388864105818084,1
226.65,4.997116873934376,1
226.66,2.8944233914012276,1
226.67000000000002,4.277743404293264,1
226.68,4.376876117473502,1
226.69,3.2182785036112844,1
226.70000000000002,3.92853808642703,1
226.71,2.933691003050739,1
226.72,2.08921141516006,1
226.73000000000002,3.1924836790918203,1
226.74,3.551464909935109,1
226.75,4.391099952765937,1
226.76,4.067202313887201,1
226.77,4.06472714056567,1
226.78,3.345697516711893,1
226.79,3.6168551757102936,1
226.8,3.3736480092404886,1
226.81,3.1676202877979613,1
226.82,3.5648478443490683,1
226.83,4.022236662879908,1
226.84,3.6297897532909773,1
226.85,3.7678894894573145,1
226.86,4.436954213065668,1
226.87,3.701313291550525,1
226.88,3.116562635510124,1
226.89000000000001,4.3125787121642025,1
226.9,4.191245669726775,1
226.91,4.224718535679951,1
226.92000000000002,4.4195453481126945,1
226.93,4.3214549613389766,1
226.94,4.037927304910606,1
226.95000000000002,5.553919346790322,1
226.96,3.2595102446574353,1
226.97,3.575086110489112,1
226.98000000000002,4.602139702022774,1
226.99,4.1286424956075045,1
227.0,4.4994809523612,1
227.01,4.140111742242078,1
227.02,4.899934367131846,1
227.03,3.4002938563902663,1
227.04,4.8350444652666695,1
227.05,4.8098790873179045,1
227.06,3.2633221359865705,1
227.07,4.364993300767877,1
227.08,3.993974044215817,1
227.09,3.606070471071102,1
227.1,2.750973431703488,1
227.11,3.2692132379781738,1
227.12,4.41559644720739,1
227.13,4.55297955904588,1
227.14000000000001,3.896463714708933,1
227.15,4.523871431470831,1
227.16,4.6447443850737535,1
227.17000000000002,4.139019544330316,1
227.18,3.5396702094865957,1
227.19,4.25854888731953,1
227.20000000000002,4.331482707389462,1
227.21,4.457163590290641,1
227.22,4.5889285061793625,1
227.23000000000002,3.1515239081180804,1
227.24,3.6182345801406255,1
227.25,2.7452135899408505,1
227.26,4.409385466956673,1
227.27,3.886809315191545,1
227.28,4.272733197936473,1
227.29,3.0589009063810004,1
227.3,4.852530981194959,1
227.31,3.27623003859977,1
227.32,4.459132894011878,1
227.33,4.104077458595323,1
227.34,3.883328690016533,1
227.35,3.817712024419624,1
227.36,3.5750689722230544,1
227.37,4.814864907489882,1
227.38,4.057075466456884,1
227.39000000000001,3.1799168613497133,1
227.4,3.70167051883421,1
227.41,4.065370306765336,1
227.42000000000002,4.58644427207159,1
227.43,3.642891880874263,1
227.44,3.6296485174501054,1
227.45000000000002,3.992982353385514,1
227.46,4.566282245753996,1
227.47,3.145889373313183,1
227.48000000000002,4.2766420745267295,1
227.49,3.7155013225876408,1
227.5,3.772428829583213,1
227.51,5.285026009025924,1
227.52,3.9496266408311103,1
227.53,4.48664474833639,1
227.54,4.495650791510859,1
227.55,3.2641053761129615,1
227.56,2.7585010692382754,1
227.57,4.458187009123418,1
227.58,3.324455087533559,1
227.59,2.8796972343837526,1
227.6,4.598585581422199,1
227.61,3.3744815626026448,1
227.62,3.4612371949362877,1
227.63,5.248704683147164,1
227.64000000000001,2.9980379373179185,1
227.65,3.124767529248757,1
227.66,3.6492205909089925,1
227.67000000000002,3.8230676435116338,1
227.68,3.409496250025909,1
227.69,3.2128008104704127,1
227.70000000000002,4.932496073256872,1
227.71,4.2265827738742985,1
227.72,4.3932693854433875,1
227.73000000000002,3.9345604965789227,1
227.74,4.1838803789170775,1
227.75,4.6163264233951,1
227.76,3.390551946791763,1
227.77,4.1352663770528615,1
227.78,4.459728382576803,1
227.79,5.029892935602889,1
227.8,5.325641625731388,1
227.81,4.124865555924482,1
227.82,4.746273841931114,1
227.83,2.3122941870656923,1
227.84,4.905903733812098,1
227.85,3.583379893528856,1
227.86,3.818571790118539,1
227.87,4.275315664677989,1
227.88,3.9169610905616583,1
227.89000000000001,4.122482304460286,1
227.9,5.0374900919849885,1
227.91,3.8129563188108744,1
227.92000000000002,3.283549745864179,1
227.93,5.133640826260436,1
227.94,4.409798320811369,1
227.95000000000002,5.271792185832046,1
227.96,4.636655614987921,1
227.97,3.1794129837884917,1
227.98000000000002,4.369509034787247,1
227.99,3.3837565564671523,1
228.0,3.9678473619251524,1
228.01,3.9489451450937874,1
228.02,2.947349608818584,1
228.03,3.4094660040202625,1
228.04,5.395357309952077,1
228.05,4.2383875987159705,1
228.06,3.9003714011059003,1
228.07,5.17027793305332,1
228.08,3.8131277377395207,1
228.09,3.929471487247257,1
228.1,4.638629861175413,1
228.11,3.7783088061903425,1
228.12,3.5023342645618225,1
228.13,2.507837658382126,1
228.14000000000001,3.3028430467425576,1
228.15,3.344360398338475,1
228.16,4.063544285649251,1
228.17000000000002,3.607729664559028,1
228.18,5.376648978194462,1
228.19,3.3963786755798333,1
228.20000000000002,4.872562832826745,1
228.21,4.194935848027692,1
228.22,4.535154497407262,1
228.23000000000002,4.516148376521082,1
228.24,2.5917134834746003,1
228.25,3.9080070964950337,1
228.26,3.8243392201326514,1
228.27,3.2543513712076484,1
228.28,4.253479759139873,1
228.29,5.12894982792135,1
228.3,2.333414855164659,1
228.31,3.5532254953453837,1
228.32,3.1649043836172033,1
228.33,3.9964657942964292,1
228.34,3.7885154340093594,1
228.35,3.5943300190160166,1
228.36,4.423031789205175,1
228.37,5.086983694910064,1
228.38,5.791959595090459,1
228.39000000000001,3.6276248404219973,1
228.4,2.7962207269802306,1
228.41,4.290596076045726,1
228.42000000000002,5.062364876482674,1
228.43,4.591687495542714,1
228.44,5.077745704856044,1
228.45000000000002,3.918362463670405,1
228.46,3.5995922071021043,1
228.47,4.050873690452018,1
228.48000000000002,3.788579945568313,1
228.49,4.417549391102686,1
228.5,4.654266367860452,1
228.51,4.719283000532687,1
228.52,4.37444428400593,1
228.53,4.181963297939198,1
228.54,4.526364828622523,1
228.55,2.757935921034562,1
228.56,4.062100554367887,1
228.57,4.037775315736892,1
228.58,4.140519247483997,1
228.59,3.951578461766958,1
228.6,4.277295051964498,1
228.61,3.6438186956873904,1
228.62,4.711496616939743,1
228.63,4.350007482442573,1
228.64000000000001,4.118769795158878,1
228.65,3.554557246993703,1
228.66,4.50227462937155,1
228.67000000000002,4.164223271931225,1
228.68,3.519673903046502,1
228.69,3.9344167853910514,1
228.70000000000002,4.404232019346706,1
228.71,4.3821307984985225,1
228.72,4.338913362747275,1
228.73000000000002,4.080371847056865,1
228.74,4.670403716478989,1
228.75,4.843342422805697,1
228.76,4.528996800295714,1
228.77,3.6505844170552733,1
228.78,3.292533997142672,1
228.79,3.6046281746262645,1
228.8,5.243866737355444,1
228.81,4.2574044668490005,1
228.82,5.395141275782091,1
228.83,4.005720312074282,1
228.84,3.832417417920992,1
228.85,3.941895020526702,1
228.86,3.9367084901050244,1
228.87,3.4942354043832617,1
228.88,3.2242481143480757,1
228.89000000000001,4.278736601814798,1
228.9,4.701174315893161,1
228.91,5.628445097054991,1
228.92000000000002,3.8163012180985683,1
228.93,3.760164985560055,1
228.94,3.485214009584482,1
228.95000000000002,4.699517381046021,1
228.96,4.570758493428221,1
228.97,3.46526496992605,1
228.98000000000002,3.3825436651533773,1
228.99,4.580971765921469,1
229.0,4.283487060510344,1
229.01,4.509073772269634,1
229.02,3.457778685767722,1
229.03,2.7491444785065533,1
229.04,3.3572460399381105,1
229.05,4.407677724304571,1
229.06,5.394176184781575,1
229.07,3.8050019038031198,1
229.08,5.464941285266723,1
229.09,4.626307561481032,1
229.1,3.1337387748804475,1
229.11,4.086895675695533,1
229.12,4.565785260197514,1
229.13,2.4602236051850337,1
229.14000000000001,4.325751981268724,1
229.15,4.780440564877561,1
229.16,4.305623618106809,1
229.17000000000002,3.978290909069666,1
229.18,3.8864976821155737,1
229.19,3.8431012390724977,1
229.20000000000002,3.2275763388068497,1
229.21,3.5075692177421782,1
229.22,3.7001558778889634,1
229.23000000000002,4.055647769609837,1
229.24,3.642061334349663,1
229.25,3.414607470495204,1
229.26,4.457837773274302,1
229.27,4.2679353388548265,1
229.28,3.6662083888091783,1
229.29,4.308460629910847,1
229.3,3.7244856796705204,1
229.31,4.0243875573357295,1
229.32,4.634100058892325,1
229.33,3.646321306940756,1
229.34,3.2180846916823023,1
229.35,3.8589175631016257,1
229.36,3.1068794856532875,1
229.37,3.7663961454973465,1
229.38,3.803898049071276,1
229.39000000000001,2.3897243117702125,1
229.4,4.247674912231702,1
229.41,3.896326086137437,1
229.42000000000002,4.760628193838077,1
229.43,4.185481078715464,1
229.44,4.488412997407523,1
229.45000000000002,4.801436368716282,1
229.46,3.9626243262571412,1
229.47,3.9972233508132446,1
229.48000000000002,2.9788730113467463,1
229.49,4.742980348333173,1
229.5,3.9500461307347936,1
229.51,3.3444556758066377,1
229.52,4.440620701123025,1
229.53,2.612132110735688,1
229.54,3.6382023854585754,1
229.55,4.5676306378199705,1
229.56,3.750051230810799,1
229.57,3.519194531750313,1
229.58,3.7011383938957834,1
229.59,2.677968019242331,1
229.6,4.38490119729036,1
229.61,3.943362050853987,1
229.62,3.819909633623481,1
229.63,3.814874603051167,1
229.64000000000001,3.9980278569680716,1
229.65,4.423850751320371,1
229.66,3.9916507125647263,1
229.67000000000002,3.1160298375883286,1
229.68,4.320373308284967,1
229.69,4.342708845170365,1
229.70000000000002,4.1539143961526435,1
229.71,4.706882546693166,1
229.72,4.062123517372155,1
229.73000000000002,4.724820386470953,1
229.74,4.956528465787636,1
229.75,4.435213163180435,1
229.76,3.5408318069026987,1
229.77,3.887592348644035,1
229.78,4.797061194627909,1
229.79,3.076119363182946,1
229.8,3.6902562767384475,1
229.81,3.758889863566061,1
229.82,3.424159710696832,1
229.83,4.531798710917895,1
229.84,4.2763964476963645,1
229.85,3.555228543443914,1
229.86,4.366188021887871,1
229.87,3.9191862428867266,1
229.88,3.4175671686953173,1
229.89000000000001,3.502491930061239,1
229.9,4.25307207466041,1
229.91,4.624441113399733,1
229.92000000000002,3.721637147707581,1
229.93,4.336547525055933,1
229.94,5.046480732972406,1
229.95000000000002,3.2459971888707746,1
229.96,4.185528739730097,1
229.97,4.550085180308587,1
229.98000000000002,3.9712691556882067,1
229.99,4.801710138776205,1
230.0,5.474771724309163,1
230.01,4.311265191946589,1
230.02,3.867116131936594,1
230.03,4.625921692392656,1
230.04,4.583913951924385,1
230.05,2.4007444057498537,1
230.06,3.902269756372131,1
230.07,3.738108629640838,1
230.08,4.24168065311872,1
230.09,3.8888497414741603,1
230.1,3.9380662703924876,1
230.11,3.436206552105275,1
230.12,4.442756211062043,1
230.13,5.100404671315777,1
230.14000000000001,3.516030183678619,1
230.15,3.064512074105157,1
230.16,3.956849392465573,1
230.17000000000002,3.9788183412272713,1
230.18,4.758464184875494,1
230.19,3.2479705868181226,1
230.20000000000002,3.6058373464869415,1
230.21,2.582858213667154,1
230.22,4.8071006750335545,1
230.23000000000002,4.210986647397614,1
230.24,3.7119705101409273,1
230.25,3.124790222017896,1
230.26,3.149118930522722,1
230.27,4.217735491412994,1
230.28,3.2945347053699914,1
230.29,4.025153811308399,1
230.3,5.327030987826875,1
230.31,3.8540969485443948,1
230.32,3.3674328325561995,1
230.33,4.209903302088011,1
230.34,3.217265036041182,1
230.35,5.069011650564975,1
230.36,4.974849767887205,1
230.37,3.9519716877321267,1
230.38,3.4149285129147366,1
230.39000000000001,3.6886438933665477,1
230.4,3.7894822264101626,1
230.41,4.236238391025262,1
230.42000000000002,4.688717850974152,1
230.43,3.368803674260191,1
230.44,4.618035607328772,1
230.45000000000002,4.437854441003728,1
230.46,3.6968027468071427,1
230.47,3.27671803190834,1
230.48000000000002,4.0320182332615815,1
230.49,3.3144294158748195,1
230.5,4.623059530434068,1
230.51,3.3081758983670775,1
230.52,4.313858185436982,1
230.53,3.966525260185427,1
230.54,3.6342418632849722,1
230.55,3.9113344540288755,1
230.56,4.695404407921597,1
230.57,3.268153147509809,1
230.58,3.6886700859292985,1
230.59,3.4935672210938122,1
230.6,3.944558119242418,1
230.61,3.5524327059352108,1
230.62,2.8259636750067343,1
230.63,3.244954038988535,1
230.64000000000001,5.0173201033501575,1
230.65,4.221123611256371,1
230.66,4.151054064027015,1
230.67000000000002,3.825696144960035,1
230.68,3.956045699232493,1
230.69,3.718488325471723,1
230.70000000000002,4.324995782466941,1
230.71,4.0849074495138975,1
230.72,3.2451417297440748,1
230.73000000000002,4.119332305479841,1
230.74,2.411857009978567,1
230.75,4.1732352485457165,1
230.76,3.0959625922215936,1
230.77,3.8834344353020445,1
230.78,3.2178970985486104,1
230.79,3.9549055994877835,1
230.8,4.372498177605436,1
230.81,4.997427603047006,1
230.82,3.0597681948594126,1
230.83,4.576501180493563,1
230.84,4.119685742306732,1
230.85,3.714775251179836,1
230.86,4.475903409676139,1
230.87,3.8754793323280023,1
230.88,4.458083327973224,1
230.89000000000001,3.3836716884545552,1
230.9,3.552313504590834,1
230.91,4.585373837126781,1
230.92000000000002,4.998893284987274,1
230.93,4.037203886927032,1
230.94,2.1937585000872137,1
230.95000000000002,3.7624765739474126,1
230.96,4.0067875982572705,1
230.97,3.849377151448165,1
230.98000000000002,4.209188823248897,1
230.99,3.7031183641640912,1
231.0,4.5264707974589715,1
231.01,3.274590905866909,1
231.02,4.758978696393302,1
231.03,5.051274729956625,1
231.04,3.4706568971381495,1
231.05,3.375469402738413,1
231.06,4.2289991713602255,1
231.07,3.2434369842265593,1
231.08,3.634991217842884,1
231.09,4.6934508751726005,1
231.1,4.520187671404807,1
231.11,5.316019963754266,1
231.12,4.189770896152557,1
231.13,3.6150568771238083,1
231.14000000000001,4.010151686236494,1
231.15,3.9029030277712757,1
231.16,3.905571976556056,1
231.17000000000002,3.978889783780133,1
231.18,3.394176176246503,1
231.19,4.146761618820974,1
231.20000000000002,3.094824195107875,1
231.21,3.4805915998776067,1
231.22,3.8917035135098175,1
231.23000000000002,2.5274386185623174,1
231.24,4.41059028443149,1
231.25,2.6924893423135585,1
231.26,4.3559972356764405,1
231.27,3.182547746340597,1
231.28,3.6882298978398795,1
231.29,4.3181207838998406,1
231.3,5.445303792641198,1
231.31,4.162275641409178,1
231.32,2.7233511894307334,1
231.33,4.542186078221228,1
231.34,3.882055790719247,1
231.35,4.038280808311167,1
231.36,4.364254529691122,1
231.37,2.5779656395528168,1
231.38,3.918919234393478,1
231.39000000000001,3.729313899631553,1
231.4,4.776520687128208,1
231.41,4.518363697262696,1
231.42000000000002,2.975455880601211,1
231.43,4.757755552672104,1
231.44,4.337130221907446,1
231.45000000000002,3.0163326798235346,1
231.46,3.9771541881146972,1
231.47,4.670054387102245,1
231.48000000000002,3.252496458078827,1
231.49,4.848961837095427,1
231.5,3.069500378380166,1
231.51,3.430798928344239,1
231.52,3.3540860462088986,1
231.53,4.854639623312259,1
231.54,3.732692895494283,1
231.55,3.2294922445484002,1
231.56,4.242635239585903,1
231.57,4.443551479021815,1
231.58,4.459729828942975,1
231.59,3.851531085398584,1
231.6,4.156241087157566,1
231.61,3.5874844178219787,1
231.62,5.0619088710166125,1
231.63,4.806107958331372,1
231.64000000000001,4.751020214475536,1
231.65,4.560306616985244,1
231.66,4.370836409681356,1
231.67000000000002,3.2148717866675556,1
231.68,4.363796480250537,1
231.69,4.095966377498661,1
231.70000000000002,4.825465169166262,1
231.71,4.573404846508934,1
231.72,4.391507070643741,1
231.73000000000002,2.930716625545325,1
231.74,3.8780968732516827,1
231.75,3.630709165922175,1
231.76,4.141584866322303,1
231.77,3.738875345380944,1
231.78,3.8052909139153464,1
231.79,4.2861519391208205,1
231.8,3.736785399982776,1
231.81,4.063099234353897,1
231.82,3.0179475397323685,1
231.83,3.4009906803177605,1
231.84,4.389719496467216,1
231.85,3.2251989164411246,1
231.86,4.76177442297264,1
231.87,4.67792497118495,1
231.88,3.8666401522802545,1
231.89000000000001,5.937663895446345,1
231.9,4.9228214167925275,1
231.91,3.439449264066313,1
231.92000000000002,4.450506279967414,1
231.93,4.0697642406393655,1
231.94,3.500232567879382,1
231.95000000000002,3.275825933359039,1
231.96,4.602065148964513,1
231.97,3.6481595838982708,1
231.98000000000002,3.9127892470645396,1
231.99,3.3971790734026066,1
232.0,3.4784042191782767,1
232.01,3.8863489141658953,1
232.02,4.24504484234479,1
232.03,2.3353003449128424,1
232.04,3.9110960761394424,1
232.05,3.510560855055632,1
232.06,4.880527132389539,1
232.07,5.962174722942269,1
232.08,3.884619846130854,1
232.09,2.8756454504986593,1
232.1,4.008371888128705,1
232.11,3.867213818139979,1
232.12,5.271102191102747,1
232.13,5.15759753704396,1
232.14000000000001,4.630936181511031,1
232.15,3.657192069080849,1
232.16,4.419186090304211,1
232.17000000000002,4.1970949618174185,1
232.18,4.16840317713402,1
232.19,2.9990795617579113,1
232.20000000000002,4.628868323066796,1
232.21,4.107681263315216,1
232.22,3.9410320906490712,1
232.23000000000002,3.607063019887258,1
232.24,3.4615024249089226,1
232.25,4.173536696109803,1
232.26,2.8755047462282803,1
232.27,4.444779932155448,1
232.28,3.3427526772188996,1
232.29,2.624833542704142,1
232.3,5.099588428477752,1
232.31,3.5092235906775233,1
232.32,3.5019956484759946,1
232.33,4.706241047392411,1
232.34,5.245582907787202,1
232.35,3.0800791773848357,1
232.36,3.3244152367720248,1
232.37,3.3867573451614645,1
232.38,4.569731817394539,1
232.39000000000001,5.097700278488242,1
232.4,3.364962886738666,1
232.41,4.879825498423843,1
232.42000000000002,3.5927476752821166,1
232.43,4.193651129059162,1
232.44,3.186663105199894,1
232.45000000000002,3.87208780469194,1
232.46,3.920232123222482,1
232.47,3.790730095967205,1
232.48000000000002,4.237224121461928,1
232.49,3.3608426735619834,1
232.5,3.388265305090571,1
232.51,4.247400040201741,1
232.52,4.885595370496452,1
232.53,4.038333537186832,1
232.54,4.329096188854535,1
232.55,4.511610024714138,1
232.56,4.569552406924263,1
232.57,3.4154987024237933,1
232.58,3.4607831941494194,1
232.59,3.5199066208200462,1
232.6,5.222547831768063,1
232.61,4.403083158536424,1
232.62,4.324797639617993,1
232.63,4.257112215773307,1
232.64000000000001,3.1584577421804916,1
232.65,5.207061543088598,1
232.66,4.383334432691049,1
232.67000000000002,4.492207278994007,1
232.68,2.8840111213002353,1
232.69,4.438896165559691,1
232.70000000000002,3.795212821685671,1
232.71,3.1294528872128464,1
232.72,3.3289377000301537,1
232.73000000000002,3.1390362870675013,1
232.74,3.1166834900615688,1
232.75,3.9862861878187283,1
232.76,3.7482342790523067,1
232.77,4.2016479285846495,1
232.78,5.09952053215373,1
232.79,3.981945474029824,1
232.8,2.5423675759757307,1
232.81,3.7555525634016127,1
232.82,4.759642007060725,1
232.83,3.989818503141047,1
232.84,4.991663104932839,1
232.85,4.353381402363642,1
232.86,2.8284802715629063,1
232.87,4.000808952247414,1
232.88,4.19275157358606,1
232.89000000000001,4.712531209288558,1
232.9,5.223384749782019,1
232.91,4.6623616763801605,1
232.92000000000002,4.325537742859563,1
232.93,4.458262787508963,1
232.94,3.9184880882521904,1
232.95000000000002,3.045951801628722,1
232.96,3.969680969947494,1
232.97,4.2351917960173635,1
232.98000000000002,3.2331436000786478,1
232.99,4.814739134908729,1
233.0,4.701224116662236,1
233.01,3.152034934989178,1
233.02,4.835313619218847,1
233.03,3.850075530219433,1
233.04,3.4858966708479273,1
233.05,4.669420407105917,1
233.06,4.00703964365253,1
233.07,5.232668786887759,1
233.08,3.5205816774095453,1
233.09,2.847685376090355,1
233.1,3.748904648430645,1
233.11,4.497004680420687,1
233.12,3.4282630755630494,1
233.13,3.1026881562841995,1
233.14000000000001,4.094696014577237,1
233.15,3.0559991323448075,1
233.16,4.142351048700831,1
233.17000000000002,3.7875349679168178,1
233.18,4.308076268100142,1
233.19,3.1206163930361646,1
233.20000000000002,4.789522811701631,1
233.21,3.9286132968866614,1
233.22,4.491112404990072,1
233.23000000000002,4.652261727272567,1
233.24,3.288151916181056,1
233.25,4.529723324236711,1
233.26,3.1071588270397887,1
233.27,3.057444503345346,1
233.28,5.217746222664941,1
233.29,4.7944674217424526,1
233.3,5.393121384743566,1
233.31,3.843381704143944,1
233.32,4.057061584310406,1
233.33,4.345586719087609,1
233.34,4.012822366537239,1
233.35,3.516654694782757,1
233.36,3.38959359244091,1
233.37,4.102135622469662,1
233.38,3.3139185917125267,1
233.39000000000001,3.248455990721509,1
233.4,4.210268272261739,1
233.41,3.9508739546948615,1
233.42000000000002,4.605138993164616,1
233.43,3.7606135176247353,1
233.44,3.6085011262015705,1
233.45000000000002,4.251323770715449,1
233.46,3.4882141834909444,1
233.47,3.5422805330952363,1
233.48000000000002,3.571265722283174,1
233.49,3.8382151469239307,1
233.5,5.140301041459383,1
233.51,3.175117621564695,1
233.52,4.791069875168625,1
233.53,4.526161595302695,1
233.54,5.048270928251757,1
233.55,6.098068955538952,1
233.56,5.054652290770794,1
233.57,4.6638786467715425,1
233.58,3.1882470955334075,1
233.59,3.181639487141273,1
233.6,4.184600186585654,1
233.61,2.909315055440465,1
233.62,4.333873703515043,1
233.63,2.634833303956845,1
233.64000000000001,4.665692370302676,1
233.65,3.8312130681878385,1
233.66,4.072012546673617,1
233.67000000000002,3.5187551451716086,1
233.68,2.739306420720479,1
233.69,4.725464420763192,1
233.70000000000002,4.910169592303291,1
233.71,3.826554739625412,1
233.72,4.419072345594608,1
233.73000000000002,3.771522672911792,1
233.74,4.1734719217021325,1
233.75,4.502959800921769,1
233.76,4.390332754107666,1
233.77,4.8934798649264355,1
233.78,4.390273593346422,1
233.79,4.041638528047484,1
233.8,3.5084676459755637,1
233.81,3.6600399176181346,1
233.82,4.505187188271225,1
233.83,3.0558827153055335,1
233.84,4.660832749075891,1
233.85,3.8572357777729693,1
233.86,3.46029894125651,1
233.87,3.2547338878980487,1
233.88,4.392833372245768,1
233.89000000000001,4.014070268191698,1
233.9,5.031681079891788,1
233.91,3.2423808228808677,1
233.92000000000002,3.5794135557262416,1
233.93,3.914929056599835,1
233.94,3.507069325339413,1
233.95000000000002,3.974394125920914,1
233.96,4.2057649927873815,1
233.97,4.326693297359525,1
233.98000000000002,4.996846428518119,1
233.99,3.214080144777376,1
234.0,4.171993480767018,1
234.01,3.590564381672401,1
234.02,4.254438990640072,1
234.03,4.295127146897668,1
234.04,3.3773657664921637,1
234.05,3.3779482221435684,1
234.06,4.294645722467477,1
234.07,4.032864267364753,1
234.08,3.859474848799007,1
234.09,4.418489391580744,1
234.1,4.499869490298889,1
234.11,3.686352822100321,1
234.12,3.4283444308600144,1
234.13,3.1469311073079527,1
234.14000000000001,3.970521867958066,1
234.15,3.074843730746495,1
234.16,4.009002685510485,1
234.17000000000002,4.790059092869812,1
234.18,3.8180686156819355,1
234.19,3.641179259239763,1
234.20000000000002,5.274730272501083,1
234.21,5.056022055109627,1
234.22,3.5672680935281535,1
234.23000000000002,4.064231861233225,1
234.24,4.217109868934129,1
234.25,4.14516736937216,1
234.26,5.186122700943386,1
234.27,4.12776464113631,1
234.28,4.161590732564858,1
234.29,4.456519474444109,1
234.3,4.799445522583932,1
234.31,4.655854047260712,1
234.32,4.388476227112758,1
234.33,3.011979023164955,1
234.34,3.6240008568253956,1
234.35,4.509104248873355,1
234.36,4.193012177542629,1
234.37,4.547596900653076,1
234.38,5.257303779062474,1
234.39000000000001,3.31179043198321,1
234.4,4.697016484256377,1
234.41,3.8274716121859496,1
234.42000000000002,4.596530333270961,1
234.43,4.00904660856047,1
234.44,5.3806049077071725,1
234.45000000000002,4.167240464088467,1
234.46,3.594450259334664,1
234.47,4.248093824140459,1
234.48000000000002,4.225069082134728,1
234.49,4.751934481921511,1
234.5,4.335825693583373,1
234.51,5.626043120502337,1
234.52,4.02528035957727,1
234.53,3.9368805146476245,1
234.54,3.6043940820621323,1
234.55,4.031847742526566,1
234.56,4.151828710339656,1
234.57,4.191567254122755,1
234.58,4.05508734386188,1
234.59,3.607635583882743,1
234.6,3.404408280047547,1
234.61,3.720840924688439,1
234.62,4.723913131363948,1
234.63,4.923765696531725,1
234.64000000000001,4.00548912280312,1
234.65,3.389403064510694,1
234.66,3.9106963959188135,1
234.67000000000002,5.351774861624226,1
234.68,4.729265738475092,1
234.69,4.401093743877281,1
234.70000000000002,4.648683463827849,1
234.71,5.038485217123037,1
234.72,3.3142961516357463,1
234.73000000000002,3.704490954654121,1
234.74,3.639219557994015,1
234.75,4.35928998838442,1
234.76,4.125441979575828,1
234.77,4.498243175680024,1
234.78,3.7010114060417525,1
234.79,4.872222886132889,1
234.8,4.007347656449568,1
234.81,4.4510821171881245,1
234.82,4.802679264693531,1
234.83,4.771685689159933,1
234.84,4.280417056935162,1
234.85,4.548441012355511,1
234.86,5.1629463120692005,1
234.87,4.403016125566179,1
234.88,3.5507652621881083,1
234.89000000000001,4.351346106442557,1
234.9,3.9968916330268476,1
234.91,2.4763623988516743,1
234.92000000000002,4.208339434288813,1
234.93,4.088186684252222,1
234.94,4.755608523831084,1
234.95000000000002,3.5586540349152833,1
234.96,2.996571230225985,1
234.97,4.049239297883496,1
234.98000000000002,4.249624451224048,1
234.99,4.075858998043618,1
235.0,4.017987933272634,1
235.01,3.3076582936983843,1
235.02,3.8683260381821065,1
235.03,3.7660437754667733,1
235.04,4.681967107200042,1
235.05,4.2870353022257826,1
235.06,3.8368495388906854,1
235.07,5.108717378177228,1
235.08,3.892047958802669,1
235.09,4.355431049178185,1
235.1,3.913022470163218,1
235.11,5.053120313833155,1
235.12,4.119544355542785,1
235.13,4.082705582009542,1
235.14000000000001,3.914210397587268,1
235.15,4.122355249502237,1
235.16,4.78563618542798,1
235.17000000000002,4.595946140592047,1
235.18,4.053973407411573,1
235.19,5.107107378539663,1
235.20000000000002,4.632844795472409,1
235.21,3.753666094396649,1
235.22,3.089609999439638,1
235.23000000000002,3.6761036327446344,1
235.24,4.248758869909946,1
235.25,4.402406418684908,1
235.26,4.905992254424043,1
235.27,3.3441864248651756,1
235.28,3.6757144934320207,1
235.29,3.216454218406111,1
235.3,3.084335572954129,1
235.31,3.5377131597261475,1
235.32,4.210131425309721,1
235.33,4.513110922964728,1
235.34,3.4154670607969817,1
235.35,3.4398463825767007,1
235.36,2.8115899896443883,1
235.37,4.067773316554952,1
235.38,3.529033487560713,1
235.39000000000001,5.050764904047575,1
235.4,4.328941705412332,1
235.41,3.90849754145574,1
235.42000000000002,3.5785375524329694,1
235.43,3.0049269509044865,1
235.44,3.0527808149862588,1
235.45000000000002,3.5395037896404284,1
235.46,3.518901807707019,1
235.47,3.322842495694707,1
235.48000000000002,4.204040523950993,1
235.49,4.345912833264986,1
235.5,3.723180795465786,1
235.51,5.238973652555034,1
235.52,2.941009846900908,1
235.53,3.97419901202715,1
235.54,3.8566307774834465,1
235.55,3.6340871743363734,1
235.56,3.525381382045839,1
235.57,3.9670071094347032,1
235.58,3.8516914442741568,1
235.59,3.7368406529604288,1
235.6,3.141563548426391,1
235.61,2.8986160291012286,1
235.62,3.7467191215008713,1
235.63,3.723911555980619,1
235.64000000000001,3.855591475159543,1
235.65,3.920858521970022,1
235.66,3.6562368680219235,1
235.67000000000002,3.841558127353872,1
235.68,3.436699615881177,1
235.69,4.954982128702344,1
235.70000000000002,3.538404371043619,1
235.71,3.73160123988765,1
235.72,3.514280957877059,1
235.73000000000002,3.4903461179807027,1
235.74,3.9854089287661605,1
235.75,3.9327920211744094,1
235.76,3.6978563208679334,1
235.77,3.797943950690623,1
235.78,3.5208407700815547,1
235.79,4.231901667950513,1
235.8,5.347382639230006,1
235.81,3.5132206153163508,1
235.82,4.226407979783028,1
235.83,4.0427486631540885,1
235.84,4.436391260421098,1
235.85,4.478282917137264,1
235.86,4.161974678674832,1
235.87,3.983881738326442,1
235.88,3.7171490395630595,1
235.89000000000001,3.4867005234227357,1
235.9,3.906365763372474,1
235.91,3.160903529425956,1
235.92000000000002,3.5643432561561315,1
235.93,4.692019264916375,1
235.94,4.105438736377609,1
235.95000000000002,4.585512837449203,1
235.96,4.988678262900678,1
235.97,3.9444588606411455,1
235.98000000000002,4.131186533930374,1
235.99,3.812024838949826,1
236.0,3.461479351985155,1
236.01,3.3493753707023726,1
236.02,4.508022889054869,1
236.03,4.165844791659945,1
236.04,5.208080210776965,1
236.05,4.703180294774673,1
236.06,3.5677586650419437,1
236.07,4.519303850222359,1
236.08,3.833216390801712,1
236.09,4.779526784857361,1
236.1,3.731224110553302,1
236.11,3.3010290210527486,1
236.12,3.441752814055183,1
236.13,3.4833450257562064,1
236.14000000000001,3.423821035489158,1
236.15,3.593904438712772,1
236.16,4.531480748821915,1
236.17000000000002,5.197214313932212,1
236.18,3.208767398675841,1
236.19,4.772329878622484,1
236.20000000000002,3.736391794611156,1
236.21,4.209899763415446,1
236.22,2.939336161746165,1
236.23000000000002,4.276369257204263,1
236.24,2.7154774284094865,1
236.25,4.1266188075015675,1
236.26,4.174512298064817,1
236.27,4.134402019749926,1
236.28,3.531233143406311,1
236.29,4.328422801079054,1
236.3,4.273450371267835,1
236.31,3.8801835791453256,1
236.32,4.42872694081853,1
236.33,3.963692878885798,1
236.34,4.340907498941067,1
236.35,3.938780298733418,1
236.36,4.136929342216749,1
236.37,4.381112640115823,1
236.38,3.7646895630242043,1
236.39000000000001,3.1853324830959573,1
236.4,4.130247998919913,1
236.41,4.779526433432043,1
236.42000000000002,4.240869396215638,1
236.43,4.220872106209161,1
236.44,3.9858872476858958,1
236.45000000000002,4.478714810643963,1
236.46,3.9080826087290697,1
236.47,3.6999822891828793,1
236.48000000000002,4.699148436785004,1
236.49,3.697720288813959,1
236.5,4.5589777132125135,1
236.51,4.751101601923811,1
236.52,4.412833328210258,1
236.53,3.2142298353464485,1
236.54,3.970472681225915,1
236.55,3.8671649158717436,1
236.56,3.670211221342547,1
236.57,4.072834035109932,1
236.58,4.503453385117904,1
236.59,3.732684964361201,1
236.6,3.872763058104211,1
236.61,3.8359597697410353,1
236.62,4.74531080889779,1
236.63,3.8779043258951824,1
236.64000000000001,3.1917561388022855,1
236.65,2.9306153015618226,1
236.66,4.171186360125406,1
236.67000000000002,3.5167188507602747,1
236.68,4.404890946364295,1
236.69,3.1605593959423093,1
236.70000000000002,3.5999717511928475,1
236.71,3.1126867220540606,1
236.72,4.228749215422148,1
236.73000000000002,4.434716018239761,1
236.74,4.245792764908172,1
236.75,3.310160648680737,1
236.76,3.4747365355354525,1
236.77,4.120513890185212,1
236.78,2.912175355975645,1
236.79,3.77827518976451,1
236.8,4.970908611607826,1
236.81,3.941494147556817,1
236.82,3.0306788009755645,1
236.83,3.547736026644645,1
236.84,3.563652725246427,1
236.85,5.362513451325104,1
236.86,5.162491607765015,1
236.87,4.544001563110476,1
236.88,3.8100424995543754,1
236.89000000000001,4.767605826362897,1
236.9,3.3106349276628695,1
236.91,4.657151321770755,1
236.92000000000002,4.641525170671509,1
236.93,3.940294016882364,1
236.94,4.7355546949770515,1
236.95000000000002,3.7539632680420176,1
236.96,3.1644136420068305,1
236.97,4.584396826250174,1
236.98000000000002,3.9797557297841935,1
236.99,4.389238017807163,1
237.0,5.204798207417245,1
237.01,3.6036685445577317,1
237.02,3.883191339799136,1
237.03,5.0114157801861765,1
237.04,4.494577450297118,1
237.05,3.5756353472961484,1
237.06,3.3548949916981146,1
237.07,3.618659694855729,1
237.08,3.4980147477275243,1
237.09,4.12387921485359,1
237.1,4.058323331455698,1
237.11,4.184676937426001,1
237.12,3.465536933182678,1
237.13,3.921973126494015,1
237.14000000000001,2.6615208718106533,1
237.15,4.013775548235097,1
237.16,4.763486446588865,1
237.17000000000002,3.1213928013982475,1
237.18,4.260945797006603,1
237.19,3.619212950526432,1
237.20000000000002,4.497838754024248,1
237.21,4.132805383654373,1
237.22,4.270552065514499,1
237.23000000000002,4.058292745777653,1
237.24,4.865357689426228,1
237.25,4.277331435125286,1
237.26,3.558940561902553,1
237.27,4.037585616977113,1
237.28,3.762914439043457,1
237.29,4.091144626374104,1
237.3,3.733109937922421,1
237.31,3.544852200698255,1
237.32,4.101984711627277,1
237.33,4.042317008580453,1
237.34,4.692864369089248,1
237.35,3.7723364768244334,1
237.36,2.7011048763411667,1
237.37,3.6859763862607062,1
237.38,2.925883229589079,1
237.39000000000001,4.205253002236196,1
237.4,2.926241753078009,1
237.41,3.294290751390852,1
237.42000000000002,3.7225643607474743,1
237.43,4.98511370381903,1
237.44,3.3629846602412665,1
237.45000000000002,3.969827791743463,1
237.46,4.374495258114683,1
237.47,4.9853711586980705,1
237.48000000000002,4.563778017785856,1
237.49,4.743585174532756,1
237.5,4.6054025477093745,1
237.51,3.2518101708350353,1
237.52,4.188487258855047,1
237.53,4.561945025877043,1
237.54,3.4131116276152733,1
237.55,3.5886217084305745,1
237.56,3.454182892945838,1
237.57,4.468551130522652,1
237.58,3.9831614716128403,1
237.59,3.7908155851355594,1
237.6,3.155864395119355,1
237.61,3.905624521501609,1
237.62,3.6260697176741132,1
237.63,4.135449936491965,1
237.64000000000001,3.2665367944081174,1
237.65,4.07142293834664,1
237.66,3.7194814109270733,1
237.67000000000002,3.1725888782138107,1
237.68,3.0891750305478514,1
237.69,3.1816656051105316,1
237.70000000000002,3.8169822535977835,1
237.71,4.067524275255892,1
237.72,4.179120839273779,1
237.73000000000002,4.210296485528702,1
237.74,3.5204659418765294,1
237.75,4.6579503988631,1
237.76,3.75254830239548,1
237.77,4.277223092100449,1
237.78,3.9101245887797473,1
237.79,4.238321402849954,1
237.8,3.8752370311088002,1
237.81,4.2479159235891,1
237.82,4.0100808427654115,1
237.83,4.528648169501057,1
237.84,3.500532337213928,1
237.85,2.8216752118247475,1
237.86,3.2977580450524853,1
237.87,4.651410690460353,1
237.88,3.938802405363908,1
237.89000000000001,4.056060826424825,1
237.9,3.3197337167746945,1
237.91,4.001717177343133,1
237.92000000000002,3.3364725817516265,1
237.93,3.3919561140740013,1
237.94,3.702374303497728,1
237.95000000000002,4.2709344424826305,1
237.96,4.374310750153404,1
237.97,4.398159735303937,1
237.98000000000002,2.9934946430234124,1
237.99,3.935285557823571,1
238.0,3.868439384100786,1
238.01,2.9979820623186497,1
238.02,3.950249654240213,1
238.03,3.8345305519405093,1
238.04,4.321964495348414,1
238.05,4.072033324490062,1
238.06,3.64790693928377,1
238.07,4.579535890500519,1
238.08,2.5935715643006056,1
238.09,3.8739172183723154,1
238.1,2.848386790950847,1
238.11,3.3390458095727698,1
238.12,4.300857069872118,1
238.13,3.1913152171084294,1
238.14000000000001,3.0277295825962964,1
238.15,5.487138625832348,1
238.16,3.207282236230574,1
238.17000000000002,5.02334267059044,1
238.18,3.9496708114474717,1
238.19,3.6564559234656677,1
238.20000000000002,4.347134771310506,1
238.21,4.888049010341511,1
238.22,3.3096808867290446,1
238.23000000000002,3.6275160203965178,1
238.24,4.527124557816366,1
238.25,4.218486519395885,1
238.26,4.7280653748060395,1
238.27,4.377903468490901,1
238.28,5.195902284470776,1
238.29,4.187627589256429,1
238.3,4.155175148738455,1
238.31,4.218052647345547,1
238.32,3.9206322674864333,1
238.33,4.5455014326471215,1
238.34,4.186529293183165,1
238.35,4.522585761473798,1
238.36,4.644173989362803,1
238.37,4.31664423842185,1
238.38,4.344526727697797,1
238.39000000000001,3.365140393372174,1
238.4,3.604823085785017,1
238.41,4.523500981266146,1
238.42000000000002,4.955103176787204,1
238.43,2.7982988943498572,1
238.44,3.5594518868685054,1
238.45000000000002,3.988892843759442,1
238.46,3.428834848940105,1
238.47,3.4320555378777104,1
238.48000000000002,4.274065092993476,1
238.49,5.042486407464113,1
238.5,2.7442432497693625,1
238.51,3.8140447350776023,1
238.52,4.289432379554231,1
238.53,4.523591351308471,1
238.54,4.238474538434662,1
238.55,5.157157430678151,1
238.56,4.088184880294708,1
238.57,4.856549990987018,1
238.58,3.6320109457616914,1
238.59,4.015541670814754,1
238.6,3.214087856911057,1
238.61,4.537352196054462,1
238.62,3.95409431625093,1
238.63,4.229410321504519,1
238.64000000000001,3.810441980826044,1
238.65,4.369118304957746,1
238.66,4.280013764301322,1
238.67000000000002,3.3714421878073324,1
238.68,3.3544847061812657,1
238.69,3.9432519263567216,1
238.70000000000002,4.424545790581211,1
238.71,5.234173303993816,1
238.72,4.270639636145098,1
238.73000000000002,4.669953915200796,1
238.74,2.99373286430494,1
238.75,5.245687992180075,1
238.76,4.4677280249595706,1
238.77,3.995878838850206,1
238.78,3.892893167596694,1
238.79,3.275190313195655,1
238.8,3.423636773499795,1
238.81,5.204964142289183,1
238.82,3.4306031421446987,1
238.83,3.311642882813592,1
238.84,3.50307759576056,1
238.85,3.192770301762258,1
238.86,3.9614975669158468,1
238.87,4.704206513256191,1
238.88,3.6461472987484447,1
238.89000000000001,3.08771629420703,1
238.9,4.134631045491315,1
238.91,3.9718898580490167,1
238.92000000000002,4.648910103538599,1
238.93,3.7440364658366816,1
238.94,3.8158449390643274,1
238.95000000000002,3.8919310676567833,1
238.96,4.051264307219416,1
238.97,3.7483704794264265,1
238.98000000000002,3.625033077235983,1
238.99,2.7769233833150926,1
239.0,3.5597758165322837,1
239.01,4.437644107532627,1
239.02,4.577922549860349,1
239.03,3.729003586871853,1
239.04,4.826884344585226,1
239.05,4.030989028113688,1
239.06,3.1338258915551833,1
239.07,2.8759149492435014,1
239.08,4.7229958997480805,1
239.09,3.8013641404052514,1
239.1,3.2003616446354046,1
239.11,2.4861379236753063,1
239.12,3.6524162086421965,1
239.13,4.241759045389591,1
239.14000000000001,3.561823333726038,1
239.15,3.29033345384188,1
239.16,3.60096910682173,1
239.17000000000002,4.782677112748203,1
239.18,3.143153833224554,1
239.19,3.5322350273546403,1
239.20000000000002,4.757508768609413,1
239.21,4.366086406676972,1
239.22,4.138188494852946,1
239.23000000000002,3.5875606876946695,1
239.24,3.995046047874474,1
239.25,3.650743695743623,1
239.26,3.421450024888133,1
239.27,3.26451444914554,1
239.28,4.464614785600911,1
239.29,3.9886836400926686,1
239.3,4.2033866390166175,1
239.31,4.110613151484528,1
239.32,4.292717687010841,1
239.33,3.8522941374168735,1
239.34,3.678624352377562,1
239.35,3.4517399850627664,1
239.36,3.0496802978708084,1
239.37,3.214973219409409,1
239.38,3.7158047986621434,1
239.39000000000001,2.942849870279289,1
239.4,3.039703887209128,1
239.41,4.6185527604179955,1
239.42000000000002,4.1825673042959,1
239.43,3.7177892905398817,1
239.44,5.456930617320279,1
239.45000000000002,3.017983710784735,1
239.46,4.574083857981789,1
239.47,3.9621226105746734,1
239.48000000000002,4.507088588365151,1
239.49,4.101117640743486,1
239.5,2.791300269738727,1
239.51,3.989415530649302,1
239.52,4.217083283027006,1
239.53,2.5908014880646046,1
239.54,5.176802892975448,1
239.55,4.272528668612856,1
239.56,4.4523568166698855,1
239.57,3.2709122046779697,1
239.58,4.40434737064222,1
239.59,4.73116287141893,1
239.6,4.208392178258773,1
239.61,4.006422992266553,1
239.62,3.4205995391039767,1
239.63,3.8249546659574905,1
239.64000000000001,3.657277710360369,1
239.65,4.350563988633105,1
239.66,3.4696097393579,1
239.67000000000002,4.334538316344764,1
239.68,3.4757141813604,1
239.69,3.7983209199216037,1
239.70000000000002,4.387606691444088,1
239.71,3.5666127180930323,1
239.72,4.396083666978188,1
239.73000000000002,4.382563635987248,1
239.74,3.84715317857785,1
239.75,4.744627759685626,1
239.76,4.0951463981314715,1
239.77,4.72089769984111,1
239.78,5.206905817272959,1
239.79,3.9158512616742853,1
239.8,4.413416537624149,1
239.81,3.611132467840405,1
239.82,3.3065480642648053,1
239.83,3.8315730005441813,1
239.84,3.1057998779293996,1
239.85,3.338000926089342,1
239.86,4.344018645080792,1
239.87,3.687370769859357,1
239.88,4.442244351817759,1
239.89000000000001,4.220801793003395,1
239.9,5.214330444858247,1
239.91,4.413065034568569,1
239.92000000000002,4.747720837225161,1
239.93,4.305617652262555,1
239.94,4.2203781759513355,1
239.95000000000002,4.768935201594954,1
239.96,4.480071266358827,1
239.97,4.16509962838066,1
239.98000000000002,4.1433406776529775,1
239.99,4.357819197276181,1
240.0,3.585862579437121,1
240.01,3.512018000138281,1
240.02,4.895565707449571,1
240.03,5.263419493199888,1
240.04,3.47311934397953,1
240.05,3.5343242087609283,1
240.06,4.713361328257578,1
240.07,4.3889648940359685,1
240.08,4.462224027653743,1
240.09,4.609474313974318,1
240.1,3.8803744642823292,1
240.11,4.2069165062031555,1
240.12,4.176044557472214,1
240.13,3.453548474083581,1
240.14000000000001,4.171653032742326,1
240.15,4.813361707286717,1
240.16,3.8320063855555095,1
240.17000000000002,4.08891172784866,1
240.18,4.139453431589074,1
240.19,3.8236686059289693,1
240.20000000000002,4.4286132323460725,1
240.21,3.584470527814605,1
240.22,4.8397272177570345,1
240.23000000000002,4.456683927035228,1
240.24,3.4195984526444123,1
240.25,5.066893739773547,1
240.26,4.173082718166597,1
240.27,3.5413156881194783,1
240.28,4.689145888542994,1
240.29,4.362305953447216,1
240.3,2.872039611548379,1
240.31,3.591258747574471,1
240.32,4.156561955744232,1
240.33,2.608204348015955,1
240.34,3.9716881946424545,1
240.35,4.100802881418512,1
240.36,3.2381643833084084,1
240.37,4.129892099047354,1
240.38,4.012636280808736,1
240.39000000000001,3.2278120788229163,1
240.4,4.55030622430626,1
240.41,4.576642167265875,1
240.42000000000002,3.846608721617094,1
240.43,3.8619512127240823,1
240.44,4.462938137257841,1
240.45000000000002,3.8975802327697213,1
240.46,2.741025683137125,1
240.47,4.240400073856806,1
240.48000000000002,3.4867578172636353,1
240.49,3.7162640112833625,1
240.5,4.92888446337377,1
240.51,3.9688039558451464,1
240.52,3.9992539139635706,1
240.53,4.330642115529017,1
240.54,4.347713816658916,1
240.55,3.424460711253234,1
240.56,3.9263442204499106,1
240.57,4.019037459783819,1
240.58,4.177641171965626,1
240.59,4.198314037142737,1
240.6,5.690705605205331,1
240.61,3.338510481776288,1
240.62,4.596222440941285,1
240.63,4.8035818222123865,1
240.64000000000001,4.367947415295891,1
240.65,3.6001333932797555,1
240.66,5.056092805617565,1
240.67000000000002,2.641143638529684,1
240.68,3.475145407933756,1
240.69,4.728730048492933,1
240.70000000000002,3.803584681691554,1
240.71,5.024047474417689,1
240.72,3.0805401707777094,1
240.73000000000002,3.2232685115523037,1
240.74,3.6084538775945862,1
240.75,4.247327965585338,1
240.76,3.870786577973034,1
240.77,3.674061964960319,1
240.78,4.9020380359115405,1
240.79,5.036089189003821,1
240.8,3.7933037650852763,1
240.81,2.8782513831089167,1
240.82,2.5328571260238784,1
240.83,4.067229780307307,1
240.84,4.429636781215288,1
240.85,4.066652993633501,1
240.86,3.9579919473017404,1
240.87,3.475468980857886,1
240.88,4.393497987598617,1
240.89000000000001,5.112465128329686,1
240.9,2.628373502897695,1
240.91,3.8674173956087072,1
240.92000000000002,3.362454947806655,1
240.93,2.9946898182385318,1
240.94,3.206520336864439,1
240.95000000000002,4.198733958648806,1
240.96,4.274675232987513,1
240.97,4.963957481605211,1
240.98000000000002,4.063535170867051,1
240.99,2.8630270248911716,1
241.0,3.7772503285586416,1
241.01,3.087112148778585,1
241.02,3.162222626988114,1
241.03,4.326416879053611,1
241.04,4.14557520487867,1
241.05,4.38996407775627,1
241.06,3.791446137689149,1
241.07,4.500405230969243,1
241.08,3.761796547459165,1
241.09,4.710243937227345,1
241.1,4.266226355771456,1
241.11,3.8816680202306846,1
241.12,4.130512187329734,1
241.13,3.9962421914674753,1
241.14000000000001,5.035374638086288,1
241.15,4.221369512030905,1
241.16,4.012235822193333,1
241.17000000000002,3.8459943781352575,1
241.18,4.537841990186097,1
241.19,4.4915851844117,1
241.20000000000002,3.8518187349444064,1
241.21,3.2412954592498058,1
241.22,3.3692546918168578,1
241.23000000000002,3.8426652952508515,1
241.24,4.865783128527108,1
241.25,3.8896251492685963,1
241.26,3.607892913842962,1
241.27,2.8340679201976906,1
241.28,4.912073568239331,1
241.29,4.423926345783904,1
241.3,4.541909889875276,1
241.31,4.656485637641439,1
241.32,3.932507397706673,1
241.33,4.050835295522181,1
241.34,4.9688981454023375,1
241.35,4.174651167701254,1
241.36,4.391682484234059,1
241.37,4.588339452551582,1
241.38,4.452452825340825,1
241.39000000000001,3.9439873019820566,1
241.4,3.9746544201300225,1
241.41,4.503034890247086,1
241.42000000000002,4.533675210421109,1
241.43,4.790003637478875,1
241.44,4.404967892577626,1
241.45000000000002,4.411393064462522,1
241.46,3.7351544592284323,1
241.47,3.6070426433393545,1
241.48000000000002,4.482918335552797,1
241.49,3.656427208159745,1
241.5,3.965954222474753,1
241.51,4.8927074480567185,1
241.52,4.845503782086462,1
241.53,4.246539555654385,1
241.54,3.822648442153304,1
241.55,3.9093070982833944,1
241.56,4.5575214399237165,1
241.57,4.009769498713103,1
241.58,3.638356393797852,1
241.59,4.7671312363076614,1
241.6,4.163855300879783,1
241.61,3.63529103266569,1
241.62,4.28886771951125,1
241.63,4.647486681664381,1
241.64000000000001,3.385041749267609,1
241.65,3.83304220381404,1
241.66,3.8299272230626573,1
241.67000000000002,4.283252638041469,1
241.68,4.427060451698275,1
241.69,3.6678113909960777,1
241.70000000000002,3.011528512699389,1
241.71,4.610152608264521,1
241.72,3.3099562480171603,1
241.73000000000002,4.134549536567518,1
241.74,3.9224399448972296,1
241.75,4.100744704345371,1
241.76,5.077413078237102,1
241.77,6.03596983897819,1
241.78,3.062336717813527,1
241.79,4.582126995911189,1
241.8,3.933549542233959,1
241.81,4.675891311284767,1
241.82,4.661653470577904,1
241.83,4.9543824443497195,1
241.84,4.242156431956599,1
241.85,3.4373464135979734,1
241.86,4.568126623998197,1
241.87,4.11064784029384,1
241.88,3.8549146238232828,1
241.89000000000001,3.6823070392800137,1
241.9,4.633878068076217,1
241.91,5.078345220189763,1
241.92000000000002,3.289121373527329,1
241.93,4.360887899802026,1
241.94,3.780037689301468,1
241.95000000000002,3.0347934590642756,1
241.96,4.037923419414697,1
241.97,3.4617114981212636,1
241.98000000000002,2.9440107274650416,1
241.99,3.4294247977122283,1
242.0,3.29891602090106,1
242.01,3.538345812570695,1
242.02,3.1120287817790624,1
242.03,3.69034338705997,1
242.04,3.518643923855148,1
242.05,4.214827791104769,1
242.06,4.3979949418870214,1
242.07,4.192671623153728,1
242.08,3.858797118157437,1
242.09,3.8212572070111874,1
242.1,3.4461569513686876,1
242.11,3.439274949844974,1
242.12,4.4228750524847324,1
242.13,2.8836265223764035,1
242.14000000000001,3.880640914773709,1
242.15,3.7829234351643706,1
242.16,4.375709655420675,1
242.17000000000002,3.0979535573659955,1
242.18,3.9539750564165095,1
242.19,4.219776671774949,1
242.20000000000002,2.7773418530270346,1
242.21,3.2295854258579713,1
242.22,3.8942192160730147,1
242.23000000000002,4.327246548671341,1
242.24,4.13804562843107,1
242.25,4.371921679424278,1
242.26,3.321987172018534,1
242.27,2.928492016879305,1
242.28,3.990539333816789,1
242.29,3.201792395322875,1
242.3,3.390661371738017,1
242.31,4.568328863806143,1
242.32,4.156792997764344,1
242.33,3.640778720324866,1
242.34,3.5255436784165033,1
242.35,4.374404499451439,1
242.36,4.159997148536794,1
242.37,3.221560323909384,1
242.38,2.689489201445299,1
242.39000000000001,5.142336850046484,1
242.4,3.275360304832936,1
242.41,4.298906383859324,1
242.42000000000002,4.9981156846910535,1
242.43,4.155652515966852,1
242.44,3.6197584555662496,1
242.45000000000002,3.051923611949217,1
242.46,3.008794899503075,1
242.47,4.18493821526161,1
242.48000000000002,4.952531729900882,1
242.49,3.800566595248926,1
242.5,3.627466474487899,1
242.51,4.43019390884772,1
242.52,3.580749201385382,1
242.53,4.152937407487741,1
242.54,4.036298235211912,1
242.55,3.7365031656132373,1
242.56,3.974108582794976,1
242.57,5.142430641567451,1
242.58,4.460784310893464,1
242.59,4.736493203000271,1
242.6,3.4481140991146364,1
242.61,4.677961940496415,1
242.62,4.455292697425834,1
242.63,3.0543362084383707,1
242.64000000000001,4.2934920246144035,1
242.65,3.6845824047530944,1
242.66,2.978112775642632,1
242.67000000000002,4.022889018044309,1
242.68,4.351119776805957,1
242.69,4.1194348898557065,1
242.70000000000002,3.936353820516129,1
242.71,3.781687892813414,1
242.72,5.5872949696669965,1
242.73000000000002,3.3279524493130426,1
242.74,4.526054195926491,1
242.75,4.041570121687801,1
242.76,3.4480916054164696,1
242.77,3.9354827913617902,1
242.78,3.0923539536392717,1
242.79,3.5591698247525025,1
242.8,3.9430978403642394,1
242.81,2.9901762255638626,1
242.82,4.267966221798263,1
242.83,3.3907619138044756,1
242.84,3.021527137060303,1
242.85,3.240285328418415,1
242.86,5.366239163115485,1
242.87,2.798549079277391,1
242.88,4.210882228377042,1
242.89000000000001,3.5249695648780373,1
242.9,3.7443248817170374,1
242.91,4.376507360272142,1
242.92000000000002,4.3825728830871835,1
242.93,3.5812988334069176,1
242.94,3.0938824121486386,1
242.95000000000002,4.349296016398793,1
242.96,4.3793560724216585,1
242.97,3.837864898572502,1
242.98000000000002,4.277018202253753,1
242.99,3.7273540202992437,1
243.0,3.4470353303380916,1
243.01,3.969392897617369,1
243.02,4.334927039731982,1
243.03,4.220746148549615,1
243.04,4.343604253511579,1
243.05,3.527130667188918,1
243.06,4.997998101482347,1
243.07,3.837733276897034,1
243.08,3.9131080799103475,1
243.09,3.139204362266482,1
243.1,3.8225734251733634,1
243.11,4.334685654854356,1
243.12,4.514820095752445,1
243.13,5.044321566563269,1
243.14000000000001,4.400202752656607,1
243.15,4.203681461874478,1
243.16,3.7226517013052014,1
243.17000000000002,3.554002771074232,1
243.18,4.602765486521751,1
243.19,4.653247902226256,1
243.20000000000002,3.3403978595822146,1
243.21,4.429589413243109,1
243.22,4.447763129193406,1
243.23000000000002,3.304194343844476,1
243.24,4.308915679154322,1
243.25,3.337558818609898,1
243.26,2.3840579355613674,1
243.27,3.7991643959498536,1
243.28,4.155227506998937,1
243.29,3.9346523814757806,1
243.3,5.8563410345745694,1
243.31,4.357190105488964,1
243.32,4.116901277725057,1
243.33,4.285745348817059,1
243.34,3.7308041768513824,1
243.35,4.586921169962073,1
243.36,4.269443782114978,1
243.37,4.2206591510889355,1
243.38,3.6082922832468003,1
243.39000000000001,2.961514741496396,1
243.4,3.6123770772257875,1
243.41,4.16012365144029,1
243.42000000000002,3.7210735247568403,1
243.43,4.172545441550839,1
243.44,3.859589615050843,1
243.45000000000002,4.2709478096951194,1
243.46,3.3824651014414804,1
243.47,4.088100529018275,1
243.48000000000002,3.5894164291062407,1
243.49,2.97728248713793,1
243.5,3.831480173804806,1
243.51,4.986696121187742,1
243.52,3.1128351752203347,1
243.53,4.024235258389642,1
243.54,4.51894520009732,1
243.55,5.5234631951464905,1
243.56,3.771578604702748,1
243.57,3.576234430693981,1
243.58,3.2175903990935835,1
243.59,4.693055434353576,1
243.6,3.4787798018561196,1
243.61,3.728273096224622,1
243.62,2.7840519732426525,1
243.63,4.5005896365780576,1
243.64000000000001,4.7815468766656055,1
243.65,4.59565615489754,1
243.66,2.994157860450238,1
243.67000000000002,4.333586640932416,1
243.68,2.9347382372349173,1
243.69,3.97374252219574,1
243.70000000000002,4.131484821216358,1
243.71,4.209144939465991,1
243.72,4.3594363538512235,1
243.73000000000002,4.016353746708357,1
243.74,2.727700154225091,1
243.75,4.270864008893927,1
243.76,4.079582827774757,1
243.77,3.4191291226044127,1
243.78,2.9468772741570293,1
243.79,4.936023606773819,1
243.8,4.855064845767035,1
243.81,4.509349490615078,1
243.82,3.591758011459049,1
243.83,2.342405911723935,1
243.84,4.396690337441266,1
243.85,4.261718412909105,1
243.86,3.7726113540103943,1
243.87,4.716163570657599,1
243.88,4.593175159648248,1
243.89000000000001,4.149846359444643,1
243.9,4.03173769785088,1
243.91,4.034973592315425,1
243.92000000000002,4.443263085961942,1
243.93,3.4702403117817493,1
243.94,4.244604598245234,1
243.95000000000002,3.4173702245255977,1
243.96,4.832237895627921,1
243.97,4.395194693490578,1
243.98000000000002,3.5771692646220172,1
243.99,4.026923059362035,1
244.0,3.4476540672671034,1
244.01,4.94277118983329,1
244.02,5.109535184423104,1
244.03,4.518302188576502,1
244.04,5.041101969989402,1
244.05,4.160955723576811,1
244.06,4.505046396945473,1
244.07,4.824939503405934,1
244.08,4.045769759184681,1
244.09,4.048880426286859,1
244.1,4.608716253368277,1
244.11,4.455989568229251,1
244.12,3.537194591940974,1
244.13,2.553353481439985,1
244.14000000000001,3.7993135211960527,1
244.15,2.627420196399177,1
244.16,3.274644479022454,1
244.17000000000002,3.3892159845860492,1
244.18,3.59440136832847,1
244.19,4.507988097697407,1
244.20000000000002,4.703755807626048,1
244.21,4.3723110530196525,1
244.22,4.4327274972279564,1
244.23000000000002,4.451673593398089,1
244.24,2.4070848463051604,1
244.25,3.9110416420374556,1
244.26,2.829068081549235,1
244.27,4.260088513801852,1
244.28,2.6575361596217775,1
244.29,3.802378425030265,1
244.3,4.343551591434445,1
244.31,3.2953793850024913,1
244.32,4.581711915246088,1
244.33,4.363613843008995,1
244.34,4.268906916249203,1
244.35,4.469018048677762,1
244.36,3.7950816688950826,1
244.37,4.086274256245875,1
244.38,4.011698206384068,1
244.39000000000001,3.9925597738856284,1
244.4,3.5635203718975794,1
244.41,3.1676204210650463,1
244.42000000000002,3.731493777846176,1
244.43,3.729582479511634,1
244.44,3.505762559317394,1
244.45000000000002,4.5231829099795835,1
244.46,3.2708293912958983,1
244.47,3.844969656839306,1
244.48000000000002,4.747453144091263,1
244.49,4.634716627452384,1
244.5,4.8272496760467885,1
244.51,3.6663194417593266,1
244.52,4.488848003776178,1
244.53,3.3396449188823762,1
244.54,3.781383687399843,1
244.55,3.868954590269624,1
244.56,3.6185154779893955,1
244.57,3.74235554046794,1
244.58,3.6644247498520746,1
244.59,3.3424599448609236,1
244.6,4.5162134683630635,1
244.61,3.9125939652033206,1
244.62,4.125453498206707,1
244.63,4.1137903844602945,1
244.64000000000001,4.042335511740865,1
244.65,4.0627544064227585,1
244.66,3.8056017316971644,1
244.67000000000002,4.908633047833932,1
244.68,4.548111204052503,1
244.69,4.04481346717477,1
244.70000000000002,3.7126269499402045,1
244.71,3.9056632149525714,1
244.72,4.265304720815832,1
244.73000000000002,4.989122831202968,1
244.74,3.1684743798945663,1
244.75,4.37818942344704,1
244.76,4.753742274077505,1
244.77,3.08059855995487,1
244.78,3.8272999813437405,1
244.79,3.2989479253648204,1
244.8,4.237276949300752,1
244.81,3.7817281595420744,1
244.82,3.902465696092352,1
244.83,3.727443035951686,1
244.84,4.450909462539965,1
244.85,4.175657781970492,1
244.86,4.160371435625511,1
244.87,4.113838375465219,1
244.88,4.378278956571229,1
244.89000000000001,3.85272181516187,1
244.9,5.09467522016312,1
244.91,3.2645099373612574,1
244.92000000000002,2.836044750186573,1
244.93,2.7566383796574385,1
244.94,2.5761013370957673,1
244.95000000000002,4.3513381410489504,1
244.96,4.378823611150885,1
244.97,4.806369763744783,1
244.98000000000002,3.362804727624613,1
244.99,4.445445252952953,1
245.0,4.063595811477827,1
245.01,4.111901891203922,1
245.02,4.412636356692532,1
245.03,3.53406069066108,1
245.04,5.650725768675885,1
245.05,4.96320603894343,1
245.06,3.7128061491022346,1
245.07,3.2750659455727176,1
245.08,3.8994691921606965,1
245.09,4.112222705214605,1
245.1,4.698135387152228,1
245.11,3.283588167059567,1
245.12,4.142247482219405,1
245.13,3.0164656435995703,1
245.14000000000001,4.224109375635427,1
245.15,3.9436947125844957,1
245.16,5.253195569916089,1
245.17000000000002,3.0721005343064944,1
245.18,4.833616422366277,1
245.19,2.944521897517201,1
245.20000000000002,3.0755388715815473,1
245.21,2.856384839087903,1
245.22,4.0938191091896865,1
245.23000000000002,3.244099385304531,1
245.24,3.079809454901568,1
245.25,4.076350056355915,1
245.26,4.297705950420722,1
245.27,4.043717739000081,1
245.28,3.8973705850052784,1
245.29,5.180491742598353,1
245.3,4.1654522953390485,1
245.31,4.532683086821642,1
245.32,4.124692997252211,1
245.33,3.2951476658761862,1
245.34,4.314491904524719,1
245.35,3.5933692364709087,1
245.36,3.916567714225504,1
245.37,4.193148162777252,1
245.38,2.7519406534298634,1
245.39000000000001,2.8808248740243894,1
245.4,4.522932927944871,1
245.41,3.6007180689158105,1
245.42000000000002,3.5761555380993126,1
245.43,4.082559382076257,1
245.44,3.754718018579891,1
245.45000000000002,4.256226510262237,1
245.46,3.982204294360432,1
245.47,4.127791600321018,1
245.48000000000002,3.552281457068568,1
245.49,4.098746812390362,1
245.5,4.722938595196744,1
245.51,3.675004839567838,1
245.52,4.5743852975706725,1
245.53,4.001009290907919,1
245.54,4.47661351549818,1
245.55,4.1121473695761175,1
245.56,3.9850508701325986,1
245.57,4.226017792899836,1
245.58,4.800978293698884,1
245.59,4.201245455968541,1
245.6,4.32255938157439,1
245.61,3.780269885133108,1
245.62,5.006052806902548,1
245.63,4.475832420607241,1
245.64000000000001,4.0789694433798305,1
245.65,3.9251569138211084,1
245.66,4.630004605586623,1
245.67000000000002,3.6444775245104055,1
245.68,2.8218877354175715,1
245.69,3.97628821984531,1
245.70000000000002,4.7706867050290604,1
245.71,5.078728419591547,1
245.72,3.9951082890416347,1
245.73000000000002,4.0279874353572325,1
245.74,4.338765628598276,1
245.75,3.848808383136636,1
245.76,4.3259876297263595,1
245.77,3.9641481297282364,1
245.78,4.654053887204352,1
245.79,4.508333916873613,1
245.8,4.556199304736127,1
245.81,3.9001559273967454,1
245.82,5.243606747345182,1
245.83,4.388592479936233,1
245.84,4.183767088649618,1
245.85,3.517304193956212,1
245.86,3.9080552449714183,1
245.87,4.068696214175804,1
245.88,3.493053943532094,1
245.89000000000001,3.7799194112878305,1
245.9,3.8792193138338793,1
245.91,4.029036102266157,1
245.92000000000002,2.858046849266307,1
245.93,3.84371536872768,1
245.94,3.7457897962182747,1
245.95000000000002,3.9711971470026555,1
245.96,4.669989231141981,1
245.97,5.371852955950183,1
245.98000000000002,4.522461940182546,1
245.99,3.2304188807007006,1
246.0,3.72971510465422,1
246.01000000000002,4.370461151266629,1
246.02,4.335800532051054,1
246.03,4.6607535473274835,1
246.04,3.9764810699096143,1
246.05,3.762739384099196,1
246.06,5.122787780875282,1
246.07,4.105434452545238,1
246.08,3.346678304248403,1
246.09,4.917910112829558,1
246.1,3.084364547318964,1
246.11,1.6773753680539265,1
246.12,4.359842920674914,1
246.13,4.612479725572248,1
246.14000000000001,4.3053723639141905,1
246.15,3.17325113481879,1
246.16,3.9121986020140436,1
246.17000000000002,3.8142480939818224,1
246.18,3.6402462234876034,1
246.19,4.894606292609657,1
246.20000000000002,3.374569142862266,1
246.21,4.167571867422277,1
246.22,4.78478655685535,1
246.23000000000002,4.294577495901531,1
246.24,4.822948174124897,1
246.25,4.415131319138578,1
246.26000000000002,4.30348237293283,1
246.27,4.256222023346347,1
246.28,4.413393068980295,1
246.29,3.774654658269889,1
246.3,3.141785841531877,1
246.31,4.567518130731567,1
246.32,4.787823119159475,1
246.33,4.210760533217371,1
246.34,3.6568436571869367,1
246.35,2.968718665948572,1
246.36,3.9937972500823244,1
246.37,3.124389805848859,1
246.38,2.981365197746799,1
246.39000000000001,3.9254306964120684,1
246.4,3.4999700820291033,1
246.41,4.194045039981195,1
246.42000000000002,3.90828710462953,1
246.43,3.6008951606141624,1
246.44,2.86985545632184,1
246.45000000000002,3.3788128244082065,1
246.46,3.433195791566762,1
246.47,3.1709766622639597,1
246.48000000000002,3.7367651367624415,1
246.49,3.2398356090076503,1
246.5,3.8481491025476706,1
246.51000000000002,4.146874700307783,1
246.52,3.4727695020385534,1
246.53,4.2443836023845485,1
246.54,3.131374624637402,1
246.55,3.226269589312355,1
246.56,3.880117515573753,1
246.57,4.4385791978251055,1
246.58,4.589108681354492,1
246.59,5.0815122273454145,1
246.6,3.8205489712563616,1
246.61,3.906506392178437,1
246.62,3.324360609407046,1
246.63,3.145981749976384,1
246.64000000000001,4.0970630906498515,1
246.65,3.5024158989198786,1
246.66,4.769748250245993,1
246.67000000000002,3.097346703277474,1
246.68,4.261400839678047,1
246.69,3.3631313210130265,1
246.70000000000002,3.429457166055872,1
246.71,4.315558942551685,1
246.72,3.5804027461792596,1
246.73000000000002,3.640168532342264,1
246.74,3.4514582576629653,1
246.75,5.12526649212498,1
246.76000000000002,3.666872997695565,1
246.77,4.013460950716216,1
246.78,3.8698002687711948,1
246.79,4.135849814712038,1
246.8,3.60929186406862,1
246.81,3.8462614773984938,1
246.82,4.246383155059598,1
246.83,3.454838978339045,1
246.84,4.674073565396642,1
246.85,4.809618488530566,1
246.86,4.442087080153534,1
246.87,4.071863045065545,1
246.88,2.06392299984988,1
246.89000000000001,4.159127748006609,1
246.9,3.75564117087007,1
246.91,3.8255485036869588,1
246.92000000000002,2.758459578400829,1
246.93,4.245762071307468,1
246.94,3.0748644117733916,1
246.95000000000002,4.021329137955985,1
246.96,4.588247707942037,1
246.97,3.7307811536864013,1
246.98000000000002,4.772856427288583,1
246.99,3.5617024065450575,1
247.0,4.3632805041714215,1
247.01000000000002,3.175214067549515,1
247.02,4.619540116247574,1
247.03,4.605540322821805,1
247.04,4.340216596455244,1
247.05,3.765238864303483,1
247.06,3.0762557463293496,1
247.07,3.6911166011422623,1
247.08,4.701866429646511,1
247.09,4.126435009812243,1
247.1,2.9999307879113246,1
247.11,3.210239999464661,1
247.12,4.765695301433858,1
247.13,4.362513634350163,1
247.14000000000001,3.2210958214676495,1
247.15,2.8075431624001697,1
247.16,3.522907160908194,1
247.17000000000002,2.770159312147092,1
247.18,3.8250996309673364,1
247.19,5.5801914816477804,1
247.20000000000002,3.058660162931419,1
247.21,3.822820774956208,1
247.22,4.84058518241863,1
247.23000000000002,4.53646499583343,1
247.24,3.9356806186734126,1
247.25,3.901185583838338,1
247.26000000000002,3.2440834102686145,1
247.27,3.7809821937133985,1
247.28,4.144810313437697,1
247.29,4.725718273304872,1
247.3,3.6411552008162773,1
247.31,3.855298786164575,1
247.32,3.375440745775509,1
247.33,4.108723943292338,1
247.34,4.515062230532817,1
247.35,4.439437590170202,1
247.36,3.267115009680915,1
247.37,4.051316001846509,1
247.38,3.563618986902987,1
247.39000000000001,4.629815654313874,1
247.4,3.9331245755104165,1
247.41,3.0100832382137894,1
247.42000000000002,3.7979906366831644,1
247.43,4.285349711631735,1
247.44,4.17543917924493,1
247.45000000000002,3.6784582831103303,1
247.46,3.600965180841233,1
247.47,3.3353364738738507,1
247.48000000000002,3.7039952086915204,1
247.49,3.427050431326019,1
247.5,4.595042892947596,1
247.51000000000002,3.4510185509580023,1
247.52,4.046402811774107,1
247.53,4.038018113016501,1
247.54,4.615857499407873,1
247.55,4.743765127715077,1
247.56,4.496191351783661,1
247.57,4.258761605779959,1
247.58,3.335133723593069,1
247.59,3.266594171939079,1
247.6,3.407286967847224,1
247.61,4.452305327058196,1
247.62,4.074716899614635,1
247.63,4.568092975137092,1
247.64000000000001,4.684733018760846,1
247.65,3.5700653754609135,1
247.66,3.995014674641387,1
247.67000000000002,3.991270205645237,1
247.68,3.786798071462962,1
247.69,3.6401863591920627,1
247.70000000000002,4.747114845031524,1
247.71,4.0785476513217525,1
247.72,4.013241578374106,1
247.73000000000002,3.479929102767364,1
247.74,4.406893115109862,1
247.75,3.3722707474254388,1
247.76000000000002,4.257492119246127,1
247.77,4.3283338941357625,1
247.78,3.7520483293575264,1
247.79,4.191224764504457,1
247.8,4.131941270002344,1
247.81,3.9823781635260813,1
247.82,4.007341118794596,1
247.83,4.040526302296702,1
247.84,4.086722031673826,1
247.85,4.044290095547868,1
247.86,3.2864383676635045,1
247.87,3.858427431286126,1
247.88,4.163411967297541,1
247.89000000000001,4.0729284611461525,1
247.9,4.623196482361278,1
247.91,4.439721916677466,1
247.92000000000002,3.4616364145668577,1
247.93,3.8595856941299607,1
247.94,3.7895709092205934,1
247.95000000000002,3.984552830562137,1
247.96,3.997138751321462,1
247.97,4.396601284638169,1
247.98000000000002,4.138851851871526,1
247.99,4.806744328740229,1
248.0,4.204774471299751,1
248.01000000000002,3.47337529715722,1
248.02,3.665217325979862,1
248.03,4.371668865384784,1
248.04,2.9749810396494416,1
248.05,3.065252692639019,1
248.06,3.950855819172924,1
248.07,4.61403714418303,1
248.08,4.884884649175012,1
248.09,3.912228586135147,1
248.1,4.683030073077322,1
248.11,4.087871316044598,1
248.12,3.011645911522968,1
248.13,3.9354584640480534,1
248.14000000000001,3.594562002230662,1
248.15,4.571448493672754,1
248.16,4.017628057529388,1
248.17000000000002,3.1719106705948494,1
248.18,2.9772562615225575,1
248.19,3.925022972053885,1
248.20000000000002,2.425194229402657,1
248.21,3.5693110153775187,1
248.22,4.124057823460563,1
248.23000000000002,3.321620566127763,1
248.24,4.604224872425822,1
248.25,4.809013015627868,1
248.26000000000002,3.388875774281128,1
248.27,3.769952859319664,1
248.28,4.631582879629608,1
248.29,4.037046606706364,1
248.3,3.0974447316093943,1
248.31,3.852855826169303,1
248.32,3.437766765968759,1
248.33,4.685296878058532,1
248.34,4.434264094246566,1
248.35,3.822481257840196,1
248.36,4.0815786204883855,1
248.37,3.1561475743792715,1
248.38,3.4602962211864177,1
248.39000000000001,4.975430270067994,1
248.4,4.093247671784756,1
248.41,4.609061451882654,1
248.42000000000002,4.187080494514209,1
248.43,4.863968931448209,1
248.44,2.754934488183605,1
248.45000000000002,3.803175052802633,1
248.46,5.0553724436031136,1
248.47,4.683715348143953,1
248.48000000000002,4.900962805424712,1
248.49,4.049668704159309,1
248.5,3.6544899333302765,1
248.51000000000002,3.312815363175953,1
248.52,3.247050225226907,1
248.53,4.478467266723443,1
248.54,4.361694220461797,1
248.55,3.9785068723270003,1
248.56,4.32843921883688,1
248.57,4.1121331776836465,1
248.58,4.631042686816905,1
248.59,4.655993303407134,1
248.6,3.3477896299770906,1
248.61,4.138416815179586,1
248.62,2.9254959558693416,1
248.63,4.021837462523949,1
248.64000000000001,4.3934003560698285,1
248.65,3.171224884724153,1
248.66,3.680060415760802,1
248.67000000000002,3.9869846142278,1
248.68,4.1509898452874445,1
248.69,3.828293243852833,1
248.70000000000002,3.229083109352838,1
248.71,3.918703550712078,1
248.72,2.923098762455612,1
248.73000000000002,3.7844414277982366,1
248.74,3.700690509497797,1
248.75,3.894925975308984,1
248.76000000000002,3.6307912699015645,1
248.77,2.999620508425233,1
248.78,3.702283080262871,1
248.79,4.5860800246218885,1
248.8,4.8536370842147765,1
248.81,5.63392891186137,1
248.82,5.195627484670871,1
248.83,3.2951296767696165,1
248.84,3.6927016426331303,1
248.85,3.966778119142752,1
248.86,3.9424929901597547,1
248.87,4.041664816495466,1
248.88,5.5646148912650215,1
248.89000000000001,3.391810530475244,1
248.9,3.5005489774223553,1
248.91,5.036594782793607,1
248.92000000000002,3.6625291619323903,1
248.93,4.2351182678851655,1
248.94,4.685422745904976,1
248.95000000000002,4.356780008572887,1
248.96,4.145829893946758,1
248.97,4.617747629197157,1
248.98000000000002,3.45761612833244,1
248.99,3.64540220200236,1
249.0,4.326261303600075,1
249.01000000000002,2.676863586710825,1
249.02,4.839732402949571,1
249.03,4.247233698928032,1
249.04,4.11412545265953,1
249.05,2.9489235767872297,1
249.06,3.1021461730176707,1
249.07,3.6875161519385102,1
249.08,4.505134827126117,1
249.09,2.6829395130543165,1
249.1,4.432490272825858,1
249.11,3.7923506721452465,1
249.12,3.8425774241990975,1
249.13,4.15509308629408,1
249.14000000000001,4.184046404506865,1
249.15,3.5487984938025376,1
249.16,4.378387663111942,1
249.17000000000002,2.517810611410055,1
249.18,3.6188238256596494,1
249.19,4.076842605822808,1
249.20000000000002,3.780797456045682,1
249.21,2.801495562047579,1
249.22,4.419919838241175,1
249.23000000000002,3.2152050430759735,1
249.24,3.9091072603004826,1
249.25,4.093839711797268,1
249.26000000000002,4.018494813969761,1
249.27,4.759597814677159,1
249.28,4.011017578266583,1
249.29,4.278006494002943,1
249.3,3.980408234783803,1
249.31,4.396528143569458,1
249.32,4.927931772199775,1
249.33,4.144917026455598,1
249.34,4.515982164324225,1
249.35,4.975218467453049,1
249.36,4.939093531318278,1
249.37,3.806358694575702,1
249.38,4.660848833720523,1
249.39000000000001,4.201060859368036,1
249.4,4.736954812426215,1
249.41,4.413163865746284,1
249.42000000000002,4.203651258917173,1
249.43,4.293792722629149,1
249.44,4.183233337124052,1
249.45000000000002,4.201965799411531,1
249.46,3.909062915000537,1
249.47,3.831217736527582,1
249.48000000000002,5.133871993643863,1
249.49,4.377866250440863,1
249.5,3.6506951471142286,1
249.51000000000002,3.7990452494399163,1
249.52,4.6732737730703295,1
249.53,3.5627371798805423,1
249.54,3.0121817733939147,1
249.55,3.0268883362793515,1
249.56,2.8198038853916882,1
249.57,3.0864795587551455,1
249.58,3.1790087714994453,1
249.59,4.8495226340146536,1
249.6,4.021008948205602,1
249.61,3.7655646380008494,1
249.62,3.0494057032576816,1
249.63,3.8500997927081215,1
249.64000000000001,2.8637772534357717,1
249.65,3.6921380816584684,1
249.66,5.321032002027318,1
249.67000000000002,4.509956895847511,1
249.68,3.8944742946840316,1
249.69,4.446631260126484,1
249.70000000000002,3.6884055655188086,1
249.71,3.4618014386535165,1
249.72,5.073396716163212,1
249.73000000000002,3.323262944251863,1
249.74,3.7296316688729534,1
249.75,4.182341151893883,1
249.76000000000002,3.4034846170251876,1
249.77,4.386340402763224,1
249.78,3.824253022168625,1
249.79,4.420219418806532,1
249.8,4.405416662321399,1
249.81,3.866651695378745,1
249.82,5.101923963686655,1
249.83,3.634426310342003,1
249.84,4.8532517831036355,1
249.85,4.8135258033638735,1
249.86,5.197811182895089,1
249.87,4.184801267368978,1
249.88,3.499430840450713,1
249.89000000000001,5.317451588074369,1
249.9,3.8618830948938276,1
249.91,3.463863016450893,1
249.92000000000002,3.8446926468476104,1
249.93,3.353732207031878,1
249.94,4.302604519592468,1
249.95000000000002,3.6251810939585516,1
249.96,3.7909828149450924,1
249.97,4.6153819068011765,1
249.98000000000002,4.441593122032924,1
249.99,4.036607309102187,1
250.0,4.113064129948606,1
250.01000000000002,4.01473552592533,1
250.02,3.7211382446372805,1
250.03,3.9816289239857405,1
250.04,4.31736998951906,1
250.05,3.9371845583141916,1
250.06,4.268588462208423,1
250.07,3.473260386829902,1
250.08,3.576571942584143,1
250.09,3.4981459190502555,1
250.1,3.603215163339849,1
250.11,4.8113532304878355,1
250.12,4.519756178064978,1
250.13,3.332446479633783,1
250.14000000000001,4.243808346919914,1
250.15,3.761207390924578,1
250.16,3.5429215727112364,1
250.17000000000002,3.00858452412402,1
250.18,4.571124052282116,1
250.19,3.1493535544771913,1
250.20000000000002,3.915245999296424,1
250.21,3.3809206326575447,1
250.22,4.466245247699304,1
250.23000000000002,3.811037572102311,1
250.24,3.901418991389485,1
250.25,3.928725833931017,1
250.26000000000002,4.192039941270897,1
250.27,4.019960263772823,1
250.28,3.9731207182816015,1
250.29,3.662033036354414,1
250.3,2.9579919840572195,1
250.31,3.2117312799229354,1
250.32,4.418874327719496,1
250.33,3.826707939882021,1
250.34,3.5587737127769437,1
250.35,3.0614493137260195,1
250.36,2.8279301189739474,1
250.37,3.4734148289175675,1
250.38,4.5445992862185705,1
250.39000000000001,3.6712326910983117,1
250.4,4.240120562336257,1
250.41,3.6231245607995164,1
250.42000000000002,4.391902678092099,1
250.43,3.7952880590098137,1
250.44,3.188435128014351,1
250.45000000000002,3.776801572354169,1
250.46,5.176560651047681,1
250.47,5.231922391373338,1
250.48000000000002,4.389592233080912,1
250.49,3.9344478073632825,1
250.5,4.193247154109238,1
250.51000000000002,4.217177797939446,1
250.52,3.987150988414542,1
250.53,4.285326302599561,1
250.54,4.152223193468621,1
250.55,3.804121362131356,1
250.56,3.212730073459802,1
250.57,3.654264051594223,1
250.58,4.498006814527901,1
250.59,4.009466806941837,1
250.6,4.195402835512687,1
250.61,3.8280955038432953,1
250.62,3.302188198823618,1
250.63,3.8033014257595408,1
250.64000000000001,3.324799102050769,1
250.65,3.2546720875399506,1
250.66,4.7375322543594685,1
250.67000000000002,3.7716879758286903,1
250.68,3.505204526321484,1
250.69,5.020091346811006,1
250.70000000000002,4.589991361602546,1
250.71,3.7943535428187567,1
250.72,4.265124038563847,1
250.73000000000002,3.86292115650976,1
250.74,3.5423446437911714,1
250.75,4.2805340850584574,1
250.76000000000002,3.8064155949571536,1
250.77,4.037370229233687,1
250.78,4.66493224401823,1
250.79,4.631117371538241,1
250.8,3.6809505920305514,1
250.81,4.296208407319184,1
250.82,3.2859867260275877,1
250.83,4.249400948706372,1
250.84,4.111312109537664,1
250.85,4.252571506469319,1
250.86,3.8221635240067164,1
250.87,5.341535577438238,1
250.88,3.4957027961317753,1
250.89000000000001,4.600113039505989,1
250.9,3.366611049893295,1
250.91,4.289229761785834,1
250.92000000000002,4.390942989246764,1
250.93,4.059126516106534,1
250.94,3.682166776190881,1
250.95000000000002,4.072502408850575,1
250.96,4.177594177501421,1
250.97,5.172018252856772,1
250.98000000000002,3.5043214680914994,1
250.99,3.609566520705043,1
251.0,4.161318662368154,1
251.01000000000002,3.8435440090309987,1
251.02,3.925703119564373,1
251.03,4.690017439399128,1
251.04,2.211530506042176,1
251.05,3.504724987611194,1
251.06,2.8397839122128046,1
251.07,3.154506717442671,1
251.08,5.509460375600345,1
251.09,4.478676421881217,1
251.1,4.646123451832792,1
251.11,3.986517439389738,1
251.12,4.491466536962105,1
251.13,2.8832898063516885,1
251.14000000000001,4.606675451588914,1
251.15,3.5044619325034096,1
251.16,3.6255346333818577,1
251.17000000000002,4.3052887141623035,1
251.18,4.223637139401054,1
251.19,4.068322165097588,1
251.20000000000002,3.119683090508027,1
251.21,4.011942982878621,1
251.22,4.62395658865738,1
251.23000000000002,3.691944354477478,1
251.24,4.834685877270131,1
251.25,3.483853364459561,1
251.26000000000002,3.973279663543837,1
251.27,4.99456185344265,1
251.28,3.6175617246582177,1
251.29,4.660909992810096,1
251.3,5.320866208688846,1
251.31,4.190230315327055,1
251.32,3.669469942945761,1
251.33,3.478792894220594,1
251.34,4.8151915694411125,1
251.35,4.877267644739715,1
251.36,4.992989767999543,1
251.37,4.03827291366504,1
251.38,4.675655557908728,1
251.39000000000001,4.008850922850853,1
251.4,3.427579332352461,1
251.41,4.69505319753187,1
251.42000000000002,5.101805520937933,1
251.43,3.4039122298892615,1
251.44,3.289821838629899,1
251.45000000000002,3.983330746527396,1
251.46,4.619363759434821,1
251.47,3.3015071141482113,1
251.48000000000002,4.105384807979166,1
251.49,3.623236990717363,1
251.5,4.432112424978108,1
251.51000000000002,3.5082346807980573,1
251.52,4.471262207341045,1
251.53,3.9256213836383616,1
251.54,3.387493385627565,1
251.55,4.0045734897307685,1
251.56,2.7428612281117886,1
251.57,3.5618149322565418,1
251.58,4.192624476469863,1
251.59,2.8619916843324686,1
251.6,2.2634914889509954,1
251.61,2.3779602590205084,1
251.62,4.7637570362190536,1
251.63,3.9960219528953593,1
251.64000000000001,3.6542823572776095,1
251.65,4.592500691535942,1
251.66,3.7731313806695614,1
251.67000000000002,4.160573734130335,1
251.68,4.026345241218049,1
251.69,3.6959826571630643,1
251.70000000000002,4.172609322979155,1
251.71,4.51207082195977,1
251.72,3.910751484056384,1
251.73000000000002,3.695823302353399,1
251.74,3.7595174337751467,1
251.75,2.4946188814463275,1
251.76000000000002,4.0933343598487335,1
251.77,3.2210936594475883,1
251.78,4.361845355046859,1
251.79,3.9630409474500152,1
251.8,4.065988067016637,1
251.81,4.458353121008406,1
251.82,3.4263457493351357,1
251.83,4.2051598229394465,1
251.84,4.185949874597239,1
251.85,3.8912658397574513,1
251.86,3.3912418768873627,1
251.87,4.349682392446397,1
251.88,4.4774026135283975,1
251.89000000000001,4.102352439488194,1
251.9,3.3116979590428293,1
251.91,3.616477677915361,1
251.92000000000002,3.9378430440320793,1
251.93,4.4429857752141295,1
251.94,2.99916538881108,1
251.95000000000002,3.5741379163401477,1
251.96,3.7131826626922626,1
251.97,3.928794390187885,1
251.98000000000002,3.1513901521450514,1
251.99,3.8079418460119907,1
252.0,3.787025787256793,1
252.01000000000002,3.314001907812102,1
252.02,3.882299331276525,1
252.03,3.641811785688359,1
252.04,4.300059341192214,1
252.05,3.443577412996844,1
252.06,4.02490162347443,1
252.07,3.4769880209181214,1
252.08,3.579481371591056,1
252.09,4.16766029548672,1
252.1,4.162351276725518,1
252.11,3.7391650137977788,1
252.12,3.809548493536256,1
252.13,3.04543097324073,1
252.14000000000001,4.852879946252903,1
252.15,4.497214406212844,1
252.16,4.452511216007133,1
252.17000000000002,2.9922476022316946,1
252.18,3.5531637124892774,1
252.19,3.7561266757153398,1
252.20000000000002,2.732439009742633,1
252.21,4.501371722613538,1
252.22,4.973404642359224,1
252.23000000000002,5.396247360910863,1
252.24,3.405175141148829,1
252.25,4.040433389155393,1
252.26000000000002,4.860708785481629,1
252.27,3.887087516975797,1
252.28,3.6253470809953696,1
252.29,2.766794546195288,1
252.3,4.660885907244698,1
252.31,4.0271562183897665,1
252.32,3.5284112641348724,1
252.33,4.155879501766789,1
252.34,4.108627084980202,1
252.35,4.115689000983069,1
252.36,3.8660818332962426,1
252.37,5.044597842723114,1
252.38,3.975953566828339,1
252.39000000000001,5.049220248568218,1
252.4,4.428968605183571,1
252.41,4.2535874695898395,1
252.42000000000002,3.941719309499425,1
252.43,4.628434452616765,1
252.44,4.111018396519658,1
252.45000000000002,3.401867390793983,1
252.46,3.3376727636597825,1
252.47,4.23438061739031,1
252.48000000000002,3.4253291521745326,1
252.49,3.925142438082527,1
252.5,4.681440475209429,1
252.51000000000002,4.238111078377704,1
252.52,3.545744658567101,1
252.53,4.887585389280558,1
252.54,4.408732435422696,1
252.55,4.684897496343499,1
252.56,2.569836362002679,1
252.57,4.128857105706785,1
252.58,4.5541478069287455,1
252.59,5.136445354563994,1
252.6,3.1184188535008683,1
252.61,4.7296671877872525,1
252.62,5.110701557382544,1
252.63,2.75776661435252,1
252.64000000000001,4.235989761812331,1
252.65,4.414889647149421,1
252.66,3.812721342030806,1
252.67000000000002,3.6707758089975244,1
252.68,4.413569498579513,1
252.69,3.6257962075934023,1
252.70000000000002,3.836590119874336,1
252.71,4.517326686856732,1
252.72,5.169113503215539,1
252.73000000000002,4.419206578226936,1
252.74,4.111760999040662,1
252.75,3.671652024717531,1
252.76000000000002,3.3245925631890816,1
252.77,4.679402033730679,1
252.78,3.9412014169913827,1
252.79,4.7430816768449855,1
252.8,3.830762103255073,1
252.81,3.568568448978837,1
252.82,4.247140606076076,1
252.83,3.965169703626786,1
252.84,3.215728329399756,1
252.85,5.132104876035081,1
252.86,3.661121072030833,1
252.87,4.58151549248932,1
252.88,4.581111878326393,1
252.89000000000001,3.217690815547064,1
252.9,3.302683330894711,1
252.91,3.7625330130381536,1
252.92000000000002,3.4240954464337987,1
252.93,5.085620593313811,1
252.94,3.9352574883400644,1
252.95000000000002,4.5734103821534795,1
252.96,4.367667428198296,1
252.97,4.193365452757006,1
252.98000000000002,4.0377634957947555,1
252.99,4.804952021833444,1
253.0,3.512952917811357,1
253.01000000000002,5.09087349344167,1
253.02,3.230264751291344,1
253.03,4.460883313596613,1
253.04,3.1159420138779677,1
253.05,3.742117620418944,1
253.06,4.04506924590461,1
253.07,3.6869221249879884,1
253.08,3.863342852287922,1
253.09,3.091893998521014,1
253.1,3.304827193950538,1
253.11,4.281578195987659,1
253.12,4.0361466306585765,1
253.13,3.5541342272835363,1
253.14000000000001,4.832477797708254,1
253.15,3.2584221889265543,1
253.16,3.7208949708106784,1
253.17000000000002,3.6551692686947463,1
253.18,4.37836437133889,1
253.19,4.053951859193017,1
253.20000000000002,3.933056368746022,1
253.21,2.799402203618183,1
253.22,4.489223541761019,1
253.23000000000002,3.888021718852767,1
253.24,4.068325519176565,1
253.25,3.5184100467161814,1
253.26000000000002,3.3833766821828375,1
253.27,4.9357838956645805,1
253.28,2.9056185175946743,1
253.29,3.250342267933597,1
253.3,4.9156066977216035,1
253.31,4.470671200323503,1
253.32,3.817070760879295,1
253.33,4.797852017218617,1
253.34,4.337806898961747,1
253.35,4.171225015980412,1
253.36,4.156624666570087,1
253.37,4.311257501689841,1
253.38,4.346783382263362,1
253.39000000000001,5.445617882315025,1
253.4,3.9602849755336855,1
253.41,3.8911785344991476,1
253.42000000000002,3.190938609976665,1
253.43,3.9177837898540555,1
253.44,5.203761969264122,1
253.45000000000002,4.710988083752616,1
253.46,3.6899119162814547,1
253.47,4.000886421828607,1
253.48000000000002,3.158886441691326,1
253.49,3.320740504664091,1
253.5,4.056206175684781,1
253.51000000000002,3.682555912193092,1
253.52,3.303186775337165,1
253.53,4.276014073172253,1
253.54,3.963194607432649,1
253.55,2.9807196223900405,1
253.56,2.5924277603566175,1
253.57,3.5457057063064084,1
253.58,2.9422299448196023,1
253.59,2.7239299803428576,1
253.6,4.655943694817043,1
253.61,3.9759589680929106,1
253.62,3.8263282445208198,1
253.63,3.867336547727393,1
253.64000000000001,3.2537817587634073,1
253.65,4.221880137133324,1
253.66,3.928510653109857,1
253.67000000000002,3.5042819799176153,1
253.68,3.5760098404020035,1
253.69,3.1781498483763846,1
253.70000000000002,3.6871068562231604,1
253.71,3.8257489062686445,1
253.72,3.7090669979522675,1
253.73000000000002,4.018329893134553,1
253.74,3.950159127009475,1
253.75,4.146738855124669,1
253.76000000000002,4.62071298690056,1
253.77,4.4220135763539234,1
253.78,4.644686333803043,1
253.79,3.488646673964595,1
253.8,3.639314735244019,1
253.81,4.402431331080374,1
253.82,4.459820029078526,1
253.83,3.5872805023449255,1
253.84,4.372050183545978,1
253.85,3.410132063101096,1
253.86,4.276730801815459,1
253.87,3.999542111841128,1
253.88,3.1017106342685885,1
253.89000000000001,3.664462978188293,1
253.9,5.39578629958242,1
253.91,4.215316946860771,1
253.92000000000002,5.505517548461821,1
253.93,3.153469725726517,1
253.94,4.436311188920398,1
253.95000000000002,2.3818279934754387,1
253.96,3.9027568901796807,1
253.97,4.4037175186812805,1
253.98000000000002,4.567870397567321,1
253.99,3.515482891603903,1
254.0,4.645120915851251,1
254.01000000000002,3.692417670206803,1
254.02,3.8750740138792885,1
254.03,3.711352442359061,1
254.04,3.2453588428826423,1
254.05,4.9732010345825515,1
254.06,4.089547411727648,1
254.07,4.710856481316932,1
254.08,4.720490281807592,1
254.09,3.4152017887615336,1
254.1,4.753970666540218,1
254.11,4.371867972582998,1
254.12,3.3469448196760743,1
254.13,4.252044100587277,1
254.14000000000001,3.351391472424778,1
254.15,5.0034001765886575,1
254.16,4.588212405839751,1
254.17000000000002,3.989129497798571,1
254.18,4.819988967234843,1
254.19,3.0227599633593467,1
254.20000000000002,3.4551712725245687,1
254.21,3.8035330545721515,1
254.22,5.438788916700603,1
254.23000000000002,3.3917670436804093,1
254.24,2.855756509477707,1
254.25,2.99418626087856,1
254.26000000000002,4.527630262102558,1
254.27,3.64612867164566,1
254.28,3.875547687676923,1
254.29,4.487480759446365,1
254.3,3.926678963172273,1
254.31,4.128056963839112,1
254.32,4.35494649745566,1
254.33,3.7418614807721795,1
254.34,3.876600366299966,1
254.35,4.1495836904272645,1
254.36,4.572274863318723,1
254.37,3.5202243779908726,1
254.38,2.0113763737231958,1
254.39000000000001,4.321615800347238,1
254.4,4.62122588893623,1
254.41,4.167061507735121,1
254.42000000000002,4.184100096697247,1
254.43,3.644905412477192,1
254.44,4.303227806499807,1
254.45000000000002,4.57175299600028,1
254.46,4.070961641364599,1
254.47,5.6206517244234355,1
254.48000000000002,3.0826386231415506,1
254.49,4.050692566382003,1
254.5,3.241087360267136,1
254.51000000000002,4.525334744307798,1
254.52,3.0054130509797754,1
254.53,3.0748378756506645,1
254.54,3.5336602578511975,1
254.55,4.144499221812081,1
254.56,3.622310880365982,1
254.57,3.597487415991587,1
254.58,3.8584822819110856,1
254.59,3.834336510049853,1
254.6,4.955160408115822,1
254.61,4.502348612694348,1
254.62,3.8195461330830875,1
254.63,5.34977479420053,1
254.64000000000001,4.3999904890806425,1
254.65,3.3953088011535066,1
254.66,4.130152067391857,1
254.67000000000002,4.355265163616464,1
254.68,3.5751650887235056,1
254.69,3.291611659016436,1
254.70000000000002,4.013593859727558,1
254.71,3.767093319704988,1
254.72,4.945726586717315,1
254.73000000000002,4.537626946699016,1
254.74,3.616504071669973,1
254.75,4.253351219504997,1
254.76000000000002,4.8373504893213255,1
254.77,3.145900361050067,1
254.78,3.285145894491355,1
254.79,3.9498622315017737,1
254.8,4.020091321169425,1
254.81,3.9673382268638293,1
254.82,3.7963990645377654,1
254.83,3.77622656881665,1
254.84,4.235891395689192,1
254.85,4.749888234623424,1
254.86,3.7329372418305424,1
254.87,5.56608030937023,1
254.88,5.366118174480845,1
254.89000000000001,4.944426618377963,1
254.9,4.460550802408789,1
254.91,5.330473853039557,1
254.92000000000002,3.8915931849524115,1
254.93,3.453277748779645,1
254.94,3.6259307684714464,1
254.95000000000002,3.3268175251833867,1
254.96,4.038637274979411,1
254.97,4.196856920247709,1
254.98000000000002,4.142122115880444,1
254.99,4.000461505830539,1
255.0,4.0864222023987535,1
255.01000000000002,5.131762477392576,1
255.02,4.470213347831308,1
255.03,4.626763210216755,1
255.04,4.161395825969252,1
255.05,2.961443038615106,1
255.06,2.760787132466203,1
255.07,5.27703463673938,1
255.08,3.7315603923852345,1
255.09,3.5837274995278086,1
255.1,4.134417071724395,1
255.11,4.3651824081133475,1
255.12,4.4610786910318385,1
255.13,5.178958826316909,1
255.14000000000001,5.044458733612644,1
255.15,3.536510575327547,1
255.16,4.600733665875126,1
255.17000000000002,3.78683471466718,1
255.18,3.89799042928894,1
255.19,3.284067563308772,1
255.20000000000002,2.858529380069097,1
255.21,3.911033610091378,1
255.22,3.374393278440036,1
255.23000000000002,4.564455967023948,1
255.24,3.8514956577876247,1
255.25,4.191312005696782,1
255.26000000000002,4.8987690126522825,1
255.27,3.090223634800857,1
255.28,3.4752606822740058,1
255.29,4.085878172249424,1
255.3,4.207927836903244,1
255.31,4.728456789885562,1
255.32,4.606341457348991,1
255.33,4.099273829568565,1
255.34,4.202814162136242,1
255.35,4.226980470827685,1
255.36,3.0600269050774846,1
255.37,3.8421406782928695,1
255.38,4.151745056616308,1
255.39000000000001,4.306625773377367,1
255.4,3.418643790696507,1
255.41,3.141885816310176,1
255.42000000000002,3.79634161438346,1
255.43,5.26426457534863,1
255.44,3.544304375061111,1
255.45000000000002,4.734336888858361,1
255.46,5.072285164187132,1
255.47,4.093837108104487,1
255.48000000000002,3.564525208216436,1
255.49,4.306603689008162,1
255.5,4.14491156686821,1
255.51000000000002,3.4512831648137245,1
255.52,3.5396266470249116,1
255.53,4.266673335807711,1
255.54,4.621643555494478,1
255.55,3.8278629875214842,1
255.56,3.944815921273949,1
255.57,4.43052101363453,1
255.58,3.9139167777158557,1
255.59,3.8006230023393095,1
255.6,3.497950392885528,1
255.61,3.4685368744941174,1
255.62,5.6997605970840866,1
255.63,3.974684319689002,1
255.64000000000001,4.884170409928537,1
255.65,5.145673845334186,1
255.66,3.949626927489102,1
255.67000000000002,4.236025539599591,1
255.68,4.080652537768951,1
255.69,2.958808578378906,1
255.70000000000002,2.9305635023415864,1
255.71,3.967528109391763,1
255.72,3.7223554835492445,1
255.73000000000002,5.210653404545383,1
255.74,3.91914383402021,1
255.75,5.260967833174558,1
255.76000000000002,3.766561542980978,1
255.77,5.22668467430295,1
255.78,4.402183952585486,1
255.79,4.3896111236719175,1
255.8,3.6913293992324534,1
255.81,4.355800329525526,1
255.82,5.119629490914789,1
255.83,3.973209499262325,1
255.84,3.778182092271007,1
255.85,3.8265842477573915,1
255.86,5.040770358486563,1
255.87,4.617422842837998,1
255.88,4.976342051630504,1
255.89000000000001,4.2620680155008435,1
255.9,4.041235617710234,1
255.91,4.277541300714383,1
255.92000000000002,4.711002311015861,1
255.93,3.882322670007621,1
255.94,4.880976609983225,1
255.95000000000002,4.290220051025511,1
255.96,2.4561502971454368,1
255.97,4.4806051261404605,1
255.98000000000002,3.203327987967801,1
255.99,4.5096558352451055,1
256.0,4.6155103219005325,1
256.01,4.250974485269287,1
256.02,4.367814373205519,1
256.03000000000003,4.735048036470707,1
256.04,3.7225253014271,1
256.05,4.498151647201695,1
256.06,4.78449228161681,1
256.07,5.189062071947339,1
256.08,3.3538814677999875,1
256.09000000000003,4.2262899355705486,1
256.1,3.3897353733818267,1
256.11,3.3120104586946573,1
256.12,4.191668238353571,1
256.13,4.061755668907279,1
256.14,4.746615441582168,1
256.15,3.820187625886144,1
256.16,3.9022348056162786,1
256.17,4.131364175754084,1
256.18,3.448702346010705,1
256.19,3.4977734959851006,1
256.2,4.694023529700191,1
256.21,3.6854634914400846,1
256.22,4.7483528327018085,1
256.23,4.438943151023274,1
256.24,3.022253666283387,1
256.25,4.2854602671058055,1
256.26,4.356127648480715,1
256.27,4.2957759818219685,1
256.28000000000003,3.9256928321959417,1
256.29,3.385598594526715,1
256.3,4.836597724589044,1
256.31,3.9842880860805803,1
256.32,3.42587779805931,1
256.33,4.262371592894472,1
256.34000000000003,3.5338051507211587,1
256.35,3.3562338225015775,1
256.36,3.717756530460723,1
256.37,3.551336062333033,1
256.38,3.381190985708886,1
256.39,4.486094752167324,1
256.4,3.9553109043493255,1
256.41,4.809834130280328,1
256.42,3.494159564803076,1
256.43,2.8487579682421784,1
256.44,4.027451986860236,1
256.45,5.2058599651757085,1
256.46,4.416871222267656,1
256.47,6.111240121167636,1
256.48,4.342123976426397,1
256.49,4.173360531351684,1
256.5,2.6119399437099746,1
256.51,4.194381083058037,1
256.52,4.121099389789234,1
256.53000000000003,3.742919297144794,1
256.54,3.8958290698027334,1
256.55,3.9495641203770018,1
256.56,3.880230604732914,1
256.57,5.348681391369356,1
256.58,3.8402948652036697,1
256.59000000000003,4.100273336751326,1
256.6,3.7439536863467286,1
256.61,4.4929500515696486,1
256.62,4.144266408079176,1
256.63,3.82704190257212,1
256.64,2.739998763514331,1
256.65,4.0822653449591915,1
256.66,3.804073873682712,1
256.67,3.9488341360882044,1
256.68,3.229717105628607,1
256.69,4.883737986494863,1
256.7,4.608904050194373,1
256.71,4.964817706209541,1
256.72,4.802082432150186,1
256.73,4.432437556233042,1
256.74,3.2848002982304525,1
256.75,5.15313096697005,1
256.76,3.4673113216298788,1
256.77,3.793888043712351,1
256.78000000000003,4.44629194365092,1
256.79,4.5176430774952285,1
256.8,4.402342336540814,1
256.81,3.764421787115885,1
256.82,3.5920704997018773,1
256.83,5.620002322793248,1
256.84000000000003,4.071692118123009,1
256.85,3.899339570244746,1
256.86,3.530984268929404,1
256.87,4.130608260620802,1
256.88,4.136319420442129,1
256.89,3.9976511313499423,1
256.9,4.247534365433065,1
256.91,5.1590862392805175,1
256.92,3.683457754655014,1
256.93,4.008961444283277,1
256.94,3.5801948586037415,1
256.95,4.166020518093512,1
256.96,3.641121764187139,1
256.97,3.6375446840086245,1
256.98,3.0312716699027393,1
256.99,4.00532838596737,1
257.0,4.279166673574814,1
257.01,5.223880910040345,1
257.02,4.3780596541948125,1
257.03000000000003,3.730915503904325,1
257.04,3.101655782095922,1
257.05,3.1536929873750887,1
257.06,3.10858041050082,1
257.07,5.165042857344738,1
257.08,4.25664235255022,1
257.09000000000003,3.6371531840801947,1
257.1,3.355444495988805,1
257.11,3.405859122784423,1
257.12,3.569020463979225,1
257.13,4.828165711284384,1
257.14,4.030261767509916,1
257.15,3.062657597462592,1
257.16,5.442852309768323,1
257.17,3.34680158928694,1
257.18,3.57745704449129,1
257.19,4.82470702362708,1
257.2,4.318843519602153,1
257.21,3.7142309670515727,1
257.22,3.183907354334202,1
257.23,3.3238179176473093,1
257.24,3.3712681543809166,1
257.25,3.966838523243737,1
257.26,4.121976748750203,1
257.27,3.910867179045858,1
257.28000000000003,3.9692089732208684,1
257.29,3.316412916062878,1
257.3,4.1491799655358355,1
257.31,4.839788354252404,1
257.32,3.9447633461144638,1
257.33,3.87841290932842,1
257.34000000000003,4.046558259605372,1
257.35,4.728317175140065,1
257.36,3.4631768506256324,1
257.37,4.909142357382236,1
257.38,4.327849722708496,1
257.39,4.03827984889755,1
257.4,4.789481265481509,1
257.41,3.280412787492528,1
257.42,4.295543021825539,1
257.43,4.2969298821149415,1
257.44,3.4108654703075154,1
257.45,4.263527275607572,1
257.46,4.199628237215353,1
257.47,3.8960072285852854,1
257.48,4.553581437889255,1
257.49,3.662244177859507,1
257.5,4.155126899450329,1
257.51,3.923873852599166,1
257.52,3.5965993399273644,1
257.53000000000003,4.302082100148363,1
257.54,3.8833399601967242,1
257.55,3.0372711708813234,1
257.56,2.773652449472759,1
257.57,4.438382471608323,1
257.58,3.2343422683351717,1
257.59000000000003,4.135333282230614,1
257.6,4.043774376107855,1
257.61,3.7635123784784947,1
257.62,5.255353873714818,1
257.63,4.1918989362825165,1
257.64,4.50179081162804,1
257.65,4.214904453244078,1
257.66,3.8626647875441913,1
257.67,3.979374553573782,1
257.68,4.945107237241628,1
257.69,4.762700643390515,1
257.7,5.312267335926093,1
257.71,4.22254384552899,1
257.72,3.444370479473749,1
257.73,3.6808420844606298,1
257.74,3.210185653869787,1
257.75,4.450291572215731,1
257.76,3.646858029055475,1
257.77,1.9964327616867505,1
257.78000000000003,5.478354953012429,1
257.79,3.718478762422328,1
257.8,3.6089998438079616,1
257.81,5.061130041794671,1
257.82,3.2797192882707917,1
257.83,4.6942459556503815,1
257.84000000000003,3.660505096465058,1
257.85,3.1207135039415084,1
257.86,5.053961865990354,1
257.87,4.662169730347331,1
257.88,4.636653452094995,1
257.89,4.2767447677089425,1
257.9,4.40531916666021,1
257.91,3.2248593586054404,1
257.92,4.0259079162841225,1
257.93,3.3989461571463133,1
257.94,3.0627519576379996,1
257.95,4.210403533507037,1
257.96,4.7640651664774145,1
257.97,3.7971031201803984,1
257.98,3.8502660859297344,1
257.99,3.2525508827413017,1
258.0,3.959835746247324,1
258.01,4.49074952697177,1
258.02,4.5430110780570345,1
258.03000000000003,4.38630674761187,1
258.04,3.6219223630287196,1
258.05,3.5554928003558013,1
258.06,4.489411013322343,1
258.07,4.556213071412112,1
258.08,3.921777459324406,1
258.09000000000003,3.7187939783422275,1
258.1,4.740471339012327,1
258.11,3.8108831678596906,1
258.12,4.472635408425685,1
258.13,3.9395703117181817,1
258.14,3.316704629424845,1
258.15,5.005117062749516,1
258.16,4.1382079545770605,1
258.17,3.547141210567432,1
258.18,3.0704334983719077,1
258.19,3.107236152803733,1
258.2,3.704478456233643,1
258.21,5.231348050059285,1
258.22,3.6945353330229747,1
258.23,4.920822711932933,1
258.24,3.970406109558789,1
258.25,3.2318598043101874,1
258.26,3.64687847204667,1
258.27,3.1476706650779795,1
258.28000000000003,3.3934831321778134,1
258.29,3.38891000731906,1
258.3,2.7280915454233554,1
258.31,4.905231370206378,1
258.32,4.191227839329709,1
258.33,3.566196376397457,1
258.34000000000003,4.117854627270049,1
258.35,3.46498741517742,1
258.36,2.2348369276221867,1
258.37,5.81247732903067,1
258.38,4.231766527717369,1
258.39,3.6317372827141066,1
258.4,2.723124329788284,1
258.41,2.9539398243830837,1
258.42,5.010718642793095,1
258.43,5.035144322790007,1
258.44,4.5508163766083,1
258.45,3.3095547240594647,1
258.46,4.938288113191622,1
258.47,4.348129268316794,1
258.48,4.445821695043346,1
258.49,4.316237924920127,1
258.5,3.0411973702145447,1
258.51,3.1650703364793675,1
258.52,3.6188599055070028,1
258.53000000000003,4.394743666793811,1
258.54,3.1280203283031636,1
258.55,3.8339113902628266,1
258.56,3.875445321241992,1
258.57,4.5068791756400906,1
258.58,4.468159171275941,1
258.59000000000003,3.3726257264166657,1
258.6,4.901009404824675,1
258.61,3.2993168933027475,1
258.62,4.666635578483596,1
258.63,3.6830482006612995,1
258.64,4.087342795480418,1
258.65,4.151867773074203,1
258.66,4.1373903765780256,1
258.67,4.445878025985998,1
258.68,4.280742934652876,1
258.69,4.525298814341861,1
258.7,4.332976807603801,1
258.71,3.1995634366808146,1
258.72,4.127027255135352,1
258.73,3.6417665212917627,1
258.74,3.258784387897551,1
258.75,3.767470551460049,1
258.76,4.104936793514367,1
258.77,4.16829259263807,1
258.78000000000003,4.695276976947483,1
258.79,4.889936615199213,1
258.8,4.2715849335897085,1
258.81,4.351808681115048,1
258.82,4.082947780320795,1
258.83,4.502774955053115,1
258.84000000000003,4.34613849770121,1
258.85,3.9854148574037858,1
258.86,5.395393470267916,1
258.87,3.7293440326827723,1
258.88,4.927454414875865,1
258.89,3.1769428141470133,1
258.9,4.478514527910798,1
258.91,4.960797999890084,1
258.92,2.8201889420761157,1
258.93,4.019366490260989,1
258.94,4.465343327105993,1
258.95,4.191401879096448,1
258.96,4.256842629529079,1
258.97,4.103796088514826,1
258.98,3.296248102454374,1
258.99,5.494231409654951,1
259.0,3.762943943906036,1
259.01,4.267473015194729,1
259.02,3.5963600755793115,1
259.03000000000003,2.4991356917609693,1
259.04,3.310097428899445,1
259.05,3.0193567226649187,1
259.06,4.649402018340678,1
259.07,3.6452105864351902,1
259.08,3.6451552939007628,1
259.09000000000003,3.2881407441374866,1
259.1,4.018301333198657,1
259.11,3.536239056613086,1
259.12,4.616042816836955,1
259.13,4.232934424388974,1
259.14,3.6429589441305805,1
259.15,4.530233350760677,1
259.16,4.036966042222353,1
259.17,4.016165777175073,1
259.18,3.051970084975204,1
259.19,3.8969954645521554,1
259.2,4.20244719700449,1
259.21,4.877403586288014,1
259.22,3.5647938644594546,1
259.23,5.451990446802741,1
259.24,4.448431709376108,1
259.25,3.0410674978626457,1
259.26,3.3940750491088436,1
259.27,4.885629891653772,1
259.28000000000003,4.8597808468454975,1
259.29,4.0633264253648225,1
259.3,4.101070530648779,1
259.31,3.250431376484305,1
259.32,4.812416181746437,1
259.33,3.407853093988088,1
259.34000000000003,4.512563669652368,1
259.35,4.907998043971088,1
259.36,4.085724600083231,1
259.37,4.632957737953144,1
259.38,5.236779586960972,1
259.39,4.248072688529362,1
259.4,3.9011434686820508,1
259.41,3.95069253907883,1
259.42,3.514969495231696,1
259.43,3.474165245086531,1
259.44,4.255496228583471,1
259.45,3.9089543835605016,1
259.46,4.207073626477419,1
259.47,3.0457107172129616,1
259.48,3.882648868390174,1
259.49,4.66132921010662,1
259.5,3.313689294328904,1
259.51,3.9695441735089463,1
259.52,2.7948484476470807,1
259.53000000000003,3.080669360078785,1
259.54,4.468873923355668,1
259.55,3.827459833635,1
259.56,5.171861205261398,1
259.57,4.3508932794681945,1
259.58,4.365319422293037,1
259.59000000000003,3.3234664524848396,1
259.6,3.709540471738641,1
259.61,3.5072168671640367,1
259.62,3.279143572091381,1
259.63,4.387501690989795,1
259.64,4.584173018668574,1
259.65,4.293892379973063,1
259.66,3.48035957934538,1
259.67,4.183408794546002,1
259.68,2.7700034181336233,1
259.69,4.784606913261807,1
259.7,3.2047990057550693,1
259.71,3.2253017207415726,1
259.72,4.028323064887944,1
259.73,4.1341640159972695,1
259.74,3.9608484445688372,1
259.75,3.277367765800191,1
259.76,4.691991049069205,1
259.77,2.9476268213216557,1
259.78000000000003,2.9744697549066115,1
259.79,3.8690546662232617,1
259.8,3.1718716791733184,1
259.81,4.743586969009501,1
259.82,3.280155459143845,1
259.83,4.96705361220981,1
259.84000000000003,4.7296404396001215,1
259.85,4.845118336385498,1
259.86,5.275116084395195,1
259.87,4.129209993367456,1
259.88,3.350505361182756,1
259.89,3.8941958302989725,1
259.9,3.6259827028358043,1
259.91,3.5174151369507127,1
259.92,4.068922984485178,1
259.93,3.8018926625813734,1
259.94,3.500058143785237,1
259.95,3.8107793131196277,1
259.96,4.344839876599264,1
259.97,4.6412415598252945,1
259.98,2.9984510619177236,1
259.99,3.7431814227192426,1
260.0,3.892883322457904,1
260.01,3.2263197807655075,1
260.02,3.8759106423546723,1
260.03000000000003,4.088578473758616,1
260.04,4.341949579121788,1
260.05,4.070579335123928,1
260.06,3.4326492837319686,1
260.07,5.271422277323536,1
260.08,4.614246785225091,1
260.09000000000003,4.3954753759708,1
260.1,4.675692127048486,1
260.11,4.199251038530565,1
260.12,4.846544308946657,1
260.13,4.08769282604651,1
260.14,4.006395372369094,1
260.15,4.4125383461339265,1
260.16,5.047538704628912,1
260.17,5.043913230276303,1
260.18,4.4472914756008715,1
260.19,4.362030215762755,1
260.2,4.473334276282585,1
260.21,4.667899434045958,1
260.22,4.88272884026035,1
260.23,3.899461128763877,1
260.24,4.8491639839886,1
260.25,4.273494997076767,1
260.26,4.438752977783691,1
260.27,4.9229738991400325,1
260.28000000000003,4.5400940455990115,1
260.29,4.626730077692976,1
260.3,3.78493778850943,1
260.31,4.95924416567331,1
260.32,4.508936324808236,1
260.33,4.112331266208259,1
260.34000000000003,4.721148808897334,1
260.35,5.722328260494233,1
260.36,3.344907644210606,1
260.37,3.439209468778606,1
260.38,5.708656378931005,1
260.39,4.3793713471479565,1
260.4,4.146604053067036,1
260.41,3.9339306341417415,1
260.42,4.780104093780059,1
260.43,5.741059082398244,1
260.44,3.6728699657670534,1
260.45,3.917515773238996,1
260.46,3.7674890335475855,1
260.47,4.461553351823482,1
260.48,4.8208174457577915,1
260.49,5.100957155931685,1
260.5,4.56352644385755,1
260.51,5.668427623930706,1
260.52,3.7271892856481124,1
260.53000000000003,3.4421572908605333,1
260.54,4.91988254527317,1
260.55,4.134890117064307,1
260.56,3.1153434984613226,1
260.57,3.7418498054348794,1
260.58,4.150389723169796,1
260.59000000000003,3.5897188209158153,1
260.6,3.317041906012596,1
260.61,3.8243067207365806,1
260.62,3.298758307086865,1
260.63,4.3700169004472285,1
260.64,2.76100416573645,1
260.65,3.9843305605667645,1
260.66,4.336132886304504,1
260.67,3.9614221961042557,1
260.68,4.706999990832271,1
260.69,3.1531601996658676,1
260.7,3.4943024503811753,1
260.71,3.7555221156493475,1
260.72,4.447767657455884,1
260.73,4.168640105998076,1
260.74,5.400796295906568,1
260.75,3.561230564244104,1
260.76,3.0685646583618986,1
260.77,5.1049265969887845,1
260.78000000000003,3.137913130218735,1
260.79,4.391465646287534,1
260.8,3.388498487810847,1
260.81,2.620676266611403,1
260.82,3.6740700024161472,1
260.83,4.564065811916806,1
260.84000000000003,3.241123502226948,1
260.85,4.328254344873686,1
260.86,4.514663220352503,1
260.87,3.205770420204697,1
260.88,3.8045681085223437,1
260.89,5.011525879826156,1
260.9,4.482814876090701,1
260.91,3.8593050126228987,1
260.92,4.2610140297642864,1
260.93,3.5710421722350185,1
260.94,4.696860522503448,1
260.95,4.764126984688332,1
260.96,4.124294876422974,1
260.97,4.157146524707975,1
260.98,3.361380468703047,1
260.99,3.0844424594105515,1
261.0,3.7007144888332717,1
261.01,3.9253341102311046,1
261.02,4.684983524778713,1
261.03000000000003,4.639596835851666,1
261.04,4.158300738124977,1
261.05,4.781954197618906,1
261.06,3.434756109740249,1
261.07,4.665092722674907,1
261.08,3.5270525344521233,1
261.09000000000003,4.775972846255352,1
261.1,4.037898798117795,1
261.11,2.7057276915410533,1
261.12,4.396090763988428,1
261.13,4.549022166986639,1
261.14,3.736698974911523,1
261.15,3.7433179778869103,1
261.16,3.881081483029951,1
261.17,2.7437706692375157,1
261.18,2.3903221541559114,1
261.19,4.747951718953032,1
261.2,3.5101981477998923,1
261.21,5.174360943966919,1
261.22,4.959618011634562,1
261.23,5.07441876322188,1
261.24,3.642532342464203,1
261.25,2.9349746951335733,1
261.26,3.2308977812721915,1
261.27,3.664181117222655,1
261.28000000000003,2.440030722987153,1
261.29,3.597931895031201,1
261.3,3.845021371861924,1
261.31,3.150843488801383,1
261.32,3.273953760640632,1
261.33,3.8133065198500065,1
261.34000000000003,4.219967416484609,1
261.35,3.435206513039021,1
261.36,4.15573434315653,1
261.37,4.098133711593342,1
261.38,4.036308925142626,1
261.39,3.579132899336182,1
261.4,3.1096126972462366,1
261.41,5.0472839103671285,1
261.42,4.471797757487593,1
261.43,4.68085567295866,1
261.44,3.9865899801844096,1
261.45,3.892770944139805,1
261.46,4.311920459696704,1
261.47,2.8283163205700177,1
261.48,3.206486032850834,1
261.49,3.434769729432361,1
261.5,3.671150331350142,1
261.51,3.409497000161075,1
261.52,4.180504716007978,1
261.53000000000003,4.0636756061783395,1
261.54,4.907551463689577,1
261.55,5.659499632162987,1
261.56,3.28019618879458,1
261.57,4.052387657914599,1
261.58,4.097564661516706,1
261.59000000000003,3.996641761063135,1
261.6,3.295932923665329,1
261.61,3.3626517243149516,1
261.62,4.117741223034631,1
261.63,3.3936939825676293,1
261.64,4.066961904639226,1
261.65,3.844438375023977,1
261.66,4.082578050348744,1
261.67,3.3864257444253076,1
261.68,4.0653561470551836,1
261.69,3.432333833402789,1
261.7,4.07020399225129,1
261.71,4.87325121272874,1
261.72,4.221728948857873,1
261.73,4.22214255759211,1
261.74,4.54355579613257,1
261.75,3.1219440677366093,1
261.76,5.062602715453089,1
261.77,3.3788588215620416,1
261.78000000000003,4.5334810462625095,1
261.79,4.516625681892167,1
261.8,3.445645892273398,1
261.81,4.6213332813811245,1
261.82,4.360275328972289,1
261.83,5.247889369847996,1
261.84000000000003,4.20034309342847,1
261.85,3.9415945303162268,1
261.86,3.6625028438526286,1
261.87,2.8486108089852857,1
261.88,3.7244413933997773,1
261.89,3.804455619502126,1
261.9,4.158298271313776,1
261.91,3.086147406075966,1
261.92,3.7900908035140795,1
261.93,4.361294031009147,1
261.94,4.459967872015421,1
261.95,2.820896153506169,1
261.96,4.387590823914739,1
261.97,3.8632711574950083,1
261.98,3.8717558569702284,1
261.99,2.4581393383211463,1
262.0,4.876560562133964,1
262.01,4.1673058677848305,1
262.02,3.016382499063469,1
262.03000000000003,4.184424591996839,1
262.04,4.23457305890439,1
262.05,4.807296416620345,1
262.06,3.847502747508803,1
262.07,3.998633561605302,1
262.08,3.582845706765696,1
262.09000000000003,4.362937110847051,1
262.1,3.513425014765508,1
262.11,3.3914074057041717,1
262.12,3.919495439424105,1
262.13,3.1997938287936774,1
262.14,4.99149673816473,1
262.15,5.309956242177599,1
262.16,3.784294997898453,1
262.17,3.087394724488044,1
262.18,4.163634340999274,1
262.19,3.697015992295969,1
262.2,4.743988079585176,1
262.21,3.5339157895581312,1
262.22,4.325330887074913,1
262.23,4.093482193577707,1
262.24,3.5668308890714115,1
262.25,4.129761130336225,1
262.26,4.577803020971699,1
262.27,4.09101801426054,1
262.28000000000003,4.068582187503941,1
262.29,3.4378277804548913,1
262.3,4.708662858830164,1
262.31,4.720251825934606,1
262.32,3.7768324242593714,1
262.33,3.905967995401066,1
262.34000000000003,4.9119453869248,1
262.35,3.319223163198759,1
262.36,4.351233189293616,1
262.37,3.6586292062184347,1
262.38,5.133186145452099,1
262.39,4.109157242757123,1
262.4,4.824319498917342,1
262.41,3.5554879495569796,1
262.42,3.1632477290934657,1
262.43,3.7978005472500356,1
262.44,4.158304663749953,1
262.45,3.6781207813529737,1
262.46,4.4726990543329075,1
262.47,3.892137991337484,1
262.48,2.643031601518609,1
262.49,4.277262309389734,1
262.5,3.4440201494649907,1
262.51,3.7320263612636846,1
262.52,4.991638062070659,1
262.53000000000003,5.209749844547214,1
262.54,3.6991881922694017,1
262.55,4.356835981582091,1
262.56,3.663078483868181,1
262.57,3.7936532167555224,1
262.58,3.5945745695889917,1
262.59000000000003,2.856870383033277,1
262.6,3.993086803523415,1
262.61,4.186555252238113,1
262.62,3.5758279605635845,1
262.63,4.680340426254431,1
262.64,3.757878958338254,1
262.65,3.572031261371568,1
262.66,4.315932338396408,1
262.67,3.0180192121246385,1
262.68,4.529360752411794,1
262.69,3.7708226550006367,1
262.7,4.628126800649254,1
262.71,4.873463978264213,1
262.72,4.467757921402779,1
262.73,3.501233700313619,1
262.74,3.1584982054025024,1
262.75,3.019042038975136,1
262.76,4.656742909463229,1
262.77,3.9519423599695434,1
262.78000000000003,3.608324096771599,1
262.79,3.8908007227567354,1
262.8,4.694586362424174,1
262.81,4.546944095187941,1
262.82,4.3173321321398515,1
262.83,4.432918865662571,1
262.84000000000003,4.14287617129308,1
262.85,4.2045922665442585,1
262.86,4.1556831035609445,1
262.87,4.009301248277739,1
262.88,4.489368857209049,1
262.89,4.263772419282168,1
262.9,3.444392940589803,1
262.91,4.309812586084634,1
262.92,4.179009808423112,1
262.93,4.407443344561701,1
262.94,3.9568341388407022,1
262.95,4.524090659807394,1
262.96,3.9916017943098154,1
262.97,4.469170201095174,1
262.98,3.731978279903195,1
262.99,3.7326570573873443,1
263.0,4.374588526972654,1
263.01,3.8072111305426026,1
263.02,5.419608326786557,1
263.03000000000003,4.452702402836397,1
263.04,4.043333223399837,1
263.05,4.5345753494753716,1
263.06,3.7201951576330674,1
263.07,4.58209044093291,1
263.08,4.615779947700435,1
263.09000000000003,4.850275977218462,1
263.1,3.7650065754180417,1
263.11,3.192555667103802,1
263.12,3.5556673491243695,1
263.13,3.7906100103608047,1
263.14,5.069171744861316,1
263.15,5.488337644033159,1
263.16,4.312927138179991,1
263.17,4.024868526585358,1
263.18,3.774461783066196,1
263.19,4.521550676945706,1
263.2,5.451307996448799,1
263.21,5.245790229623088,1
263.22,4.813099578883269,1
263.23,4.777617171024124,1
263.24,4.586683775756276,1
263.25,4.004517486777194,1
263.26,3.522377242959968,1
263.27,3.957837850955726,1
263.28000000000003,4.27149642958232,1
263.29,3.073130036707475,1
263.3,3.8451489418154456,1
263.31,3.454820118155243,1
263.32,4.625098698124445,1
263.33,3.6808391992033425,1
263.34000000000003,4.193809203711903,1
263.35,3.5574351240085034,1
263.36,5.010079675691231,1
263.37,2.9571044515376785,1
263.38,4.246165276836073,1
263.39,3.1860481709749826,1
263.4,3.620693123939261,1
263.41,4.111021488881686,1
263.42,4.172344322586155,1
263.43,4.159095622009589,1
263.44,4.1080049723795895,1
263.45,3.590033162992733,1
263.46,3.8689594452196476,1
263.47,4.012662632059831,1
263.48,4.127515238067037,1
263.49,3.9650355223989737,1
263.5,4.471281514546583,1
263.51,4.088869060201946,1
263.52,4.135958258805351,1
263.53000000000003,3.7598815760331976,1
263.54,3.3027381095374033,1
263.55,4.058102715214324,1
263.56,4.786912105882893,1
263.57,4.335204740458719,1
263.58,3.4896985529232234,1
263.59000000000003,4.49800882465829,1
263.6,3.81244687589763,1
263.61,4.452435000820631,1
263.62,3.7878606680712994,1
263.63,4.216507084734621,1
263.64,3.6765743451247745,1
263.65,3.660687729543558,1
263.66,2.963402957892712,1
263.67,4.270053142202338,1
263.68,4.256379962200792,1
263.69,4.292071175469352,1
263.7,4.196166708061195,1
263.71,3.5172001174598253,1
263.72,4.597735407902138,1
263.73,4.680008070470434,1
263.74,3.5293692012130435,1
263.75,4.317019600042951,1
263.76,4.586740783776964,1
263.77,3.730191080239527,1
263.78000000000003,3.7917349408499113,1
263.79,4.334052335664987,1
263.8,3.0400974690972014,1
263.81,3.236144367574391,1
263.82,3.31197398781179,1
263.83,2.7932163872125315,1
263.84000000000003,4.631533312416199,1
263.85,2.747934531022598,1
263.86,4.1474962016682015,1
263.87,4.535493452874571,1
263.88,3.841636053784791,1
263.89,3.5568419023335043,1
263.9,4.124485435826038,1
263.91,4.008658429991648,1
263.92,4.651622507084189,1
263.93,2.3336367517267425,1
263.94,3.303934202498633,1
263.95,4.322603389333899,1
263.96,4.052087964438396,1
263.97,4.4910668080574165,1
263.98,4.199470153262237,1
263.99,3.9245469025869575,1
264.0,3.7993393225068397,1
264.01,5.496523352601185,1
264.02,5.08570897292161,1
264.03000000000003,4.386640588464253,1
264.04,4.074108080522454,1
264.05,4.3536024591524844,1
264.06,4.557690445318952,1
264.07,4.305208303384659,1
264.08,3.530795325376827,1
264.09000000000003,5.129689958465475,1
264.1,4.227528422196589,1
264.11,5.320347802455483,1
264.12,4.200647574636127,1
264.13,3.852651849158199,1
264.14,4.889229287505591,1
264.15,4.248772573537909,1
264.16,4.101494821613443,1
264.17,3.227258648013533,1
264.18,4.382003940923543,1
264.19,3.7028461810750937,1
264.2,3.69163087305584,1
264.21,3.6632155624989307,1
264.22,4.264650793578639,1
264.23,3.019682479698536,1
264.24,3.8043783874818105,1
264.25,4.624296086954416,1
264.26,3.229231746779074,1
264.27,4.065922778659972,1
264.28000000000003,3.594285146928316,1
264.29,3.7137293279685526,1
264.3,5.056734454767314,1
264.31,2.9925189114270356,1
264.32,4.4363142593383165,1
264.33,3.7160851610959558,1
264.34000000000003,3.6406014428162607,1
264.35,3.2572222644790676,1
264.36,4.444585242232515,1
264.37,3.9024862592630605,1
264.38,3.7880360649127605,1
264.39,4.058547542803304,1
264.4,3.893025636408979,1
264.41,2.6954773316890543,1
264.42,3.603267703030415,1
264.43,4.557184030855521,1
264.44,3.055894670770561,1
264.45,3.236170422457572,1
264.46,3.6772556144931334,1
264.47,3.5098298596151603,1
264.48,3.9524968836153564,1
264.49,3.2879299773115145,1
264.5,3.7056245571030666,1
264.51,3.9511972321180036,1
264.52,4.418123159608264,1
264.53000000000003,4.832742773831577,1
264.54,3.8802652025011746,1
264.55,5.217844046763464,1
264.56,3.953748027811987,1
264.57,4.535023069731879,1
264.58,5.285319510159807,1
264.59000000000003,4.167506498817745,1
264.6,3.1188665609836996,1
264.61,4.0061130474366,1
264.62,3.603515172914088,1
264.63,3.7981514678125654,1
264.64,5.275799544786656,1
264.65,3.28318367068959,1
264.66,4.151942591595732,1
264.67,3.4396255830924933,1
264.68,3.7667601575444225,1
264.69,4.469280876069453,1
264.7,4.234590828376728,1
264.71,3.8680680000187238,1
264.72,3.5704748204338266,1
264.73,4.179309169210277,1
264.74,5.118755121405075,1
264.75,3.4823020771876907,1
264.76,5.209280986819216,1
264.77,4.850825524813682,1
264.78000000000003,4.93952563244388,1
264.79,4.256491394299967,1
264.8,4.775252380477663,1
264.81,3.391956206052012,1
264.82,3.5300711483530725,1
264.83,4.468686437930409,1
264.84000000000003,4.2200740213698404,1
264.85,3.9169316835163146,1
264.86,2.3712508145194713,1
264.87,3.619726881663994,1
264.88,3.2154235371378674,1
264.89,4.273144758807329,1
264.9,3.8923530108017785,1
264.91,3.5858816013705934,1
264.92,5.689949716517953,1
264.93,4.774994633534679,1
264.94,4.731580085648954,1
264.95,5.4727557343470306,1
264.96,4.6088505921872525,1
264.97,3.5363137588440896,1
264.98,3.396085972304069,1
264.99,4.5898219974251475,1
265.0,2.6992206549111417,1
265.01,3.8714875633564394,1
265.02,2.5836009142298373,1
265.03000000000003,3.9791485841321688,1
265.04,4.552894414858937,1
265.05,4.214466551453054,1
265.06,4.621540498856818,1
265.07,5.312129021793309,1
265.08,3.98559584847754,1
265.09000000000003,5.820820846833589,1
265.1,4.247235674126429,1
265.11,4.630679906799055,1
265.12,3.6413656179265494,1
265.13,5.0291397182655775,1
265.14,4.7376401123165985,1
265.15,4.998978603150688,1
265.16,4.095302762671939,1
265.17,3.191166911801088,1
265.18,4.250189199787108,1
265.19,2.9139357766941796,1
265.2,3.7167090662799147,1
265.21,4.1069810621062075,1
265.22,5.548830793702999,1
265.23,4.299613407471642,1
265.24,4.1085127533154155,1
265.25,3.9656135040049896,1
265.26,3.127149384272873,1
265.27,4.003315252294361,1
265.28000000000003,4.066952173364582,1
265.29,3.375555902081427,1
265.3,3.192538449012893,1
265.31,3.6390953088493423,1
265.32,4.020476114520503,1
265.33,3.704354170039256,1
265.34000000000003,3.3004228407731295,1
265.35,4.145713580561137,1
265.36,4.358375207908951,1
265.37,4.100203977192286,1
265.38,3.640732758277048,1
265.39,4.364394037805149,1
265.4,3.8982375335724773,1
265.41,3.222382324541612,1
265.42,4.62568827119422,1
265.43,4.266907531496836,1
265.44,3.9386154486845486,1
265.45,2.976972782160619,1
265.46,3.4553314577712047,1
265.47,5.277023749247372,1
265.48,3.097965436094341,1
265.49,3.782795238204015,1
265.5,3.976368598836932,1
265.51,4.206516733133254,1
265.52,3.0409831650608767,1
265.53000000000003,4.055469586608173,1
265.54,2.9093341466530953,1
265.55,3.997774671857114,1
265.56,3.5765718267347926,1
265.57,3.4127932665550134,1
265.58,4.506421132403242,1
265.59000000000003,3.8775171176033565,1
265.6,4.300008308887007,1
265.61,4.3468444687909455,1
265.62,4.844793250692672,1
265.63,3.2667349991362897,1
265.64,4.552288062791547,1
265.65,4.0438180608886105,1
265.66,3.7572909110556107,1
265.67,3.239770452641105,1
265.68,4.3479599359608185,1
265.69,3.4225116328349325,1
265.7,4.301318599564475,1
265.71,5.268911522730077,1
265.72,4.711972160682686,1
265.73,4.945521195004839,1
265.74,3.5902201605712785,1
265.75,4.470296487349256,1
265.76,3.2858180069317955,1
265.77,3.8056586150394587,1
265.78000000000003,5.1181272282716925,1
265.79,3.6727020161131523,1
265.8,4.7014421815745395,1
265.81,4.701067529261269,1
265.82,4.739387283392267,1
265.83,3.2222956813967434,1
265.84000000000003,4.294103329629429,1
265.85,3.916040517449704,1
265.86,4.701210698862614,1
265.87,2.968260478436372,1
265.88,4.176727056789293,1
265.89,4.15748240746295,1
265.9,2.7182036011920503,1
265.91,3.348605860456065,1
265.92,2.773460621817733,1
265.93,3.455127292994397,1
265.94,4.323655579254027,1
265.95,4.1461781751122455,1
265.96,4.118682366098157,1
265.97,3.3325022732778833,1
265.98,4.686930846840592,1
265.99,4.02900509875212,1
266.0,4.023608314878025,1
266.01,4.611574959184799,1
266.02,3.3934806818460457,1
266.03000000000003,4.111897249341794,1
266.04,4.2814685566758115,1
266.05,3.6629077059650554,1
266.06,4.403053194807802,1
266.07,4.333754515170972,1
266.08,3.9543788914145774,1
266.09000000000003,3.911519410844604,1
266.1,4.334384039217061,1
266.11,4.531645875486938,1
266.12,4.072710039587065,1
266.13,4.7311739482835,1
266.14,4.471141142422022,1
266.15,2.867861290694112,1
266.16,3.020534035200449,1
266.17,4.708300472130302,1
266.18,3.8823844777564522,1
266.19,4.09946509458205,1
266.2,4.745172570410508,1
266.21,4.04055057082045,1
266.22,4.026613338065495,1
266.23,3.437940128593858,1
266.24,4.206339553532978,1
266.25,4.392926477532674,1
266.26,3.6486291259567594,1
266.27,3.3806835893112623,1
266.28000000000003,5.666853502335313,1
266.29,4.039729505657572,1
266.3,3.558784390857585,1
266.31,4.431980801372621,1
266.32,3.992962207788055,1
266.33,3.2951011143196745,1
266.34000000000003,4.271125206180732,1
266.35,3.4627379339624134,1
266.36,4.99061585857135,1
266.37,4.380285868783759,1
266.38,3.8431691183628365,1
266.39,4.061537657454924,1
266.4,4.58977173818109,1
266.41,4.156043348268252,1
266.42,5.3862486414203605,1
266.43,4.820158640921855,1
266.44,4.36558329237314,1
266.45,3.4139914416599724,1
266.46,3.8695342329970828,1
266.47,4.302879995633908,1
266.48,3.484276495387922,1
266.49,4.808269384569895,1
266.5,3.416434682646611,1
266.51,3.551535603504856,1
266.52,3.608256149244173,1
266.53000000000003,4.459110209087064,1
266.54,3.5052805985609234,1
266.55,2.80243993652336,1
266.56,4.6340974862268585,1
266.57,3.749715164591518,1
266.58,3.291704230074704,1
266.59000000000003,3.467728175030121,1
266.6,5.081949054042623,1
266.61,3.6386079742561575,1
266.62,3.898271680784649,1
266.63,3.7039227312990786,1
266.64,3.1824482261571374,1
266.65,3.4690495923203013,1
266.66,3.12394618036003,1
266.67,4.567640210562672,1
266.68,4.099511669709707,1
266.69,5.616803893638182,1
266.7,3.6370464357523407,1
266.71,3.420969398649873,1
266.72,4.960405896458298,1
266.73,4.744070475444637,1
266.74,4.294290911713874,1
266.75,3.295062163800927,1
266.76,5.089907817421975,1
266.77,4.018611851953123,1
266.78000000000003,3.721682221814806,1
266.79,4.72488629370572,1
266.8,4.029027457618402,1
266.81,3.2454211554615644,1
266.82,3.9808747624451595,1
266.83,3.491890767068148,1
266.84000000000003,2.0169658069699596,1
266.85,3.308938854561223,1
266.86,3.616126217535568,1
266.87,3.2271515758791764,1
266.88,4.326865695156922,1
266.89,3.515181333451169,1
266.9,4.281327647202847,1
266.91,3.2166661153129064,1
266.92,4.5429275203500135,1
266.93,3.2043568400049844,1
266.94,2.4330087049547577,1
266.95,4.7087523002408425,1
266.96,3.487196464221651,1
266.97,5.109178215300928,1
266.98,4.432874260591074,1
266.99,4.538718170852255,1
267.0,4.710655909859936,1
267.01,4.115748975952974,1
267.02,4.087435684447338,1
267.03000000000003,4.836616637279659,1
267.04,4.122449613528535,1
267.05,3.5348847614581875,1
267.06,4.352150194361032,1
267.07,2.649735984788025,1
267.08,4.775152104301443,1
267.09000000000003,4.916224836817507,1
267.1,4.832378705541719,1
267.11,4.8024363412389555,1
267.12,3.9935307929297803,1
267.13,3.930393228584392,1
267.14,3.1979975114159704,1
267.15,5.0860596120244885,1
267.16,3.7504697471623425,1
267.17,4.205555611811151,1
267.18,4.177165269655931,1
267.19,3.1409271525868907,1
267.2,2.8164599737104705,1
267.21,3.932612359746665,1
267.22,3.701546638462106,1
267.23,3.924063575271787,1
267.24,4.686716313954468,1
267.25,4.187153254736693,1
267.26,4.5033805752433995,1
267.27,4.31914463620245,1
267.28000000000003,3.813901897273185,1
267.29,3.3388352216683517,1
267.3,4.13208672841737,1
267.31,4.06235716341707,1
267.32,4.597521350870106,1
267.33,3.937942947998596,1
267.34000000000003,3.8033527758281105,1
267.35,3.8392953234694964,1
267.36,3.3942612859820156,1
267.37,4.902452730311947,1
267.38,4.7935712864820585,1
267.39,3.260565412890847,1
267.4,4.477258749644866,1
267.41,2.8315428356426984,1
267.42,4.569176743876694,1
267.43,3.582338276020273,1
267.44,4.2084541957406145,1
267.45,2.760585515318259,1
267.46,3.147881128792196,1
267.47,4.252980919533358,1
267.48,3.560409337935567,1
267.49,3.4286323371690997,1
267.5,4.871393412893939,1
267.51,5.486817937483662,1
267.52,4.697170840419908,1
267.53000000000003,3.3333865308907935,1
267.54,5.104225580229584,1
267.55,3.053151088940499,1
267.56,3.7456261963966724,1
267.57,4.020278972553169,1
267.58,5.249588182904189,1
267.59000000000003,4.667134956428109,1
267.6,3.739128681486756,1
267.61,3.3712327405532436,1
267.62,4.612525566787655,1
267.63,3.690692804434167,1
267.64,4.122068810836433,1
267.65,3.1185734941009677,1
267.66,4.316465383341249,1
267.67,4.3360674788914615,1
267.68,3.2145650139124164,1
267.69,4.622220836900365,1
267.7,4.397268387775013,1
267.71,4.503985258546467,1
267.72,3.7845414187637507,1
267.73,4.103184584679748,1
267.74,4.047313119708325,1
267.75,3.9067015397707237,1
267.76,4.105029554494736,1
267.77,4.821518342536706,1
267.78000000000003,4.746750189497392,1
267.79,3.2779795947521704,1
267.8,4.596035997048803,1
267.81,4.808610457826279,1
267.82,3.9504281771456395,1
267.83,4.326920888625165,1
267.84000000000003,4.340137833991529,1
267.85,3.468925326772213,1
267.86,3.7203112244948913,1
267.87,4.470366088714305,1
267.88,3.7065181464422245,1
267.89,4.615323438768528,1
267.9,4.883623298507658,1
267.91,4.795064792683593,1
267.92,5.332258419740221,1
267.93,4.0210657741789255,1
267.94,4.116237132344727,1
267.95,4.215029694953173,1
267.96,3.9737138597392008,1
267.97,4.350204243406298,1
267.98,2.9107335496091045,1
267.99,4.067592560167285,1
268.0,3.1103347851239924,1
268.01,3.322042241368298,1
268.02,4.434842657447413,1
268.03000000000003,3.896898180501622,1
268.04,4.446446354546671,1
268.05,3.883540530455447,1
268.06,4.7108808749437365,1
268.07,3.8875303704745123,1
268.08,2.7248441208881093,1
268.09000000000003,4.069731878473098,1
268.1,2.5969648669507466,1
268.11,2.9732505213017513,1
268.12,3.3655137662879695,1
268.13,3.308099748548049,1
268.14,3.604841246457381,1
268.15,3.300166708122764,1
268.16,3.045787218912082,1
268.17,4.943134892977738,1
268.18,3.6165882829176725,1
268.19,2.5296086738195074,1
268.2,3.677602233202249,1
268.21,3.250898068090545,1
268.22,3.3808612720210993,1
268.23,4.423742439157146,1
268.24,3.734646911314343,1
268.25,3.236240777784441,1
268.26,4.243716640779943,1
268.27,4.76073789449868,1
268.28000000000003,4.393982472609261,1
268.29,2.4317010750575863,1
268.3,3.1824646018652647,1
268.31,3.981733856191165,1
268.32,3.840395505965382,1
268.33,3.7780781374700076,1
268.34000000000003,3.3490436999419986,1
268.35,3.0489589841235776,1
268.36,5.2456444330077545,1
268.37,4.09232903710625,1
268.38,4.422166945123156,1
268.39,4.029385959069411,1
268.4,4.031835534788224,1
268.41,3.96161564870189,1
268.42,3.2707192341368225,1
268.43,2.9735985566262864,1
268.44,4.189010115215516,1
268.45,4.133218197867787,1
268.46,4.616776897427464,1
268.47,4.5141300032638965,1
268.48,3.506261687073314,1
268.49,4.705233725421973,1
268.5,4.538685811530485,1
268.51,4.4805591556938165,1
268.52,5.488261878967136,1
268.53000000000003,5.415475320444781,1
268.54,4.532564540590686,1
268.55,4.398670179272656,1
268.56,4.725729401306281,1
268.57,3.6646576557157924,1
268.58,3.6101577432528456,1
268.59000000000003,4.413544765766593,1
268.6,3.4691062085337014,1
268.61,4.352752372491738,1
268.62,4.122922391520979,1
268.63,3.451854421123418,1
268.64,3.983894205851189,1
268.65,4.845808365048092,1
268.66,4.104192834508054,1
268.67,4.06240618897537,1
268.68,4.217199542803727,1
268.69,4.310966777478162,1
268.7,3.80399913604473,1
268.71,4.215499454424878,1
268.72,3.3322627525162187,1
268.73,3.44147533428524,1
268.74,3.531027552259384,1
268.75,4.276657283498353,1
268.76,4.1205631334836825,1
268.77,3.9200574052417014,1
268.78000000000003,4.443395007964086,1
268.79,4.272420385962067,1
268.8,3.828199894897848,1
268.81,3.318004258011772,1
268.82,3.4272294586913006,1
268.83,3.013925329427437,1
268.84000000000003,4.032041112703234,1
268.85,3.4425418700126995,1
268.86,3.64517262431622,1
268.87,3.895925830741915,1
268.88,4.671129848525415,1
268.89,4.642894015036526,1
268.9,4.003077201210424,1
268.91,4.821279926121001,1
268.92,2.743606835090395,1
268.93,5.142611439131081,1
268.94,4.517870545462385,1
268.95,4.097773979700071,1
268.96,3.4275264774146814,1
268.97,3.681420801595574,1
268.98,4.376249746869573,1
268.99,4.432686384448525,1
269.0,4.459634148619382,1
269.01,3.554908281249141,1
269.02,3.3699823861353404,1
269.03000000000003,4.088853755939408,1
269.04,4.504834756658539,1
269.05,4.032356507944053,1
269.06,4.963171251565895,1
269.07,4.0792908197300655,1
269.08,4.0042976605531955,1
269.09000000000003,4.435336591345214,1
269.1,4.817191999489079,1
269.11,3.173595653079298,1
269.12,3.2250173820502086,1
269.13,3.750247954730937,1
269.14,6.034627743011855,1
269.15,3.9524292929703804,1
269.16,3.9181294591334628,1
269.17,4.396292397866029,1
269.18,4.657637293322446,1
269.19,4.149619735602422,1
269.2,4.764439541073321,1
269.21,3.271183309301505,1
269.22,3.4592106540786984,1
269.23,4.721807821082202,1
269.24,4.050408678886006,1
269.25,3.183910026444122,1
269.26,3.092933710560289,1
269.27,3.419414155363005,1
269.28000000000003,3.9665439625978673,1
269.29,4.301242030943148,1
269.3,3.8045708692181197,1
269.31,4.238072869971845,1
269.32,3.730702984698187,1
269.33,4.777957032383973,1
269.34000000000003,5.702385138569133,1
269.35,3.8474046035228544,1
269.36,4.302238575561085,1
269.37,4.276634789283533,1
269.38,4.106587694467479,1
269.39,4.430243383419628,1
269.4,4.336487649942642,1
269.41,3.714556067837986,1
269.42,4.837086368897349,1
269.43,4.181072080753027,1
269.44,3.761194674372485,1
269.45,5.570892196676709,1
269.46,4.018850928894189,1
269.47,4.166545999424447,1
269.48,4.123823533667564,1
269.49,3.923150028622364,1
269.5,4.286495648994799,1
269.51,3.468929339313899,1
269.52,4.355190376543164,1
269.53000000000003,2.8804404332378235,1
269.54,3.0906011986194657,1
269.55,5.1300190039002835,1
269.56,3.2527551786400224,1
269.57,2.683487276311282,1
269.58,3.1220307826239795,1
269.59000000000003,5.076321369344507,1
269.6,2.9019675194538923,1
269.61,3.3139581433644283,1
269.62,3.0127199972492535,1
269.63,3.762900242065846,1
269.64,3.7028710351156473,1
269.65,3.6702435249971206,1
269.66,5.18452794653292,1
269.67,3.2930769033533682,1
269.68,3.8912822248852046,1
269.69,4.21317122295305,1
269.7,3.376802131889346,1
269.71,4.2783217921419805,1
269.72,3.7572906861074573,1
269.73,4.2282999977239,1
269.74,3.94362495942442,1
269.75,2.6661734855860044,1
269.76,4.767405059135848,1
269.77,5.389417588173529,1
269.78000000000003,3.968681825883576,1
269.79,3.4155036269897336,1
269.8,4.942074862807475,1
269.81,5.28305963647164,1
269.82,3.967464229348585,1
269.83,3.8561615408734986,1
269.84000000000003,3.939521059248402,1
269.85,2.9098754742269524,1
269.86,3.745701631689685,1
269.87,5.097446033708318,1
269.88,3.9563966762043496,1
269.89,3.322579294985024,1
269.9,4.281618764118929,1
269.91,3.5839992332479964,1
269.92,3.9319238926957425,1
269.93,3.17264961778742,1
269.94,3.2777672160989493,1
269.95,4.435280709142574,1
269.96,4.101294562799534,1
269.97,3.502549178125433,1
269.98,4.047710803185686,1
269.99,3.6089282896464994,1
270.0,3.4680094134746913,1
270.01,4.723339774835592,1
270.02,4.5513540034683295,1
270.03000000000003,4.019278799622679,1
270.04,4.094806970243676,1
270.05,4.0002395414866445,1
270.06,4.316000076372856,1
270.07,3.5002201869206035,1
270.08,4.529631247510849,1
270.09000000000003,4.261181624472859,1
270.1,3.8449923312535392,1
270.11,3.6742150342484123,1
270.12,4.5262030036927055,1
270.13,3.9339323024618555,1
270.14,3.5425738680425383,1
270.15,3.723034435859124,1
270.16,4.482464307056567,1
270.17,2.9839743238309753,1
270.18,3.7084388741428196,1
270.19,4.677131356656984,1
270.2,3.9314839706074802,1
270.21,4.172900430845998,1
270.22,4.715501186679201,1
270.23,4.621899378896177,1
270.24,3.7517910932401346,1
270.25,3.900504354670109,1
270.26,4.581067269203896,1
270.27,4.644419032540589,1
270.28000000000003,3.9815356720283908,1
270.29,3.964150171230099,1
270.3,4.171529939418762,1
270.31,4.897176529125951,1
270.32,4.746498391638905,1
270.33,4.494679267070843,1
270.34000000000003,3.3298089075235846,1
270.35,3.781468665202381,1
270.36,3.842662091912063,1
270.37,4.910913872859434,1
270.38,3.89967270142045,1
270.39,4.8072503467262475,1
270.4,3.6781492044327333,1
270.41,3.6621892318502614,1
270.42,4.292112713499976,1
270.43,5.034985735548671,1
270.44,3.9246920127536686,1
270.45,2.3326835524168046,1
270.46,2.885073546262032,1
270.47,4.126430494942357,1
270.48,3.050695479401577,1
270.49,3.3814395131952546,1
270.5,3.970894185604816,1
270.51,2.409033284915325,1
270.52,3.6581649137794967,1
270.53000000000003,3.2237283869864606,1
270.54,2.9807125083378416,1
270.55,3.418362267026521,1
270.56,3.2713680370769405,1
270.57,4.260894436810033,1
270.58,4.791994878996338,1
270.59000000000003,3.811069003042742,1
270.6,3.6018804798164967,1
270.61,3.7073646348324316,1
270.62,3.2634180058724533,1
270.63,3.119632035710839,1
270.64,2.879494562366724,1
270.65,3.07013799286765,1
270.66,5.003091283130162,1
270.67,3.6122203249378635,1
270.68,2.0681195212847094,1
270.69,3.5031876371686246,1
270.7,2.938284272071372,1
270.71,3.9748926071919977,1
270.72,3.967120305312349,1
270.73,4.034287437668736,1
270.74,3.975632987549813,1
270.75,3.756712745478536,1
270.76,3.0407752200142686,1
270.77,3.8940087904361933,1
270.78000000000003,4.654748293731866,1
270.79,5.216048491339606,1
270.8,3.9185472476413947,1
270.81,3.9110181507855595,1
270.82,4.319352727754912,1
270.83,4.988019509477544,1
270.84000000000003,3.7437578537691243,1
270.85,4.434037694525386,1
270.86,3.49217330561311,1
270.87,4.18354597073316,1
270.88,4.640768842269256,1
270.89,3.2008984049181834,1
270.9,3.6113248082830074,1
270.91,4.59617039792522,1
270.92,4.435553465082146,1
270.93,4.698285049306169,1
270.94,4.592389303748455,1
270.95,3.814225516036712,1
270.96,5.415751755020157,1
270.97,4.17377627017543,1
270.98,2.027794162203672,1
270.99,3.6984731507897535,1
271.0,3.677496497297118,1
271.01,4.49663046819265,1
271.02,3.737055735986799,1
271.03000000000003,4.697266887243447,1
271.04,4.403947040294405,1
271.05,3.375349183297148,1
271.06,3.8714426677328544,1
271.07,3.4890980135247416,1
271.08,4.089222638747715,1
271.09000000000003,3.4982994633311613,1
271.1,4.0181936998893635,1
271.11,3.8244117688335013,1
271.12,3.890697852376362,1
271.13,5.324151354230642,1
271.14,3.845555831885152,1
271.15,2.735617170307284,1
271.16,4.583234436111754,1
271.17,4.6889850306405485,1
271.18,2.757345436457185,1
271.19,3.470676764337784,1
271.2,4.251007109722582,1
271.21,4.3551786755769735,1
271.22,4.018245806076687,1
271.23,4.012660370173898,1
271.24,3.3917766426339138,1
271.25,2.40641528940621,1
271.26,5.2341645885967925,1
271.27,3.445550507368157,1
271.28000000000003,4.081255031130833,1
271.29,3.901810124412902,1
271.3,4.576236348853012,1
271.31,4.109122818749776,1
271.32,4.106104300854858,1
271.33,2.297144328137122,1
271.34000000000003,3.357134148339754,1
271.35,4.444567523012053,1
271.36,4.451441745244845,1
271.37,3.4096266070653902,1
271.38,2.9407069757588173,1
271.39,4.0185707365980985,1
271.4,2.115115104470698,1
271.41,3.1416138028600273,1
271.42,5.090540281771275,1
271.43,5.003033927498388,1
271.44,4.376323523098303,1
271.45,4.221988108101793,1
271.46,2.7479920335976695,1
271.47,3.4443131801904414,1
271.48,3.77514486076655,1
271.49,3.5197322274664673,1
271.5,3.7439359201312987,1
271.51,4.827610567905061,1
271.52,3.6981061487986033,1
271.53000000000003,3.760675160063901,1
271.54,4.465469814211538,1
271.55,3.10693125575611,1
271.56,3.401266824788895,1
271.57,3.4854202410963797,1
271.58,4.0051950082688155,1
271.59000000000003,3.776490326144587,1
271.6,3.7832847679001977,1
271.61,3.5556205749765555,1
271.62,3.278551566381948,1
271.63,4.351942654913793,1
271.64,3.8019394691380035,1
271.65,4.389753800034379,1
271.66,3.30212923982129,1
271.67,3.526499386940313,1
271.68,3.828080012584506,1
271.69,3.906720966144504,1
271.7,4.483859522631942,1
271.71,3.7497046831358163,1
271.72,4.46949026265298,1
271.73,4.2714439413046525,1
271.74,3.946957570196943,1
271.75,3.3795872596057714,1
271.76,4.453857815639441,1
271.77,3.4261969072143446,1
271.78000000000003,3.9517644878240796,1
271.79,3.962107748580984,1
271.8,3.8633571419950865,1
271.81,3.7391995233483932,1
271.82,3.450964816617361,1
271.83,2.917942726043937,1
271.84000000000003,4.845905707498285,1
271.85,3.7317099258547892,1
271.86,3.9007797600216274,1
271.87,3.906956173679863,1
271.88,4.7052771767922605,1
271.89,5.296628998028869,1
271.9,4.181511372510469,1
271.91,3.9090228065977906,1
271.92,3.265609943575058,1
271.93,3.019294625823006,1
271.94,2.7901513953139756,1
271.95,3.411041838167816,1
271.96,2.6080553977914476,1
271.97,4.616459424695316,1
271.98,4.311504655147882,1
271.99,3.8554186296214445,1
272.0,4.711125555725509,1
272.01,3.3476704656041623,1
272.02,3.428832784781815,1
272.03000000000003,2.7110289129866314,1
272.04,4.425084825853701,1
272.05,3.499732207583936,1
272.06,3.9801677006594915,1
272.07,4.649310650406918,1
272.08,4.928406288605087,1
272.09000000000003,4.036793380825155,1
272.1,4.251511973293507,1
272.11,3.4286465167284335,1
272.12,5.057940141357291,1
272.13,3.955673115714572,1
272.14,4.049431587570897,1
272.15,3.7389878455668786,1
272.16,4.762446733287431,1
272.17,4.175249118559747,1
272.18,4.504231326267227,1
272.19,4.2599121661482044,1
272.2,3.872586742366639,1
272.21,4.595421310673929,1
272.22,4.259776420892838,1
272.23,3.3920755549405586,1
272.24,3.3216955546581612,1
272.25,4.055864822879816,1
272.26,4.5921368429019065,1
272.27,5.09923171563732,1
272.28000000000003,2.9128463700379865,1
272.29,3.9514196350244357,1
272.3,4.3147827542213095,1
272.31,4.210725658210656,1
272.32,4.667524180312825,1
272.33,4.465380869263172,1
272.34000000000003,3.3885018076471822,1
272.35,3.304883887589047,1
272.36,4.16102278796374,1
272.37,4.652329956922041,1
272.38,4.13219325700649,1
272.39,2.9841229464534864,1
272.4,3.2596122520483384,1
272.41,4.404252238404151,1
272.42,3.798044107750079,1
272.43,4.064416759069273,1
272.44,4.6951390679778475,1
272.45,3.2616803159213497,1
272.46,3.6869281935108593,1
272.47,3.6419606756875966,1
272.48,4.209113093402611,1
272.49,4.514019006992885,1
272.5,3.0704007678935965,1
272.51,3.9406318959960687,1
272.52,4.5604837992830785,1
272.53000000000003,2.830189891269276,1
272.54,3.888031713624462,1
272.55,3.2044457666346977,1
272.56,3.5359995687567567,1
272.57,2.3468210239922844,1
272.58,4.804455470516591,1
272.59000000000003,3.817395090861805,1
272.6,3.465314259815721,1
272.61,4.180908016404106,1
272.62,3.3345734322425047,1
272.63,3.222197237939384,1
272.64,4.933277116280853,1
272.65,5.2295095516880865,1
272.66,3.6896225251820183,1
272.67,4.673907981993699,1
272.68,4.271443824605463,1
272.69,3.0989519639260728,1
272.7,3.343738280235042,1
272.71,4.967022743272375,1
272.72,3.132275448574649,1
272.73,5.427914921212128,1
272.74,3.714958577405662,1
272.75,5.008575982693447,1
272.76,3.862255924422643,1
272.77,4.510735958921011,1
272.78000000000003,4.935782038219761,1
272.79,4.957989191557324,1
272.8,3.6783260805960456,1
272.81,3.424401348436641,1
272.82,3.912771378289892,1
272.83,3.1509774620574476,1
272.84000000000003,4.1043001703851445,1
272.85,3.47370138418401,1
272.86,4.670915523268702,1
272.87,3.67034949379271,1
272.88,2.8497929203682624,1
272.89,4.839941631619477,1
272.9,4.169370966064135,1
272.91,4.029065818180718,1
272.92,4.7118189629307885,1
272.93,4.608213200336191,1
272.94,3.542180160738943,1
272.95,3.6806994846808534,1
272.96,3.2587243882409833,1
272.97,3.0053445812178228,1
272.98,4.3157282589451444,1
272.99,4.273404227705951,1
273.0,4.510052268376024,1
273.01,4.862145842743209,1
273.02,4.554230414763007,1
273.03000000000003,4.593491326033799,1
273.04,2.687368068462857,1
273.05,3.7220611734282096,1
273.06,4.609168819910989,1
273.07,3.2785824872256457,1
273.08,4.016193995856053,1
273.09000000000003,4.338015204771755,1
273.1,4.307617077527524,1
273.11,4.2577427441011295,1
273.12,4.404056472351575,1
273.13,4.141515259020695,1
273.14,3.059300749982222,1
273.15000000000003,4.2724854702475525,1
273.16,4.201100938719884,1
273.17,3.0714272982938193,1
273.18,4.839497779424702,1
273.19,4.396739218347787,1
273.2,3.1281944081300583,1
273.21,3.4174523234383134,1
273.22,3.5990738481784406,1
273.23,3.6095095646624498,1
273.24,4.166710018752267,1
273.25,3.3765173244391495,1
273.26,4.694558815030385,1
273.27,4.720221079035196,1
273.28000000000003,4.445044261411985,1
273.29,4.055408000142877,1
273.3,4.611567562351265,1
273.31,3.8576511838513143,1
273.32,3.521389727362876,1
273.33,4.743460969562951,1
273.34000000000003,4.2506385902346695,1
273.35,3.571201918087839,1
273.36,3.7032287757539697,1
273.37,3.5043779346964605,1
273.38,5.282308256543949,1
273.39,4.079597680240221,1
273.40000000000003,4.107142454262226,1
273.41,4.474376341266257,1
273.42,3.2399011962149773,1
273.43,4.665865677810033,1
273.44,3.6455637768462053,1
273.45,5.166101363047278,1
273.46,3.8671040478110608,1
273.47,4.665277119041346,1
273.48,2.4199217386836267,1
273.49,3.142734950211658,1
273.5,3.7580632737663664,1
273.51,2.6678530060249344,1
273.52,4.309942403430454,1
273.53000000000003,4.221652834593204,1
273.54,3.3704215112407745,1
273.55,3.951870869694217,1
273.56,4.520378022520106,1
273.57,2.666703281826714,1
273.58,3.0937256619092204,1
273.59000000000003,3.728208552014009,1
273.6,3.999085088762744,1
273.61,3.9619163184772046,1
273.62,4.574715176626103,1
273.63,4.344111379706169,1
273.64,4.472643531510224,1
273.65000000000003,3.126567006354617,1
273.66,4.041559929316121,1
273.67,3.8032106454946453,1
273.68,4.936827195373672,1
273.69,4.169362569152422,1
273.7,3.5760601954721225,1
273.71,4.5276911153029165,1
273.72,4.397145381586372,1
273.73,3.4907497763431974,1
273.74,3.7433347803545423,1
273.75,3.7695480300763418,1
273.76,4.782585167460005,1
273.77,4.1788243206763624,1
273.78000000000003,4.482286968122177,1
273.79,3.708888247618677,1
273.8,4.199761414576406,1
273.81,4.857643964607441,1
273.82,3.817181581178631,1
273.83,4.063746664768018,1
273.84000000000003,3.1192722398027612,1
273.85,3.450440086498823,1
273.86,3.75003017637868,1
273.87,3.2966985608346184,1
273.88,4.815536700286974,1
273.89,3.5052089910872515,1
273.90000000000003,4.480810239995088,1
273.91,4.150073373303767,1
273.92,4.029022039604559,1
273.93,4.96600731238547,1
273.94,2.5912175327941265,1
273.95,3.7881696357383943,1
273.96,3.286308144063414,1
273.97,2.6845521536877692,1
273.98,3.1458965987293817,1
273.99,3.959938007575935,1
274.0,3.526970067779989,1
274.01,4.553367053715665,1
274.02,3.894452647289082,1
274.03000000000003,3.7829675147101405,1
274.04,3.7791704996300113,1
274.05,3.922844208350489,1
274.06,3.723849666126994,1
274.07,3.431112941364313,1
274.08,4.607678561261217,1
274.09000000000003,3.6315297804894797,1
274.1,3.7290486169275763,1
274.11,4.262353362151371,1
274.12,4.222549748233256,1
274.13,3.4336645093895295,1
274.14,4.4558740089305395,1
274.15000000000003,4.376208519944917,1
274.16,4.138047735116817,1
274.17,3.728432006940226,1
274.18,3.7198072755454814,1
274.19,3.852256635067893,1
274.2,3.19188717920126,1
274.21,3.926034724673186,1
274.22,4.574383709305465,1
274.23,4.603078017174654,1
274.24,3.7890770280335886,1
274.25,4.677752649023426,1
274.26,5.2772712005186495,1
274.27,3.871471670493765,1
274.28000000000003,4.44096305772537,1
274.29,2.5582811824083507,1
274.3,3.0971748565167547,1
274.31,4.0049524527299285,1
274.32,3.3470995962123706,1
274.33,5.283919287296434,1
274.34000000000003,4.464956804043321,1
274.35,4.654556936818069,1
274.36,4.0204402437198565,1
274.37,3.3503160133788725,1
274.38,3.624399832712003,1
274.39,4.142513408212806,1
274.40000000000003,3.5946528684095327,1
274.41,4.411167964056717,1
274.42,4.486256701841029,1
274.43,4.032407416290809,1
274.44,2.8174195573300693,1
274.45,5.041647273024219,1
274.46,3.9245105311241204,1
274.47,5.753327741679852,1
274.48,4.528583712005291,1
274.49,3.895490091765799,1
274.5,4.284289201226996,1
274.51,2.70688646017114,1
274.52,4.588204080624572,1
274.53000000000003,5.7007980201182455,1
274.54,2.7464927303050084,1
274.55,3.738310279160758,1
274.56,3.915952193659971,1
274.57,4.562830799801072,1
274.58,5.400187823063835,1
274.59000000000003,4.332436273085284,1
274.6,5.409602706315377,1
274.61,4.195157686566834,1
274.62,4.304606301336728,1
274.63,4.23124511421637,1
274.64,4.805640527766327,1
274.65000000000003,3.7743243050386837,1
274.66,4.517387592779115,1
274.67,3.2324667918963295,1
274.68,3.7693535094160935,1
274.69,3.5730235173942195,1
274.7,4.031453416331113,1
274.71,3.796805514606636,1
274.72,4.722369440265792,1
274.73,3.4732368731324192,1
274.74,2.8450663201203046,1
274.75,3.0500589502620294,1
274.76,4.588048541749857,1
274.77,3.4062060442268534,1
274.78000000000003,4.222505335089968,1
274.79,3.822083655344188,1
274.8,4.52411841987142,1
274.81,3.8817196361761424,1
274.82,5.786492509772498,1
274.83,5.3387428116368465,1
274.84000000000003,3.875807079860702,1
274.85,3.6991904163057736,1
274.86,6.014295297117561,1
274.87,3.420867986667754,1
274.88,3.9295512086485256,1
274.89,4.010338581410026,1
274.90000000000003,3.999103419111819,1
274.91,2.871819713681317,1
274.92,4.254519200425198,1
274.93,3.385679925849431,1
274.94,4.894852104161123,1
274.95,3.109018863663862,1
274.96,3.9851243467482744,1
274.97,2.561224239228054,1
274.98,2.515846946827304,1
274.99,3.3663549711427376,1
275.0,3.5089623870874194,1
275.01,4.921543465570863,1
275.02,4.028955449632759,1
275.03000000000003,4.840288333136789,1
275.04,3.8040007644008944,1
275.05,4.381485655713236,1
275.06,3.55217975476998,1
275.07,3.4583024908974367,1
275.08,2.786077874633969,1
275.09000000000003,4.145011582121781,1
275.1,4.178748000415496,1
275.11,4.515067980695497,1
275.12,4.170349284370451,1
275.13,5.324875555511511,1
275.14,4.193704359144663,1
275.15000000000003,4.655148142335004,1
275.16,3.829017534120359,1
275.17,3.4002993980361955,1
275.18,4.429679364057964,1
275.19,3.9679389669481897,1
275.2,4.537929949785468,1
275.21,4.2612712411195695,1
275.22,3.5011462741954182,1
275.23,4.667130288306233,1
275.24,3.4747745586022676,1
275.25,4.374216253273686,1
275.26,4.853999360716594,1
275.27,3.8017036983430588,1
275.28000000000003,4.738144883818618,1
275.29,4.302274004021982,1
275.3,4.5709022232629515,1
275.31,3.491342821030993,1
275.32,4.108524762760048,1
275.33,3.0929075747669206,1
275.34000000000003,5.0559157625845454,1
275.35,2.7566145393275727,1
275.36,3.695223623457447,1
275.37,3.3771939130919995,1
275.38,4.400396793439939,1
275.39,5.272335626134152,1
275.40000000000003,4.501268010179752,1
275.41,5.95144265784652,1
275.42,3.2230390883027638,1
275.43,3.1091364172083757,1
275.44,3.3670698202793954,1
275.45,4.0406912569646165,1
275.46,3.336144513962926,1
275.47,3.4724681188908413,1
275.48,4.3709357574153245,1
275.49,3.2182455597261983,1
275.5,3.217844359896287,1
275.51,3.69448718290963,1
275.52,3.7841377544787975,1
275.53000000000003,4.642375697608182,1
275.54,3.454181404260425,1
275.55,3.499912381981585,1
275.56,4.347399150860586,1
275.57,4.540811782761395,1
275.58,4.959446495810451,1
275.59000000000003,4.361945654720615,1
275.6,4.106300714787264,1
275.61,4.379479605728514,1
275.62,3.849263607592727,1
275.63,3.812678648049168,1
275.64,2.837666596475519,1
275.65000000000003,4.509934128503069,1
275.66,4.167796731960137,1
275.67,4.5142333714168865,1
275.68,2.2038746495508867,1
275.69,3.86167152752806,1
275.7,3.4363795967378072,1
275.71,4.940310226019961,1
275.72,4.454940326897345,1
275.73,4.179275134115198,1
275.74,3.730505895195324,1
275.75,4.241550602559518,1
275.76,3.4122593333868942,1
275.77,3.900030867864495,1
275.78000000000003,3.6187429458081715,1
275.79,5.447688668671059,1
275.8,5.040605972122155,1
275.81,4.752172335951464,1
275.82,3.0781734117814192,1
275.83,4.505380552271091,1
275.84000000000003,4.152086403999094,1
275.85,4.802941535934503,1
275.86,4.257355761632802,1
275.87,4.011082729528799,1
275.88,4.152350982144799,1
275.89,2.8375939150872056,1
275.90000000000003,3.432342179358063,1
275.91,4.208171434506789,1
275.92,4.751758432714941,1
275.93,3.6879296380211146,1
275.94,3.954799093466315,1
275.95,2.958517706615656,1
275.96,4.884354157998756,1
275.97,4.7756891227189495,1
275.98,4.469644401465252,1
275.99,4.29212629366875,1
276.0,5.024866349775817,1
276.01,3.5391775486976544,1
276.02,3.379865003624263,1
276.03000000000003,4.651536663337337,1
276.04,4.684231502353059,1
276.05,3.2666794080370654,1
276.06,3.611239093050072,1
276.07,5.072606859996151,1
276.08,4.331458089898363,1
276.09000000000003,4.530620662753202,1
276.1,3.279814294253691,1
276.11,4.382838831816583,1
276.12,3.101930686240391,1
276.13,2.6615504330446464,1
276.14,4.391277449340472,1
276.15000000000003,4.9541861931786295,1
276.16,3.892587419781234,1
276.17,3.6389373428353826,1
276.18,5.088384369428764,1
276.19,3.938921974260008,1
276.2,3.9536626669293486,1
276.21,5.096308240292116,1
276.22,3.836362433176938,1
276.23,3.5658297021528993,1
276.24,4.503075122916679,1
276.25,3.5683116296660256,1
276.26,3.8802770343402617,1
276.27,3.13690833809147,1
276.28000000000003,4.0685054975614925,1
276.29,4.048293950639656,1
276.3,4.630977210722723,1
276.31,4.594071487005952,1
276.32,4.393485136859509,1
276.33,4.279413613458473,1
276.34000000000003,3.9692354274573174,1
276.35,4.393651681990592,1
276.36,3.3019057900766358,1
276.37,2.4340371689269134,1
276.38,4.6599280470421025,1
276.39,4.4770105043711865,1
276.40000000000003,3.946228156066382,1
276.41,4.693978417730465,1
276.42,3.5670220076828,1
276.43,3.5162773450933007,1
276.44,3.4232756519217222,1
276.45,4.333686106445505,1
276.46,2.9929521470094436,1
276.47,3.4419502385597247,1
276.48,4.154492507219601,1
276.49,3.2279814781008875,1
276.5,3.525250384742139,1
276.51,2.536585965007205,1
276.52,4.305260047166394,1
276.53000000000003,3.572028219930835,1
276.54,3.2610761992981994,1
276.55,3.1154163427932424,1
276.56,3.6755759486168578,1
276.57,2.9552838743798544,1
276.58,5.19758918937147,1
276.59000000000003,2.5245640170708574,1
276.6,3.619099093426278,1
276.61,4.046510255761537,1
276.62,3.499702274038831,1
276.63,4.107619347772521,1
276.64,3.4876525144934756,1
276.65000000000003,4.962028727638505,1
276.66,3.3317619308964623,1
276.67,2.43436356629413,1
276.68,3.0635575257950896,1
276.69,4.194582448576874,1
276.7,3.9351621961303125,1
276.71,4.484115333029095,1
276.72,4.354593350352089,1
276.73,3.6084384929208557,1
276.74,3.6591747822299054,1
276.75,3.729538023909912,1
276.76,5.206390562993656,1
276.77,4.52060894746999,1
276.78000000000003,5.258617752102293,1
276.79,4.62103905834479,1
276.8,3.99600759644784,1
276.81,3.338369217510063,1
276.82,4.091053948699008,1
276.83,3.9659695561237536,1
276.84000000000003,3.937197104009923,1
276.85,3.8605622927546035,1
276.86,2.6599365241508397,1
276.87,4.737665559551718,1
276.88,4.0115242493876,1
276.89,3.0830830975855457,1
276.90000000000003,4.257566576172061,1
276.91,3.4601627161146467,1
276.92,4.332342870367051,1
276.93,4.591984803437208,1
276.94,4.697088756833002,1
276.95,3.9374178954055354,1
276.96,3.7277741069480683,1
276.97,3.5777990520065717,1
276.98,3.5058526384687534,1
276.99,3.959171793922145,1
277.0,3.861722469299625,1
277.01,3.456222343950809,1
277.02,3.2252526854052754,1
277.03000000000003,3.8829510605109467,1
277.04,3.7112570812150874,1
277.05,3.242123495626082,1
277.06,4.493425924206684,1
277.07,5.179390625590279,1
277.08,4.695318532980807,1
277.09000000000003,3.57444028408918,1
277.1,3.9418759437801403,1
277.11,4.9959874483521824,1
277.12,3.2982289458131824,1
277.13,4.465664107236621,1
277.14,3.0883815460766386,1
277.15000000000003,5.03795525008012,1
277.16,3.783076795849275,1
277.17,5.433252696116241,1
277.18,5.207212973305813,1
277.19,4.003377583140167,1
277.2,3.5334316256536766,1
277.21,4.09838186149762,1
277.22,3.8890105594102025,1
277.23,3.7327923641942315,1
277.24,2.908135668026752,1
277.25,3.6006308812014076,1
277.26,3.2555268557470485,1
277.27,4.313256610771723,1
277.28000000000003,4.6618311535134005,1
277.29,4.520287090129236,1
277.3,4.253360093639399,1
277.31,3.4618108129767204,1
277.32,4.1009786153886925,1
277.33,4.52042768878641,1
277.34000000000003,3.6508590520091246,1
277.35,4.056253377395532,1
277.36,3.9089955131251113,1
277.37,5.073131343400817,1
277.38,4.616896958909879,1
277.39,4.432254205823025,1
277.40000000000003,2.9120946678802513,1
277.41,4.046867540473387,1
277.42,3.9022348528628905,1
277.43,3.8879486207625558,1
277.44,2.97888900297116,1
277.45,3.232957572459704,1
277.46,3.909845739421299,1
277.47,4.717617028395046,1
277.48,3.659907587998967,1
277.49,3.7201026328681093,1
277.5,5.138830198400269,1
277.51,3.8757428542580907,1
277.52,3.9089822003535932,1
277.53000000000003,3.919764781654268,1
277.54,3.1221832021305596,1
277.55,4.318330165353608,1
277.56,3.595494886618945,1
277.57,3.956219006464728,1
277.58,4.285695182122187,1
277.59000000000003,5.277529302217794,1
277.6,3.2216444102453208,1
277.61,4.514524143281811,1
277.62,4.594524242484383,1
277.63,3.621579236779244,1
277.64,4.366270203521907,1
277.65000000000003,5.08828515659377,1
277.66,3.5689616466901977,1
277.67,4.130810292550204,1
277.68,4.270495459493236,1
277.69,4.362820430524005,1
277.7,4.520907987411182,1
277.71,4.13915786552462,1
277.72,4.3414817310959855,1
277.73,3.4290984169692416,1
277.74,4.072156118789077,1
277.75,3.6952653662081034,1
277.76,3.1837673307874725,1
277.77,3.6206783189325242,1
277.78000000000003,4.152071805836357,1
277.79,4.291882195455049,1
277.8,3.1944999383960964,1
277.81,3.3432782013460316,1
277.82,4.43077466159444,1
277.83,4.355547670582359,1
277.84000000000003,4.596910744646166,1
277.85,4.923302617819864,1
277.86,4.404394882967923,1
277.87,3.7551244978212295,1
277.88,4.059825122601908,1
277.89,5.080578792325914,1
277.90000000000003,5.858489254556297,1
277.91,4.411979681737787,1
277.92,4.372201807833321,1
277.93,4.493192702679413,1
277.94,4.045029049214677,1
277.95,4.7578438426607415,1
277.96,4.699519594456848,1
277.97,4.271900872039378,1
277.98,3.809973532187835,1
277.99,3.0019265790914877,1
278.0,4.41532670422123,1
278.01,4.163028238377259,1
278.02,3.5310966358932743,1
278.03000000000003,3.238740824569653,1
278.04,4.383481227394216,1
278.05,2.984080400232594,1
278.06,4.133460699571728,1
278.07,4.555327564094305,1
278.08,4.3901060752575285,1
278.09000000000003,3.7698830889097263,1
278.1,3.1755626565374633,1
278.11,4.331408833502156,1
278.12,4.798818661330847,1
278.13,3.6763231412981536,1
278.14,4.3094761013366085,1
278.15000000000003,5.04470135222717,1
278.16,4.282535885268148,1
278.17,3.7594448273837697,1
278.18,4.660902594046144,1
278.19,3.5611032468327872,1
278.2,3.1313616391454495,1
278.21,4.474939199882612,1
278.22,3.7649665190373565,1
278.23,3.7805299955241454,1
278.24,3.58005456852632,1
278.25,3.66802566212914,1
278.26,4.890410238450498,1
278.27,5.132101934741039,1
278.28000000000003,5.232560211051788,1
278.29,4.781255425333823,1
278.3,4.349405615129299,1
278.31,3.091655987211402,1
278.32,3.8238279040695984,1
278.33,5.388794413938273,1
278.34000000000003,3.8006837754312732,1
278.35,4.970461788821857,1
278.36,4.093936539733632,1
278.37,2.2679798933424546,1
278.38,4.311644366227867,1
278.39,4.8402813607233774,1
278.40000000000003,4.01862687899619,1
278.41,4.801156795234938,1
278.42,2.9659346409255614,1
278.43,3.038961878740998,1
278.44,4.075259605628404,1
278.45,4.314081421879382,1
278.46,4.899032521566883,1
278.47,4.46849463905327,1
278.48,3.2536485754494144,1
278.49,4.093449080755731,1
278.5,4.395376299464466,1
278.51,2.8076653097220463,1
278.52,3.9001492604421397,1
278.53000000000003,3.7762732876490066,1
278.54,3.5617925808559994,1
278.55,4.297328543180297,1
278.56,3.2718930605129093,1
278.57,4.22679707763804,1
278.58,4.376621863815879,1
278.59000000000003,4.725774317164016,1
278.6,3.314639523846731,1
278.61,2.982238841406911,1
278.62,4.119895063818861,1
278.63,3.8214526411461827,1
278.64,5.872610666277753,1
278.65000000000003,4.409843722647473,1
278.66,4.062327625409101,1
278.67,3.891603877359172,1
278.68,3.203182450398118,1
278.69,4.318053620188952,1
278.7,3.967731633306118,1
278.71,3.947251713391926,1
278.72,4.058112666058575,1
278.73,4.147015852392696,1
278.74,2.880341545143113,1
278.75,4.475905246956941,1
278.76,3.4793567040194975,1
278.77,3.8792021171677207,1
278.78000000000003,4.827084460204639,1
278.79,5.204182820595154,1
278.8,2.9689209564727785,1
278.81,3.95775897702325,1
278.82,4.174539512656644,1
278.83,3.0323432541585373,1
278.84000000000003,4.46268510357158,1
278.85,4.103195696555472,1
278.86,4.1321681074492185,1
278.87,3.412595194365431,1
278.88,4.23264851693306,1
278.89,4.557822876398287,1
278.90000000000003,4.1160639241952985,1
278.91,3.673507346980675,1
278.92,3.6974760452002,1
278.93,4.124847676871192,1
278.94,4.0391520121506375,1
278.95,4.589423901780716,1
278.96,3.7237599560368495,1
278.97,3.1929049961551836,1
278.98,4.184754389200917,1
278.99,3.7012500725769937,1
279.0,4.490550536642052,1
279.01,4.034324313845829,1
279.02,4.42692121945654,1
279.03000000000003,3.3674970137397784,1
279.04,4.055082978737669,1
279.05,3.549602769529884,1
279.06,3.181162416218119,1
279.07,3.3921580288266915,1
279.08,3.6102569846413783,1
279.09000000000003,4.784209256019516,1
279.1,3.676609898243191,1
279.11,3.155584474653969,1
279.12,4.034641425822262,1
279.13,4.021011742834162,1
279.14,3.6820024678540353,1
279.15000000000003,3.8763136968008816,1
279.16,4.625983212193572,1
279.17,4.472732306968267,1
279.18,4.407429407239723,1
279.19,3.2564407073364876,1
279.2,5.828262376304329,1
279.21,4.791778605204867,1
279.22,4.382969813554162,1
279.23,3.267539008463221,1
279.24,4.570967069792876,1
279.25,3.7091113414903623,1
279.26,3.856498159253677,1
279.27,2.9008516449231885,1
279.28000000000003,3.128540937684715,1
279.29,4.232254118472533,1
279.3,4.666809429987471,1
279.31,4.484394377989411,1
279.32,4.451333865787344,1
279.33,3.985057680000189,1
279.34000000000003,3.7352201770550506,1
279.35,4.171556741867444,1
279.36,4.5432469002858245,1
279.37,4.03574958575652,1
279.38,4.787391516531343,1
279.39,3.907700327426637,1
279.40000000000003,3.358428672153392,1
279.41,3.954782397756867,1
279.42,4.066044825378445,1
279.43,3.9507392075052454,1
279.44,4.827970749054416,1
279.45,4.572181479583645,1
279.46,3.1058949566267793,1
279.47,4.941895428616615,1
279.48,2.277802986059172,1
279.49,5.292315053886524,1
279.5,3.891126769950576,1
279.51,3.8704705716003858,1
279.52,3.9532879612738676,1
279.53000000000003,4.24712971231304,1
279.54,4.0146570101384675,1
279.55,3.9143287609535657,1
279.56,4.844123811539288,1
279.57,4.417622536469981,1
279.58,3.4029576587986927,1
279.59000000000003,4.444748134029698,1
279.6,4.36674068203692,1
279.61,3.6682150647624288,1
279.62,4.494055243435739,1
279.63,3.927405649977885,1
279.64,3.8518161739230177,1
279.65000000000003,3.829606935029737,1
279.66,2.4143431386303087,1
279.67,3.5631228157448165,1
279.68,4.436514811306822,1
279.69,4.011649825586774,1
279.7,3.1668328339946483,1
279.71,4.57589064975673,1
279.72,3.8408130124620734,1
279.73,3.197855243781397,1
279.74,5.3831960530110585,1
279.75,3.399662899690601,1
279.76,4.534619323473634,1
279.77,3.5329239029001203,1
279.78000000000003,4.060103815966856,1
279.79,3.418245106206243,1
279.8,3.160998281778165,1
279.81,4.288480023094546,1
279.82,4.280273038244361,1
279.83,4.7594980736969905,1
279.84000000000003,4.023261892857442,1
279.85,5.4420242259061515,1
279.86,4.260632538708729,1
279.87,4.383377770859237,1
279.88,3.141614452155201,1
279.89,3.5500611887457048,1
279.90000000000003,4.310186903200576,1
279.91,3.9639618039570688,1
279.92,4.119611958755068,1
279.93,3.477411935324262,1
279.94,4.047767442275225,1
279.95,4.0797820523239565,1
279.96,3.2388865144278167,1
279.97,4.371238128764154,1
279.98,2.9192229416150237,1
279.99,4.054692375978405,1
280.0,5.1488491875703435,1
280.01,4.510491838794834,1
280.02,4.468134378815888,1
280.03000000000003,3.445811659917106,1
280.04,5.114567365359211,1
280.05,4.960128590942885,1
280.06,3.5102620908040834,1
280.07,3.6625755920890883,1
280.08,4.793811693618873,1
280.09000000000003,5.213021110335108,1
280.1,3.2522163605893626,1
280.11,3.30389638172913,1
280.12,3.8649407734149546,1
280.13,2.583227797568097,1
280.14,3.9273507190620327,1
280.15000000000003,4.764985756511349,1
280.16,3.1124698077641613,1
280.17,4.0292188664655395,1
280.18,3.624283459175551,1
280.19,5.041501407502088,1
280.2,3.692792631615588,1
280.21,4.967134240635533,1
280.22,3.6703819110988443,1
280.23,4.480584098927768,1
280.24,4.1923046557205845,1
280.25,3.9218229709925523,1
280.26,3.482391560728593,1
280.27,4.178577155024149,1
280.28000000000003,3.7248825996638693,1
280.29,3.5359526639717345,1
280.3,4.927702302550371,1
280.31,4.4109155980679935,1
280.32,4.442266518075509,1
280.33,3.7724555373504867,1
280.34000000000003,3.865679197491467,1
280.35,3.830657014995512,1
280.36,4.208649788744521,1
280.37,4.428939643945391,1
280.38,4.006108413949627,1
280.39,3.486075489423699,1
280.40000000000003,4.462644656672429,1
280.41,4.0494320759722315,1
280.42,3.0681095768581863,1
280.43,2.5586455344390258,1
280.44,4.1068030421687265,1
280.45,3.4682215726159447,1
280.46,4.2477788810459565,1
280.47,3.511623123722073,1
280.48,4.057112171693632,1
280.49,3.7579088660896227,1
280.5,5.122171463194312,1
280.51,4.683922593566451,1
280.52,4.915200582099795,1
280.53000000000003,4.070514923595527,1
280.54,4.537802476033352,1
280.55,4.091733371730313,1
280.56,4.959017418964387,1
280.57,4.0104606768833335,1
280.58,3.0938961061177572,1
280.59000000000003,2.6488702704817504,1
280.6,5.00138076003509,1
280.61,4.370550398791193,1
280.62,4.3753626218036805,1
280.63,4.989048395393242,1
280.64,2.987649462600539,1
280.65000000000003,3.706588119565484,1
280.66,3.8292263486547933,1
280.67,4.471363237455092,1
280.68,3.5788767676610487,1
280.69,3.195246547383734,1
280.7,3.16640555441297,1
280.71,4.695760051171598,1
280.72,3.5599692879448837,1
280.73,3.615433235247237,1
280.74,4.388606759919727,1
280.75,3.5698203936874178,1
280.76,2.8679693370342396,1
280.77,2.905824656210183,1
280.78000000000003,3.8974911960878247,1
280.79,4.316530552607537,1
280.8,3.8877692649374263,1
280.81,4.272549841334815,1
280.82,2.969897319862337,1
280.83,2.9355561728456063,1
280.84000000000003,5.398552233263662,1
280.85,4.883779252822533,1
280.86,4.551957976601668,1
280.87,3.6050690164268153,1
280.88,3.8218788353266238,1
280.89,3.988224438213205,1
280.90000000000003,4.852079268752195,1
280.91,4.312461873582292,1
280.92,4.359975809318203,1
280.93,3.9128191738659415,1
280.94,4.509073189567687,1
280.95,4.226700140669726,1
280.96,4.042165231687997,1
280.97,3.5203953943409134,1
280.98,3.8975350900394465,1
280.99,3.293420040007517,1
281.0,3.9315618534885597,1
281.01,4.053581973805116,1
281.02,2.443093791469855,1
281.03000000000003,3.7571346673187165,1
281.04,3.2224829673211715,1
281.05,4.276880605599804,1
281.06,4.4300205206045735,1
281.07,3.7491796170862215,1
281.08,4.341172198649264,1
281.09000000000003,4.403971668704914,1
281.1,3.8751920143639214,1
281.11,4.988001320529276,1
281.12,3.5888304727351437,1
281.13,4.929994485462658,1
281.14,3.9096837610536253,1
281.15000000000003,3.4474064775243094,1
281.16,3.738749561943674,1
281.17,3.271009420834343,1
281.18,4.4653044187183575,1
281.19,2.987995359838995,1
281.2,4.840897973634555,1
281.21,3.443236149154925,1
281.22,4.509439093618736,1
281.23,4.046284785493135,1
281.24,4.178489881547703,1
281.25,3.6278721747435316,1
281.26,4.206584373163713,1
281.27,4.099970287645947,1
281.28000000000003,3.0600633168483644,1
281.29,3.319105937448657,1
281.3,3.608186921868437,1
281.31,3.4866276209017038,1
281.32,4.782057661357517,1
281.33,4.0514744651879635,1
281.34000000000003,3.497863958842245,1
281.35,3.6514461703355705,1
281.36,3.651776519880234,1
281.37,3.7922117561350617,1
281.38,3.2898278620685257,1
281.39,3.4292876078509176,1
281.40000000000003,4.463154009948348,1
281.41,4.1480452108360755,1
281.42,3.910041703029315,1
281.43,3.996304261973506,1
281.44,3.970217118091614,1
281.45,3.8625227130147985,1
281.46,4.327263949785735,1
281.47,4.3071708631155285,1
281.48,2.9986249399201683,1
281.49,3.8545561420966235,1
281.5,3.0142541561399243,1
281.51,4.353236135816376,1
281.52,4.51927845041895,1
281.53000000000003,3.6348656791787364,1
281.54,3.9023353509298846,1
281.55,2.6241765404316504,1
281.56,4.54862478130757,1
281.57,4.493374351131173,1
281.58,4.775811068216461,1
281.59000000000003,5.011061530512976,1
281.6,3.266426150581153,1
281.61,4.5321743515863995,1
281.62,4.991746003249435,1
281.63,3.0897793767647777,1
281.64,3.834299972634684,1
281.65000000000003,3.7542722729319675,1
281.66,4.540304755292845,1
281.67,2.4791600286091944,1
281.68,5.086995518109702,1
281.69,3.9922024264405165,1
281.7,4.593920710059528,1
281.71,3.9965515792163795,1
281.72,4.319098072437568,1
281.73,2.512942524471705,1
281.74,3.661053727536308,1
281.75,4.529715236105271,1
281.76,4.219120818100905,1
281.77,2.9511173695952895,1
281.78000000000003,3.9769212912725798,1
281.79,3.4673915578786483,1
281.8,3.3805812758603313,1
281.81,2.976164415375429,1
281.82,4.340002034425334,1
281.83,4.742556109605703,1
281.84000000000003,5.420163599776917,1
281.85,3.128804552945221,1
281.86,4.445621543044644,1
281.87,4.567322993940668,1
281.88,3.6573911422912757,1
281.89,3.3840920526854816,1
281.90000000000003,3.258584478397377,1
281.91,3.6133530200543165,1
281.92,4.108267937497019,1
281.93,4.888976117245238,1
281.94,4.7705140748647645,1
281.95,2.9981015726448597,1
281.96,3.428061761519708,1
281.97,4.8089279987641875,1
281.98,3.5741814885827847,1
281.99,3.937523332708275,1
282.0,2.889810579425583,1
282.01,4.681510089418225,1
282.02,2.7998442047199985,1
282.03000000000003,2.862087596151766,1
282.04,4.613525780845208,1
282.05,5.282603140931439,1
282.06,3.888399304919359,1
282.07,3.96289800950977,1
282.08,4.58709194920077,1
282.09000000000003,4.223027637223743,1
282.1,3.7712269006162003,1
282.11,3.6712972529781607,1
282.12,2.9636939692383644,1
282.13,4.0889610024288645,1
282.14,3.9456993654454195,1
282.15000000000003,3.7126546874168365,1
282.16,3.332752844254368,1
282.17,3.37567468708259,1
282.18,4.363761326231705,1
282.19,4.593874574504448,1
282.2,3.823390043858953,1
282.21,3.7087981373446506,1
282.22,3.4286563266690324,1
282.23,4.573555340221268,1
282.24,4.054524272941691,1
282.25,4.241976260694788,1
282.26,4.247104372000205,1
282.27,3.8151805444633173,1
282.28000000000003,3.2327914684243826,1
282.29,3.3076474635223105,1
282.3,4.690263628152902,1
282.31,3.5705708292088256,1
282.32,3.707979298721285,1
282.33,3.246453343526582,1
282.34000000000003,3.1657680439647504,1
282.35,3.4508895690076447,1
282.36,5.0625408263936,1
282.37,4.490706155947569,1
282.38,3.687646501620474,1
282.39,4.68386059838002,1
282.40000000000003,3.9422157186018993,1
282.41,4.875267967112952,1
282.42,5.487550748120723,1
282.43,4.756354141567842,1
282.44,4.106728645029364,1
282.45,4.4601362062336225,1
282.46,4.037386815682271,1
282.47,2.810994327237088,1
282.48,3.503919742695161,1
282.49,3.352815013387698,1
282.5,3.5220472830787872,1
282.51,5.135108780480765,1
282.52,4.796189760729835,1
282.53000000000003,4.33383020627394,1
282.54,4.5471014319774765,1
282.55,2.8051680888482537,1
282.56,4.400776755734013,1
282.57,4.633702059216107,1
282.58,2.584809318474408,1
282.59000000000003,4.4115963148151485,1
282.6,3.100715579572048,1
282.61,2.6678464375094544,1
282.62,4.7806244357629115,1
282.63,3.3934348949191717,1
282.64,3.4990791260323677,1
282.65000000000003,4.61202881910568,1
282.66,3.8386743029565693,1
282.67,3.8734239487971482,1
282.68,3.861285602605119,1
282.69,4.217209280046046,1
282.7,3.866180236176103,1
282.71,4.066019114605423,1
282.72,3.6772380595681025,1
282.73,4.2089050169411415,1
282.74,4.216164744334196,1
282.75,5.244373150645526,1
282.76,3.8272957375434467,1
282.77,3.870145825611347,1
282.78000000000003,4.147164884998707,1
282.79,4.634583654817794,1
282.8,3.3298229758659277,1
282.81,4.026992823912434,1
282.82,2.3744694479660087,1
282.83,3.7262903997898995,1
282.84000000000003,4.679593771307367,1
282.85,3.5696333953106323,1
282.86,4.088915367098264,1
282.87,3.662165676140902,1
282.88,3.4221249191960084,1
282.89,4.595655730587788,1
282.90000000000003,3.3575452507457646,1
282.91,4.151537077612943,1
282.92,4.209159681478459,1
282.93,3.4598773988115714,1
282.94,4.068605744968186,1
282.95,3.3974951255899137,1
282.96,4.302403379294624,1
282.97,3.1649693618617363,1
282.98,3.729552281325477,1
282.99,3.8197675675924354,1
283.0,4.71130369209055,1
283.01,4.1335422200128695,1
283.02,4.627652928546759,1
283.03000000000003,4.397558783561087,1
283.04,4.379608384680203,1
283.05,3.807408641420052,1
283.06,4.6508378059393705,1
283.07,3.807956597412993,1
283.08,2.866116554494065,1
283.09000000000003,3.792606861332184,1
283.1,4.2817850289330295,1
283.11,2.9744818314924966,1
283.12,3.3641888801751927,1
283.13,3.163409933317584,1
283.14,4.460249425139754,1
283.15000000000003,5.11301666557895,1
283.16,3.930722118918146,1
283.17,4.34071561189346,1
283.18,4.3484385336181095,1
283.19,5.0290547456758325,1
283.2,3.638348072446827,1
283.21,3.8356370475929147,1
283.22,3.769037659526501,1
283.23,4.035042706422037,1
283.24,5.62697579129979,1
283.25,4.117609690848824,1
283.26,3.452495570353881,1
283.27,3.21807851637492,1
283.28000000000003,4.765837049662608,1
283.29,3.488441029590957,1
283.3,4.399860888494938,1
283.31,3.5829882451529835,1
283.32,3.153112382665676,1
283.33,4.341857761198909,1
283.34000000000003,3.6112659391423074,1
283.35,4.2527044250745405,1
283.36,4.339111489320199,1
283.37,4.374779392025623,1
283.38,3.848504135788639,1
283.39,4.436126001259456,1
283.40000000000003,3.42759279898242,1
283.41,2.3733707791600125,1
283.42,4.361054349734796,1
283.43,4.129103173556413,1
283.44,3.6119097669211415,1
283.45,3.022188091381571,1
283.46,2.619940336235345,1
283.47,3.9507690022085065,1
283.48,5.0668261989732954,1
283.49,3.9741095095996584,1
283.5,3.764001712801486,1
283.51,3.9700295412271407,1
283.52,5.41213312639063,1
283.53000000000003,4.572585213779266,1
283.54,3.428624467094222,1
283.55,3.983952094347656,1
283.56,4.21473181603793,1
283.57,3.327500676491451,1
283.58,4.452199854451034,1
283.59000000000003,3.4965139721221257,1
283.6,2.989445490000269,1
283.61,3.9887643828246184,1
283.62,3.9460207633225393,1
283.63,3.9960982060711823,1
283.64,3.503642331709483,1
283.65000000000003,3.564627379480399,1
283.66,4.706046499018099,1
283.67,4.328551904220949,1
283.68,3.398948566658743,1
283.69,2.698268305782447,1
283.7,3.3285962687820474,1
283.71,4.061775967181879,1
283.72,3.5936909678355646,1
283.73,3.5151798640550282,1
283.74,3.5886464457570755,1
283.75,3.928144015514423,1
283.76,4.5047779419919,1
283.77,4.030014684865648,1
283.78000000000003,4.041987413425892,1
283.79,3.8566233321125876,1
283.8,3.667400233291156,1
283.81,4.560253375201574,1
283.82,4.515307153031744,1
283.83,5.357955240596047,1
283.84000000000003,4.477629104075582,1
283.85,3.7052721076033044,1
283.86,3.395352371882606,1
283.87,4.582019610558828,1
283.88,3.506134096216001,1
283.89,4.495748645898108,1
283.90000000000003,3.536690723729567,1
283.91,4.1987455092494095,1
283.92,3.3243274677444354,1
283.93,4.465471839815144,1
283.94,3.2274864315446714,1
283.95,4.130751802053915,1
283.96,3.879480832300005,1
283.97,4.058823813207937,1
283.98,3.7467204446067197,1
283.99,3.7127752373008653,1
284.0,4.08319303955707,1
284.01,3.3547751956728358,1
284.02,3.307252620831326,1
284.03000000000003,3.7257978636332396,1
284.04,3.7256577403552322,1
284.05,3.331209137403525,1
284.06,4.559529792494254,1
284.07,3.8165557523045774,1
284.08,3.841928347074192,1
284.09000000000003,3.1291768974948306,1
284.1,5.291887920029681,1
284.11,5.652264853147067,1
284.12,3.5927907048049383,1
284.13,4.771087775584117,1
284.14,3.9866940856184954,1
284.15000000000003,5.039773778226015,1
284.16,4.28054418545055,1
284.17,4.081561233849305,1
284.18,2.3832952551188598,1
284.19,3.332932728409853,1
284.2,3.9732903680976537,1
284.21,4.127297837254816,1
284.22,3.219418593148986,1
284.23,3.480317053418758,1
284.24,4.327911467576896,1
284.25,3.122207529430269,1
284.26,4.034100167337918,1
284.27,4.80526609395954,1
284.28000000000003,4.298419818462408,1
284.29,4.235578698771269,1
284.3,2.703401988213376,1
284.31,3.3889233196051,1
284.32,5.296161007888333,1
284.33,3.689016065567685,1
284.34000000000003,4.801769729078942,1
284.35,3.6517749338795555,1
284.36,3.798848513111145,1
284.37,4.322458579764996,1
284.38,4.084680058132263,1
284.39,4.252617124613606,1
284.40000000000003,3.4841617418219197,1
284.41,3.231804716127356,1
284.42,3.379129137908331,1
284.43,3.617364330091707,1
284.44,3.828277462554048,1
284.45,4.662710938752316,1
284.46,4.096432321101397,1
284.47,4.320206566085403,1
284.48,4.111087229582629,1
284.49,3.282939203729114,1
284.5,3.9681813205643746,1
284.51,4.082946097827431,1
284.52,4.498036947929767,1
284.53000000000003,3.3365513469022248,1
284.54,2.6363154516086817,1
284.55,4.032543992352953,1
284.56,4.231540762795515,1
284.57,3.897502391118014,1
284.58,4.012030914926406,1
284.59000000000003,4.570894810274768,1
284.6,3.7365673503919963,1
284.61,3.8034037973439028,1
284.62,4.039485360823907,1
284.63,3.2109180501460988,1
284.64,3.854099766717365,1
284.65000000000003,3.9498874766598937,1
284.66,5.059153621601716,1
284.67,3.8701231496391393,1
284.68,4.121980470799725,1
284.69,4.6033445201035965,1
284.7,3.4928163403454158,1
284.71,4.8621891643695,1
284.72,5.196181411821758,1
284.73,4.0530221368769,1
284.74,3.6531860857963014,1
284.75,5.034913344827241,1
284.76,4.578323140557043,1
284.77,4.087883381026171,1
284.78000000000003,4.931050573165745,1
284.79,4.912961002572168,1
284.8,3.8366044154349677,1
284.81,4.151579393257144,1
284.82,4.3833344250782185,1
284.83,4.041640940489528,1
284.84000000000003,3.1000613581618826,1
284.85,3.3372337574748254,1
284.86,3.0789538151893017,1
284.87,4.2645607844567355,1
284.88,3.24743158252088,1
284.89,4.0796923088579655,1
284.90000000000003,5.193373765658836,1
284.91,4.9979810488617735,1
284.92,2.867709758191757,1
284.93,3.10240405911292,1
284.94,3.442317911193081,1
284.95,3.208042667598093,1
284.96,2.879439922226475,1
284.97,3.9257328691451314,1
284.98,4.453033617816317,1
284.99,4.646186916003352,1
285.0,3.7309173416212538,1
285.01,3.807436049452635,1
285.02,4.219219854717643,1
285.03000000000003,3.9427646186363474,1
285.04,4.522511016543595,1
285.05,4.310583840953779,1
285.06,3.7744778283120333,1
285.07,2.781829290173661,1
285.08,4.899524852667347,1
285.09000000000003,3.608821443047866,1
285.1,4.208523685503537,1
285.11,2.768971270527129,1
285.12,3.918795749371276,1
285.13,4.060180607262187,1
285.14,4.100028162406553,1
285.15000000000003,5.961438006120756,1
285.16,3.7081984116654194,1
285.17,4.514962609357809,1
285.18,4.370386116570735,1
285.19,3.5819025452777877,1
285.2,4.497655781682158,1
285.21,3.92324316673422,1
285.22,4.56327772357057,1
285.23,5.3061259737501105,1
285.24,4.176210243557429,1
285.25,3.8281704287958758,1
285.26,4.671970315183186,1
285.27,4.946507219235198,1
285.28000000000003,3.4837073756184602,1
285.29,3.675130771956405,1
285.3,4.41874201528236,1
285.31,3.939458330880084,1
285.32,3.377169266591119,1
285.33,4.313448610800037,1
285.34000000000003,4.454488880535744,1
285.35,3.8103101755769355,1
285.36,4.028423465227689,1
285.37,3.627608111816094,1
285.38,3.2670347430201057,1
285.39,3.6335121802159325,1
285.40000000000003,4.025980179586377,1
285.41,3.0444782272803996,1
285.42,3.6675568307435893,1
285.43,4.037040140825126,1
285.44,4.777352337689474,1
285.45,3.843822172449713,1
285.46,3.182251822827601,1
285.47,3.8149016245012675,1
285.48,3.6212875335710777,1
285.49,4.335546681399155,1
285.5,3.8008900444365636,1
285.51,2.229359320962765,1
285.52,6.28899439007645,1
285.53000000000003,4.22970908770854,1
285.54,4.0716525788079325,1
285.55,3.0041877486305206,1
285.56,2.9899963330576016,1
285.57,3.879740634773388,1
285.58,4.210902129003135,1
285.59000000000003,4.468206104002262,1
285.6,4.1821487909650354,1
285.61,3.241455298826367,1
285.62,2.329516889921187,1
285.63,3.8347438521727337,1
285.64,3.6436264088887502,1
285.65000000000003,3.1594245046640532,1
285.66,4.486833614307945,1
285.67,3.0069302167634255,1
285.68,4.340723054270192,1
285.69,3.1055050484797118,1
285.7,4.033330923325704,1
285.71,4.607989429505675,1
285.72,3.8172184490938617,1
285.73,5.0855020104728075,1
285.74,5.309510282085539,1
285.75,4.232456621992055,1
285.76,4.365213896212358,1
285.77,4.71013144856345,1
285.78000000000003,4.395847475858363,1
285.79,4.307446904178237,1
285.8,3.678415416488128,1
285.81,2.8858993978402143,1
285.82,3.031219823302955,1
285.83,5.48762208962486,1
285.84000000000003,4.298478030808261,1
285.85,3.8585021277887823,1
285.86,4.811193420517284,1
285.87,3.562401579302069,1
285.88,4.3520816167831,1
285.89,4.071209322711895,1
285.90000000000003,4.302751717620903,1
285.91,3.799892642441983,1
285.92,3.362071968803013,1
285.93,3.427821747789415,1
285.94,3.4570625448340064,1
285.95,3.9654965280794374,1
285.96,2.9882642441043545,1
285.97,3.129928062273518,1
285.98,4.035727770737746,1
285.99,3.919304401861547,1
286.0,4.118585989808283,1
286.01,3.9778896105235555,1
286.02,5.633041182126937,1
286.03000000000003,4.180214035357581,1
286.04,3.764854993035625,1
286.05,4.051508529194358,1
286.06,4.664866866033396,1
286.07,4.007691676435195,1
286.08,4.444733079200343,1
286.09000000000003,4.283650070046352,1
286.1,3.8285889718392654,1
286.11,4.061654765936089,1
286.12,5.041126234604991,1
286.13,4.2201838078225675,1
286.14,3.373452047509697,1
286.15000000000003,3.7550995094654045,1
286.16,2.6135211578425253,1
286.17,4.0059595274311715,1
286.18,4.851661598068333,1
286.19,3.1807568063943212,1
286.2,4.047996340561504,1
286.21,4.642256459504168,1
286.22,4.746497715905335,1
286.23,4.875161907500207,1
286.24,2.84033255187847,1
286.25,4.258033771741989,1
286.26,3.038627755479811,1
286.27,3.294570878296719,1
286.28000000000003,4.490442142197985,1
286.29,4.1319720758790055,1
286.3,4.4791861933897845,1
286.31,3.425913425034706,1
286.32,4.921671156965619,1
286.33,4.501911249588782,1
286.34000000000003,4.607117035596205,1
286.35,3.33558355225657,1
286.36,4.72017404411176,1
286.37,3.8380756603938573,1
286.38,3.5937032435475915,1
286.39,4.381441043499397,1
286.40000000000003,4.40129114321571,1
286.41,3.4746368889114767,1
286.42,5.302665828586633,1
286.43,5.255363120236342,1
286.44,4.467886099375708,1
286.45,4.307331364701112,1
286.46,4.232414731175152,1
286.47,3.008262208101752,1
286.48,4.013688430990711,1
286.49,4.065406765434479,1
286.5,3.6301913511785604,1
286.51,3.7770967841332665,1
286.52,2.44157437460933,1
286.53000000000003,3.1945520247364194,1
286.54,4.549780701768604,1
286.55,5.156237501557733,1
286.56,3.457281555224988,1
286.57,4.086074393234551,1
286.58,4.717826711693771,1
286.59000000000003,3.7055390362249954,1
286.6,4.421101733634653,1
286.61,4.003342371479542,1
286.62,4.772567808684121,1
286.63,3.2142629079587235,1
286.64,3.236174485651734,1
286.65000000000003,4.13554357323849,1
286.66,4.0705539167049265,1
286.67,3.967688660656589,1
286.68,4.371679190357601,1
286.69,3.4184683761913837,1
286.7,3.076578639300334,1
286.71,3.620110102189623,1
286.72,3.7252802384862154,1
286.73,3.7994134301481775,1
286.74,4.811358395990718,1
286.75,4.548550513287271,1
286.76,4.378894492586789,1
286.77,4.166773432351243,1
286.78000000000003,3.7282923682444116,1
286.79,3.4296332068453306,1
286.8,3.1890276060240903,1
286.81,3.5007255092056084,1
286.82,3.9421945021224682,1
286.83,3.247144489915286,1
286.84000000000003,4.064817994980824,1
286.85,3.877731994717263,1
286.86,3.734885210431425,1
286.87,4.737729279618351,1
286.88,2.4477431718261125,1
286.89,3.6578897542385183,1
286.90000000000003,2.4531438789920346,1
286.91,4.061975000156646,1
286.92,4.498243972611253,1
286.93,3.153257825158131,1
286.94,3.1556403075562853,1
286.95,2.8474323301806237,1
286.96,3.9721387068070046,1
286.97,3.777215024656403,1
286.98,3.805833646712191,1
286.99,3.74959936812827,1
287.0,3.3532767082031834,1
287.01,4.695589231403116,1
287.02,4.218437870081896,1
287.03000000000003,3.2444622793386806,1
287.04,3.5001326852503274,1
287.05,3.404184498122355,1
287.06,4.8764577883848785,1
287.07,4.514047117732937,1
287.08,3.9487728061626033,1
287.09000000000003,5.104620888856295,1
287.1,5.008405167444147,1
287.11,3.9108124039774914,1
287.12,3.728262079390283,1
287.13,3.7485835015161597,1
287.14,3.366745441280523,1
287.15000000000003,5.087057538706698,1
287.16,3.4122338896269335,1
287.17,4.528115006382461,1
287.18,4.4797312715567985,1
287.19,3.8309780052456333,1
287.2,5.164268335509351,1
287.21,3.0582692788134365,1
287.22,3.891790133981,1
287.23,3.676203993708824,1
287.24,4.603832879983365,1
287.25,4.265633739605026,1
287.26,2.895218915725244,1
287.27,4.737923274903062,1
287.28000000000003,4.359257014065918,1
287.29,3.349698328386576,1
287.3,3.7340999750210133,1
287.31,3.1406430403681,1
287.32,3.837593926478323,1
287.33,4.087656517991379,1
287.34000000000003,3.788130628162197,1
287.35,3.695013431432083,1
287.36,2.9353081735137403,1
287.37,4.154930512122043,1
287.38,2.7606539847512623,1
287.39,3.9458045301171847,1
287.40000000000003,2.8294038964289445,1
287.41,3.9625332686023613,1
287.42,3.9937818088244086,1
287.43,4.261328798419857,1
287.44,4.575155659912646,1
287.45,4.714215030503148,1
287.46,2.99821066051052,1
287.47,3.902126867577841,1
287.48,5.298884264842884,1
287.49,4.155208952109789,1
287.5,3.4699098002437694,1
287.51,3.916482190223684,1
287.52,3.746055364088525,1
287.53000000000003,3.221443216798584,1
287.54,4.517186546624542,1
287.55,4.410176046749952,1
287.56,3.1587424493196723,1
287.57,3.8890052971365883,1
287.58,3.625802305891678,1
287.59000000000003,2.93838855667369,1
287.6,3.018327497298864,1
287.61,3.1197082728221694,1
287.62,3.909271581080568,1
287.63,3.6974231328373612,1
287.64,3.35949647437062,1
287.65000000000003,3.707304735750556,1
287.66,4.467460611353135,1
287.67,4.259482389195618,1
287.68,4.665610424929977,1
287.69,3.891800630327175,1
287.7,5.033293529312541,1
287.71,4.287841915509489,1
287.72,3.700046738902806,1
287.73,4.042312628960737,1
287.74,3.192750954013711,1
287.75,3.7529032782837835,1
287.76,4.2641539229152805,1
287.77,4.412718117064559,1
287.78000000000003,3.7586379646643038,1
287.79,5.759345519989244,1
287.8,3.9938273628698013,1
287.81,2.910639005945776,1
287.82,4.721841212672453,1
287.83,4.437232240858737,1
287.84000000000003,4.176560347743457,1
287.85,3.7089394895424266,1
287.86,4.23775097442487,1
287.87,5.064729661456422,1
287.88,4.194709065719272,1
287.89,3.057882202550577,1
287.90000000000003,1.7028368453004172,1
287.91,4.111683584775273,1
287.92,3.367011772150595,1
287.93,3.8973242090880293,1
287.94,3.46888647190122,1
287.95,3.3965739413683957,1
287.96,3.46726242786941,1
287.97,3.530157077823297,1
287.98,4.475453802225624,1
287.99,4.400723925297696,1
288.0,3.240265321920305,1
288.01,3.259043407379127,1
288.02,4.201527869784036,1
288.03000000000003,4.694985671668168,1
288.04,4.714626474773088,1
288.05,3.3921613032911586,1
288.06,4.6054235709329845,1
288.07,2.883830261207141,1
288.08,3.8013925334065104,1
288.09000000000003,4.3040804049981265,1
288.1,2.669455960618806,1
288.11,5.2780735079374095,1
288.12,4.937482646516644,1
288.13,4.476043863653439,1
288.14,3.4024243979128017,1
288.15000000000003,3.9199578609828785,1
288.16,4.508044956592334,1
288.17,3.302067377174373,1
288.18,3.8410271375585077,1
288.19,4.581145021162742,1
288.2,3.0651322029171384,1
288.21,4.15959470675171,1
288.22,2.871030354723905,1
288.23,3.3198667265249724,1
288.24,3.631797715545254,1
288.25,4.311117609383391,1
288.26,3.5639748024461,1
288.27,4.055297918451902,1
288.28000000000003,3.5574243674097374,1
288.29,3.629165941540571,1
288.3,4.7892153432669025,1
288.31,3.301051585082434,1
288.32,4.450624167189817,1
288.33,4.026347170340949,1
288.34000000000003,3.6281449373976846,1
288.35,3.187724641255645,1
288.36,3.207552184504544,1
288.37,3.473198858852971,1
288.38,3.87103228878623,1
288.39,4.3838364579124125,1
288.40000000000003,3.828226265181616,1
288.41,3.838314742003699,1
288.42,3.9358035965232703,1
288.43,4.305495382374954,1
288.44,4.436696455919485,1
288.45,3.126298440949317,1
288.46,3.7645596700947257,1
288.47,4.782248833993436,1
288.48,3.1929982088420004,1
288.49,3.999796246847874,1
288.5,3.8891392400506914,1
288.51,3.625672829170366,1
288.52,5.009686199110582,1
288.53000000000003,4.084481310956295,1
288.54,4.985543541580561,1
288.55,4.062783706137427,1
288.56,4.302394365510481,1
288.57,3.6436256392043185,1
288.58,3.611319576180852,1
288.59000000000003,4.242275700801642,1
288.6,4.292039032306592,1
288.61,4.405513659538826,1
288.62,4.268730595139265,1
288.63,3.1490152554302977,1
288.64,3.425745577452556,1
288.65000000000003,4.517012280862536,1
288.66,2.7603117198015825,1
288.67,4.115470751022891,1
288.68,3.9343371984045965,1
288.69,4.54729353875273,1
288.7,4.303153496989898,1
288.71,3.5873795853687342,1
288.72,3.514995938063981,1
288.73,3.6317027069833636,1
288.74,4.354263857536166,1
288.75,2.527512958350804,1
288.76,4.013763116363716,1
288.77,3.4278873872639894,1
288.78000000000003,4.089492708200028,1
288.79,4.228889697898379,1
288.8,2.935167778660055,1
288.81,3.788912562210104,1
288.82,4.088273304224192,1
288.83,4.0623609657922986,1
288.84000000000003,3.9244541424470523,1
288.85,3.2033200869797462,1
288.86,3.2588424073897517,1
288.87,3.061413553722678,1
288.88,4.303165616488825,1
288.89,3.9432042296155956,1
288.90000000000003,3.96301325412112,1
288.91,2.891207283201865,1
288.92,3.9116699694927037,1
288.93,4.405822271160544,1
288.94,2.829310508054572,1
288.95,3.5823715524216633,1
288.96,2.9560543226858726,1
288.97,3.664672084169584,1
288.98,3.395290702605293,1
288.99,4.210862118867394,1
289.0,4.122459254539229,1
289.01,4.8453129963723125,1
289.02,4.015631505867406,1
289.03000000000003,4.2205585739206875,1
289.04,3.651376757442701,1
289.05,3.263382331412466,1
289.06,4.497420969794096,1
289.07,4.836505123071245,1
289.08,4.508040150325063,1
289.09000000000003,4.115627013717134,1
289.1,3.374917527437321,1
289.11,4.703216455107656,1
289.12,4.418195405247033,1
289.13,5.338891576362259,1
289.14,3.331309820749027,1
289.15000000000003,4.519536702328157,1
289.16,4.387448396445331,1
289.17,3.8013297562541557,1
289.18,4.872975331988457,1
289.19,4.31343169813784,1
289.2,3.410922586559647,1
289.21,3.8878735761000436,1
289.22,3.3776253557041374,1
289.23,3.6586709639657413,1
289.24,4.436183038573148,1
289.25,4.668040617498836,1
289.26,4.183611402225665,1
289.27,3.5243463932096972,1
289.28000000000003,4.219059372439102,1
289.29,4.482506186328356,1
289.3,2.749387187895855,1
289.31,4.000538032003639,1
289.32,3.8766316356559374,1
289.33,4.611393365917055,1
289.34000000000003,4.286929895928735,1
289.35,4.33147719727986,1
289.36,3.707210847887554,1
289.37,3.983504332757896,1
289.38,4.611300383430362,1
289.39,3.994582174304326,1
289.40000000000003,4.113005594044719,1
289.41,3.0102067819753735,1
289.42,3.8961416474511967,1
289.43,2.688324681998898,1
289.44,3.5864097498152714,1
289.45,4.016395317306319,1
289.46,4.498655500283267,1
289.47,3.3816354379205507,1
289.48,4.2053552148836575,1
289.49,4.965122339332083,1
289.5,3.642174173888154,1
289.51,2.9747577352176022,1
289.52,4.1265420176983305,1
289.53000000000003,3.2341903607482125,1
289.54,3.422661441179398,1
289.55,4.564447420327748,1
289.56,5.251653422121881,1
289.57,3.425822492769146,1
289.58,3.4870900775557923,1
289.59000000000003,3.683825689791259,1
289.6,3.6255958199011107,1
289.61,5.231911891501084,1
289.62,3.7296669482495695,1
289.63,3.7321953512323547,1
289.64,5.032554446088872,1
289.65000000000003,4.436117549645723,1
289.66,4.66584701226842,1
289.67,3.4520385611911624,1
289.68,3.623126389122933,1
289.69,3.3027882181330943,1
289.7,4.478048976751859,1
289.71,4.823656196602581,1
289.72,3.6602684005419013,1
289.73,3.743285790730586,1
289.74,3.776653916629668,1
289.75,2.982715523605189,1
289.76,3.5017676635182062,1
289.77,4.471823562217881,1
289.78000000000003,3.4603125489726585,1
289.79,4.027948076506286,1
289.8,3.1529963132175896,1
289.81,3.8557478195318264,1
289.82,3.6258457986891734,1
289.83,3.1848949278387804,1
289.84000000000003,4.4639190726606115,1
289.85,4.577151482020765,1
289.86,3.4055643090272514,1
289.87,3.8240677695206853,1
289.88,4.018199310557374,1
289.89,2.8236219826829,1
289.90000000000003,3.022943119087398,1
289.91,4.775955161092068,1
289.92,3.3554721490097785,1
289.93,4.777673947810582,1
289.94,3.1737171017949466,1
289.95,4.377889557752496,1
289.96,3.8206909066127657,1
289.97,3.8784433561226197,1
289.98,5.196891542319406,1
289.99,3.2580609016352478,1
290.0,4.341405940325761,1
290.01,4.379604470949701,1
290.02,6.199320581611424,1
290.03000000000003,3.4330855810705834,1
290.04,3.5598280816465557,1
290.05,4.502983680899375,1
290.06,3.9002420323462976,1
290.07,3.6935736581568204,1
290.08,4.602875588379571,1
290.09000000000003,3.863215217978788,1
290.1,3.4131289332649954,1
290.11,4.435973904631259,1
290.12,4.269656156635395,1
290.13,3.8131954427928703,1
290.14,3.7550176722324626,1
290.15000000000003,3.3916831729850427,1
290.16,4.433964817979152,1
290.17,3.7923895138872123,1
290.18,3.4880450653277224,1
290.19,3.135177300922301,1
290.2,4.202551736413824,1
290.21,3.682169746480729,1
290.22,2.67504818398385,1
290.23,3.13978727158214,1
290.24,3.7968227829526424,1
290.25,3.8544505806705684,1
290.26,3.8332497734448854,1
290.27,3.74165174230761,1
290.28000000000003,3.026922490493004,1
290.29,3.3741829530669056,1
290.3,4.7305197505585355,1
290.31,4.7161659874628725,1
290.32,4.417961804504915,1
290.33,4.342681166473864,1
290.34000000000003,4.607592691391851,1
290.35,3.309251494282517,1
290.36,3.9799199671237386,1
290.37,3.2719334444426105,1
290.38,3.240713174712871,1
290.39,4.193253975769537,1
290.40000000000003,4.625874327243971,1
290.41,3.9117775302386524,1
290.42,5.06462586271479,1
290.43,4.201289353268625,1
290.44,3.508076423629118,1
290.45,3.265383645495149,1
290.46,4.616516195586706,1
290.47,4.120338964289187,1
290.48,4.445859445072896,1
290.49,2.3021880683090776,1
290.5,4.056881582039419,1
290.51,3.6713589880707773,1
290.52,3.0759700098717895,1
290.53000000000003,3.903888082140664,1
290.54,4.702633508215718,1
290.55,5.512552518927166,1
290.56,4.2478686421321985,1
290.57,3.554757284641705,1
290.58,3.4740099050806226,1
290.59000000000003,4.593348748775584,1
290.6,3.3888001417987486,1
290.61,4.367176908568482,1
290.62,4.2125794711914155,1
290.63,4.131556251213254,1
290.64,2.990452644608232,1
290.65000000000003,3.7078223448810794,1
290.66,3.0363743591364853,1
290.67,3.560510520693825,1
290.68,4.568696741506708,1
290.69,4.832867805282011,1
290.7,4.18878814487173,1
290.71,3.6412738556617823,1
290.72,5.008881245869647,1
290.73,3.6818823794817264,1
290.74,3.2440466743237786,1
290.75,4.406541109813216,1
290.76,4.321383562565803,1
290.77,3.6672440578310868,1
290.78000000000003,4.045063673443925,1
290.79,4.2895900195389025,1
290.8,4.149528128751241,1
290.81,4.306744565740188,1
290.82,3.690282233796897,1
290.83,4.322859950946066,1
290.84000000000003,4.030763630294167,1
290.85,3.695721494841984,1
290.86,3.822206138794459,1
290.87,3.9258108234014424,1
290.88,3.057745347697755,1
290.89,3.5303817735215315,1
290.90000000000003,4.013935483624552,1
290.91,3.1242740406861285,1
290.92,3.5452320269032827,1
290.93,5.519940607370005,1
290.94,3.3585009228495477,1
290.95,3.7124804793111665,1
290.96,3.44180892641896,1
290.97,3.8906798942062233,1
290.98,3.4646981847331997,1
290.99,3.810058711995255,1
291.0,3.5223894078984443,1
291.01,4.6559408325151495,1
291.02,4.092324923015598,1
291.03000000000003,3.3547818043990203,1
291.04,4.5068200298663275,1
291.05,3.4086580841883034,1
291.06,2.9496989860274354,1
291.07,3.9350078852501365,1
291.08,5.233588837586895,1
291.09000000000003,2.8881739414930143,1
291.1,3.06970694739663,1
291.11,4.432442849033371,1
291.12,3.6091898548164103,1
291.13,4.373601334631214,1
291.14,3.4790290360535057,1
291.15000000000003,4.060850911975751,1
291.16,5.135516231481434,1
291.17,3.2930466333839163,1
291.18,4.621828444479476,1
291.19,4.478323150505086,1
291.2,3.0624346125930773,1
291.21,4.306376913990978,1
291.22,4.065621338626221,1
291.23,4.063041710674857,1
291.24,4.222124840289078,1
291.25,3.785999989185853,1
291.26,4.0326422329343785,1
291.27,4.158619856206868,1
291.28000000000003,4.493581176843231,1
291.29,3.038748588325572,1
291.3,4.779889049764744,1
291.31,3.297207528414183,1
291.32,4.451999044655332,1
291.33,4.078666222633869,1
291.34000000000003,3.173468654951363,1
291.35,4.293084187264647,1
291.36,3.404177858836033,1
291.37,4.65771616411101,1
291.38,3.5782527514413385,1
291.39,3.004704912437532,1
291.40000000000003,4.935485396194248,1
291.41,4.173777170102016,1
291.42,4.573085333534198,1
291.43,3.4819255191379135,1
291.44,2.7414540962862137,1
291.45,5.011407067427552,1
291.46,4.056514522279228,1
291.47,4.322194202499934,1
291.48,4.445349999832896,1
291.49,3.809109576865717,1
291.5,4.135330853341842,1
291.51,5.042322430335746,1
291.52,4.041490537508611,1
291.53000000000003,4.6137520355606565,1
291.54,2.7448464446461642,1
291.55,4.653819210994062,1
291.56,3.0517087095462676,1
291.57,4.598036185045392,1
291.58,4.289335013791375,1
291.59000000000003,3.955123989757158,1
291.6,3.9326917188746706,1
291.61,3.831982254435389,1
291.62,3.457444796689566,1
291.63,3.8338033162221503,1
291.64,5.422680840952747,1
291.65000000000003,4.930335139812694,1
291.66,3.490688034889021,1
291.67,4.143124616962002,1
291.68,4.070861536252026,1
291.69,3.911927587652463,1
291.7,3.344084551015771,1
291.71,4.2499565921654066,1
291.72,4.5639531586467506,1
291.73,3.492779585366378,1
291.74,5.238378650001732,1
291.75,5.061822481640875,1
291.76,4.419375030253111,1
291.77,3.225987106473295,1
291.78000000000003,4.2140047617401315,1
291.79,4.195795775000978,1
291.8,4.344697743041571,1
291.81,5.052621120591999,1
291.82,3.9489802070135918,1
291.83,5.325627971847258,1
291.84000000000003,4.343289464300657,1
291.85,3.8321364520032506,1
291.86,5.546713569045279,1
291.87,4.631260700180055,1
291.88,3.742831133834816,1
291.89,4.0392120285961575,1
291.90000000000003,4.414510293178537,1
291.91,3.9269876167248268,1
291.92,4.082502558416557,1
291.93,3.4747248014083265,1
291.94,2.8750804983715676,1
291.95,4.001552766817037,1
291.96,4.090947270188541,1
291.97,4.347467284743509,1
291.98,3.6469994772452323,1
291.99,3.1090295398581844,1
292.0,3.3202113150057886,1
292.01,4.644138415763024,1
292.02,3.6061315904542,1
292.03000000000003,3.6895329557592857,1
292.04,3.7786690142899837,1
292.05,3.584915837213281,1
292.06,3.5253197002725454,1
292.07,3.406308998522963,1
292.08,4.873165067636297,1
292.09000000000003,4.49365891299358,1
292.1,4.839241770696955,1
292.11,4.990728091518264,1
292.12,2.53477365541009,1
292.13,4.134929732401492,1
292.14,3.6277661192714934,1
292.15000000000003,4.702284390579941,1
292.16,3.561049084812657,1
292.17,3.289700070689529,1
292.18,3.026931541248332,1
292.19,3.745231649276189,1
292.2,4.578356868467354,1
292.21,4.200910117193452,1
292.22,3.231741601836587,1
292.23,5.350612022870325,1
292.24,4.502476191635434,1
292.25,4.534554756815506,1
292.26,4.865837183880419,1
292.27,2.9877308809276526,1
292.28000000000003,3.34789900218726,1
292.29,4.494867530649998,1
292.3,3.503661557716424,1
292.31,3.791782992371365,1
292.32,3.9370665937743388,1
292.33,3.1674064048562407,1
292.34000000000003,3.7159357526335333,1
292.35,4.576312302963254,1
292.36,4.507869536007633,1
292.37,4.752628301166005,1
292.38,4.700394395943912,1
292.39,4.30536641481397,1
292.40000000000003,4.230280450334079,1
292.41,4.178185156861485,1
292.42,3.603844757354155,1
292.43,3.307972736837958,1
292.44,3.5110476455833193,1
292.45,3.759125601201237,1
292.46,3.560028680175195,1
292.47,4.242107731140064,1
292.48,4.145521923928174,1
292.49,4.209429354805071,1
292.5,4.240569485996184,1
292.51,4.79021554060701,1
292.52,4.04185059171244,1
292.53000000000003,4.656770311529069,1
292.54,4.374581751563641,1
292.55,4.75541384101871,1
292.56,5.092943402633674,1
292.57,4.439723542828386,1
292.58,4.093711256539293,1
292.59000000000003,4.068758803934115,1
292.6,3.6990681668119842,1
292.61,3.6550821395748505,1
292.62,4.564624655802811,1
292.63,3.4086203000748996,1
292.64,5.012228443713203,1
292.65000000000003,3.962291268493887,1
292.66,5.854736456299468,1
292.67,3.661570836155346,1
292.68,4.142024063195951,1
292.69,3.7802314529421563,1
292.7,3.472237972684659,1
292.71,4.658558737819074,1
292.72,3.322197962566776,1
292.73,3.5206751685846918,1
292.74,4.351661708341872,1
292.75,4.504451839609897,1
292.76,3.12717156082102,1
292.77,4.325039093472795,1
292.78000000000003,4.103136340453815,1
292.79,3.4107427022520045,1
292.8,3.452795387754228,1
292.81,2.647805578356744,1
292.82,5.033195991057738,1
292.83,4.72082591614633,1
292.84000000000003,3.206814957933499,1
292.85,4.470763320046066,1
292.86,3.655803487313886,1
292.87,4.572903764505271,1
292.88,3.7125073353006757,1
292.89,3.746995785891261,1
292.90000000000003,3.7977316935917096,1
292.91,3.5613527287293296,1
292.92,4.881568934025465,1
292.93,4.63588445710675,1
292.94,4.109490861568509,1
292.95,4.6713389327164,1
292.96,2.9845891113576966,1
292.97,3.142015733294962,1
292.98,4.25642580985075,1
292.99,4.492622956178603,1
293.0,4.210845080860906,1
293.01,2.79110390487459,1
293.02,3.2381928455227595,1
293.03000000000003,4.224588432012641,1
293.04,5.58784076166434,1
293.05,4.885487435394046,1
293.06,5.076529930202641,1
293.07,4.285015483115653,1
293.08,4.232830701307883,1
293.09000000000003,3.3434145565821973,1
293.1,4.578174571999638,1
293.11,3.9872080674596537,1
293.12,4.448697300456546,1
293.13,4.046832031996106,1
293.14,4.183910035008853,1
293.15000000000003,3.9541140609468575,1
293.16,4.1429898493887185,1
293.17,4.6574580088149595,1
293.18,3.2178811109280323,1
293.19,2.984421583673032,1
293.2,4.215378559685424,1
293.21,4.947609015631166,1
293.22,5.15515824498117,1
293.23,3.274876704771985,1
293.24,3.695096396653675,1
293.25,3.0219481106814214,1
293.26,3.584064125932156,1
293.27,4.703580192574716,1
293.28000000000003,4.033850249227824,1
293.29,3.759450690271012,1
293.3,4.339234457737759,1
293.31,3.5045012587333777,1
293.32,5.003840547577939,1
293.33,4.064957133709196,1
293.34000000000003,3.743201693215497,1
293.35,4.3653568715382995,1
293.36,4.631357460769365,1
293.37,5.073396379118442,1
293.38,3.928169878795753,1
293.39,4.700355100666436,1
293.40000000000003,4.107690329420965,1
293.41,3.6097803657014813,1
293.42,3.472569017036501,1
293.43,3.2565995304972666,1
293.44,3.4741634369433707,1
293.45,4.692352556654644,1
293.46,4.500074798818384,1
293.47,3.2246704385580607,1
293.48,2.820371247817642,1
293.49,3.207534279951362,1
293.5,3.448483122178858,1
293.51,3.770141416251951,1
293.52,4.747196287355512,1
293.53000000000003,3.689457225467797,1
293.54,5.0717244499310254,1
293.55,2.974141143303309,1
293.56,3.7122455979243245,1
293.57,4.492421450196194,1
293.58,4.579236577188139,1
293.59000000000003,3.816933262452351,1
293.6,4.638982619439969,1
293.61,4.565315518172375,1
293.62,3.591343196251139,1
293.63,4.179815297737924,1
293.64,4.46731358273043,1
293.65000000000003,3.631906185772478,1
293.66,5.077241765701122,1
293.67,3.522627495341189,1
293.68,4.064849283184914,1
293.69,3.1929992591683103,1
293.7,4.018643044213688,1
293.71,3.3087705935247786,1
293.72,3.767686735119557,1
293.73,2.9566307820964584,1
293.74,4.456339931736229,1
293.75,4.258545204738311,1
293.76,4.721056154691357,1
293.77,3.817597311207772,1
293.78000000000003,4.724728829630645,1
293.79,4.068969500663284,1
293.8,4.077564493360628,1
293.81,5.37631285857557,1
293.82,3.7681069764679376,1
293.83,4.782497366926144,1
293.84000000000003,4.358183315971589,1
293.85,3.650422551024944,1
293.86,3.1253670205239743,1
293.87,3.277226537745487,1
293.88,4.690248128608195,1
293.89,5.166743503096617,1
293.90000000000003,4.129333466125764,1
293.91,4.101114660228185,1
293.92,4.5098523415681395,1
293.93,4.0781516188730285,1
293.94,4.718206312695453,1
293.95,4.232305336027304,1
293.96,4.101881447716265,1
293.97,3.552443352622773,1
293.98,3.359829959144652,1
293.99,1.911882054241039,1
294.0,4.675443624691336,1
294.01,3.9454037164973137,1
294.02,3.736934836183951,1
294.03000000000003,2.71789190391267,1
294.04,3.507749823673434,1
294.05,3.469772478744509,1
294.06,3.452514564942599,1
294.07,4.183104597549536,1
294.08,4.090304675663177,1
294.09000000000003,3.1221700759599553,1
294.1,3.105253332796878,1
294.11,3.1030461358897843,1
294.12,5.120904499626216,1
294.13,5.035775918478946,1
294.14,3.5091502946128825,1
294.15000000000003,2.6880774101426494,1
294.16,4.004363455728542,1
294.17,4.030717913445088,1
294.18,4.2074679891587605,1
294.19,4.493472919930515,1
294.2,4.322686974775365,1
294.21,3.2949829349949122,1
294.22,4.1484813445004765,1
294.23,4.5628943303568485,1
294.24,3.564020385634315,1
294.25,4.1684616623369415,1
294.26,3.651447569953778,1
294.27,5.274259548476734,1
294.28000000000003,3.2155717200670337,1
294.29,4.702947432281716,1
294.3,2.9581051644811853,1
294.31,5.100870792127267,1
294.32,3.3253821703303967,1
294.33,4.082587318021974,1
294.34000000000003,2.947887542392194,1
294.35,3.060966428480977,1
294.36,4.526142255586073,1
294.37,4.6986700032778135,1
294.38,4.19722320378511,1
294.39,4.492668627480332,1
294.40000000000003,4.70750769000275,1
294.41,3.598536708599207,1
294.42,3.0682255308521365,1
294.43,3.9352023782368666,1
294.44,3.62160730613787,1
294.45,4.229445303410411,1
294.46,4.369343544470429,1
294.47,3.5798858492963572,1
294.48,4.431639154126826,1
294.49,4.450322261665736,1
294.5,4.496328717383028,1
294.51,3.7651922252472443,1
294.52,4.4919476089809205,1
294.53000000000003,4.366909387759104,1
294.54,4.437384890992372,1
294.55,5.1148408769496605,1
294.56,4.279559834497397,1
294.57,3.6229589305578207,1
294.58,3.2568824939032113,1
294.59000000000003,4.687250578463495,1
294.6,4.273066597226138,1
294.61,5.099942600809726,1
294.62,2.7491643488059303,1
294.63,4.5158170268344175,1
294.64,3.8615155597427897,1
294.65000000000003,3.762316279405,1
294.66,3.489509512636232,1
294.67,4.553038282740101,1
294.68,4.431262327651966,1
294.69,3.2846652154512053,1
294.7,4.064085715520425,1
294.71,4.461992559226856,1
294.72,4.143217935306871,1
294.73,4.727391929324519,1
294.74,3.855458113289419,1
294.75,2.5286349758781665,1
294.76,4.032865856537651,1
294.77,4.119167178813292,1
294.78000000000003,4.209056837114949,1
294.79,4.730783490609389,1
294.8,2.777032336455119,1
294.81,3.7718870694131073,1
294.82,3.387666131910562,1
294.83,3.1794548855425813,1
294.84000000000003,3.9038576095143545,1
294.85,4.44959390412604,1
294.86,4.222238502409855,1
294.87,3.5672498620238473,1
294.88,3.879648807247423,1
294.89,4.596122657656422,1
294.90000000000003,4.479001386898862,1
294.91,3.6700868986490054,1
294.92,3.5795556918936073,1
294.93,2.861068734310753,1
294.94,3.6530496214762764,1
294.95,2.8529528766353334,1
294.96,5.2723518173137105,1
294.97,3.521515697382861,1
294.98,4.6908298203323024,1
294.99,5.22108972216685,1
295.0,4.2135431151544305,1
295.01,3.9479204424427556,1
295.02,3.138886372423025,1
295.03000000000003,3.6209340177185108,1
295.04,5.017954991049763,1
295.05,4.288980172604518,1
295.06,4.035731947897274,1
295.07,4.853487434524935,1
295.08,4.502982708109345,1
295.09000000000003,3.934234584003953,1
295.1,4.136367120772126,1
295.11,3.509839199241331,1
295.12,3.60657094121599,1
295.13,3.8425417344754207,1
295.14,4.3522558653924035,1
295.15000000000003,3.2118101501958565,1
295.16,4.00217554217403,1
295.17,3.7471766784821896,1
295.18,3.400281646281444,1
295.19,3.714547652320227,1
295.2,2.4766792288218866,1
295.21,3.417055293539526,1
295.22,3.251644403763384,1
295.23,3.7734810335884914,1
295.24,2.507215236131165,1
295.25,4.034289651566426,1
295.26,4.59211753715131,1
295.27,3.9594217707710584,1
295.28000000000003,4.32119591129184,1
295.29,3.6865973286469895,1
295.3,2.972512655948638,1
295.31,3.9394481375625143,1
295.32,4.437816072862141,1
295.33,3.1669676139303156,1
295.34000000000003,3.648165133908025,1
295.35,3.81855363431868,1
295.36,5.839189032600352,1
295.37,4.255281038591928,1
295.38,2.7789255673302806,1
295.39,2.529903554439253,1
295.40000000000003,4.385762998703405,1
295.41,5.635506455448608,1
295.42,3.9158260088833248,1
295.43,3.7738159441481542,1
295.44,4.265927710967636,1
295.45,3.4979978461541235,1
295.46,2.319158712224395,1
295.47,4.57215668221734,1
295.48,3.636479087407709,1
295.49,4.659535612356347,1
295.5,3.5458218803488197,1
295.51,4.051763135626388,1
295.52,4.557745498864729,1
295.53000000000003,4.7279394084029756,1
295.54,4.194846155846481,1
295.55,4.130581598579191,1
295.56,4.4099182030725155,1
295.57,4.325761721533017,1
295.58,3.1817903993715344,1
295.59000000000003,3.125543571938593,1
295.6,2.5791140213490413,1
295.61,4.412079418876689,1
295.62,3.7679638335109034,1
295.63,4.518245543502353,1
295.64,4.293033838110466,1
295.65000000000003,3.367178583942517,1
295.66,3.884026920308787,1
295.67,3.697939903228949,1
295.68,3.5865945661639813,1
295.69,4.569060583833342,1
295.7,5.663186672442975,1
295.71,4.824016431736185,1
295.72,4.03195091450793,1
295.73,4.819122146108481,1
295.74,5.160528148427217,1
295.75,3.166221223030729,1
295.76,4.744694496097804,1
295.77,4.54407364204971,1
295.78000000000003,4.803530452707013,1
295.79,4.575896269313193,1
295.8,3.886796604431671,1
295.81,5.3121931118564225,1
295.82,4.29907299367528,1
295.83,3.736140436954898,1
295.84000000000003,4.312461607959896,1
295.85,4.649666303615561,1
295.86,4.100463707105044,1
295.87,4.261106087427585,1
295.88,4.073001485908561,1
295.89,3.5761038475604994,1
295.90000000000003,3.441342734304528,1
295.91,3.056292752672474,1
295.92,4.928312902492057,1
295.93,3.910739196728338,1
295.94,1.7707344142796781,1
295.95,4.123526204383088,1
295.96,4.251259076020569,1
295.97,2.803992403952031,1
295.98,3.3881567904787415,1
295.99,3.394727717531575,1
296.0,3.4820789002530876,1
296.01,4.75580881700745,1
296.02,3.9487524665591183,1
296.03000000000003,3.7197227883682253,1
296.04,4.711422449504296,1
296.05,4.3640813019356255,1
296.06,2.892247791550613,1
296.07,3.533451602167803,1
296.08,4.180905417487485,1
296.09000000000003,3.4049193745586206,1
296.1,5.281129054868113,1
296.11,4.150106752437021,1
296.12,3.5201940294745913,1
296.13,3.242613302255631,1
296.14,4.556363544631991,1
296.15000000000003,3.6130302355274773,1
296.16,4.223287617950764,1
296.17,3.2662581674936035,1
296.18,4.001521849072832,1
296.19,3.5875101346164713,1
296.2,3.7706135834914334,1
296.21,3.4695867832917475,1
296.22,4.633631222895017,1
296.23,3.7194402821537187,1
296.24,3.890087236482421,1
296.25,3.931674168503857,1
296.26,5.041987972346551,1
296.27,4.640177259911715,1
296.28000000000003,4.551427197899316,1
296.29,3.0093071187678904,1
296.3,3.5146720467060346,1
296.31,4.74209055032014,1
296.32,3.2847916272637163,1
296.33,4.01159791943778,1
296.34000000000003,3.309523377100754,1
296.35,3.3325116459791104,1
296.36,5.050493080846389,1
296.37,4.529713196466425,1
296.38,4.66967262867364,1
296.39,4.548694515526449,1
296.40000000000003,3.9425473498014667,1
296.41,3.547824878563945,1
296.42,3.7119816938608685,1
296.43,3.858256345589564,1
296.44,5.144001197293808,1
296.45,3.201573338414704,1
296.46,3.5928628266548324,1
296.47,3.3832147117241274,1
296.48,4.648560597319193,1
296.49,5.241705116585505,1
296.5,4.27485183510266,1
296.51,4.270193501745245,1
296.52,4.075463268267602,1
296.53000000000003,4.288376827214885,1
296.54,4.518948058024263,1
296.55,4.307304768449773,1
296.56,4.3420964371036215,1
296.57,4.523637069707588,1
296.58,2.8776199196501215,1
296.59000000000003,3.9339606472062387,1
296.6,4.194066099643153,1
296.61,4.28165295095034,1
296.62,3.9060232240915993,1
296.63,4.098661619482177,1
296.64,3.5388235840489415,1
296.65000000000003,2.820758777463314,1
296.66,4.567133334976939,1
296.67,3.2980148693650593,1
296.68,3.85377378142053,1
296.69,3.50516943742603,1
296.7,5.000007723171985,1
296.71,4.008324667292813,1
296.72,3.7990663407262195,1
296.73,4.47318100312559,1
296.74,5.427573719492855,1
296.75,4.34887753104892,1
296.76,3.776051980712019,1
296.77,4.43853345692832,1
296.78000000000003,3.005912306366561,1
296.79,3.9704793862113648,1
296.8,5.291966205012768,1
296.81,4.179869049284719,1
296.82,4.080721405907235,1
296.83,4.018232869065115,1
296.84000000000003,3.7444975143027754,1
296.85,4.188720502052557,1
296.86,4.51434280044346,1
296.87,3.815566113405884,1
296.88,2.3728621439358317,1
296.89,4.204477843406409,1
296.90000000000003,5.396302612598918,1
296.91,3.839648864284913,1
296.92,3.0358455461529026,1
296.93,4.381675885050411,1
296.94,5.154349401505442,1
296.95,4.412733858892656,1
296.96,5.143799348292889,1
296.97,4.583583086115214,1
296.98,4.493640364547295,1
296.99,3.6935245853280243,1
297.0,4.1667917269714545,1
297.01,3.990885893859995,1
297.02,3.95809957329113,1
297.03000000000003,3.832770931231218,1
297.04,4.136350803965433,1
297.05,3.1670748996943967,1
297.06,4.476690886706052,1
297.07,3.4590949008210123,1
297.08,3.80516247914049,1
297.09000000000003,4.202786575438912,1
297.1,3.4105253606492023,1
297.11,2.688733367344681,1
297.12,3.672792230226023,1
297.13,3.05183005736476,1
297.14,4.405277754469895,1
297.15000000000003,3.275890159126231,1
297.16,4.920165327258868,1
297.17,4.051451325423957,1
297.18,4.041481009781172,1
297.19,2.717397925054582,1
297.2,4.01703494216482,1
297.21,3.9489990456467843,1
297.22,3.154053374616716,1
297.23,4.005865426679194,1
297.24,3.742167958267426,1
297.25,3.843871866300398,1
297.26,4.007425148439724,1
297.27,3.6945523691198443,1
297.28000000000003,4.141581335423409,1
297.29,3.952335177818979,1
297.3,4.303885977289097,1
297.31,3.6752137795291557,1
297.32,3.2895620668591103,1
297.33,3.49743930449021,1
297.34000000000003,4.905883827745355,1
297.35,4.674611782414666,1
297.36,4.827752209555907,1
297.37,4.8819270769184,1
297.38,3.7503549714981825,1
297.39,4.17695264428905,1
297.40000000000003,4.059823698872647,1
297.41,4.431517107744865,1
297.42,3.838270298954972,1
297.43,4.050620542204246,1
297.44,4.049929059117077,1
297.45,4.348342995000894,1
297.46,4.446348892532056,1
297.47,4.087557410651674,1
297.48,4.085702254266681,1
297.49,4.1517113097586344,1
297.5,5.077432899881808,1
297.51,2.9421733320268517,1
297.52,3.307374168248421,1
297.53000000000003,4.395545271992538,1
297.54,4.198776643222844,1
297.55,4.182406112043348,1
297.56,4.4440347670120035,1
297.57,4.165486869125178,1
297.58,3.647050551642206,1
297.59000000000003,4.386812604144416,1
297.6,4.036760952183495,1
297.61,3.7118046283011217,1
297.62,4.430634233481755,1
297.63,4.448247665502609,1
297.64,4.166241576118397,1
297.65000000000003,5.124091103864954,1
297.66,4.9283290568838085,1
297.67,4.705733689772128,1
297.68,5.707476288733617,1
297.69,4.007418882710034,1
297.7,3.6988692256101574,1
297.71,4.540160635660854,1
297.72,3.86849319307586,1
297.73,3.9998486387457852,1
297.74,3.360297506993629,1
297.75,4.355236066402761,1
297.76,3.0668820846270646,1
297.77,3.881441015775438,1
297.78000000000003,3.9829232139729402,1
297.79,3.71606077068835,1
297.8,2.8428318480642387,1
297.81,2.7856261798189457,1
297.82,3.4429993153053022,1
297.83,4.316331415084991,1
297.84000000000003,4.206442697967733,1
297.85,4.001722825345309,1
297.86,3.426156755290105,1
297.87,4.186905864577981,1
297.88,2.8439520832000884,1
297.89,2.3756864524638655,1
297.90000000000003,3.7448293289891006,1
297.91,3.6303958188204146,1
297.92,4.635198613387752,1
297.93,4.140616364678578,1
297.94,5.079481831707776,1
297.95,3.709071105192689,1
297.96,4.298376218723953,1
297.97,3.8542178693717557,1
297.98,4.8877528231946235,1
297.99,3.920871333036911,1
298.0,4.549616129830756,1
298.01,3.33378659181753,1
298.02,3.69062521427337,1
298.03000000000003,3.926907714552872,1
298.04,4.815356332548483,1
298.05,2.623322894830454,1
298.06,3.701570028408931,1
298.07,3.744311287874477,1
298.08,2.637058137736018,1
298.09000000000003,3.6171436551299783,1
298.1,2.977399189826208,1
298.11,2.4264420255507178,1
298.12,3.73539036573414,1
298.13,3.791975895616273,1
298.14,3.828585578906928,1
298.15000000000003,4.153776883680561,1
298.16,3.438648499890513,1
298.17,5.12827812802412,1
298.18,4.046094571507322,1
298.19,4.837438994583545,1
298.2,2.9602790869450564,1
298.21,3.3961497526926494,1
298.22,4.409069896125142,1
298.23,3.8775427337819757,1
298.24,3.2963427142143042,1
298.25,2.7648242652857022,1
298.26,4.401613221120542,1
298.27,4.446875196970691,1
298.28000000000003,4.184686019352861,1
298.29,3.689322870524825,1
298.3,3.259154343802752,1
298.31,3.9211733039871977,1
298.32,3.1418536161651547,1
298.33,3.460861710822989,1
298.34000000000003,4.785987586886019,1
298.35,2.8462834394666485,1
298.36,4.370376671571879,1
298.37,4.991700183246249,1
298.38,4.589114943649709,1
298.39,4.293718938453802,1
298.40000000000003,3.7168436555488626,1
298.41,3.56393975432161,1
298.42,2.5151840069839526,1
298.43,3.9349220457385434,1
298.44,3.7351100767187337,1
298.45,3.5312016755743136,1
298.46,3.9588429477503597,1
298.47,4.037997700912664,1
298.48,3.589911891253281,1
298.49,5.022008216580045,1
298.5,4.535356723453682,1
298.51,4.613652874952595,1
298.52,3.9697933363624704,1
298.53000000000003,4.329892141042337,1
298.54,3.438634457334667,1
298.55,4.398605893274769,1
298.56,3.891294025517357,1
298.57,3.330385142597796,1
298.58,3.9450514332852493,1
298.59000000000003,3.807209977637781,1
298.6,5.495707219633935,1
298.61,4.372238824122006,1
298.62,5.047300747408306,1
298.63,4.79684986466883,1
298.64,4.072324138591999,1
298.65000000000003,3.7164415859576616,1
298.66,2.8538771182417095,1
298.67,3.366139241874768,1
298.68,4.391981981368746,1
298.69,3.8274879798215036,1
298.7,4.233492384285424,1
298.71,2.696708258345031,1
298.72,4.216056056627884,1
298.73,4.724392335477247,1
298.74,2.891300162200487,1
298.75,4.174559427130867,1
298.76,4.88219773763436,1
298.77,5.143020712626126,1
298.78000000000003,3.741896471753804,1
298.79,4.490555171051263,1
298.8,4.957122330892372,1
298.81,4.317855204216476,1
298.82,4.852866848693857,1
298.83,4.027903932216589,1
298.84000000000003,4.257516665873939,1
298.85,3.6121329412823364,1
298.86,3.869930629810128,1
298.87,4.273603442762441,1
298.88,3.5644294247598007,1
298.89,3.828796454861865,1
298.90000000000003,4.483404655055027,1
298.91,5.360763018311676,1
298.92,2.7519107665143556,1
298.93,5.207574799960359,1
298.94,3.903842165225837,1
298.95,4.6202854940620295,1
298.96,4.790567681343051,1
298.97,5.06252485232929,1
298.98,3.591428762373862,1
298.99,3.8293231805349905,1
299.0,3.9549846904869943,1
299.01,3.765385658458512,1
299.02,4.841573431651865,1
299.03000000000003,4.0006463696973595,1
299.04,2.949878208229634,1
299.05,3.5262750019280142,1
299.06,2.9474648758476194,1
299.07,3.7886950784551288,1
299.08,4.423691400584788,1
299.09000000000003,3.600778075151514,1
299.1,3.7145472312245817,1
299.11,3.804597159095502,1
299.12,4.079593633351641,1
299.13,4.33962506284763,1
299.14,4.544148191504674,1
299.15000000000003,5.496093596184851,1
299.16,4.16989335040605,1
299.17,4.487597432050167,1
299.18,2.9992030760400126,1
299.19,3.6939272880379237,1
299.2,3.8061813295599713,1
299.21,3.3283075335172416,1
299.22,3.611930853536394,1
299.23,3.9069766552412766,1
299.24,3.666978394624354,1
299.25,5.668164035098455,1
299.26,4.432468911582694,1
299.27,5.324269607470827,1
299.28000000000003,5.047931466213873,1
299.29,3.648114493546757,1
299.3,4.003257188066277,1
299.31,3.71806863108851,1
299.32,3.878088827664336,1
299.33,3.3591469021196967,1
299.34000000000003,3.6750679122771412,1
299.35,4.213770331385488,1
299.36,4.228965452678589,1
299.37,4.178153559947542,1
299.38,3.971970459918606,1
299.39,4.556792827364696,1
299.40000000000003,3.8666306141859486,1
299.41,4.894877273510574,1
299.42,2.8549178625209928,1
299.43,4.357453075567713,1
299.44,4.338316498110988,1
299.45,3.5826206821451785,1
299.46,3.744473068507296,1
299.47,4.286238198824743,1
299.48,4.611459592117213,1
299.49,2.9015852335268892,1
299.5,4.341719347351151,1
299.51,3.7235658248918466,1
299.52,4.713534526683824,1
299.53000000000003,2.8494370748715054,1
299.54,5.517546972486799,1
299.55,3.5160995804003994,1
299.56,4.898766183183179,1
299.57,4.0090369871525695,1
299.58,3.469367543742869,1
299.59000000000003,4.1401756930675155,1
299.6,4.676136918410994,1
299.61,3.0331283971852256,1
299.62,4.397198856808155,1
299.63,4.015930168971904,1
299.64,4.3753587135062135,1
299.65000000000003,4.029642652334722,1
299.66,3.630733503755154,1
299.67,3.2556174252710495,1
299.68,4.391768663992624,1
299.69,4.45645150263292,1
299.7,4.457088493996423,1
299.71,4.304862178511193,1
299.72,4.631239703163742,1
299.73,4.950172829720734,1
299.74,2.8395361572830513,1
299.75,2.410946204292766,1
299.76,5.019310745506164,1
299.77,3.1910488493415947,1
299.78000000000003,3.2466768450704775,1
299.79,3.7681881201346656,1
299.8,2.912946652565739,1
299.81,3.687192304875513,1
299.82,3.366073348021442,1
299.83,3.8105660905469847,1
299.84000000000003,4.170203104091192,1
299.85,3.7873146418383694,1
299.86,3.731569594006425,1
299.87,4.1512893163130276,1
299.88,4.6866441046195675,1
299.89,5.081248312523789,1
299.90000000000003,3.9230809539431033,1
299.91,5.179425760603966,1
299.92,4.639598316396622,1
299.93,3.239013153437699,1
299.94,3.1360323671646206,1
299.95,3.573600874904113,1
299.96,4.911716931105265,1
299.97,3.7294013894001474,1
299.98,2.7559482011662038,1
299.99,3.776850192267237,1
