time_s,current_nA,label
0.0,0.273192784156178,0
0.01,-0.005275863968543538,0
0.02,0.3436969458851652,0
0.03,0.8971326326833975,0
0.04,0.09977202465965973,0
0.05,-0.0995169728719596,0
0.06,0.8163757912108247,0
0.07,0.6130909798184868,0
0.08,-0.09638546719488947,0
0.09,0.2652317998754349,0
0.1,-0.18004003735889024,0
0.11,-0.29254683928068764,0
0.12,0.056239792613298575,0
0.13,-1.0042636646089471,0
0.14,-1.1690375012622034,0
0.15,-0.5910469767610202,0
0.16,-0.6864372608331012,0
0.17,-0.00352641844843273,0
0.18,-0.48365885843366285,0
0.19,-0.8721962144808616,0
0.2,0.5633228802399136,0
0.21,0.021501659402350777,0
0.22,0.042283740545603125,0
0.23,-0.7471680505991347,0
0.24,-0.4756629824872765,0
0.25,-0.0587711526178718,0
0.26,-0.6265205768566507,0
0.27,0.04460150613113431,0
0.28,-0.30750923802217045,0
0.29,-0.23097045646395725,0
0.3,-0.3768861170870515,0
0.31,0.8935106857157991,0
0.32,0.21756119529511844,0
0.33,-0.507464333425759,0
0.34,0.31262413181286103,0
0.35000000000000003,-0.5704877012596792,0
0.36,-0.029853803805959228,0
0.37,-1.0494734816321123,0
0.38,-0.9680484893532988,0
0.39,-0.13550845811502002,0
0.4,0.3610928721420369,0
0.41000000000000003,0.18328579947949858,0
0.42,-0.013969988446679307,0
0.43,-0.16200306688946797,0
0.44,-0.8259856297781434,0
0.45,-0.5879162330323842,0
0.46,-0.3903204565905888,0
0.47000000000000003,0.4673820639310581,0
0.48,0.30188412985404883,0
0.49,-0.8613177469378938,0
0.5,-0.040608727828250646,0
0.51,-0.2130450671779445,0
0.52,-0.4115266751583686,0
0.53,0.2251192865859244,0
0.54,0.6076275661259006,0
0.55,0.6501929450212888,0
0.56,-0.2819756420984394,0
0.5700000000000001,-0.23272898459938957,0
0.58,0.12070099978005484,0
0.59,0.5522035851408309,0
0.6,-0.11456765047083615,0
0.61,-0.12491084774267769,0
0.62,-0.6177466327629914,0
0.63,-0.7887729974690576,0
0.64,0.2382335660018265,0
0.65,0.784574564726495,0
0.66,0.16060871905717722,0
0.67,0.5774241835307888,0
0.68,0.33983776123925075,0
0.6900000000000001,-0.2556493477507517,0
0.7000000000000001,0.13152614057756012,0
0.71,0.8549651504010137,0
0.72,0.19773004547394885,0
0.73,0.885770130008403,0
0.74,-1.1705118011945295,0
0.75,0.14825864290651652,0
0.76,0.08665725402440975,0
0.77,-0.13428827046051847,0
0.78,0.018615528278158825,0
0.79,-1.0504324032075982,0
0.8,-0.3761845791949511,0
0.81,0.09957780186332936,0
0.8200000000000001,0.8154163857753941,0
0.8300000000000001,-0.06860933262775554,0
0.84,-0.4441275430113312,0
0.85,-0.3746166877350724,0
0.86,0.3974905670899068,0
0.87,0.27814745175058453,0
0.88,-0.2088334415027834,0
0.89,0.2249126646548237,0
0.9,0.11175581118300806,0
0.91,0.5476493348641295,0
0.92,-0.23304045352864552,0
0.93,-0.22879415332498715,0
0.9400000000000001,-0.2620099609351953,0
0.9500000000000001,-0.8408333711188749,0
0.96,-0.04842912548311257,0
0.97,0.1310409694277533,0
0.98,0.03965284730288516,0
0.99,-0.11080080522896044,0
1.0,-0.7771806840268656,0
1.01,-0.41400696270895787,0
1.02,-0.28167025385322203,0
1.03,-0.4932770440656103,0
1.04,-0.2047857888281634,0
1.05,0.16844103164055488,0
1.06,1.0510792117765664,0
1.07,0.3602895609597964,0
1.08,0.23182034391764797,0
1.09,0.022945692636693767,0
1.1,-1.0113987559190958,0
1.11,-0.26224883352561934,0
1.12,-0.028724699374027662,0
1.1300000000000001,1.3093871557043282,0
1.1400000000000001,0.22975534922516508,0
1.1500000000000001,0.22291333347251793,0
1.16,0.042175383726478895,0
1.17,-0.6068436980741014,0
1.18,0.461899493084652,0
1.19,0.5209650877310434,0
1.2,0.5565954031950527,0
1.21,-0.3399878538549328,0
1.22,0.6672269010682732,0
1.23,-0.5744994575276479,0
1.24,0.17416843412341648,0
1.25,1.2153504527469556,0
1.26,-0.218301895738847,0
1.27,-0.3507506302279118,0
1.28,-0.029179110529287414,0
1.29,-0.26993024300701857,0
1.3,-0.8877400282331458,0
1.31,-0.17985504035948705,0
1.32,-0.6050677638350148,0
1.33,0.10659018956599117,0
1.34,-0.4572833868555468,0
1.35,0.71681099753628,0
1.36,-0.23212765107983307,0
1.37,-0.22371909874838963,0
1.3800000000000001,0.38316105306645104,0
1.3900000000000001,-0.5537817051908073,0
1.4000000000000001,-0.01136603074405806,0
1.41,0.6992493568301303,0
1.42,-0.6751954087299014,0
1.43,-0.06439879738829879,0
1.44,0.12841541240615037,0
1.45,0.45461278200089733,0
1.46,-0.5388635421689755,0
1.47,-0.8316601098470324,0
1.48,0.07632499507548354,0
1.49,0.18356615011574484,0
1.5,0.185660250066199,0
1.51,0.23732572535401236,0
1.52,-0.2963485417974583,0
1.53,0.05609561193574019,0
1.54,0.17663713029875905,0
1.55,-0.3296738444693127,0
1.56,0.9177986539588624,0
1.57,0.4884512087531007,0
1.58,-0.5055870883739869,0
1.59,0.22999464493429236,0
1.6,-0.45475780916291814,0
1.61,0.3122989837410445,0
1.62,0.70194818983014,0
1.6300000000000001,-0.25463234795422857,0
1.6400000000000001,0.4563387884600495,0
1.6500000000000001,0.3409125704635843,0
1.6600000000000001,0.5300539469790437,0
1.67,1.1497146882731053,0
1.68,0.1638853387807635,0
1.69,-0.3532429077053913,0
1.7,-0.5547893517457457,0
1.71,-0.565883587016587,0
1.72,-0.1752264968026212,0
1.73,0.14521491086640814,0
1.74,0.1910397376154769,0
1.75,0.4956948760803749,0
1.76,0.13832073895700156,0
1.77,0.8161536319196925,0
1.78,0.07065701392183962,0
1.79,1.473850115515666,0
1.8,0.7092947388366861,0
1.81,-0.2714582642415839,0
1.82,-0.6304255851722124,0
1.83,0.10709640586513182,0
1.84,-0.08441613703815724,0
1.85,0.36698024028686926,0
1.86,0.3516569367794095,0
1.87,0.05706875911128892,0
1.8800000000000001,-0.42869949035329086,0
1.8900000000000001,-0.9058612631455956,0
1.9000000000000001,-0.45618485214372345,0
1.9100000000000001,0.350123998081799,0
1.92,0.20969345642489942,0
1.93,-0.6027840987733964,0
1.94,-0.050236486264059715,0
1.95,0.20091284504864573,0
1.96,-0.4121378034098532,0
1.97,-0.012808933652316718,0
1.98,0.03619973790366827,0
1.99,-0.5911759216045195,0
2.0,0.05122874953845566,0
2.0100000000000002,0.3199753457819192,0
2.02,0.665329699396169,0
2.0300000000000002,0.7361343512204982,0
2.04,-0.5409663429839123,0
2.05,-0.6259666397731224,0
2.06,0.12652483881358903,0
2.07,0.3140246861801913,0
2.08,0.3616138479327813,0
2.09,2.1509875645122882,0
2.1,0.8506773967399465,0
2.11,0.8263515211251516,0
2.12,0.7236231713364994,0
2.13,0.5368326062575638,0
2.14,-0.024603511548648635,0
2.15,0.407149538211469,0
2.16,-0.3006043994591154,0
2.17,-0.1920582224950046,0
2.18,-0.29723834210415584,0
2.19,-0.021417063808217875,0
2.2,1.2366168458047877,0
2.21,-0.6758540599579731,0
2.22,0.20591265320259317,0
2.23,-0.7978891065352256,0
2.24,-0.44128963587564374,0
2.25,0.47912736128525507,0
2.2600000000000002,0.16360070698989132,0
2.27,-0.5234071152852404,0
2.2800000000000002,-0.5021041850429313,0
2.29,0.24609794241355137,0
2.3000000000000003,-0.3176649510093187,0
2.31,0.04565434480608159,0
2.32,0.04552320723882565,0
2.33,-0.3257360662827263,0
2.34,1.0702172062311404,0
2.35,0.6151062534480515,0
2.36,-0.9146731733696288,0
2.37,-0.11932256693882667,0
2.38,-0.3721607559398348,0
2.39,0.3710472956201484,0
2.4,-0.31910441622193125,0
2.41,-0.13065610437402747,0
2.42,0.24652291062873052,0
2.43,0.5329815158011086,0
2.44,-0.49560682400645656,0
2.45,-0.29164526457662615,0
2.46,-0.31540406038195185,0
2.47,-0.41629725038903387,0
2.48,0.8466090435450616,0
2.49,0.43787831781655245,0
2.5,-0.5513942621593596,0
2.5100000000000002,0.3615887212276591,0
2.52,1.2312057790116915,0
2.5300000000000002,0.8683534706521132,0
2.54,-0.5812594974681142,0
2.5500000000000003,-0.3923742132515061,0
2.56,0.5874358109491503,0
2.57,-0.2191031727162929,0
2.58,0.19251267264781516,0
2.59,0.47162927972207463,0
2.6,-0.3646923821467816,0
2.61,-0.11180682555223542,0
2.62,-1.7429328672993443,0
2.63,-0.9701056781220782,0
2.64,-0.36583562470054987,0
2.65,-0.7447129564500878,0
2.66,0.6944148850005042,0
2.67,-0.5766780934420127,0
2.68,-0.36714768654993774,0
2.69,-0.010759746978620439,0
2.7,0.7762842431849893,0
2.71,-0.5590884948127358,0
2.72,0.49118331518068614,0
2.73,0.13981726719800847,0
2.74,-0.4761194400890684,0
2.75,0.138712853612035,0
2.7600000000000002,0.1523830354919601,0
2.77,-0.2698001558858317,0
2.7800000000000002,-0.01849508587461033,0
2.79,-0.19799176622835105,0
2.8000000000000003,0.022821279966694124,0
2.81,0.3702226301163327,0
2.82,0.9491170405353726,0
2.83,-0.4099073213692839,0
2.84,1.04547447015893,0
2.85,-0.7661087775223844,0
2.86,-0.26023784494914254,0
2.87,0.2604025866194403,0
2.88,0.22694329272904643,0
2.89,-0.26262685336018815,0
2.9,-0.1642002380011994,0
2.91,-0.291259357323018,0
2.92,-0.37429911041613495,0
2.93,0.3712836205449144,0
2.94,0.295401740433751,0
2.95,-0.28264865352656526,0
2.96,0.42094826156565673,0
2.97,0.2814688428125073,0
2.98,0.5158710168941254,0
2.99,0.47693553144355094,0
3.0,-0.30952475900762344,0
3.0100000000000002,-0.36294478819934156,0
3.02,0.32001862668316616,0
3.0300000000000002,0.41788511634540665,0
3.04,0.10621938007121863,0
3.0500000000000003,0.10195687521372149,0
3.06,0.718853959918933,0
3.0700000000000003,-0.12231377839238058,0
3.08,0.2738176259327197,0
3.09,-0.02613072408454524,0
3.1,-0.10932388772490179,0
3.11,0.5709802090396618,0
3.12,0.5955242591084229,0
3.13,0.5953616446212329,0
3.14,0.8573540119379577,0
3.15,0.23886607125388454,0
3.16,0.4362648809425175,0
3.17,-0.042735248570211784,0
3.18,0.1754147955099878,0
3.19,-0.011941343399461367,0
3.2,0.06222125085343568,0
3.21,0.34609230606200364,0
3.22,-0.33557122545410983,0
3.23,1.0440562103847681,0
3.24,-0.2610044099134098,0
3.25,-0.698085981487597,0
3.2600000000000002,0.4560187229133655,0
3.27,0.5494404307054555,0
3.2800000000000002,0.48361546450211806,0
3.29,0.46945163887295244,0
3.3000000000000003,0.12481482097253445,0
3.31,-0.43260000892128697,0
3.3200000000000003,-0.05372349476102456,0
3.33,-0.3599433387838555,0
3.34,0.44344182270815125,0
3.35,0.04673136147586733,0
3.36,-0.41369727136439843,0
3.37,-0.2603053131254763,0
3.38,0.16913455990060364,0
3.39,-0.243567117809341,0
3.4,-0.4843586112504824,0
3.41,0.02311890874194713,0
3.42,0.1507116526075958,0
3.43,-0.2177665184790516,0
3.44,-0.2907233981893993,0
3.45,0.06549868071160793,0
3.46,-0.7401344091968787,0
3.47,-0.9198687499510434,0
3.48,-0.5978331152620402,0
3.49,-0.24835344076476354,0
3.5,0.11829587060692849,0
3.5100000000000002,0.8301101467425648,0
3.52,0.6791605694238418,0
3.5300000000000002,0.0995583656586929,0
3.54,0.029745947842276833,0
3.5500000000000003,-0.511420509564801,0
3.56,-0.12264680437648433,0
3.5700000000000003,-0.16927334190781784,0
3.58,0.1446919351532064,0
3.59,-0.38916332221321503,0
3.6,0.19451479472363756,0
3.61,0.8801434776560222,0
3.62,0.17743661834529303,0
3.63,0.27364616371396333,0
3.64,0.4513409025294733,0
3.65,-0.08538340570214051,0
3.66,0.1134786912075325,0
3.67,0.05060498193684604,0
3.68,0.08023862386823592,0
3.69,-0.3759818527999956,0
3.7,-0.06528751356059867,0
3.71,0.2645771628354434,0
3.72,0.8546687688366873,0
3.73,0.7402940884423375,0
3.74,1.3475423908449167,0
3.75,-0.055888612815938224,0
3.7600000000000002,0.4664766719583588,0
3.77,0.23020459739494875,0
3.7800000000000002,1.239689652317065,0
3.79,-0.10449156658616422,0
3.8000000000000003,-0.4572290443164579,0
3.81,-0.4173876793236243,0
3.8200000000000003,-1.2192369326261034,0
3.83,-0.5685910805422001,0
3.84,-0.5301694597469987,0
3.85,-0.03616723050297928,0
3.86,0.18928239412769995,0
3.87,1.0628167032866516,0
3.88,0.788249365867828,0
3.89,-0.09370617966515453,0
3.9,-0.48536904802046094,0
3.91,0.15715891198201773,0
3.92,-0.647202096033616,0
3.93,0.8301365461851098,0
3.94,0.852290265466327,0
3.95,-0.020075309139495522,0
3.96,-0.9005766645452892,0
3.97,0.5126290999993609,0
3.98,0.08399126674470211,0
3.99,0.6970510117577638,0
4.0,-0.6579117594206444,0
4.01,-0.466709959522122,0
4.0200000000000005,-0.09688682524503343,0
4.03,0.017837247340392715,0
4.04,-0.21813434434486606,0
4.05,0.294279906260474,0
4.0600000000000005,-0.4778096042531202,0
4.07,-0.1780666875265708,0
4.08,0.03679470134105482,0
4.09,0.30044709038655726,0
4.1,0.4714052799813216,0
4.11,-0.4636847600690509,0
4.12,-0.9154736682834848,0
4.13,0.4689987105826165,0
4.14,0.3117197191036785,0
4.15,-0.303122482039291,0
4.16,0.7678473372953493,0
4.17,0.27118945354742524,0
4.18,0.7134833270474036,0
4.19,0.23203737432880234,0
4.2,1.1731826280086237,0
4.21,1.2458707954875718,0
4.22,0.1967217342486416,0
4.23,0.5844542583631488,0
4.24,0.5077189370707702,0
4.25,0.8737360526054255,0
4.26,-0.27741801420128653,0
4.2700000000000005,0.31403760891250887,0
4.28,0.6602451238268786,0
4.29,-0.7534001473731384,0
4.3,-0.8003057280050381,0
4.3100000000000005,-1.2678263854319607,0
4.32,-0.44217038801294656,0
4.33,0.2898706006067691,0
4.34,0.8908642057335873,0
4.3500000000000005,0.2805545010108166,0
4.36,0.9558559574236797,0
4.37,-0.4775245825313112,0
4.38,-1.007986387663113,0
4.39,-0.2630299867792481,0
4.4,0.15736042329359828,0
4.41,0.040560373884660224,0
4.42,-1.07217242252872,0
4.43,-0.2967876456158383,0
4.44,-0.7501160127450431,0
4.45,0.1878938630248242,0
4.46,0.2610404083480044,0
4.47,-0.4163766976277972,0
4.48,-0.35882231292453554,0
4.49,-0.6348081795702663,0
4.5,-0.17307317392608915,0
4.51,0.48442812046335065,0
4.5200000000000005,-0.3847355017473114,0
4.53,0.19137173192845652,0
4.54,-0.21536303662866224,0
4.55,-0.4568567873222194,0
4.5600000000000005,-0.15195317308741885,0
4.57,-0.5699910378977314,0
4.58,-0.41799348422958776,0
4.59,-0.7230267232831257,0
4.6000000000000005,0.8849542094509395,0
4.61,0.2594849873146034,0
4.62,-0.288248101382928,0
4.63,0.061440701112850216,0
4.64,-0.024865811769472772,0
4.65,-0.10425612858875903,0
4.66,0.32067753614864275,0
4.67,0.5032868435975336,0
4.68,-0.1369291435849365,0
4.69,-0.32107433726575363,0
4.7,-0.2069001132939866,0
4.71,-1.2576941699326292,0
4.72,-1.1013894613284207,0
4.73,0.4725297211587002,0
4.74,1.0141458051492944,0
4.75,0.14096787337620323,0
4.76,0.3623724644898428,0
4.7700000000000005,0.2764801233504054,0
4.78,1.7289095350687829,0
4.79,1.0486592328372295,0
4.8,0.21430469462902757,0
4.8100000000000005,-0.43498053115262963,0
4.82,-0.9438904232514731,0
4.83,-0.10723540668673492,0
4.84,-0.4091648977336353,0
4.8500000000000005,-0.8392223404688978,0
4.86,-0.5336176477224083,0
4.87,-0.6888143419087944,0
4.88,0.7468528992847373,0
4.89,0.6768532910416879,0
4.9,0.18564515399043413,0
4.91,0.8552528823836034,0
4.92,0.2757754840525216,0
4.93,-0.36891769501508487,0
4.94,0.7397320524740478,0
4.95,0.4928075378621929,0
4.96,-0.40824059014506264,0
4.97,-0.18245290161240932,0
4.98,-0.4908998153368582,0
4.99,-0.8380618747225154,0
5.0,0.30480097133604184,0
5.01,1.1141677775695678,0
5.0200000000000005,-0.44506693467270986,0
5.03,0.2097534565424949,0
5.04,-0.2727908148966536,0
5.05,-0.3063065783689249,0
5.0600000000000005,-0.37070308085544396,0
5.07,-0.5313954499606531,0
5.08,-0.08558192421848386,0
5.09,-0.44243657936155584,0
5.1000000000000005,0.054929364752577814,0
5.11,0.008531133543467715,0
5.12,-0.10352148601935571,0
5.13,-0.487554376674277,0
5.14,-0.4073624173295626,0
5.15,0.32215065455386427,0
5.16,0.36905414922440993,0
5.17,-0.40651699553405696,0
5.18,-0.026887637997313144,0
5.19,0.41530345366240334,0
5.2,-0.763264365473347,0
5.21,0.12051080266034361,0
5.22,-0.3007327287523952,0
5.23,0.2507323432747449,0
5.24,-0.32168605868288436,0
5.25,-1.0194499685164529,0
5.26,-1.0994097504892424,0
5.2700000000000005,-0.22702753694391428,0
5.28,0.10381404088935875,0
5.29,-0.4333258141916291,0
5.3,0.25408420345788924,0
5.3100000000000005,-0.7989126316981208,0
5.32,-0.2124921625843012,0
5.33,-0.6755644335086187,0
5.34,-0.49350785795478364,0
5.3500000000000005,-0.07558502172861617,0
5.36,-0.45450463719436995,0
5.37,-0.2957819504339924,0
5.38,0.4846159840752961,0
5.39,-0.16334457834860025,0
5.4,0.4269575247138462,0
5.41,-0.4720695681915017,0
5.42,0.1869632447521169,0
5.43,0.8373096435922646,0
5.44,-1.0839860048836596,0
5.45,-0.6724054561154384,0
5.46,0.16221720662127828,0
5.47,-0.044525658025109716,0
5.48,0.20960719898869862,0
5.49,-0.24610970379786748,0
5.5,0.007758063111708121,0
5.51,-0.05774921474251386,0
5.5200000000000005,0.6307041376545021,0
5.53,0.3164619611710937,0
5.54,0.2822401548130325,0
5.55,-0.1253981009388886,0
5.5600000000000005,-0.2675946773850614,0
5.57,-0.2737873234885221,0
5.58,0.16511811205698415,0
5.59,-0.1593627687367729,0
5.6000000000000005,0.13806285474327262,0
5.61,1.1633694137509794,0
5.62,0.7784180938393819,0
5.63,0.044698137051001625,0
5.64,0.6746173234639311,0
5.65,-0.024864639248292776,0
5.66,-1.0677522527427006,0
5.67,-0.7799010871012533,0
5.68,-1.1673179655772843,0
5.69,-0.45506148350033027,0
5.7,-0.07995418382624739,0
5.71,0.8968175352125822,0
5.72,0.4223903361471526,0
5.73,0.013045878955251416,0
5.74,0.46911760920145523,0
5.75,-1.0360181204937016,0
5.76,-0.10928018227293756,0
5.7700000000000005,0.40748552470683097,0
5.78,-0.6611937343991081,0
5.79,0.4681663933142288,0
5.8,0.3217197832879558,0
5.8100000000000005,-0.11626716238872228,0
5.82,0.33241155701208813,0
5.83,1.3168679027959083,0
5.84,0.45064966382971294,0
5.8500000000000005,0.269472506674554,0
5.86,-0.1525924564840761,0
5.87,-0.4660135161198053,0
5.88,0.3504277016801395,0
5.89,-0.3434984616628084,0
5.9,-0.022932313927582278,0
5.91,-0.2352303631668886,0
5.92,0.22117951566958263,0
5.93,0.2579365392778277,0
5.94,0.6420068811926181,0
5.95,-0.08606242605860667,0
5.96,-0.14015462208097662,0
5.97,-0.5311445642703301,0
5.98,-0.34422637449024795,0
5.99,0.14007211022056154,0
6.0,0.46338535781954915,0
6.01,-0.34995359879490884,0
6.0200000000000005,0.40093426264779125,0
6.03,0.8475266695656679,0
6.04,0.45745983974408383,0
6.05,1.139275655346646,0
6.0600000000000005,-0.10175892670401304,0
6.07,-0.6627287259223335,0
6.08,-1.0873385803789648,0
6.09,0.5504776884601209,0
6.1000000000000005,0.5117495318217968,0
6.11,0.12403523792679969,0
6.12,0.20584189839960665,0
6.13,-0.5221208493471788,0
6.140000000000001,1.1977413352975192,0
6.15,0.3941139437381938,0
6.16,0.1826901201215307,0
6.17,0.45811513578756635,0
6.18,0.39667072671249237,0
6.19,0.2444226606417591,0
6.2,-0.3337797031211784,0
6.21,0.19373994194464575,0
6.22,1.0768319146957637,0
6.23,1.0118853919319353,0
6.24,1.1276344332552135,0
6.25,0.03594461126874972,0
6.26,-0.49169567089094673,0
6.2700000000000005,-0.16355106166258343,0
6.28,0.015187761511500926,0
6.29,0.6129337249315346,0
6.3,-0.7215810800139683,0
6.3100000000000005,0.660667844461586,0
6.32,0.1075871194013304,0
6.33,-0.1738262824185916,0
6.34,-0.5557904422560692,0
6.3500000000000005,-0.9935285088503014,0
6.36,0.21671493871506864,0
6.37,0.11999407487684605,0
6.38,-0.6301389476268341,0
6.390000000000001,-0.820356462990092,0
6.4,-0.3570117875766307,0
6.41,0.8264954651365108,0
6.42,0.09535919084635328,0
6.43,-0.7496187190667866,0
6.44,-0.29121231412074955,0
6.45,-0.19093761764678574,0
6.46,-1.4567799743996486,0
6.47,-0.3659262399324646,0
6.48,-0.1872384938154252,0
6.49,0.35120976308735175,0
6.5,1.099742792218025,0
6.51,0.9022185130038706,0
6.5200000000000005,0.10975034058069241,0
6.53,-0.5343968809903318,0
6.54,1.2642761540233403,0
6.55,0.3751167361909306,0
6.5600000000000005,0.12874994072821794,0
6.57,0.04693406301815281,0
6.58,0.14485577557957346,0
6.59,-0.012986798233774494,0
6.6000000000000005,-0.28102455065369203,0
6.61,-0.33371931040474895,0
6.62,-0.07307253059123425,0
6.63,-0.27982029640702444,0
6.640000000000001,-0.421688801530012,0
6.65,-0.020821519149540946,0
6.66,-0.1130258058924205,0
6.67,0.8006777690455903,0
6.68,-1.1835192488560033,0
6.69,0.31347316171491296,0
6.7,0.7700807398791772,0
6.71,-0.8834638459671872,0
6.72,-0.37514884085540934,0
6.73,-0.2633411648426785,0
6.74,-0.7870923918748214,0
6.75,-0.5826543893120693,0
6.76,-0.7087098143517071,0
6.7700000000000005,0.7843838176760398,0
6.78,0.7228342409216416,0
6.79,0.8863540469768784,0
6.8,0.6344429492777567,0
6.8100000000000005,-0.4140694094501468,0
6.82,-0.3542221690469666,0
6.83,0.2007153500649615,0
6.84,-0.5719445344735258,0
6.8500000000000005,0.26545435855749977,0
6.86,-0.03283342161786685,0
6.87,-0.1789879100673372,0
6.88,0.362730954958164,0
6.890000000000001,0.3561763005888352,0
6.9,-0.07423442649692569,0
6.91,0.6278150063707583,0
6.92,-0.38971988497432763,0
6.93,0.25964904936688943,0
6.94,0.40987215701558477,0
6.95,-0.03322278243867901,0
6.96,0.1945661389279489,0
6.97,-0.5883850230527825,0
6.98,0.37425709283813896,0
6.99,0.024414749063817867,0
7.0,-0.24290640837832989,0
7.01,0.5273070041085222,0
7.0200000000000005,-0.21382087085015322,0
7.03,-0.7740293252978305,0
7.04,-0.9929451232484924,0
7.05,0.10404833106402844,0
7.0600000000000005,-0.6262577375187038,0
7.07,0.8075700626321732,0
7.08,-0.8771224799320687,0
7.09,0.7138687538122843,0
7.1000000000000005,0.3206089469555943,0
7.11,0.05845752442262116,0
7.12,-0.2457249007174987,0
7.13,0.1810130171815034,0
7.140000000000001,0.055142543013233264,0
7.15,0.6313047089639292,0
7.16,0.24866927230699673,0
7.17,0.17226202063922835,0
7.18,-0.12047621023825444,0
7.19,-0.030309148114000053,0
7.2,0.1865143062029742,0
7.21,-0.8338791390435039,0
7.22,-0.8961679722361895,0
7.23,0.2020711735003647,0
7.24,0.17184936369083137,0
7.25,-0.024634717510291608,0
7.26,0.034079418894082766,0
7.2700000000000005,0.2240815603530449,0
7.28,-0.2009176105804809,0
7.29,-0.4341602184031467,0
7.3,0.026339110456572085,0
7.3100000000000005,-0.4838076921557877,0
7.32,0.12712333449580812,0
7.33,-0.8441977900628574,0
7.34,0.3677600586071428,0
7.3500000000000005,0.37440350129909894,0
7.36,0.26077520084635786,0
7.37,0.6193816127081933,0
7.38,1.0726802306163115,0
7.390000000000001,0.8393096545344194,0
7.4,-0.7395103381906541,0
7.41,-0.8352640114956251,0
7.42,-0.5104797698137644,0
7.43,-0.08261065462039421,0
7.44,0.2861746313947946,0
7.45,-0.28374408588064937,0
7.46,0.05976099301422902,0
7.47,-0.35604988241851687,0
7.48,-0.38334861723687824,0
7.49,-0.8135743692999023,0
7.5,-0.6636477270125084,0
7.51,-0.8542907774158144,0
7.5200000000000005,-0.7017780430699732,0
7.53,0.41717907869112586,0
7.54,-0.3697306227796414,0
7.55,1.341007130429484,0
7.5600000000000005,0.6296052861324288,0
7.57,0.28751811391208415,0
7.58,-0.35350047154473624,0
7.59,0.3163309795411838,0
7.6000000000000005,-0.1956575538410647,0
7.61,0.047907924662774534,0
7.62,1.407200603788815,0
7.63,0.3325740069933229,0
7.640000000000001,0.7271418141940431,0
7.65,-0.16067029088627804,0
7.66,-0.026749058855838045,0
7.67,0.9684181924284692,0
7.68,-0.059645070118917475,0
7.69,0.9824544641873473,0
7.7,0.6547301376670436,0
7.71,-0.10359649897848267,0
7.72,0.34317522145281054,0
7.73,0.6360488756774076,0
7.74,0.5225241194793764,0
7.75,-0.6731521046208064,0
7.76,-0.52305674789865,0
7.7700000000000005,-0.23007854288444218,0
7.78,-0.06461942374649737,0
7.79,0.3469541201935389,0
7.8,0.21399039201785497,0
7.8100000000000005,-0.6249598813096465,0
7.82,0.07892976401955601,0
7.83,0.37763241895736094,0
7.84,0.4252983716114062,0
7.8500000000000005,0.7147010953396387,0
7.86,0.6556314592390285,0
7.87,0.44134125967157384,0
7.88,0.10591399251549341,0
7.890000000000001,-0.8250567421688995,0
7.9,0.05554812768046636,0
7.91,0.15755406320511506,0
7.92,0.2171203699261013,0
7.930000000000001,-0.5924863864645411,0
7.94,-0.6906346499509457,0
7.95,0.4214104537791261,0
7.96,0.1175567584995096,0
7.97,0.4256214761604996,0
7.98,0.15483557841330853,0
7.99,0.0879452663687502,0
8.0,0.5550861581424721,0
8.01,-0.10256927715061398,0
8.02,0.05905703845644246,0
8.03,-0.19786146502163807,0
8.040000000000001,-0.24725728366837527,0
8.05,-0.1928262660775559,0
8.06,0.10376105423487766,0
8.07,-0.1952962036079968,0
8.08,0.6536647917865706,0
8.09,-0.2791987441208586,0
8.1,-0.13548002047637164,0
8.11,-0.23416643533563838,0
8.120000000000001,0.7459413447524079,0
8.13,0.3251143931374598,0
8.14,0.6647692956374335,0
8.15,-0.5908833065760792,0
8.16,0.02857083901093843,0
8.17,0.5150208451042535,0
8.18,0.20673315711120868,0
8.19,0.6532883357664482,0
8.2,-0.07791259651130467,0
8.21,0.7653290160928204,0
8.22,1.4498968715191258,0
8.23,0.20361071838764203,0
8.24,-0.15194190729958415,0
8.25,0.7704345005223701,0
8.26,1.0682683517251303,0
8.27,0.023148023339965386,0
8.28,-0.1834145964434743,0
8.290000000000001,-0.16131084443713226,0
8.3,-0.7216515629265655,0
8.31,-0.6349436664451313,0
8.32,-0.6587521560476176,0
8.33,-0.5388028636971733,0
8.34,-0.1183668934876574,0
8.35,0.12998094297494656,0
8.36,0.8930767393616279,0
8.370000000000001,-0.27346377768323,0
8.38,0.49078642062404815,0
8.39,0.04374634927328037,0
8.4,0.01964206204177164,0
8.41,0.3993625958071362,0
8.42,-0.4629211249034887,0
8.43,0.12308389562823038,0
8.44,0.1546204414453394,0
8.45,0.3361508321081928,0
8.46,0.2733185504960308,0
8.47,1.411192039941226,0
8.48,0.048547903414585036,0
8.49,-0.23522845074391552,0
8.5,-0.3552019820186859,0
8.51,-0.3491219696393411,0
8.52,-0.39118168659201513,0
8.53,0.5709678784378408,0
8.540000000000001,0.934820862886948,0
8.55,-0.03458668843036316,0
8.56,-0.4162145056883342,0
8.57,0.18272279041247988,0
8.58,-0.21262626987185798,0
8.59,0.319713366399904,0
8.6,0.2238436532555326,0
8.61,-0.715334341619559,0
8.620000000000001,0.6811994705285676,0
8.63,1.1626401974914842,0
8.64,0.0003409136117841424,0
8.65,-0.17032690774023873,0
8.66,0.14574442664657192,0
8.67,0.2506790582647971,0
8.68,0.4495408737243091,0
8.69,1.219103168111825,0
8.700000000000001,0.24679856791817237,0
8.71,-0.32712819757399075,0
8.72,-0.7799844117195317,0
8.73,-0.5478682566479535,0
8.74,-0.1181943840087217,0
8.75,0.9625707382659947,0
8.76,0.0014906486422814405,0
8.77,0.1560819473617131,0
8.78,0.0668491479904801,0
8.790000000000001,0.6861880851257035,0
8.8,1.5538821479806235,0
8.81,0.142458954432778,0
8.82,-0.1882941774062417,0
8.83,0.5457537921972231,0
8.84,0.5363846591726261,0
8.85,1.1543878956292855,0
8.86,0.6364544183511167,0
8.870000000000001,0.004713104334490355,0
8.88,0.35269801721489213,0
8.89,0.7156134980141919,0
8.9,0.6528943721875498,0
8.91,0.470460264901794,0
8.92,0.7227923221902084,0
8.93,0.8405646111463493,0
8.94,0.9834049654948543,0
8.950000000000001,0.6285676027399099,0
8.96,0.10544115952170827,0
8.97,0.14182602502804562,0
8.98,0.7153405487073186,0
8.99,-0.21879633568510504,0
9.0,0.17908796493895937,0
9.01,-0.12719925576136887,0
9.02,0.021043320328666945,0
9.03,0.7236569438358927,0
9.040000000000001,0.32029667399502115,0
9.05,0.14245868898362907,0
9.06,-0.6508612174384395,0
9.07,0.27242633842769787,0
9.08,0.44962493362839695,0
9.09,1.3022307834068143,0
9.1,0.19951013129593653,0
9.11,0.20447791673431878,0
9.120000000000001,0.22186011998604271,0
9.13,0.9334894170511914,0
9.14,0.2206390206776334,0
9.15,0.24180334888169996,0
9.16,0.4222718482841927,0
9.17,0.24307850948281307,0
9.18,-0.13879747470276976,0
9.19,0.10687479553842094,0
9.200000000000001,0.6367197044244475,0
9.21,-0.3491814369351282,0
9.22,0.021849727838718684,0
9.23,-0.3290026289484359,0
9.24,0.5925675399605265,0
9.25,-0.6245551240493643,0
9.26,-0.41529084077240275,0
9.27,0.13558924736700165,0
9.28,0.9061671754257091,0
9.290000000000001,0.2301404983674566,0
9.3,-0.1994753060345983,0
9.31,0.9906062415452381,0
9.32,-0.4847343120909994,0
9.33,-1.2533528400273255,0
9.34,-0.04020288196123957,0
9.35,-0.23856032706061747,0
9.36,-0.5645907700027121,0
9.370000000000001,0.2750085953795243,0
9.38,0.23755593982453507,0
9.39,-0.20199163781006757,0
9.4,-0.6932541948514753,0
9.41,0.3303913560784777,0
9.42,0.4679832841726779,0
9.43,0.10335136633616132,0
9.44,1.0484470019488605,0
9.450000000000001,-0.2684963763181219,0
9.46,-0.8402305286465707,0
9.47,-0.5391938704716662,0
9.48,-0.11970572274168818,0
9.49,0.13906902478217914,0
9.5,-0.054251086442118575,0
9.51,0.21340719087253643,0
9.52,-0.5736092343610055,0
9.53,0.6650206608998148,0
9.540000000000001,0.16211395186081237,0
9.55,0.6751747334016162,0
9.56,0.3909935604030391,0
9.57,0.3807118063972566,0
9.58,0.43836501106826875,0
9.59,0.3878174167812042,0
9.6,0.47907211120237225,0
9.61,0.86747346617661,0
9.620000000000001,0.361447379194319,0
9.63,0.5078955281604829,0
9.64,0.11919032599651536,0
9.65,0.8367542029013056,0
9.66,-0.11093103742452087,0
9.67,0.9714541863515317,0
9.68,0.2616403974292963,0
9.69,-0.6563260328012903,0
9.700000000000001,-0.05561980101193024,0
9.71,-0.33630773957827914,0
9.72,0.40391614904364476,0
9.73,-0.2062058246747349,0
9.74,-0.24875987321037735,0
9.75,-1.027997387578218,0
9.76,-0.457389262949196,0
9.77,-1.3646297094441975,0
9.78,-1.1440831951759405,0
9.790000000000001,0.15952459149962442,0
9.8,0.4989847628539355,0
9.81,0.391994230160344,0
9.82,-0.37623383939680044,0
9.83,-0.07871045687584022,0
9.84,0.01919941454918988,0
9.85,-0.5712350999777525,0
9.86,0.6986783010643849,0
9.870000000000001,0.6828099428008899,0
9.88,0.09398484316405957,0
9.89,0.0788069255013252,0
9.9,0.17170546534714376,0
9.91,-1.003297302300413,0
9.92,-0.3413434653156749,0
9.93,-0.4073654962756492,0
9.94,-0.5940488322274012,0
9.950000000000001,-0.2569780837816057,0
9.96,0.9343562368310493,0
9.97,0.6161692843039491,0
9.98,-0.10878231896995325,0
9.99,0.31911263539365414,0
10.0,0.8664113578433327,0
10.01,0.7504694179330494,0
10.02,0.2608786343477837,0
10.03,-0.23775152944352734,0
10.040000000000001,0.3539754520757622,0
10.05,0.33966292554289546,0
10.06,0.6033012798098888,0
10.07,0.53077970059286,0
10.08,0.7333611196348337,0
10.09,-0.05990951620824435,0
10.1,0.7284025212747148,0
10.11,0.32918992124008034,0
10.120000000000001,1.2293468722290675,0
10.13,-0.017740797133046077,0
10.14,0.9620052649446109,0
10.15,0.3879137377606088,0
10.16,-0.20786728878588834,0
10.17,-0.26755643296141973,0
10.18,-0.19534936841400505,0
10.19,0.21922124155807285,0
10.200000000000001,0.3754482145156644,0
10.21,-0.16939949146904218,0
10.22,-0.013026340363029985,0
10.23,1.17991031820632,0
10.24,1.2573269437270826,0
10.25,0.5891005374836655,0
10.26,0.209963688349094,0
10.27,0.1589014668925693,0
10.28,0.4089741934722493,0
10.290000000000001,-0.39986133981121874,0
10.3,-0.194419982832037,0
10.31,-0.8945380964357826,0
10.32,0.031651758011603574,0
10.33,0.3952927148255363,0
10.34,-0.11572624504156738,0
10.35,0.852075415699406,0
10.36,-0.39690169697298777,0
10.370000000000001,-0.8361745721324162,0
10.38,-0.046593903532070664,0
10.39,0.5889286822759983,0
10.4,1.0869825954437584,0
10.41,0.07041244764142424,0
10.42,0.6351166443956354,0
10.43,0.1813892293982533,0
10.44,-0.0034264540499050894,0
10.450000000000001,0.5129189347161418,0
10.46,0.5188493101252724,0
10.47,-0.6664981742275041,0
10.48,0.6629981538581913,0
10.49,0.944048888880372,0
10.5,-0.053730698324254436,0
10.51,0.24077701419192984,0
10.52,0.36675221415653675,0
10.53,0.2740146181964627,0
10.540000000000001,-0.1810055019059063,0
10.55,-0.359327650488523,0
10.56,-0.05981444296376261,0
10.57,0.6532308858269428,0
10.58,0.49649802937162507,0
10.59,-0.029497511224097113,0
10.6,0.4473645908888846,0
10.61,-1.3612867967377718,0
10.620000000000001,0.3152968415239229,0
10.63,-0.8037352228582328,0
10.64,-0.35000791301012757,0
10.65,-0.639788125371526,0
10.66,-0.8053939739432464,0
10.67,0.46088820008615217,0
10.68,-0.08975072991273889,0
10.69,0.20622142739663404,0
10.700000000000001,0.07074109750449963,0
10.71,0.31593791480966055,0
10.72,0.1641454398889645,0
10.73,-0.5979125846860588,0
10.74,0.4253975862794533,0
10.75,-0.11222581962012391,0
10.76,-0.8125846029666386,0
10.77,-0.3866870630411217,0
10.78,0.7470201077469281,0
10.790000000000001,0.6840514359651704,0
10.8,0.0299056618416415,0
10.81,-0.13391432977927056,0
10.82,-0.16012035944102515,0
10.83,1.1105904730041967,0
10.84,0.5257597538344008,0
10.85,0.4052092305029846,0
10.86,0.6947604038490195,0
10.870000000000001,0.3456885175926563,0
10.88,-0.006653257772850724,0
10.89,-0.06131395785624044,0
10.9,-0.008507234505691227,0
10.91,0.02304136208967531,0
10.92,0.438277883855203,0
10.93,0.18230053838923618,0
10.94,0.4808386826339177,0
10.950000000000001,0.12237101026049052,0
10.96,0.11765336425700679,0
10.97,-0.9894754390820149,0
10.98,0.28587016291829126,0
10.99,0.3012859502224222,0
11.0,0.652136925103544,0
11.01,-1.333945009673033,0
11.02,0.824064340091116,0
11.03,0.177136021867327,0
11.040000000000001,0.6799254954316756,0
11.05,-0.33827124115923823,0
11.06,0.2873285554419029,0
11.07,-0.44353728134342796,0
11.08,-0.39741303069752565,0
11.09,0.9656248153138326,0
11.1,0.1855888484270368,0
11.11,0.20795435650222532,0
11.120000000000001,0.5611355146221967,0
11.13,0.4500958943683391,0
11.14,0.23851002131437896,0
11.15,0.2999034945150318,0
11.16,1.4008394164021118,0
11.17,0.3655246425707127,0
11.18,0.24451101138553155,0
11.19,0.6667144344709078,0
11.200000000000001,0.8015250036039064,0
11.21,0.8786702754244569,0
11.22,0.6060061679862051,0
11.23,-0.41095788498669883,0
11.24,0.8133899290183126,0
11.25,-0.36081355136818827,0
11.26,0.11730755282033938,0
11.27,-0.325966018554473,0
11.28,-0.06922325569314713,0
11.290000000000001,0.2042345508655194,0
11.3,0.26869409762441476,0
11.31,0.3384012250771173,0
11.32,0.9905370280441053,0
11.33,0.5357744958902942,0
11.34,0.050577468881021215,0
11.35,0.5727491689408424,0
11.36,0.8233552303452663,0
11.370000000000001,-0.40113398105495734,0
11.38,0.26466324265854446,0
11.39,0.48641371295769986,0
11.4,0.010027669886627587,0
11.41,0.7820450678843176,0
11.42,0.16256575939597018,0
11.43,0.15451823464784514,0
11.44,-0.006495840788015156,0
11.450000000000001,0.053752394445105024,0
11.46,-0.5232485061386624,0
11.47,-0.850532937856359,0
11.48,0.6836923447092723,0
11.49,-0.23287966747144312,0
11.5,-0.5388987751563254,0
11.51,-1.2341697933693068,0
11.52,-0.6014626444393396,0
11.53,-0.8075696610460448,0
11.540000000000001,0.7199648362068193,0
11.55,0.765219183312579,0
11.56,-0.12765622589829856,0
11.57,1.2151290270473756,0
11.58,0.8741870903234303,0
11.59,0.0931811954237153,0
11.6,-1.260069255274324,0
11.61,0.952685678477935,0
11.620000000000001,-0.4540910299413854,0
11.63,-0.941983307788652,0
11.64,0.3568695443609936,0
11.65,1.4363204453988079,0
11.66,1.1441415073393395,0
11.67,0.6342625922443323,0
11.68,0.5232573971711677,0
11.69,0.6332906643163432,0
11.700000000000001,0.6105196967068793,0
11.71,0.3504534394932792,0
11.72,0.1912216377615361,0
11.73,0.06262821901545318,0
11.74,-0.33766145575091655,0
11.75,-0.18565222543344484,0
11.76,-0.899701357126243,0
11.77,-0.22898553554122997,0
11.78,-0.5353585405660899,0
11.790000000000001,-0.6731540959366382,0
11.8,-0.024064561319468686,0
11.81,0.7837363608622774,0
11.82,0.7334705593013008,0
11.83,-0.6044404224214235,0
11.84,-0.6295448691605314,0
11.85,0.39222287954452895,0
11.86,-0.37649985248279705,0
11.870000000000001,-0.16505822999924702,0
11.88,0.30038757723153253,0
11.89,-0.39181237597361296,0
11.9,0.006969536655098932,0
11.91,-0.6598284907477212,0
11.92,-0.4363236929767204,0
11.93,0.11013528564861363,0
11.94,-0.7718321736379522,0
11.950000000000001,0.09060770241000056,0
11.96,0.06122971912061738,0
11.97,0.3586015638632816,0
11.98,0.2580044917801207,0
11.99,0.840104027094504,0
12.0,0.3259007035562791,0
12.01,-0.09797201491719308,0
12.02,0.08989923430500626,0
12.030000000000001,0.36110277548364034,0
12.040000000000001,0.16563615684994154,0
12.05,0.11240441046303218,0
12.06,-0.2963172176279747,0
12.07,-0.37764231585616315,0
12.08,-0.7918541139029438,0
12.09,0.7832789314013331,0
12.1,-0.41701191905599355,0
12.11,-0.42364200826511833,0
12.120000000000001,-0.43884221754130925,0
12.13,0.4165516903423884,0
12.14,-0.0032116147598133526,0
12.15,0.7134232755525679,0
12.16,-0.1305040259896394,0
12.17,0.16578386121988764,0
12.18,-0.35353208066192554,0
12.19,1.103896106389039,0
12.200000000000001,-0.30651425645826413,0
12.21,0.13834956179123598,0
12.22,0.42212157502966663,0
12.23,0.3759566473308603,0
12.24,0.045418600774519466,0
12.25,-0.007639832223051771,0
12.26,0.07159876734507448,0
12.27,-0.01016852037859764,0
12.280000000000001,0.5610109159958764,0
12.290000000000001,1.3677254795674507,0
12.3,0.09537671872517962,0
12.31,-0.6552568570926682,0
12.32,-0.1604223127788184,0
12.33,1.3841235893416448,0
12.34,-0.03147308859855995,0
12.35,0.9155380575939435,0
12.36,1.1728760785034529,0
12.370000000000001,0.04900848163943833,0
12.38,0.3658882134933406,0
12.39,1.0093210303129614,0
12.4,0.10113968792980989,0
12.41,-0.032382631065569836,0
12.42,-0.26707722067173706,0
12.43,-0.5563411483259921,0
12.44,-0.43398876174828543,0
12.450000000000001,-0.7093909719843188,0
12.46,-0.10826177137540503,0
12.47,-0.38613016264556366,0
12.48,0.07897763020710243,0
12.49,-0.7577760686948758,0
12.5,0.03784788554587795,0
12.51,0.5044698036965019,0
12.52,-0.8844548911631055,0
12.530000000000001,0.0292844267809447,0
12.540000000000001,0.7123356881571853,0
12.55,-0.4148171416033952,0
12.56,0.8383125189238626,0
12.57,0.4840713620059763,0
12.58,-0.20303720824534394,0
12.59,-0.029031986967543874,0
12.6,0.34153477279359057,0
12.61,0.1773609801260451,0
12.620000000000001,0.3827862231603288,0
12.63,-0.3430174117112237,0
12.64,0.05605107490838464,0
12.65,-0.6871874714205193,0
12.66,-0.17933848199411218,0
12.67,-0.4744694204738851,0
12.68,-0.45854744322241386,0
12.69,0.5954294336403667,0
12.700000000000001,0.7818592223514516,0
12.71,0.5717307389069296,0
12.72,-0.3868462576232124,0
12.73,-0.21325651757323652,0
12.74,0.6446944106123346,0
12.75,0.2886717575173574,0
12.76,1.3593590913548397,0
12.77,0.6013994713985148,0
12.780000000000001,0.3047644695835609,0
12.790000000000001,-0.03624502127816716,0
12.8,0.11427081098950802,0
12.81,-0.00037345851483461256,0
12.82,0.42929138851615867,0
12.83,0.6691300143455317,0
12.84,-0.19891752069841467,0
12.85,-0.706253229760601,0
12.86,-1.1019652251854934,0
12.870000000000001,0.0475115760518148,0
12.88,-0.5231865486189123,0
12.89,-1.2247320535901849,0
12.9,-0.04665910124447642,0
12.91,1.3685748579009076,0
12.92,0.3915778323114917,0
12.93,0.5971248839045546,0
12.94,0.2456002663121535,0
12.950000000000001,0.061517333137298826,0
12.96,0.5576368606599663,0
12.97,0.037682182295942196,0
12.98,0.20470818582631511,0
12.99,0.27542170143971456,0
13.0,-0.23395959801803634,0
13.01,0.5228116612810516,0
13.02,0.0905721697618369,0
13.030000000000001,-0.3267389816706496,0
13.040000000000001,0.2571419104422547,0
13.05,-0.36102670139385906,0
13.06,-0.022058185033895755,0
13.07,0.042857666446167085,0
13.08,0.6422577995901497,0
13.09,0.4666610853673009,0
13.1,0.1566779919291953,0
13.11,0.5280366407162997,0
13.120000000000001,0.925758754022963,0
13.13,0.5819457641123675,0
13.14,0.2044893372055278,0
13.15,-0.5939495806442985,0
13.16,-0.662133555371814,0
13.17,-0.2744746309097964,0
13.18,-0.3395664221313177,0
13.19,-0.13078418680288906,0
13.200000000000001,0.05118552279168234,0
13.21,0.34862717411703587,0
13.22,0.10340171684424697,0
13.23,0.3387549352912945,0
13.24,0.17288611924861347,0
13.25,-0.954884253001022,0
13.26,-0.6850132912990069,0
13.27,-0.19401086089008668,0
13.280000000000001,-0.6386963928013011,0
13.290000000000001,0.21385764062740978,0
13.3,0.9227288852365383,0
13.31,0.933838763752853,0
13.32,0.17395396753668818,0
13.33,0.8915499384258591,0
13.34,0.35629259184109074,0
13.35,-0.03616539489154906,0
13.36,-0.2813911132199245,0
13.370000000000001,-0.17707764604824783,0
13.38,-0.19660421406352102,0
13.39,0.09602172937764386,0
13.4,0.1639739904894242,0
13.41,0.09710997757832748,0
13.42,0.3114939212155585,0
13.43,0.7665031032681898,0
13.44,0.7519024300146583,0
13.450000000000001,-0.5481421243783584,0
13.46,-1.442408670741598,0
13.47,0.19167293208200392,0
13.48,-0.6252388990551005,0
13.49,-0.22121426705598163,0
13.5,-0.6236019670420465,0
13.51,-1.0606535069119447,0
13.52,0.07808662885824871,0
13.530000000000001,0.4787375621439702,0
13.540000000000001,-0.13235163823547968,0
13.55,-1.3578961037303645,0
13.56,-0.5753183798495846,0
13.57,0.11990686448925665,0
13.58,-0.702471760579048,0
13.59,-0.02281135308957319,0
13.6,0.04134206114377636,0
13.61,0.37406352056563197,0
13.620000000000001,0.21246846540370073,0
13.63,-0.4097675919212317,0
13.64,0.5901202507680859,0
13.65,0.11849009615243286,0
13.66,0.07050142065659301,0
13.67,-0.42391626371370766,0
13.68,-0.2865491463064973,0
13.69,-0.48729567067729185,0
13.700000000000001,-0.15835668808703735,0
13.71,0.9275598319560471,0
13.72,-0.44305487150748907,0
13.73,-0.9143642848957059,0
13.74,0.6105734684459688,0
13.75,0.09692252022716161,0
13.76,-0.276285946528783,0
13.77,0.5405394148642251,0
13.780000000000001,-0.13151488717224497,0
13.790000000000001,0.9954344120310452,0
13.8,0.6658134683227985,0
13.81,-0.03740437451353909,0
13.82,1.1955005373484093,0
13.83,0.032356436672809935,0
13.84,0.4593636199255223,0
13.85,0.3303440998948486,0
13.86,0.8319652075893663,0
13.870000000000001,1.0957438525504435,0
13.88,0.34720889468337396,0
13.89,-0.25815299502867456,0
13.9,0.23671616009120616,0
13.91,-0.24538849584842048,0
13.92,1.0672289437457707,0
13.93,0.39593027185176466,0
13.94,-0.039114166583258,0
13.950000000000001,0.14505676020080774,0
13.96,-0.6246047814238633,0
13.97,-0.617010005574631,0
13.98,0.5416067049279557,0
13.99,-0.1577844733121243,0
14.0,-0.5402932534948817,0
14.01,0.20741963147898237,0
14.02,0.7400272030451144,0
14.030000000000001,0.6246544546160978,0
14.040000000000001,0.7434103881771477,0
14.05,-0.16031452225360812,0
14.06,-0.7403533672761509,0
14.07,0.6713507805326292,0
14.08,0.05296198698481297,0
14.09,-0.06333767978907275,0
14.1,0.7485115238811239,0
14.11,0.5404122960838523,0
14.120000000000001,0.4349882593412904,0
14.13,1.3188324748063245,0
14.14,0.04419396243676309,0
14.15,0.5623745081903211,0
14.16,0.22821011566699229,0
14.17,0.25737887075262256,0
14.18,0.9356359643267588,0
14.19,0.5617138920134499,0
14.200000000000001,0.4844910478787496,0
14.21,0.7497081129071674,0
14.22,0.050550743689164235,0
14.23,-0.37676066155425986,0
14.24,-0.5930410531040307,0
14.25,-1.1378311480759833,0
14.26,0.8681645741392816,0
14.27,-0.31280006774528624,0
14.280000000000001,-0.13833286015720248,0
14.290000000000001,-0.12426713619887098,0
14.3,0.19040341176163184,0
14.31,0.5398113357560209,0
14.32,0.6510233401233878,0
14.33,-0.08987898184647032,0
14.34,-0.053557128167962334,0
14.35,0.19504166216982993,0
14.36,-0.025692846268943026,0
14.370000000000001,0.9075647619625629,0
14.38,0.5464088309393879,0
14.39,0.586043019028199,0
14.4,0.5576472009595964,0
14.41,0.822493085164645,0
14.42,0.36022506165870594,0
14.43,-0.5423146812684809,0
14.44,0.1355432465793715,0
14.450000000000001,-0.25467438504736106,0
14.46,-0.28682904257170977,0
14.47,0.29893503213393624,0
14.48,0.792582149683517,0
14.49,0.26792869792560436,0
14.5,0.28993815722510874,0
14.51,1.037501686242482,0
14.52,0.4461489362791946,0
14.530000000000001,1.5556252752189401,0
14.540000000000001,0.7486964933643754,0
14.55,-0.6918214749828868,0
14.56,0.28693431991357965,0
14.57,0.33345876501467026,0
14.58,0.8289845355170932,0
14.59,0.6245561541742355,0
14.6,0.14125974919433754,0
14.61,-0.5577774431728313,0
14.620000000000001,-0.19183093452910593,0
14.63,-0.44192802780805507,0
14.64,-0.36063327393519085,0
14.65,0.2823144234450973,0
14.66,1.0189316685569554,0
14.67,0.5240156103680271,0
14.68,-0.446703645781283,0
14.69,0.1842690269635254,0
14.700000000000001,0.7425300853120835,0
14.71,-0.07984786040482882,0
14.72,-0.03204429127472204,0
14.73,0.05913348196137981,0
14.74,-0.34384401201817877,0
14.75,0.3186657828056589,0
14.76,0.07468794150533743,0
14.77,0.3015544333928225,0
14.780000000000001,-0.33772957729837083,0
14.790000000000001,-0.25785570506172734,0
14.8,0.3798041999882258,0
14.81,-0.04398514041373472,0
14.82,0.9683193268382689,0
14.83,0.0889420017571392,0
14.84,0.2016064852460911,0
14.85,0.6067934716404849,0
14.86,-0.5438409998712903,0
14.870000000000001,-1.0138266932230562,0
14.88,-1.006060218873312,0
14.89,0.4807535010964028,0
14.9,-0.11376155732117825,0
14.91,1.3938606533587865,0
14.92,0.10798917745845787,0
14.93,0.18531895949067168,0
14.94,0.9276350475189897,0
14.950000000000001,1.3603371730269695,0
14.96,1.4980566919021157,0
14.97,1.078196732117986,0
14.98,0.8751193577889428,0
14.99,0.5945779444564195,0
15.0,0.623441617614465,0
15.01,-0.07733714250557892,0
15.02,-0.3946899520739478,0
15.030000000000001,-0.040069672641349155,0
15.040000000000001,-0.04021111277248317,0
15.05,-0.190941295818032,0
15.06,0.383622647692217,0
15.07,0.6651822084381454,0
15.08,0.2739539603811741,0
15.09,0.9159396440899685,0
15.1,-0.3183546546744783,0
15.11,-0.12203334182801419,0
15.120000000000001,-0.3515199504086058,0
15.13,-1.0211192481326015,0
15.14,-0.2385172892154241,0
15.15,-0.06363557645987766,0
15.16,0.8509206366149284,0
15.17,0.6095595101359107,0
15.18,-0.3320900945079107,0
15.19,0.9653182713398681,0
15.200000000000001,0.9525798623275352,0
15.21,0.6091749769311839,0
15.22,0.09276109655242727,0
15.23,-0.4266311796129524,0
15.24,-0.24372168325346616,0
15.25,0.5800514743744447,0
15.26,1.2098419394276996,0
15.27,1.1855480853716973,0
15.280000000000001,0.0973491445430364,0
15.290000000000001,-0.5105712061126245,0
15.3,0.008746849762871156,0
15.31,-0.8781712098164459,0
15.32,0.013989224876783488,0
15.33,-0.013636902138836046,0
15.34,-0.19008518957131365,0
15.35,-0.8352164402586285,0
15.36,0.12628191967636676,0
15.370000000000001,-0.19050009435828388,0
15.38,-0.6090000707456713,0
15.39,-1.6201484454594117,0
15.4,-0.3579719697272291,0
15.41,0.9160466364956731,0
15.42,1.175479382900639,0
15.43,0.11227413120836933,0
15.44,-0.23077102795336799,0
15.450000000000001,0.25384102532050407,0
15.46,-0.4062847467075136,0
15.47,0.12110942511010317,0
15.48,0.5002432709099294,0
15.49,0.840482537324166,0
15.5,0.2188570155915651,0
15.51,0.008358131143553563,0
15.52,-0.4033244295906341,0
15.530000000000001,-0.47899598202910415,0
15.540000000000001,-0.17814361068077883,0
15.55,0.21334786562597158,0
15.56,0.602136971206798,0
15.57,-0.21486749039688638,0
15.58,0.8035469914173485,0
15.59,0.11889382374760558,0
15.6,0.08076984663511418,0
15.610000000000001,-0.31526356093172225,0
15.620000000000001,-1.3073134108266466,0
15.63,0.2064879848514799,0
15.64,0.5065836044572049,0
15.65,0.03943060320385694,0
15.66,0.10816933253833066,0
15.67,0.3644701242358536,0
15.68,-0.6782859473054722,0
15.69,-0.38856825016742447,0
15.700000000000001,0.38860945944300296,0
15.71,-0.5079881130155007,0
15.72,0.0921808912019059,0
15.73,-0.6364991973574277,0
15.74,0.15218390842515878,0
15.75,0.08201910585206247,0
15.76,-0.7766211664639655,0
15.77,0.48913317926642313,0
15.780000000000001,-0.2058537037505862,0
15.790000000000001,-0.4198573784763226,0
15.8,0.06497492336562899,0
15.81,0.6910977716305281,0
15.82,-0.3049871431071466,0
15.83,0.01983428802602026,0
15.84,0.2965879123459927,0
15.85,0.5065546377576197,0
15.860000000000001,0.2839395748795106,0
15.870000000000001,-0.061095732706368214,0
15.88,-0.39258520699821603,0
15.89,0.01117303554424233,0
15.9,-0.5046788094768158,0
15.91,-1.6183769800513501,0
15.92,-0.10856106099155106,0
15.93,0.5178215743891977,0
15.94,-1.0652696352139188,0
15.950000000000001,-0.7403798955243417,0
15.96,0.20831610185222232,0
15.97,1.211492394926309,0
15.98,0.3777060143248187,0
15.99,-0.22946622374220443,0
16.0,-0.09093594992055032,0
16.01,0.773300435657612,0
16.02,-0.08677432991693435,0
16.03,-0.38335733309939213,0
16.04,-0.288948231281955,0
16.05,-0.5159142001546215,0
16.06,0.0003864950877342094,0
16.07,0.9293687557889998,0
16.080000000000002,0.4685017813758886,0
16.09,0.04688167085162971,0
16.1,-0.07950116907983051,0
16.11,-0.788116420695562,0
16.12,0.33750578243888874,0
16.13,0.10720804488851757,0
16.14,-0.004992448824807608,0
16.15,1.7635463381474035,0
16.16,0.6643700512164147,0
16.17,-0.16984089428330512,0
16.18,-0.20505409319720466,0
16.19,0.6248155717469323,0
16.2,0.28105043921045375,0
16.21,-0.6311102539461769,0
16.22,0.396339739989115,0
16.23,-0.19209506743999621,0
16.240000000000002,1.0142382161999648,0
16.25,0.8934228363532448,0
16.26,0.04987539940101843,0
16.27,0.7594241992892019,0
16.28,0.29079520336390846,0
16.29,0.5916691777590264,0
16.3,0.47092761027272156,0
16.31,-0.268075148143926,0
16.32,-0.34478942780511257,0
16.330000000000002,0.5272699746242453,0
16.34,0.018549390577517602,0
16.35,-0.14527351447772047,0
16.36,-0.4798740259577724,0
16.37,0.17072825685832138,0
16.38,1.2061991319476417,0
16.39,-0.20176458396912955,0
16.4,0.027675627328763525,0
16.41,0.8242296896714423,0
16.42,0.22893373354784008,0
16.43,0.36346003332013577,0
16.44,-0.40953973708321467,0
16.45,0.1910954066905049,0
16.46,0.013539178506076333,0
16.47,0.5937814593563372,0
16.48,0.8462654674125624,0
16.490000000000002,1.656129885607436,0
16.5,0.7882717147903875,0
16.51,0.4361645681225603,0
16.52,0.2781907069265107,0
16.53,-0.05285828803352843,0
16.54,0.23274194569528928,0
16.55,-0.03338979008711403,0
16.56,0.14713474252310232,0
16.57,0.8042559585436123,0
16.580000000000002,-0.26911577993676605,0
16.59,0.6056204960592383,0
16.6,0.9187236208624867,0
16.61,0.23274797148335302,0
16.62,-1.0057983804940698,0
16.63,-0.5091247860231083,0
16.64,0.6294598237873146,0
16.65,0.21126699337008012,0
16.66,-0.41323247064957835,0
16.67,-0.30596982109425286,0
16.68,0.43735032311586575,0
16.69,0.46670976360145516,0
16.7,0.05568927431943911,0
16.71,-0.1151387351607562,0
16.72,-0.17108956752015209,0
16.73,-0.46763391522365266,0
16.740000000000002,0.8097245755903666,0
16.75,0.09720700202734445,0
16.76,0.7389386013189674,0
16.77,1.0613803116972815,0
16.78,0.8635062862195653,0
16.79,0.05258325896149514,0
16.8,0.2947401920116015,0
16.81,0.12742810245801497,0
16.82,-0.382733799342233,0
16.830000000000002,0.14374568277905664,0
16.84,-0.525213238260152,0
16.85,0.5679424671486472,0
16.86,-0.03864063859952503,0
16.87,0.16429737571311043,0
16.88,0.2588021574923831,0
16.89,-0.006274325715944079,0
16.9,0.37780176748604966,0
16.91,-0.09148315151925643,0
16.92,0.5081291002216805,0
16.93,-0.522711833975221,0
16.94,0.0036951347570065157,0
16.95,1.1005773078701124,0
16.96,-0.19042772741280065,0
16.97,-0.3413563684785729,0
16.98,0.25554257258317775,0
16.990000000000002,0.22676091194210043,0
17.0,0.3106887456440632,0
17.01,0.4054911893089831,0
17.02,0.5067279378352142,0
17.03,0.7850138013913548,0
17.04,0.48190785234264055,0
17.05,0.05944425411512638,0
17.06,0.44050966744200654,0
17.07,1.1893947990868945,0
17.080000000000002,0.2942638372569573,0
17.09,-0.37782402019185085,0
17.1,0.5627185217030863,0
17.11,0.14422140373042786,0
17.12,-1.0532848182983077,0
17.13,0.2556774128329423,0
17.14,-0.15341115529843613,0
17.150000000000002,-0.018780496537356445,0
17.16,0.23991438744806806,0
17.17,0.2292785144040649,0
17.18,0.5030136560560756,0
17.19,-0.03823864211577553,0
17.2,0.33164081833625236,0
17.21,0.012679830385009902,0
17.22,0.4646337083312155,0
17.23,0.5119182116631857,0
17.240000000000002,-0.3020857941762315,0
17.25,0.5709247212748486,0
17.26,-0.0745320230289375,0
17.27,0.47987616353464857,0
17.28,0.3837861351158162,0
17.29,1.1431014499485825,0
17.3,0.2350629525686059,0
17.31,-0.05893296270601797,0
17.32,0.043283616887270046,0
17.330000000000002,-0.08224084447890935,0
17.34,0.4738628478163417,0
17.35,-0.673817107647641,0
17.36,-0.6610841255095693,0
17.37,-0.6653869044290636,0
17.38,0.4082859377246525,0
17.39,1.0816273676749495,0
17.400000000000002,0.283411597893655,0
17.41,0.04961063144872141,0
17.42,0.11840273660032852,0
17.43,0.7170702072497777,0
17.44,-0.24581865523715205,0
17.45,0.13428076382888643,0
17.46,0.6217263694124283,0
17.47,0.49114452787930934,0
17.48,0.2926411973347961,0
17.490000000000002,0.6751822929905118,0
17.5,-1.2018075881410555,0
17.51,0.12953729789021545,0
17.52,-0.24690379396337625,0
17.53,-0.9675387260626706,0
17.54,0.09944587306649048,0
17.55,0.8255136453044966,0
17.56,0.2023463272048332,0
17.57,0.6272233630782067,0
17.580000000000002,1.0846317504639453,0
17.59,1.0406605761664194,0
17.6,1.2028018080634257,0
17.61,0.7652406854271753,0
17.62,0.3008458494934101,0
17.63,-0.7084937429414034,0
17.64,-0.23872900400339714,0
17.650000000000002,-0.4392760174832784,0
17.66,1.1157825240419799,0
17.67,0.25481168118681596,0
17.68,0.19887859236248817,0
17.69,0.4130031293465308,0
17.7,0.19610203730048728,0
17.71,1.0213645947714909,0
17.72,-0.006543539915213434,0
17.73,0.1717307438116275,0
17.740000000000002,-0.28269445991594433,0
17.75,-0.7038342300132535,0
17.76,-0.43191603162471826,0
17.77,-0.05783805217114059,0
17.78,-0.1731804720764031,0
17.79,-0.34210285158791376,0
17.8,-0.7644752432652341,0
17.81,-0.16537821152780235,0
17.82,-0.7726306932440374,0
17.830000000000002,0.2816625165199977,0
17.84,0.18441450518695585,0
17.85,-0.6599638953727719,0
17.86,-0.25949256486049627,0
17.87,-0.39522663341278297,0
17.88,0.1413944214092141,0
17.89,0.819448207586486,0
17.900000000000002,-0.7234376533332485,0
17.91,-0.049275208679103844,0
17.92,-0.02723328911376112,0
17.93,0.4210988589320963,0
17.94,0.289237456046841,0
17.95,-0.2576796844098995,0
17.96,-0.16383322058839134,0
17.97,-0.3943428993565736,0
17.98,0.5449862029676084,0
17.990000000000002,0.2181890216861988,0
18.0,1.137624521775008,0
18.01,0.3227614036734815,0
18.02,-0.2258689057293367,0
18.03,-0.7918481614302051,0
18.04,-1.0874391523400087,0
18.05,-1.0446767337742267,0
18.06,-0.04809065753893019,0
18.07,0.3297484484964545,0
18.080000000000002,-0.6887125478496225,0
18.09,0.3753842693425998,0
18.1,-0.09244504480627229,0
18.11,0.12604999954397816,0
18.12,0.9610984608211731,0
18.13,0.788927725216874,0
18.14,0.12531737928612693,0
18.150000000000002,-0.3721415548264195,0
18.16,-1.167799659936553,0
18.17,-0.603738337170316,0
18.18,-0.19214999257750262,0
18.19,-0.5024936513239658,0
18.2,-0.1242378498703699,0
18.21,0.08118419633517301,0
18.22,-0.028097557746926932,0
18.23,-0.28179074431933676,0
18.240000000000002,0.09078254638941885,0
18.25,0.3294930396523017,0
18.26,-0.4268214405761327,0
18.27,0.716179757230722,0
18.28,0.19808996826017045,0
18.29,0.1311399851116602,0
18.3,0.4815462323625782,0
18.31,0.31622718303837183,0
18.32,0.6583131307498048,0
18.330000000000002,0.3891922114399607,0
18.34,-0.15710353848096598,0
18.35,0.2250130090982073,0
18.36,-0.4810130327418922,0
18.37,0.009399441563737163,0
18.38,0.05652718708066355,0
18.39,-0.024791668304475586,0
18.400000000000002,-0.0027099662170581434,0
18.41,-0.930857064805876,0
18.42,-0.4529257048312749,0
18.43,0.008248229725586906,0
18.44,0.15926026308343477,0
18.45,-0.4353565218534879,0
18.46,0.6373290208342713,0
18.47,-0.22976964862424692,0
18.48,0.5310269131181872,0
18.490000000000002,0.43248451893606943,0
18.5,-0.16375340525510867,0
18.51,0.9767739686749399,0
18.52,-0.31913089873847383,0
18.53,0.4820609653619246,0
18.54,0.7257547541128492,0
18.55,-0.10326352917156152,0
18.56,0.7881800232188485,0
18.57,0.1363779748387688,0
18.580000000000002,0.2603579859943288,0
18.59,0.276276428595293,0
18.6,0.07013376720293305,0
18.61,0.5219385864166539,0
18.62,0.6256989059154593,0
18.63,-0.7020441625085497,0
18.64,0.5918143830403155,0
18.650000000000002,-0.6646312507127948,0
18.66,0.45649241581536987,0
18.67,0.7869486139496061,0
18.68,-0.3113932061535709,0
18.69,-0.22374138329253607,0
18.7,-0.5718497188246132,0
18.71,-0.18447085759812965,0
18.72,-0.1371799457006471,0
18.73,0.4539108423298249,0
18.740000000000002,0.884304659461711,0
18.75,1.0374005934361528,0
18.76,0.03308177866954411,0
18.77,-0.030009440453274833,0
18.78,-0.830822121612148,0
18.79,-0.5636571555683058,0
18.8,0.4461379379874751,0
18.81,1.0451561719126001,0
18.82,-0.322746064915935,0
18.830000000000002,-0.32286329854400936,0
18.84,-0.02141436549803724,0
18.85,0.21723769229802498,0
18.86,-0.3034052182113198,0
18.87,0.22343599891655747,0
18.88,-0.12298515413709721,0
18.89,0.03508145661623019,0
18.900000000000002,0.37324214462833366,0
18.91,0.17031888962184188,0
18.92,-0.11619078631493569,0
18.93,-0.013766369311760299,0
18.94,0.023186481441289722,0
18.95,-0.11753077725077934,0
18.96,-0.09345217335526121,0
18.97,0.9017534222058485,0
18.98,0.5979602819993881,0
18.990000000000002,0.06598096882256019,0
19.0,0.46152456469364356,0
19.01,0.011519051492820967,0
19.02,0.7015504503412188,0
19.03,0.44620756635516146,0
19.04,0.12841414172964488,0
19.05,0.3445649206689011,0
19.06,-0.6763373458196807,0
19.07,-0.6950274844555795,0
19.080000000000002,-0.7354318658911841,0
19.09,-0.03357173009226337,0
19.1,0.9884281975969795,0
19.11,1.509580707356872,0
19.12,0.7914394843924191,0
19.13,0.5388686728182995,0
19.14,-0.7500861633572424,0
19.150000000000002,-0.40215928678024515,0
19.16,-0.4456754253687654,0
19.17,-0.36762326877948437,0
19.18,-0.106997726214728,0
19.19,-0.20367190138063013,0
19.2,-1.0304506507351274,0
19.21,0.21522181692405246,0
19.22,-0.4428902854940052,0
19.23,0.09129424859450896,0
19.240000000000002,1.2019867908218602,0
19.25,-0.11443506373937432,0
19.26,-1.3013713420582709,0
19.27,-0.4029138268735454,0
19.28,0.5603393358356505,0
19.29,1.2577735133204824,0
19.3,-0.2655036931845548,0
19.31,0.27299694510013733,0
19.32,-0.1046502699456247,0
19.330000000000002,-0.007657459153704568,0
19.34,1.4812495437127138,0
19.35,-0.35508264456530986,0
19.36,0.12137584177057167,0
19.37,0.3544598400853441,0
19.38,0.7419187953727022,0
19.39,0.3127751425841484,0
19.400000000000002,0.317389076116929,0
19.41,-0.054040294923213786,0
19.42,0.20502013246400036,0
19.43,-0.05626476830864116,0
19.44,0.39221641842041516,0
19.45,-0.02347120609039033,0
19.46,0.27028814626490266,0
19.47,0.12735676054067235,0
19.48,0.7069002812318578,0
19.490000000000002,0.22478725802361804,0
19.5,-0.8125427881963703,0
19.51,0.54437599918729,0
19.52,-0.2707148379056107,0
19.53,-0.34027537257075496,0
19.54,-0.3266911068567736,0
19.55,0.7258836571672145,0
19.56,-0.880199651048354,0
19.57,1.5265941977777397,0
19.580000000000002,1.019749894302229,0
19.59,0.4495653292598862,0
19.6,0.1589349705282614,0
19.61,0.2676093101972934,0
19.62,0.42025766892704014,0
19.63,0.5245350547464328,0
19.64,0.5029146342276191,0
19.650000000000002,0.24936675380115558,0
19.66,0.03321654769675557,0
19.67,0.0037415806363449433,0
19.68,-0.02683306682521043,0
19.69,0.6731225457155869,0
19.7,0.5604600507386734,0
19.71,-1.349624672150836,0
19.72,0.08803610750146532,0
19.73,0.2018961373160214,0
19.740000000000002,0.11672539439680628,0
19.75,-0.1014727851237006,0
19.76,0.6495382094319344,0
19.77,0.7432837271708448,0
19.78,-0.14942451001094553,0
19.79,0.255783824497348,0
19.8,-0.3770940539159302,0
19.81,-0.7525362238645814,0
19.82,-0.4454193912127887,0
19.830000000000002,0.4243947987256993,0
19.84,0.6901971965215064,0
19.85,0.5223422838168719,0
19.86,0.5933126121101067,0
19.87,0.499830329951599,0
19.88,-0.14000383976372166,0
19.89,0.27169415557327925,0
19.900000000000002,0.5708819737188771,0
19.91,0.6211503821700669,0
19.92,0.8652000304467801,0
19.93,0.6703019435101667,0
19.94,0.43157021279858543,0
19.95,0.7546523902263231,0
19.96,0.25143771043326685,0
19.97,-0.3298408065334597,0
19.98,-0.09233909264504155,0
19.990000000000002,-0.34278072130629106,0
20.0,-0.36822952805529663,0
20.01,-0.09196589836317567,0
20.02,-0.3678993228056934,0
20.03,-0.1788606420608174,0
20.04,-0.9759862238398045,0
20.05,-0.05323386179168128,0
20.06,0.06454063025949086,0
20.07,-0.3417553288615141,0
20.080000000000002,0.3429015085091729,0
20.09,0.6623141173328383,0
20.1,-0.6131732619989751,0
20.11,-0.4821098790857773,0
20.12,-0.4527308291654559,0
20.13,-0.536291403436377,0
20.14,0.38510527247351667,0
20.150000000000002,0.070541392512432,0
20.16,-0.04571305772792672,0
20.17,-1.0010097371518478,0
20.18,0.16570655323131728,0
20.19,-0.5409148683249007,0
20.2,-0.02567455947202081,0
20.21,0.2189629555047736,0
20.22,0.8570386361722641,0
20.23,-0.4050033355077982,0
20.240000000000002,-1.6314867679526492,0
20.25,-0.23217408630968644,0
20.26,0.9786139609431114,0
20.27,0.9822885501713426,0
20.28,0.43510627219274267,0
20.29,-0.07512329822386303,0
20.3,0.48898467833986714,0
20.31,-0.3182265820031975,0
20.32,0.25212608372338197,0
20.330000000000002,0.41024817771169936,0
20.34,0.7452276934813844,0
20.35,1.734020137962574,0
20.36,0.720607951623976,0
20.37,-0.012730955297677662,0
20.38,0.061386647042382704,0
20.39,-0.848529451032033,0
20.400000000000002,-0.5038419928709459,0
20.41,-0.265637768191065,0
20.42,-0.26719447299544047,0
20.43,0.09267665352981316,0
20.44,-0.33642703741545954,0
20.45,0.5912833348471718,0
20.46,0.2263633057321222,0
20.47,0.13010067989079724,0
20.48,-0.06359732173054135,0
20.490000000000002,0.145268540010962,0
20.5,0.5542647455441411,0
20.51,-0.2446270977764196,0
20.52,-0.33301254630899113,0
20.53,-0.16635317791206766,0
20.54,-0.6796368651492769,0
20.55,-0.5274874784726865,0
20.56,-0.3067405595447559,0
20.57,0.46772386676083466,0
20.580000000000002,0.33555037614655636,0
20.59,0.2658075602805405,0
20.6,0.5984417912153869,0
20.61,0.15534215245005445,0
20.62,0.3256890693979091,0
20.63,0.10540052018558863,0
20.64,0.24664260436936447,0
20.650000000000002,-0.1696709753605043,0
20.66,-1.2621356872516203,0
20.67,-0.30797406386074194,0
20.68,0.7597683656036565,0
20.69,0.7623129621664763,0
20.7,0.7838450914628251,0
20.71,0.933433235598335,0
20.72,0.3597905460042464,0
20.73,0.27427425441159026,0
20.740000000000002,-0.18107366541974107,0
20.75,-0.13427910285855987,0
20.76,0.37368935532699893,0
20.77,0.8139025658003135,0
20.78,0.20861501659042836,0
20.79,-0.10815841344475936,0
20.8,0.052701049475709486,0
20.81,0.41282853859350255,0
20.82,-0.5861768729378775,0
20.830000000000002,-1.2897919091537577,0
20.84,-0.5360487348996289,0
20.85,-0.7044750602353723,0
20.86,-0.3670818790924027,0
20.87,-0.09079931015678584,0
20.88,-0.18437124297885987,0
20.89,0.8071265413961981,0
20.900000000000002,0.45554389160295994,0
20.91,0.35368821806064143,0
20.92,0.49958822883788634,0
20.93,-0.40172283243531615,0
20.94,0.5328116204469859,0
20.95,0.17276432854709073,0
20.96,0.48018403999964837,0
20.97,-0.370787448863008,0
20.98,-0.8401300301113711,0
20.990000000000002,0.3055504300752666,0
21.0,0.35689663264595295,0
21.01,-0.3110625658420765,0
21.02,-0.46077458356962275,0
21.03,0.564287041270434,0
21.04,-0.4121551573641692,0
21.05,0.8519489369427702,0
21.06,-0.18638874391812754,0
21.07,0.3736349888500146,0
21.080000000000002,-0.0012964540228462967,0
21.09,0.40121983941148803,0
21.1,-0.10909980864291925,0
21.11,-0.03358313371279967,0
21.12,0.09380955664660076,0
21.13,-0.4298036256648804,0
21.14,0.3675378771831483,0
21.150000000000002,-0.10091645876889774,0
21.16,-0.06643363247157573,0
21.17,-0.4655718667393279,0
21.18,-1.4003336686383194,0
21.19,-0.37119065003064,0
21.2,1.2726563487350724,0
21.21,0.8166744097946951,0
21.22,0.2746222364325417,0
21.23,0.009396940068429546,0
21.240000000000002,0.09508264599259617,0
21.25,0.3959299030967971,0
21.26,-0.4490133711349032,0
21.27,0.5620202424436107,0
21.28,0.6023583293253609,0
21.29,0.6139657689183494,0
21.3,0.4679416713375593,0
21.31,0.2084078858341804,0
21.32,0.49142961434691534,0
21.330000000000002,0.5190540354995989,0
21.34,0.022288545466954066,0
21.35,-0.21879742170190078,0
21.36,0.08066568082232109,0
21.37,0.9262265432306852,0
21.38,-0.3471297928620256,0
21.39,-0.7870802502681451,0
21.400000000000002,-0.027788695754509485,0
21.41,0.1014220690534278,0
21.42,0.19896512774544717,0
21.43,0.2609833295469063,0
21.44,0.027740450647555134,0
21.45,0.8817268159504528,0
21.46,-0.5506897939670924,0
21.47,-0.49743078405368424,0
21.48,-0.09786973835849459,0
21.490000000000002,-0.818019340466143,0
21.5,-0.2166202761345848,0
21.51,0.9121987326417734,0
21.52,0.3207641165852422,0
21.53,0.28466822094313865,0
21.54,-0.5182650343446601,0
21.55,-0.37612122180773855,0
21.56,-0.2121272412751831,0
21.57,-0.14048879163866734,0
21.580000000000002,0.7291648796897168,0
21.59,0.5610770999117649,0
21.6,-0.36979635562847646,0
21.61,0.1206773516688724,0
21.62,0.37737301698991327,0
21.63,0.7834248949037699,0
21.64,1.119490988880521,0
21.650000000000002,-0.17873039891204492,0
21.66,-0.3944934798544718,0
21.67,-0.6862995335840097,0
21.68,-0.2141413534654672,0
21.69,0.27690326872946647,0
21.7,0.6771315593348692,0
21.71,0.21098062749026442,0
21.72,-0.03541160673866156,0
21.73,0.1541658377069136,0
21.740000000000002,-0.32397032701941997,0
21.75,1.1140205119106328,0
21.76,-0.49534189772811654,0
21.77,0.05686337967297958,0
21.78,1.1742043014137433,0
21.79,0.3795480159359128,0
21.8,0.07608918933499303,0
21.81,-0.08889644607892001,0
21.82,-0.03582664831860194,0
21.830000000000002,0.8046247178773427,0
21.84,-0.8942181071640781,0
21.85,0.6756017927987025,0
21.86,-0.5068291833470975,0
21.87,-0.18610256341306303,0
21.88,-0.19247813676036946,0
21.89,0.34796984992771873,0
21.900000000000002,-0.6813722185241511,0
21.91,0.15850171950093905,0
21.92,1.2003918747662665,0
21.93,-0.34306116562972877,0
21.94,0.09806765755915477,0
21.95,-0.24517546585843086,0
21.96,0.2483711952316118,0
21.97,0.15518347254216994,0
21.98,-0.21989602226758737,0
21.990000000000002,0.28778629527719607,0
22.0,1.115805248525009,0
22.01,0.26029672830540396,0
22.02,0.5314076562864413,0
22.03,-0.4727958365530687,0
22.04,-0.544440773654822,0
22.05,0.1985856002313034,0
22.06,0.9231418313552692,0
22.07,0.5033420386786612,0
22.080000000000002,0.04232958642296775,0
22.09,0.0934420834146388,0
22.1,-0.5592600603720557,0
22.11,0.2654047592317252,0
22.12,0.6195471925833216,0
22.13,-0.0025161519710641816,0
22.14,-0.16756348327485915,0
22.150000000000002,0.18310666322180286,0
22.16,-0.10335550076831923,0
22.17,0.022408091604392097,0
22.18,1.2072711506184979,0
22.19,0.2537896668490323,0
22.2,-0.043831161583574085,0
22.21,-0.27221803672848116,0
22.22,0.4118608673545455,0
22.23,0.09009228388672928,0
22.240000000000002,-0.23962725653215367,0
22.25,0.7274261339934426,0
22.26,1.0215654813605781,0
22.27,0.019393368200422756,0
22.28,-0.9053729034227614,0
22.29,0.3939985885283081,0
22.3,-0.18225625280529628,0
22.31,0.4593337708966324,0
22.32,-0.8504260787830884,0
22.330000000000002,0.34665137290338977,0
22.34,-0.47438223249533173,0
22.35,0.354536916338283,0
22.36,0.180238207776943,0
22.37,-0.37891550488125614,0
22.38,-0.22743057948267184,0
22.39,0.39271874487077213,0
22.400000000000002,0.2386880260797743,0
22.41,0.4550364678873943,0
22.42,1.2504554359702529,0
22.43,-0.4361996262070439,0
22.44,0.836401103099362,0
22.45,0.348929967289283,0
22.46,-0.3071170826220687,0
22.47,-0.7009054540865726,0
22.48,-0.19159889459785423,0
22.490000000000002,0.5272802095262211,0
22.5,0.14829250117112228,0
22.51,0.9262412172129603,0
22.52,-0.45678893781860547,0
22.53,-0.03615410272659707,0
22.54,-0.5914732083995986,0
22.55,0.1303153914640638,0
22.56,0.589442500240077,0
22.57,0.007883009790917009,0
22.580000000000002,-1.300244012753921,0
22.59,-0.13446536080982147,0
22.6,0.28363899453236585,0
22.61,0.3709155363054636,0
22.62,0.83555891366523,0
22.63,-0.2767236744958882,0
22.64,0.3778463823605911,0
22.650000000000002,0.8143299775408888,0
22.66,-0.6587340182716622,0
22.67,0.09041419256541522,0
22.68,-0.16099028652080455,0
22.69,0.0012662327446195526,0
22.7,0.27042183419814764,0
22.71,-0.10687780390065636,0
22.72,-0.30154690714407767,0
22.73,0.02783929811823463,0
22.740000000000002,-0.4869704996154425,0
22.75,-0.6148885695389752,0
22.76,0.29318995618081484,0
22.77,-0.45332615526764375,0
22.78,0.32668066929219364,0
22.79,0.41322135886907985,0
22.8,-0.7305147813216637,0
22.81,-0.4581953263968972,0
22.82,0.6066445370937676,0
22.830000000000002,-0.28552833983436054,0
22.84,-0.2333503490123277,0
22.85,0.2730970920185675,0
22.86,0.5708559017835306,0
22.87,0.09418686402675208,0
22.88,-0.2091947083088065,0
22.89,0.7906447273198854,0
22.900000000000002,1.2091954172420476,0
22.91,0.9091117238452172,0
22.92,0.35827687977867595,0
22.93,-0.2552691722277833,0
22.94,-0.42043909814503044,0
22.95,0.25879397127766,0
22.96,0.3731843576465399,0
22.97,0.925398252145259,0
22.98,0.6634661703037663,0
22.990000000000002,-0.5488201543125623,0
23.0,0.5087780391023029,0
23.01,-0.31849655157384527,0
23.02,-0.19826357510348158,0
23.03,0.16954071846088548,0
23.04,1.1910419742728784,0
23.05,2.039822597532988,0
23.06,0.9190053849301459,0
23.07,0.2181683993895481,0
23.080000000000002,0.4251882276633244,0
23.09,0.6650352104142634,0
23.1,0.08154970858876333,0
23.11,1.0624857014056721,0
23.12,0.47425452118176903,0
23.13,0.46976895241769734,0
23.14,0.5582372247880253,0
23.150000000000002,0.4502631570212753,0
23.16,0.6455525306121358,0
23.17,-0.08107230019988997,0
23.18,-0.23130756975770023,0
23.19,-0.5573946985727437,0
23.2,0.1810314650863165,0
23.21,0.5464264281695183,0
23.22,0.4667713993701694,0
23.23,1.0948308157758415,0
23.240000000000002,0.35716656397577196,0
23.25,0.5318861948405251,0
23.26,-0.36190440455705886,0
23.27,-0.21010000624502767,0
23.28,0.404420762389547,0
23.29,0.6398564691397217,0
23.3,0.09001795184912996,0
23.31,0.0710040150284535,0
23.32,-0.7039145085607439,0
23.330000000000002,-0.27942650505534566,0
23.34,0.49101352929179376,0
23.35,0.5158070925509535,0
23.36,0.4823376876860881,0
23.37,0.23388144326984933,0
23.38,0.1490495005012062,0
23.39,-0.227537156307127,0
23.400000000000002,0.4021381297655388,0
23.41,0.4116160686973292,0
23.42,0.45184692788667147,0
23.43,-0.08021787646858285,0
23.44,-1.0798060218121899,0
23.45,0.4013272081601753,0
23.46,-0.06763285964222916,0
23.47,-0.3893066766834631,0
23.48,0.35906213496389133,0
23.490000000000002,-0.031881291050048305,0
23.5,0.643623661298138,0
23.51,0.5766506653333552,0
23.52,0.595381562041528,0
23.53,-0.4913531654394009,0
23.54,0.6098122899912422,0
23.55,0.37885268385103904,0
23.56,-0.014638647209543984,0
23.57,0.16002775008493408,0
23.580000000000002,-0.8185461299878192,0
23.59,0.10036693247590686,0
23.6,-0.43567667881670497,0
23.61,-0.7418288702536388,0
23.62,-0.9087055508780306,0
23.63,0.4528575546241436,0
23.64,-0.134375663542285,0
23.650000000000002,0.8707115978745859,0
23.66,0.0199128919907626,0
23.67,-0.816655249189665,0
23.68,-0.711131026220162,0
23.69,0.567978401801512,0
23.7,0.14664787105593327,0
23.71,-0.16761921388239442,0
23.72,0.1310382020168809,0
23.73,0.3877307358052753,0
23.740000000000002,0.7797676396524618,0
23.75,1.0541260137037813,0
23.76,0.1597758011972233,0
23.77,-0.5783628690732108,0
23.78,-0.27688872786476665,0
23.79,0.15729956776525267,0
23.8,-0.38597099771967835,0
23.81,-0.518243195769555,0
23.82,0.14151090213970274,0
23.830000000000002,0.09748760423860742,0
23.84,0.12988283198115205,0
23.85,-0.2833829937557933,0
23.86,-0.10544408843078752,0
23.87,-0.430423191460467,0
23.88,0.45460707938642747,0
23.89,0.7531357156790282,0
23.900000000000002,-0.7066725563575538,0
23.91,-0.5834355250464864,0
23.92,-0.8545572203787936,0
23.93,-0.4715174610519599,0
23.94,-0.07400426370224195,0
23.95,-0.702153159981019,0
23.96,-0.5780998149674587,0
23.97,-0.590780075375681,0
23.98,0.05109589199199087,0
23.990000000000002,0.13814225313663545,0
24.0,-0.2613489108269405,0
24.01,0.11731849196005051,0
24.02,-0.1732782100440852,0
24.03,-0.09944073437402311,0
24.04,0.9548828624369836,0
24.05,1.0411604525322948,0
24.060000000000002,-0.3431594938929723,0
24.07,0.4447211323996954,0
24.080000000000002,0.6319529018724535,0
24.09,-0.3648009289544664,0
24.1,0.43355525016581653,0
24.11,1.01614533563932,0
24.12,-0.25497861920514164,0
24.13,-0.4635414885213643,0
24.14,0.5148869448577821,0
24.150000000000002,0.36216031999952947,0
24.16,0.47310439032948925,0
24.17,0.38856161592805183,0
24.18,0.3941354863178841,0
24.19,-0.5188975270421082,0
24.2,0.5169968423890581,0
24.21,0.8411106737951954,0
24.22,0.17715856019197868,0
24.23,0.11020208960677212,0
24.240000000000002,-0.6987267733272058,0
24.25,0.1882943220578353,0
24.26,0.4408574396216349,0
24.27,0.16626444847026217,0
24.28,0.7295187127195135,0
24.29,0.09369247798888578,0
24.3,0.4133421707151258,0
24.310000000000002,-0.3503992893523963,0
24.32,-0.010844038867764486,0
24.330000000000002,-0.006236868413148508,0
24.34,0.20777488405636013,0
24.35,-0.055466915923024676,0
24.36,0.005520699896676168,0
24.37,0.5307063329918154,0
24.38,-0.010463071504016819,0
24.39,-0.7686962483144526,0
24.400000000000002,0.829045064034751,0
24.41,1.032463986068222,0
24.42,-0.34050393211626523,0
24.43,0.3717488276310431,0
24.44,-0.08530779878208965,0
24.45,0.20862167630640982,0
24.46,0.2984981581291158,0
24.47,0.03947777455407643,0
24.48,-0.3178041287669828,0
24.490000000000002,-0.3574536295559785,0
24.5,-0.4875074613055153,0
24.51,-0.47506551894936117,0
24.52,-0.06472967598160256,0
24.53,-0.30751277162706503,0
24.54,0.3762011129858756,0
24.55,0.9759492972830057,0
24.560000000000002,0.025002121462728816,0
24.57,0.22368091216262898,0
24.580000000000002,0.41198467016210705,0
24.59,0.4443439813046368,0
24.6,0.24155028067561318,0
24.61,0.5459329714088947,0
24.62,0.4833640736793268,0
24.63,-0.4481661090522873,0
24.64,0.44093176508443266,0
24.650000000000002,0.6728890202414822,0
24.66,-0.14808663554673396,0
24.67,0.0733747654472835,0
24.68,0.4724589743751038,0
24.69,0.09689162923506604,0
24.7,0.6858906793869364,0
24.71,1.5206124920182318,0
24.72,0.05190766435225255,0
24.73,-0.6321329044918701,0
24.740000000000002,0.09413119695117582,0
24.75,0.4981858162021231,0
24.76,0.09202279826000934,0
24.77,0.88736421691836,0
24.78,-0.4005424071839411,0
24.79,0.3593644239460608,0
24.8,-0.14227946325672722,0
24.810000000000002,0.9706062350750322,0
24.82,1.3943081306203442,0
24.830000000000002,0.030902545605998505,0
24.84,-0.1943106109203213,0
24.85,0.49983056540862414,0
24.86,0.00946945331977371,0
24.87,0.06888190359885894,0
24.88,0.1214634024895546,0
24.89,-0.9011799251444711,0
24.900000000000002,-0.1418912363312519,0
24.91,-0.31197925490106176,0
24.92,-0.24977716592719373,0
24.93,0.7971885158955712,0
24.94,-0.37896409031484624,0
24.95,0.4292173116959554,0
24.96,0.04966966722235684,0
24.97,-0.04561683149024945,0
24.98,0.5004695045371915,0
24.990000000000002,0.39720445636343543,0
25.0,0.4941953500940459,0
25.01,0.7301889008552751,0
25.02,0.09718639261702779,0
25.03,-0.21064358084765755,0
25.04,-0.5394194405795651,0
25.05,-0.4832678455681656,0
25.060000000000002,1.5408516959255132,0
25.07,1.1392455043236045,0
25.080000000000002,-0.34346158966893037,0
25.09,-0.6988743030839061,0
25.1,0.17316339031730396,0
25.11,0.42602473161927207,0
25.12,0.4901270371955157,0
25.13,0.07810447050198455,0
25.14,0.044087704787344514,0
25.150000000000002,0.2770244519493256,0
25.16,0.20641702121129965,0
25.17,-1.0388067662972953,0
25.18,-0.290608819824218,0
25.19,-0.4345621583916347,0
25.2,0.07618433271301209,0
25.21,1.700344894479403,0
25.22,0.7123510762847567,0
25.23,0.10271473108622853,0
25.240000000000002,0.6081876181801481,0
25.25,0.5007369853978165,0
25.26,0.440565733028615,0
25.27,0.5250017008515896,0
25.28,1.318147811491816,0
25.29,-0.18096087631592428,0
25.3,0.29875016116598324,0
25.310000000000002,-0.32685387834518764,0
25.32,0.3059302406029819,0
25.330000000000002,-0.32091218565701785,0
25.34,-0.21062791238266654,0
25.35,-0.11791561362524944,0
25.36,0.5820894552852913,0
25.37,0.7265677411511726,0
25.38,-0.389785945497762,0
25.39,0.023792769864464852,0
25.400000000000002,-0.27991874585949045,0
25.41,-0.6481441470430621,0
25.42,-0.18554715620384388,0
25.43,-0.11858226294130138,0
25.44,1.3547732393412786,0
25.45,0.6613908379542583,0
25.46,-0.47612660686249525,0
25.47,-0.3276138666284853,0
25.48,0.5542232353330406,0
25.490000000000002,1.3429535468340257,0
25.5,-0.4166008626423646,0
25.51,-1.0129991692469194,0
25.52,0.8354062679490359,0
25.53,0.5086603028378665,0
25.54,-0.24288168122080006,0
25.55,0.3163623021721763,0
25.560000000000002,-1.232139789490028,0
25.57,-0.21381507227280927,0
25.580000000000002,0.2135690229782895,0
25.59,0.638069284352516,0
25.6,-0.2879231886078313,0
25.61,0.06616955310933631,0
25.62,-0.38373576730617187,0
25.63,0.13263405142610857,0
25.64,-0.35105368174923784,0
25.650000000000002,-0.21247615641132075,0
25.66,-0.4907863997405111,0
25.67,0.3167198317952321,0
25.68,0.6290229034699342,0
25.69,0.12502354129039672,0
25.7,0.14435451095701582,0
25.71,-0.6425777548174758,0
25.72,-0.22744926397282395,0
25.73,0.009209476628307428,0
25.740000000000002,1.4907984517076132,0
25.75,-0.12660654650928627,0
25.76,0.8409536689879177,0
25.77,0.8340041104500961,0
25.78,0.45087700255325774,0
25.79,1.1421976862682943,0
25.8,0.5766836792526725,0
25.810000000000002,0.4444107573417822,0
25.82,0.17583679335221836,0
25.830000000000002,0.7885992777571222,0
25.84,0.8741286929707746,0
25.85,-0.02156879381867713,0
25.86,-0.614819755986687,0
25.87,-0.1686574584614555,0
25.88,-0.37504747342211064,0
25.89,-0.03440157885227561,0
25.900000000000002,0.7435920972966517,0
25.91,0.035605645842581995,0
25.92,0.07935703386141209,0
25.93,0.1440227015219025,0
25.94,0.5811329870404937,0
25.95,-0.9579327567454289,0
25.96,-0.4692171048454925,0
25.97,0.08859074250008722,0
25.98,0.7546346447757314,0
25.990000000000002,0.02012958133245138,0
26.0,-0.900848080732961,0
26.01,0.19827966527743318,0
26.02,-0.19528581294762698,0
26.03,-0.5888401432400198,0
26.04,-0.38615167785017235,0
26.05,-0.10123635461882219,0
26.060000000000002,-0.25376556028473507,0
26.07,-1.1443680912218328,0
26.080000000000002,0.2852657090946149,0
26.09,0.8438941719928886,0
26.1,0.6516173274800807,0
26.11,-0.3492444878587204,0
26.12,-0.10088013997902598,0
26.13,0.06506290060616927,0
26.14,0.4289240206840348,0
26.150000000000002,0.5569484678029322,0
26.16,-0.15791025394054622,0
26.17,0.09803737857804445,0
26.18,0.3619000627625502,0
26.19,0.959647830886189,0
26.2,0.709006018807089,0
26.21,0.6913948369124522,0
26.22,0.3114555307438308,0
26.23,0.9229725443472468,0
26.240000000000002,0.542969057624438,0
26.25,-0.22878127474754087,0
26.26,0.7842079689598139,0
26.27,0.6617926842435128,0
26.28,0.023617503319872085,0
26.29,-0.15531340554022857,0
26.3,0.21326089587827995,0
26.310000000000002,0.39415297012655504,0
26.32,0.29780204804148547,0
26.330000000000002,0.33445524930944576,0
26.34,1.0831460441534946,0
26.35,0.9356891962524643,0
26.36,0.42973383113135033,0
26.37,0.7030289796213235,0
26.38,-0.27976048194789704,0
26.39,0.2363307514154715,0
26.400000000000002,1.1169858179974406,0
26.41,0.257536203710819,0
26.42,-0.29258093595157747,0
26.43,-0.32595255585050764,0
26.44,-0.5672800933911938,0
26.45,-0.4652343477348377,0
26.46,-0.21909516606215018,0
26.47,-0.7087426980625767,0
26.48,-0.07430036154886316,0
26.490000000000002,0.5565102395917318,0
26.5,-0.249670650548593,0
26.51,0.8412913770762738,0
26.52,0.5769973977914413,0
26.53,0.7877524911367866,0
26.54,-0.05867634837042243,0
26.55,0.5351241601760537,0
26.560000000000002,-0.35296086181161146,0
26.57,0.4806221294700383,0
26.580000000000002,0.30646308065010563,0
26.59,0.466061405066735,0
26.6,-0.41468747141476225,0
26.61,-0.48546257283353433,0
26.62,0.2915677034433857,0
26.63,-0.33722570891103254,0
26.64,0.25730106522090823,0
26.650000000000002,-0.5687671703708946,0
26.66,0.4044701587495736,0
26.67,-0.46024248093574005,0
26.68,0.27408329435021894,0
26.69,0.4967387714779077,0
26.7,-0.1518007042044814,0
26.71,0.36709226272696494,0
26.72,0.325583195123038,0
26.73,-0.11041836639297756,0
26.740000000000002,-0.4695347478691605,0
26.75,-1.0673676328586148,0
26.76,0.014564993700819234,0
26.77,-0.7344427958735934,0
26.78,-0.037585453096763755,0
26.79,-0.054418151053307745,0
26.8,0.44335911336170464,0
26.810000000000002,0.04530865897493977,0
26.82,-0.06877411710809467,0
26.830000000000002,0.4679171608207804,0
26.84,0.39079575194045113,0
26.85,0.36147186033153056,0
26.86,0.43570068876176915,0
26.87,-0.6133673896054114,0
26.88,0.34515087151865664,0
26.89,0.5079474411852667,0
26.900000000000002,-0.31891176617308037,0
26.91,-0.11416605282131842,0
26.92,0.04609169162907789,0
26.93,0.0354867399529909,0
26.94,0.28227432010568143,0
26.95,0.9284545813017759,0
26.96,0.9038476384178078,0
26.97,-0.3771635762675928,0
26.98,0.33268301984145454,0
26.990000000000002,0.886596569731086,0
27.0,0.5233826052186961,0
27.01,0.8075977093058807,0
27.02,1.3692931084633382,0
27.03,0.9832957067682122,0
27.04,0.4744228047479747,0
27.05,0.7710075916496025,0
27.060000000000002,0.36578744491189097,0
27.07,0.20007592815995395,0
27.080000000000002,-0.04119945029026589,0
27.09,0.9182169736028196,0
27.1,-0.11032152402403578,0
27.11,0.8844478272161241,0
27.12,0.5833177551834365,0
27.13,-0.5033177182112759,0
27.14,0.1660114996466211,0
27.150000000000002,-0.9807583755815675,0
27.16,0.1840143138666519,0
27.17,0.6135414208056522,0
27.18,-0.06592210924584865,0
27.19,0.14547792639674945,0
27.2,1.17321407960699,0
27.21,0.12018454023392011,0
27.22,-0.43762851592766233,0
27.23,0.7758836876636859,0
27.240000000000002,1.3353925373497484,0
27.25,0.4321129778821846,0
27.26,0.7429866136012884,0
27.27,0.9964704081917758,0
27.28,-0.04991890494438328,0
27.29,-0.17453780163674712,0
27.3,0.7082558027881989,0
27.310000000000002,1.1708214717805223,0
27.32,0.6889091719412984,0
27.330000000000002,-0.19983307674073986,0
27.34,1.1047153005879446,0
27.35,0.08993348727117312,0
27.36,-0.059452152276020354,0
27.37,0.26400282730979807,0
27.38,0.9902265241932158,0
27.39,0.7989313210278433,0
27.400000000000002,0.5172874595075707,0
27.41,0.47268517768785756,0
27.42,0.23801194721632427,0
27.43,0.45342117778213936,0
27.44,-1.137013591632564,0
27.45,-0.34547473180116917,0
27.46,0.13889797253098982,0
27.47,-0.48145517277601657,0
27.48,0.1821644559901908,0
27.490000000000002,0.03347207459989285,0
27.5,1.040061315218983,0
27.51,1.194565973145382,0
27.52,0.14746744512010465,0
27.53,0.05344583751658835,0
27.54,0.07090868208186707,0
27.55,-0.12584897576292667,0
27.560000000000002,0.16936536353199355,0
27.57,-0.2644791282641515,0
27.580000000000002,-0.5711993439645022,0
27.59,0.2858501970265963,0
27.6,0.503765052955435,0
27.61,-0.2053079245815336,0
27.62,0.5225800116768449,0
27.63,-0.10857226305067785,0
27.64,0.20481784873587028,0
27.650000000000002,0.5852294293020082,0
27.66,0.22559175004940524,0
27.67,0.3957691087467695,0
27.68,-0.07884772438091592,0
27.69,-0.027089007554733396,0
27.7,-0.01913003467983776,0
27.71,-0.305070850983386,0
27.72,-0.07309397651305471,0
27.73,-0.7456337887771194,0
27.740000000000002,-0.35061037427010755,0
27.75,-0.14198284092222488,0
27.76,-0.07452323252034698,0
27.77,-0.04981826634971703,0
27.78,0.05209346210150145,0
27.79,0.3658036860633542,0
27.8,0.6546440635817716,0
27.810000000000002,-0.08485867402088454,0
27.82,-0.5644371675750923,0
27.830000000000002,-0.5984891749434664,0
27.84,-0.3115084249295893,0
27.85,-0.1676999123677599,0
27.86,-0.35436621408462043,0
27.87,-0.6811894524991579,0
27.88,-0.315546836316418,0
27.89,0.11540133416615711,0
27.900000000000002,0.4434174937357635,0
27.91,-0.08827898596310435,0
27.92,-0.14427057434018695,0
27.93,-0.43181107111041905,0
27.94,-0.026918198851556857,0
27.95,-0.36074966740092146,0
27.96,0.31284228212123716,0
27.97,-0.7749863170877415,0
27.98,-0.2874012151251592,0
27.990000000000002,0.18638169722118986,0
28.0,0.24239641756708158,0
28.01,1.5926578786544345,0
28.02,0.6823896972341955,0
28.03,-0.26613174550895813,0
28.04,-0.019384909440025105,0
28.05,-0.8527530119050014,0
28.060000000000002,-0.15808271146309338,0
28.07,-0.3851038121053828,0
28.080000000000002,0.4892709360283192,0
28.09,-0.0722417009611083,0
28.1,0.017868484233245996,0
28.11,-0.2358581901656066,0
28.12,0.9651873722980666,0
28.13,0.16839682747765508,0
28.14,1.1161941299552014,0
28.150000000000002,0.8108274756969119,0
28.16,0.5576595150059422,0
28.17,0.43403406566913555,0
28.18,0.4164958949180497,0
28.19,-0.8241324620152022,0
28.2,-0.25623063531365287,0
28.21,0.4843570328230686,0
28.22,0.19340869305859187,0
28.23,-0.6015814114580397,0
28.240000000000002,-0.07990251751236477,0
28.25,0.9859411610961201,0
28.26,1.0089401702171623,0
28.27,0.3176773855411076,0
28.28,0.6845817571017716,0
28.29,0.0744702111520463,0
28.3,-0.7902309148016851,0
28.310000000000002,-0.591324805116631,0
28.32,0.7830261631428952,0
28.330000000000002,0.14843008200498853,0
28.34,0.006101911418064376,0
28.35,-0.05952357860964508,0
28.36,1.0977846213879516,0
28.37,1.2389926480457174,0
28.38,1.590013248708714,0
28.39,0.4115129813374673,0
28.400000000000002,0.3590358790214345,0
28.41,-0.6191590777595783,0
28.42,0.7304976393731153,0
28.43,-0.34047119629371186,0
28.44,0.12913122849337097,0
28.45,-0.4532407472253722,0
28.46,-0.328053571822815,0
28.47,-0.4290159408189177,0
28.48,-0.33207955966554137,0
28.490000000000002,-0.27121209233158294,0
28.5,-0.26084564108306213,0
28.51,0.4775182456845198,0
28.52,-0.37002859986150416,0
28.53,0.12392926169409654,0
28.54,0.778598929045084,0
28.55,0.02038520900308563,0
28.560000000000002,-0.2781700586116243,0
28.57,-0.09323416605861315,0
28.580000000000002,0.7040275862421836,0
28.59,0.3784870343273616,0
28.6,-0.08913750808219392,0
28.61,0.33454807191058855,0
28.62,-0.4042012373942977,0
28.63,0.3609887642535477,0
28.64,0.40705611629096305,0
28.650000000000002,0.03707631611224342,0
28.66,-0.33805627443341946,0
28.67,-0.4574318080373586,0
28.68,0.2697421291835573,0
28.69,0.8212218737064088,0
28.7,-0.03475247665844669,0
28.71,0.334769714657391,0
28.72,-0.9283522785030133,0
28.73,-0.44402705476064025,0
28.740000000000002,-0.028136336051607952,0
28.75,-0.3920422826612358,0
28.76,-0.4972831049554276,0
28.77,-0.3804669981782112,0
28.78,0.1599758764520954,0
28.79,0.039744172383437776,0
28.8,-1.0824716182803993,0
28.810000000000002,-1.300416364066019,0
28.82,-0.5487123751737151,0
28.830000000000002,0.20614465414199515,0
28.84,-1.3119986587971781,0
28.85,-0.49449562618076925,0
28.86,-0.30422177414901674,0
28.87,0.7629506303093947,0
28.88,0.08538697365176248,0
28.89,0.3250085002065045,0
28.900000000000002,0.25620279886126696,0
28.91,-0.9708050736897924,0
28.92,0.2661616249959875,0
28.93,0.2810317246131134,0
28.94,0.44073355203409215,0
28.95,2.300867448787448,0
28.96,-0.43480287043742244,0
28.97,0.909624301042612,0
28.98,0.17421299826238013,0
28.990000000000002,0.2964683642171488,0
29.0,0.14980206795578943,0
29.01,-0.08852893829776862,0
29.02,-0.22562753765123142,0
29.03,0.21904836563037758,0
29.04,-0.6531866385814213,0
29.05,0.33643228116726187,0
29.060000000000002,-0.03749158983000164,0
29.07,-0.5111167012543738,0
29.080000000000002,-0.2673495779427423,0
29.09,0.7027354830298308,0
29.1,-0.00928490539715593,0
29.11,0.28870329089620383,0
29.12,-0.21692946353766593,0
29.13,0.4495616823184473,0
29.14,0.5776406996674578,0
29.150000000000002,1.2290720202713845,0
29.16,0.31400584067034965,0
29.17,0.53483475735616,0
29.18,0.2862034151584888,0
29.19,0.8619377370040087,0
29.2,-0.06701038142806148,0
29.21,0.4803169013862062,0
29.22,0.1167431765520238,0
29.23,0.09536961297104003,0
29.240000000000002,0.17308926729349017,0
29.25,0.27800378278336135,0
29.26,0.10802858496415815,0
29.27,0.24179228296279315,0
29.28,1.001313403870255,0
29.29,0.8755959890102328,0
29.3,0.7822544700564663,0
29.310000000000002,0.0534918819143852,0
29.32,-0.3596409411730455,0
29.330000000000002,0.5193781115924436,0
29.34,0.6969464634706142,0
29.35,1.0590807716095938,0
29.36,0.04374339223966486,0
29.37,-0.010673777896008513,0
29.38,-0.7750994197035768,0
29.39,-0.302108532167262,0
29.400000000000002,0.5558716825313266,0
29.41,-0.008748455473894357,0
29.42,0.43961866214990764,0
29.43,0.10920166838912077,0
29.44,0.30063767553350224,0
29.45,-0.4352423236232332,0
29.46,0.03736962191311101,0
29.47,-1.482720823152143,0
29.48,-0.3693681874639635,0
29.490000000000002,-0.8597668603323086,0
29.5,0.5281712065444548,0
29.51,0.6469367340449853,0
29.52,0.5111688091642572,0
29.53,1.038716206674322,0
29.54,-0.14469905041877532,0
29.55,0.9953297305441275,0
29.560000000000002,0.8462480229543848,0
29.57,0.1865974259620561,0
29.580000000000002,0.7524351756318588,0
29.59,-0.2999846973954017,0
29.6,-0.4130136028859523,0
29.61,-0.32626484057162486,0
29.62,-0.26216284055419325,0
29.63,-0.5270736380781336,0
29.64,0.6207061863943424,0
29.650000000000002,0.1184858270113888,0
29.66,0.31851967775818824,0
29.67,-0.12290681534810882,0
29.68,-0.8990480930942332,0
29.69,0.020285508305494415,0
29.7,-0.9120207553571016,0
29.71,-0.16328578352335782,0
29.72,-0.6682094667027261,0
29.73,0.9925484409863106,0
29.740000000000002,0.8347946504676275,0
29.75,0.3663595027669002,0
29.76,0.8659198062874081,0
29.77,-0.13283308340030348,0
29.78,0.35761203414998954,0
29.79,0.2972258633123819,0
29.8,0.31634156795325696,0
29.810000000000002,0.8581118778849895,0
29.82,0.7060775730476112,0
29.830000000000002,0.43176498334021995,0
29.84,-0.6718362175939405,0
29.85,-0.5776908677837471,0
29.86,-0.10822463986864414,0
29.87,0.12423106999637222,0
29.88,-0.46923412370507067,0
29.89,1.2685938203071023,0
29.900000000000002,1.2262994928814652,0
29.91,0.7288600809141408,0
29.92,0.32223136272499997,0
29.93,0.06922143130043337,0
29.94,-0.38793425318899705,0
29.95,0.04598615965780206,0
29.96,0.2504855799771267,0
29.97,-0.49691499328632915,0
29.98,0.15549489020784685,0
29.990000000000002,0.057973817141608125,0
30.0,-0.899682179259531,0
30.01,-0.5812887462914151,0
30.02,-0.2637465537926984,0
30.03,1.0411766641230695,0
30.04,0.6585494629612172,0
30.05,-0.4446644424414244,0
30.060000000000002,0.2495724502053063,0
30.07,-0.6596756599581038,0
30.080000000000002,0.5135952197386477,0
30.09,-0.02053070358993439,0
30.1,0.04698162913123426,0
30.11,0.8197755770710238,0
30.12,-0.3785013670645099,0
30.13,-0.7366074358453853,0
30.14,-0.3928886590970565,0
30.150000000000002,0.55681936761985,0
30.16,-0.5678143782624792,0
30.17,-1.5480722956463342,0
30.18,-0.5251543764223838,0
30.19,0.2646722686631253,0
30.2,0.8075069407147222,0
30.21,0.05740198836951438,0
30.22,-0.10255592964259089,0
30.23,0.6910642424156209,0
30.240000000000002,-0.7207090609952653,0
30.25,-0.28483239271527827,0
30.26,0.13246287658269895,0
30.27,0.37462172262159643,0
30.28,-0.0755357121752557,0
30.29,0.10177363474808661,0
30.3,-1.1973443846765857,0
30.310000000000002,-0.5475248054775474,0
30.32,0.20699749952382945,0
30.330000000000002,-0.36896986009888005,0
30.34,0.04157320176240209,0
30.35,0.3507906859559027,0
30.36,0.007717743154527029,0
30.37,0.19516450155179577,0
30.38,-0.3614232490950328,0
30.39,-0.09789148485212451,0
30.400000000000002,0.4029983131856063,0
30.41,0.286870260448826,0
30.42,-0.13808648384150926,0
30.43,0.1874434488624851,0
30.44,0.5299950984326055,0
30.45,-0.8565703668764473,0
30.46,0.5057193191932225,0
30.47,0.04999387971118824,0
30.48,0.3417357417805038,0
30.490000000000002,0.8256763267762968,0
30.5,-0.4213618756989425,0
30.51,-0.3804418797939718,0
30.52,-0.14605460325378997,0
30.53,-0.35115449971199936,0
30.54,0.9388789616082012,0
30.55,-0.11877153312778338,0
30.560000000000002,-0.22275382449679673,0
30.57,0.15596041113097514,0
30.580000000000002,-0.49837511925911193,0
30.59,-0.23246875995885705,0
30.6,0.21379396781947524,0
30.61,-0.020938101608656223,0
30.62,0.04792413445969171,0
30.63,-0.16699935977070116,0
30.64,-0.7453338805870912,0
30.650000000000002,0.08786807656353984,0
30.66,1.0594896095709376,0
30.67,0.37764794253912004,0
30.68,0.31736615426578474,0
30.69,0.5512509472851904,0
30.7,-0.435123253553644,0
30.71,0.9009124069501208,0
30.72,0.43603654124561764,0
30.73,1.0811086209023988,0
30.740000000000002,-0.01699351315197961,0
30.75,1.0670457898079215,0
30.76,0.7826881751403019,0
30.77,0.593331434877025,0
30.78,0.37612211777239407,0
30.79,0.06486019633107157,0
30.8,0.7587372297770653,0
30.810000000000002,0.3676445622523171,0
30.82,-0.8523921896500891,0
30.830000000000002,-0.7047917758724815,0
30.84,-0.1719031157075995,0
30.85,0.22539065128157298,0
30.86,0.12951016351782574,0
30.87,0.7848370623211802,0
30.88,-0.7394897421475756,0
30.89,-0.005058607333775,0
30.900000000000002,-0.8660376561121927,0
30.91,0.29144581086063204,0
30.92,0.1259572581937843,0
30.93,0.3583615001120458,0
30.94,-0.26702592851180146,0
30.95,0.7180521091877456,0
30.96,0.8377332152869924,0
30.970000000000002,0.623672962301858,0
30.98,0.19044414739441265,0
30.990000000000002,0.45992047510170997,0
31.0,-0.15793344524271075,0
31.01,0.5196783559998566,0
31.02,1.1118910200657324,0
31.03,0.9516919080069223,0
31.04,-0.04701815172980778,0
31.05,0.2843273124789308,0
31.060000000000002,-0.5139306592800832,0
31.07,0.27998274425114356,0
31.080000000000002,0.4136217670710198,0
31.09,-0.7886572289087219,0
31.1,-0.7121582901387795,0
31.11,-0.22510774468723224,0
31.12,-0.11276566064148652,0
31.13,-0.5685343751633648,0
31.14,0.16877376447148043,0
31.150000000000002,0.2798908614298233,0
31.16,0.07031279697105294,0
31.17,-0.2810958007226572,0
31.18,0.5920274410720269,0
31.19,1.1334136776199881,0
31.2,0.1297004520521305,0
31.21,-0.18969848407934115,0
31.220000000000002,0.31805387398245255,0
31.23,-0.007240402594501094,0
31.240000000000002,0.02788160909620571,0
31.25,0.5048036087603884,0
31.26,-0.7866403652355423,0
31.27,0.6093565951278028,0
31.28,0.2950345562841817,0
31.29,-0.04136930637906924,0
31.3,0.04616014583969699,0
31.310000000000002,0.09557129061501442,0
31.32,-0.7939777525492991,0
31.330000000000002,0.7016839939667142,0
31.34,0.301515641417151,0
31.35,0.4153965164429719,0
31.36,0.7147023295995265,0
31.37,-0.26099388277473967,0
31.38,0.2910435256691566,0
31.39,0.034400141592835526,0
31.400000000000002,0.5637188636504485,0
31.41,-0.8876942137531127,0
31.42,-0.1704792046709558,0
31.43,-0.2594115065981384,0
31.44,0.26958983531090996,0
31.45,0.42197594638668084,0
31.46,-0.16706238855796213,0
31.470000000000002,-0.31672801899181025,0
31.48,-0.0338040812117886,0
31.490000000000002,-0.3816175709117329,0
31.5,0.45732444037859765,0
31.51,0.022073992791369595,0
31.52,-1.4381805342064937,0
31.53,-0.45476070833769255,0
31.54,-0.5623451577191352,0
31.55,-0.9048761388796821,0
31.560000000000002,-0.7807545561875308,0
31.57,-0.032471283416645624,0
31.580000000000002,0.8038994378091373,0
31.59,0.47224158418018664,0
31.6,-0.10042333384246521,0
31.61,0.32219558168166557,0
31.62,-0.05940079606715548,0
31.63,-0.2802016195406014,0
31.64,-0.5802257831152858,0
31.650000000000002,-0.9733879396490479,0
31.66,-0.34640043500783035,0
31.67,0.10217920284914075,0
31.68,0.078715152808845,0
31.69,-0.09719680815908074,0
31.7,-0.4232852745397605,0
31.71,0.3227637502408083,0
31.720000000000002,-0.5160400948924002,0
31.73,0.3889557766915008,0
31.740000000000002,-0.33175778818197593,0
31.75,-0.3789030946340446,0
31.76,-0.7710904473444222,0
31.77,-0.3550213620353872,0
31.78,0.5354138784960772,0
31.79,0.5132400077338112,0
31.8,0.7541660694155763,0
31.810000000000002,0.5714280521323841,0
31.82,-0.34004339961872376,0
31.830000000000002,-0.15630975551895573,0
31.84,-0.3496875853731043,0
31.85,0.7260447926773719,0
31.86,-0.3509168647861159,0
31.87,0.4931156133797505,0
31.88,0.7037429205228378,0
31.89,1.25522283165281,0
31.900000000000002,0.20059836295131658,0
31.91,0.5344666651830872,0
31.92,1.4536722878730324,0
31.93,0.139513036165542,0
31.94,-0.6775586092592554,0
31.95,-1.0655198851642966,0
31.96,0.21822076248545283,0
31.970000000000002,-0.8432169540816811,0
31.98,-0.3039904482749951,0
31.990000000000002,0.2619889865895168,0
32.0,0.26922678722940163,0
32.01,0.3990032176267667,0
32.02,0.3232752187248547,0
32.03,0.8670221921516162,0
32.04,-0.1852090842984473,0
32.05,-0.3016336040732681,0
32.06,-0.3816693169608417,0
32.07,0.4519114996310086,0
32.08,0.6977092831474135,0
32.09,0.5199731317263983,0
32.1,0.8655127411589805,0
32.11,-0.3056876918542144,0
32.12,0.9167309222837539,0
32.13,1.1456731568078597,0
32.14,0.7834900399531906,0
32.15,1.2500851962603758,0
32.160000000000004,-0.46433197970568063,0
32.17,-0.2899983199759252,0
32.18,-0.3586879403189932,0
32.19,0.3999426150195925,0
32.2,-0.3538349895526337,0
32.21,0.42036517148731944,0
32.22,0.9403959159320028,0
32.230000000000004,0.7107796454117876,0
32.24,0.4342777256408445,0
32.25,-0.312017758129958,0
32.26,-0.4234775197580083,0
32.27,0.6651162776281576,0
32.28,0.6868441455749638,0
32.29,0.2564807434173955,0
32.3,-0.052867717587421925,0
32.31,-0.9864526520761802,0
32.32,-0.711286842800176,0
32.33,0.9456838167869666,0
32.34,-0.33984455069495906,0
32.35,0.12158030467880092,0
32.36,0.6725458093454595,0
32.37,-0.3944881448100544,0
32.38,0.10542325407684257,0
32.39,0.6315238543723838,0
32.4,0.27024680485717967,0
32.410000000000004,1.7008113415682253,0
32.42,-0.3576465158993174,0
32.43,0.5801515708866307,0
32.44,0.15878232206153375,0
32.45,0.5565521253065149,0
32.46,0.47994594007653457,0
32.47,-0.16463427843646833,0
32.480000000000004,0.18661519734667512,0
32.49,-0.836904631517512,0
32.5,0.2178782543908498,0
32.51,0.31911767658411755,0
32.52,0.5257710166958739,0
32.53,0.8008249129478476,0
32.54,0.50188793999263,0
32.55,0.31026031184572245,0
32.56,-0.2856950586614289,0
32.57,-0.3447523599796392,0
32.58,0.6517581674746031,0
32.59,1.0338212395218114,0
32.6,0.23764985760524066,0
32.61,0.18992148932240516,0
32.62,-0.32823350344548863,0
32.63,0.648515240765458,0
32.64,0.6225401599220335,0
32.65,1.2954692800988965,0
32.660000000000004,-0.0377889117449825,0
32.67,-0.10465389832187993,0
32.68,0.20319957172337139,0
32.69,0.5012023607621177,0
32.7,0.11658807316740563,0
32.71,-0.3295833532367831,0
32.72,0.49315088893216996,0
32.730000000000004,0.6134979000408798,0
32.74,-0.22837953237260372,0
32.75,0.7709343392293404,0
32.76,0.9221277828093133,0
32.77,0.4082857036055292,0
32.78,0.2507101816803347,0
32.79,0.46399684017457066,0
32.8,-0.2366100756317695,0
32.81,0.06313214263087168,0
32.82,-1.0241312595459844,0
32.83,0.317030275753174,0
32.84,-0.6459590967778007,0
32.85,0.7454815167284885,0
32.86,0.11693092832918611,0
32.87,0.02288754504837054,0
32.88,-0.22217979184731204,0
32.89,-0.10253328007206308,0
32.9,0.8362008435939206,0
32.910000000000004,-1.0093654685925533,0
32.92,0.5341314244445402,0
32.93,0.4199997432318595,0
32.94,-0.43131040439583335,0
32.95,-0.5739844357079045,0
32.96,0.8557407553631005,0
32.97,-0.18306830515075778,0
32.980000000000004,-0.5534409772921656,0
32.99,0.5738392792936458,0
33.0,0.43030424599649464,0
33.01,-0.2853356343133959,0
33.02,0.1506068002974157,0
33.03,-0.4020038699494701,0
33.04,0.5923325917193064,0
33.05,0.8199215007047089,0
33.06,0.5949268743745256,0
33.07,0.4479769423422049,0
33.08,1.1565503912264998,0
33.09,0.3956455014920601,0
33.1,-0.423789802226331,0
33.11,0.24011508968623704,0
33.12,1.2776375642436184,0
33.13,-0.1142570636286338,0
33.14,-0.11431380905519209,0
33.15,0.2999492202600681,0
33.160000000000004,0.15304994079732417,0
33.17,-0.3780665360169556,0
33.18,0.6097077388611999,0
33.19,1.4947391979229867,0
33.2,0.5849539080675743,0
33.21,-0.2283742229516756,0
33.22,-0.775120797112814,0
33.230000000000004,0.05046313679659509,0
33.24,0.707344630113623,0
33.25,0.5367682412659331,0
33.26,0.2398136782798132,0
33.27,-0.1469395307558144,0
33.28,-0.5114223302572141,0
33.29,0.4236202067169193,0
33.3,0.6994750894782192,0
33.31,-0.5413191450467246,0
33.32,0.8182961959989459,0
33.33,0.6172810486950409,0
33.34,1.0066606503198783,0
33.35,-0.3560450771482409,0
33.36,-0.7093276122051113,0
33.37,-0.14961714243490334,0
33.38,0.33740532552502134,0
33.39,1.1480489425732936,0
33.4,0.7701093482896335,0
33.410000000000004,0.17038923404123435,0
33.42,-0.39686923487875503,0
33.43,0.662925464291902,0
33.44,-0.2408711348186978,0
33.45,0.9141490968372371,0
33.46,0.18425538731250762,0
33.47,1.000280657710296,0
33.480000000000004,0.7188137194689104,0
33.49,0.21395011591364266,0
33.5,-0.11589486449874728,0
33.51,-0.10329186221003309,0
33.52,0.3095108804589049,0
33.53,0.22571920628761527,0
33.54,-0.15252995237791483,0
33.55,-0.01905853846547692,0
33.56,0.14437167120433286,0
33.57,-0.9902289216135535,0
33.58,0.10375017444630963,0
33.59,-0.3884690355411209,0
33.6,-0.6039652011880366,0
33.61,-0.9422067183378335,0
33.62,-1.0834950677252668,0
33.63,-0.8853171011808028,0
33.64,-0.491515072100852,0
33.65,1.0247059509642957,0
33.660000000000004,0.08354510855079442,0
33.67,0.2229751272618752,0
33.68,0.3764574612247441,0
33.69,0.2713669967851691,0
33.7,0.13406873419252482,0
33.71,-0.4955379430093521,0
33.72,0.7562789290675275,0
33.730000000000004,1.2589714884355019,0
33.74,-0.47381372872817595,0
33.75,-0.5562538393728639,0
33.76,-0.1805289877449763,0
33.77,-0.45122680996447095,0
33.78,0.26420597144656965,0
33.79,-0.21419848373856545,0
33.8,1.2070119775500212,0
33.81,1.0433674322611513,0
33.82,0.4816627724009249,0
33.83,0.7749521478100384,0
33.84,0.8903113966230132,0
33.85,0.02991072028113198,0
33.86,-0.31951967154228844,0
33.87,0.06941337450278212,0
33.88,0.5838965525780133,0
33.89,0.32773259024146195,0
33.9,-0.6501568681169136,0
33.910000000000004,-0.4823431351590478,0
33.92,-0.052238359243803933,0
33.93,0.05439858857795846,0
33.94,1.1718127691554332,0
33.95,-0.3373570611072592,0
33.96,0.29269408649722617,0
33.97,0.9739800989000676,0
33.980000000000004,1.5609355287039528,0
33.99,0.282703657989678,0
34.0,0.44021713453634553,0
34.01,0.5213215436701282,0
34.02,0.3422931594034915,0
34.03,0.14080865300864917,0
34.04,0.37526035140136627,0
34.05,-1.1467971566727464,0
34.06,0.18443668519736406,0
34.07,0.22122528623647772,0
34.08,0.04476451215276461,0
34.09,1.2091631766331887,0
34.1,0.05082246111098726,0
34.11,-0.09397682282376496,0
34.12,1.145059675561618,0
34.13,-0.04884350658513398,0
34.14,-0.1971612421765621,0
34.15,-0.019569272474134203,0
34.160000000000004,0.550857494017077,0
34.17,0.3564174533440011,0
34.18,-0.49121140505077376,0
34.19,-0.298136807232938,0
34.2,-0.2898954970983134,0
34.21,-0.005508705966303401,0
34.22,0.3334994126595786,0
34.230000000000004,0.41419572789218895,0
34.24,-0.7341165536139902,0
34.25,0.49119191293214304,0
34.26,0.3654464873059522,0
34.27,0.936832068538735,0
34.28,0.5789293094133736,0
34.29,0.8394072682724822,0
34.300000000000004,0.5664969408806653,0
34.31,0.9667417842534669,0
34.32,0.6280188307210184,0
34.33,0.21308950781481592,0
34.34,1.3716635633353038,0
34.35,0.9246106998461052,0
34.36,0.644954556898289,0
34.37,-0.410164102785494,0
34.38,-0.6803243877654777,0
34.39,0.09409750119415322,0
34.4,0.20932831056541207,0
34.410000000000004,-0.1663895770126174,0
34.42,0.14181253733623825,0
34.43,0.9897960193685172,0
34.44,0.7261298325700893,0
34.45,-0.3177288241871845,0
34.46,-0.030437274693041028,0
34.47,-0.3278936361351345,0
34.480000000000004,-0.18003723583423115,0
34.49,-0.1568628470254385,0
34.5,-0.18515611282976074,0
34.51,-0.6062588107429604,0
34.52,-0.11110002737987479,0
34.53,-0.21786174852056886,0
34.54,-1.5060321861138906,0
34.550000000000004,0.8252509117301337,0
34.56,0.8946112041516889,0
34.57,0.1317609294681137,0
34.58,0.1514747519780205,0
34.59,-0.477554609478395,0
34.6,0.8921785513047762,0
34.61,1.3419638888784537,0
34.62,0.5274932543328766,0
34.63,0.7855078966883969,0
34.64,0.39830293868353567,0
34.65,-0.5036869539327737,0
34.660000000000004,-0.23663043341872905,0
34.67,0.11971148863729578,0
34.68,-0.10351093858407193,0
34.69,-0.033683420291684224,0
34.7,0.051551559552482085,0
34.71,0.0784741375742275,0
34.72,0.15611589906036566,0
34.730000000000004,-0.4171017211890792,0
34.74,-0.3774219779840565,0
34.75,-0.6697411118163173,0
34.76,0.4619975868748876,0
34.77,-0.8971091785496309,0
34.78,0.4987836327448616,0
34.79,0.9717201020338024,0
34.800000000000004,0.19076340874352396,0
34.81,-1.229805274338225,0
34.82,-0.39108505674503674,0
34.83,-0.023163919194622545,0
34.84,-0.4351716468914959,0
34.85,-0.2743555970158358,0
34.86,0.8551139393264827,0
34.87,0.6767063788515546,0
34.88,-0.2143448466331783,0
34.89,-0.7955117973919523,0
34.9,-0.26416325690146575,0
34.910000000000004,-0.07084044747001472,0
34.92,0.3554177179570314,0
34.93,-0.08732561892189883,0
34.94,0.3594657214734732,0
34.95,1.229320313350133,0
34.96,0.8505399181655723,0
34.97,0.2959635840319852,0
34.980000000000004,0.08540483013268443,0
34.99,-0.05963122082985289,0
35.0,0.722794175140464,0
35.01,-0.04438829557117571,0
35.02,0.12197578824740626,0
35.03,0.16675931322575965,0
35.04,-0.11651675357433633,0
35.050000000000004,-0.650993776188133,0
35.06,0.11827894915144313,0
35.07,0.10612551382778201,0
35.08,0.40198000741504875,0
35.09,-0.07460257352622554,0
35.1,0.7405534543577412,0
35.11,-0.17269039587010582,0
35.12,0.9776436476700345,0
35.13,-0.5771622012997909,0
35.14,0.19635501301929204,0
35.15,0.41139784476484925,0
35.160000000000004,-0.21167687410980762,0
35.17,0.2822315977747745,0
35.18,0.8611030154129866,0
35.19,-0.8560917047995369,0
35.2,0.16288325308163618,0
35.21,-1.1778465949276948,0
35.22,-0.6995148569768972,0
35.230000000000004,0.8019172322888317,0
35.24,-0.00012243741044848377,0
35.25,-0.5159351886561989,0
35.26,-0.1251546263257504,0
35.27,1.17919239184362,0
35.28,-0.5713789645415477,0
35.29,-0.593435957786327,0
35.300000000000004,0.7583545192410484,0
35.31,1.2881690194169995,0
35.32,0.37626002145546794,0
35.33,-0.4564656125005044,0
35.34,1.111312652369793,0
35.35,1.2362534800687301,0
35.36,0.7799651411177102,0
35.37,-0.12829300008134187,0
35.38,0.05117543022938331,0
35.39,0.036764943492700236,0
35.4,0.29475960954537783,0
35.410000000000004,0.9557875764816784,0
35.42,0.8166656494480072,0
35.43,-0.26016618396933255,0
35.44,0.7774092464918748,0
35.45,0.47053401939066414,0
35.46,0.5929578865731487,0
35.47,1.0386715904610837,0
35.480000000000004,-0.22283044504115274,0
35.49,0.03468107503379285,0
35.5,-0.16487115027779856,0
35.51,-0.7666715357413254,0
35.52,0.10246372979650142,0
35.53,1.472614298370255,0
35.54,-0.5022368321383898,0
35.550000000000004,-0.033224292530521726,0
35.56,0.4423407512486487,0
35.57,0.28567348647315455,0
35.58,0.12072817232925416,0
35.59,-0.5521323103961531,0
35.6,0.09550778316254864,0
35.61,-0.2695431914790053,0
35.62,-1.1240032999570126,0
35.63,0.4647640787126528,0
35.64,0.7361772539724628,0
35.65,0.32117718324271394,0
35.660000000000004,0.31191573825565666,0
35.67,0.7597317174782232,0
35.68,0.4190518034017544,0
35.69,0.6958437149846297,0
35.7,0.12521023038554915,0
35.71,0.8396585881793537,0
35.72,0.4904322668492218,0
35.730000000000004,0.33564490066648994,0
35.74,-0.48273428220192677,0
35.75,0.1418466513297411,0
35.76,-0.2978581294598005,0
35.77,-0.3046377105712597,0
35.78,-0.4006314739275484,0
35.79,-0.5582120047208755,0
35.800000000000004,1.101725397974422,0
35.81,1.0941883810033064,0
35.82,1.405991786082443,0
35.83,-0.1899460704675245,0
35.84,0.10025849622850105,0
35.85,-0.5539646193600475,0
35.86,-0.39915484812554686,0
35.87,-0.47889613657477986,0
35.88,0.6502347981922657,0
35.89,0.06139831363786874,0
35.9,0.6941542106462264,0
35.910000000000004,0.6051183515421973,0
35.92,1.4879216078597672,0
35.93,-0.30599336163337865,0
35.94,0.7039791619902969,0
35.95,0.8964154570207137,0
35.96,-0.18434504639657678,0
35.97,0.6001663357228022,0
35.980000000000004,0.438978272213839,0
35.99,0.09854211970693487,0
36.0,-0.3041934640541722,0
36.01,-0.34904482662457137,0
36.02,1.114299513541253,0
36.03,0.3889110558807295,0
36.04,0.6237210126560122,0
36.050000000000004,-0.15526111522830785,0
36.06,-0.34411513100763613,0
36.07,0.6001744100735692,0
36.08,-0.45863619464547545,0
36.09,-0.22574909211841732,0
36.1,0.07171826697696947,0
36.11,0.18728296635814728,0
36.12,0.061499635670213326,0
36.13,0.336224044362236,0
36.14,0.5630960370106715,0
36.15,0.6420730689232392,0
36.160000000000004,-0.2543695271089348,0
36.17,-0.10481880419001277,0
36.18,0.720153475678305,0
36.19,0.7665830790142535,0
36.2,-0.4293279632023903,0
36.21,0.18997436100053042,0
36.22,-0.895841429251141,0
36.230000000000004,-0.08881765564281444,0
36.24,1.098580175598626,0
36.25,-0.11997576780462446,0
36.26,-0.36412631716786026,0
36.27,0.42602377587967144,0
36.28,-0.6048990340152731,0
36.29,-0.3779893997347006,0
36.300000000000004,0.3333367729619774,0
36.31,-0.14422862838217962,0
36.32,-0.05149426477190763,0
36.33,0.4936652242802377,0
36.34,0.4581465972758153,0
36.35,0.36687744558977464,0
36.36,0.02138384352555142,0
36.37,0.31268398618177584,0
36.38,0.122554838769406,0
36.39,0.3847205511937147,0
36.4,-0.058161059630417594,0
36.410000000000004,-0.0014637165961536858,0
36.42,-0.4172440179680038,0
36.43,-0.012636176097672092,0
36.44,-0.3247196405526286,0
36.45,-0.5641146620072253,0
36.46,0.10705998582357537,0
36.47,0.2504071586876615,0
36.480000000000004,0.5898686023034501,0
36.49,0.028244815531020484,0
36.5,0.33473913447416104,0
36.51,0.48738750221287164,0
36.52,0.46909638643766516,0
36.53,-0.2120155988779586,0
36.54,0.13694552423380596,0
36.550000000000004,0.33857015355764414,0
36.56,0.19888968540475904,0
36.57,-0.9509679346874739,0
36.58,-0.041835060100373966,0
36.59,1.278240534965214,0
36.6,0.23828321859040755,0
36.61,-0.217691174428794,0
36.62,0.2548711943020342,0
36.63,0.34055093605885145,0
36.64,0.8307999390858769,0
36.65,-0.3516623888451218,0
36.660000000000004,0.41207480854273615,0
36.67,0.5279518523627869,0
36.68,0.1668104697634436,0
36.69,0.3325939951291871,0
36.7,0.7419072081004943,0
36.71,0.7605596909410756,0
36.72,-0.3080060060737332,0
36.730000000000004,0.47032156173275586,0
36.74,0.19369921604776724,0
36.75,0.19780843142010351,0
36.76,0.19901549025565463,0
36.77,0.08033538576811025,0
36.78,0.7653090152807247,0
36.79,0.25735121492309737,0
36.800000000000004,-0.4212454662915583,0
36.81,-0.20425768391161267,0
36.82,0.1547267035687409,0
36.83,0.8039194183662449,0
36.84,0.6327942757556014,0
36.85,-0.1840884864053557,0
36.86,1.3880895867431715,0
36.87,0.5986927766341197,0
36.88,0.9395394873086178,0
36.89,0.26477501130182113,0
36.9,0.460917330479951,0
36.910000000000004,0.6729744365111205,0
36.92,0.9276813048757429,0
36.93,0.9057198336382131,0
36.94,0.8016267458990465,0
36.95,0.14334058699158658,0
36.96,-0.15790358414379363,0
36.97,0.2483929548788404,0
36.980000000000004,0.6697728903955433,0
36.99,0.15959514639030645,0
37.0,0.7179063277440073,0
37.01,1.0638195201538487,0
37.02,-0.11123750453331316,0
37.03,-0.3627109719958794,0
37.04,-0.05463689487394943,0
37.050000000000004,0.26095820967098693,0
37.06,-0.10330066482241806,0
37.07,0.8050878745333129,0
37.08,0.537927306522431,0
37.09,0.26632085534178573,0
37.1,-0.5872528114150064,0
37.11,-0.7366848479885475,0
37.12,0.07632995190434616,0
37.13,-1.005738707219634,0
37.14,0.3986986686701086,0
37.15,0.12632763556774207,0
37.160000000000004,1.8695257375943282,0
37.17,1.807317890429184,0
37.18,0.46609838709340295,0
37.19,0.17080045782205053,0
37.2,0.6837934947938866,0
37.21,1.1888660217755367,0
37.22,-0.46416629935795234,0
37.230000000000004,-0.9564170018716402,0
37.24,-0.45942023208844907,0
37.25,0.30641970926148077,0
37.26,0.4521611112019517,0
37.27,0.7936917465226677,0
37.28,-0.3294907520795019,0
37.29,-1.2048263914294977,0
37.300000000000004,0.2666975800921602,0
37.31,-0.26338093590186484,0
37.32,-1.0297658262743212,0
37.33,-0.06918773190668137,0
37.34,0.5161061108252613,0
37.35,0.17504274325638688,0
37.36,-0.08903690642456921,0
37.37,0.0039044103729143353,0
37.38,-0.08533580320010034,0
37.39,-0.6281732284396964,0
37.4,-0.42658586211853233,0
37.410000000000004,0.2820102870189557,0
37.42,0.35287133373802326,0
37.43,0.288785957652185,0
37.44,-0.3466780243317098,0
37.45,-0.0722425223425475,0
37.46,-1.0663339137673291,0
37.47,-0.060441177382675126,0
37.480000000000004,0.8569106074854433,0
37.49,-0.45968909754958387,0
37.5,-0.3158322385141,0
37.51,0.20742666186775988,0
37.52,0.8301698606350143,0
37.53,0.07998404443345908,0
37.54,-0.23750811986375872,0
37.550000000000004,-0.9967478274403796,0
37.56,-0.08294586660133416,0
37.57,1.177904097457256,0
37.58,0.5533488530914966,0
37.59,0.23764904941208498,0
37.6,0.3421150896758992,0
37.61,0.19081100954040875,0
37.62,-0.2740604597046916,0
37.63,0.4811124272830918,0
37.64,0.3517124823808215,0
37.65,0.20852261310215547,0
37.660000000000004,-0.3560648988357575,0
37.67,0.7163752145069997,0
37.68,0.6443053414309389,0
37.69,-0.02213322023688455,0
37.7,0.6392202838184432,0
37.71,0.006083965350200449,0
37.72,-0.30366422788236214,0
37.730000000000004,-0.3692192674908267,0
37.74,-0.9241894741517958,0
37.75,0.1313435010079845,0
37.76,-0.8310290719919736,0
37.77,-0.7506564759707969,0
37.78,-1.1816912349630915,0
37.79,-0.22995519123794309,0
37.800000000000004,-0.02623081318087339,0
37.81,-0.06921987003599361,0
37.82,-0.4611930979554439,0
37.83,-0.6282267058069679,0
37.84,0.20157004305891169,0
37.85,-0.13145627721995176,0
37.86,0.24695344471849487,0
37.87,-0.29833611275222094,0
37.88,0.13319591520804508,0
37.89,0.8387041005389995,0
37.9,0.6331996359657242,0
37.910000000000004,0.05005070184484295,0
37.92,0.2608618285596815,0
37.93,0.048440380603273075,0
37.94,0.12770011524344937,0
37.95,-0.030074851273837105,0
37.96,0.016372383641504368,0
37.97,0.22845154814196222,0
37.980000000000004,-0.3604684446607749,0
37.99,-0.5196853412740154,0
38.0,-0.7579402749661417,0
38.01,-0.930251085910452,0
38.02,-0.7693681591854064,0
38.03,0.004023665337915289,0
38.04,-0.36298278205462253,0
38.050000000000004,0.2942299472006719,0
38.06,0.2035073878794064,0
38.07,-0.8859516146697008,0
38.08,0.238784719759348,0
38.09,0.6029557740664291,0
38.1,-0.26704146966559783,0
38.11,0.2684985516234737,0
38.12,-0.27749304700553823,0
38.13,0.09414307734548302,0
38.14,-0.5383451062460712,0
38.15,-0.9779639398604479,0
38.160000000000004,-0.33683436627740393,0
38.17,-0.0385727835797921,0
38.18,-0.10989024534786959,0
38.19,-0.5464735881899496,0
38.2,-0.23803626323350144,0
38.21,0.19544785051763633,0
38.22,0.13650832002258328,0
38.230000000000004,0.24287426338834112,0
38.24,-0.1845769482801826,0
38.25,0.6894066841415343,0
38.26,-0.34242673402942797,0
38.27,0.2856170702374548,0
38.28,0.8123890203698221,0
38.29,0.5707892655515853,0
38.300000000000004,0.14644292390891162,0
38.31,-0.13312380320745626,0
38.32,0.6300797880546198,0
38.33,-0.48865139635978455,0
38.34,-0.5271699608556764,0
38.35,-0.2318824915504722,0
38.36,0.7127523636539231,0
38.37,0.49206177155918707,0
38.38,-0.28086372153114214,0
38.39,-0.12382119417498794,0
38.4,-0.24645427541745638,0
38.410000000000004,-0.32794627464408876,0
38.42,0.5509666931024867,0
38.43,-0.48109457240403153,0
38.44,0.8481292267600546,0
38.45,0.7647693307089252,0
38.46,0.8837952507973649,0
38.47,0.08610299292559842,0
38.480000000000004,0.05336789190487616,0
38.49,-0.638165904060864,0
38.5,-0.32724170183962903,0
38.51,0.2927841797647346,0
38.52,0.8751062990548597,0
38.53,-0.25910736798171036,0
38.54,-0.14770058740378522,0
38.550000000000004,-0.00577129899568507,0
38.56,-0.6330187524350808,0
38.57,0.268395515553128,0
38.58,-0.2067106268679276,0
38.59,-0.043984149929119615,0
38.6,-0.13992434775410775,0
38.61,-0.34357611140029454,0
38.62,0.022114655037408254,0
38.63,0.0024742045492887055,0
38.64,-0.08563879989949486,0
38.65,-0.2975662827645703,0
38.660000000000004,0.2075462466091025,0
38.67,1.044280444532214,0
38.68,0.4473542193103687,0
38.69,0.7541005609259607,0
38.7,-0.440018265440123,0
38.71,0.08581239439970381,0
38.72,-0.451126025846159,0
38.730000000000004,-0.7874832007652539,0
38.74,-0.47879460318303635,0
38.75,0.6268518731480648,0
38.76,0.7744566494321351,0
38.77,0.4348541601564112,0
38.78,-0.595667438598283,0
38.79,-0.14160258845432427,0
38.800000000000004,0.23711043681346397,0
38.81,0.26460659968236006,0
38.82,-0.8038790404813713,0
38.83,-0.5632365199221281,0
38.84,-0.06306943953176647,0
38.85,0.38169428602806665,0
38.86,-0.9622194835888841,0
38.87,-0.2150147948209339,0
38.88,0.13430605943191426,0
38.89,0.5979104991760567,0
38.9,0.6303387876859083,0
38.910000000000004,0.5797189425707896,0
38.92,-0.16916785779067006,0
38.93,-0.9464670205621756,0
38.94,-0.33402357026858226,0
38.95,0.5618102780265266,0
38.96,0.9944324479706674,0
38.97,0.7389211132162499,0
38.980000000000004,0.5252942602804084,0
38.99,0.4454241967365754,0
39.0,-0.07286335357259593,0
39.01,0.024460129979325063,0
39.02,1.0068952045596364,0
39.03,-0.13827543164184194,0
39.04,0.9373079930441452,0
39.050000000000004,0.17479013531780033,0
39.06,0.8614954321767777,0
39.07,-0.4218418891907651,0
39.08,0.3185210558544184,0
39.09,-0.20075474795013704,0
39.1,-0.6918931711271902,0
39.11,0.055382990791619666,0
39.12,0.6634082983190475,0
39.13,-0.1721216600702255,0
39.14,-0.7293178262191694,0
39.15,-0.11924463872059479,0
39.160000000000004,0.03562584238479338,0
39.17,0.4129093505275214,0
39.18,0.7209272367780917,0
39.19,0.26060244450871267,0
39.2,1.1652867109411036,0
39.21,0.5227537516969152,0
39.22,0.05822721195586497,0
39.230000000000004,-0.7316325798889428,0
39.24,-0.21075273132869657,0
39.25,-0.11979135774114955,0
39.26,0.5934868400957026,0
39.27,0.50670291643064,0
39.28,-0.3893336478844417,0
39.29,0.10644811744070039,0
39.300000000000004,0.49627980818334927,0
39.31,1.0498580039744658,0
39.32,0.8471529134514366,0
39.33,0.7290308958410436,0
39.34,0.32632438423244176,0
39.35,0.40044336596770724,0
39.36,0.8775923369127496,0
39.37,-0.3782729964082985,0
39.38,-0.16857352966379685,0
39.39,-0.3414763400830051,0
39.4,0.22863402635772542,0
39.410000000000004,0.8243894634442894,0
39.42,0.000285461229619588,0
39.43,-1.1607483760886583,0
39.44,-0.397604099297606,0
39.45,0.4991644994716593,0
39.46,0.5232101034591874,0
39.47,0.47094241541212845,0
39.480000000000004,0.08074844302384931,0
39.49,-0.5488191811021759,0
39.5,0.24933364757569873,0
39.51,-0.26982150697793794,0
39.52,1.2077859873377188,0
39.53,0.7178980394140716,0
39.54,-0.01760139013941764,0
39.550000000000004,-0.2178413695499387,0
39.56,0.00819011158813815,0
39.57,-0.013345810417757065,0
39.58,0.7035700602851354,0
39.59,0.38732221237793996,0
39.6,-0.18062928185990393,0
39.61,1.0737320215543065,0
39.62,0.4068578144132159,0
39.63,0.623318294155699,0
39.64,-0.05589957532541856,0
39.65,0.2915730693013653,0
39.660000000000004,0.3507496058529163,0
39.67,-0.8064348752306058,0
39.68,0.9837819177745498,0
39.69,1.0454479410046253,0
39.7,0.1620334807433422,0
39.71,-0.4342939627219673,0
39.72,0.18871353360996682,0
39.730000000000004,0.20554928463248165,0
39.74,0.35299796351626667,0
39.75,0.30247866842422866,0
39.76,0.457421335877904,0
39.77,0.9973101284572428,0
39.78,0.6640790582573863,0
39.79,-0.280739179931762,0
39.800000000000004,0.767650451981648,0
39.81,1.1778231549922256,0
39.82,2.0852654577151712,0
39.83,0.03524764389765353,0
39.84,0.25038946635198966,0
39.85,-0.9339562672837214,0
39.86,0.1733224609390032,0
39.87,-0.13636234706953032,0
39.88,1.1024578795188225,0
39.89,-0.024646578907150718,0
39.9,-0.7934595664807536,0
39.910000000000004,-0.3370750952176774,0
39.92,-1.0240284441901517,0
39.93,0.2562396970738531,0
39.94,-0.9234068459084164,0
39.95,-0.10343163827952825,0
39.96,-1.0200977248641154,0
39.97,-0.31332343753268954,0
39.980000000000004,0.909099422028987,0
39.99,0.5316087877343815,0
40.0,-0.21465965412170032,0
40.01,0.04199967696162185,0
40.02,0.13237871879490973,0
40.03,0.3970737788652869,0
40.04,-0.5163423604454671,0
40.050000000000004,0.29876933398646016,0
40.06,-1.2531968758719476,0
40.07,-0.5364378110421951,0
40.08,-0.28183281764805096,0
40.09,0.37911280043489837,0
40.1,0.21913460256443312,0
40.11,-0.5814209988386417,0
40.12,-0.5575891300104052,0
40.13,0.07871891725752318,0
40.14,0.08988812719826998,0
40.15,-0.17361497990403157,0
40.160000000000004,-0.18714529006287076,0
40.17,0.4362694205300167,0
40.18,-0.05429801710630283,0
40.19,0.0518403198474527,0
40.2,1.2808565765620783,0
40.21,-0.3256157977381048,0
40.22,-0.9552419027423309,0
40.230000000000004,0.2908144145126694,0
40.24,-0.17635963555923037,0
40.25,-0.1012222448862683,0
40.26,-0.3289562337779869,0
40.27,-0.10824694287154249,0
40.28,0.9365631505467901,0
40.29,0.7736516945503153,0
40.300000000000004,0.7649287491950134,0
40.31,-0.45060496805610706,0
40.32,-0.6133253667251931,0
40.33,-1.5528827809440802,0
40.34,-0.7068844467256981,0
40.35,0.44511916179036476,0
40.36,0.49893624394177183,0
40.37,0.11913675612153721,0
40.38,0.13027686899366483,0
40.39,-0.22191618056044135,0
40.4,0.16593470579912922,0
40.410000000000004,0.5617152745699582,0
40.42,-0.6077113483579184,0
40.43,0.12002352936903346,0
40.44,0.6389406675637744,0
40.45,0.051061979882675565,0
40.46,0.49829750656185284,0
40.47,1.7358631518270462,0
40.480000000000004,0.49078765536340424,0
40.49,0.44453672833260394,0
40.5,-0.16951537263474015,0
40.51,0.16653746363998573,0
40.52,0.3991407287346296,0
40.53,0.31594292460167367,0
40.54,-0.35163879084608146,0
40.550000000000004,0.13438613841145597,0
40.56,0.9246700544851496,0
40.57,0.5824863087787621,0
40.58,0.7703198207075579,0
40.59,0.17877065323916125,0
40.6,0.5564505698486951,0
40.61,0.40024391603749543,0
40.62,-0.2939194738201255,0
40.63,0.20855843389436424,0
40.64,-0.36355748664848014,0
40.65,-0.31550247812742305,0
40.660000000000004,0.1343679058731504,0
40.67,0.30430614938170963,0
40.68,-0.4448089121126772,0
40.69,0.5625065811475226,0
40.7,0.5576659518558844,0
40.71,-0.12344886266345312,0
40.72,-0.7372513874539808,0
40.730000000000004,-0.14904926652293593,0
40.74,-0.16231119119261317,0
40.75,0.13210680207109654,0
40.76,-0.04791093209297437,0
40.77,-0.9685829832549994,0
40.78,-0.3365165332468478,0
40.79,-0.13444303579852612,0
40.800000000000004,0.4162764711597727,0
40.81,-0.15530499734727576,0
40.82,0.9675702719676436,0
40.83,-0.6636788426994054,0
40.84,0.6447689640278117,0
40.85,0.15418161470556424,0
40.86,0.6087530304817703,0
40.87,0.30713505015360937,0
40.88,0.7960881620554028,0
40.89,0.10519035232953802,0
40.9,-0.4463030455708513,0
40.910000000000004,0.7573474252907608,0
40.92,0.24136025066725456,0
40.93,0.2907847652615758,0
40.94,0.842703239948375,0
40.95,-0.2264173646321627,0
40.96,0.3729759885804882,0
40.97,-0.10843415505793316,0
40.980000000000004,0.014969301963173115,0
40.99,0.15469718026540874,0
41.0,-0.6477818398945167,0
41.01,-0.4642377264964642,0
41.02,0.7159013732156052,0
41.03,0.7633712928394265,0
41.04,0.26995398600084575,0
41.050000000000004,0.3094302303729789,0
41.06,0.03313396740953735,0
41.07,0.8431837712036793,0
41.08,0.21657394224186566,0
41.09,0.29008128896768326,0
41.1,0.7952963606239067,0
41.11,-0.1026780694287748,0
41.12,0.9169170125966463,0
41.13,-0.47331807049402674,0
41.14,0.8619904064956359,0
41.15,0.12951366935499528,0
41.160000000000004,0.015612539517351198,0
41.17,-0.8901132811594443,0
41.18,-0.3522411923523243,0
41.19,-0.5293117944910414,0
41.2,-0.34343818099240264,0
41.21,-0.04649889464986098,0
41.22,0.6109173263956483,0
41.230000000000004,0.37577041817336554,0
41.24,0.3702769328464827,0
41.25,-0.3783470688241175,0
41.26,-0.45113233263797736,0
41.27,0.9575889579925077,0
41.28,-0.03963494155736502,0
41.29,0.9845693354432133,0
41.300000000000004,0.22919313749519163,0
41.31,0.17100671409023127,0
41.32,0.7252493941004243,0
41.33,0.9711309676969802,0
41.34,0.29626279783047593,0
41.35,-0.02019524168084691,0
41.36,0.07766422969243855,0
41.37,0.3118834656297143,0
41.38,0.6651150484642583,0
41.39,0.28102534188013395,0
41.4,0.5123295401582911,0
41.410000000000004,1.1130615022663586,0
41.42,0.5938214400736377,0
41.43,0.4269171302557141,0
41.44,-0.5896481966463154,0
41.45,-1.4358721100619247,0
41.46,-0.03964757861347168,0
41.47,0.052087878863325165,0
41.480000000000004,-0.14862061366367726,0
41.49,0.20503085673160515,0
41.5,0.13158847240089863,0
41.51,0.7459779348129135,0
41.52,0.34484991417984917,0
41.53,-0.19905188766812318,0
41.54,0.5900342017058143,0
41.550000000000004,0.14437758453091656,0
41.56,0.42899286953139426,0
41.57,-0.03449048619073944,0
41.58,-0.24217887015873144,0
41.59,0.09677740223964623,0
41.6,0.14352573783454198,0
41.61,0.403906001708501,0
41.62,0.07041303118130507,0
41.63,-0.8478230707538708,0
41.64,-0.32992313868442363,0
41.65,0.4527554888542067,0
41.660000000000004,0.06732564203885599,0
41.67,-0.0018764265143909609,0
41.68,0.6373110945316444,0
41.69,-0.10732309182936059,0
41.7,-0.7359279128596291,0
41.71,-0.15702387574730345,0
41.72,-0.18459589894698533,0
41.730000000000004,-0.4482095133908216,0
41.74,-0.09294804754583921,0
41.75,0.351006454324016,0
41.76,0.195304384018434,0
41.77,0.32480342001689383,0
41.78,1.1594032201673699,0
41.79,0.21975445936389928,0
41.800000000000004,0.3156675738573692,0
41.81,-0.07975886769739005,0
41.82,-0.3581580267948601,0
41.83,-0.2885256439033964,0
41.84,-0.2145896990224943,0
41.85,0.2502833125855895,0
41.86,1.426033307284943,0
41.87,0.08768657412272376,0
41.88,-0.08744975047295533,0
41.89,0.05701823157555472,0
41.9,0.337526906792071,0
41.910000000000004,0.33722695316744167,0
41.92,0.8806276987894516,0
41.93,-0.9594879676699901,0
41.94,-1.398502307489596,0
41.95,-0.5012047293762487,0
41.96,0.5715427712600603,0
41.97,-0.578384525277514,0
41.980000000000004,-1.6337742641904884,0
41.99,0.008221051819480962,0
42.0,0.24430225626194826,0
42.01,-0.4070084026842704,0
42.02,-0.5140968050394326,0
42.03,-0.5324576210174039,0
42.04,0.03823820475571532,0
42.050000000000004,-0.21148733472561013,0
42.06,0.3227220242897566,0
42.07,-1.3270219207401304,0
42.08,-0.6755731435016405,0
42.09,-0.656071217994559,0
42.1,-0.18804348112228633,0
42.11,-0.22105619213990174,0
42.12,0.4820991890514703,0
42.13,-0.7571549070669208,0
42.14,-0.052581073938364864,0
42.15,0.39666960579862154,0
42.160000000000004,1.2003778179380586,0
42.17,0.1560165935632907,0
42.18,0.3242684431045535,0
42.19,-0.767075510810539,0
42.2,-1.3530927978885774,0
42.21,0.22407501386352474,0
42.22,0.16553293297547647,0
42.230000000000004,0.7814570698028218,0
42.24,-0.4235477088494299,0
42.25,0.2834517576906924,0
42.26,1.1785457846545722,0
42.27,0.6306150424565982,0
42.28,0.4174127548771625,0
42.29,0.22137821321418846,0
42.300000000000004,-0.6687375331804777,0
42.31,0.6671725093229345,0
42.32,-0.04604454156665533,0
42.33,0.36960843638629926,0
42.34,-0.6275052927029586,0
42.35,-0.6725178121541031,0
42.36,0.708566322128229,0
42.37,0.10465096687035469,0
42.38,0.9125420487178758,0
42.39,0.2989327240357398,0
42.4,-0.7936856138837501,0
42.410000000000004,0.38909144011887326,0
42.42,-0.10441133406550246,0
42.43,0.4584265782229394,0
42.44,0.24048410320886318,0
42.45,-0.6491932295262982,0
42.46,0.03764370882866995,0
42.47,1.2914250668919984,0
42.480000000000004,0.6978356036786553,0
42.49,0.2562740483976933,0
42.5,0.7491707832394625,0
42.51,0.4119237723396849,0
42.52,0.32700663809708264,0
42.53,-0.3871372186663148,0
42.54,0.14018657166297377,0
42.550000000000004,0.6988938795949569,0
42.56,-0.15807332995805315,0
42.57,0.831510141565672,0
42.58,0.27147368379643116,0
42.59,-0.29246874049484495,0
42.6,0.5705868951585683,0
42.61,0.10234706250586141,0
42.62,0.5424820318416604,0
42.63,0.09267407221321905,0
42.64,0.10373274569399041,0
42.65,0.40119355988748573,0
42.660000000000004,0.36763191682147467,0
42.67,-0.858363956758486,0
42.68,-0.6992753770281798,0
42.69,0.43254044702129135,0
42.7,0.150181826286525,0
42.71,-0.12894746719103878,0
42.72,-0.6433146109016471,0
42.730000000000004,-0.6234172039001531,0
42.74,-1.1201259199578648,0
42.75,-0.22156141323786702,0
42.76,-0.26167556540019066,0
42.77,-0.4677588672635907,0
42.78,-0.04081750655169797,0
42.79,0.2960213396622894,0
42.800000000000004,1.3011036666150029,0
42.81,-0.36746033157348723,0
42.82,0.6379392100589051,0
42.83,0.790086855462894,0
42.84,-0.10498326582798065,0
42.85,0.19437193256587973,0
42.86,-0.08272729288442321,0
42.87,0.1905875058676469,0
42.88,0.9636939630346231,0
42.89,0.6758098657605563,0
42.9,0.5521820974333387,0
42.910000000000004,0.02126643979365478,0
42.92,-0.6726220388828829,0
42.93,-0.16680040947902366,0
42.94,0.7132309549765489,0
42.95,-0.5225952349736971,0
42.96,-0.5801554298476218,0
42.97,0.03456669487020149,0
42.980000000000004,-0.4033602284608526,0
42.99,-0.410527369293807,0
43.0,-0.2158558020763124,0
43.01,-0.6688482460572239,0
43.02,-0.5736133480444772,0
43.03,0.34354751577894316,0
43.04,-0.4979850355351545,0
43.050000000000004,-0.8630731126769015,0
43.06,-0.43893466802884945,0
43.07,0.3924002652468874,0
43.08,0.10557186884010931,0
43.09,-0.10867548789099515,0
43.1,0.10878878857934518,0
43.11,-0.7901207423067059,0
43.12,0.17824840890493998,0
43.13,0.36108283660377904,0
43.14,-0.015374737536317573,0
43.15,0.6441698966466678,0
43.160000000000004,-0.32706792172537297,0
43.17,0.6312028486319494,0
43.18,0.35239018952933443,0
43.19,0.021185172302526062,0
43.2,0.10702416398674272,0
43.21,0.08194259435005538,0
43.22,0.7826355956603799,0
43.230000000000004,-0.26540680347254453,0
43.24,-0.3601187125508299,0
43.25,0.5741369043766932,0
43.26,-0.06131283493493522,0
43.27,0.5765310643007424,0
43.28,1.1614333905668126,0
43.29,0.18867688354439396,0
43.300000000000004,0.522304578431401,0
43.31,-0.37152231217041987,0
43.32,0.4213221429719187,0
43.33,0.32380884051439773,0
43.34,0.44513709058127526,0
43.35,-0.12023293387316322,0
43.36,-0.8023736896090494,0
43.37,0.17967325231378634,0
43.38,-0.9416520224196384,0
43.39,-0.29215157163101985,0
43.4,0.5404335683545495,0
43.410000000000004,0.3495568887543924,0
43.42,1.2372036787969931,0
43.43,0.9674582199437034,0
43.44,0.005888391098254925,0
43.45,0.12826233945548488,0
43.46,0.11908106055966747,0
43.47,-0.700555405648618,0
43.480000000000004,-0.5636981160612049,0
43.49,-0.32731609683970664,0
43.5,-1.0539577042044284,0
43.51,-0.12596999087761707,0
43.52,-0.05190749194447844,0
43.53,-0.7916302194349328,0
43.54,0.12956859696507203,0
43.550000000000004,0.5258351544004383,0
43.56,0.36457518318361026,0
43.57,0.03077558477832587,0
43.58,0.43486411562430977,0
43.59,0.5831607005519417,0
43.6,0.42169369302158766,0
43.61,-0.22151444319998423,0
43.62,0.20411510990187712,0
43.63,0.7998552573595621,0
43.64,-0.005574375968082079,0
43.65,1.2280175980382486,0
43.660000000000004,0.13926886348699893,0
43.67,0.16425333799374722,0
43.68,-0.2048838905215107,0
43.69,0.1798504127615076,0
43.7,-0.7706632332768506,0
43.71,-0.37128699485971595,0
43.72,-0.562252721174134,0
43.730000000000004,0.04366798263181801,0
43.74,0.6526506561352348,0
43.75,0.6193357981292775,0
43.76,-0.9960094138352199,0
43.77,0.9506170340809408,0
43.78,0.507043246881882,0
43.79,-0.17461368672931413,0
43.800000000000004,0.15215795754519829,0
43.81,0.24399858286521248,0
43.82,-0.18199240301506928,0
43.83,0.17202441371733374,0
43.84,-0.168372826793555,0
43.85,-0.1453122376193917,0
43.86,-0.2896813955572527,0
43.87,-0.7232573037349401,0
43.88,0.008956148733432229,0
43.89,0.4260354669244578,0
43.9,0.4928028181385785,0
43.910000000000004,0.6719364987257319,0
43.92,0.4527998382628007,0
43.93,-0.05840560560331581,0
43.94,0.5446350633367171,0
43.95,-0.4746848737933901,0
43.96,-0.4862318532318577,0
43.97,-0.5229535372514045,0
43.980000000000004,0.5565007183466681,0
43.99,0.753260774010225,0
44.0,0.5598861820129529,0
44.01,0.8228719940326785,0
44.02,-0.15047474532105737,0
44.03,0.260073015483525,0
44.04,0.11040720281927413,0
44.050000000000004,0.5906412764219154,0
44.06,0.19834047600685056,0
44.07,-0.04337323988583444,0
44.08,0.3892429540311749,0
44.09,0.6759312358999283,0
44.1,-0.07490885641885933,0
44.11,0.06076962537351671,0
44.12,-0.4364466282532876,0
44.13,-1.3274031654960705,0
44.14,-0.11308898524477262,0
44.15,0.4079973276207625,0
44.160000000000004,0.35356118923920654,0
44.17,-0.8378219014963109,0
44.18,-0.2843011000118557,0
44.19,-1.1404335409238848,0
44.2,0.5562916647948053,0
44.21,-0.3273074635854417,0
44.22,0.6986976108108273,0
44.230000000000004,0.7903570544875215,0
44.24,-0.17003715196595434,0
44.25,-0.5337916242509649,0
44.26,0.16509796933660925,0
44.27,-0.29640054067672394,0
44.28,0.09242962181299196,0
44.29,-0.12206639542164652,0
44.300000000000004,-0.8671014785005338,0
44.31,-1.292637650707868,0
44.32,-0.09050582729517992,0
44.33,-0.2097437363056446,0
44.34,-0.23504800743230844,0
44.35,0.42373344204533336,0
44.36,0.8427518417310584,0
44.37,0.1774631397032081,0
44.38,-0.025104507367016582,0
44.39,0.37197381605574364,0
44.4,-0.5177207068969727,0
44.410000000000004,0.10130411418292584,0
44.42,0.4311177808278366,0
44.43,0.5819146149002622,0
44.44,-0.7740261443774041,0
44.45,-0.4870752548150975,0
44.46,-0.4775996050154113,0
44.47,0.045664262362518554,0
44.480000000000004,0.3792958376541718,0
44.49,1.0037368039860899,0
44.5,0.09920498930433927,0
44.51,-0.12832082800010738,0
44.52,0.6920088720425855,0
44.53,0.44278356262173424,0
44.54,0.8976040543675895,0
44.550000000000004,0.4899933428309343,0
44.56,-0.381877118723965,0
44.57,-0.6935818111164,0
44.58,-0.8878097432894918,0
44.59,0.24242942617757823,0
44.6,0.8053882866983345,0
44.61,1.2980041057128209,0
44.62,0.885286169618319,0
44.63,0.9523711710054856,0
44.64,0.041006074181009905,0
44.65,-0.49379297767081487,0
44.660000000000004,0.44103180202689085,0
44.67,0.44446573915113924,0
44.68,0.28010762380356435,0
44.69,0.3880843145014276,0
44.7,0.3808923464392151,0
44.71,0.890659534219863,0
44.72,1.0240442019795133,0
44.730000000000004,0.6575765637408744,0
44.74,0.7265580647062663,0
44.75,0.567135122736474,0
44.76,0.007928925732514469,0
44.77,0.5166088768486115,0
44.78,-0.5017411517337748,0
44.79,0.5475184451872578,0
44.800000000000004,-0.38753153503516435,0
44.81,0.1670267965927273,0
44.82,-0.2966132019782901,0
44.83,0.33224511441790217,0
44.84,0.17668913880228523,0
44.85,-0.6934022519297067,0
44.86,0.16237087525195795,0
44.87,-0.1554914783087057,0
44.88,0.542042627195845,0
44.89,0.24788533700951781,0
44.9,0.38421048180577405,0
44.910000000000004,-0.3022281843070487,0
44.92,-0.2777440158720059,0
44.93,-0.2020292343858296,0
44.94,0.5173597009990557,0
44.95,1.134239825806982,0
44.96,-0.03359006032180464,0
44.97,0.6766890637596059,0
44.980000000000004,-0.874635608890082,0
44.99,-0.7429903582248607,0
45.0,-0.5847197414795127,0
45.01,-0.7548326285724895,0
45.02,-0.9204242717715949,0
45.03,0.10142549523757619,0
45.04,0.02294751178410237,0
45.050000000000004,0.31936794320321954,0
45.06,0.5591219268143474,0
45.07,0.3928043830609479,0
45.08,0.5600512072609929,0
45.09,0.21454701577708907,0
45.1,-0.46692188638061694,0
45.11,0.5581444711751279,0
45.12,-0.06264069310053111,0
45.13,-0.40235752137661385,0
45.14,-0.08380182521596177,0
45.15,-0.39552487327829505,0
45.160000000000004,-0.20965362341149976,0
45.17,0.24232581015458873,0
45.18,0.35759848410369616,0
45.19,-0.27721932594890875,0
45.2,-0.2175235686817522,0
45.21,0.6292351604274766,0
45.22,0.5331495695592154,0
45.230000000000004,1.349817149990032,0
45.24,1.0773929599306704,0
45.25,0.990197747893589,0
45.26,-0.38007200001240204,0
45.27,0.4232262250308896,0
45.28,0.18898124986396464,0
45.29,-0.1347217352603127,0
45.300000000000004,0.16723802517894854,0
45.31,0.6566064994942932,0
45.32,0.5422948313005713,0
45.33,-0.22081760863284666,0
45.34,0.4516021734840102,0
45.35,-0.11522207785547817,0
45.36,0.197995181790793,0
45.37,-0.0006423848149708089,0
45.38,-0.00531708504801659,0
45.39,0.5181136579699425,0
45.4,-0.31302574792078314,0
45.410000000000004,1.0690080866679241,0
45.42,-0.5911667532566992,0
45.43,-0.354703090283474,0
45.44,0.21983676719940892,0
45.45,0.4774827064117181,0
45.46,0.17721342308007187,0
45.47,0.1250843335252615,0
45.480000000000004,0.3612409337350937,0
45.49,0.07858898585927637,0
45.5,0.8728906004468582,0
45.51,0.7765247661862755,0
45.52,0.7702539131505628,0
45.53,-0.21064212546696742,0
45.54,0.016363038922421858,0
45.550000000000004,-0.04462342001734079,0
45.56,-0.4353856774988143,0
45.57,0.19423579157247758,0
45.58,-0.12648047873607016,0
45.59,0.4286751190579903,0
45.6,-0.3514825497775753,0
45.61,0.9388360966784928,0
45.62,-0.131368891189966,0
45.63,0.1951884680345962,0
45.64,0.5817282293516062,0
45.65,-0.04722225825052226,0
45.660000000000004,0.5533894512565715,0
45.67,-0.40501710894172904,0
45.68,0.7832622108142551,0
45.69,0.3145568129754636,0
45.7,-0.12777101407123362,0
45.71,-0.08007416156963695,0
45.72,0.5219464197255372,0
45.730000000000004,-0.06957591842919156,0
45.74,-0.3052793204608596,0
45.75,-0.08312835528473708,0
45.76,-0.5363948576135846,0
45.77,0.9465594833771467,0
45.78,0.04616272572142105,0
45.79,0.5655472553482161,0
45.800000000000004,0.3640717834633245,0
45.81,-0.3221529220790448,0
45.82,0.02741224570945479,0
45.83,0.5354770880557393,0
45.84,0.1447217816893116,0
45.85,0.782656739720849,0
45.86,0.8507520661543573,0
45.87,0.8131308087498725,0
45.88,0.06958085773349348,0
45.89,-0.44658406049250976,0
45.9,-0.3273349068278034,0
45.910000000000004,0.13373284346275832,0
45.92,0.43513844381163036,0
45.93,-0.9366058171536156,0
45.94,-0.12743101401422247,0
45.95,0.16336451495346238,0
45.96,0.004066397577663028,0
45.97,0.7996858945206684,0
45.980000000000004,0.5355478605505233,0
45.99,0.9426170553645359,0
46.0,0.23164755488635594,0
46.01,0.6681446234524118,0
46.02,1.1487526164900994,0
46.03,1.0966901930255937,0
46.04,-0.19645917051316522,0
46.050000000000004,-0.07324107565581725,0
46.06,-0.09116445732191944,0
46.07,0.34870531736424243,0
46.08,0.5636279077958266,0
46.09,-0.19489580263942227,0
46.1,0.09833250066201107,0
46.11,-0.940176315531963,0
46.12,0.6437583089670993,0
46.13,-0.0010089455030686256,0
46.14,0.14039896390736104,0
46.15,-0.018905080765783372,0
46.160000000000004,0.7164611716603395,0
46.17,-1.2210765527234582,0
46.18,-0.20324166588522607,0
46.19,0.0037032390852429764,0
46.2,-0.12979287977103932,0
46.21,0.9976796295233947,0
46.22,-0.11227008101118197,0
46.230000000000004,0.49377805291678956,0
46.24,0.4239913272861839,0
46.25,0.8886236232473719,0
46.26,-0.02233070729829978,0
46.27,-0.285106677834031,0
46.28,0.6232195582987624,0
46.29,0.4930965190170964,0
46.300000000000004,-0.5886737154931676,0
46.31,-0.323589032431134,0
46.32,0.2356360158921158,0
46.33,0.6158114408444332,0
46.34,-0.09700531812452287,0
46.35,-1.465446641695062,0
46.36,0.023014260050009644,0
46.37,-0.5333764967554047,0
46.38,-1.0969218854707867,0
46.39,-1.671825083040182,0
46.4,0.12622834222502594,0
46.410000000000004,0.21075401008437822,0
46.42,0.04321458120188901,0
46.43,0.8611965005728301,0
46.44,0.6653778452013162,0
46.45,1.13775442626879,0
46.46,-0.3465764082768442,0
46.47,0.005614501179051157,0
46.480000000000004,-0.7489027956127692,0
46.49,-0.1987371581573997,0
46.5,-0.0714459590134712,0
46.51,0.4264596633552331,0
46.52,0.24149890095660959,0
46.53,0.5029728609481238,0
46.54,0.6109539932023007,0
46.550000000000004,1.410910271942351,0
46.56,0.29540959817763024,0
46.57,-0.3166945139381432,0
46.58,0.16244756108324898,0
46.59,-0.27606529682323794,0
46.6,0.8307373009238389,0
46.61,0.16741022781317405,0
46.62,-0.14879516368469692,0
46.63,-0.17765728516218401,0
46.64,0.44869407198786165,0
46.65,0.13868559653892903,0
46.660000000000004,-0.19652880837414666,0
46.67,0.9482283488795636,0
46.68,-0.10838944658141716,0
46.69,0.10232889609312901,0
46.7,0.4834362917020575,0
46.71,-0.6374142512234492,0
46.72,0.20686409758778443,0
46.730000000000004,-0.3997119738261899,0
46.74,0.44867873737481356,0
46.75,-0.29003802012171154,0
46.76,0.40684416027881404,0
46.77,0.8010277410114166,0
46.78,0.7694157506338665,0
46.79,0.4365942978197933,0
46.800000000000004,0.09636992049004202,0
46.81,-0.17248216729738713,0
46.82,0.8506381138981742,0
46.83,-0.0494736188654501,0
46.84,-0.454278133964501,0
46.85,0.35111909000267916,0
46.86,-0.22584311731168755,0
46.87,-0.45206331723796683,0
46.88,-0.7714544813463198,0
46.89,-0.33970696111189813,0
46.9,-0.018660561525184527,0
46.910000000000004,0.23509627892633017,0
46.92,0.6756763134399728,0
46.93,0.5598005901783752,0
46.94,0.1485854119715196,0
46.95,0.04187322976024106,0
46.96,0.3924097705525128,0
46.97,0.8860470895595053,0
46.980000000000004,0.3990263229325074,0
46.99,-0.03983277721969347,0
47.0,-0.42846342612658456,0
47.01,-0.7665161560424099,0
47.02,0.27339691167199487,0
47.03,0.4863485189507397,0
47.04,0.5392503823505862,0
47.050000000000004,0.17648521104852785,0
47.06,0.9035433326547584,0
47.07,0.07824685129463108,0
47.08,0.6384387864395606,0
47.09,0.24913170221905911,0
47.1,-0.15153993939516447,0
47.11,0.38779496453526086,0
47.12,0.425222440042856,0
47.13,0.4065255447919637,0
47.14,0.25502569258209085,0
47.15,0.15367900547403154,0
47.160000000000004,1.420405197055765,0
47.17,1.095844191738487,0
47.18,0.7689676022371277,0
47.19,0.3618459058356272,0
47.2,0.7368663844762422,0
47.21,0.5701164936630017,0
47.22,0.26652470564077413,0
47.230000000000004,0.01500428597133907,0
47.24,0.07068269833397857,0
47.25,-1.5606785612144896,0
47.26,-0.16801205283920717,0
47.27,-0.1921373898494189,0
47.28,0.9101059344297875,0
47.29,0.3478063909392659,0
47.300000000000004,-0.4362437150183785,0
47.31,-0.025663247911649534,0
47.32,-0.4535604727043907,0
47.33,0.2486586667887744,0
47.34,0.32703805051621593,0
47.35,0.7017674948717363,0
47.36,-0.1358149049434275,0
47.37,0.09406335865929999,0
47.38,-0.5935088145743499,0
47.39,0.3350819043597101,0
47.4,0.4699669930294331,0
47.410000000000004,0.49139561445418145,0
47.42,0.2335722056622549,0
47.43,0.3891261908795306,0
47.44,1.0614914272280307,0
47.45,0.22338377097567624,0
47.46,0.23950384226695248,0
47.47,-0.4087092812448566,0
47.480000000000004,-0.45475081677013374,0
47.49,0.0481981219690705,0
47.5,0.7097205681168693,0
47.51,0.15072986904715616,0
47.52,0.02181761797684942,0
47.53,-0.10146660144445335,0
47.54,-0.20039300477895527,0
47.550000000000004,0.21672550940522337,0
47.56,-0.6334293056251101,0
47.57,0.6335104734847918,0
47.58,-0.08627018564075281,0
47.59,0.4725750876484489,0
47.6,-0.44848099337078273,0
47.61,0.35374545496989096,0
47.62,0.5559458741757924,0
47.63,0.4532534952938104,0
47.64,-0.3065983998610119,0
47.65,0.16589054262693465,0
47.660000000000004,-0.4789089919062143,0
47.67,-0.14470464905350205,0
47.68,0.6216409619820588,0
47.69,0.6892909254463913,0
47.7,0.29000747869137977,0
47.71,-0.337027235783357,0
47.72,0.3691215061142527,0
47.730000000000004,0.21217208741552016,0
47.74,-1.0730458366510587,0
47.75,0.25806773706991243,0
47.76,0.1611536998002845,0
47.77,0.7901679857417558,0
47.78,-0.27620587219708304,0
47.79,-1.6512455545403446,0
47.800000000000004,-0.15468657808670735,0
47.81,0.22608937644605642,0
47.82,-0.734336476986695,0
47.83,-0.5951959945478102,0
47.84,1.4279152683982517,0
47.85,0.3036844169856787,0
47.86,0.5746266987584996,0
47.870000000000005,-0.093408216341721,0
47.88,-1.0270874118253834,0
47.89,-0.23802568521790476,0
47.9,-0.09154539491645458,0
47.910000000000004,-0.12644067168194745,0
47.92,0.016724566189285806,0
47.93,0.25428839773874634,0
47.94,0.0929946994352315,0
47.95,-0.5405239031781555,0
47.96,0.23312479097669106,0
47.97,-0.8704926339744367,0
47.980000000000004,-1.2001854288386369,0
47.99,0.20290853964548589,0
48.0,0.4300385111760928,0
48.01,0.18623976088857108,0
48.02,-0.5872803953094652,0
48.03,-0.41453254750533286,0
48.04,-0.1342900683298163,0
48.050000000000004,-0.7741873892579484,0
48.06,-0.477860892180607,0
48.07,0.33715825105810143,0
48.08,0.9536043732975563,0
48.09,0.1242516002227691,0
48.1,0.5431236828213432,0
48.11,-0.7743295615680534,0
48.120000000000005,0.26678230040483264,0
48.13,-0.25226180681842136,0
48.14,0.20977012184932728,0
48.15,0.029658594789120724,0
48.160000000000004,0.8197242751775742,0
48.17,-0.15160432014279052,0
48.18,0.4054434471791538,0
48.19,0.061625049181403824,0
48.2,0.040204436272726796,0
48.21,0.02123349880139158,0
48.22,-0.33596163744418417,0
48.230000000000004,0.01757170248197623,0
48.24,0.08009044898152629,0
48.25,0.2575410304844423,0
48.26,0.21842628388455013,0
48.27,0.5885953802392382,0
48.28,0.7479678519543154,0
48.29,-0.2634942740328238,0
48.300000000000004,0.5057755589339765,0
48.31,-0.39633535601383324,0
48.32,0.3229462685333651,0
48.33,0.5197349001229712,0
48.34,-0.7789547634312266,0
48.35,-0.036279484797673595,0
48.36,-0.14962664990915234,0
48.370000000000005,-0.3325525825848491,0
48.38,0.745150963062309,0
48.39,-0.052917371237491156,0
48.4,-0.33376205162505534,0
48.410000000000004,0.06575044301031643,0
48.42,0.49040834658760424,0
48.43,0.15602858901543226,0
48.44,0.7689891828944695,0
48.45,0.5838484581655565,0
48.46,-0.9051849222979558,0
48.47,-0.399439601505978,0
48.480000000000004,-0.2902549427835167,0
48.49,0.29150772120025803,0
48.5,-1.2161465040854882,0
48.51,1.1621740448875888,0
48.52,0.682096020805908,0
48.53,0.3585577128148456,0
48.54,0.8276065434124644,0
48.550000000000004,1.5637097624515472,0
48.56,0.9633496157366157,0
48.57,0.8548218025891785,0
48.58,0.39199958098620447,0
48.59,0.1313185974220763,0
48.6,-0.11187298557328623,0
48.61,-0.35923775027379823,0
48.620000000000005,-0.3470154043577246,0
48.63,-0.6973302276791405,0
48.64,-0.10610556715346747,0
48.65,-0.8150510196629183,0
48.660000000000004,0.006516140882881077,0
48.67,0.09087976648264612,0
48.68,0.2095551401808134,0
48.69,-0.11708877785430083,0
48.7,1.7178290601220116,0
48.71,1.2623205156105524,0
48.72,-0.238640071358175,0
48.730000000000004,0.17288178169517515,0
48.74,-0.17204406323799193,0
48.75,-0.47474820848781407,0
48.76,-0.72382483644576,0
48.77,0.15770095521482982,0
48.78,-0.2149584046787655,0
48.79,0.5701259066802966,0
48.800000000000004,0.780208304110474,0
48.81,1.0351513876613945,0
48.82,-0.08670788940373772,0
48.83,0.3398908702469136,0
48.84,0.5301844465157814,0
48.85,-0.011574215488498046,0
48.86,-0.3055044065973561,0
48.870000000000005,0.8891238393876416,0
48.88,0.4517926499123141,0
48.89,0.5599741038692267,0
48.9,-0.18945159390272676,0
48.910000000000004,-0.5883469414556459,0
48.92,-0.34202237472131014,0
48.93,-0.04324639935063951,0
48.94,-0.46925275626071405,0
48.95,-0.014273924612322214,0
48.96,-0.7944864867432636,0
48.97,-0.6868273792227614,0
48.980000000000004,0.29382440669939036,0
48.99,0.5032316438375081,0
49.0,0.02534399221944586,0
49.01,-0.4274466643842336,0
49.02,-0.5457891690364222,0
49.03,-0.22703633267999765,0
49.04,0.3946475152980297,0
49.050000000000004,0.7011515505695276,0
49.06,0.01902174704206927,0
49.07,-0.5013770845572707,0
49.08,0.12542301019324842,0
49.09,-0.2990862148031468,0
49.1,-0.2426516578393981,0
49.11,0.7531891977514096,0
49.120000000000005,0.736849560712501,0
49.13,0.3764116729245689,0
49.14,-0.4751781240027778,0
49.15,0.10183039045058122,0
49.160000000000004,0.6993970075720208,0
49.17,0.08283625012361562,0
49.18,0.8482381893232498,0
49.19,1.0084933670075011,0
49.2,1.2461092093422164,0
49.21,0.5820576727324694,0
49.22,0.5662869265914221,0
49.230000000000004,1.002630075421846,0
49.24,0.5968524197635706,0
49.25,-0.009781787095950567,0
49.26,-0.1333923547035347,0
49.27,0.2015967810719279,0
49.28,-0.5289762491793787,0
49.29,-0.10065254445979951,0
49.300000000000004,0.6666567138629481,0
49.31,-0.8923978013476683,0
49.32,0.7019120832446586,0
49.33,0.8810155158533757,0
49.34,0.08323464158667973,0
49.35,0.4179929069170698,0
49.36,0.21397187356648023,0
49.370000000000005,0.8162913773772565,0
49.38,0.8351592909056766,0
49.39,-0.4290362337020561,0
49.4,0.31322756694127074,0
49.410000000000004,0.07653932913068286,0
49.42,0.17097038396525752,0
49.43,-0.23732252255492625,0
49.44,0.9793137195650816,0
49.45,0.906385514258589,0
49.46,-0.05968254861511951,0
49.47,-0.6179848068888087,0
49.480000000000004,-0.2522297972029838,0
49.49,0.2759688432805335,0
49.5,0.3045362743171578,0
49.51,0.8510850586003573,0
49.52,0.7410325964402441,0
49.53,0.809176673908538,0
49.54,0.4839326559688194,0
49.550000000000004,-0.5113032663372916,0
49.56,-0.12449054660704248,0
49.57,0.6409516563307265,0
49.58,0.24032685807667906,0
49.59,0.4355092889037263,0
49.6,0.046634366811903985,0
49.61,-0.42926324070276767,0
49.620000000000005,-0.06552415468067799,0
49.63,0.2556617794514235,0
49.64,-0.17780973418424287,0
49.65,-0.06253792243788522,0
49.660000000000004,-0.4085052724097271,0
49.67,0.601324871861048,0
49.68,0.1009244060731125,0
49.69,0.9062631967581748,0
49.7,1.1480538264432905,0
49.71,0.35121693465337467,0
49.72,-0.34187959294437104,0
49.730000000000004,-1.088946023843876,0
49.74,-0.9488228463077415,0
49.75,-0.8615086196851698,0
49.76,0.6260062289244315,0
49.77,0.325469246187148,0
49.78,0.3961196883532969,0
49.79,-0.9761609803074583,0
49.800000000000004,-0.7747508818816815,0
49.81,0.3859493478505267,0
49.82,0.3564276730216557,0
49.83,0.11792510354913519,0
49.84,0.4374770395075033,0
49.85,1.0876736327277272,0
49.86,0.2613770676262699,0
49.870000000000005,0.20944477804669798,0
49.88,0.2620715630716174,0
49.89,1.4465332900007746,0
49.9,-0.649227966015208,0
49.910000000000004,0.3086401946568672,0
49.92,0.12311770180465395,0
49.93,0.4396862216898121,0
49.94,-0.1330845918488564,0
49.95,0.04770810564381697,0
49.96,0.4978200229189597,0
49.97,1.8892180500659843,0
49.980000000000004,1.0096279178772658,0
49.99,-0.09221521662613513,0
50.0,-0.14173126346305484,0
50.01,-0.16991541989106496,0
50.02,-0.8917588294832217,0
50.03,-0.29177426621625646,0
50.04,0.4242506490976048,0
50.050000000000004,-0.4655870597348079,0
50.06,0.5488677166314262,0
50.07,0.5038715389448432,0
50.08,-0.15815309361987975,0
50.09,-0.00803691065928111,0
50.1,0.9560110345693871,0
50.11,0.7364871497186494,0
50.120000000000005,0.29563045934226423,0
50.13,0.05415064523847091,0
50.14,0.1611391382289493,0
50.15,-0.1254562110319671,0
50.160000000000004,-1.045439501143418,0
50.17,0.9329361776469555,0
50.18,0.42270110901804836,0
50.19,0.42444035633620625,0
50.2,0.18199640783864732,0
50.21,-0.23926566572641497,0
50.22,-0.052130374148110864,0
50.230000000000004,-0.7580826970452712,0
50.24,1.1297785168630345,0
50.25,-0.2683195056957569,0
50.26,-0.5099947847428847,0
50.27,-0.2553222638550071,0
50.28,0.7287315426531654,0
50.29,0.2965123269496388,0
50.300000000000004,-0.47756842449097864,0
50.31,0.6551629921540825,0
50.32,0.6596364872155893,0
50.33,0.5581932575494829,0
50.34,0.6272369422930676,0
50.35,1.5384125623565719,0
50.36,1.6547507690543068,0
50.370000000000005,0.15448158754808408,0
50.38,1.0098766476456662,0
50.39,0.5629863343203632,0
50.4,0.5129855887709189,0
50.410000000000004,-0.6665082210242983,0
50.42,-0.15093803030681194,0
50.43,-0.3641800001854932,0
50.44,0.4563233931748978,0
50.45,0.7908530601517904,0
50.46,-0.8006534280544069,0
50.47,-0.10554118219558725,0
50.480000000000004,0.6773881412953895,0
50.49,0.176262753405808,0
50.5,0.5386327269272131,0
50.51,0.42796725861768353,0
50.52,0.3952251273519647,0
50.53,0.06059480566165451,0
50.54,-0.5264640317703545,0
50.550000000000004,-0.6226248565092288,0
50.56,0.3283304684027739,0
50.57,0.19866234847836461,0
50.58,0.08210648290608419,0
50.59,-0.09902020616234639,0
50.6,-0.08110332393203065,0
50.61,0.6434030676204164,0
50.620000000000005,0.08846895301739605,0
50.63,-0.5859135344861839,0
50.64,0.35566170437969813,0
50.65,0.0859166345967651,0
50.660000000000004,0.1442897054237381,0
50.67,0.9982415025493308,0
50.68,0.34467404698040083,0
50.69,0.34621774390004534,0
50.7,-0.4352292522386609,0
50.71,-0.11976862828103135,0
50.72,0.400658132969107,0
50.730000000000004,-0.6221347437226199,0
50.74,0.057401175727009604,0
50.75,0.1739886283357205,0
50.76,0.1714334667760297,0
50.77,0.7011170159998525,0
50.78,0.4593002724558828,0
50.79,1.0078568320701937,0
50.800000000000004,-0.17126507212826456,0
50.81,0.13544614245871262,0
50.82,0.18470652216416228,0
50.83,-0.4173899460943479,0
50.84,0.5107479892812252,0
50.85,1.4714777116729039,0
50.86,0.46461901748180934,0
50.870000000000005,0.49088776970915954,0
50.88,0.273508076632293,0
50.89,-0.20586932212088757,0
50.9,-0.9153381309045315,0
50.910000000000004,-0.49895008527143514,0
50.92,-0.7602851867928261,0
50.93,0.8231277356544526,0
50.94,0.250172118822943,0
50.95,-0.01599558216840946,0
50.96,0.5751678797867822,0
50.97,-0.34793350214984686,0
50.980000000000004,-0.3897335742895875,0
50.99,0.04443479016974303,0
51.0,0.664567097751293,0
51.01,0.538894785254814,0
51.02,0.37253899380227185,0
51.03,0.2402939492004911,0
51.04,0.3787572545732961,0
51.050000000000004,0.30760597835946923,0
51.06,-0.366080318986304,0
51.07,0.038518697062027124,0
51.08,-0.4566621067943155,0
51.09,0.03448426749966754,0
51.1,-0.14188516476610857,0
51.11,1.4222797763942019,0
51.120000000000005,0.4397509273427146,0
51.13,-0.5324579426118946,0
51.14,-0.09917365858174346,0
51.15,0.3571650786071262,0
51.160000000000004,1.0857833106132615,0
51.17,0.0628936211407434,0
51.18,-0.7216381413558981,0
51.19,0.3599071020167556,0
51.2,-0.5399333926526386,0
51.21,-0.2619591531474702,0
51.22,-0.09740438699457121,0
51.230000000000004,0.04382905925074404,0
51.24,0.4832090514912307,0
51.25,-0.13802460445017556,0
51.26,-0.07505916096037904,0
51.27,0.07883818050417729,0
51.28,0.20456312724733922,0
51.29,0.20840955051478965,0
51.300000000000004,0.3894481047449703,0
51.31,0.6518784881392594,0
51.32,0.4771882311465976,0
51.33,0.46595932919490457,0
51.34,-0.6210028283210944,0
51.35,-0.02342094120668836,0
51.36,0.3545660117617033,0
51.370000000000005,0.5818797811506621,0
51.38,-0.11819497689342678,0
51.39,-0.27548931819552414,0
51.4,-0.2695953215540161,0
51.410000000000004,0.3232510622769591,0
51.42,0.7363661912950132,0
51.43,0.07206479711402217,0
51.44,0.6064829311663407,0
51.45,0.32230762172674243,0
51.46,0.11930459326669882,0
51.47,0.02215552592737191,0
51.480000000000004,0.5080193118971217,0
51.49,0.40525472228873727,0
51.5,1.4181237339315609,0
51.51,0.005528808196489016,0
51.52,0.38211171286194234,0
51.53,-0.08148353752202783,0
51.54,-0.37850552918051505,0
51.550000000000004,0.004362331410584924,0
51.56,0.17899600960439463,0
51.57,1.7035240985098818,0
51.58,0.4325463415165015,0
51.59,-0.38900943044510283,0
51.6,0.15283390244720646,0
51.61,-0.9619274783743448,0
51.620000000000005,-0.1847847206774994,0
51.63,0.0669896646526817,0
51.64,0.5445363452052556,0
51.65,0.7592428771666941,0
51.660000000000004,0.026247227863673922,0
51.67,0.030943987226402653,0
51.68,-0.2956765045586598,0
51.69,-0.5700939845649825,0
51.7,0.1270488967357024,0
51.71,-0.5419400867307087,0
51.72,-0.2517772979942534,0
51.730000000000004,-0.4884140553704185,0
51.74,0.2751018610139604,0
51.75,1.1325644113618565,0
51.76,-0.3055520862343313,0
51.77,-0.958753131596066,0
51.78,-0.2017782481297071,0
51.79,0.0623159721148427,0
51.800000000000004,0.23640786971520444,0
51.81,-0.0742101481964122,0
51.82,-0.02104659240149534,0
51.83,0.2947881686377902,0
51.84,0.7320848416323175,0
51.85,-0.753805264208016,0
51.86,-0.2806346219203819,0
51.870000000000005,0.14797607927681655,0
51.88,-0.3476024810440104,0
51.89,0.9392503184974501,0
51.9,0.0006606442249314504,0
51.910000000000004,0.08238557865184623,0
51.92,0.42089198003999273,0
51.93,-0.10547873395489088,0
51.94,-0.9055726249502319,0
51.95,-0.3505205908203712,0
51.96,0.5647133436516036,0
51.97,0.0658839072518124,0
51.980000000000004,-0.3301870782386953,0
51.99,0.5144881987851807,0
52.0,0.05653859017935782,0
52.01,-0.1534942486320307,0
52.02,0.14525063374450353,0
52.03,0.5507817001451982,0
52.04,1.5100429942730815,0
52.050000000000004,0.9220281777099255,0
52.06,0.9521315461169481,0
52.07,0.0725407439293527,0
52.08,-0.42423925067821533,0
52.09,0.03105403882162483,0
52.1,0.16873922383661633,0
52.11,-0.42827350967222877,0
52.120000000000005,-0.09654747490583898,0
52.13,0.29236892939938997,0
52.14,0.3688532084935815,0
52.15,0.4645868177396332,0
52.160000000000004,0.3749018048911986,0
52.17,-0.07248473056097551,0
52.18,-0.18801795012587588,0
52.19,-0.5817312966211902,0
52.2,0.9087633519690403,0
52.21,0.3380778417408221,0
52.22,0.06848507273928235,0
52.230000000000004,-0.37380188056478314,0
52.24,1.573565606294262,0
52.25,-0.07453516254537979,0
52.26,-0.14336849409913674,0
52.27,0.28923104709949066,0
52.28,0.4955511954523682,0
52.29,0.737612710499263,0
52.300000000000004,1.2505941702078158,0
52.31,0.6857545701071768,0
52.32,-0.2873922639226137,0
52.33,-0.10515430607386825,0
52.34,0.241152480652061,0
52.35,1.265184168902659,0
52.36,-0.32460836824715644,0
52.370000000000005,0.6627218132502621,0
52.38,0.3649340984047393,0
52.39,0.6408340135830993,0
52.4,0.20930226008298267,0
52.410000000000004,-0.29290664715003223,0
52.42,0.4300156333404074,0
52.43,0.5593708362262267,0
52.44,0.7608398798076069,0
52.45,0.2864506256312441,0
52.46,-0.14450463080659806,0
52.47,-0.7629428547639909,0
52.480000000000004,0.34888485281037845,0
52.49,0.416215912278615,0
52.5,-0.30701749594770855,0
52.51,-0.26033889082881545,0
52.52,-0.2104421678104669,0
52.53,-0.73916079633621,0
52.54,-0.5170605941460249,0
52.550000000000004,-0.6299123785417204,0
52.56,-0.2739972638107049,0
52.57,-0.3587582591979963,0
52.58,-0.8530204464515244,0
52.59,0.9669349543348886,0
52.6,1.0118283446893042,0
52.61,-0.05884262286114794,0
52.620000000000005,0.2334018751589178,0
52.63,0.3836868415252889,0
52.64,0.833221333325594,0
52.65,-0.12464326054645178,0
52.660000000000004,0.6533948308417373,0
52.67,-0.025476918573412333,0
52.68,-0.6148268606457667,0
52.69,0.33484051510022117,0
52.7,0.8739863186669354,0
52.71,1.6995339611044618,0
52.72,-0.11114488678681181,0
52.730000000000004,0.4472635106305064,0
52.74,-0.0035845154979202987,0
52.75,0.519085957636193,0
52.76,-0.5505172036014164,0
52.77,-0.7073171361206969,0
52.78,-0.4872456645288836,0
52.79,0.022986734260064368,0
52.800000000000004,-0.23292192799372954,0
52.81,0.39545160198651974,0
52.82,0.7484155727351293,0
52.83,0.6090778519102736,0
52.84,1.1169913468862842,0
52.85,0.6033332730066937,0
52.86,-0.39458128015745375,0
52.870000000000005,0.730009042473402,0
52.88,-0.03717377509379455,0
52.89,0.5781100189563518,0
52.9,1.0851525158948483,0
52.910000000000004,0.6170292634176333,0
52.92,-0.5399786987352853,0
52.93,-0.521471220309772,0
52.94,0.6765264763851526,0
52.95,0.18153661396598736,0
52.96,0.19021112880438845,0
52.97,0.554087240059659,0
52.980000000000004,0.6117544468812266,0
52.99,0.40380796628196625,0
53.0,0.0922098026913216,0
53.01,-0.041091026153410454,0
53.02,0.5489344532860843,0
53.03,0.5343571429960998,0
53.04,0.09887860894788647,0
53.050000000000004,0.7032755486862564,0
53.06,0.20937900692254954,0
53.07,-0.2989376875209381,0
53.08,-0.37667307498876,0
53.09,-0.5131599608849318,0
53.1,-0.1711533681432784,0
53.11,0.7164000914574435,0
53.120000000000005,-0.14747243910701027,0
53.13,0.1656531778003399,0
53.14,-0.20616337095858153,0
53.15,-0.08804882934878322,0
53.160000000000004,-0.7240643824250453,0
53.17,-0.19638034768920234,0
53.18,-0.05018773533088253,0
53.19,0.3772198587866775,0
53.2,0.31523648917429836,0
53.21,-0.4573681802302198,0
53.22,0.5650225027531482,0
53.230000000000004,0.3552223016294168,0
53.24,0.296412090605113,0
53.25,0.17115014312984062,0
53.26,-0.13101743755316,0
53.27,0.18513418912515078,0
53.28,0.4014342903539987,0
53.29,-0.7280597288199643,0
53.300000000000004,-0.36707689259428344,0
53.31,-0.12570832803891088,0
53.32,0.2068038826390533,0
53.33,0.7889741445376546,0
53.34,-0.11196063926714706,0
53.35,-0.19141547472720746,0
53.36,-0.21905752127079547,0
53.370000000000005,-0.3798853447666226,0
53.38,-0.1781577931752042,0
53.39,0.46762431254271214,0
53.4,-0.3426321420565933,0
53.410000000000004,0.24381631367016193,0
53.42,-0.7437388436610176,0
53.43,-0.38325521449001276,0
53.44,-0.16968492274278882,0
53.45,0.9510758275814418,0
53.46,0.19298412567854786,0
53.47,-1.0224548053318263,0
53.480000000000004,-1.2185718738909825,0
53.49,-0.1850187459960885,0
53.5,0.38208387841139624,0
53.51,0.3969300961778923,0
53.52,0.2899168429546506,0
53.53,0.7928523675450857,0
53.54,0.012272411663128091,0
53.550000000000004,0.5810317593910004,0
53.56,-0.6224735571388579,0
53.57,-0.5361794781302047,0
53.58,-0.9950209545543912,0
53.59,-0.2938013806920533,0
53.6,0.003214145246231842,0
53.61,0.16284836111745837,0
53.620000000000005,0.17493044808065764,0
53.63,-0.3489773860083121,0
53.64,-0.08732798265558514,0
53.65,-0.7180672724200462,0
53.660000000000004,0.647639883363263,0
53.67,0.1013891279613224,0
53.68,-0.1338496139986281,0
53.69,0.9138378743954738,0
53.7,-0.33196552816073766,0
53.71,-0.5813097289481148,0
53.72,-0.6280255429073196,0
53.730000000000004,-0.09209110325181086,0
53.74,0.3078768060240644,0
53.75,0.5718943175013522,0
53.76,1.6136548608902654,0
53.77,-0.6935037394615597,0
53.78,0.25176303076155093,0
53.79,-0.132803771556151,0
53.800000000000004,-0.24455926798570632,0
53.81,-0.2902806503004922,0
53.82,-0.45563111945692863,0
53.83,0.8840331266803998,0
53.84,0.7704146002962503,0
53.85,0.30579086046101406,0
53.86,0.896726893917765,0
53.870000000000005,-0.4804963138467972,0
53.88,-0.7279933646912986,0
53.89,-1.2410836514163808,0
53.9,-0.5819934594789254,0
53.910000000000004,0.04133323098390149,0
53.92,0.1658116593151516,0
53.93,0.2216663638568213,0
53.94,-0.5953561604149996,0
53.95,0.37951489138980576,0
53.96,0.3231156084747754,0
53.97,0.5717639414358717,0
53.980000000000004,-0.7644326806751007,0
53.99,0.07534151772080808,0
54.0,-0.5131406084322456,0
54.01,-0.23934197866802495,0
54.02,0.32524538131474545,0
54.03,0.23031559340263114,0
54.04,-0.2954214997348137,0
54.050000000000004,0.029940839921638554,0
54.06,-0.7076748325213307,0
54.07,0.5360565054016644,0
54.08,0.1250913536071882,0
54.09,0.7273191209464023,0
54.1,0.0017930135851727536,0
54.11,-0.17803367090281028,0
54.120000000000005,-0.3511432495449923,0
54.13,0.47910999578752766,0
54.14,-0.15773644614669655,0
54.15,0.4040995495281151,0
54.160000000000004,-0.0023998260798341886,0
54.17,-0.9526445898922968,0
54.18,-0.4416673427319649,0
54.19,-0.6381466349777758,0
54.2,-0.041314722807299364,0
54.21,-0.5441144862240787,0
54.22,0.45721462337051305,0
54.230000000000004,0.16591211131329664,0
54.24,0.04699210889954164,0
54.25,0.4611045154098784,0
54.26,0.7286419564009675,0
54.27,0.2714892428815319,0
54.28,-0.24280636938342956,0
54.29,-0.9054096686740436,0
54.300000000000004,-0.4917243045218459,0
54.31,-0.3516640213897212,0
54.32,0.06903069589412662,0
54.33,-0.06662983924241664,0
54.34,0.4495869250735167,0
54.35,-0.11416210158144535,0
54.36,0.040939860172337056,0
54.370000000000005,0.7405872410522929,0
54.38,0.46699849123672676,0
54.39,0.18457566724214508,0
54.4,-0.17463412745070306,0
54.410000000000004,-0.28111757905666024,0
54.42,-0.423521546515557,0
54.43,-0.2942658621885662,0
54.44,0.42855228961293734,0
54.45,0.08865518959667239,0
54.46,-0.5969771220878278,0
54.47,0.8920092081426582,0
54.480000000000004,0.49301641793159834,0
54.49,-0.5263911205507306,0
54.5,-0.267315942474318,0
54.51,0.0917841269744877,0
54.52,1.03024379600479,0
54.53,-0.23302526390663533,0
54.54,0.5610226394532708,0
54.550000000000004,0.9850145680333345,0
54.56,0.010936389046628359,0
54.57,-0.04560820099856791,0
54.58,-0.4638495765066569,0
54.59,-0.12490883178538734,0
54.6,0.04867125943512504,0
54.61,0.4628187013150471,0
54.620000000000005,0.7956099002076757,0
54.63,-0.10016078797537697,0
54.64,-0.9734057547699806,0
54.65,-0.155380660438189,0
54.660000000000004,0.2167383248312385,0
54.67,0.28625273605656193,0
54.68,-0.003177348066076058,0
54.69,0.16484502918741703,0
54.7,0.9474234493937213,0
54.71,0.5393071988871285,0
54.72,0.03513938162566149,0
54.730000000000004,-0.15846373985347642,0
54.74,-0.030963995871265082,0
54.75,0.9629648821940981,0
54.76,0.24219126793941165,0
54.77,0.14905065428491637,0
54.78,-0.120562393153503,0
54.79,0.6541105022947096,0
54.800000000000004,1.306193588472498,0
54.81,0.665479167926539,0
54.82,0.3093925566584761,0
54.83,0.19585938097831623,0
54.84,-1.121859588458348,0
54.85,0.21523683890746614,0
54.86,0.22411998109291592,0
54.870000000000005,0.3829794028858692,0
54.88,-0.184311895832438,0
54.89,-0.15201315158623271,0
54.9,-0.15810718092277887,0
54.910000000000004,0.6032844697910712,0
54.92,0.04785890545882408,0
54.93,1.2197750843391246,0
54.94,0.6330932402458599,0
54.95,-0.42239292244728166,0
54.96,-0.07539433053156627,0
54.97,-0.26724959087845623,0
54.980000000000004,-1.1367797890142302,0
54.99,0.666177768664224,0
55.0,0.6395702968280657,0
55.01,0.5424014949096758,0
55.02,0.32222043877450246,0
55.03,-0.556901586142469,0
55.04,-0.2982727166687139,0
55.050000000000004,0.4721850579002287,0
55.06,-0.3433105932220605,0
55.07,-1.3356496589118403,0
55.08,-0.35644060770129804,0
55.09,-0.06620784369477828,0
55.1,0.15401295903587175,0
55.11,0.5248171126516226,0
55.120000000000005,0.5690832698564701,0
55.13,0.37838568511631976,0
55.14,0.829549189829601,0
55.15,-0.5032480237055053,0
55.160000000000004,0.24114449349086717,0
55.17,0.49216811182372044,0
55.18,-0.4388609663018466,0
55.19,-0.8118598839867517,0
55.2,-0.5020392543117642,0
55.21,-0.3796584840880508,0
55.22,0.40443247473291877,0
55.230000000000004,-0.1280514691989681,0
55.24,-0.38996541799480167,0
55.25,-0.32514544650372934,0
55.26,0.6124663590689754,0
55.27,0.25808345467063126,0
55.28,0.06706336926769338,0
55.29,0.056163194336034145,0
55.300000000000004,0.80006672498107,0
55.31,-0.10100619930935872,0
55.32,0.7732195001235093,0
55.33,0.4032972412955548,0
55.34,0.11327011226867532,0
55.35,1.4579889532393207,0
55.36,-0.09983503820711484,0
55.370000000000005,-0.11549690484133271,0
55.38,-0.5873962399902923,0
55.39,0.4581405169199161,0
55.4,1.1118367665598252,0
55.410000000000004,1.264979922963429,0
55.42,1.0657478237639602,0
55.43,0.2588831058657697,0
55.44,-0.032117940186922156,0
55.45,-0.8003423240389269,0
55.46,0.9817115957256817,0
55.47,0.5927769893825585,0
55.480000000000004,-0.016209474014677178,0
55.49,0.8007442256361081,0
55.5,-0.2203068866392748,0
55.51,0.25898110170308275,0
55.52,0.07031030187191681,0
55.53,0.45517059104207763,0
55.54,0.17739126851319942,0
55.550000000000004,-0.630889799159283,0
55.56,-0.02006400683786741,0
55.57,0.6509312244659657,0
55.58,0.24454294401558307,0
55.59,0.5712594817417007,0
55.6,-0.3166400072358263,0
55.61,0.004160308992613021,0
55.620000000000005,-0.23424991391908773,0
55.63,0.4364936289498771,0
55.64,0.2231349614971455,0
55.65,0.52049212503578,0
55.660000000000004,0.8065656381269422,0
55.67,0.6671297975692162,0
55.68,0.4093834014761758,0
55.69,-0.33210294448862965,0
55.7,0.012603538662562766,0
55.71,-0.18364696470637723,0
55.72,-0.13206778352278659,0
55.730000000000004,-0.13542088395422602,0
55.74,-0.4586728665857576,0
55.75,-1.0600141793210196,0
55.76,-0.5238289752254108,0
55.77,0.0689868917870942,0
55.78,-0.6037637681359241,0
55.79,-0.04566987112895038,0
55.800000000000004,1.0974405635975006,0
55.81,0.9160504104887233,0
55.82,1.2011113889216212,0
55.83,0.6054006944467067,0
55.84,0.8699021474985833,0
55.85,-0.07127089781847928,0
55.86,-0.26418295238413075,0
55.870000000000005,-1.4279873290871112,0
55.88,0.37139276003824784,0
55.89,1.009828642451406,0
55.9,0.054552819657975704,0
55.910000000000004,-0.024939693128309126,0
55.92,-0.3110544211845924,0
55.93,0.222629785524646,0
55.94,0.7513188035898494,0
55.95,-0.6436843178053234,0
55.96,0.15367101406110256,0
55.97,-0.012389821714746924,0
55.980000000000004,0.15379714733471178,0
55.99,0.3793660482091668,0
56.0,0.09108156516793166,0
56.01,0.06404939336124253,0
56.02,-0.0014629034221558535,0
56.03,0.6127607650697539,0
56.04,0.47257169246750935,0
56.050000000000004,0.33196661719603315,0
56.06,-0.49750159213953016,0
56.07,-0.22967105751421749,0
56.08,0.5174446638906931,0
56.09,0.24570343747184897,0
56.1,0.5088951552801539,0
56.11,1.1641771212380891,0
56.120000000000005,0.9403402010907085,0
56.13,0.3808747708604377,0
56.14,-0.08074341426937606,0
56.15,-1.2839053272741672,0
56.160000000000004,-0.31453366979809294,0
56.17,-0.15615503682857693,0
56.18,0.26491443555225724,0
56.19,0.0803160320938098,0
56.2,-0.05451203080049094,0
56.21,-0.8652174080173222,0
56.22,-0.6208892511558789,0
56.230000000000004,0.19457008520118824,0
56.24,1.0583605439531862,0
56.25,0.3085690693775787,0
56.26,0.3476056690888038,0
56.27,0.6899998505716407,0
56.28,-0.16348153073768906,0
56.29,0.2502968780467404,0
56.300000000000004,-0.23595919352549635,0
56.31,0.4973410675720179,0
56.32,0.3007218697114733,0
56.33,0.32985344911817693,0
56.34,-0.2385833442451578,0
56.35,0.4125660982415743,0
56.36,1.3089945587504321,0
56.370000000000005,-0.11385214717392103,0
56.38,-0.11377132632779163,0
56.39,0.19049930009173505,0
56.4,0.5619944572917602,0
56.410000000000004,-0.061921224742661596,0
56.42,-1.4286328164270068,0
56.43,0.46217152672585404,0
56.44,0.6160302197101044,0
56.45,-0.6787047522767053,0
56.46,-0.39778178338515924,0
56.47,0.8310906357681359,0
56.480000000000004,1.0741764804549792,0
56.49,0.8637817494632848,0
56.5,0.21751563548862268,0
56.51,0.19390639045945468,0
56.52,0.07406523092959741,0
56.53,0.7146324140538333,0
56.54,-0.19249267186275687,0
56.550000000000004,-0.381996277142989,0
56.56,0.5377287206323574,0
56.57,0.206006551366191,0
56.58,0.8807598429929258,0
56.59,-0.04226075046140326,0
56.6,0.05539395687881353,0
56.61,-0.3822609997557338,0
56.620000000000005,0.003440880937915017,0
56.63,-0.6914555131764308,0
56.64,-0.337505961201069,0
56.65,-0.7542150611111277,0
56.660000000000004,0.2759792584478446,0
56.67,0.5455756106921619,0
56.68,-0.6900829235330345,0
56.69,0.632746640896648,0
56.7,1.5830516273813728,0
56.71,0.5151436243255254,0
56.72,-0.11777210945899863,0
56.730000000000004,1.5694475506394197,0
56.74,-0.2152230072653657,0
56.75,0.051691085821193916,0
56.76,0.20334454339860877,0
56.77,0.8619183314761171,0
56.78,0.5017741027545817,0
56.79,-0.04539862081236118,0
56.800000000000004,-0.4232137664626341,0
56.81,-0.19318345534689052,0
56.82,-0.4898909260179758,0
56.83,-0.0023977962878186376,0
56.84,-0.20647046824413248,0
56.85,-0.7526850051335995,0
56.86,0.5747754335499949,0
56.870000000000005,-0.02681992153375637,0
56.88,-0.5875411285926347,0
56.89,-0.14202086768274627,0
56.9,0.09535034023575584,0
56.910000000000004,-0.811795199192955,0
56.92,0.06806443675295334,0
56.93,-0.4462560675590307,0
56.94,0.8939720778482378,0
56.95,0.5968503450152404,0
56.96,0.030558547588660834,0
56.97,-0.29490478262648084,0
56.980000000000004,-0.035364684636669586,0
56.99,0.411728828601045,0
57.0,0.18356986829640323,0
57.01,0.024438753795380047,0
57.02,0.13136172328951765,0
57.03,-0.19459112357353653,0
57.04,-0.13729565754323572,0
57.050000000000004,-1.0509837034498484,0
57.06,0.3498724512252311,0
57.07,0.34064006085255305,0
57.08,-0.23270412407098923,0
57.09,1.0469722407695354,0
57.1,0.40206413449712486,0
57.11,-0.3573084848191849,0
57.120000000000005,0.46085080626293706,0
57.13,0.42109913191262804,0
57.14,0.40929089985587674,0
57.15,-0.03054211568187759,0
57.160000000000004,0.3261109307069334,0
57.17,0.03595045295953758,0
57.18,0.3988408256732325,0
57.19,-0.8209683989744028,0
57.2,-0.3425470441936853,0
57.21,0.9251959654424187,0
57.22,-0.08349040250337782,0
57.230000000000004,-0.24876019889326428,0
57.24,-0.20709117047455422,0
57.25,-0.605069273619193,0
57.26,-1.2336475439666401,0
57.27,-0.33762375214117446,0
57.28,0.08150395410837968,0
57.29,0.08595159788074468,0
57.300000000000004,0.037847799673119215,0
57.31,0.125871980028683,0
57.32,0.6696327458639031,0
57.33,0.15943092843984458,0
57.34,-0.17244303665583233,0
57.35,-0.09942519913193622,0
57.36,0.37703737671796284,0
57.370000000000005,0.9395608382960227,0
57.38,-0.006294662518127991,0
57.39,0.14441215453222553,0
57.4,0.3095666809829407,0
57.410000000000004,-0.3579383936315238,0
57.42,0.014617204812271245,0
57.43,-0.6836634355125565,0
57.44,-1.0198159924043655,0
57.45,0.03350904850873708,0
57.46,-0.10291566634352275,0
57.47,0.1751026134365258,0
57.480000000000004,0.12733222852788567,0
57.49,-0.3950718907885551,0
57.5,-0.02982886135827731,0
57.51,-0.5711123071601235,0
57.52,0.6909545878123453,0
57.53,-0.45639627410977135,0
57.54,-0.12541847697390035,0
57.550000000000004,-0.4934816990817835,0
57.56,0.2732942580375999,0
57.57,-0.01530391611103625,0
57.58,-0.18718681749918478,0
57.59,0.5003866562358487,0
57.6,0.23356901826532545,0
57.61,0.4262991591545826,0
57.620000000000005,-0.32326427301822863,0
57.63,-0.7362030118979904,0
57.64,-0.03425521704385119,0
57.65,-0.08568122841664796,0
57.660000000000004,0.40483365181145947,0
57.67,0.15128572640678062,0
57.68,0.23963857446207182,0
57.69,-0.712015496300278,0
57.7,0.9202144046672,0
57.71,0.23512396393547186,0
57.72,0.5227814908611486,0
57.730000000000004,-0.2220661443498725,0
57.74,0.20097216509926694,0
57.75,-0.5511292515522337,0
57.76,0.19537396610532107,0
57.77,-0.048335196947038916,0
57.78,0.09582701170708473,0
57.79,0.48799412083018784,0
57.800000000000004,-0.44205519406792665,0
57.81,-0.3827366016920817,0
57.82,0.24012601805458675,0
57.83,1.2696529335179922,0
57.84,0.33609985923107166,0
57.85,0.49102179515094707,0
57.86,0.1579610977259032,0
57.870000000000005,1.1659518398518904,0
57.88,-0.5468460346738615,0
57.89,0.0057762423536324575,0
57.9,-0.7721410225865255,0
57.910000000000004,-1.4358228992654936,0
57.92,-0.10852112254153222,0
57.93,0.13915839076951653,0
57.94,-0.02491933273967846,0
57.95,0.0291704145749815,0
57.96,1.7491740422302386,0
57.97,0.3917096033059854,0
57.980000000000004,0.46146556140946227,0
57.99,-0.13858874410463243,0
58.0,0.21440455799201563,0
58.01,0.01853881533656704,0
58.02,-0.12219986622876435,0
58.03,1.0298339891408268,0
58.04,0.9760828369471652,0
58.050000000000004,0.4085504530313745,0
58.06,-1.0332536067868916,0
58.07,-0.3589053416994394,0
58.08,1.44136460119111,0
58.09,0.3291146649962033,0
58.1,0.7613652176734211,0
58.11,1.0497861173797092,0
58.120000000000005,0.47058758732752365,0
58.13,-0.2391423626599483,0
58.14,-1.265189430781964,0
58.15,0.1395046755526831,0
58.160000000000004,-0.3075737570009285,0
58.17,0.10832449696924759,0
58.18,-0.5471053225145601,0
58.19,-0.18666251051602753,0
58.2,0.06262835190312097,0
58.21,0.2500052557461355,0
58.22,-0.4398929050437672,0
58.230000000000004,0.6186870532613404,0
58.24,-0.07195747614469403,0
58.25,-0.8184898836121994,0
58.26,-0.17149268114312533,0
58.27,0.06659664704343765,0
58.28,0.19330758655149233,0
58.29,0.8648243890680192,0
58.300000000000004,0.1813779094015008,0
58.31,0.07270706213266852,0
58.32,-0.478268423580298,0
58.33,0.4084209409086138,0
58.34,0.291245780809575,0
58.35,-0.05990357763603299,0
58.36,-0.9383426624892424,0
58.370000000000005,0.6255292820239297,0
58.38,-0.40651087845676553,0
58.39,-0.32563946965993146,0
58.4,0.2002607981247863,0
58.410000000000004,-0.49632945811066936,0
58.42,-0.8286393764825014,0
58.43,-1.247472236303528,0
58.44,0.1628276202641149,0
58.45,-0.15890962814961296,0
58.46,1.609836234585183,0
58.47,-0.03640588040604187,0
58.480000000000004,-0.409167555764485,0
58.49,-0.3127696533881381,0
58.5,0.1418741092834275,0
58.51,-0.12436770319453117,0
58.52,0.3855349741864494,0
58.53,-0.3342357749882143,0
58.54,-0.7288171177630995,0
58.550000000000004,-1.0493540875897878,0
58.56,-1.3560324216837465,0
58.57,-0.5244856944880881,0
58.58,-0.20101687715163863,0
58.59,-0.2961547665635007,0
58.6,0.6784553082425683,0
58.61,0.9138945019555088,0
58.620000000000005,0.1404652993725908,0
58.63,-0.8299490878275502,0
58.64,-0.4190422732112964,0
58.65,-0.3339764923527697,0
58.660000000000004,-0.3432568876740729,0
58.67,-0.36721472456622595,0
58.68,-0.3496616741762302,0
58.69,-0.20315381755293738,0
58.7,-0.2991532439628589,0
58.71,0.12620857150476406,0
58.72,0.3134935600940722,0
58.730000000000004,-0.31657023244231364,0
58.74,0.6877259828923983,0
58.75,-0.2600301501320986,0
58.76,-0.8366127647239947,0
58.77,0.08352961349059904,0
58.78,-0.32453663572952346,0
58.79,0.17981892174057193,0
58.800000000000004,-1.1452548997625247,0
58.81,0.5450210864788871,0
58.82,0.58405262497396,0
58.83,-0.5632915608372862,0
58.84,-0.8385974767947619,0
58.85,0.7705918148702237,0
58.86,-0.11035770166186464,0
58.870000000000005,-0.3821727384147282,0
58.88,-1.2126718504926841,0
58.89,-0.40037148711760373,0
58.9,-0.13178901776821067,0
58.910000000000004,0.43762491240299817,0
58.92,-0.5461310758142348,0
58.93,-0.8566434866501994,0
58.94,0.11546243354176719,0
58.95,0.6544289245309804,0
58.96,-0.583668340437043,0
58.97,0.5194198788876668,0
58.980000000000004,0.23921419926243137,0
58.99,0.7305694441247788,0
59.0,0.23456287360866376,0
59.01,-1.1952715485897618,0
59.02,-0.2904821417858531,0
59.03,0.5811812838105187,0
59.04,-0.24144382693228011,0
59.050000000000004,-0.1777797313489195,0
59.06,-0.04908185077121992,0
59.07,-1.4672291914208044,0
59.08,0.6123527563042732,0
59.09,-0.23784337131459526,0
59.1,0.298917900752699,0
59.11,0.11758896567603574,0
59.120000000000005,0.7881286348671261,0
59.13,0.5022503603746783,0
59.14,0.08941020448900928,0
59.15,-0.3645486068558639,0
59.160000000000004,0.42264754494572054,0
59.17,-0.8031364628279714,0
59.18,0.2320243752668018,0
59.19,-0.4384508552302227,0
59.2,0.6460694735607106,0
59.21,0.336186051654059,0
59.22,0.5158100368477256,0
59.230000000000004,0.2613333051521454,0
59.24,-0.7791763972640247,0
59.25,-0.5644960015572293,0
59.26,0.3055875704554586,0
59.27,0.25376143443606397,0
59.28,0.7809473819174985,0
59.29,0.4985569178486845,0
59.300000000000004,-0.30162755712788036,0
59.31,-0.41082923714923236,0
59.32,0.04058347437565518,0
59.33,-1.1337066228726984,0
59.34,0.6961713112080653,0
59.35,0.4976935364337202,0
59.36,0.866241292842516,0
59.370000000000005,-0.5368143950408129,0
59.38,0.6168974429655028,0
59.39,1.4308761012971576,0
59.4,-0.2574214940438722,0
59.410000000000004,0.4346906580086144,0
59.42,0.19748485264613433,0
59.43,-0.6848994108073323,0
59.44,0.179421660551786,0
59.45,0.576920568032921,0
59.46,-0.08777517916196301,0
59.47,0.68703716440786,0
59.480000000000004,-0.6277879360568156,0
59.49,-0.8649206874169495,0
59.5,-0.05547708527462476,0
59.51,0.0876330230516188,0
59.52,-0.2717350537107027,0
59.53,0.4511346345766549,0
59.54,0.48340796746285086,0
59.550000000000004,0.6657191821748866,0
59.56,0.18870674167023527,0
59.57,0.4558968298691676,0
59.58,-0.03555184669054208,0
59.59,1.172614705847407,0
59.6,-0.05181019226158973,0
59.61,1.1959112758851638,0
59.620000000000005,0.40524913309779087,0
59.63,-0.5435300170020035,0
59.64,0.6803070143472613,0
59.65,0.3247361716469169,0
59.660000000000004,0.6220234782458353,0
59.67,0.8948114996502344,0
59.68,0.491208732464209,0
59.69,-0.10508094238106787,0
59.7,0.5808108094810299,0
59.71,0.23305768002818053,0
59.72,0.5109338152871733,0
59.730000000000004,-0.9318046500679469,0
59.74,0.09245488935689139,0
59.75,-0.22960988778456434,0
59.76,0.9103622142254097,0
59.77,0.6466988487693908,0
59.78,0.3766729906806114,0
59.79,0.4403842530747983,0
59.800000000000004,-0.33439682005908583,0
59.81,0.8680273664820229,0
59.82,1.3646401248692515,0
59.83,0.637531907134301,0
59.84,1.0934336379061818,0
59.85,0.0573448696779285,0
59.86,-0.3231037664820725,0
59.870000000000005,0.028042113037738348,0
59.88,0.3256292465677492,0
59.89,-0.04143406367473357,0
59.9,0.36296547642157556,0
59.910000000000004,0.3408211313919131,0
59.92,-0.3595385837734935,0
59.93,0.27325359859135223,0
59.94,0.6150083316299841,0
59.95,0.33187429949092206,0
59.96,0.7835760594887732,0
59.97,-0.365661580385968,0
59.980000000000004,0.2445124635567009,0
59.99,-0.4753868034200865,0
60.0,-0.625460520537701,0
60.01,-0.4057113281170933,0
60.02,-0.5164884203846137,0
60.03,-0.3343566131295105,0
60.04,-0.11106625486034878,0
60.050000000000004,0.5045860620745022,0
60.06,0.04162929897946191,0
60.07,-0.747510032743161,0
60.08,0.5067057928979489,0
60.09,-0.23267363381897152,0
60.1,-0.003036370368441052,0
60.11,0.3234128856775556,0
60.120000000000005,0.2735011836288428,0
60.13,0.7373856253513533,0
60.14,0.525726435997743,0
60.15,-0.24097929536086707,0
60.160000000000004,1.1861557861523282,0
60.17,0.4862406622672475,0
60.18,0.12928135783161204,0
60.19,0.6318023525106816,0
60.2,0.376922507702248,0
60.21,0.39293691427530275,0
60.22,1.5114858734569958,0
60.230000000000004,0.31740822194105844,0
60.24,-0.0038455344259373803,0
60.25,0.1471147144735644,0
60.26,0.6933652271174902,0
60.27,-0.5430018881955169,0
60.28,-1.0965663458742776,0
60.29,-0.5009166823693935,0
60.300000000000004,-0.9094936187185795,0
60.31,-0.3677814095500931,0
60.32,0.26145565058532316,0
60.33,-0.323216435356674,0
60.34,-0.7548921631983536,0
60.35,-0.06607868522569789,0
60.36,0.5285075070091302,0
60.370000000000005,-0.6848412421934893,0
60.38,0.35122974183884714,0
60.39,0.6086616766041226,0
60.4,0.7458317179313653,0
60.410000000000004,0.9208964012290728,0
60.42,1.4884013567458958,0
60.43,0.2679685354293236,0
60.44,0.21081503804568608,0
60.45,-0.08361977181095369,0
60.46,0.06556479901592366,0
60.47,0.9180896299602167,0
60.480000000000004,-0.401383386568534,0
60.49,-0.4735509690831562,0
60.5,0.7003160995101145,0
60.51,0.8035632274524676,0
60.52,0.09276159861838422,0
60.53,0.563413048836093,0
60.54,0.4077585208843837,0
60.550000000000004,0.9860567888348142,0
60.56,0.3713335679972708,0
60.57,0.7241312658232195,0
60.58,1.6730821047719862,0
60.59,0.8218365536546064,0
60.6,0.3167575275260571,0
60.61,0.5489194665482332,0
60.620000000000005,0.027678787216024375,0
60.63,1.3635426192046842,0
60.64,0.5216980487093555,0
60.65,0.0699683104897683,0
60.660000000000004,-0.34267917764117134,0
60.67,0.5834733066646951,0
60.68,0.6924830127087411,0
60.69,-0.006958979454257955,0
60.7,0.38999199041438776,0
60.71,-0.6211379717945891,0
60.72,0.027914142155055416,0
60.730000000000004,0.3327546045818745,0
60.74,1.0770413268463097,0
60.75,-0.05661632964224983,0
60.76,-0.6103383336345148,0
60.77,-0.5448759353592971,0
60.78,-0.7634611868254584,0
60.79,0.6054514010724978,0
60.800000000000004,1.0605393883182552,0
60.81,0.520105018162488,0
60.82,0.8648243542708051,0
60.83,0.37193114091423074,0
60.84,0.1266919287104301,0
60.85,-0.06134989669904478,0
60.86,-0.09632830362407709,0
60.870000000000005,-0.7640656897171508,0
60.88,0.033955655646546484,0
60.89,0.07122868544634514,0
60.9,0.4989288749442494,0
60.910000000000004,0.2586995102772512,0
60.92,0.06216401535653049,0
60.93,-0.3642935327358736,0
60.94,0.03142900970788297,0
60.95,0.48504464011832316,0
60.96,-0.4035852377686706,0
60.97,0.029680207615217336,0
60.980000000000004,0.21548907160912872,0
60.99,-0.24458530260678701,0
61.0,-0.29029154116928985,0
61.01,0.13411622033372295,0
61.02,-0.4862051046250072,0
61.03,0.14861958312834672,0
61.04,-0.35585696590055504,0
61.050000000000004,0.5608103369024182,0
61.06,1.4689174213831184,0
61.07,-0.007443029283923652,0
61.08,0.3663063186543809,0
61.09,-0.21178484535612874,0
61.1,0.5850244026519749,0
61.11,-0.4439410632482709,0
61.120000000000005,0.22851320595202262,0
61.13,-0.3242283593120418,0
61.14,-0.10777138053565914,0
61.15,-0.49251623875382944,0
61.160000000000004,0.3982569541131719,0
61.17,-0.2627302841304241,0
61.18,0.31165635940961056,0
61.19,-0.02196016876394738,0
61.2,0.016890964085081756,0
61.21,0.16622104489344797,0
61.22,-0.28085862568257147,0
61.230000000000004,0.12506929542622824,0
61.24,0.9294518897802208,0
61.25,-0.09880091214279672,0
61.26,0.6825003651551851,0
61.27,1.0515566964896235,0
61.28,-0.08862880420245631,0
61.29,-0.7139403094242354,0
61.300000000000004,0.06537583493828773,0
61.31,-0.19214233292217064,0
61.32,1.030060288992478,0
61.33,0.359021541465108,0
61.34,-0.25450246438706636,0
61.35,-0.5916155263280315,0
61.36,0.5153931344421467,0
61.370000000000005,-0.09247172751975549,0
61.38,0.08304931866461768,0
61.39,0.6125591102948359,0
61.4,-0.021975399113567162,0
61.410000000000004,0.0527881480577741,0
61.42,0.08708574974486451,0
61.43,0.46834902036366705,0
61.44,0.5143338690685925,0
61.45,0.0939908330797432,0
61.46,0.13998996358081398,0
61.47,-0.08041983484257471,0
61.480000000000004,-0.7244463164378397,0
61.49,0.03858039928770263,0
61.5,1.099785452523125,0
61.51,-0.11321242695229132,0
61.52,-0.3575447367111114,0
61.53,-0.4706843431916681,0
61.54,0.35056570436977064,0
61.550000000000004,0.40881298225604235,0
61.56,0.10008469664509012,0
61.57,-0.3815768631474396,0
61.58,0.03605018536310943,0
61.59,-0.7419822612118468,0
61.6,-0.026923255556382017,0
61.61,0.5395502563858117,0
61.620000000000005,-0.44928535908163425,0
61.63,-0.846335598340832,0
61.64,0.711599074251546,0
61.65,-0.06583610655187108,0
61.660000000000004,0.6704918482533306,0
61.67,0.16760339854333334,0
61.68,0.03761477637434807,0
61.690000000000005,0.32480540442336336,0
61.7,-0.3076567240702748,0
61.71,0.07551857366580157,0
61.72,-0.10243263456021778,0
61.730000000000004,-0.6470022487318717,0
61.74,0.09975657252532197,0
61.75,-0.03352461570673028,0
61.76,-0.01027462385199622,0
61.77,-0.565323339094123,0
61.78,0.7878153609967146,0
61.79,0.7454753060907077,0
61.800000000000004,0.781426889492303,0
61.81,0.11427857282998014,0
61.82,-0.8107284298824007,0
61.83,0.9188386408495572,0
61.84,0.2786673335267379,0
61.85,-0.24763041946665737,0
61.86,0.24148965771847025,0
61.870000000000005,0.7633118101532163,0
61.88,0.25992992303051315,0
61.89,0.8272166896561455,0
61.9,0.864858383846236,0
61.910000000000004,-0.27570698732300003,0
61.92,-0.34648372849868947,0
61.93,0.5045319598857254,0
61.940000000000005,-1.237227421824039,0
61.95,-0.307725343933049,0
61.96,-0.7577567709347486,0
61.97,-0.3621076942648729,0
61.980000000000004,-0.1685753591352145,0
61.99,-0.1518672069551977,0
62.0,-0.2510404027376075,0
62.01,-0.5660321922006388,0
62.02,1.1599814924306415,0
62.03,1.3654212848281682,0
62.04,-0.19657846655884165,0
62.050000000000004,0.8742659634080467,0
62.06,0.08668526944903197,0
62.07,0.1712869156315282,0
62.08,0.08991532843051689,0
62.09,-0.2481008585749955,0
62.1,0.5426409585473526,0
62.11,0.28339986492598157,0
62.120000000000005,-0.10225938564641411,0
62.13,-0.6396631658866176,0
62.14,-0.5551746835660499,0
62.15,-0.9323040485803227,0
62.160000000000004,-0.14601381589193316,0
62.17,-0.5932469024059088,0
62.18,-0.20923855834873556,0
62.190000000000005,0.7577816944346216,0
62.2,0.9085488827261728,0
62.21,0.2903531892707556,0
62.22,0.10658749622557803,0
62.230000000000004,1.1080914632885464,0
62.24,0.6346593447058242,0
62.25,0.06438215952175512,0
62.26,-0.6630532274000294,0
62.27,0.12421441406778445,0
62.28,0.5528943391161129,0
62.29,-0.11798621562024698,0
62.300000000000004,0.20571628280829846,0
62.31,-0.06207916595619917,0
62.32,-0.03344596289592948,0
62.33,-1.253166566633415,0
62.34,-0.3513800879969792,0
62.35,0.5083664057123005,0
62.36,-0.1291941774434216,0
62.370000000000005,0.07560206965711322,0
62.38,-0.30377122910956555,0
62.39,0.19587383548190357,0
62.4,0.013501117024206089,0
62.410000000000004,-0.41699491294865443,0
62.42,0.6851609495817388,0
62.43,0.7457284360791683,0
62.440000000000005,-0.05598276757703845,0
62.45,0.330783453082657,0
62.46,0.44854607782252487,0
62.47,0.5338139896721478,0
62.480000000000004,-0.6891979399995258,0
62.49,0.4433234466781617,0
62.5,-0.11301437696646553,0
62.51,-0.13930004855685268,0
62.52,1.449419410249066,0
62.53,0.6025625445328673,0
62.54,0.02432977047890071,0
62.550000000000004,-1.0889250485955893,0
62.56,0.5472264284986226,0
62.57,-0.5002356185876645,0
62.58,-0.5801262408745406,0
62.59,-0.24221920451982096,0
62.6,0.7729733714405165,0
62.61,0.6842297714146505,0
62.620000000000005,0.1661821982371141,0
62.63,0.2848705810912274,0
62.64,-0.16939036862309093,0
62.65,0.11111126526606488,0
62.660000000000004,0.14589039767951067,0
62.67,0.6314046827636821,0
62.68,0.7519053883359111,0
62.690000000000005,0.5300043074796001,0
62.7,0.01847564270679887,0
62.71,0.478572576534523,0
62.72,0.1495436368322181,0
62.730000000000004,-0.45992489377223456,0
62.74,-0.2509297374645812,0
62.75,0.06106732677681498,0
62.76,0.5787446712623402,0
62.77,0.12567654877841725,0
62.78,-0.5338264603507256,0
62.79,-0.02457469231527644,0
62.800000000000004,0.13291031674121495,0
62.81,0.21079697760813668,0
62.82,0.6211371858965696,0
62.83,0.7764404103326961,0
62.84,-0.04381486659085056,0
62.85,-0.26058894061903504,0
62.86,-0.5406372041631871,0
62.870000000000005,0.31540671585043223,0
62.88,0.9287910527228251,0
62.89,0.14276677019469444,0
62.9,-0.014547792678249696,0
62.910000000000004,0.8557767526880955,0
62.92,0.5614414308273921,0
62.93,0.4509106456986145,0
62.940000000000005,-0.44326837593165125,0
62.95,0.3288079433341729,0
62.96,-0.33444789127327235,0
62.97,-0.6094002258408744,0
62.980000000000004,-0.2589312313433023,0
62.99,-0.29863169573191367,0
63.0,-0.11464174811750086,0
63.01,-0.7180386375310175,0
63.02,0.4090584711149305,0
63.03,0.7807313820484632,0
63.04,-0.763942073479259,0
63.050000000000004,0.40795062642528335,0
63.06,-0.2518050799027808,0
63.07,0.4712300502606026,0
63.08,0.159138381676728,0
63.09,0.1328589857619628,0
63.1,0.01236346185981202,0
63.11,0.7262814076763142,0
63.120000000000005,-0.4008955293330694,0
63.13,0.3011001902444633,0
63.14,0.7393691260017943,0
63.15,0.643884871064013,0
63.160000000000004,1.4764907923556831,0
63.17,0.16494473702687934,0
63.18,0.6285087769697477,0
63.190000000000005,0.17807350585108989,0
63.2,0.7787630823701333,0
63.21,0.2679778720361758,0
63.22,-0.06221207107954739,0
63.230000000000004,0.7572965881395651,0
63.24,0.004839464492638598,0
63.25,-0.673857808242277,0
63.26,-0.36647591555648984,0
63.27,0.31523471599110586,0
63.28,0.8972843262640577,0
63.29,0.36063651764871896,0
63.300000000000004,0.8692497341102718,0
63.31,-0.4288901703760179,0
63.32,-0.2662334819310089,0
63.33,-0.14322322927730413,0
63.34,-0.01983210637430366,0
63.35,0.11677489277822918,0
63.36,0.47404688770544456,0
63.370000000000005,-0.04147578337614943,0
63.38,0.14052555702846686,0
63.39,0.0879277164477661,0
63.4,-0.3942921780239395,0
63.410000000000004,-0.08234068991080756,0
63.42,-0.020356071196352632,0
63.43,-0.016298392382406712,0
63.440000000000005,0.08950923823742168,0
63.45,0.139315899627258,0
63.46,-0.11877471703156153,0
63.47,0.72464937708203,0
63.480000000000004,-0.3650806951264193,0
63.49,-0.3986966545602444,0
63.5,1.4572387398311857,0
63.51,-0.11200397611047676,0
63.52,-0.6725008592906245,0
63.53,0.29940054850922526,0
63.54,-0.9549294250983872,0
63.550000000000004,-0.2876952527946607,0
63.56,1.1471010968782978,0
63.57,-0.4596910915714652,0
63.58,-1.0941534200997964,0
63.59,-0.9957010990895611,0
63.6,0.305655653858193,0
63.61,0.7515387315375327,0
63.620000000000005,-0.008976515433528884,0
63.63,0.4376696790143805,0
63.64,0.9258252310228833,0
63.65,1.259297845191362,0
63.660000000000004,0.2596276196389698,0
63.67,-1.0847537315853506,0
63.68,-0.632412565723046,0
63.690000000000005,-0.309499908889027,0
63.7,-0.13940882270695043,0
63.71,-0.05906509429864226,0
63.72,0.6568820184143283,0
63.730000000000004,0.918664691227411,0
63.74,0.21397872779214844,0
63.75,0.714180009487103,0
63.76,0.4446843488406003,0
63.77,0.221163475879541,0
63.78,0.613666839666483,0
63.79,0.26747134704540343,0
63.800000000000004,1.2382712009272414,0
63.81,-0.38092176763568586,0
63.82,-0.2940935021318527,0
63.83,-0.0654470131604833,0
63.84,0.29308294355363096,0
63.85,0.8238935318282339,0
63.86,0.2683379931879356,0
63.870000000000005,-0.6149766564452744,0
63.88,0.3702188546327097,0
63.89,0.5698600253914955,0
63.9,-0.8164114442200565,0
63.910000000000004,-0.13092857626512228,0
63.92,-0.8043700874185783,0
63.93,-0.4799056232182426,0
63.940000000000005,-0.5256485076497082,0
63.95,0.3746236775475154,0
63.96,0.23091436701267348,0
63.97,-0.5518832184059419,0
63.980000000000004,0.40567435802108187,0
63.99,-0.5871860701117436,0
64.0,0.10391649060546322,0
64.01,-0.33262607413610723,0
64.02,-0.20303995049862744,0
64.03,0.29260276450426626,0
64.04,0.42563000251453387,0
64.05,0.8931480653181099,0
64.06,0.25420978476943923,0
64.07000000000001,0.3014423714177873,0
64.08,-0.08308761333254376,0
64.09,0.1507747174435855,0
64.1,0.3463343336932035,0
64.11,0.10879723599136054,0
64.12,-0.8588259883640192,0
64.13,0.03631699921654265,0
64.14,0.27769286226953455,0
64.15,-0.2183531139847662,0
64.16,-0.6641614075478541,0
64.17,0.694293637572261,0
64.18,0.5096299980800363,0
64.19,0.07972649863995412,0
64.2,-0.5112975534063154,0
64.21000000000001,-0.4912207107701565,0
64.22,0.6450872149330936,0
64.23,0.30876689787631273,0
64.24,-0.14186190039482155,0
64.25,0.3100834617437585,0
64.26,-0.28208527949015083,0
64.27,0.8027880829228341,0
64.28,0.9951366510164981,0
64.29,0.07431081327680315,0
64.3,-0.24224951937277517,0
64.31,-1.3808806361660457,0
64.32000000000001,-1.0603162029649866,0
64.33,-0.9045279689200341,0
64.34,-0.08030446991497213,0
64.35,-0.1200051508186677,0
64.36,-0.6726699183221035,0
64.37,-0.24415937182397368,0
64.38,0.28177580519468653,0
64.39,0.4252107678580341,0
64.4,-0.8316968998036414,0
64.41,-0.20261939164337212,0
64.42,-0.7137549443869989,0
64.43,0.3753090314649753,0
64.44,0.5849262219128475,0
64.45,-0.25851828406907035,0
64.46000000000001,-0.39912645552736853,0
64.47,-0.2720055314756681,0
64.48,-1.194308299270937,0
64.49,-0.04630945671110008,0
64.5,-0.0835561172440095,0
64.51,0.5690517649148358,0
64.52,-0.36942242201241815,0
64.53,-0.34883634718159107,0
64.54,-0.8162950071490858,0
64.55,-0.6657342271476941,0
64.56,-0.7227532005117911,0
64.57000000000001,0.42279790470591394,0
64.58,-0.19308663641037865,0
64.59,0.09088691785743927,0
64.6,-0.10704980274581417,0
64.61,-0.6298312916810125,0
64.62,-0.17414989924829988,0
64.63,0.3484076721417556,0
64.64,-0.48320326258197827,0
64.65,0.3829171382519246,0
64.66,-0.28397244870672705,0
64.67,-0.2554268206019513,0
64.68,0.2914906329838359,0
64.69,-0.20772292414215535,0
64.7,0.04075436649243419,0
64.71000000000001,-0.08475257248513267,0
64.72,0.12031526830446415,0
64.73,-1.1651705899330265,0
64.74,-1.193117054972732,0
64.75,0.1022580169658835,0
64.76,0.6503808527677185,0
64.77,-0.24982272529096272,0
64.78,-0.11999353320994068,0
64.79,0.1993333720077029,0
64.8,0.49134702804255614,0
64.81,-0.8846543634200054,0
64.82000000000001,-0.620725291190275,0
64.83,-0.2600381269571235,0
64.84,0.3816582934394882,0
64.85,1.4981051649313164,0
64.86,0.32526106881794975,0
64.87,-0.5958264600036342,0
64.88,0.13735605691123998,0
64.89,0.809873976930322,0
64.9,0.33201543444682335,0
64.91,-0.3278253822735629,0
64.92,0.5001695966965239,0
64.93,0.5503316364306662,0
64.94,-0.33694605263034794,0
64.95,0.19074864851861287,0
64.96000000000001,0.6505961449170692,0
64.97,0.8638444062206876,0
64.98,0.25233933385452,0
64.99,-0.05587309504477915,0
65.0,0.7112975566066455,0
65.01,-0.3949620680062722,0
65.02,0.20645232109137882,0
65.03,-0.6063731218042869,0
65.04,0.48732559465219755,0
65.05,0.0559488460779011,0
65.06,0.7610554837400035,0
65.07000000000001,0.5234287505214533,0
65.08,-0.4491131287710397,0
65.09,0.7177909037773236,0
65.1,1.076912428555857,0
65.11,0.810415919818896,0
65.12,-0.13166198269164275,0
65.13,-0.12460511911160621,0
65.14,0.11753459687476375,0
65.15,-0.27415898255240523,0
65.16,0.90386948607741,0
65.17,0.37396854412070213,0
65.18,-1.2750264991963778,0
65.19,-0.06696119047115756,0
65.2,-0.13110273464134853,0
65.21000000000001,-0.001665967464758611,0
65.22,-0.12574143780405858,0
65.23,0.46929020893002593,0
65.24,0.7845077337830836,0
65.25,0.4177417935479818,0
65.26,-0.0054135614312400965,0
65.27,0.04744628668661358,0
65.28,0.09307929120991083,0
65.29,-0.33330516401005267,0
65.3,0.29568788095894355,0
65.31,0.3895919976421923,0
65.32000000000001,0.9883854897999533,0
65.33,0.9862296118253255,0
65.34,-0.048006373742043265,0
65.35,0.4953854025802749,0
65.36,-0.31205362105146,0
65.37,0.3630780794451307,0
65.38,-0.11389565477210471,0
65.39,-0.502975278629074,0
65.4,0.09377411022773709,0
65.41,-1.3305068063908352,0
65.42,-1.1947651143117544,0
65.43,-0.3229273343928798,0
65.44,0.03342281084591752,0
65.45,-0.11810117608076406,0
65.46000000000001,-0.8004455059721934,0
65.47,-0.5655155020708402,0
65.48,0.1370727833910218,0
65.49,0.41417322018869346,0
65.5,0.16495648988495762,0
65.51,0.7273132186201703,0
65.52,0.46344238692992923,0
65.53,-0.2122328926623434,0
65.54,-0.1325156992902471,0
65.55,-0.7103180352176675,0
65.56,-0.16531405576729435,0
65.57000000000001,0.6207242456742581,0
65.58,0.5899089231389817,0
65.59,0.963850054063138,0
65.6,0.14938566884741955,0
65.61,0.8238788764128296,0
65.62,0.17268203469642512,0
65.63,0.8964616924744893,0
65.64,0.28206292853180404,0
65.65,0.5166950038238355,0
65.66,0.9842433478208744,0
65.67,0.21254078882002228,0
65.68,0.23888863806686522,0
65.69,0.8155075608831233,0
65.7,0.2024348898698115,0
65.71000000000001,-0.5834594480180116,0
65.72,1.0646819301147057,0
65.73,0.0852910363637466,0
65.74,0.17511919923250657,0
65.75,0.728613879413587,0
65.76,-0.0727045720383628,0
65.77,-0.4857483548182026,0
65.78,0.08280643736937512,0
65.79,-0.8650886930410627,0
65.8,-0.3005397598176468,0
65.81,0.12437582606095669,0
65.82000000000001,-0.04367938110374077,0
65.83,-0.7639097718755911,0
65.84,0.7268969790348134,0
65.85,0.3057469601250716,0
65.86,0.9074271004079383,0
65.87,0.15719623670161587,0
65.88,-0.3605539413747754,0
65.89,0.12196063210670112,0
65.9,-0.015706860361397068,0
65.91,-0.5624425213287879,0
65.92,0.7107512831874448,0
65.93,-0.08507654317588365,0
65.94,-0.9326929560442998,0
65.95,0.542671151167482,0
65.96000000000001,-0.06437309421523606,0
65.97,-0.2712989736365116,0
65.98,-0.9395075219589506,0
65.99,0.7606503678944622,0
66.0,-0.42815028812440353,0
66.01,-0.0075639126306647625,0
66.02,0.5524250378262008,0
66.03,0.43096523390637753,0
66.04,0.14421943428473175,0
66.05,-0.8019297006690431,0
66.06,-0.5635107155239176,0
66.07000000000001,0.027277568146868394,0
66.08,-0.34426731247975806,0
66.09,0.09030668887024587,0
66.1,0.45367271622661354,0
66.11,0.6939947507857092,0
66.12,-0.41150888803715385,0
66.13,1.1348564539344126,0
66.14,0.7603323866907674,0
66.15,0.2570449307144966,0
66.16,0.7123186794636085,0
66.17,1.5055496110421882,0
66.18,-0.32200853910605187,0
66.19,-0.1327231105302229,0
66.2,-1.2320739346094136,0
66.21000000000001,-0.1377531882919262,0
66.22,0.22778468786284417,0
66.23,0.10369475711574201,0
66.24,-0.2550685975711891,0
66.25,-1.087669821207453,0
66.26,-0.005495568877254303,0
66.27,0.8411643308933497,0
66.28,-0.03701288335481337,0
66.29,0.29249440475079064,0
66.3,-0.6946022035740467,0
66.31,0.1371637889548789,0
66.32000000000001,-0.10790067374355082,0
66.33,-0.36572525922794763,0
66.34,-0.42912141395712494,0
66.35,-0.2496960777403509,0
66.36,0.20839746942987405,0
66.37,-0.5795454850285069,0
66.38,-0.2892700527658419,0
66.39,-0.02734252834377375,0
66.4,-0.5250866072722135,0
66.41,0.892507870781527,0
66.42,-0.16443146190458147,0
66.43,-0.3306827139913047,0
66.44,-0.5367643249353705,0
66.45,0.8904185677272648,0
66.46000000000001,0.5838677071225962,0
66.47,-0.28601385520999295,0
66.48,0.5843570968861209,0
66.49,0.31968755736539645,0
66.5,0.2836034030790222,0
66.51,-0.04589454510734858,0
66.52,-0.34394736117117297,0
66.53,0.16046799425308794,0
66.54,-0.1836128405847799,0
66.55,0.9880972340831362,0
66.56,-0.362438003094314,0
66.57000000000001,0.7938937438317341,0
66.58,0.20560367582555353,0
66.59,0.2770518117039541,0
66.6,0.5792917604763947,0
66.61,-0.1244982960861274,0
66.62,0.495392559487731,0
66.63,-1.2517741332003154,0
66.64,-0.6301574328077881,0
66.65,-0.5834637560072201,0
66.66,-0.7472647470077565,0
66.67,-0.2351842401446732,0
66.68,0.21269802419653724,0
66.69,0.49340000788434635,0
66.7,0.3176253270173617,0
66.71000000000001,-0.20913325763739482,0
66.72,0.210162191522622,0
66.73,0.18462394669690843,0
66.74,0.610501366078205,0
66.75,0.6321996149827493,0
66.76,0.24007339279784481,0
66.77,-0.3520411513103541,0
66.78,-0.37000433387378207,0
66.79,-0.3195927988452848,0
66.8,-0.18213258125367138,0
66.81,0.16283474301618045,0
66.82000000000001,0.4871513738164468,0
66.83,0.16011802056260258,0
66.84,0.11413473124901073,0
66.85,0.1703330633011525,0
66.86,-0.1667052421066428,0
66.87,-0.46906553464603884,0
66.88,-0.9867186463515963,0
66.89,-0.5515254630134587,0
66.9,0.17939642760955443,0
66.91,-0.26419934075672336,0
66.92,-0.12744835974068625,0
66.93,0.2817365339284147,0
66.94,0.41289259894781244,0
66.95,-0.4065277038109528,0
66.96000000000001,0.49444110496277116,0
66.97,0.7890331170707242,0
66.98,-0.33939192985044125,0
66.99,-0.4585701123433541,0
67.0,0.5846205890658859,0
67.01,0.13288123655291748,0
67.02,-1.0839934855042745,0
67.03,-0.9515165829088111,0
67.04,-0.3058504363308765,0
67.05,-0.6310316228308306,0
67.06,-0.313163147843666,0
67.07000000000001,0.0036841247590087833,0
67.08,0.8443111868727302,0
67.09,0.1210542487584327,0
67.1,0.6660485113707137,0
67.11,0.9919611755943463,0
67.12,1.0763599185886192,0
67.13,0.4852463101521491,0
67.14,-0.8597292874604765,0
67.15,0.0949181198809279,0
67.16,0.6464495919551263,0
67.17,0.18281674049305446,0
67.18,1.039097167371824,0
67.19,0.7819717873886909,0
67.2,0.5623895740225551,0
67.21000000000001,0.7833696051842728,0
67.22,0.4375749938414142,0
67.23,-1.153949037568175,0
67.24,-0.4901645896351493,0
67.25,0.5790898656791107,0
67.26,-0.22123633047937313,0
67.27,-0.11028890126568808,0
67.28,-0.5199920696764099,0
67.29,0.8839609718238318,0
67.3,1.1803666817740888,0
67.31,-0.11171204217868062,0
67.32000000000001,0.11436604255202582,0
67.33,-0.2699777712693032,0
67.34,0.32376805673551295,0
67.35,0.4161140849599175,0
67.36,0.6000032545981944,0
67.37,0.39043705120518046,0
67.38,1.7244594329091025,0
67.39,-0.052682707757392006,0
67.4,-0.8605541476161963,0
67.41,-0.3609348585815383,0
67.42,-0.8617396283119394,0
67.43,-0.9467555820282282,0
67.44,-0.7064911938958148,0
67.45,-0.6043228808487607,0
67.46000000000001,-0.5960855318086261,0
67.47,0.19027634535159516,0
67.48,-0.15870157925639472,0
67.49,-0.072015461498682,0
67.5,0.5214292620059636,0
67.51,-0.21454880752652616,0
67.52,-0.13136469811402907,0
67.53,0.22505630285673678,0
67.54,-0.9146068467184861,0
67.55,-1.4356506948731589,0
67.56,-0.11158096628277711,0
67.57000000000001,0.2970965907045082,0
67.58,1.236485806914655,0
67.59,0.45621913876964737,0
67.6,0.6134664804971619,0
67.61,0.11210681325136934,0
67.62,0.2491117389304494,0
67.63,1.0129167893207878,0
67.64,-0.8151410838303327,0
67.65,0.0791754196813446,0
67.66,1.2197292335291003,0
67.67,0.517750482874574,0
67.68,1.0710156255904395,0
67.69,-0.004769178845609082,0
67.7,0.044260570267296115,0
67.71000000000001,0.09140224713839973,0
67.72,-1.0956460221994275,0
67.73,-0.8335938647871339,0
67.74,-0.7301448917997763,0
67.75,0.3175857845216985,0
67.76,0.6061562511691619,0
67.77,0.38637212846898583,0
67.78,0.5976937660876507,0
67.79,0.12420968939858706,0
67.8,0.7332896027689646,0
67.81,0.25013344963375606,0
67.82000000000001,0.15544353757702195,0
67.83,-0.04051638195574127,0
67.84,0.41638966690246315,0
67.85,-0.0582163878404917,0
67.86,0.5673839908282234,0
67.87,-0.39914468899090383,0
67.88,-0.6231145911825777,0
67.89,0.2721480603856913,0
67.9,0.08269642814558503,0
67.91,-0.15926216919190977,0
67.92,0.4959129743986216,0
67.93,-0.13770386409322227,0
67.94,-0.07936967285302228,0
67.95,0.7869307667348736,0
67.96000000000001,1.0779797343859197,0
67.97,1.1684164019336545,0
67.98,0.20339074577090135,0
67.99,0.7677333610798093,0
68.0,-0.2519599280539764,0
68.01,-0.4845256978573575,0
68.02,-1.3114454655208596,0
68.03,0.6243507676988793,0
68.04,-0.24269663809626574,0
68.05,-0.06677741602054836,0
68.06,-0.4402298929493232,0
68.07000000000001,0.3213511436844789,0
68.08,-0.05852730826569234,0
68.09,-0.6483553055089617,0
68.1,0.13421389200378253,0
68.11,-0.6688920101931439,0
68.12,-0.552140423467375,0
68.13,-1.199032762755451,0
68.14,-0.9971066839018371,0
68.15,-0.0932799126764714,0
68.16,-1.0086165590950273,0
68.17,-0.9800640257126101,0
68.18,-0.18546084977529637,0
68.19,-0.2750740216216526,0
68.2,1.0528064534110064,0
68.21000000000001,1.3005257044217313,0
68.22,-0.07639394668188756,0
68.23,0.3382350912905766,0
68.24,0.5441805683678292,0
68.25,-0.12156667161844704,0
68.26,-0.7662892236005239,0
68.27,-0.13762644594577858,0
68.28,-0.06599356401734854,0
68.29,-0.18813464434401705,0
68.3,0.24890355064548125,0
68.31,-0.2772119437066199,0
68.32000000000001,-0.6224659206946773,0
68.33,-0.03724544130011677,0
68.34,0.25647600685600785,0
68.35000000000001,-0.5022769799223705,0
68.36,0.42884473370179993,0
68.37,-0.7754951502707659,0
68.38,-0.4416381964911172,0
68.39,-0.1877426721359417,0
68.4,-0.3257175542992865,0
68.41,-0.3223502176802126,0
68.42,0.9757833751809202,0
68.43,-0.14925789666320832,0
68.44,1.3226081465013835,0
68.45,0.623287628491169,0
68.46000000000001,0.2646587834847123,0
68.47,0.37955780258617855,0
68.48,1.5019074733008018,0
68.49,-0.09393991501618827,0
68.5,-0.5604764447345864,0
68.51,-0.48247737225226583,0
68.52,-0.04390338485459959,0
68.53,-0.8704471093768332,0
68.54,-0.14618870423266775,0
68.55,0.9248169518298709,0
68.56,0.37128865322340693,0
68.57000000000001,-0.0036245095323030885,0
68.58,-0.27071570983057996,0
68.59,0.47015678785494475,0
68.60000000000001,-0.2629352709498512,0
68.61,0.9768115403812535,0
68.62,1.333023491848954,0
68.63,0.529187121042394,0
68.64,0.18533092984057958,0
68.65,0.6543256328643827,0
68.66,0.8056943365429073,0
68.67,-0.16873730713703655,0
68.68,-0.2635714924186104,0
68.69,-0.7111035693771955,0
68.7,0.09901534470526702,0
68.71000000000001,0.43867028342515657,0
68.72,-0.5503378703245683,0
68.73,-0.32115256363192446,0
68.74,-0.7389430926055806,0
68.75,-0.6046092829337648,0
68.76,0.20101653250170215,0
68.77,-0.2816542031205282,0
68.78,-0.1719534596399447,0
68.79,-0.8509648467521462,0
68.8,-0.05457423202890156,0
68.81,0.02133123894868085,0
68.82000000000001,-0.32434797771107104,0
68.83,-0.12326431026426692,0
68.84,0.12364051205192933,0
68.85000000000001,-0.34462887897460204,0
68.86,-0.8139482818339946,0
68.87,0.8163793511108179,0
68.88,-0.07484698191443381,0
68.89,-0.0119779910181078,0
68.9,0.5935388841531514,0
68.91,2.0859202046774215,0
68.92,-0.08309976568210932,0
68.93,0.27689061464956016,0
68.94,-0.2494934431207822,0
68.95,-0.29125408713187395,0
68.96000000000001,-0.39834403468776935,0
68.97,-0.6410655093534506,0
68.98,-0.12432042842148366,0
68.99,-0.7584060118042496,0
69.0,0.3724691893330255,0
69.01,0.1802342475081879,0
69.02,0.32780962493992216,0
69.03,-0.10855627043947921,0
69.04,-0.16497131861552772,0
69.05,0.16957543956482796,0
69.06,-0.519860140531989,0
69.07000000000001,-0.26300002374073117,0
69.08,-0.46595337982451496,0
69.09,-0.5332129457321035,0
69.10000000000001,-1.1993681889302492,0
69.11,0.4708582599554583,0
69.12,-0.1904662196673585,0
69.13,0.6293109574230712,0
69.14,0.7838496008795206,0
69.15,-0.43156189602194545,0
69.16,-0.6302284509904283,0
69.17,1.2632436910481433,0
69.18,1.305446944632474,0
69.19,0.3667468025670339,0
69.2,0.28588019535954823,0
69.21000000000001,-0.2073811587091393,0
69.22,0.23545792066168214,0
69.23,-0.2660365226283658,0
69.24,-1.0918220217004064,0
69.25,-0.9197800176833042,0
69.26,-0.16179847708852574,0
69.27,-0.5859054385873711,0
69.28,-0.1254632658986889,0
69.29,-0.5468565502395599,0
69.3,-0.4965776514699295,0
69.31,0.3869270292785592,0
69.32000000000001,0.285218110990619,0
69.33,0.12281549508709065,0
69.34,0.5554041055032807,0
69.35000000000001,0.4513763399082449,0
69.36,0.9397376261041261,0
69.37,0.046554144102625164,0
69.38,-0.16068290755298897,0
69.39,-0.6766195979528488,0
69.4,-0.34120130298335993,0
69.41,0.4848378450437479,0
69.42,0.8698260335600967,0
69.43,0.7851436301687154,0
69.44,-0.7029303523002293,0
69.45,0.4572977255517721,0
69.46000000000001,-0.808570860241898,0
69.47,0.3322802440113608,0
69.48,-0.05668104445492084,0
69.49,0.416023805025116,0
69.5,-0.5495361418865504,0
69.51,0.5423007532265767,0
69.52,-0.588615446923148,0
69.53,-0.44720643546143096,0
69.54,-0.5874357427684298,0
69.55,-1.0252278021811345,0
69.56,-0.15015492643511147,0
69.57000000000001,0.9800432541894905,0
69.58,1.7209708484014183,0
69.59,0.5376838476214224,0
69.60000000000001,0.7847584655305266,0
69.61,0.375416729589033,0
69.62,0.4151187281122399,0
69.63,-0.02287171857671237,0
69.64,0.1536853215743587,0
69.65,0.38012869368162494,0
69.66,-0.15757387066196388,0
69.67,-0.025254688882534654,0
69.68,0.017940539153438857,0
69.69,0.4999073832271144,0
69.7,-0.3874263671951656,0
69.71000000000001,-0.06904511777579514,0
69.72,1.056171523216728,0
69.73,0.9391315129324779,0
69.74,1.0084168785732242,0
69.75,0.3202267168958513,0
69.76,0.3060738885589675,0
69.77,0.6652822384402675,0
69.78,1.0522122910912357,0
69.79,-0.7212804704923153,0
69.8,-0.8259122155393133,0
69.81,0.5457367338073369,0
69.82000000000001,0.043833525554394556,0
69.83,-0.2919409493738763,0
69.84,-0.6860915214477095,0
69.85000000000001,-0.4123472635727179,0
69.86,-0.7951933401591765,0
69.87,0.9694504259540335,0
69.88,0.28504498057478833,0
69.89,0.09499382381160804,0
69.9,0.39147618742207685,0
69.91,0.6648708348116027,0
69.92,0.7244184555352894,0
69.93,0.8072909898569455,0
69.94,-0.0797169498488986,0
69.95,-0.12418315401761477,0
69.96000000000001,0.4328241573657329,0
69.97,-0.11835083480644636,0
69.98,0.021952051756544015,0
69.99,0.27206582333404644,0
70.0,0.5403400597385003,0
70.01,-0.757444960631006,0
70.02,0.2453765343085749,0
70.03,-0.009048794330419177,0
70.04,0.4285201094882486,0
70.05,0.5748724741224969,0
70.06,1.053951257833882,0
70.07000000000001,1.0381740734675682,0
70.08,1.0305276523846094,0
70.09,1.080287267267402,0
70.10000000000001,0.47905422217984867,0
70.11,0.19067883547905654,0
70.12,0.566213869228543,0
70.13,0.5851134182800853,0
70.14,0.03535349741168567,0
70.15,0.278047610419809,0
70.16,0.10441102851613193,0
70.17,-0.37509464786222124,0
70.18,0.646956753898177,0
70.19,0.2446120529064737,0
70.2,1.2056023026834644,0
70.21000000000001,-0.510828609765535,0
70.22,-0.3708461034185614,0
70.23,-0.02200218628016458,0
70.24,0.6534855974838369,0
70.25,0.4293562127666101,0
70.26,0.32589267099599245,0
70.27,-0.46565591870056255,0
70.28,-0.6793848133886283,0
70.29,0.055002694641927405,0
70.3,-0.6596173803213814,0
70.31,-0.39511895700488375,0
70.32000000000001,0.22096798541209056,0
70.33,-0.41492607233198286,0
70.34,0.804093827607624,0
70.35000000000001,0.9056919955382906,0
70.36,-0.557571577781406,0
70.37,-0.5831089536221273,0
70.38,-1.3102670999559196,0
70.39,-0.6915946876805908,0
70.4,0.28792225135795024,0
70.41,-0.09577846791111819,0
70.42,0.2740632561863197,0
70.43,-0.689601186320078,0
70.44,0.30509175091809937,0
70.45,-0.16683764944655097,0
70.46000000000001,0.017238481144071872,0
70.47,0.007280266956091172,0
70.48,-0.6229322310715086,0
70.49,-0.7174365390274395,0
70.5,0.38834247899161617,0
70.51,0.36184242484818097,0
70.52,0.7018905682348232,0
70.53,0.40056889373393556,0
70.54,0.22845650874504092,0
70.55,-0.8099181425792769,0
70.56,-0.29436775090468326,0
70.57000000000001,-0.036121076826689955,0
70.58,1.0830844566157005,0
70.59,0.6885784727198644,0
70.60000000000001,1.0420924296091059,0
70.61,0.630636498205632,0
70.62,-0.16926899743182577,0
70.63,0.07188377213162173,0
70.64,0.19555895820209274,0
70.65,-0.399490716762916,0
70.66,-0.2528572002669107,0
70.67,-0.12111484642340734,0
70.68,0.8764103303593043,0
70.69,-0.837362746295493,0
70.7,0.48436465298064235,0
70.71000000000001,-0.32625840826745445,0
70.72,-0.7607559096721632,0
70.73,0.48962321096575406,0
70.74,0.5635810333446727,0
70.75,0.8603466505850097,0
70.76,0.6928269196768732,0
70.77,1.321447256234616,0
70.78,0.6791647165696112,0
70.79,0.13768649717990045,0
70.8,0.2682292616131179,0
70.81,0.7803979050842595,0
70.82000000000001,-0.16883360818655418,0
70.83,-0.3382880924746568,0
70.84,-0.19806796912533603,0
70.85000000000001,-1.1192830947282515,0
70.86,-0.15532862602581252,0
70.87,-0.9923393830260487,0
70.88,-0.16894399580961028,0
70.89,0.469408331951146,0
70.9,-0.0857921903482055,0
70.91,0.9224465943228886,0
70.92,-0.49642296556557075,0
70.93,0.5609781975309057,0
70.94,0.5504366202610161,0
70.95,-0.7256190267176219,0
70.96000000000001,1.3127707203191523,0
70.97,0.34479025005427055,0
70.98,-0.33058729021571065,0
70.99,-0.7815019128800165,0
71.0,-0.2621123481864664,0
71.01,-0.08298417111323296,0
71.02,0.08427095452740414,0
71.03,-0.08720249024030607,0
71.04,0.3656929241563297,0
71.05,-0.06476247393416006,0
71.06,-0.9964242626797636,0
71.07000000000001,-0.27848140063611365,0
71.08,-1.280258604362342,0
71.09,-0.08158035076310136,0
71.10000000000001,-0.49185593789417215,0
71.11,0.014044173632664872,0
71.12,0.7532772633506664,0
71.13,-0.2669857470843879,0
71.14,0.5483089028635089,0
71.15,-0.043856978107340475,0
71.16,0.9724966958803535,0
71.17,0.0984524994446917,0
71.18,-0.3732320708505858,0
71.19,0.32237952455688074,0
71.2,-0.1018076746730701,0
71.21000000000001,-0.42392065039527227,0
71.22,-0.31085201021452413,0
71.23,-0.051910925312055406,0
71.24,0.7512989946027402,0
71.25,-0.7926646130205921,0
71.26,-0.13643252003407746,0
71.27,0.34807930713763235,0
71.28,0.23940416777809373,0
71.29,0.8067284149998504,0
71.3,0.21138052715748668,0
71.31,0.0038167923224069616,0
71.32000000000001,0.365604204784271,0
71.33,0.19346467980936355,0
71.34,-0.11040285283344108,0
71.35000000000001,0.2963633824322557,0
71.36,-0.22434238762569897,0
71.37,-0.33253606103027344,0
71.38,-0.3153247101575528,0
71.39,0.690672320884106,0
71.4,-1.4937282031720955,0
71.41,-0.11389160110927328,0
71.42,0.038609984257403585,0
71.43,-0.8366764816215326,0
71.44,0.004526802265417643,0
71.45,0.3032036696208403,0
71.46000000000001,0.4384836194232913,0
71.47,-1.25393009877814,0
71.48,0.46277051301193695,0
71.49,-0.228613830400346,0
71.5,0.3569940943381805,0
71.51,0.5323841911502004,0
71.52,-0.2853265063262149,0
71.53,0.32879778510267654,0
71.54,-0.07471633283357138,0
71.55,-1.0734257138124677,0
71.56,0.4018036129983811,0
71.57000000000001,-0.2640297870445817,0
71.58,-0.47283557527415443,0
71.59,-0.28467425492091186,0
71.60000000000001,0.12195015518019006,0
71.61,0.04809377045546561,0
71.62,0.351954777327092,0
71.63,-0.5773085060285806,0
71.64,-0.49168431315099254,0
71.65,-0.13674227104076483,0
71.66,1.0244192035164348,0
71.67,0.24337020374154128,0
71.68,0.686597821029618,0
71.69,0.23997925426126482,0
71.7,-0.14981102305073118,0
71.71000000000001,-0.12112118469824104,0
71.72,-0.07228711898201483,0
71.73,0.351035017652231,0
71.74,0.867393417852249,0
71.75,0.4559584030171753,0
71.76,0.7936791573247415,0
71.77,-0.2678742647943246,0
71.78,-0.24032191056948193,0
71.79,-0.3983835366165675,0
71.8,0.11523201113627227,0
71.81,-0.1150133682316029,0
71.82000000000001,0.4071745726514573,0
71.83,-0.3467379030084623,0
71.84,-0.01654781252896309,0
71.85000000000001,0.40882172577825415,0
71.86,-0.9504968633826865,0
71.87,0.9393247993198381,0
71.88,0.1311099745315297,0
71.89,-0.9985989636936096,0
71.9,-0.11846910617769897,0
71.91,0.035144076951908756,0
71.92,0.01208736318747499,0
71.93,0.5777404416148357,0
71.94,0.5893117505457465,0
71.95,0.3527548081935327,0
71.96000000000001,0.3746711664289449,0
71.97,0.08481340413381216,0
71.98,1.0133963202012315,0
71.99,-0.48773189686708857,0
72.0,-0.0009591529006686139,0
72.01,0.08095390057274955,0
72.02,0.49986609912739405,0
72.03,-0.27792682277268954,0
72.04,-0.9515988313235447,0
72.05,-0.10797463088490214,0
72.06,0.16914414314335618,0
72.07000000000001,0.8818841877633296,0
72.08,-0.40974610550054774,0
72.09,0.5587352708235388,0
72.10000000000001,1.4466333691450863,0
72.11,0.2066646138160348,0
72.12,-0.5896653343358105,0
72.13,-0.3180424985222245,0
72.14,-0.02598916171034229,0
72.15,0.3397642320885001,0
72.16,-0.18401153381509988,0
72.17,0.8281423098423674,0
72.18,-0.3405836241581043,0
72.19,-0.9654641110083464,0
72.2,0.3938272874424053,0
72.21000000000001,-1.067066655823158,0
72.22,-0.329719384540764,0
72.23,1.6235599490053547,0
72.24,0.44515243590221054,0
72.25,-0.43992282450518555,0
72.26,-0.09494834198623114,0
72.27,-0.005230534323722544,0
72.28,0.12976509473342768,0
72.29,0.4306018208987913,0
72.3,-0.4002694324477019,0
72.31,0.8440159961080456,0
72.32000000000001,0.3869017749358408,0
72.33,0.52909583938655,0
72.34,-0.15694955725165538,0
72.35000000000001,0.691055721352899,0
72.36,0.0810849680303897,0
72.37,0.2132493850568264,0
72.38,-0.3984666833240659,0
72.39,-0.5854239047806149,0
72.4,0.2651926819374001,0
72.41,-0.124921850289512,0
72.42,-0.4409439554239098,0
72.43,-0.407815278296002,0
72.44,0.3151629039777766,0
72.45,-0.21133337140286965,0
72.46000000000001,-0.07066692123549842,0
72.47,0.03511898796703374,0
72.48,-0.9675320423230572,0
72.49,-0.9806045333568362,0
72.5,-0.021405152630907344,0
72.51,-0.35321813818868447,0
72.52,0.5190269887818757,0
72.53,0.6891649309445707,0
72.54,0.5997842812783652,0
72.55,1.1635100791427022,0
72.56,0.2910620246057293,0
72.57000000000001,0.4627115097082823,0
72.58,-0.151181661539095,0
72.59,1.3124934900794867,0
72.60000000000001,1.4287547295262912,0
72.61,0.40775303339375407,0
72.62,0.3520076407292421,0
72.63,0.8560353416817515,0
72.64,0.17977245647553905,0
72.65,-0.26065075215085903,0
72.66,0.44431017567748576,0
72.67,0.19685272288972105,0
72.68,0.19062865127737968,0
72.69,-0.3526962612391885,0
72.7,-0.9590085710245577,0
72.71000000000001,-0.07015065663375711,0
72.72,0.5081947643359225,0
72.73,0.05056785721585637,0
72.74,0.8213213978767817,0
72.75,-0.1258388205388989,0
72.76,-0.5494749909574907,0
72.77,-0.12955837255442065,0
72.78,-0.032799264598351106,0
72.79,0.44537032283527,0
72.8,-0.25785684108147805,0
72.81,0.7075505936115335,0
72.82000000000001,1.26775751564376,0
72.83,0.33947200678695205,0
72.84,0.7937218683615676,0
72.85000000000001,-0.3208914980832973,0
72.86,0.5356312317939916,0
72.87,0.7348409937107105,0
72.88,0.6867034657154552,0
72.89,0.20653127173802854,0
72.9,-1.4785046364690595,0
72.91,-0.6683035101900884,0
72.92,-0.45737243146950934,0
72.93,-0.5923117330325534,0
72.94,-0.040031851700840365,0
72.95,-0.19021257443072062,0
72.96000000000001,-0.44381910706546146,0
72.97,-0.631973384411986,0
72.98,-0.4962386731452129,0
72.99,0.5159294543163848,0
73.0,-0.18032468148300848,0
73.01,-0.27663133027594466,0
73.02,-0.2697318056601971,0
73.03,0.15568736686825202,0
73.04,0.32444583798379667,0
73.05,-1.4977595344869252,0
73.06,0.21209338621917212,0
73.07000000000001,0.8603771707759945,0
73.08,-0.3017690256166841,0
73.09,-0.5508666037700402,0
73.10000000000001,-0.3351730240794921,0
73.11,-0.44411190540543044,0
73.12,0.05046177309107703,0
73.13,-0.9817763158734857,0
73.14,-0.7986177167766156,0
73.15,0.6621451276391304,0
73.16,-0.28669001033411884,0
73.17,0.632541024496387,0
73.18,0.3893702032084569,0
73.19,-0.8241907125652801,0
73.2,0.1742136342246059,0
73.21000000000001,0.022778213760673433,0
73.22,-0.19501026951441372,0
73.23,0.12350376013374811,0
73.24,0.32540365637675506,0
73.25,0.4998977640767449,0
73.26,0.7941254702272685,0
73.27,0.45752861826226926,0
73.28,-0.5765803280488678,0
73.29,-0.3548062661082278,0
73.3,1.520107583666481,0
73.31,0.8073367631165139,0
73.32000000000001,1.505016545071647,0
73.33,1.1607859319031533,0
73.34,0.4603391772814455,0
73.35000000000001,0.3169298068394995,0
73.36,0.10104797986069791,0
73.37,-0.858923917664642,0
73.38,-0.16390340808913703,0
73.39,0.6449282836202039,0
73.4,-0.11695950264292404,0
73.41,0.23123796112459316,0
73.42,0.5523705836608931,0
73.43,-0.3053248300081891,0
73.44,-0.2756859799422875,0
73.45,-0.5700548117240216,0
73.46000000000001,-0.5394449506719304,0
73.47,-0.7796950137364748,0
73.48,-0.6336224077818902,0
73.49,0.6382868597061852,0
73.5,-0.2872092342299543,0
73.51,0.036244945748805824,0
73.52,-0.21807035458477725,0
73.53,0.6138942102615076,0
73.54,0.8922982684124221,0
73.55,0.7237673248646304,0
73.56,0.3844747638229294,0
73.57000000000001,0.013537286022488638,0
73.58,-0.5909045661798037,0
73.59,0.9276581963517477,0
73.60000000000001,-0.13229089140682654,0
73.61,0.36064992066773016,0
73.62,0.6946864529854518,0
73.63,-0.08180640926422883,0
73.64,0.5725154004583697,0
73.65,0.5902484565318072,0
73.66,1.107873244329584,0
73.67,0.06709471079940754,0
73.68,-0.6279639010180964,0
73.69,-0.3861914211141232,0
73.7,0.05462501282607129,0
73.71000000000001,0.08456793301674284,0
73.72,-0.1485058522010082,0
73.73,-1.0140092970236263,0
73.74,0.03683880592111591,0
73.75,1.099305279383825,0
73.76,0.5617694685255675,0
73.77,0.5045018128588933,0
73.78,0.4706063791310242,0
73.79,0.36868687587027604,0
73.8,0.6278708988641523,0
73.81,0.40703267312168134,0
73.82000000000001,-0.025278604003476673,0
73.83,-0.3907766601647706,0
73.84,-0.19088601388755722,0
73.85000000000001,0.15891917401107575,0
73.86,-0.08927958699929098,0
73.87,0.1843527054560815,0
73.88,0.31918752497112224,0
73.89,0.5626909533908829,0
73.9,0.8629631584628503,0
73.91,0.29639965610665603,0
73.92,-0.5832597522835086,0
73.93,-0.2905573926751191,0
73.94,-0.010176630498618028,0
73.95,-0.941197593385138,0
73.96000000000001,0.5431316280379179,0
73.97,0.25048263733567316,0
73.98,0.30454314883374445,0
73.99,0.8421255797646857,0
74.0,-0.08628279076531928,0
74.01,0.32284608361597367,0
74.02,0.06088442485509947,0
74.03,-0.044172043062732126,0
74.04,-0.38366289131277975,0
74.05,0.8296365497737517,0
74.06,0.045962214799630356,0
74.07000000000001,0.4224601128369891,0
74.08,-0.8544520614712293,0
74.09,0.45317292599556114,0
74.10000000000001,0.7119933552701883,0
74.11,0.26820619549967134,0
74.12,-0.01552242065052508,0
74.13,0.24737448286538583,0
74.14,1.3189063483899535,0
74.15,-0.5710978208442371,0
74.16,0.3118039822572849,0
74.17,-0.3694359027214808,0
74.18,-0.06492472026937934,0
74.19,-0.11023448447987566,0
74.2,-0.21769150893471584,0
74.21000000000001,-0.02207418802373539,0
74.22,-0.5716228093144727,0
74.23,0.4430109868372106,0
74.24,-0.8068899184402245,0
74.25,0.12348310696989534,0
74.26,-0.10529903733368898,0
74.27,-0.6122014278489096,0
74.28,-0.007631984646708188,0
74.29,-0.7934371383507347,0
74.3,-0.13964811928842996,0
74.31,-0.7551219062929321,0
74.32000000000001,0.09434534068943581,0
74.33,-0.4312242917611578,0
74.34,-0.3105740629172495,0
74.35000000000001,0.11625708535539592,0
74.36,-0.34501940941885817,0
74.37,-0.07984054024539619,0
74.38,-0.7888860137853022,0
74.39,0.17594411115506126,0
74.4,1.0210268864197485,0
74.41,1.7793283387123924,0
74.42,0.5304643751288077,0
74.43,0.5894045498756962,0
74.44,-0.7638927802048299,0
74.45,0.6462476398368225,0
74.46000000000001,0.6118527547921563,0
74.47,-0.06786664006899898,0
74.48,0.6787173772099928,0
74.49,0.07096349772622611,0
74.5,-0.18941211894468069,0
74.51,0.24250101244113587,0
74.52,-0.46896709219296684,0
74.53,0.4634506558567898,0
74.54,-0.4098879235867013,0
74.55,-0.6251020669440829,0
74.56,-0.6041964091993808,0
74.57000000000001,0.2898922427621,0
74.58,-0.21954082534415392,0
74.59,-0.7363398413735852,0
74.60000000000001,-0.47027043581876915,0
74.61,-0.09831098684207906,0
74.62,-0.6172070067027506,0
74.63,-0.7313724714740117,0
74.64,0.9776963872761063,0
74.65,-0.17769757147897414,0
74.66,-0.1803362823501163,0
74.67,-0.20457132643620607,0
74.68,-0.23949096407830106,0
74.69,0.3070153004159383,0
74.7,0.6176321710780542,0
74.71000000000001,0.02739518673478155,0
74.72,-0.6157409703102136,0
74.73,0.5605873096721395,0
74.74,0.12517239264330599,0
74.75,0.9885082330613821,0
74.76,-0.9130088704814232,0
74.77,-0.08851571283730625,0
74.78,1.0352336833822957,0
74.79,0.10627978486092912,0
74.8,-0.057956521685366844,0
74.81,0.17839773003515647,0
74.82000000000001,-0.21750278165085618,0
74.83,-0.18512900273473423,0
74.84,-0.19078495337432388,0
74.85000000000001,-0.34646440164481246,0
74.86,0.6031084849010628,0
74.87,0.431592342007714,0
74.88,0.2766011025241524,0
74.89,0.5349371852443379,0
74.9,0.02810960050177462,0
74.91,-0.3701495897801242,0
74.92,-0.37838255014679323,0
74.93,-0.058612897576823725,0
74.94,-0.5437278514240995,0
74.95,-0.3673859759293348,0
74.96000000000001,-0.33178450089683065,0
74.97,1.0833268303463004,0
74.98,-1.1714907819143847,0
74.99,-0.35373521919814266,0
75.0,0.8653098691776434,0
75.01,0.3159245621967626,0
75.02,0.5148727558650253,0
75.03,0.21650914975246627,0
75.04,-0.2666616564692602,0
75.05,-1.2260153684164257,0
75.06,-0.16258260018126933,0
75.07000000000001,-0.4192149910884367,0
75.08,-0.4965824206133864,0
75.09,-0.35548615667615974,0
75.10000000000001,0.8746759442452173,0
75.11,1.5336366106028139,0
75.12,0.5333465922111822,0
75.13,-0.07994209693948773,0
75.14,-0.6127142790830507,0
75.15,0.13048091791600377,0
75.16,1.0161851788747895,0
75.17,0.15639335272491353,0
75.18,-1.1937767181729277,0
75.19,0.092364535491124,0
75.2,0.5817944159207017,0
75.21000000000001,-0.6651672350629841,0
75.22,-0.0384454069291748,0
75.23,0.26450430253019747,0
75.24,0.06097532429115642,0
75.25,-0.37212852203438457,0
75.26,0.48169075526781824,0
75.27,-0.06073115222726077,0
75.28,-0.772477107557478,0
75.29,-1.2509574728309216,0
75.3,0.39224604513880457,0
75.31,0.4599549555146359,0
75.32000000000001,0.19529542413025794,0
75.33,-0.1522207112224963,0
75.34,-0.28638878008759094,0
75.35000000000001,-0.6111286621026626,0
75.36,-0.34925182193336163,0
75.37,-1.183078893933647,0
75.38,-0.6545349022944777,0
75.39,-0.296044790908051,0
75.4,0.28390498361767674,0
75.41,0.08280704792189905,0
75.42,0.47707882162229354,0
75.43,0.8707436221448916,0
75.44,0.8141701620658186,0
75.45,0.48703647275972395,0
75.46000000000001,0.16096672819744196,0
75.47,-0.4492127112512061,0
75.48,0.31455227238099015,0
75.49,1.0059313123728642,0
75.5,0.4663943841421992,0
75.51,1.1702940643408581,0
75.52,-0.48720025323614813,0
75.53,-0.7038264119136924,0
75.54,0.312034010243546,0
75.55,0.25127744574693445,0
75.56,0.7949391268202836,0
75.57000000000001,0.22293947895470106,0
75.58,-0.3740893254363832,0
75.59,-0.1749055911218529,0
75.60000000000001,-0.827612536980651,0
75.61,-0.7756359898530846,0
75.62,0.35619245663737453,0
75.63,0.5860382938177529,0
75.64,0.3719816476365448,0
75.65,-0.791420100199855,0
75.66,-0.3566393298665293,0
75.67,-0.709477840088082,0
75.68,0.48117283127916677,0
75.69,-0.15860313562635242,0
75.7,-0.585934090344912,0
75.71000000000001,-0.0987411079773288,0
75.72,-0.3337558334243717,0
75.73,0.73850046800219,0
75.74,-0.17493469216556917,0
75.75,-0.7571598108840687,0
75.76,-1.3041207208826806,0
75.77,-0.31079429184532426,0
75.78,-0.3453560621777165,0
75.79,-0.8157316557262403,0
75.8,0.46088071228924254,0
75.81,0.5020196593367887,0
75.82000000000001,0.14190512643348463,0
75.83,0.7934145451190492,0
75.84,0.5825231727211215,0
75.85000000000001,-0.26126391070753946,0
75.86,-0.5874730081705021,0
75.87,0.31995927640037897,0
75.88,0.3222519868348764,0
75.89,0.20210171534003718,0
75.9,-0.36916315748736456,0
75.91,0.26252323414602086,0
75.92,-0.30567917494013186,0
75.93,-0.09975227489381266,0
75.94,0.7765488656379524,0
75.95,-0.12688283125698488,0
75.96000000000001,-0.8385362041799317,0
75.97,-0.7393366100607245,0
75.98,0.3754400714421367,0
75.99,0.2602476110637907,0
76.0,0.027123653955927883,0
76.01,-0.23367677463065012,0
76.02,0.23066392611171346,0
76.03,-0.3639411826496382,0
76.04,0.10232263047540402,0
76.05,-0.3333487215679412,0
76.06,-0.5309238098730278,0
76.07000000000001,-0.4418076883781385,0
76.08,-0.2800026713957041,0
76.09,-0.06567818006284346,0
76.10000000000001,0.1392542073559854,0
76.11,-1.8991264304947324,0
76.12,-0.8746804162827971,0
76.13,-0.3970322099989055,0
76.14,0.7323623098284618,0
76.15,-0.3619678702661812,0
76.16,0.026243062490851635,0
76.17,0.832716270882653,0
76.18,-0.46106455702382293,0
76.19,0.12445700543452963,0
76.2,-0.3662471697296488,0
76.21000000000001,-0.3304613405507178,0
76.22,-0.4805053389158773,0
76.23,-0.48011222648845475,0
76.24,1.3591989912874882,0
76.25,0.8191743157940532,0
76.26,0.8211389535265666,0
76.27,0.4968788480825464,0
76.28,-0.7016192497116365,0
76.29,0.06443262338092343,0
76.3,0.6169484349811182,0
76.31,-0.2708016108571511,0
76.32000000000001,0.4757556483852375,0
76.33,0.5233674139795849,0
76.34,1.1464221128952334,0
76.35000000000001,0.09338413935807144,0
76.36,-0.5319486384310979,0
76.37,-0.2963859968707405,0
76.38,0.7195355031926155,0
76.39,-0.7647076982982601,0
76.4,-1.2636018552231032,0
76.41,-0.23927733901663356,0
76.42,-0.26653770415465294,0
76.43,-0.03358402084874484,0
76.44,0.5239098407152591,0
76.45,-0.13443212029574197,0
76.46000000000001,-1.002237526378155,0
76.47,0.8669700923603308,0
76.48,-0.2855865972895929,0
76.49,-0.6066821576369322,0
76.5,0.46474726665114047,0
76.51,-0.059960156914406114,0
76.52,-0.020181365564894478,0
76.53,0.28058237709309714,0
76.54,0.675675700526958,0
76.55,0.019782283995516035,0
76.56,0.8427754153361592,0
76.57000000000001,-0.8983339235152692,0
76.58,0.2083497751063053,0
76.59,-0.3667117883399882,0
76.60000000000001,0.6673425474446165,0
76.61,0.2706759680874391,0
76.62,-0.26252120527122974,0
76.63,0.3154704407065943,0
76.64,0.5825953078284212,0
76.65,0.5155124302805876,0
76.66,-0.3914800897539336,0
76.67,-0.3276759567977719,0
76.68,-0.05617877581069043,0
76.69,-0.00814885685261535,0
76.7,0.42505561333767533,0
76.71000000000001,-0.9389560801758059,0
76.72,-0.02895332365606096,0
76.73,-0.13395994775280892,0
76.74,-0.452358531596968,0
76.75,-0.48086853918316685,0
76.76,-0.2068856644004119,0
76.77,-1.9418868173494384,0
76.78,-0.8314350049114138,0
76.79,-0.6468040215437436,0
76.8,0.14944064335503993,0
76.81,-0.3642364646618245,0
76.82000000000001,-0.1782812320224,0
76.83,0.8040387142709339,0
76.84,0.7577881419518675,0
76.85000000000001,0.6971484425520096,0
76.86,-0.064743595795917,0
76.87,0.3001257152492156,0
76.88,-0.022440742162975515,0
76.89,-0.08299124712771078,0
76.9,0.22442836677218203,0
76.91,-0.23484987985439815,0
76.92,0.7632862091540024,0
76.93,0.13242739085031052,0
76.94,0.38924521295031594,0
76.95,0.8992682127044728,0
76.96000000000001,0.8009662226376802,0
76.97,-0.523341461204198,0
76.98,0.13276217697429607,0
76.99,0.5128621851183114,0
77.0,0.6297564098452142,0
77.01,-0.4088784057655622,0
77.02,-0.4256040245499797,0
77.03,0.44970502872385903,0
77.04,-0.26681042885169426,0
77.05,-0.19991500326757777,0
77.06,0.815575680622395,0
77.07000000000001,0.204742978374856,0
77.08,-0.3095844693314784,0
77.09,-0.5185368981306508,0
77.10000000000001,0.07373065102229273,0
77.11,-0.6653767235507962,0
77.12,-0.2719616745968959,0
77.13,0.13552293369949003,0
77.14,0.751738855342235,0
77.15,0.569401406539496,0
77.16,-0.21198189802508138,0
77.17,0.6004456011516333,0
77.18,0.016459118764511824,0
77.19,-0.6281318453922082,0
77.2,-0.22288358156649613,0
77.21000000000001,0.7358810176224613,0
77.22,0.29765128497879917,0
77.23,0.10672474751719298,0
77.24,0.9241563298776777,0
77.25,-0.505646776393569,0
77.26,-0.7855187971531232,0
77.27,-1.0313964556598612,0
77.28,-0.03396376143087562,0
77.29,0.10556826932085356,0
77.3,0.8733079415014039,0
77.31,0.3732991532554206,0
77.32000000000001,-0.0966313387652313,0
77.33,0.0020284597183215444,0
77.34,0.08837958821430753,0
77.35000000000001,-0.8430290519377251,0
77.36,1.2576962205306126,0
77.37,0.616338785170543,0
77.38,0.2909452756901914,0
77.39,0.4253152107182908,0
77.4,0.5090561841238469,0
77.41,0.07731406406931621,0
77.42,-0.2919712785408941,0
77.43,0.2710527491591123,0
77.44,0.2979433939232683,0
77.45,-0.3320749144632593,0
77.46000000000001,0.6973605544513983,0
77.47,0.3552119035124782,0
77.48,0.5020675773781806,0
77.49,0.8913324847674353,0
77.5,0.25901700771035274,0
77.51,0.2580282811000613,0
77.52,0.5203196249827977,0
77.53,-0.231531014205487,0
77.54,-0.0047366142375354706,0
77.55,0.08999520820999443,0
77.56,-0.462357131181823,0
77.57000000000001,1.1428714060704754,0
77.58,-0.4395193806605834,0
77.59,-0.7770112234973677,0
77.60000000000001,0.5297323523873833,0
77.61,0.5363442859350669,0
77.62,-0.3882459439980405,0
77.63,0.2503302370337196,0
77.64,0.8682121063870958,0
77.65,0.22484294367798083,0
77.66,1.4640400512674743,0
77.67,-0.5282904376040374,0
77.68,0.26119452627618794,0
77.69,0.710256306352319,0
77.7,0.6759348925525305,0
77.71000000000001,0.08381444588001488,0
77.72,-0.11010082645246662,0
77.73,0.2325721449112062,0
77.74,0.5160939611421992,0
77.75,0.47335327133500354,0
77.76,0.6956557500703944,0
77.77,-0.345261685860577,0
77.78,-0.18424446930522081,0
77.79,-0.5233271690719565,0
77.8,-0.31316640196571,0
77.81,0.4855918142326088,0
77.82000000000001,0.20210423912755868,0
77.83,1.46192989615892,0
77.84,0.4915962139143448,0
77.85000000000001,0.17776361311598057,0
77.86,0.1240220667677063,0
77.87,-0.2856565639608503,0
77.88,-0.07926218574700973,0
77.89,0.6036817542009134,0
77.9,0.23448277455888397,0
77.91,-0.34109713561698596,0
77.92,-0.5551285327793107,0
77.93,-0.3557861423958302,0
77.94,-0.02690884359099277,0
77.95,0.6515609174459879,0
77.96000000000001,-0.5283474427813264,0
77.97,-0.27982743364209967,0
77.98,0.029429939062575804,0
77.99,-0.9466603239088426,0
78.0,-0.6581319967727283,0
78.01,-0.504185624365942,0
78.02,-0.5275582581520576,0
78.03,-0.007372793297039982,0
78.04,-0.0650595809595389,0
78.05,-0.28972860630001207,0
78.06,0.17767713027831042,0
78.07000000000001,0.9841797751549098,0
78.08,1.1411277111889653,0
78.09,-0.7165823730752875,0
78.10000000000001,0.1502034439007555,0
78.11,-0.03525662006607344,0
78.12,0.0957661227351919,0
78.13,-0.1662452112404434,0
78.14,0.042930179206119676,0
78.15,0.11319210673447759,0
78.16,-0.2582259835429392,0
78.17,-0.5201572008217855,0
78.18,-0.3472805874754636,0
78.19,0.059594505880130086,0
78.2,0.3555069959805977,0
78.21000000000001,0.5648952304098539,0
78.22,-0.10041130111955669,0
78.23,0.14755125155503554,0
78.24,0.570909551920866,0
78.25,0.7848612947646505,0
78.26,0.18625670411735082,0
78.27,-0.04975944044639138,0
78.28,0.11062918628376031,0
78.29,-0.5633553984283395,0
78.3,-0.22273736536205976,0
78.31,0.36199784592383194,0
78.32000000000001,0.4534809682708871,0
78.33,-0.009476374848975243,0
78.34,0.134612251029603,0
78.35000000000001,-0.3845052074536507,0
78.36,0.2994634413662712,0
78.37,0.0543369390392415,0
78.38,-0.11249756970602925,0
78.39,-0.19992468830443433,0
78.4,-0.06268566715081236,0
78.41,-0.23343501156419733,0
78.42,0.31283092250312655,0
78.43,-0.111631029701421,0
78.44,0.8410236676969203,0
78.45,1.0111123614586137,0
78.46000000000001,-0.20146164536924094,0
78.47,0.0072514301916932755,0
78.48,-0.32422954232911616,0
78.49,-0.23459525960727784,0
78.5,1.0280860630596793,0
78.51,0.1135589404910251,0
78.52,0.24051110273438378,0
78.53,0.3686470264203575,0
78.54,-0.420503735258253,0
78.55,-0.5403312240122093,0
78.56,-0.7572107512129703,0
78.57000000000001,-0.6410335960352984,0
78.58,-1.6579618112870982,0
78.59,-0.10448491355745015,0
78.60000000000001,1.087763818905095,0
78.61,0.3705734610673586,0
78.62,-0.6416986545418095,0
78.63,-0.48289645107063406,0
78.64,-0.3453046700621952,0
78.65,-0.6084801225763071,0
78.66,0.325661524973704,0
78.67,0.5325696404474738,0
78.68,-0.462555857552085,0
78.69,0.29007095517870596,0
78.7,0.9051362089173003,0
78.71000000000001,1.258958484860572,0
78.72,1.8600193357641597,0
78.73,0.004073642705667489,0
78.74,1.5243851059181903,0
78.75,0.21179700053993078,0
78.76,-0.24327315029502253,0
78.77,0.13260379863520885,0
78.78,-0.2576144625820991,0
78.79,0.167262391777692,0
78.8,-0.6420528256198984,0
78.81,-0.26858001044783475,0
78.82000000000001,0.6365083671171519,0
78.83,0.14773370808901015,0
78.84,0.1312901281777327,0
78.85000000000001,0.3048246253651523,0
78.86,0.7184930360765193,0
78.87,-0.6830156499280564,0
78.88,0.1593104424460066,0
78.89,-0.0842230234940434,0
78.9,0.08638586937668055,0
78.91,0.6047165096106405,0
78.92,-0.4661498813951515,0
78.93,-0.6372306882623713,0
78.94,-1.1714585005161053,0
78.95,-0.566819159093309,0
78.96000000000001,0.5852473807907544,0
78.97,0.10050318540146938,0
78.98,-0.6701714737535416,0
78.99,-0.40785932174990225,0
79.0,-0.876020842736598,0
79.01,-0.7999655441985929,0
79.02,0.02526740600622898,0
79.03,-0.6006548491480135,0
79.04,0.4604685522553684,0
79.05,0.09531654076466153,0
79.06,0.08744292866037388,0
79.07000000000001,-0.10839293926986088,0
79.08,0.4024183195968748,0
79.09,0.535570794047964,0
79.10000000000001,0.33018506485492083,0
79.11,0.4011386033893479,0
79.12,0.005119808725072911,0
79.13,0.3077606394796337,0
79.14,-0.08529503942138691,0
79.15,-0.0024806143686821533,0
79.16,-0.1292647795145827,0
79.17,-0.2582302146909588,0
79.18,-0.41400479083002045,0
79.19,0.1630474140904083,0
79.2,0.7561509155051817,0
79.21000000000001,0.8300941305356371,0
79.22,-0.44428028761825317,0
79.23,0.5927955062200772,0
79.24,-0.00395407479097681,0
79.25,0.33615870732446973,0
79.26,-0.3813580638575168,0
79.27,-0.0025782956038516505,0
79.28,0.18353406740786712,0
79.29,-0.7276527270795637,0
79.3,0.15903666055023752,0
79.31,0.7735011822324338,0
79.32000000000001,0.11731142342463229,0
79.33,0.770565656493347,0
79.34,0.10848139763739172,0
79.35000000000001,0.49637054025442323,0
79.36,-1.040599409971598,0
79.37,1.0446671197438626,0
79.38,1.0742416491501434,0
79.39,0.1336360646358771,0
79.4,-1.0001910186226914,0
79.41,-0.08009764571152533,0
79.42,-0.7724426951062121,0
79.43,0.06027045646369861,0
79.44,0.2506798538972992,0
79.45,-0.42226332530078275,0
79.46000000000001,0.507743663972211,0
79.47,0.5722459333757054,0
79.48,0.6789929286539165,0
79.49,0.19069446389186223,0
79.5,-0.6899555667890851,0
79.51,0.36440777653135265,0
79.52,-0.03677706704043357,0
79.53,-0.733239824550832,0
79.54,0.5527179362596695,0
79.55,1.2721652531898635,0
79.56,0.3120105936268667,0
79.57000000000001,1.2437040624697684,0
79.58,0.37540571289837804,0
79.59,-0.09294533705733696,0
79.60000000000001,-0.3432102518099091,0
79.61,0.8017268749566505,0
79.62,-0.19933894947333805,0
79.63,0.3573634782075895,0
79.64,-0.1928341424185065,0
79.65,-0.2777806786167022,0
79.66,0.4947144779718655,0
79.67,-0.06323097922769216,0
79.68,-0.21594414369318626,0
79.69,0.5646617333191902,0
79.7,1.0071831044174309,0
79.71000000000001,0.6104211477865985,0
79.72,-0.18081933950562945,0
79.73,-0.30190052618031116,0
79.74,-0.017738149220790495,0
79.75,0.18160928645944294,0
79.76,-0.4655758194878291,0
79.77,0.28370241605652363,0
79.78,0.131475641656315,0
79.79,-0.8658370341713423,0
79.8,-0.6962182081403581,0
79.81,-0.4276357488349021,0
79.82000000000001,-0.13086518918431062,0
79.83,0.9881921738778432,0
79.84,0.3886415969947139,0
79.85000000000001,-0.33586333481215724,0
79.86,0.048202690913752455,0
79.87,-0.16081564711833948,0
79.88,0.14733203601074352,0
79.89,0.36055444034035933,0
79.9,0.7486031466186219,0
79.91,0.1886819538768092,0
79.92,0.9343971981726369,0
79.93,0.7315337971427598,0
79.94,-0.1795146237226077,0
79.95,1.146243622309821,0
79.96000000000001,0.47495125571414,0
79.97,-0.3117832016460354,0
79.98,0.8164587135005332,0
79.99,1.3247324414167987,0
80.0,0.32768195801972577,0
80.01,-0.17224712304614373,0
80.02,-0.12085571100733154,0
80.03,0.364365604139504,0
80.04,0.7855126998014623,0
80.05,0.5140583153606028,0
80.06,0.19651923018112855,0
80.07000000000001,0.8606651908985647,0
80.08,0.06231913874832056,0
80.09,0.578287814529767,0
80.10000000000001,0.004833457684491886,0
80.11,0.24436625438720913,0
80.12,0.014196387389666939,0
80.13,-0.01265537118191486,0
80.14,-0.19063876959121184,0
80.15,0.6819770070854522,0
80.16,-0.20640220254678499,0
80.17,-0.4324299313565714,0
80.18,1.0347245169329553,0
80.19,0.7927055193279725,0
80.2,-1.0587366286624529,0
80.21000000000001,-0.5525024399788034,0
80.22,-1.089913953344619,0
80.23,-0.7656370985348236,0
80.24,-1.8497033070025986,0
80.25,-0.5223441904568352,0
80.26,-0.7257189912205412,0
80.27,-0.1365789349966752,0
80.28,-0.8866720010308402,0
80.29,-0.16464962771504346,0
80.3,-0.24929717707511428,0
80.31,0.7502991647931642,0
80.32000000000001,0.9519104974440634,0
80.33,0.6688981537639638,0
80.34,0.0059454023843945845,0
80.35000000000001,1.0713833755240676,0
80.36,-0.5466302101393341,0
80.37,-0.871574175086699,0
80.38,-0.250025375946097,0
80.39,1.1502917820754617,0
80.4,0.19222166923274137,0
80.41,-0.03716996470147163,0
80.42,-0.7648435192038414,0
80.43,0.3248047796282862,0
80.44,0.6010338016018407,0
80.45,0.5826593074923513,0
80.46000000000001,-0.1772689700516813,0
80.47,-0.40855727796052677,0
80.48,-0.7787084129521361,0
80.49,-0.13799017484104165,0
80.5,-0.5978727892608372,0
80.51,-0.7645464159816338,0
80.52,-0.40487147451335265,0
80.53,-0.34985757531796446,0
80.54,-0.3621458991513995,0
80.55,0.16963052218893693,0
80.56,0.09623001443908119,0
80.57000000000001,-0.11771126397343538,0
80.58,0.07967529394576449,0
80.59,-0.4965041405755766,0
80.60000000000001,-0.05650355020656673,0
80.61,0.0775909655472487,0
80.62,-0.7695541002678592,0
80.63,0.34928479983241456,0
80.64,-0.37068413402663525,0
80.65,-0.03323093060621514,0
80.66,0.6230872772193795,0
80.67,0.6599898473056045,0
80.68,0.19450156223015092,0
80.69,-0.13323993082554547,0
80.7,0.48240942946321647,0
80.71000000000001,0.49099494398865556,0
80.72,-0.19550086059060334,0
80.73,-0.4611747283298677,0
80.74,-1.2079286507552742,0
80.75,-0.20902986036609458,0
80.76,-0.08541421478520309,0
80.77,0.5945488566705357,0
80.78,0.3506449768550087,0
80.79,0.8089413350544534,0
80.8,-0.15842182324775397,0
80.81,0.5771712989422175,0
80.82000000000001,-0.12674436222961286,0
80.83,0.39299837716826,0
80.84,-0.6680456512108474,0
80.85000000000001,-0.0312908507267179,0
80.86,-1.0542784135653325,0
80.87,-0.39541144009745594,0
80.88,0.14602719713328915,0
80.89,-0.23059347855901097,0
80.9,-0.606751806856886,0
80.91,0.30914927682338667,0
80.92,0.032396856544347284,0
80.93,-0.24244951467513956,0
80.94,-0.028178685675059024,0
80.95,1.4071548836949805,0
80.96000000000001,0.9761077614037342,0
80.97,0.8731342679723663,0
80.98,0.4601809879946994,0
80.99,0.21361594123723687,0
81.0,-1.2127250221927823,0
81.01,-0.6549352683597411,0
81.02,-0.40987193463426735,0
81.03,-1.0911715958248753,0
81.04,-0.8794573857558327,0
81.05,-1.2650715926839484,0
81.06,-0.32706102570154044,0
81.07000000000001,0.363829859270131,0
81.08,0.6898850146731061,0
81.09,0.40284747367629137,0
81.10000000000001,-0.4028839762514554,0
81.11,-1.1202093532732997,0
81.12,-1.206284678086224,0
81.13,-0.9680292357793755,0
81.14,-0.7060788242313356,0
81.15,-0.2523561029371909,0
81.16,-0.5939741466614161,0
81.17,0.04117382582564969,0
81.18,-0.10429187003881617,0
81.19,-0.011390785483734874,0
81.2,0.6133998162749416,0
81.21000000000001,-0.46618333094835385,0
81.22,0.11536849060248043,0
81.23,0.03029800122632995,0
81.24,-0.16116385095199068,0
81.25,0.43995175298184563,0
81.26,0.5868641988137601,0
81.27,-0.3485956351631473,0
81.28,-0.175470127843587,0
81.29,0.11453101072610082,0
81.3,-0.10815181977228658,0
81.31,0.29306534864905914,0
81.32000000000001,0.23152754379348325,0
81.33,1.042259536999202,0
81.34,-0.5459306626373714,0
81.35000000000001,-0.19329445970789128,0
81.36,-0.5237858032976557,0
81.37,0.1990671321748308,0
81.38,-0.8031713932687579,0
81.39,-0.008148638029408533,0
81.4,-0.329381933592292,0
81.41,-0.4651766272146913,0
81.42,-0.8785117827591554,0
81.43,-0.45924596580960125,0
81.44,0.47073221958663375,0
81.45,0.11223588284472014,0
81.46000000000001,0.37024527715373545,0
81.47,0.9869237782102684,0
81.48,0.39502984900774474,0
81.49,-0.1910255255387425,0
81.5,0.20882702486170687,0
81.51,-0.22993726792068678,0
81.52,-0.31843663036985953,0
81.53,-0.881377376080542,0
81.54,0.28050628206305195,0
81.55,-0.12788980926097945,0
81.56,0.07250254164353775,0
81.57000000000001,-0.5261016191847285,0
81.58,0.1080486877929884,0
81.59,-0.37137405514777583,0
81.60000000000001,-0.1609764082429303,0
81.61,0.434518835494707,0
81.62,0.5369842300400667,0
81.63,0.12971928897908028,0
81.64,-0.9019995129266386,0
81.65,1.3753974973554066,0
81.66,1.2806587907703653,0
81.67,0.7120502023072589,0
81.68,-0.2161015975769183,0
81.69,-0.10756616913930703,0
81.7,-0.30937333003890716,0
81.71000000000001,0.602570848605679,0
81.72,0.29725880441287106,0
81.73,-0.3364984377242257,0
81.74,-0.3280788836639048,0
81.75,0.5217494977291898,0
81.76,0.9892005362886122,0
81.77,1.0678028854463943,0
81.78,0.6766669936373767,0
81.79,0.0411628136994692,0
81.8,-1.7094441802345064,0
81.81,-0.26266984841110663,0
81.82000000000001,-0.06024066199059574,0
81.83,0.06584356490835867,0
81.84,0.051479117423895306,0
81.85000000000001,-0.687137873597487,0
81.86,0.13128651469975855,0
81.87,0.3756880296264437,0
81.88,0.46343803968541847,0
81.89,0.6260493504229928,0
81.9,0.4842530148160726,0
81.91,-0.0912722878673132,0
81.92,-0.05456398157668856,0
81.93,0.040821058990012725,0
81.94,0.0734515146953536,0
81.95,0.5557990753122262,0
81.96000000000001,0.487533836407578,0
81.97,1.2339074217418293,0
81.98,1.4892223586369864,0
81.99,0.4204025212899444,0
82.0,-1.9324151716527962,0
82.01,0.18114905231539516,0
82.02,-0.2369285155189628,0
82.03,-0.4805392491533013,0
82.04,-0.3268520230558345,0
82.05,-0.3141395888237994,0
82.06,0.2529045379573273,0
82.07000000000001,-0.7618864858751468,0
82.08,-0.7590963893888893,0
82.09,-0.0017729735116067515,0
82.10000000000001,0.33651113227542845,0
82.11,0.43094367699549946,0
82.12,-0.30625859868054717,0
82.13,-0.5924379082559351,0
82.14,-0.41286508870896776,0
82.15,0.029527321182567366,0
82.16,0.8034113701696783,0
82.17,-0.8845613830356124,0
82.18,-0.33381038570474414,0
82.19,-0.7883173669973443,0
82.2,-1.072165692738328,0
82.21000000000001,0.2516457140784717,0
82.22,0.35764949366253357,0
82.23,0.333415473484685,0
82.24,0.5784541102988936,0
82.25,-0.106274499076984,0
82.26,-0.25242653527864545,0
82.27,1.105366302213217,0
82.28,0.1494858522326886,0
82.29,0.4332648636076227,0
82.3,0.11608189820861493,0
82.31,-0.9509173628817603,0
82.32000000000001,-1.3222837500931557,0
82.33,-0.6346602750505821,0
82.34,0.4079437972031131,0
82.35000000000001,0.5259343940428429,0
82.36,0.6223748721090405,0
82.37,-0.36597251079666593,0
82.38,0.7730440997682405,0
82.39,-0.3165927845512319,0
82.4,0.038131751414844164,0
82.41,0.007921054946815506,0
82.42,-0.08675497799389394,0
82.43,0.6949750039933822,0
82.44,-0.19797851248558063,0
82.45,-0.7644754189090923,0
82.46000000000001,-0.17678141508906636,0
82.47,-0.2534704174842257,0
82.48,1.7388120788068668,0
82.49,0.7985290415841144,0
82.5,-0.014836428542692563,0
82.51,-0.5626485142270716,0
82.52,-1.1385471145208301,0
82.53,-0.8272096340152985,0
82.54,-0.14224185454547678,0
82.55,0.7278499201809374,0
82.56,0.7825666702096322,0
82.57000000000001,0.3208655650432899,0
82.58,-0.08870133062986774,0
82.59,0.12411475613013698,0
82.60000000000001,-0.24206865705994565,0
82.61,0.8576254204575327,0
82.62,0.1166667792881213,0
82.63,-0.013842794074095905,0
82.64,-1.180538095539102,0
82.65,-0.3963267946605772,0
82.66,0.3492168260020447,0
82.67,-0.4784967900620026,0
82.68,-0.5166527368132057,0
82.69,0.295697416972955,0
82.7,-0.7097759370878,0
82.71000000000001,0.3885015712433682,0
82.72,-0.18367309193496648,0
82.73,-0.2503000587808378,0
82.74,-0.6585777649905568,0
82.75,0.039138174598875426,0
82.76,1.322170257607912,0
82.77,0.7490922287148362,0
82.78,-0.2706568108957618,0
82.79,0.5393838073005961,0
82.8,-0.03154939664840871,0
82.81,0.7262795560672122,0
82.82000000000001,0.6133163296808251,0
82.83,-1.4118769799769884,0
82.84,-0.8855989578724585,0
82.85000000000001,0.28355428459847415,0
82.86,0.15364464473819286,0
82.87,-0.5048240962051469,0
82.88,-0.46170632374926274,0
82.89,-1.128698679402683,0
82.9,-0.3274129423692814,0
82.91,1.0971980907886414,0
82.92,0.7046936974021188,0
82.93,1.3443439980861038,0
82.94,0.8076475081212413,0
82.95,0.7506923869785663,0
82.96000000000001,1.2405086801789105,0
82.97,0.5125599063311442,0
82.98,0.029919195091451384,0
82.99,0.5588482379418217,0
83.0,0.9153327190880776,0
83.01,-0.02540775692563427,0
83.02,-0.3892981554597004,0
83.03,-0.022106494518691296,0
83.04,0.4385057092349619,0
83.05,0.5358255115978392,0
83.06,-0.623317923503432,0
83.07000000000001,0.8632707390830273,0
83.08,-0.12456494375864431,0
83.09,-0.1712798175837355,0
83.10000000000001,-0.5225397313153778,0
83.11,1.3072532230966474,0
83.12,0.4566150932784272,0
83.13,-0.33817219805681165,0
83.14,0.3763324713297098,0
83.15,0.5044384028462738,0
83.16,0.026859341369254205,0
83.17,0.45504608766934473,0
83.18,-0.325099336697817,0
83.19,-0.34317741301402155,0
83.2,-1.1557541544246874,0
83.21000000000001,-0.9934801711170732,0
83.22,0.7147235332955758,0
83.23,1.0532235364756997,0
83.24,0.29872235873748193,0
83.25,0.960589428805052,0
83.26,0.1551989370144021,0
83.27,-0.09057035356903415,0
83.28,0.007663379047416086,0
83.29,-0.06443965730514654,0
83.3,-0.13058229922680364,0
83.31,0.5763389994131862,0
83.32000000000001,0.224079683378795,0
83.33,0.4354415469631256,0
83.34,0.6580644199656093,0
83.35000000000001,0.3711538862440529,0
83.36,-0.42404240731757187,0
83.37,-0.8266289681943557,0
83.38,-0.1276383728166407,0
83.39,-0.12336407427089824,0
83.4,0.015401114223681732,0
83.41,-0.005038354110538154,0
83.42,1.3742026506207214,0
83.43,-0.3652657698942807,0
83.44,-1.1514994225534008,0
83.45,-0.11138142505570035,0
83.46000000000001,-0.2288549677795164,0
83.47,0.11050976919582338,0
83.48,0.33792954110567586,0
83.49,0.7676347689994149,0
83.5,-0.6114631172821764,0
83.51,-0.4501010632036535,0
83.52,0.11499938963160936,0
83.53,0.43820061820860273,0
83.54,1.2767486394253726,0
83.55,0.8272001325603746,0
83.56,0.17558265397227138,0
83.57000000000001,-0.43131058944752426,0
83.58,-0.4093921344953591,0
83.59,-0.41908583737491956,0
83.60000000000001,0.24301842789958844,0
83.61,0.1964272956491282,0
83.62,-0.6570130874604468,0
83.63,-0.3976584702316441,0
83.64,0.36659562655679967,0
83.65,0.2775643575809438,0
83.66,0.37081482598935234,0
83.67,0.2951810482276937,0
83.68,0.9384425355277115,0
83.69,0.3587851092623402,0
83.7,-0.11744362914683933,0
83.71000000000001,-0.5186442924775435,0
83.72,0.00161076315996322,0
83.73,-1.30105453031065,0
83.74,-0.42514281723890623,0
83.75,-0.21768388602259425,0
83.76,-0.7828733589371658,0
83.77,-0.6919186036743489,0
83.78,0.25628306595738265,0
83.79,0.1849820649401864,0
83.8,0.09845815161035279,0
83.81,0.1857197452459761,0
83.82000000000001,0.09367934290458496,0
83.83,0.6831674622334891,0
83.84,0.23435939741944686,0
83.85000000000001,-0.7201652344474829,0
83.86,0.6858126346740299,0
83.87,0.3663823278098049,0
83.88,-0.22453524286170318,0
83.89,-0.7259892258116581,0
83.9,0.02692368680662772,0
83.91,-0.05812696770483667,0
83.92,0.8212547751998084,0
83.93,0.01856141427345613,0
83.94,-0.4438812748131807,0
83.95,0.3634434348701338,0
83.96000000000001,0.5809343724159336,0
83.97,0.2323323117939286,0
83.98,0.4155105486781138,0
83.99,0.08100904807537233,0
84.0,0.14195239421440378,0
84.01,0.653003096691205,0
84.02,0.4933287409241188,0
84.03,0.03021912606471549,0
84.04,0.7247245969399944,0
84.05,-1.0812408567815588,0
84.06,0.8193954289863664,0
84.07000000000001,-0.7067724718648042,0
84.08,-0.5138225660220843,0
84.09,-0.15346850289250433,0
84.10000000000001,-0.11963846753597465,0
84.11,0.5027320773150249,0
84.12,-0.44100224000148214,0
84.13,0.025224546097254746,0
84.14,-0.30504696249745133,0
84.15,0.07743403352032965,0
84.16,-0.018654580887996576,0
84.17,0.04126589132729219,0
84.18,-0.2861422241284398,0
84.19,-0.3468093190975914,0
84.2,0.06259125965150256,0
84.21000000000001,0.5144780224304386,0
84.22,-0.19375922084740355,0
84.23,-0.5149054149723018,0
84.24,0.19410409477247173,0
84.25,0.027315480201772806,0
84.26,0.4451549066329356,0
84.27,-0.37506602952300844,0
84.28,-1.045408620835636,0
84.29,-0.5492662113666434,0
84.3,-0.5495392995259539,0
84.31,-0.18349780382304262,0
84.32000000000001,-0.389214714956267,0
84.33,0.2930737934476196,0
84.34,-0.08446423892751037,0
84.35000000000001,0.05469200188237316,0
84.36,0.09325166612197816,0
84.37,0.12272370136011142,0
84.38,0.013379279570811507,0
84.39,0.2707632430140226,0
84.4,-0.36056036325681895,0
84.41,0.6505200519522646,0
84.42,0.03204397498424645,0
84.43,-0.6950990301909289,0
84.44,-0.07832537580012723,0
84.45,-0.4776135979780887,0
84.46000000000001,0.23011961629332514,0
84.47,1.229389250737825,0
84.48,-0.11640581637025323,0
84.49,0.14298034989480154,0
84.5,-0.9040839869679903,0
84.51,0.010696613163369742,0
84.52,-0.47404490718761305,0
84.53,-0.4563453060866313,0
84.54,-0.7056901710026067,0
84.55,0.2083013849949579,0
84.56,0.5832856383609955,0
84.57000000000001,0.15301774871594556,0
84.58,-0.42738269583752786,0
84.59,0.7342894701226076,0
84.60000000000001,-0.2214316507142563,0
84.61,-1.2121428034863844,0
84.62,-0.06439634060718583,0
84.63,-0.6099417865283503,0
84.64,0.36842989630603895,0
84.65,-0.11645777731501022,0
84.66,0.28674574644985085,0
84.67,0.8123539937065251,0
84.68,-0.44639449243992707,0
84.69,-0.41874550960504675,0
84.7,-0.1507916809275821,0
84.71000000000001,0.7752521470100494,0
84.72,-0.16269144346276684,0
84.73,-0.3632018655494817,0
84.74,0.1578490193985402,0
84.75,-0.2739519231241098,0
84.76,0.00667551474695487,0
84.77,-0.8306836847950344,0
84.78,0.9653911343877327,0
84.79,-0.48254378785053187,0
84.8,-0.2982118909448324,0
84.81,-0.09812391409375397,0
84.82000000000001,0.9877268077997984,0
84.83,-0.4649536596831274,0
84.84,0.9337532050636497,0
84.85000000000001,0.6302185978440374,0
84.86,0.3731872333216904,0
84.87,-0.4375830019345134,0
84.88,0.1881870283882316,0
84.89,-0.34484772448412304,0
84.9,0.5816750666688777,0
84.91,-0.3784030106018585,0
84.92,-0.1616010266560183,0
84.93,-0.3428844534922405,0
84.94,-0.6184359217785731,0
84.95,0.2333035309596721,0
84.96000000000001,0.33656779430345807,0
84.97,0.7210313929133996,0
84.98,-0.7745817024044065,0
84.99,0.3660272280513286,0
85.0,1.4186685233461909,0
85.01,0.10703197866201766,0
85.02,1.0288286631722168,0
85.03,0.10985950172158193,0
85.04,-0.7106389771937716,0
85.05,-0.3477094488036852,0
85.06,0.4639461685288641,0
85.07000000000001,-0.3377462572293301,0
85.08,-0.4115546682176424,0
85.09,0.2057330305138812,0
85.10000000000001,0.04556161117652231,0
85.11,0.31517912668225073,0
85.12,0.1978614876700102,0
85.13,0.2972545293455061,0
85.14,-0.16357249671617496,0
85.15,0.07479892322417855,0
85.16,-0.48291419728777774,0
85.17,0.5576102608205246,0
85.18,-0.20621082305275348,0
85.19,0.5417162516813229,0
85.2,0.003100747641253388,0
85.21000000000001,0.100380083722487,0
85.22,-0.24650002345344454,0
85.23,-0.610729642867593,0
85.24,-1.0899223490905232,0
85.25,-0.8426137596026302,0
85.26,-0.39132450877944647,0
85.27,0.006781497434172218,0
85.28,0.5314951383171354,0
85.29,-0.11281285021926866,0
85.3,-0.5062257609324508,0
85.31,-0.9032425433908522,0
85.32000000000001,0.02140816949515848,0
85.33,0.7334775583199469,0
85.34,0.8492182885940822,0
85.35000000000001,0.5818099118567558,0
85.36,0.4768981441228984,0
85.37,1.014625552017926,0
85.38,0.42181575308849123,0
85.39,0.4408127510131,0
85.4,-0.06939578660172886,0
85.41,-0.7514975542092134,0
85.42,-0.5609028419016875,0
85.43,-0.1540003357223772,0
85.44,-0.01506912558024546,0
85.45,1.013066091515131,0
85.46000000000001,0.2875255313915344,0
85.47,0.6905908047844495,0
85.48,-0.06815474117607682,0
85.49,-0.19216783233907314,0
85.5,-0.7649783534538551,0
85.51,-0.5957956957272484,0
85.52,0.12240965128072517,0
85.53,0.025308637938163778,0
85.54,0.4991130733555427,0
85.55,0.21189801188871174,0
85.56,-0.14416614735842756,0
85.57000000000001,1.0985132955364265,0
85.58,0.21509021814877224,0
85.59,0.663538112907358,0
85.60000000000001,-0.05738916523893372,0
85.61,0.3538814965561158,0
85.62,0.5729712139463181,0
85.63,0.2445296917607594,0
85.64,-1.2024973135425354,0
85.65,-0.30073117895559415,0
85.66,0.5702113279811605,0
85.67,0.41354352361122554,0
85.68,0.33085710948961805,0
85.69,-0.844444095775626,0
85.7,-0.6048168743910787,0
85.71000000000001,0.0577778043023464,0
85.72,0.22286535578439465,0
85.73,0.6924042893456537,0
85.74,0.08574730858162673,0
85.75,0.22730309069016813,0
85.76,0.0552540469281224,0
85.77,-0.5221020648543314,0
85.78,-1.3421898771742953,0
85.79,-0.11643791283334376,0
85.8,0.05306302596801621,0
85.81,-0.32643695545734663,0
85.82000000000001,-0.9544208642621829,0
85.83,0.08616606296863598,0
85.84,-0.13069969494735456,0
85.85000000000001,0.2532088444193779,0
85.86,1.0452598382716598,0
85.87,-0.8898284507995208,0
85.88,-0.6058174593913732,0
85.89,-0.2737947490257381,0
85.9,0.6954147637335525,0
85.91,-0.708513457861413,0
85.92,0.842818660157375,0
85.93,0.272043373991451,0
85.94,0.005835561650725966,0
85.95,-0.11510866206441957,0
85.96000000000001,-0.2722385498777403,0
85.97,0.4789212798634299,0
85.98,-0.46051496641660394,0
85.99,0.0575539108481158,0
86.0,-0.20150654532965256,0
86.01,-0.4675864874679459,0
86.02,1.2488370622191611,0
86.03,0.523937194415243,0
86.04,0.4460962608919628,0
86.05,0.7059145392390044,0
86.06,-0.5919981677837852,0
86.07000000000001,0.7735575009465742,0
86.08,-1.1543609446615934,0
86.09,-0.7096698825219391,0
86.10000000000001,-0.43359464511502716,0
86.11,0.18962068751261174,0
86.12,0.15206934613729373,0
86.13,-0.06267056628591391,0
86.14,-0.033952004443001366,0
86.15,-0.5412572247627988,0
86.16,-0.944622972503778,0
86.17,0.1387154082690926,0
86.18,0.39203774661136337,0
86.19,0.9297022797069385,0
86.2,-0.2004347170011246,0
86.21000000000001,0.30664928540480163,0
86.22,-0.08665419067461527,0
86.23,0.6000314497016712,0
86.24,0.6819220180091979,0
86.25,0.2705977842123445,0
86.26,-0.12556363325809133,0
86.27,0.467895843171003,0
86.28,0.4489877784754575,0
86.29,-0.26476943584338775,0
86.3,-0.7858618184781679,0
86.31,-0.36273144250704076,0
86.32000000000001,0.7036741516744264,0
86.33,0.7737669741769803,0
86.34,-0.41165028256423714,0
86.35000000000001,-0.7375651326454178,0
86.36,0.4815999913469275,0
86.37,-0.4972309986967231,0
86.38,0.1340029187467039,0
86.39,-0.307528038703769,0
86.4,0.7712600659657881,0
86.41,-0.2304967256179776,0
86.42,0.5381805564823962,0
86.43,0.21987122333888232,0
86.44,0.17611066628885313,0
86.45,-1.018432926400118,0
86.46000000000001,-1.440981173147642,0
86.47,-0.4909905544296912,0
86.48,-0.00458971180510569,0
86.49,-0.6137252469686844,0
86.5,-0.746611353203351,0
86.51,0.09889653116259697,0
86.52,0.31096728022883197,0
86.53,-0.009148930269304002,0
86.54,0.3996167668556634,0
86.55,-0.539022863002285,0
86.56,-0.337968678498239,0
86.57000000000001,0.779353494012127,0
86.58,0.2174730353985137,0
86.59,0.1078427498287286,0
86.60000000000001,1.241124975959424,0
86.61,-0.44879328011306446,0
86.62,0.2980112561080598,0
86.63,0.9466743759454257,0
86.64,0.04966850590776052,0
86.65,0.4561569034908808,0
86.66,-0.42300669681791164,0
86.67,-0.4855888949209821,0
86.68,0.0694408326317576,0
86.69,0.4284128915951513,0
86.7,0.689787125737536,0
86.71000000000001,0.9940329437835134,0
86.72,0.198252175092612,0
86.73,0.670822872370362,0
86.74,-0.029006184418260073,0
86.75,0.45867925874966003,0
86.76,0.2106582654967123,0
86.77,0.2754550481191755,0
86.78,0.27980586623660597,0
86.79,-0.7992432557046717,0
86.8,-0.8131201371048417,0
86.81,-0.1633900080526553,0
86.82000000000001,-0.9541419681612282,0
86.83,0.18931269657795366,0
86.84,0.49661938111115256,0
86.85000000000001,0.2834996120532371,0
86.86,-0.5410955439338841,0
86.87,0.5847295484435053,0
86.88,1.2160576044839846,0
86.89,0.36728478046626994,0
86.9,0.348604021239153,0
86.91,0.17944667642055098,0
86.92,0.3121226460445133,0
86.93,-0.0008598992173262619,0
86.94,-0.03388498310920056,0
86.95,0.45854991506081993,0
86.96000000000001,1.348417566723031,0
86.97,-0.42387221911603906,0
86.98,-0.1766832515126946,0
86.99,-0.6882809884637908,0
87.0,0.6602236563499053,0
87.01,-0.16349266439617188,0
87.02,-0.8250278224529951,0
87.03,0.11795867279966096,0
87.04,0.9427133366037048,0
87.05,0.5733421506987173,0
87.06,0.2366302104676048,0
87.07000000000001,0.26123010031241556,0
87.08,0.8029086056260425,0
87.09,-0.280708116878778,0
87.10000000000001,-0.14567491165401392,0
87.11,-0.2934695153615806,0
87.12,-0.7113161002001347,0
87.13,-0.36876171557696963,0
87.14,0.48160677902085575,0
87.15,0.4059920366038532,0
87.16,0.42842881308103165,0
87.17,0.16888143125453886,0
87.18,0.304637539039538,0
87.19,-0.3664962851775265,0
87.2,-0.2728040692820896,0
87.21000000000001,0.017650953734325164,0
87.22,0.1357607015969625,0
87.23,0.18797052384234714,0
87.24,-0.043198688417694836,0
87.25,-0.22835578363468664,0
87.26,1.607928638402706,0
87.27,0.8682295554555068,0
87.28,0.42038226839283893,0
87.29,-0.03582880882692868,0
87.3,-0.2660216929264056,0
87.31,-0.1529778589956439,0
87.32000000000001,0.1008387570913622,0
87.33,-0.9930888275800288,0
87.34,-1.1009697331149089,0
87.35000000000001,-0.63138896499211,0
87.36,-0.06456435685290936,0
87.37,-0.16063054575649208,0
87.38,0.7298839610712287,0
87.39,-0.6241094112454509,0
87.4,-0.5733391018876088,0
87.41,0.6489318556093547,0
87.42,0.2147809678589916,0
87.43,0.5075855124291923,0
87.44,1.2018961350826352,0
87.45,-0.08640461480961471,0
87.46000000000001,-0.09193480228285153,0
87.47,-0.18554778157039992,0
87.48,-1.1048056005278084,0
87.49,-0.45906957832138734,0
87.5,0.3368164016421651,0
87.51,0.35443233753122017,0
87.52,0.4005950572059135,0
87.53,-0.11756148469296138,0
87.54,-0.39656562540596973,0
87.55,0.558959677562684,0
87.56,-0.14296309828280704,0
87.57000000000001,0.1029622669804174,0
87.58,0.09477416690097086,0
87.59,0.7841195847338307,0
87.60000000000001,0.6953095803547703,0
87.61,-0.5340168883259747,0
87.62,-0.7840334183102188,0
87.63,0.09412432921062275,0
87.64,-0.028930012246875206,0
87.65,-0.26786838823778325,0
87.66,0.4556077789577742,0
87.67,0.19540608719393662,0
87.68,0.05842050458003395,0
87.69,0.41148307124241684,0
87.7,-0.11533808214370914,0
87.71000000000001,0.7879651284774105,0
87.72,-0.2412055962754752,0
87.73,0.2709608568297184,0
87.74,0.8126892556833303,0
87.75,-0.5489452847446493,0
87.76,-0.3387754698523009,0
87.77,0.5048288877429522,0
87.78,0.7236959741320882,0
87.79,0.07077001702275725,0
87.8,-0.3924140639774545,0
87.81,0.39205581559341707,0
87.82000000000001,0.709343564796765,0
87.83,-0.4618821129300499,0
87.84,-0.7756325006778134,0
87.85000000000001,-0.0930283737603817,0
87.86,0.29278044475508436,0
87.87,-0.10523065909165764,0
87.88,0.316237469771419,0
87.89,-0.31835791001435876,0
87.9,-1.2250245929195582,0
87.91,-0.5513264924310897,0
87.92,-0.12352815577040678,0
87.93,-0.197188183787233,0
87.94,-0.6857475062286724,0
87.95,-1.1578290844747166,0
87.96000000000001,-0.5827646280989294,0
87.97,0.312763414713073,0
87.98,0.7275397248881799,0
87.99,0.7947218715543032,0
88.0,-0.2555241013883748,0
88.01,-0.698016032868594,0
88.02,0.07018389103482557,0
88.03,0.33592982219119777,0
88.04,0.2772158455683802,0
88.05,-1.023168405535041,0
88.06,-0.7373931643765151,0
88.07000000000001,-0.22015485330433748,0
88.08,0.18438415953084253,0
88.09,0.43463452475190145,0
88.10000000000001,0.1653572792486288,0
88.11,0.19733018580187417,0
88.12,0.0743215099030213,0
88.13,0.36345023327914916,0
88.14,0.2371862145002975,0
88.15,0.07397413826982938,0
88.16,-0.14479404602715099,0
88.17,-0.01332142005816312,0
88.18,0.23427645605997277,0
88.19,0.180512312672437,0
88.2,0.2273929909238335,0
88.21000000000001,0.7513146550606223,0
88.22,0.30841583352137564,0
88.23,-0.28917425204129865,0
88.24,0.37755282698105663,0
88.25,-0.6539075330148856,0
88.26,-0.760156288722048,0
88.27,-0.03201896167417076,0
88.28,0.2461226077178686,0
88.29,-0.6224166965085831,0
88.3,-0.38042336606275634,0
88.31,-0.4388638944632584,0
88.32000000000001,-0.3899269882550444,0
88.33,0.38393689442102663,0
88.34,0.45110120173986323,0
88.35000000000001,0.08142835325716061,0
88.36,-0.2915922271312781,0
88.37,-0.8128810431159142,0
88.38,0.5317895616091617,0
88.39,0.42693858461367484,0
88.4,-0.29096348041848424,0
88.41,0.2890576151516337,0
88.42,0.013412634251356439,0
88.43,-0.1710396124799045,0
88.44,0.1674670804956805,0
88.45,-0.37458726065853026,0
88.46000000000001,-0.29833099234543903,0
88.47,-0.03156380087481328,0
88.48,-0.29557125850311594,0
88.49,0.2606720429276461,0
88.5,1.0387235484540733,0
88.51,-0.1638392198681675,0
88.52,-0.9495690507750063,0
88.53,-1.3253023803759247,0
88.54,-0.4334097730776622,0
88.55,-0.483507126740221,0
88.56,-0.032221526581649354,0
88.57000000000001,0.040478178743899584,0
88.58,-0.8657708294093107,0
88.59,-1.2050947845967532,0
88.60000000000001,-0.16588294042905777,0
88.61,0.008404197589781469,0
88.62,-0.24694929057198747,0
88.63,-0.9665534619878726,0
88.64,-0.012976318552071844,0
88.65,0.6516752508337263,0
88.66,0.28850072895103185,0
88.67,-0.40167958168818857,0
88.68,-0.09923092952078708,0
88.69,-0.7748897626394832,0
88.7,0.34705916223836447,0
88.71000000000001,0.10768850854836709,0
88.72,-0.9373864978029477,0
88.73,-0.41721065792716683,0
88.74,0.11963581875846926,0
88.75,-0.17027804482507225,0
88.76,-0.2123626395002099,0
88.77,-0.7280384131222589,0
88.78,0.09674143254129697,0
88.79,-0.34414082914631217,0
88.8,-1.257453319380471,0
88.81,-0.53514748320749,0
88.82000000000001,0.36559185963597035,0
88.83,-0.13781513344867416,0
88.84,0.8678833701906096,0
88.85000000000001,0.42216883535684663,0
88.86,0.26265881932595897,0
88.87,-0.026037422852944064,0
88.88,-0.06624118409372193,0
88.89,-0.18025116017309536,0
88.9,-0.22948186910551183,0
88.91,0.2018435253365301,0
88.92,-0.47143513721461516,0
88.93,-0.7143845399538592,0
88.94,-0.8003529251152773,0
88.95,0.8656375005021298,0
88.96000000000001,0.4751368396464305,0
88.97,0.25719676634757127,0
88.98,-0.5226463224455102,0
88.99,0.17746697418520005,0
89.0,-0.041576219162741714,0
89.01,0.07975238645702099,0
89.02,-0.5240941104855337,0
89.03,-0.06966365774449901,0
89.04,-0.2671525709065168,0
89.05,-0.49857484620237974,0
89.06,0.24218052758250685,0
89.07000000000001,-0.7824930757502857,0
89.08,0.0809439002125691,0
89.09,0.3605114473333461,0
89.10000000000001,-0.40259227619878457,0
89.11,-0.5618221772502278,0
89.12,-0.28358629802648466,0
89.13,0.05489450898399139,0
89.14,-0.09212156699406343,0
89.15,0.18337095854376315,0
89.16,0.9601641607690674,0
89.17,-0.054904724193290524,0
89.18,-0.9517300011880171,0
89.19,0.17724941192105542,0
89.2,0.9160437787202298,0
89.21000000000001,0.4134396962856933,0
89.22,-0.5006801484282839,0
89.23,-0.2159640543986067,0
89.24,-0.6745024888242659,0
89.25,0.1488178653679714,0
89.26,-0.7073463080162792,0
89.27,-0.3616481337341194,0
89.28,-0.6502810497336782,0
89.29,-0.12009676027356661,0
89.3,-0.2502204839201153,0
89.31,0.006429130870699712,0
89.32000000000001,-0.011679388259808701,0
89.33,-0.553580981097473,0
89.34,0.17016707270352147,0
89.35000000000001,-0.008740774994847097,0
89.36,-0.5539661353320672,0
89.37,1.0294850033545146,0
89.38,0.48565001757019965,0
89.39,0.014317479849145907,0
89.4,0.7317059186740826,0
89.41,1.1381971468407768,0
89.42,0.1815433057586772,0
89.43,0.20474362724834647,0
89.44,-0.5006452672488729,0
89.45,-0.22927281458427512,0
89.46000000000001,-0.18909348371936507,0
89.47,0.025344788864824934,0
89.48,0.1576928466966497,0
89.49,0.311660275505128,0
89.5,0.1785355828077086,0
89.51,-0.6261030188197747,0
89.52,-0.6823076313106268,0
89.53,-0.48761456364435457,0
89.54,-0.2983043096197583,0
89.55,0.4588593616573219,0
89.56,-0.5307712347543179,0
89.57000000000001,-0.34925026918857716,0
89.58,0.39393594180241426,0
89.59,-0.0875151705000278,0
89.60000000000001,0.19696367607133305,0
89.61,-0.051456438577878114,0
89.62,0.09745448323010561,0
89.63,-0.12377480914202983,0
89.64,0.2977821745062894,0
89.65,-0.7749025850774898,0
89.66,-0.4137944846639537,0
89.67,0.027853162123326725,0
89.68,0.2644999882084423,0
89.69,0.8344588221798236,0
89.7,-0.026376907442599073,0
89.71000000000001,0.7544835016188771,0
89.72,-0.18917210775218485,0
89.73,0.6333771928921101,0
89.74,0.5667523690857782,0
89.75,-0.371723898845171,0
89.76,0.0435739220643673,0
89.77,-0.04343688348317848,0
89.78,0.29519995882886507,0
89.79,-0.07222779780150508,0
89.8,-0.20884534610509636,0
89.81,0.6496696172336167,0
89.82000000000001,0.0825937841768157,0
89.83,0.433455017766175,0
89.84,-0.0389774029051803,0
89.85000000000001,0.8504378225855479,0
89.86,-0.17604344913056424,0
89.87,-0.398520878066536,0
89.88,0.6847307694859615,0
89.89,-0.09330613884194267,0
89.9,0.8017215766709873,0
89.91,0.6477454586878639,0
89.92,0.05191739343839431,0
89.93,-0.9803669364111831,0
89.94,-0.28312417947354873,0
89.95,-0.04444533063621388,0
89.96000000000001,0.5826462449200817,0
89.97,0.9636975570759778,0
89.98,-0.15176454465403022,0
89.99,0.36076613659198997,0
90.0,0.46980382612397953,0
90.01,0.6610486337956268,0
90.02,0.4027586420762128,0
90.03,-0.9618732767483141,0
90.04,-0.3513918220149242,0
90.05,-0.7314995765771147,0
90.06,-0.31900730261269367,0
90.07000000000001,0.4138561837601062,0
90.08,0.23764781031706747,0
90.09,0.6424499194998494,0
90.10000000000001,0.31420659232684645,0
90.11,-0.6412955481498742,0
90.12,-1.5312476280944471,0
90.13,-0.3320909801878417,0
90.14,-0.2255121225860384,0
90.15,-0.6052430565057106,0
90.16,-1.085602690483007,0
90.17,-0.6913663521417425,0
90.18,-0.3051452069825122,0
90.19,0.2495460266679419,0
90.2,0.1340271419277462,0
90.21000000000001,0.8610061624594821,0
90.22,-0.3651381261729057,0
90.23,0.3489753206796439,0
90.24,0.08345606366447961,0
90.25,0.36178279274144365,0
90.26,-0.1710718017771717,0
90.27,0.4988406468185166,0
90.28,0.25278783847181974,0
90.29,-0.32781228211864555,0
90.3,-0.11757811107931876,0
90.31,-0.18622923291987473,0
90.32000000000001,0.18464366249110195,0
90.33,-0.611456413864306,0
90.34,-0.19788052990206137,0
90.35000000000001,0.1316183497637569,0
90.36,0.021023179828801822,0
90.37,0.6930410234357767,0
90.38,0.5559053019156487,0
90.39,0.10540228299740498,0
90.4,0.11211397394112066,0
90.41,0.15580872735021006,0
90.42,0.2240104309377395,0
90.43,-0.9459784503061178,0
90.44,-0.42686277476190304,0
90.45,-0.9270674526123178,0
90.46000000000001,0.41908617121884467,0
90.47,0.04244956587748431,0
90.48,-0.12230681899874071,0
90.49,0.41700022573270884,0
90.5,0.29911278234308947,0
90.51,-0.5563403909016403,0
90.52,-0.20696653323402392,0
90.53,-0.26039254204726847,0
90.54,-1.0243268746774934,0
90.55,-0.6539225206400291,0
90.56,-0.2915075651581878,0
90.57000000000001,-0.16441840446607503,0
90.58,-0.8608119578317138,0
90.59,0.3676917146476745,0
90.60000000000001,0.007100854886581923,0
90.61,-0.008715876962630043,0
90.62,0.18064656149098135,0
90.63,-0.4050877791204388,0
90.64,0.1111417998308262,0
90.65,-0.19834741223619481,0
90.66,-0.5577437154495335,0
90.67,0.13521075905782448,0
90.68,0.7973964521872954,0
90.69,0.5545303947960578,0
90.7,0.59929398213315,0
90.71000000000001,-0.1583280848615404,0
90.72,-0.9213090087093637,0
90.73,0.5322444428656475,0
90.74,1.196142856021741,0
90.75,1.089574105234908,0
90.76,0.06247439176518085,0
90.77,-0.6304068975754367,0
90.78,-0.7562980910738062,0
90.79,-1.1169449542259737,0
90.8,-0.3676834315517027,0
90.81,0.7318541543673147,0
90.82000000000001,0.0761774284710792,0
90.83,0.14865544595387384,0
90.84,0.7382904542056026,0
90.85000000000001,-0.062090314723377525,0
90.86,1.0369609304817902,0
90.87,1.2885512717997807,0
90.88,0.22072633162976887,0
90.89,-0.2840065326290092,0
90.9,0.268630693083836,0
90.91,-0.14962377217440176,0
90.92,-0.6850651850980582,0
90.93,0.47924484787539057,0
90.94,0.7357780451946677,0
90.95,0.23488500832817513,0
90.96000000000001,-0.6457142737176385,0
90.97,-0.848150834540517,0
90.98,-0.1869312447976998,0
90.99,-0.34496930304571827,0
91.0,-0.2999645406139033,0
91.01,0.437121361225748,0
91.02,0.4675646310506159,0
91.03,0.8186005091573767,0
91.04,-0.3551324044593352,0
91.05,-0.30382611086042305,0
91.06,0.2959059076649165,0
91.07000000000001,0.28023130804019414,0
91.08,0.853701057185527,0
91.09,0.40493197663798186,0
91.10000000000001,1.052931666257376,0
91.11,0.5182863094722595,0
91.12,0.6626474436238349,0
91.13,-0.039227531252814134,0
91.14,-0.03484532018827789,0
91.15,0.44371117457032794,0
91.16,0.9371674182671046,0
91.17,0.5898675874192147,0
91.18,0.07036581048668492,0
91.19,0.718221097128947,0
91.2,-1.0206408556383588,0
91.21000000000001,-1.0454810347983592,0
91.22,0.06865254252711203,0
91.23,-0.008335637985029627,0
91.24,0.28732091774916835,0
91.25,0.07303645335055134,0
91.26,0.2891742164964383,0
91.27,-0.3945787335256411,0
91.28,0.17194461079324103,0
91.29,0.5392917503172485,0
91.3,0.751513443968879,0
91.31,1.2268307453360865,0
91.32000000000001,0.4033220228618044,0
91.33,0.21328062491718536,0
91.34,-0.791280485849614,0
91.35000000000001,-0.5143135675742556,0
91.36,-0.26494004404525834,0
91.37,0.45951800255107483,0
91.38,-0.24411971704695445,0
91.39,0.3293890937437457,0
91.4,0.04778310907952482,0
91.41,-0.1161434865666819,0
91.42,0.06972746941158825,0
91.43,-0.22469458648196122,0
91.44,-0.3185134476840071,0
91.45,-1.0213896846925095,0
91.46000000000001,-0.4213350067420386,0
91.47,-0.3949173615106813,0
91.48,-0.40753148499249026,0
91.49,0.08605218974843697,0
91.5,0.33815281172835815,0
91.51,0.17404459793219887,0
91.52,0.5394190243620983,0
91.53,0.40713558094882407,0
91.54,-0.08961047970450756,0
91.55,-0.30319684799780916,0
91.56,0.05644229594715866,0
91.57000000000001,0.28527403073130286,0
91.58,0.7812917085870222,0
91.59,0.7951960298085028,0
91.60000000000001,-0.12406328829213417,0
91.61,-0.11988697681008945,0
91.62,0.29277928505614725,0
91.63,0.6073113092934851,0
91.64,0.6171918478104141,0
91.65,0.08557013923059584,0
91.66,-0.681169649322754,0
91.67,-0.737052507691206,0
91.68,-0.07390781341706709,0
91.69,0.1288982601469187,0
91.7,-0.58777316333257,0
91.71000000000001,-0.15816099623385332,0
91.72,0.26161604387280085,0
91.73,-0.582697926753334,0
91.74,0.4077019273701573,0
91.75,-0.1342369508389178,0
91.76,0.6010099320588435,0
91.77,-0.16902410585083807,0
91.78,-0.6242049024678681,0
91.79,-0.43530023773645676,0
91.8,-0.19480998931076168,0
91.81,-0.2909371954296459,0
91.82000000000001,-0.2231583907468146,0
91.83,0.08662261888367911,0
91.84,-0.10497962159280555,0
91.85000000000001,-0.09696856268785847,0
91.86,-0.9700220999562631,0
91.87,-0.06950949433733809,0
91.88,-0.10051845493599398,0
91.89,0.7967306876750501,0
91.9,-0.3368864908479582,0
91.91,-1.0829603990811703,0
91.92,0.02260508224732409,0
91.93,0.1543508513193023,0
91.94,-0.5343168347776326,0
91.95,-0.984143041294789,0
91.96000000000001,0.5367232900288704,0
91.97,0.8512453717610504,0
91.98,-1.1478861683646477,0
91.99,-0.5670708167788915,0
92.0,0.7083536151071398,0
92.01,-0.11259138028030925,0
92.02,-0.3256160024695046,0
92.03,-0.26822332013733763,0
92.04,-0.7002531051854106,0
92.05,-1.1192366981419712,0
92.06,0.24434887818600254,0
92.07000000000001,-0.9567421562373105,0
92.08,-0.14394549505547383,0
92.09,0.39966758967704047,0
92.10000000000001,-0.709433154708113,0
92.11,-0.7061248187149222,0
92.12,0.43292826049527044,0
92.13,0.3553743989704115,0
92.14,-0.27656414054104933,0
92.15,0.5343774326725971,0
92.16,0.7393555694635725,0
92.17,0.2913173004049627,0
92.18,-0.44337939078418076,0
92.19,-0.3679026098812065,0
92.2,0.023613537412893182,0
92.21000000000001,-0.13149189730897842,0
92.22,0.43015283469990834,0
92.23,-0.744162350855162,0
92.24,-1.0188705724246507,0
92.25,-0.19551948873191588,0
92.26,-0.34780669424084615,0
92.27,-0.4580792818231127,0
92.28,-1.0933144421924434,0
92.29,-0.30020194283157425,0
92.3,-0.14046663331572606,0
92.31,0.27552170660778147,0
92.32000000000001,0.0681731650951733,0
92.33,-0.09101524933325439,0
92.34,0.5665582781476246,0
92.35000000000001,-0.5948176582397128,0
92.36,0.09937957389195726,0
92.37,-0.9027019449348809,0
92.38,-0.7097748076736142,0
92.39,-0.8609083886457964,0
92.4,0.16346281048605235,0
92.41,-0.031729528202214724,0
92.42,-0.05292526178803832,0
92.43,-0.6404474689725971,0
92.44,-0.35759101290034656,0
92.45,-0.5338916478369501,0
92.46000000000001,0.032768719350047194,0
92.47,-0.5576003330281548,0
92.48,0.5307207356439304,0
92.49,-0.797706816124265,0
92.5,-0.6670482307794259,0
92.51,0.6882450502959906,0
92.52,-0.09786655419349512,0
92.53,-0.7629268253534006,0
92.54,-0.11234927011397453,0
92.55,-0.3195711874000993,0
92.56,-0.5633837738040414,0
92.57000000000001,-0.7628362377098956,0
92.58,1.2451069969384323,0
92.59,0.13883628576292936,0
92.60000000000001,-1.029243417452935,0
92.61,0.49958227073156075,0
92.62,0.41171258559284685,0
92.63,-0.34388180460792256,0
92.64,-0.6215686389256968,0
92.65,0.1645365762353553,0
92.66,-0.12911761808636107,0
92.67,-1.0967292776534825,0
92.68,0.6387472130311393,0
92.69,-0.11030687749324875,0
92.7,0.7299496151325156,0
92.71000000000001,0.8243409682167211,0
92.72,-0.36598543510979575,0
92.73,0.4196759946164521,0
92.74,-0.281074498085716,0
92.75,-1.1034695832157064,0
92.76,-0.5411378012194272,0
92.77,0.03727483158730297,0
92.78,-0.2763412900550688,0
92.79,-0.2718755607997029,0
92.8,0.5017043681950736,0
92.81,0.14278222612781,0
92.82000000000001,-0.4527858758255003,0
92.83,0.2212242846905585,0
92.84,0.12110044080236039,0
92.85000000000001,-1.3520827745686825,0
92.86,-0.14946193319122736,0
92.87,0.13170315057097778,0
92.88,0.004007353082780787,0
92.89,0.436190460454583,0
92.9,-0.28873866163149275,0
92.91,0.0672606239940586,0
92.92,-0.857438250931654,0
92.93,-0.037401635849280516,0
92.94,0.9908509490480664,0
92.95,-0.32199465238200103,0
92.96000000000001,-0.5250710540395386,0
92.97,-0.5493666338267106,0
92.98,-0.10814331185361027,0
92.99,-0.6332099917007341,0
93.0,0.025917017322645383,0
93.01,0.41730217500325323,0
93.02,0.3486954658869095,0
93.03,-0.8947980073446339,0
93.04,0.26599432183563665,0
93.05,0.5253721366862062,0
93.06,0.5330860053911388,0
93.07000000000001,0.2914363497265417,0
93.08,0.14969129180767274,0
93.09,0.5467405939284478,0
93.10000000000001,1.1205183036911117,0
93.11,-0.26794309575000597,0
93.12,0.46656933348597135,0
93.13,0.0301045135271134,0
93.14,-0.10219306399232847,0
93.15,-0.8845082275440828,0
93.16,-0.4135302477912163,0
93.17,-0.6752435983123505,0
93.18,-0.45665157187066524,0
93.19,-0.7398471837764944,0
93.2,-0.46492220465500755,0
93.21000000000001,-0.3734390081746305,0
93.22,-0.08281424446624963,0
93.23,-0.9216341062480394,0
93.24,-1.0412567139113655,0
93.25,-0.10868044615068101,0
93.26,-0.49297182383537375,0
93.27,0.4078046832076849,0
93.28,0.18069845560448405,0
93.29,0.32704058945667247,0
93.3,0.7917077912400816,0
93.31,-0.00834009971190474,0
93.32000000000001,-0.3493940006233778,0
93.33,0.33544980592949913,0
93.34,0.3137429205423804,0
93.35000000000001,-0.06281712390385386,0
93.36,0.6837637931820707,0
93.37,0.0163416809541726,0
93.38,-0.020072569681423548,0
93.39,-0.0353668402412361,0
93.4,-0.5482357677241874,0
93.41,-0.1374712806383358,0
93.42,0.6676874809920929,0
93.43,0.3620751151340151,0
93.44,0.06521372554817031,0
93.45,-0.11173012837511839,0
93.46000000000001,0.10633966448974161,0
93.47,0.3838965460005334,0
93.48,0.3784104188746505,0
93.49,-0.12417130694801784,0
93.5,0.09983128463150412,0
93.51,0.23841977960129318,0
93.52,-0.5189240252143147,0
93.53,-0.08234381290378853,0
93.54,-1.2137971769916045,0
93.55,-0.08876321365973727,0
93.56,0.28714571456504107,0
93.57000000000001,0.42752235912312364,0
93.58,-0.14589375864979723,0
93.59,0.08566761024105708,0
93.60000000000001,0.7372459162785592,0
93.61,0.894677779925744,0
93.62,0.1655788764373425,0
93.63,0.0729929917497526,0
93.64,0.5672139605273386,0
93.65,-0.7000992587039016,0
93.66,-0.38978609446809714,0
93.67,0.5710404653424181,0
93.68,0.6192982106811876,0
93.69,0.30864076432691456,0
93.7,-0.7676175516866466,0
93.71000000000001,-0.26139151934001154,0
93.72,-0.4224459767660271,0
93.73,0.027691803664405962,0
93.74,-0.46710841997919295,0
93.75,-0.7060758768454165,0
93.76,-1.31923655991556,0
93.77,0.27770157653145067,0
93.78,-0.18664894304093183,0
93.79,-0.00619819631148695,0
93.8,-0.04600220187698595,0
93.81,-0.6232466285341061,0
93.82000000000001,-0.8696471197676018,0
93.83,-0.7961556822856073,0
93.84,-0.6275689064376406,0
93.85000000000001,-0.005117943867544508,0
93.86,-0.46852272763658004,0
93.87,0.7694023946621839,0
93.88,0.6957709083663811,0
93.89,0.560809768760414,0
93.9,0.032827890722551004,0
93.91,0.7709237241922595,0
93.92,0.03290511890095957,0
93.93,-0.052190734722032193,0
93.94,0.03366146596695131,0
93.95,0.3383135085812855,0
93.96000000000001,0.37986796211227075,0
93.97,-0.20197939035806356,0
93.98,-0.37829725281183546,0
93.99,0.2021930239544392,0
94.0,0.3873943724317935,0
94.01,-0.15670630202529237,0
94.02,-0.9285306958307791,0
94.03,-0.3866953935304119,0
94.04,0.19117699068634486,0
94.05,0.9650046859854191,0
94.06,-0.44098021681053745,0
94.07000000000001,-0.38172484461468137,0
94.08,-0.3471568764943819,0
94.09,0.5908313313581284,0
94.10000000000001,0.08466775612569913,0
94.11,-0.5064878586211602,0
94.12,0.12639253351593155,0
94.13,-0.22843548526309557,0
94.14,-0.7537265058588672,0
94.15,-0.7084920828914268,0
94.16,0.7016492115005942,0
94.17,0.3353121548529699,0
94.18,0.09647005994736635,0
94.19,-0.15374261023540048,0
94.2,0.07232207712605684,0
94.21000000000001,0.12245531548405601,0
94.22,0.14130441453522677,0
94.23,0.05154667117416778,0
94.24,0.4305750089781931,0
94.25,0.07493139424373121,0
94.26,-0.5471091153634301,0
94.27,-0.5080079908928948,0
94.28,-1.2260319447336336,0
94.29,0.7276718355898094,0
94.3,0.5961546605650696,0
94.31,-0.3382524294492325,0
94.32000000000001,-0.27994356892820343,0
94.33,-0.4544720146822185,0
94.34,0.662476910653438,0
94.35000000000001,-0.6359199523961466,0
94.36,-0.1434608527580219,0
94.37,-0.13914230149777493,0
94.38,0.36001412997800875,0
94.39,-0.010944803256975347,0
94.4,-0.9846428689256337,0
94.41,-0.42552710892211876,0
94.42,-0.6697684528731039,0
94.43,-0.1707780226334341,0
94.44,0.6753016950419565,0
94.45,-0.8032720752102734,0
94.46000000000001,-0.6727958481999,0
94.47,-0.5083971964710918,0
94.48,-0.37623979361560966,0
94.49,0.25413581247344835,0
94.5,-0.07487048461982021,0
94.51,0.1566873427040951,0
94.52,-0.34013766832204173,0
94.53,-0.008693622249215341,0
94.54,0.3658905209170282,0
94.55,-0.3446820396236173,0
94.56,0.2837121549027783,0
94.57000000000001,0.052561672590127465,0
94.58,0.523589440163094,0
94.59,-0.022699846261599065,0
94.60000000000001,0.1509785793701174,0
94.61,-0.03029090239361809,0
94.62,-0.10525907281598193,0
94.63,0.06508624743812133,0
94.64,0.25561326820218566,0
94.65,-0.6480997790234311,0
94.66,0.5548310426825601,0
94.67,-0.8982712728519899,0
94.68,-0.6359359556837334,0
94.69,-0.2559057496497943,0
94.7,0.10885889594603047,0
94.71000000000001,0.8197847816226356,0
94.72,-0.831495327950839,0
94.73,-0.5251132645595179,0
94.74,-1.310805019000343,0
94.75,-0.35781296948121266,0
94.76,0.008237765133420158,0
94.77,0.8021855875025974,0
94.78,0.21772153140790212,0
94.79,0.5633048833600649,0
94.8,0.4045958713186122,0
94.81,-0.17781867916663985,0
94.82000000000001,-0.8419970319153651,0
94.83,-0.11131049721730261,0
94.84,-0.8697226158573573,0
94.85000000000001,0.42497610855443624,0
94.86,-0.027434827440998316,0
94.87,0.5822018038327185,0
94.88,-0.15763264437161945,0
94.89,0.0562738974221587,0
94.9,0.0780252165700407,0
94.91,-0.05204860746628216,0
94.92,-0.2910243399848078,0
94.93,0.08859637628555248,0
94.94,-0.5187480579598759,0
94.95,-0.8214749256003485,0
94.96000000000001,0.40872093187121705,0
94.97,0.4416249766196334,0
94.98,0.09765964188113987,0
94.99,0.863287272092842,0
95.0,0.02531428812412226,0
95.01,0.6627632766666859,0
95.02,0.21120050626124998,0
95.03,-0.5409437803044282,0
95.04,0.8008441269161747,0
95.05,0.6796946986689011,0
95.06,0.05733263730264433,0
95.07000000000001,0.3533960531860385,0
95.08,-0.17485700694401848,0
95.09,0.3495787619325526,0
95.10000000000001,-1.2342351854469074,0
95.11,-0.8999735646616902,0
95.12,0.24812395757218905,0
95.13,-0.11933060729826551,0
95.14,0.03224141521707102,0
95.15,-0.7576382178012447,0
95.16,0.7461186316798469,0
95.17,0.771964299495876,0
95.18,0.03751656476179058,0
95.19,-0.2547764630490348,0
95.2,0.43592740910932953,0
95.21000000000001,1.1159998878560904,0
95.22,0.7381553829133267,0
95.23,1.2923065100338182,0
95.24,-0.21693986806043164,0
95.25,-0.5394574460460575,0
95.26,-0.8169257081020321,0
95.27,-0.017924855577298254,0
95.28,0.04004914698264052,0
95.29,-0.11992992565385484,0
95.3,0.35191517365074826,0
95.31,0.695137945032791,0
95.32000000000001,-0.6878218420977331,0
95.33,-0.5390396101293362,0
95.34,0.25278177174598815,0
95.35000000000001,-0.23514367691677396,0
95.36,-0.5331486890178467,0
95.37,0.35979182093522044,0
95.38,-0.6461223987900238,0
95.39,-0.37153673607380017,0
95.4,0.03268796165653649,0
95.41,-0.34688778021591976,0
95.42,0.2808174690245867,0
95.43,-0.28229927848194275,0
95.44,0.6299699606043148,0
95.45,0.04089539712457173,0
95.46000000000001,0.31802801315529344,0
95.47,0.42708215613706624,0
95.48,-0.27716352108965875,0
95.49,-1.2126297199682587,0
95.5,-0.1608652665215641,0
95.51,-0.051581226633544745,0
95.52,0.23320260868449327,0
95.53,-0.1122702257750872,0
95.54,-0.3072604850221683,0
95.55,0.9427544584576432,0
95.56,-0.5984427685622611,0
95.57000000000001,0.19115479698476273,0
95.58,-0.30833397737725526,0
95.59,-0.3060623515906317,0
95.60000000000001,-0.2955868899867268,0
95.61,-0.5519945919019811,0
95.62,0.11591958368881077,0
95.63,0.7192298657212686,0
95.64,0.37975165107650827,0
95.65,0.09959990435398385,0
95.66,-0.5508447989724563,0
95.67,0.08704806719865749,0
95.68,1.1195878356187514,0
95.69,0.02661948845457153,0
95.7,-0.2441516877222313,0
95.71000000000001,-0.41045758483387823,0
95.72,-0.4139025250972383,0
95.73,-1.6161399874264317,0
95.74000000000001,-0.23907293173115862,0
95.75,-0.5608259284319813,0
95.76,-1.0485375232208038,0
95.77,0.08811871850516938,0
95.78,-0.6050677864518141,0
95.79,-0.3825428614984175,0
95.8,0.6343359581041886,0
95.81,-0.6428713820286427,0
95.82000000000001,-1.0279165086524484,0
95.83,-0.16463803175544434,0
95.84,0.519871268837791,0
95.85000000000001,-0.7595740763763758,0
95.86,-0.023971646350416334,0
95.87,0.2521847700895777,0
95.88,-1.084792054910117,0
95.89,0.10273152848967325,0
95.9,0.44116810135933915,0
95.91,-0.10712078191746409,0
95.92,0.5887245991615638,0
95.93,0.7009322995843457,0
95.94,0.17865783046866945,0
95.95,-0.24727298392891983,0
95.96000000000001,-0.6314479256839398,0
95.97,-0.2294681367468866,0
95.98,0.19440970474390767,0
95.99000000000001,-0.1757107894712413,0
96.0,-1.2658896481852704,0
96.01,0.307409456010311,0
96.02,0.12636232134119357,0
96.03,-0.22240108319562832,0
96.04,0.349000860245785,0
96.05,0.8472704273227158,0
96.06,-1.3322401068123133,0
96.07000000000001,-0.1537781068094503,0
96.08,-0.8502018375595426,0
96.09,0.0011894834952513728,0
96.10000000000001,0.0163315400647938,0
96.11,0.2905004866568409,0
96.12,-0.2454085491736588,0
96.13,-1.1111227638341075,0
96.14,-0.569859485372145,0
96.15,0.021916386842111335,0
96.16,0.49389428093969584,0
96.17,-0.5529223831773351,0
96.18,0.35632318350115555,0
96.19,-0.30836359879323516,0
96.2,0.06345931495565527,0
96.21000000000001,-0.30817627672873465,0
96.22,-0.03257392331944757,0
96.23,0.414233137016656,0
96.24000000000001,-0.6024870314132947,0
96.25,-0.5653501867212237,0
96.26,-0.09553053125318094,0
96.27,1.2023156837078397,0
96.28,-0.2118669973962597,0
96.29,0.9806719215653052,0
96.3,1.2597520632417076,0
96.31,0.21023706132312764,0
96.32000000000001,-0.15913422383400072,0
96.33,-0.46128683597511744,0
96.34,-0.20463356738684657,0
96.35000000000001,-0.8533150379953843,0
96.36,-0.3069951386441111,0
96.37,0.6672888555130285,0
96.38,-0.2117432945951612,0
96.39,-0.23430856560966407,0
96.4,-1.017710285705887,0
96.41,-0.10847964585755906,0
96.42,0.06043523594074153,0
96.43,-0.004295451291317448,0
96.44,-0.16990725136783913,0
96.45,-0.25178339481972256,0
96.46000000000001,0.15089369069879988,0
96.47,-0.031099756519070737,0
96.48,0.10644403884242531,0
96.49000000000001,0.087544993743888,0
96.5,0.5665616045826447,0
96.51,0.44853707802908344,0
96.52,0.1611761955125399,0
96.53,0.7952061763098345,0
96.54,0.36887100191333605,0
96.55,0.7333807422851705,0
96.56,0.4527506585862681,0
96.57000000000001,-0.9215491764784586,0
96.58,0.41059584996623033,0
96.59,0.1207105341695213,0
96.60000000000001,-0.05145186569539292,0
96.61,0.08296597019392482,0
96.62,-0.21701035546153202,0
96.63,0.012574910655958824,0
96.64,-0.36616166731210914,0
96.65,0.5329066989802604,0
96.66,0.018552103667238043,0
96.67,-0.253323406473561,0
96.68,-0.6101456370390148,0
96.69,-0.06370020851211261,0
96.7,0.029382555087324472,0
96.71000000000001,0.15982477702208725,0
96.72,-0.5614993761051011,0
96.73,-1.0475050986504548,0
96.74000000000001,0.01679112241082112,0
96.75,0.7403027453982906,0
96.76,-0.41604995129073197,0
96.77,0.6878276774662233,0
96.78,0.26851919294110016,0
96.79,0.008701119759687792,0
96.8,-0.26423789542499604,0
96.81,-0.858105620778513,0
96.82000000000001,0.25669520695071496,0
96.83,-0.4036795357827995,0
96.84,-0.5710470692007793,0
96.85000000000001,0.33058422051107145,0
96.86,-0.9750356451781151,0
96.87,-1.1100921154962706,0
96.88,-0.3421808772966499,0
96.89,0.015601347005288563,0
96.9,0.2069639000384561,0
96.91,-0.16408903118890786,0
96.92,1.2513400332608555,0
96.93,0.13628858245531028,0
96.94,-0.14405217486350091,0
96.95,-0.5156960217541529,0
96.96000000000001,-0.11823571636084956,0
96.97,0.2425961956107341,0
96.98,0.6462264339801673,0
96.99000000000001,-0.6869469222294943,0
97.0,-0.35818203892303024,0
97.01,0.0928588631025026,0
97.02,0.28032560355281283,0
97.03,0.018013988539426026,0
97.04,0.23777168094413725,0
97.05,-0.426987382881302,0
97.06,0.6672272448136174,0
97.07000000000001,0.6397139685471862,0
97.08,-0.6120320114804096,0
97.09,-0.7813141684458822,0
97.10000000000001,-0.8086640023091769,0
97.11,0.10302729412903289,0
97.12,-0.7142923458805074,0
97.13,-0.41077840250099606,0
97.14,0.08349150167331773,0
97.15,-0.07035960178436564,0
97.16,0.06424324937315207,0
97.17,-0.6075869986707921,0
97.18,0.10877704437911187,0
97.19,-0.355506524074344,0
97.2,-0.3179286472201259,0
97.21000000000001,-0.009098996364978754,0
97.22,-0.0036360495064507448,0
97.23,-0.044429615238730395,0
97.24000000000001,-0.46717014003874485,0
97.25,-0.33267737606342984,0
97.26,-0.13840743797052105,0
97.27,-0.8233207885269742,0
97.28,-0.5086195975052787,0
97.29,0.02278730000699479,0
97.3,-0.7311308001121498,0
97.31,0.3765534375102254,0
97.32000000000001,0.7136311572687609,0
97.33,-0.5413363462350151,0
97.34,0.5309519217326294,0
97.35000000000001,-0.00045514751962968947,0
97.36,0.1659924552285892,0
97.37,-0.27979016724437733,0
97.38,0.36476561653124573,0
97.39,0.250573459199115,0
97.4,-0.42783580718163455,0
97.41,-0.784420519833664,0
97.42,-1.0307546419379627,0
97.43,-0.2146266584732578,0
97.44,0.19414435208988673,0
97.45,0.3381015183552397,0
97.46000000000001,-0.03543696083172222,0
97.47,-0.6821703753391465,0
97.48,-0.5909777472159796,0
97.49000000000001,0.40867896539479376,0
97.5,-0.21319136220462076,0
97.51,-0.034238730123365896,0
97.52,-0.6387337568910811,0
97.53,-0.037829916764665864,0
97.54,-0.31061589790351973,0
97.55,0.42229566001194324,0
97.56,0.4600224323475137,0
97.57000000000001,-0.20650991020442383,0
97.58,-0.1766516212977286,0
97.59,-0.39525923060227425,0
97.60000000000001,-0.9123569108754735,0
97.61,-0.7423878766504282,0
97.62,-0.13775603614799892,0
97.63,0.08101995245594298,0
97.64,0.0415724111516738,0
97.65,-0.20811632257393164,0
97.66,0.3869994143519101,0
97.67,0.07268946153843207,0
97.68,0.33474473754672956,0
97.69,-0.9188829324161563,0
97.7,-2.3765447222295677,0
97.71000000000001,-0.5010531452243212,0
97.72,-0.9420815711828082,0
97.73,-0.4067751312335352,0
97.74000000000001,-0.32072413023188584,0
97.75,0.7069763429097453,0
97.76,0.3315307028535676,0
97.77,0.11294653105769258,0
97.78,0.4156656999897561,0
97.79,0.24181990312777957,0
97.8,-0.24164485978502548,0
97.81,0.45178047079547246,0
97.82000000000001,-0.5364791173657557,0
97.83,-0.02045872330401638,0
97.84,-0.8877657662200475,0
97.85000000000001,-0.171886055183495,0
97.86,0.001214156598637231,0
97.87,0.8344505234190572,0
97.88,-0.6834515751349469,0
97.89,-0.5495531624640156,0
97.9,0.2419862009724936,0
97.91,0.18029575982443247,0
97.92,0.0822875319897455,0
97.93,-0.5474453928281806,0
97.94,-0.5103704133413844,0
97.95,0.47652194429633227,0
97.96000000000001,0.03275027258948429,0
97.97,0.14909395011295257,0
97.98,-0.08309033615863967,0
97.99000000000001,-0.7098653620410202,0
98.0,0.260726413015553,0
98.01,0.27404030400599716,0
98.02,1.2371765341842784,0
98.03,-0.2907411174126443,0
98.04,0.3061252967661808,0
98.05,-0.6811865359288215,0
98.06,-0.14581460799919943,0
98.07000000000001,0.4242238936269379,0
98.08,-1.0568115579752433,0
98.09,-0.4327552872713253,0
98.10000000000001,-0.4675724845556498,0
98.11,-0.5502007478443155,0
98.12,0.008062472138200494,0
98.13,0.5392575907861129,0
98.14,0.004240188394598984,0
98.15,0.050854237451155124,0
98.16,0.013916469307129128,0
98.17,-0.05526692780015262,0
98.18,-0.6536724595571598,0
98.19,0.3670893139146589,0
98.2,0.18915998141160684,0
98.21000000000001,0.1977281022188031,0
98.22,-0.43994884696901776,0
98.23,-0.4144602395396508,0
98.24000000000001,-0.25737060891366487,0
98.25,-0.9413118370763272,0
98.26,-1.1942953155235578,0
98.27,-0.6785587613608284,0
98.28,0.048519652524519494,0
98.29,-0.39582595503410484,0
98.3,-0.7016791788739504,0
98.31,-0.6694774710131632,0
98.32000000000001,-0.4700999435719645,0
98.33,-0.3662478593437409,0
98.34,1.001338135429043,0
98.35000000000001,0.7516050341998477,0
98.36,0.6732416503326354,0
98.37,0.7301969177853639,0
98.38,-0.40981750728070565,0
98.39,-0.8139017911248255,0
98.4,-0.853453821701085,0
98.41,0.436741333197452,0
98.42,-0.24281601264932529,0
98.43,-0.7877334098721904,0
98.44,-0.4871279027721007,0
98.45,-0.3095574312790529,0
98.46000000000001,0.004804850931076493,0
98.47,0.07406046382779462,0
98.48,-0.4833368825311882,0
98.49000000000001,0.183449586698063,0
98.5,-0.35541869699785233,0
98.51,-0.2330010154419267,0
98.52,0.2465217808251332,0
98.53,-0.3411570314245137,0
98.54,-0.4495195507880839,0
98.55,0.1416379446591501,0
98.56,-0.4824654832174162,0
98.57000000000001,-0.38666913039005063,0
98.58,0.13811193870594501,0
98.59,1.0671958892042415,0
98.60000000000001,0.5279539616968143,0
98.61,0.3224060084685564,0
98.62,0.30195667457087383,0
98.63,-0.5573733541429473,0
98.64,-0.13917046527414498,0
98.65,-0.1120663165272946,0
98.66,0.08178098645267884,0
98.67,0.02099684226223897,0
98.68,0.1459241028737594,0
98.69,-0.19095027942078202,0
98.7,-0.07812580792412473,0
98.71000000000001,-0.7350284299503169,0
98.72,-0.4157895071833802,0
98.73,0.5750144819574562,0
98.74000000000001,0.2517888514887781,0
98.75,-0.00997086060192641,0
98.76,0.9454473671874669,0
98.77,-0.5501784559969359,0
98.78,-0.7902519409810613,0
98.79,0.6525975521849248,0
98.8,0.12567120560234313,0
98.81,-0.15975560253051146,0
98.82000000000001,-0.7405822113310733,0
98.83,-0.008791689950646484,0
98.84,0.22565059601058637,0
98.85000000000001,-0.5885750291984037,0
98.86,-0.2840116919728548,0
98.87,-0.31187850696559344,0
98.88,-0.003889707936770348,0
98.89,-0.6592848404611136,0
98.9,0.4395773229528502,0
98.91,0.5352598648027177,0
98.92,-0.12196698152639888,0
98.93,-0.20815579520823746,0
98.94,-0.18713729464767254,0
98.95,-0.5237450526027766,0
98.96000000000001,-0.4295973255717961,0
98.97,-0.3138823574321955,0
98.98,0.7178488222016282,0
98.99000000000001,0.6209447629569613,0
99.0,0.5903124810735041,0
99.01,0.2818810643028169,0
99.02,-0.5872763878769658,0
99.03,-0.2316804531321043,0
99.04,0.39609808773915367,0
99.05,-0.6338819552785392,0
99.06,0.11764507370141213,0
99.07000000000001,1.2033758610853056,0
99.08,0.8033569599111335,0
99.09,0.8908826387784411,0
99.10000000000001,0.27598168901255093,0
99.11,0.5214060928633407,0
99.12,-0.31501288331329413,0
99.13,0.28195487534803904,0
99.14,0.3558209317831942,0
99.15,0.1801555372110153,0
99.16,0.6826364831312413,0
99.17,-0.17952054120138589,0
99.18,-0.20778768153875005,0
99.19,-0.06443791278048483,0
99.2,-0.6277765129020372,0
99.21000000000001,-0.09949285798777442,0
99.22,-1.0036971944757114,0
99.23,0.24314782076388577,0
99.24000000000001,0.022119948221645383,0
99.25,-0.33540187590788195,0
99.26,-0.5917568419859447,0
99.27,-0.33646883550511986,0
99.28,0.21876231155737427,0
99.29,0.2827028927461868,0
99.3,-0.36876101203911504,0
99.31,-0.60648405397781,0
99.32000000000001,0.13441785008920665,0
99.33,-0.4148887231537817,0
99.34,-0.13567079817220407,0
99.35000000000001,-0.03190159013940558,0
99.36,0.09428617563128026,0
99.37,0.41667337257284215,0
99.38,-0.6323961713813349,0
99.39,-1.2398858345458736,0
99.4,-0.6762191428447348,0
99.41,0.7262256372941666,0
99.42,1.1943035824316768,0
99.43,1.2095756192192468,0
99.44,0.1354231228175753,0
99.45,-0.9794194802920487,0
99.46000000000001,-1.556876735227804,0
99.47,-0.7805219744136289,0
99.48,-0.3649523203045687,0
99.49000000000001,0.5370153106125812,0
99.5,0.5319805829251799,0
99.51,0.1896513820246517,0
99.52,-0.49094056038515177,0
99.53,-0.6988985672966467,0
99.54,-0.10394192416334912,0
99.55,0.2806347537557823,0
99.56,0.2142305821649298,0
99.57000000000001,-0.5620555855933584,0
99.58,0.14130143311072635,0
99.59,0.19741515737026027,0
99.60000000000001,-0.5855712426491936,0
99.61,-0.6288634917490786,0
99.62,0.14460566040152859,0
99.63,-0.1535935770662668,0
99.64,0.742982376910134,0
99.65,0.3876838184642435,0
99.66,-0.22719267737814425,0
99.67,-0.12723302147637358,0
99.68,-0.06308898903367317,0
99.69,-0.46873495989163305,0
99.7,-0.6682729048669986,0
99.71000000000001,0.1413081875548033,0
99.72,0.42029186463555457,0
99.73,0.3614003176824855,0
99.74000000000001,0.832068223068012,0
99.75,-0.14577291098114348,0
99.76,0.7898537264383634,0
99.77,-0.3476544935763661,0
99.78,-0.6915845694280756,0
99.79,-1.1755509516673994,0
99.8,-0.5967386754180899,0
99.81,-0.4829182765771851,0
99.82000000000001,0.09383234210269038,0
99.83,0.08778591833142198,0
99.84,-0.6789409891544153,0
99.85000000000001,-0.44449739473540345,0
99.86,-0.3745969959563604,0
99.87,-1.105112804784535,0
99.88,-0.8643917749423203,0
99.89,-0.692342661106388,0
99.9,0.5245764103028874,0
99.91,0.16727022669331992,0
99.92,0.3285832218384783,0
99.93,-0.7818272540781159,0
99.94,0.3745731874191067,0
99.95,0.7205603375547507,0
99.96000000000001,-0.9500489430892837,0
99.97,-0.6791525374342137,0
99.98,0.028155845350917294,0
99.99000000000001,0.2840955353657635,0
100.0,-0.356435729669969,0
100.01,-0.3179697366110278,0
100.02,-0.4638247608460637,0
100.03,-0.1233948551983021,0
100.04,0.5404165686029734,0
100.05,-0.3418116595274736,0
100.06,0.3811762779253245,0
100.07000000000001,-0.3873510403384415,0
100.08,-0.6146405421805369,0
100.09,0.2158246467040213,0
100.10000000000001,0.47843985064350275,0
100.11,0.5065016288934004,0
100.12,-0.6406313454169601,0
100.13,-0.4748756323785732,0
100.14,0.2529348194871121,0
100.15,0.018705350804000168,0
100.16,-0.6337879168104245,0
100.17,0.018904298991735277,0
100.18,-0.44268726416939347,0
100.19,0.77818841229779,0
100.2,0.9504080127299606,0
100.21000000000001,0.4924494751609315,0
100.22,0.7810065771011769,0
100.23,0.16283144058963256,0
100.24000000000001,0.38137231183980713,0
100.25,0.8152891239541813,0
100.26,0.2675328639173989,0
100.27,-0.13607310487536667,0
100.28,-1.0088837038856713,0
100.29,-0.3636207092097526,0
100.3,0.28043437855170417,0
100.31,0.5064953883837009,0
100.32000000000001,0.32798569105837594,0
100.33,-0.2735287172177327,0
100.34,-1.1884075724581014,0
100.35000000000001,-0.6281536542885435,0
100.36,-0.3864790300796309,0
100.37,-0.3306656696377412,0
100.38,0.1793024506949526,0
100.39,1.0348001029834126,0
100.4,0.25698162735522934,0
100.41,-0.11870787370845859,0
100.42,-0.23529159697874197,0
100.43,-0.06018742179005811,0
100.44,-0.5237801326824989,0
100.45,-0.13460663937841139,0
100.46000000000001,0.13871633567165073,0
100.47,0.07860498294662394,0
100.48,0.1955352662643724,0
100.49000000000001,0.2120626745098213,0
100.5,-0.9584225569339915,0
100.51,0.031675463151337596,0
100.52,-0.41732866523333323,0
100.53,-0.7558474127495407,0
100.54,-0.8450974455859716,0
100.55,-0.04840808398795493,0
100.56,-0.19867468118825687,0
100.57000000000001,-1.0134537142963151,0
100.58,-0.06690266445413683,0
100.59,-0.8515126390649004,0
100.60000000000001,-0.20659705841429823,0
100.61,0.007147384761523143,0
100.62,0.4051416760764166,0
100.63,0.9818154421908456,0
100.64,-0.5495978941629021,0
100.65,-0.23369090241543247,0
100.66,-0.27396193534416885,0
100.67,0.09408188826935894,0
100.68,0.06992341528709275,0
100.69,-0.23874435790129656,0
100.7,-0.36299759691958444,0
100.71000000000001,-0.753847991546433,0
100.72,0.2690262518313934,0
100.73,0.24318251837027444,0
100.74000000000001,0.4808894651735134,0
100.75,-0.11375814470356856,0
100.76,-0.4469447747681071,0
100.77,-0.7547277337824903,0
100.78,-0.06633004759039142,0
100.79,-0.6391269359087863,0
100.8,0.755844975212376,0
100.81,-0.5762894756579472,0
100.82000000000001,-0.06725724898573418,0
100.83,0.7486389427482834,0
100.84,0.4372105740340136,0
100.85000000000001,0.1338360314704759,0
100.86,-0.5513451711254392,0
100.87,-0.9427630518391882,0
100.88,0.10526855215920135,0
100.89,0.7592406362381658,0
100.9,-0.1130792998009528,0
100.91,-0.7040800092366046,0
100.92,-1.55433502967579,0
100.93,-0.9801622410497652,0
100.94,-0.3748869108137063,0
100.95,0.688514224635085,0
100.96000000000001,0.4612090808840248,0
100.97,0.20835074388777897,0
100.98,-0.2304437374201594,0
100.99000000000001,-0.4376541868090616,0
101.0,0.5696229679584496,0
101.01,0.17975241951920218,0
101.02,-1.1443577893594503,0
101.03,-0.7143933379135212,0
101.04,-0.7052822117095097,0
101.05,-0.536912294134541,0
101.06,0.09582146093657408,0
101.07000000000001,-0.10301630979849599,0
101.08,-0.13647437559384723,0
101.09,0.5955320893315829,0
101.10000000000001,-0.29186030345001635,0
101.11,0.8499002969512675,0
101.12,-0.21493959879926963,0
101.13,-0.07618668365359565,0
101.14,-0.23878366156442118,0
101.15,-0.06399025670976055,0
101.16,0.15071076115506332,0
101.17,0.19862448413600575,0
101.18,-0.4215242924933769,0
101.19,-0.7735247552224411,0
101.2,1.06946069756003,0
101.21000000000001,-0.060591897653944835,0
101.22,0.2869557675949109,0
101.23,-0.8546712829731451,0
101.24000000000001,-0.43288917197215226,0
101.25,-0.24631127724576896,0
101.26,0.11982892882071641,0
101.27,-1.4902624611273732,0
101.28,-0.3545399652340747,0
101.29,-0.7713959359221026,0
101.3,-0.09063966049034049,0
101.31,-0.6450909304951273,0
101.32000000000001,-0.687429649440477,0
101.33,-0.3881890297258704,0
101.34,-0.7280980437363807,0
101.35000000000001,-0.5059446392455221,0
101.36,-0.8327150579035142,0
101.37,-1.255153839185934,0
101.38,0.15752927939036038,0
101.39,-0.7216224371812037,0
101.4,-0.34640561783280444,0
101.41,0.2434605209429807,0
101.42,-0.3375262717467096,0
101.43,-0.5947563990768779,0
101.44,-0.0991871971551855,0
101.45,0.49953157837974366,0
101.46000000000001,-0.5688622912136293,0
101.47,-0.2932510953542008,0
101.48,-1.0670365319942385,0
101.49000000000001,-0.5472947567634415,0
101.5,-0.18978358450354596,0
101.51,-0.5737715428703143,0
101.52,-0.4580478908348582,0
101.53,-0.9357158926812079,0
101.54,-0.26418828973560726,0
101.55,0.42480809622920374,0
101.56,-0.5494376958758956,0
101.57000000000001,-0.5403588213433547,0
101.58,0.06109633979002141,0
101.59,0.5892847866946026,0
101.60000000000001,-0.7193579859855193,0
101.61,-0.3412590823844139,0
101.62,-0.006106136760441444,0
101.63,-0.12747637138870432,0
101.64,-1.422481999818426,0
101.65,-0.16043904712141105,0
101.66,0.6972910334955204,0
101.67,0.16471726394867625,0
101.68,-0.5796856140686893,0
101.69,-0.4899770373265325,0
101.7,0.7482168138332568,0
101.71000000000001,0.5997787060392854,0
101.72,0.4188861699952108,0
101.73,0.22259596065976328,0
101.74000000000001,-0.3683902381427227,0
101.75,-0.270901807964291,0
101.76,-0.18124767001060627,0
101.77,0.1752975639977834,0
101.78,0.7752860744863685,0
101.79,0.7172526420822983,0
101.8,-0.6487148408263166,0
101.81,-0.11508189137336557,0
101.82000000000001,0.2913610374619187,0
101.83,0.33015174954003085,0
101.84,-0.32483712575313084,0
101.85000000000001,1.3983380605859423,0
101.86,-0.4028588844671931,0
101.87,-0.7499340841869776,0
101.88,-0.13550175327429384,0
101.89,1.020948431826786,0
101.9,-0.26254682330285894,0
101.91,-0.2797128321029506,0
101.92,0.43122302208305374,0
101.93,0.025715536363380878,0
101.94,-0.24436984267681233,0
101.95,0.16748419306156503,0
101.96000000000001,0.114321311533495,0
101.97,0.5046177321053764,0
101.98,0.7411671994842863,0
101.99000000000001,0.2760095008120318,0
102.0,0.15155574722877954,0
102.01,0.07907366985770715,0
102.02,0.20737843997368427,0
102.03,0.008323388978847476,0
102.04,-0.07117701590167498,0
102.05,0.5464857100703245,0
102.06,0.8710082891003292,0
102.07000000000001,-0.6581036044311372,0
102.08,-0.23225219270424718,0
102.09,-0.4979122354986073,0
102.10000000000001,-0.36320870100478025,0
102.11,0.0503922681964358,0
102.12,0.29590574642853396,0
102.13,-0.05895887024616615,0
102.14,-1.1069170351377626,0
102.15,-0.8639384125882841,0
102.16,0.18811246233723286,0
102.17,-1.4856981811215335,0
102.18,0.18753733504328712,0
102.19,0.2510406282849751,0
102.2,0.6902211048841995,0
102.21000000000001,-0.006671085535655097,0
102.22,-1.1729521294352314,0
102.23,-0.13760025901606898,0
102.24000000000001,0.5708200296327877,0
102.25,0.5615422755601146,0
102.26,-0.2861626998784077,0
102.27,-0.09901112486932911,0
102.28,-0.382212679616886,0
102.29,-0.6055792687249228,0
102.3,0.28361335047069636,0
102.31,-0.6406266843641539,0
102.32000000000001,-0.7099792974170253,0
102.33,-0.8392932468896781,0
102.34,-1.0773304731875728,0
102.35000000000001,-0.26529170934895446,0
102.36,0.4782565232266758,0
102.37,-0.052883022982043754,0
102.38,-0.8891101902871493,0
102.39,0.15096485004355087,0
102.4,0.86134718533533,0
102.41,-0.20293147053698166,0
102.42,-0.37973323914718443,0
102.43,0.10548886865828043,0
102.44,0.8158599522095346,0
102.45,-0.14711400786023734,0
102.46000000000001,-0.820635793295464,0
102.47,0.0567809777792304,0
102.48,0.3653825783753847,0
102.49000000000001,0.02023448188253471,0
102.5,-0.3665751832831439,0
102.51,0.3634578950300031,0
102.52,0.2975904488565287,0
102.53,-0.40932493011673315,0
102.54,-0.15072190513589073,0
102.55,-0.8320794386855344,0
102.56,0.0826420992383687,0
102.57000000000001,-0.19361868455426434,0
102.58,-0.3550983615755869,0
102.59,-0.18097546178132032,0
102.60000000000001,-0.0985043559888354,0
102.61,0.37719822116623025,0
102.62,0.33428692948020056,0
102.63,-0.07454253914614674,0
102.64,0.3131920537637139,0
102.65,0.2168205650227974,0
102.66,-0.24788997704974608,0
102.67,-0.20333673093787213,0
102.68,-0.20474714011970294,0
102.69,0.1428720069799484,0
102.7,-0.23477672977401673,0
102.71000000000001,-0.3416746789120695,0
102.72,0.8879084779370241,0
102.73,0.6472823412090924,0
102.74000000000001,-0.3183946198745684,0
102.75,0.149247407284653,0
102.76,0.025105770305693872,0
102.77,0.13952804337453095,0
102.78,0.03272639809768485,0
102.79,0.5663819852141287,0
102.8,0.2502927927994373,0
102.81,-0.045880411285056946,0
102.82000000000001,0.46811240906125107,0
102.83,0.1658084708922375,0
102.84,0.030660155725984115,0
102.85000000000001,0.09937810646810279,0
102.86,-0.10055203092462692,0
102.87,-0.09580218651658305,0
102.88,-0.41199536024287076,0
102.89,-0.5786625200429846,0
102.9,-0.7521115960222492,0
102.91,-1.0050114643748023,0
102.92,-0.795468156316608,0
102.93,-0.367436547547873,0
102.94,-0.11274291564910058,0
102.95,-0.24848955813156248,0
102.96000000000001,-1.3924776235434915,0
102.97,0.41451177680768514,0
102.98,0.6062940681314619,0
102.99000000000001,0.31300224483598854,0
103.0,1.0180711382286043,0
103.01,-0.3419796601930621,0
103.02,0.8436840268269298,0
103.03,-0.37916862121212175,0
103.04,-0.043766188474972115,0
103.05,-0.7654463858714885,0
103.06,-0.2597093003611902,0
103.07000000000001,0.06451589975413133,0
103.08,-0.1424842996757463,0
103.09,0.268277389649466,0
103.10000000000001,0.04350044531845594,0
103.11,-0.34365787036596834,0
103.12,-0.46412241238971014,0
103.13,0.23941849756289443,0
103.14,-0.3647081896671173,0
103.15,0.31985398255434083,0
103.16,0.6546161863662677,0
103.17,-0.8015103281082286,0
103.18,0.3263990364795134,0
103.19,1.1022697456565904,0
103.2,0.333159600239499,0
103.21000000000001,0.3256835573285627,0
103.22,0.5569919301749816,0
103.23,-0.0841578888334169,0
103.24000000000001,-0.0007016942862938108,0
103.25,-0.776796814943206,0
103.26,-0.197166037054063,0
103.27,0.1391448119233747,0
103.28,0.2328043549882408,0
103.29,0.548689470060575,0
103.3,-0.35235582585905084,0
103.31,-0.4486705041878115,0
103.32000000000001,0.8202761469809645,0
103.33,0.048002332789793226,0
103.34,0.04148315512169452,0
103.35000000000001,-0.1023877811304946,0
103.36,-0.5402751692966956,0
103.37,0.6523825462478758,0
103.38,-0.19508994392361984,0
103.39,-0.7262885738014517,0
103.4,-0.498834911751224,0
103.41,-1.2679461886004333,0
103.42,-0.7411094120837214,0
103.43,-0.7781600896946709,0
103.44,0.056911491372618334,0
103.45,-0.42177068310209087,0
103.46000000000001,0.2899316426958372,0
103.47,0.7397815673604072,0
103.48,0.5234746957987165,0
103.49000000000001,-0.061337988070313446,0
103.5,-0.017721608687768634,0
103.51,-0.8941048519425892,0
103.52,-0.3723654269255627,0
103.53,-0.6289328271835234,0
103.54,0.1348616570312818,0
103.55,1.3261075866472665,0
103.56,0.5199797855469726,0
103.57000000000001,-1.0081076804603675,0
103.58,-0.5221757532579432,0
103.59,-0.14312488022894423,0
103.60000000000001,-0.06710261290896066,0
103.61,-0.4838322862956662,0
103.62,-0.06823509648973586,0
103.63,-0.7566683248525901,0
103.64,-0.7703289336580572,0
103.65,0.07333249234694952,0
103.66,-0.6005691245868886,0
103.67,0.05841798610254835,0
103.68,-0.792770082047221,0
103.69,0.6635219773544789,0
103.7,-0.3245934406659531,0
103.71000000000001,-0.2784371273141132,0
103.72,0.028244986262167107,0
103.73,-0.3722469244514536,0
103.74000000000001,-0.09496289257661969,0
103.75,0.20435664729042835,0
103.76,0.48431874013882786,0
103.77,0.4642187107052421,0
103.78,-0.05383209672614943,0
103.79,-0.16996667387341535,0
103.8,1.130038880956895,0
103.81,0.7098762328607826,0
103.82000000000001,-0.39194773887616036,0
103.83,-0.12328332903714156,0
103.84,-0.2878703245597177,0
103.85000000000001,-0.22264214350527223,0
103.86,-0.7890446516975952,0
103.87,-0.4952897676298857,0
103.88,0.762199500184098,0
103.89,0.42020279991733606,0
103.9,-1.3003363498860128,0
103.91,0.2440778471708837,0
103.92,0.5624691137352574,0
103.93,-0.1295614892574249,0
103.94,0.2707007805039695,0
103.95,-0.46889231862358605,0
103.96000000000001,-0.4465882048443317,0
103.97,0.6074140384428103,0
103.98,-0.07185011726612751,0
103.99000000000001,-1.092688476157047,0
104.0,-0.3859414966565532,0
104.01,-0.21742481100284658,0
104.02,0.5046987479227324,0
104.03,0.05466068392844023,0
104.04,-0.2900210406640672,0
104.05,0.4048150239106867,0
104.06,0.0862897863379065,0
104.07000000000001,-0.4571101616363182,0
104.08,0.4215001170905303,0
104.09,0.12917744876463422,0
104.10000000000001,-0.0455068131094574,0
104.11,0.003976368402912642,0
104.12,-0.6485939689974062,0
104.13,-0.5225921945510212,0
104.14,-0.2082196962371159,0
104.15,-0.23522971518853858,0
104.16,0.5392659691074297,0
104.17,0.17102325787996409,0
104.18,0.4184227724052394,0
104.19,0.029979603145318612,0
104.2,0.4903463096912949,0
104.21000000000001,0.25459476175849516,0
104.22,-0.008923702577991605,0
104.23,-0.08905383189853294,0
104.24000000000001,-0.6103147343684567,0
104.25,0.03756278693616166,0
104.26,-0.09185862466434018,0
104.27,-0.37016180909507074,0
104.28,0.41679077742595705,0
104.29,-0.6415148331515894,0
104.3,-0.46533096244587613,0
104.31,0.35097553661244335,0
104.32000000000001,0.1757529997032041,0
104.33,-0.06159608038073812,0
104.34,0.03819164352763593,0
104.35000000000001,0.024984929820667273,0
104.36,-0.8815670916095055,0
104.37,-0.4865529013160672,0
104.38,0.6590198474724875,0
104.39,-0.26658471869899586,0
104.4,-0.3164087674276186,0
104.41,-0.4478201241700833,0
104.42,-0.23860921018917516,0
104.43,-0.4505309431296722,0
104.44,0.06619937049512976,0
104.45,0.041221630923423916,0
104.46000000000001,0.34181254039332987,0
104.47,-0.5546738951896882,0
104.48,-0.400405254937164,0
104.49000000000001,-0.3008296769618376,0
104.5,0.08688787742796437,0
104.51,-0.4812785745882763,0
104.52,0.2866863311027997,0
104.53,0.6228381644650194,0
104.54,-0.451570862707665,0
104.55,-0.4550004311714471,0
104.56,-0.47775252399879864,0
104.57000000000001,1.2016405189798076,0
104.58,-0.009316024154840216,0
104.59,0.8102468912601279,0
104.60000000000001,-0.5528126303169587,0
104.61,-0.7461048462577095,0
104.62,-0.633074478167619,0
104.63,-0.6895645956684484,0
104.64,-0.39602275006453,0
104.65,-0.5574505690707741,0
104.66,-0.6567158504271325,0
104.67,0.3716937875492312,0
104.68,0.6635528574514121,0
104.69,0.5903088473358713,0
104.7,0.34548254611274387,0
104.71000000000001,0.05458765406602957,0
104.72,-0.3322407195668987,0
104.73,-0.6718807495284731,0
104.74000000000001,-0.05592216800199053,0
104.75,-0.7202693481783266,0
104.76,-0.7906838395202769,0
104.77,0.3349480300383412,0
104.78,1.0145223410569524,0
104.79,0.38166761263336807,0
104.8,0.6032085466808478,0
104.81,-0.06158575256306047,0
104.82000000000001,-0.8092492894550541,0
104.83,0.04216713945643184,0
104.84,0.23215569396322733,0
104.85000000000001,0.014623042643570242,0
104.86,-0.20702881146358199,0
104.87,0.3790135173699806,0
104.88,-0.5118536352836229,0
104.89,-0.6217274411024507,0
104.9,-0.7740118507409379,0
104.91,-0.23000878759339066,0
104.92,-0.7186295778087759,0
104.93,-0.6258556110457498,0
104.94,-0.6141478570717539,0
104.95,-0.3741934378149106,0
104.96000000000001,-0.9675300645036773,0
104.97,-0.27737429865953667,0
104.98,0.5129289678000952,0
104.99000000000001,0.11839655290338442,0
105.0,0.7683882678256694,0
105.01,0.8204503981094484,0
105.02,0.5372072119818156,0
105.03,0.0919689599283179,0
105.04,-0.04716018296567879,0
105.05,0.31279657829285823,0
105.06,-0.2125718585800708,0
105.07000000000001,-1.1378731143117287,0
105.08,-0.10470930325872664,0
105.09,-0.7107906328578173,0
105.10000000000001,-0.7723800937384695,0
105.11,-0.2753130238253399,0
105.12,-0.20185175765541627,0
105.13,-0.8848379569055694,0
105.14,-0.21550331319587718,0
105.15,0.3781747908106804,0
105.16,-0.5888195332761543,0
105.17,0.447926842948941,0
105.18,-0.8014034632629284,0
105.19,0.8446307039891584,0
105.2,-0.09044987273042401,0
105.21000000000001,-0.027691968114798765,0
105.22,-1.0971519432234798,0
105.23,-0.390060849635444,0
105.24000000000001,-0.058552382228123145,0
105.25,-0.14326316606472395,0
105.26,-0.4184457376911679,0
105.27,-0.6914885341152169,0
105.28,0.34634622571981455,0
105.29,0.020136874023387666,0
105.3,0.7426548594108593,0
105.31,-0.1776195975603976,0
105.32000000000001,-0.35888996332555295,0
105.33,0.2616399332511325,0
105.34,-0.8818801933754699,0
105.35000000000001,-0.9497095022869849,0
105.36,0.2639659133559423,0
105.37,-0.6411893043466986,0
105.38,-1.212119330943058,0
105.39,0.6088848187540566,0
105.4,-0.6732062016082792,0
105.41,-0.15345047359426836,0
105.42,-0.08479984794161255,0
105.43,-1.6012145599360197,0
105.44,-0.6259439417578776,0
105.45,-0.0010032220947234216,0
105.46000000000001,0.10508984056308909,0
105.47,0.4240589801634069,0
105.48,-0.18373655138391196,0
105.49000000000001,0.2500725786789735,0
105.5,-0.3880292884341737,0
105.51,-0.9316147519537877,0
105.52,-1.0075020321241963,0
105.53,-1.1140415085825244,0
105.54,0.17556059699204885,0
105.55,-0.8462710614208915,0
105.56,-0.14925829811199087,0
105.57000000000001,-0.2625827990766294,0
105.58,-0.20399225914423347,0
105.59,0.5914599130501914,0
105.60000000000001,-0.16935227943289438,0
105.61,0.19959373257346025,0
105.62,-0.013893627446775095,0
105.63,-0.16825298677557604,0
105.64,1.0988988537900881,0
105.65,-0.5767212247631731,0
105.66,0.4584188213187464,0
105.67,0.38022710369418805,0
105.68,-0.24427261039101517,0
105.69,0.7226076631520918,0
105.7,-0.8875536632443953,0
105.71000000000001,-0.5837976011523089,0
105.72,-0.8735869786052114,0
105.73,-0.08305421680563443,0
105.74000000000001,-0.6976439668717541,0
105.75,-0.027951928566441006,0
105.76,-0.1904628117940414,0
105.77,-0.3871075543986729,0
105.78,0.025944342206477622,0
105.79,-0.22083960056605384,0
105.8,-0.7192495873731612,0
105.81,1.227685977212765,0
105.82000000000001,-0.036871628639281395,0
105.83,-1.2745603225841693,0
105.84,-0.8515028225351128,0
105.85000000000001,-0.972188731600974,0
105.86,0.11243286061503881,0
105.87,0.11489999088243688,0
105.88,0.1565260192466572,0
105.89,-0.24247405212812845,0
105.9,-0.2939658900816591,0
105.91,-0.35563683742211305,0
105.92,-0.21678687557832174,0
105.93,0.30598037765066227,0
105.94,0.17077179377865648,0
105.95,0.2242974391562909,0
105.96000000000001,0.23735597086489946,0
105.97,0.44555674988729127,0
105.98,0.18003237543255862,0
105.99000000000001,0.15127261183039947,0
106.0,0.5860367697788172,0
106.01,-0.2925415765695688,0
106.02,-0.6137666747656161,0
106.03,-0.8699327152983471,0
106.04,-0.20504857240447083,0
106.05,-1.1234414592568476,0
106.06,-0.119776440144722,0
106.07000000000001,-0.17315044582258143,0
106.08,0.4758630590153378,0
106.09,-0.323966521919707,0
106.10000000000001,-0.27440616490695224,0
106.11,0.4438431421520879,0
106.12,0.7623334094944493,0
106.13,-0.25684523062527426,0
106.14,-0.052657580354904504,0
106.15,0.05834522999310872,0
106.16,0.12826339995871677,0
106.17,-0.193099079546305,0
106.18,0.5487452305236173,0
106.19,-0.9545367297522448,0
106.2,-0.5483178630391169,0
106.21000000000001,0.016014823907711043,0
106.22,0.16201983750366322,0
106.23,0.6753970237943588,0
106.24000000000001,0.7214191590502342,0
106.25,-0.05726103417531392,0
106.26,0.5923295587915153,0
106.27,-0.3177798905640774,0
106.28,0.33064791551608447,0
106.29,0.9611640300684969,0
106.3,0.8015991202135402,0
106.31,0.1710063578752718,0
106.32000000000001,-0.21967962495212665,0
106.33,-0.9547233785511909,0
106.34,-0.15910977503240342,0
106.35000000000001,-0.7194995306083763,0
106.36,-0.6881040755485363,0
106.37,-0.8920245421552213,0
106.38,-0.5540931089514598,0
106.39,-0.23935719657785937,0
106.4,-9.648529022032726e-05,0
106.41,-0.40580898427226386,0
106.42,0.3819577026312883,0
106.43,-0.10143580632615459,0
106.44,-0.5309247986596126,0
106.45,-0.09832581732620771,0
106.46000000000001,0.9349490587568386,0
106.47,0.32606428204660454,0
106.48,-0.19790237805342487,0
106.49000000000001,-0.9491148527182762,0
106.5,-0.4403630445690899,0
106.51,-0.07125003631616257,0
106.52,-0.3105069704879756,0
106.53,-1.050823895063704,0
106.54,-0.8020103782774418,0
106.55,0.4877147845770034,0
106.56,0.7991819888836297,0
106.57000000000001,-0.3588009671733307,0
106.58,0.18210940430926126,0
106.59,-0.6685883158936687,0
106.60000000000001,0.49418950769688785,0
106.61,0.16760571518644377,0
106.62,0.46105348465599305,0
106.63,-0.8846767852598593,0
106.64,0.0530767906989649,0
106.65,-0.07746419756355931,0
106.66,0.3476424468205641,0
106.67,0.48740916423123193,0
106.68,0.07015717220461004,0
106.69,-0.3891784347328251,0
106.7,0.23113927674145657,0
106.71000000000001,-0.06105833730719092,0
106.72,-0.5668890408485101,0
106.73,-0.7185984181035573,0
106.74000000000001,-1.053181309029219,0
106.75,-0.6219599122052895,0
106.76,0.34478886628993266,0
106.77,0.09392744156510482,0
106.78,-0.34563539724598896,0
106.79,0.25518109183577453,0
106.8,-0.4665788962602784,0
106.81,-0.15294526145039353,0
106.82000000000001,-0.22100057622486852,0
106.83,0.27253275031582225,0
106.84,-0.8589548733921173,0
106.85000000000001,-0.7546841822985283,0
106.86,-1.148306567875634,0
106.87,-0.5125598476792972,0
106.88,0.42972225484574217,0
106.89,-0.2490302157687787,0
106.9,-0.42153382343527784,0
106.91,0.2714946670884365,0
106.92,0.5495413810974585,0
106.93,0.002818873627553495,0
106.94,0.2779135293239335,0
106.95,-0.5914904737033126,0
106.96000000000001,0.4984679165109482,0
106.97,1.1813727595940375,0
106.98,0.48537632525002633,0
106.99000000000001,-1.0761951579550169,0
107.0,-0.6539119443389845,0
107.01,0.07526057960924949,0
107.02,-0.2932784857948326,0
107.03,0.5165052226334756,0
107.04,0.3546485041564049,0
107.05,-0.37527976821684866,0
107.06,-0.16438315795745792,0
107.07000000000001,-0.6048653513192185,0
107.08,-0.3362476380149108,0
107.09,-0.46722727215806614,0
107.10000000000001,0.4209437704718715,0
107.11,1.1442089480136841,0
107.12,-0.5640103363879903,0
107.13,-1.2531138280926923,0
107.14,-0.5317987079433972,0
107.15,-1.0295432402169122,0
107.16,-0.3207866678033513,0
107.17,0.23060160866949825,0
107.18,0.7652705974851978,0
107.19,0.21047798289030215,0
107.2,-0.13835819637847813,0
107.21000000000001,-1.1762912713705265,0
107.22,-0.3682967476652822,0
107.23,-0.14230599053998522,0
107.24000000000001,0.21646940015305746,0
107.25,-0.4114249245607237,0
107.26,-0.42281077214583446,0
107.27,-0.9810909337232704,0
107.28,-1.5537931023209843,0
107.29,-1.067114540183751,0
107.3,-1.1914112042596046,0
107.31,-0.20694666564006436,0
107.32000000000001,-0.41609253590794304,0
107.33,-0.479110808535517,0
107.34,-0.7324959599838878,0
107.35000000000001,-1.9930887367411108,0
107.36,0.21642038941855546,0
107.37,-0.5671363438646425,0
107.38,-0.4500006104700622,0
107.39,-0.9758959086464075,0
107.4,0.18497257882093698,0
107.41,0.033957420196506174,0
107.42,-0.5202720367507179,0
107.43,-0.4276629534166047,0
107.44,0.6980292211775575,0
107.45,0.046877516134871344,0
107.46000000000001,-0.17385717294149242,0
107.47,-0.6336061593787189,0
107.48,-1.2561818111770247,0
107.49000000000001,-0.4881467908062911,0
107.5,-0.037605520791211225,0
107.51,0.48723897399310595,0
107.52,-1.1645468916058008,0
107.53,-0.9792691509852849,0
107.54,-0.6430873314602324,0
107.55,-0.25165640553317803,0
107.56,-0.22920646756521396,0
107.57000000000001,-0.2111878533756672,0
107.58,0.07541993503208622,0
107.59,-0.5513149072607202,0
107.60000000000001,0.27047410800625393,0
107.61,0.20926098249870118,0
107.62,-0.20721877251676976,0
107.63,0.7114972726477522,0
107.64,0.917456931442401,0
107.65,0.6368743231072516,0
107.66,-1.5375845107978021,0
107.67,0.36710662032103303,0
107.68,0.42564667473065965,0
107.69,1.085502281302166,0
107.7,0.840950660843518,0
107.71000000000001,0.9613166084410492,0
107.72,0.6187739736156604,0
107.73,0.7834245806838744,0
107.74000000000001,1.1682760296267642,0
107.75,0.31784513027944766,0
107.76,-0.8473794074934963,0
107.77,-0.4651768277859818,0
107.78,0.0017416925766980673,0
107.79,-0.04933379206321256,0
107.8,-0.7658466930266495,0
107.81,-1.1497633232134064,0
107.82000000000001,-0.7718623480231084,0
107.83,0.1474322898669166,0
107.84,0.7886672023055533,0
107.85000000000001,0.5954683332925365,0
107.86,0.6221558125279145,0
107.87,0.022647755109884385,0
107.88,-1.011937882352229,0
107.89,-0.5853105327053773,0
107.9,-0.37405935621200503,0
107.91,-0.4481688275316573,0
107.92,-0.17289676582068295,0
107.93,0.10184042275752606,0
107.94,0.3896883408042681,0
107.95,-0.14074434679758596,0
107.96000000000001,-1.1390882247825405,0
107.97,-0.6320300655187447,0
107.98,-0.22486419836795224,0
107.99000000000001,0.5048128437055236,0
108.0,-0.2663591982259019,0
108.01,0.1161476412970468,0
108.02,0.0932835083755677,0
108.03,-0.04356128752682395,0
108.04,0.39436538168827145,0
108.05,-0.3436412093424708,0
108.06,-0.48255397157878194,0
108.07000000000001,-0.21733800304300652,0
108.08,-0.48562221471470374,0
108.09,0.058716473407018965,0
108.10000000000001,-0.45555853221408704,0
108.11,-0.08383753014723348,0
108.12,-0.16479297106167118,0
108.13,-0.017255854288115935,0
108.14,-0.33968087973242744,0
108.15,-0.3560602793977363,0
108.16,-0.12847551211669725,0
108.17,-0.015120988208085231,0
108.18,-0.09665694364565569,0
108.19,0.7933371201768973,0
108.2,-0.41995726103165,0
108.21000000000001,-0.22989443485685807,0
108.22,-0.9862258861717962,0
108.23,-0.139174463143764,0
108.24000000000001,-0.7194911959505766,0
108.25,-0.4188973798490164,0
108.26,-0.3937012946681848,0
108.27,-0.03970551744894654,0
108.28,-0.3951966156283398,0
108.29,-0.5067349945799886,0
108.3,0.5470208051531059,0
108.31,0.19733250567751426,0
108.32000000000001,-0.3404356863597891,0
108.33,-0.30970109845020644,0
108.34,0.7077448334612688,0
108.35000000000001,-0.03936161606024663,0
108.36,-0.4679936184284495,0
108.37,-0.5728969999788001,0
108.38,-0.5267923331771233,0
108.39,-0.5394528077264271,0
108.4,-0.9075093373262886,0
108.41,-0.916766900515128,0
108.42,-0.7620722750684796,0
108.43,0.033251271888371764,0
108.44,-0.28599730969367526,0
108.45,-0.2731328497061176,0
108.46000000000001,0.5167459854075174,0
108.47,0.7274612515765113,0
108.48,-0.05976304335230412,0
108.49000000000001,-0.4423094113592795,0
108.5,-0.6623532648085849,0
108.51,0.11187813866841831,0
108.52,-0.17252999910224764,0
108.53,-0.34046503750144547,0
108.54,-0.6099563578963093,0
108.55,-0.6539232652860654,0
108.56,-0.08462290996932482,0
108.57000000000001,-0.8132818945991811,0
108.58,0.2348485505329394,0
108.59,-0.3172371144739178,0
108.60000000000001,-0.2506784550150074,0
108.61,-0.8663647907859269,0
108.62,-0.31490839317752717,0
108.63,-0.3453260041863576,0
108.64,-0.20478215966881613,0
108.65,0.6407357714459853,0
108.66,0.16298440637272338,0
108.67,-0.47429239018565167,0
108.68,-0.5892549722450212,0
108.69,0.07771112394584795,0
108.7,0.6190997870667954,0
108.71000000000001,0.21295387936921206,0
108.72,0.3280254879118772,0
108.73,0.3147119953594454,0
108.74000000000001,0.7423541790385727,0
108.75,-0.9446868418243348,0
108.76,0.027071517301794343,0
108.77,0.4385432470340064,0
108.78,-0.6954047612360451,0
108.79,-0.7376480823042499,0
108.8,-0.7296555134826874,0
108.81,-0.662716352303813,0
108.82000000000001,-0.5144307099576095,0
108.83,-0.09165775267950856,0
108.84,0.34581890770805557,0
108.85000000000001,0.5700009358207235,0
108.86,-0.39598743527380353,0
108.87,-0.6411725688282516,0
108.88,0.4480624780281368,0
108.89,0.36403949169278016,0
108.9,0.04272408113422303,0
108.91,0.17031104920189963,0
108.92,-0.0657563841242725,0
108.93,0.17043398217257702,0
108.94,-0.22886972935070654,0
108.95,-0.006604342873895636,0
108.96000000000001,-0.8986291603597332,0
108.97,-0.6835098607846977,0
108.98,-0.6240170584638187,0
108.99000000000001,-0.4480115176912317,0
109.0,-0.6980592492240236,0
109.01,-0.5513250659406941,0
109.02,-1.0370135987280722,0
109.03,-0.059778618948302054,0
109.04,-0.15163755984258076,0
109.05,-1.0387680276598492,0
109.06,-0.7970678566116833,0
109.07000000000001,-0.1128383487600842,0
109.08,-0.41023534553431834,0
109.09,-0.5665760976070915,0
109.10000000000001,-0.2742625747284715,0
109.11,0.021492902618541657,0
109.12,-0.8524781738005529,0
109.13,-0.013123788551291829,0
109.14,-0.5224562056881169,0
109.15,-0.2331760964842842,0
109.16,-0.1701951167288111,0
109.17,-0.41629250233636717,0
109.18,-0.7422942640731854,0
109.19,-0.43082180257953884,0
109.2,0.6647062794296121,0
109.21000000000001,-0.6521209998106433,0
109.22,0.6450045775787803,0
109.23,-0.07026472285932965,0
109.24000000000001,-0.09195859847174392,0
109.25,-0.6949540933598434,0
109.26,-0.6777430351143188,0
109.27,-0.5305529500238263,0
109.28,-0.7828314145473239,0
109.29,-0.40031148563858104,0
109.3,-0.41019929293868423,0
109.31,0.7896615221164517,0
109.32000000000001,-0.5169253444568285,0
109.33,-0.16798706181212864,0
109.34,-0.003475546548092151,0
109.35000000000001,-0.6643415157996697,0
109.36,0.10616161001741493,0
109.37,-0.27911916404902526,0
109.38,-1.4906250029728623,0
109.39,-0.11484660895883059,0
109.4,-0.7171290422019803,0
109.41,-0.8308898714430086,0
109.42,0.06495554764535134,0
109.43,-0.2623143824240627,0
109.44,0.3294663547547215,0
109.45,0.6330981448963249,0
109.46000000000001,-0.2789205282104502,0
109.47,0.25893868823948507,0
109.48,-0.4313696192099125,0
109.49000000000001,0.9875522229518086,0
109.5,-0.21597757297649325,0
109.51,0.3985682879828768,0
109.52,0.45510158930740136,0
109.53,0.1881915523488126,0
109.54,-0.40397503998190454,0
109.55,-0.27557667153057885,0
109.56,-1.3097374007217093,0
109.57000000000001,-0.30192781744864594,0
109.58,0.01667218827925787,0
109.59,-0.01879042107495399,0
109.60000000000001,-1.6821627060567157,0
109.61,-1.1886347723345076,0
109.62,-0.7896648455209516,0
109.63,-0.1362421485382687,0
109.64,0.025854818017795378,0
109.65,-0.17837745602246205,0
109.66,0.1994820690292418,0
109.67,-0.5908770351326053,0
109.68,0.08299185696600606,0
109.69,0.17928119518353652,0
109.7,0.1515747011859995,0
109.71000000000001,-0.1533791680866733,0
109.72,0.8422377470389759,0
109.73,0.3788274072459695,0
109.74000000000001,-0.5153652670342371,0
109.75,-0.0910321484599766,0
109.76,0.2835205652866911,0
109.77,-0.3367767229709347,0
109.78,0.40139029246912117,0
109.79,0.2092796109524122,0
109.8,-1.2896696496832671,0
109.81,-0.25739187508581085,0
109.82000000000001,-0.3751561018334065,0
109.83,0.09767187144593589,0
109.84,0.4326164046599983,0
109.85000000000001,0.11743262181319364,0
109.86,0.8214885464610059,0
109.87,0.015506468340655305,0
109.88,0.24189325857840294,0
109.89,0.39438985227004764,0
109.9,-0.04800928017670544,0
109.91,0.30793298359983623,0
109.92,-0.33451332969876435,0
109.93,-0.40349598755303073,0
109.94,-0.8946783390829132,0
109.95,-0.18999142691634174,0
109.96000000000001,0.030806634715823428,0
109.97,0.5407745665554161,0
109.98,0.46155454957391673,0
109.99000000000001,-0.1312467656748649,0
110.0,-0.7552283276945834,0
110.01,-0.05331618478410885,0
110.02,0.4831462444749639,0
110.03,0.42788657947957937,0
110.04,0.5894088676450872,0
110.05,-0.06059432281397817,0
110.06,-0.35877016108473203,0
110.07000000000001,-0.5772716397285467,0
110.08,-0.2692605489173995,0
110.09,-0.20436591151146402,0
110.10000000000001,-0.03624936409443835,0
110.11,-0.17316136880887645,0
110.12,-0.20971795791136072,0
110.13,-0.5613351164539379,0
110.14,0.2658002656508705,0
110.15,0.011864869693146624,0
110.16,-0.18528758991528016,0
110.17,-0.5397330595552485,0
110.18,-0.939625144592135,0
110.19,0.36620697791445733,0
110.2,0.2914702065792343,0
110.21000000000001,-0.8873944999811523,0
110.22,0.08906046860191269,0
110.23,0.4180053529704245,0
110.24000000000001,0.07520013211531998,0
110.25,0.774292095133833,0
110.26,0.21340322899879122,0
110.27,-0.7967606046415825,0
110.28,-0.10035014545087767,0
110.29,0.009681220030311882,0
110.3,-0.4145265097872618,0
110.31,0.10611634012967022,0
110.32000000000001,-0.9572759898584197,0
110.33,0.19245583388407372,0
110.34,-0.5152759163213706,0
110.35000000000001,-0.7491188726583313,0
110.36,-0.34369905851754246,0
110.37,0.048822697455019576,0
110.38,0.00365293070581299,0
110.39,-0.4904492000702304,0
110.4,-0.4880151298371461,0
110.41,-0.8213033610880349,0
110.42,-0.42091259068113923,0
110.43,0.3712995648344287,0
110.44,-0.005426339419888002,0
110.45,0.36030858287164735,0
110.46000000000001,0.7691043167723901,0
110.47,-0.21691186197498005,0
110.48,-0.249654243418255,0
110.49000000000001,0.9977315720102435,0
110.5,0.9224830532759151,0
110.51,-0.7561291291503699,0
110.52,-0.07901979057842043,0
110.53,-0.11563635765349063,0
110.54,0.3150046721189994,0
110.55,-0.4141998561150214,0
110.56,-0.646916551021995,0
110.57000000000001,-0.6180281171788926,0
110.58,-0.5553685759624081,0
110.59,0.19903529887066407,0
110.60000000000001,-0.6756056855836989,0
110.61,-0.596820438888177,0
110.62,-1.1982942768253948,0
110.63,0.1403531839452052,0
110.64,0.6155357715083596,0
110.65,-0.11673682415813896,0
110.66,-0.28431721201930804,0
110.67,0.07379102369406293,0
110.68,0.7071532451044629,0
110.69,0.2978580367292415,0
110.7,-0.3935527952813134,0
110.71000000000001,-1.057041637883165,0
110.72,-0.9546995758928207,0
110.73,-0.29629986000450004,0
110.74000000000001,-0.519698566455702,0
110.75,-0.12275780061957,0
110.76,-0.42182297693239545,0
110.77,-0.7656596745629686,0
110.78,-0.9149510688719029,0
110.79,0.506524005500699,0
110.8,0.503279627619701,0
110.81,0.9505913728162224,0
110.82000000000001,0.4283788245791209,0
110.83,-0.2187243400804623,0
110.84,0.5531894877513233,0
110.85000000000001,0.023810864895381312,0
110.86,0.026660547979593552,0
110.87,-0.11306008052360134,0
110.88,-1.6945365327622803,0
110.89,0.3339809952097874,0
110.9,0.24798787010019308,0
110.91,0.14063360640878375,0
110.92,-0.09476675295294593,0
110.93,-0.03370930415859397,0
110.94,-0.42356951875652593,0
110.95,0.12536627536841144,0
110.96000000000001,-0.761847299431791,0
110.97,-0.1885082130344683,0
110.98,0.15477482358711764,0
110.99000000000001,-0.1642817478476497,0
111.0,0.059231214280793865,0
111.01,-0.6103325197270315,0
111.02,-0.7641610808276921,0
111.03,-0.16224257722646804,0
111.04,0.22350712333822365,0
111.05,-1.03986030279619,0
111.06,-0.07929709375282154,0
111.07000000000001,-0.4064458501768649,0
111.08,-0.3016563954859746,0
111.09,-0.8861446977456751,0
111.10000000000001,-0.7724637038195354,0
111.11,0.2239472542130861,0
111.12,-0.023966051478907124,0
111.13,-0.3073094401461002,0
111.14,-0.23635762812446798,0
111.15,0.103915841866946,0
111.16,0.16301937626553115,0
111.17,-0.09675921508629896,0
111.18,0.4602687536488488,0
111.19,0.5342709615852609,0
111.2,0.2560800648477469,0
111.21000000000001,-0.004541193422764017,0
111.22,0.2512463651074014,0
111.23,0.1324840515119132,0
111.24000000000001,0.5003273653851712,0
111.25,0.5064018960378771,0
111.26,-0.5134046349631216,0
111.27,-0.8044348253580609,0
111.28,-0.672339794909385,0
111.29,0.2539312986862669,0
111.3,-0.8737901390878654,0
111.31,-0.10607917867941144,0
111.32000000000001,0.06867239528794541,0
111.33,0.5384234515391196,0
111.34,0.1327259995658613,0
111.35000000000001,-0.7800622374110687,0
111.36,-0.8038641596747003,0
111.37,-0.9283994268956391,0
111.38,-0.6165739479080685,0
111.39,-0.3495658204017491,0
111.4,-0.8060717187267086,0
111.41,0.48359895403032094,0
111.42,-0.6829424427603243,0
111.43,0.4480079065508199,0
111.44,0.6450183171303234,0
111.45,0.5414868757465295,0
111.46000000000001,-0.3322495908814033,0
111.47,0.0011178802311910263,0
111.48,-0.778173203123389,0
111.49000000000001,0.19231851901290065,0
111.5,-0.08956878825604092,0
111.51,-0.3386391937412345,0
111.52,-0.8346372270721931,0
111.53,-1.6263293832323678,0
111.54,-1.057973365823787,0
111.55,0.22975883544400305,0
111.56,-0.25545590312463645,0
111.57000000000001,-0.2524307513291507,0
111.58,0.18758433749780362,0
111.59,0.9100440456032571,0
111.60000000000001,0.8346678219830159,0
111.61,-0.40761100535848604,0
111.62,-1.2348858136299574,0
111.63,0.8493399013520763,0
111.64,1.322116107919439,0
111.65,0.3323299529133948,0
111.66,-0.6920749297740587,0
111.67,0.24133518939188595,0
111.68,-0.0957898558882617,0
111.69,-0.1827528299538994,0
111.7,0.3319832930889679,0
111.71000000000001,0.1623824484949425,0
111.72,-0.6895926409819757,0
111.73,-0.4440550806384957,0
111.74000000000001,0.1423327064410575,0
111.75,0.20854939652337648,0
111.76,0.09288904271586929,0
111.77,0.42150120266324587,0
111.78,-0.18607365389192831,0
111.79,-0.050212650854692564,0
111.8,-1.9090303188819582,0
111.81,-0.8155948041222697,0
111.82000000000001,0.10400361187282398,0
111.83,-0.28082098462161775,0
111.84,-0.4174310271273756,0
111.85000000000001,-0.7579315791215525,0
111.86,0.24586115304088108,0
111.87,0.25453752544246233,0
111.88,0.40417281552593987,0
111.89,-0.9172705337509436,0
111.9,-0.4138270601891587,0
111.91,-0.3517099611146506,0
111.92,-0.33644610307511413,0
111.93,-0.5112922475521179,0
111.94,-0.41128018753633944,0
111.95,0.2504812653221085,0
111.96000000000001,-1.0552248537013735,0
111.97,0.5834613486857954,0
111.98,0.304303297927629,0
111.99000000000001,-0.04571185460074806,0
112.0,0.3722287292725983,0
112.01,-0.779380309984796,0
112.02,-0.6481260223194691,0
112.03,-0.32583266832925584,0
112.04,0.5464066706078687,0
112.05,0.01247656492065402,0
112.06,0.1434051830526462,0
112.07000000000001,-0.3775240625639886,0
112.08,0.06545589131913815,0
112.09,0.8101096368029774,0
112.10000000000001,0.6332171256421129,0
112.11,0.015442990100464571,0
112.12,0.2640805019192122,0
112.13,0.2740455503712114,0
112.14,0.2387447040604073,0
112.15,0.5522782832509914,0
112.16,0.6266608879156071,0
112.17,-0.01065288248605277,0
112.18,0.2395385946406607,0
112.19,-0.2437679683549972,0
112.2,-0.6521713102087454,0
112.21000000000001,-0.40623817573247867,0
112.22,-0.2418804344516997,0
112.23,-1.0450402191656185,0
112.24000000000001,0.09715796987095399,0
112.25,-1.5491677005817248,0
112.26,0.9586651185218432,0
112.27,0.9396716503872812,0
112.28,-0.003896142009912784,0
112.29,-0.09579144078487559,0
112.3,0.03753851481844786,0
112.31,-0.40424036460332063,0
112.32000000000001,-0.09837946799555039,0
112.33,-0.20119527902592546,0
112.34,-0.2004371990525765,0
112.35000000000001,-0.05342920238406915,0
112.36,-0.8128308668194565,0
112.37,-0.28212865125427866,0
112.38,-0.08350311617556941,0
112.39,-0.05229086564044051,0
112.4,-0.22806163899259235,0
112.41,0.4488630892632693,0
112.42,-0.17620686675460276,0
112.43,-0.02310222503503742,0
112.44,0.5849521584208915,0
112.45,0.0038192220989612946,0
112.46000000000001,0.014996504867848232,0
112.47,-0.14776592770878702,0
112.48,0.521795374409852,0
112.49000000000001,-0.1070239576423462,0
112.5,0.55643085555803,0
112.51,-0.016320384381677405,0
112.52,-0.5620557858249722,0
112.53,0.12097384830243818,0
112.54,-0.2323244259457991,0
112.55,0.17201674549326468,0
112.56,-1.5108596471712648,0
112.57000000000001,-0.4753219795245899,0
112.58,-0.46398469492908523,0
112.59,-0.7826361859399963,0
112.60000000000001,-0.5907157980194617,0
112.61,-0.5536516122957933,0
112.62,-0.26444165237387257,0
112.63,-0.8947535927606503,0
112.64,-0.1557742265831321,0
112.65,0.5880821258244947,0
112.66,0.1960740238722776,0
112.67,0.37926358700148466,0
112.68,0.5771201056053742,0
112.69,0.7021464050444115,0
112.7,1.0708245081107501,0
112.71000000000001,-0.098782265897576,0
112.72,-0.507978281088097,0
112.73,0.18954485032364396,0
112.74000000000001,0.3238603755170223,0
112.75,0.3933180655713827,0
112.76,1.0036986226633784,0
112.77,0.1562203388179418,0
112.78,0.16522040726377368,0
112.79,-0.5815830546670282,0
112.8,0.8909221985302427,0
112.81,-0.05732600576448896,0
112.82000000000001,-0.27932067011601014,0
112.83,-0.35535881341427633,0
112.84,-0.5331603456285879,0
112.85000000000001,-0.6226506457037823,0
112.86,-0.5354820211706759,0
112.87,-0.9621520440684624,0
112.88,-0.7597132854569816,0
112.89,0.7469786287478243,0
112.9,0.4775037089429281,0
112.91,0.5114306173530228,0
112.92,0.6537222420210521,0
112.93,1.0391126131084019,0
112.94,-0.7846445376908462,0
112.95,-0.952213620976847,0
112.96000000000001,-0.7671795758476827,0
112.97,-0.5430761560719456,0
112.98,-0.39698499871600534,0
112.99000000000001,-0.4384482663176228,0
113.0,-0.09401162122341773,0
113.01,-0.10591466650764347,0
113.02,-0.5126399580430012,0
113.03,-1.3879611244311996,0
113.04,-0.9769911192008386,0
113.05,-0.6380184641082738,0
113.06,-0.3923833332949008,0
113.07000000000001,-0.801002188998822,0
113.08,-0.5629593558988288,0
113.09,-0.8443859410265723,0
113.10000000000001,-0.3794736127708849,0
113.11,-0.7677195946995422,0
113.12,-0.7454121620944627,0
113.13,-0.9847024170323256,0
113.14,-0.4293674668341075,0
113.15,-0.6702214744721277,0
113.16,0.21385520808825423,0
113.17,0.1680910895047864,0
113.18,-0.09669635835338652,0
113.19,-0.5504020153419139,0
113.2,-0.03651711497615692,0
113.21000000000001,0.25711795402663007,0
113.22,0.038672557480268294,0
113.23,0.7620840996155116,0
113.24000000000001,0.3336641410970014,0
113.25,0.46829592645832474,0
113.26,0.08653598149410716,0
113.27,0.27976466828188806,0
113.28,-0.4560754702110775,0
113.29,-0.45985283536793464,0
113.3,-0.03065362319448467,0
113.31,0.07275971168122344,0
113.32000000000001,0.18673611525785475,0
113.33,0.5308889422835238,0
113.34,-0.7279361841256979,0
113.35000000000001,-0.8027434717671423,0
113.36,-0.18027750861501515,0
113.37,-0.5326836786181016,0
113.38,1.563726444979454,0
113.39,0.563669333240455,0
113.4,-0.0027156993853912625,0
113.41,-0.3771215094571019,0
113.42,-0.4519386815721097,0
113.43,-0.19890660921736233,0
113.44,-0.09208313841256058,0
113.45,-0.368237859099917,0
113.46000000000001,-0.339549230190151,0
113.47,0.5289471223386153,0
113.48,0.7674721350359787,0
113.49000000000001,0.22400488210067238,0
113.5,-0.7603647491233032,0
113.51,-0.0054350389942125765,0
113.52,0.7242178336178395,0
113.53,0.8083598167505536,0
113.54,0.49102851060767194,0
113.55,0.77806061928206,0
113.56,0.120739612077674,0
113.57000000000001,0.2624495852637026,0
113.58,-0.39916453042415845,0
113.59,-0.04640714220034714,0
113.60000000000001,0.5941466830410542,0
113.61,-0.26764503800909867,0
113.62,-0.6279708502912081,0
113.63,-0.20740468308691443,0
113.64,-0.2749026537041463,0
113.65,0.1746048749884572,0
113.66,-0.3001065041645789,0
113.67,0.7377043378085285,0
113.68,-0.6047880425489132,0
113.69,0.4140271691918117,0
113.7,-0.40625361835978846,0
113.71000000000001,-1.160456227295098,0
113.72,-0.2659234393351605,0
113.73,-0.30457234054506366,0
113.74000000000001,-0.7695703763319037,0
113.75,-1.1903236790730045,0
113.76,-0.4045894628693638,0
113.77,0.31594658267331177,0
113.78,0.28790400964876617,0
113.79,-0.00043407485873478424,0
113.8,0.15226892739083733,0
113.81,-0.0790683666567916,0
113.82000000000001,-0.8838060599247983,0
113.83,-1.0803053987624294,0
113.84,-0.4809658759096257,0
113.85000000000001,-0.3085074410649594,0
113.86,0.273321643816735,0
113.87,0.3688745591331499,0
113.88,0.31170899600137647,0
113.89,-0.17411469708965852,0
113.9,-0.8815733368707939,0
113.91,-0.10376693567737866,0
113.92,0.15089621835052305,0
113.93,-1.3371034406084137,0
113.94,-0.8814578906890798,0
113.95,-0.6912599932198636,0
113.96000000000001,-0.21269123039225618,0
113.97,-0.5839095399526735,0
113.98,-0.2692215206797169,0
113.99000000000001,-0.28237588887316833,0
114.0,-0.2583169997956902,0
114.01,-0.5490718416475855,0
114.02,-0.5805544674528529,0
114.03,-0.8234403759275295,0
114.04,-0.10649934483237258,0
114.05,0.1744518598196865,0
114.06,-0.4698407917677373,0
114.07000000000001,0.589244642524811,0
114.08,-0.12333171300183438,0
114.09,0.6809213101854652,0
114.10000000000001,-0.2748654299663916,0
114.11,-1.2510977368219152,0
114.12,-0.20176420282410004,0
114.13,-0.02127320261310378,0
114.14,-0.09021045052926917,0
114.15,-0.46778894789855363,0
114.16,-0.2385999476260609,0
114.17,-0.43517227420192484,0
114.18,-0.37308030938062764,0
114.19,0.2516364699698719,0
114.2,0.05770221852660856,0
114.21000000000001,0.23592030236195416,0
114.22,-0.16784067856953516,0
114.23,-0.32745581212216085,0
114.24000000000001,-0.7995101167558899,0
114.25,-0.5003278799199916,0
114.26,-1.9971019421583047,0
114.27,-0.9170156932456128,0
114.28,-0.3762977139683248,0
114.29,0.10264206597870168,0
114.3,-0.22089613712637413,0
114.31,0.026431509401096898,0
114.32000000000001,-1.2577158154210488,0
114.33,-0.4482226649849187,0
114.34,-1.1099927164258652,0
114.35000000000001,-1.0245215998452966,0
114.36,-0.45937846042975017,0
114.37,0.46121853247595224,0
114.38,0.20937640903793353,0
114.39,-0.04157266349302052,0
114.4,-0.12443570263324033,0
114.41,-0.5147998432671871,0
114.42,-0.5220651607767466,0
114.43,-0.006614835514773931,0
114.44,-0.8431147452512835,0
114.45,0.0013192659579096266,0
114.46000000000001,-0.31030450176917285,0
114.47,0.25830505933153686,0
114.48,0.4726189603105245,0
114.49000000000001,-0.876611187147287,0
114.5,-0.6326711674834532,0
114.51,-0.7175888865787201,0
114.52,-1.2485774931927194,0
114.53,-0.9658598136789805,0
114.54,0.9547183292310011,0
114.55,0.45937736925745165,0
114.56,1.031963732713685,0
114.57000000000001,0.5955948320049331,0
114.58,-0.35009534630010664,0
114.59,-0.3947831144901339,0
114.60000000000001,0.11069832475242944,0
114.61,0.1566769644316908,0
114.62,-0.37228696373753123,0
114.63,-1.0012136881754934,0
114.64,1.396511606860543,0
114.65,0.1699110313916517,0
114.66,-0.23505549130508518,0
114.67,-0.10249120404825986,0
114.68,-0.258982334833015,0
114.69,-0.10350220752126188,0
114.7,0.5553390429074043,0
114.71000000000001,-0.0316378840409776,0
114.72,-0.7312559436291606,0
114.73,-0.3730732382320689,0
114.74000000000001,-0.4447728510059539,0
114.75,0.5428728796152273,0
114.76,0.6551541584305952,0
114.77,0.11680723312358438,0
114.78,-0.7560281557072962,0
114.79,-0.9461118567550642,0
114.8,-0.3327642307145437,0
114.81,-0.00839306759591013,0
114.82000000000001,-0.3059198241578519,0
114.83,-0.4365247494957193,0
114.84,-0.529171087366002,0
114.85000000000001,-0.24912015310322805,0
114.86,-1.4355699848846453,0
114.87,-1.049788608943828,0
114.88,-0.7007905044596794,0
114.89,0.36340786443194667,0
114.9,-0.4469806934967868,0
114.91,-0.12010352325525349,0
114.92,-0.01386361310390341,0
114.93,0.5832248928108188,0
114.94,0.7136620005938346,0
114.95,0.04326630778816967,0
114.96000000000001,-0.34693830103224343,0
114.97,-0.5448072473535732,0
114.98,-0.3691502817905671,0
114.99000000000001,-0.42801506016971747,0
115.0,0.0832172623410006,0
115.01,0.1400134308439926,0
115.02,0.24552208221544938,0
115.03,0.6273416186559737,0
115.04,1.0442114301640486,0
115.05,0.22275758964428502,0
115.06,0.5364941276559116,0
115.07000000000001,-0.15786184930510108,0
115.08,0.4868630331172188,0
115.09,0.582261831476975,0
115.10000000000001,0.5778220730226388,0
115.11,0.08977517408967825,0
115.12,-0.4382717452185748,0
115.13,-0.9570101361675832,0
115.14,-0.3653958688278579,0
115.15,0.6201966850439992,0
115.16,-0.11480702947399091,0
115.17,0.28453755053116125,0
115.18,0.41568463352464424,0
115.19,-0.15205066573260667,0
115.2,0.5580730678954362,0
115.21000000000001,-1.5143755365255376,0
115.22,-1.1346962911571963,0
115.23,-0.8762406132431887,0
115.24000000000001,-0.7605626261576204,0
115.25,-0.11605939896343798,0
115.26,0.020434660919359,0
115.27,0.10990147261526859,0
115.28,0.23987350903017832,0
115.29,-0.5510471850987663,0
115.3,-0.8915500381965897,0
115.31,-0.11691507196777168,0
115.32000000000001,-0.469946423658867,0
115.33,-1.058931873507912,0
115.34,0.14741494643491815,0
115.35000000000001,0.674652412111978,0
115.36,0.8927488145874145,0
115.37,0.21760304622786522,0
115.38,0.28254423941399076,0
115.39,0.6949366858457697,0
115.4,-0.27305977600814557,0
115.41,0.41797757100515937,0
115.42,0.1459051364284022,0
115.43,0.4177974891791282,0
115.44,0.0982730775954073,0
115.45,0.6095782839764541,0
115.46000000000001,0.16612159108473276,0
115.47,-0.8540628703040001,0
115.48,0.4543492696398565,0
115.49000000000001,-0.4963581159474588,0
115.5,0.4378412679603496,0
115.51,-0.04397886936274929,0
115.52,0.5098760259903404,0
115.53,0.6263619112278405,0
115.54,0.2802306097317362,0
115.55,0.23542967308703658,0
115.56,0.17846631685944123,0
115.57000000000001,-1.1332864956612638,0
115.58,-0.3257918504349586,0
115.59,-0.7812914019364675,0
115.60000000000001,-0.20967435709494703,0
115.61,-0.7666051308628111,0
115.62,-0.9282239955578493,0
115.63,0.5170693770017546,0
115.64,0.5932123182354422,0
115.65,0.04050894733353097,0
115.66,0.0029203596016357802,0
115.67,-0.23691122649176347,0
115.68,0.13861952614539672,0
115.69,-0.4310143597412822,0
115.7,0.31578703330874314,0
115.71000000000001,-0.16150650642504782,0
115.72,-0.369650084689761,0
115.73,-0.1865542484867254,0
115.74000000000001,-0.46716424677815555,0
115.75,-0.04748981520798354,0
115.76,-0.4037851099164011,0
115.77,0.04279641695028605,0
115.78,0.552488331995497,0
115.79,-0.3507335466051571,0
115.8,-0.26302533824769714,0
115.81,0.07409818663388287,0
115.82000000000001,-0.31941955739636374,0
115.83,0.06156306821601962,0
115.84,0.20529676729039403,0
115.85000000000001,0.5223214369301751,0
115.86,-0.29802279857713565,0
115.87,-0.6824731452971796,0
115.88,-0.440334809782567,0
115.89,-0.7313809152121709,0
115.9,0.011820655036748479,0
115.91,-0.7216818483243026,0
115.92,0.9560151485915513,0
115.93,0.8231390020148236,0
115.94,0.1064755811198862,0
115.95,0.38251660111210506,0
115.96000000000001,-0.8820600553509137,0
115.97,1.0172213893370938,0
115.98,-0.16606760725115147,0
115.99000000000001,-0.2117630424771908,0
116.0,-1.1473817265764807,0
116.01,-0.1339855653811048,0
116.02,-0.7287829429507442,0
116.03,-0.2341938695133285,0
116.04,-0.4545412305551253,0
116.05,-0.7937334066300434,0
116.06,-0.7329597065552558,0
116.07000000000001,-0.1691893943277853,0
116.08,-0.8309399561342304,0
116.09,-0.7127210947762503,0
116.10000000000001,0.06880466354701936,0
116.11,1.2968678887138403,0
116.12,0.4722904535901492,0
116.13,-0.4766748106122519,0
116.14,-0.42095713363464726,0
116.15,-0.19471812618174017,0
116.16,-0.3410755982527357,0
116.17,0.2893125324967962,0
116.18,0.08179773541198085,0
116.19,0.39755627864430854,0
116.2,-0.17443365197333474,0
116.21000000000001,0.5558829924703965,0
116.22,-0.0560866057404886,0
116.23,-0.6376261412946395,0
116.24000000000001,0.8936677869389031,0
116.25,-0.8548871458411893,0
116.26,-0.7135790786338061,0
116.27,-0.6187757984439337,0
116.28,1.0745871435876455,0
116.29,1.1243687666416873,0
116.3,0.9701538700739814,0
116.31,-0.04007022171492092,0
116.32000000000001,1.175472714190666,0
116.33,0.38348002762840605,0
116.34,0.5097349943323682,0
116.35000000000001,0.11655211032558213,0
116.36,-0.10379399299803267,0
116.37,-0.26663239558362073,0
116.38,-0.28491520869041687,0
116.39,0.1461844655642537,0
116.4,0.125449464912998,0
116.41,-0.09205421805861286,0
116.42,0.6741906676343608,0
116.43,-1.518036724093418,0
116.44,-0.214673643130998,0
116.45,0.22184190992937095,0
116.46000000000001,0.5595343550080987,0
116.47,-0.0014003793360968242,0
116.48,0.0036236284121721474,0
116.49000000000001,0.4191937262858132,0
116.5,0.7921192741166492,0
116.51,-0.0688072937441383,0
116.52,0.018167731834298345,0
116.53,0.7916239061989814,0
116.54,-1.040044294974437,0
116.55,-0.7343114306494581,0
116.56,0.49017379059167643,0
116.57000000000001,0.5974874345137517,0
116.58,0.3207082107725657,0
116.59,-0.2656139203369738,0
116.60000000000001,-0.6429134324121566,0
116.61,-0.5824952393563019,0
116.62,0.5718081466832889,0
116.63,-0.29866591358146455,0
116.64,-0.12761841852123773,0
116.65,-0.5402568370897225,0
116.66,0.20675314392376495,0
116.67,-0.34220502224447163,0
116.68,-0.2445391218251498,0
116.69,-1.0646237947502737,0
116.7,-1.2323731554313346,0
116.71000000000001,-0.4110618998417042,0
116.72,-0.9155262029099505,0
116.73,0.7850703090826586,0
116.74000000000001,-1.0086599591745402,0
116.75,-0.7853933850194662,0
116.76,-0.2945743872343006,0
116.77,-0.3752225345744948,0
116.78,-0.7889476943706139,0
116.79,-0.8145258755685996,0
116.8,-0.8383612003985039,0
116.81,-0.46946414256485164,0
116.82000000000001,0.8149076126448367,0
116.83,0.13802107845228376,0
116.84,0.5572184063919499,0
116.85000000000001,0.30205150324900143,0
116.86,0.561435154673211,0
116.87,-1.4579822556110336,0
116.88,-0.6339044298740856,0
116.89,0.4303325116712602,0
116.9,-0.30418609973745353,0
116.91,0.7552199832050321,0
116.92,0.8717035189912433,0
116.93,-0.13924068369612236,0
116.94,-0.4101130923133799,0
116.95,-0.749672381191981,0
116.96000000000001,-0.6300751613137425,0
116.97,-0.9213044823735574,0
116.98,-0.10937031536750269,0
116.99000000000001,-0.9101524667273566,0
117.0,-0.013455491213389209,0
117.01,0.22367109960072928,0
117.02,-0.9361836804374888,0
117.03,0.48382288392023165,0
117.04,0.28699404193619704,0
117.05,0.363499867124243,0
117.06,-0.42064271133602493,0
117.07000000000001,0.11876387755810544,0
117.08,0.5220084242359142,0
117.09,-0.029549519034151983,0
117.10000000000001,0.9511551893101339,0
117.11,0.15369070607949903,0
117.12,0.5383548043932453,0
117.13,0.18303732787512825,0
117.14,0.2499688979156229,0
117.15,-0.93516469371383,0
117.16,-0.14381798691083855,0
117.17,-0.5349929513506815,0
117.18,-0.6921357975240066,0
117.19,0.6480994361789401,0
117.2,-0.05949058997570117,0
117.21000000000001,-0.6568537434341281,0
117.22,-0.46316348169767835,0
117.23,-0.9160384640402914,0
117.24000000000001,0.42686005918711484,0
117.25,-0.3714959861008889,0
117.26,0.08124814237893754,0
117.27,0.6347257092683758,0
117.28,-0.21544055851818852,0
117.29,0.12167530841721641,0
117.3,-0.6259356379963102,0
117.31,1.0381650040227388,0
117.32000000000001,0.650375033818152,0
117.33,-0.047809656548164284,0
117.34,-0.5313593724930018,0
117.35000000000001,-0.30140487154739937,0
117.36,-0.3642744208834108,0
117.37,0.8410611987365039,0
117.38,-0.5502690446395907,0
117.39,-0.17368671420405263,0
117.4,-0.16110529047951416,0
117.41,-0.21073136044819912,0
117.42,-0.21846690990200335,0
117.43,-0.22438233978634586,0
117.44,0.30087708998320384,0
117.45,0.2915472747819574,0
117.46000000000001,0.1879824474044251,0
117.47,-1.676711985883127,0
117.48,-0.36753997117737136,0
117.49000000000001,-1.0815963986687747,0
117.5,-0.034247842138903445,0
117.51,0.6686109989238141,0
117.52,-0.4341628009553772,0
117.53,-0.35602055139291316,0
117.54,-0.516267326908471,0
117.55,0.4207481575993074,0
117.56,0.04768506046525264,0
117.57000000000001,0.8241981136663291,0
117.58,0.3182570964482673,0
117.59,0.10053472189017174,0
117.60000000000001,-0.046698297700804,0
117.61,0.3157688625389499,0
117.62,-0.9546146771455247,0
117.63,-0.30139445135823084,0
117.64,-0.2208518736994694,0
117.65,0.22288543137798553,0
117.66,-0.15246061312604697,0
117.67,-0.6995136440076428,0
117.68,-0.27921130673188094,0
117.69,-0.754712467146029,0
117.7,-1.322218493169506,0
117.71000000000001,-0.051618271539020044,0
117.72,0.18717263988968721,0
117.73,0.18723058404914403,0
117.74000000000001,0.6323464909982888,0
117.75,-0.30439414125395836,0
117.76,-0.9465565078257132,0
117.77,-0.38228317050881233,0
117.78,-0.38898906382647647,0
117.79,-0.6541729075776789,0
117.8,-0.3144506013802204,0
117.81,-0.5127101723671594,0
117.82000000000001,-1.2143225922285832,0
117.83,-0.6469416870133697,0
117.84,-0.8753254391516531,0
117.85000000000001,-0.2039121311430676,0
117.86,-0.5087924476285617,0
117.87,0.3563207159305733,0
117.88,0.8347200089327486,0
117.89,0.46198794634835194,0
117.9,-0.8189768447371033,0
117.91,0.4883166745965658,0
117.92,0.8526856193421671,0
117.93,0.11464667005282955,0
117.94,0.6246239267547595,0
117.95,-0.24618409777188385,0
117.96000000000001,-1.1639524663548653,0
117.97,-0.8044422322908868,0
117.98,0.6112160633968369,0
117.99000000000001,-0.7498466038009215,0
118.0,-0.29632570967854027,0
118.01,-0.1645187763238558,0
118.02,-0.42293774956739527,0
118.03,-0.45056753338441285,0
118.04,-0.18281990660372108,0
118.05,-0.453740436721306,0
118.06,-0.979406521559404,0
118.07000000000001,-0.2390256984549572,0
118.08,0.40315198318473894,0
118.09,0.45515796274137543,0
118.10000000000001,-0.4261420843698875,0
118.11,-0.8815882650690238,0
118.12,-0.48047782289299057,0
118.13,0.6060331577851614,0
118.14,0.3865495814987503,0
118.15,0.3627501223160845,0
118.16,0.45578362114662907,0
118.17,0.22922404421623108,0
118.18,0.012728651281875974,0
118.19,0.24706747545769436,0
118.2,-0.3379129981600608,0
118.21000000000001,-0.9465675332192964,0
118.22,0.03953078913583771,0
118.23,0.5601624576023307,0
118.24000000000001,-0.564327322613652,0
118.25,0.18773956353671492,0
118.26,0.8331104146436956,0
118.27,0.09817937564006618,0
118.28,-0.5199828003670917,0
118.29,-0.1734072208844788,0
118.3,-0.4454644250969172,0
118.31,-0.5487410884309842,0
118.32000000000001,-0.015454557843356004,0
118.33,-0.9668716614633095,0
118.34,-1.1196370561162083,0
118.35000000000001,-0.3786228637127417,0
118.36,-0.21553297969256688,0
118.37,0.020063989535390875,0
118.38,0.8946213916163618,0
118.39,0.17028413793597688,0
118.4,0.25207970549391223,0
118.41,-0.5655352023249556,0
118.42,0.1585101369150232,0
118.43,-0.34976444333354184,0
118.44,-0.1584876949848169,0
118.45,-0.20667871052162562,0
118.46000000000001,0.3893240586216326,0
118.47,-0.7093893780377414,0
118.48,-1.502374386190737,0
118.49000000000001,-0.5983864055075236,0
118.5,-0.009229884396912275,0
118.51,-0.030371617488616512,0
118.52,0.5394360271039126,0
118.53,0.2586018996844841,0
118.54,-0.3448023005094119,0
118.55,-1.4337625850583948,0
118.56,-0.5940218648205888,0
118.57000000000001,0.2897046160102519,0
118.58,-0.24557754278972346,0
118.59,-0.15554744853468444,0
118.60000000000001,0.0762575726163752,0
118.61,-0.6308694023652397,0
118.62,0.06491274553988677,0
118.63,0.7787781299404519,0
118.64,-0.00661978931055951,0
118.65,-0.7122166923213792,0
118.66,-0.3228267941146249,0
118.67,-1.3745848139620813,0
118.68,-0.27355862198095304,0
118.69,0.06312710965875235,0
118.7,0.7987718565675112,0
118.71000000000001,-0.01297130565926019,0
118.72,0.10492483678298109,0
118.73,-0.541810127994566,0
118.74000000000001,-0.4346475390463215,0
118.75,-1.0302717506132182,0
118.76,-0.47070507625344643,0
118.77,-0.3896788222463077,0
118.78,-0.0475098309449665,0
118.79,-0.4533991302659345,0
118.8,-0.17840965102398468,0
118.81,-0.3315930432173808,0
118.82000000000001,-0.3688971642036525,0
118.83,-0.15890210885257602,0
118.84,-0.12762898293725267,0
118.85000000000001,0.26395163393039356,0
118.86,-0.10776158445294277,0
118.87,-0.32277921012616795,0
118.88,-0.28650338052863067,0
118.89,-0.5617415835549621,0
118.9,-0.44164232852852303,0
118.91,0.8617016926463273,0
118.92,-0.38016904852744815,0
118.93,-0.3530070908379921,0
118.94,-0.4041832565333749,0
118.95,-0.3422631198543659,0
118.96000000000001,-0.37156167074537927,0
118.97,-0.05379408854133608,0
118.98,-1.0337953813133607,0
118.99000000000001,0.18425355062805393,0
119.0,0.2732985554338289,0
119.01,-0.7031951873706588,0
119.02,-1.4938187672402818,0
119.03,-1.003445908053441,0
119.04,-0.48976525956709827,0
119.05,1.1419701896397678,0
119.06,0.4651018047816191,0
119.07000000000001,-0.9560332921784339,0
119.08,-0.715987161575741,0
119.09,-0.3170566596252997,0
119.10000000000001,-0.05390047169594703,0
119.11,-0.8233662529419573,0
119.12,-0.3874790142973472,0
119.13,-0.588797575731442,0
119.14,-0.8447587011907038,0
119.15,-0.18272414264681722,0
119.16,0.2566482531009343,0
119.17,0.40224935283480423,0
119.18,0.2966372572401651,0
119.19,-0.30052272964151083,0
119.2,0.19556776745419055,0
119.21000000000001,0.10364066775131758,0
119.22,-0.01260387967007362,0
119.23,-0.4387510659240564,0
119.24000000000001,-0.48415291019481443,0
119.25,-0.1915610676489146,0
119.26,1.1415494511432644,0
119.27,0.335921153289212,0
119.28,-0.35139662352032264,0
119.29,-0.6410324200695974,0
119.3,-0.5320567638556015,0
119.31,0.9165465795390119,0
119.32000000000001,-0.09341524497041964,0
119.33,0.3496440120692208,0
119.34,-0.2227356752693208,0
119.35000000000001,-0.026554573452435462,0
119.36,0.3050240208056534,0
119.37,-0.33828090759842705,0
119.38,-0.5359721860743483,0
119.39,0.6394171394403589,0
119.4,0.5741794437490996,0
119.41,0.4545916107191472,0
119.42,0.4228772905934678,0
119.43,0.24042765057827511,0
119.44,1.0246029505550704,0
119.45,0.1694840139387235,0
119.46000000000001,0.23972530289687083,0
119.47,-0.8227979126193076,0
119.48,-0.7550958726284515,0
119.49000000000001,-0.93833689763877,0
119.5,0.33380622906499413,0
119.51,-1.3859679314495377,0
119.52,-0.670846920172972,0
119.53,-1.8720852761029119,0
119.54,-1.020839435482055,0
119.55,-0.6267941586496569,0
119.56,0.47064874190257266,0
119.57000000000001,0.21872656708972646,0
119.58,-0.49915812407355875,0
119.59,0.3327025200723619,0
119.60000000000001,-0.017507805956205547,0
119.61,-0.09455957724993128,0
119.62,-0.7743016648531743,0
119.63,-0.8309979538627962,0
119.64,-0.7573567433430337,0
119.65,-0.2748193115903308,0
119.66,-0.1374588085866376,0
119.67,0.6776796687825549,0
119.68,0.2642275601733687,0
119.69,-1.4860734033398613,0
119.7,-0.34191689285923876,0
119.71000000000001,-0.9679370410295769,0
119.72,-0.8666792315185996,0
119.73,-0.7594684634807124,0
119.74000000000001,-0.6534163023787999,0
119.75,-1.0059760610517263,0
119.76,-0.2534475251841172,0
119.77,-0.9249869246440234,0
119.78,-0.15164011902088254,0
119.79,1.043016106438818,0
119.8,-0.5575244690861827,0
119.81,-0.4012491098489015,0
119.82000000000001,-1.554506644326481,0
119.83,-0.6592579872491364,0
119.84,0.06707412952307851,0
119.85000000000001,0.2901452240893775,0
119.86,0.003337974108560793,0
119.87,0.3639931821794864,0
119.88,1.3364484485661712,0
119.89,1.135552991984613,0
119.9,-0.10480230831060697,0
119.91,-0.9094023978157111,0
119.92,-0.5540864591829846,0
119.93,-0.7532772702685919,0
119.94,-0.05842288970808601,0
119.95,-0.7541029337459895,0
119.96000000000001,-0.3377843170551663,0
119.97,0.25133984030791967,0
119.98,-0.10128318988978707,0
119.99000000000001,-0.6397682455181838,0
120.0,0.35517782224398614,0
120.01,-1.0223469580340543,0
120.02,-0.5406749681887437,0
120.03,-0.2678878936984983,0
120.04,-0.1690416619384061,0
120.05,-0.0566893907949485,0
120.06,0.20035101405421754,0
120.07000000000001,-0.0793331301979785,0
120.08,-0.32641027694317315,0
120.09,-0.4092390546588276,0
120.10000000000001,-0.5385520605443272,0
120.11,0.17416015687677833,0
120.12,-0.411363279305369,0
120.13,0.23748272627418274,0
120.14,-0.041131252268917576,0
120.15,-0.3984966792885384,0
120.16,0.11906442029738865,0
120.17,-0.4682714326029186,0
120.18,0.11213723816587173,0
120.19,0.030660432150316275,0
120.2,-0.4205644480026701,0
120.21000000000001,0.06570225832460763,0
120.22,0.1968229529111856,0
120.23,0.5549372104039361,0
120.24000000000001,0.5425455580509286,0
120.25,0.28655349980513534,0
120.26,-0.6395546537406619,0
120.27,1.0333514528985244,0
120.28,-0.5998633700691038,0
120.29,0.2448165481978699,0
120.3,0.18013680376325142,0
120.31,-0.6909865677482758,0
120.32000000000001,-0.34969732880976445,0
120.33,-0.24012650815760836,0
120.34,0.5244662325799726,0
120.35000000000001,-0.3595249176338383,0
120.36,-0.34016185770180246,0
120.37,-1.439872839500964,0
120.38,0.45305364935020176,0
120.39,-0.5676063640527924,0
120.4,-0.07862511157083044,0
120.41,-0.18448188902671586,0
120.42,-0.20913909806616485,0
120.43,0.26815831398348006,0
120.44,0.846201492521276,0
120.45,0.234628174193027,0
120.46000000000001,0.296650493867191,0
120.47,0.13844307726577523,0
120.48,0.46560901551046796,0
120.49000000000001,-0.2409972608333444,0
120.5,0.4015466132238118,0
120.51,0.5808723788241602,0
120.52,0.6108054827292506,0
120.53,-0.30975941371440974,0
120.54,-0.27800147207284487,0
120.55,-0.052898750361061286,0
120.56,-0.8541763980117707,0
120.57000000000001,0.5248699617805199,0
120.58,0.01373566026764872,0
120.59,0.04368434728323703,0
120.60000000000001,-0.40731226424879674,0
120.61,-0.9194022461458601,0
120.62,-0.6624898776561325,0
120.63,-0.15986761360000634,0
120.64,0.2076716162057146,0
120.65,0.027084634828186765,0
120.66,0.08041403342063386,0
120.67,-0.2703816700770874,0
120.68,0.08566077050835846,0
120.69,0.7000553947118009,0
120.7,0.4393116847968539,0
120.71000000000001,0.4299032911133994,0
120.72,0.15300890195811886,0
120.73,-0.8732785815000046,0
120.74000000000001,-0.8856959465358659,0
120.75,-0.09024796615704742,0
120.76,-0.13945553450703818,0
120.77,0.08829309045169256,0
120.78,0.8037461983132818,0
120.79,0.47648800595230334,0
120.8,0.6784282646549114,0
120.81,0.10892659879613578,0
120.82000000000001,-0.5137474200186962,0
120.83,-0.2703675640859169,0
120.84,-0.6072721357722789,0
120.85000000000001,0.5669007187826246,0
120.86,0.4515014830821489,0
120.87,0.2789252485605507,0
120.88,0.6167666675037637,0
120.89,-1.0327139655149833,0
120.9,-0.056135321105837216,0
120.91,-0.8231663717624054,0
120.92,-0.32082952157311756,0
120.93,-0.3573831469195538,0
120.94,0.15186529199146906,0
120.95,0.04829066888090966,0
120.96000000000001,0.6171950667479157,0
120.97,-0.2774389428513069,0
120.98,0.19705596073772533,0
120.99000000000001,0.024434491324970387,0
121.0,-0.975966472403303,0
121.01,-0.8444190326464737,0
121.02,-0.40215823634604564,0
121.03,0.38055085979849984,0
121.04,0.23083578552948977,0
121.05,-0.6752834303454396,0
121.06,-0.35480754882504184,0
121.07000000000001,0.8745814714401323,0
121.08,0.16659983989679134,0
121.09,-0.2439445354968769,0
121.10000000000001,0.08959422164364275,0
121.11,0.3176377320548983,0
121.12,-0.27481697531376953,0
121.13,0.08762764931601091,0
121.14,-0.26455134733895175,0
121.15,0.20561027956194683,0
121.16,0.030444871348680735,0
121.17,0.1529446707281937,0
121.18,-0.4773932759890034,0
121.19,-0.668055783930597,0
121.2,0.22514705436456775,0
121.21000000000001,-0.09735025227400443,0
121.22,0.016091800025065023,0
121.23,-0.27051108643671057,0
121.24000000000001,0.29960220221138956,0
121.25,-0.3601593209407745,0
121.26,-0.27363788373315145,0
121.27,0.23876781119123663,0
121.28,0.5729410564087742,0
121.29,-0.24708841164434817,0
121.3,0.8704193071853679,0
121.31,0.273001863508531,0
121.32000000000001,-0.5985666172468213,0
121.33,-0.06453535798664936,0
121.34,-0.3315271565359792,0
121.35000000000001,0.03683639386466003,0
121.36,-0.12505773670860038,0
121.37,-0.10316124175052896,0
121.38,-0.6227018161725428,0
121.39,0.2601053192848155,0
121.4,-0.6621196336780479,0
121.41,-0.8674594131745703,0
121.42,-0.132711400057118,0
121.43,0.7089085870277745,0
121.44,-0.12203133072859229,0
121.45,0.23128871028451195,0
121.46000000000001,0.517912068112553,0
121.47,0.45181898892440353,0
121.48,-0.16428741469755306,0
121.49000000000001,-0.7336110350486174,0
121.5,-1.4705235365446765,0
121.51,-0.6191322424589449,0
121.52,0.3610548552221601,0
121.53,-0.6199348785127359,0
121.54,0.10635653612615167,0
121.55,-0.5909521889262306,0
121.56,-0.20280779858697828,0
121.57000000000001,0.21465940168215314,0
121.58,-0.4091077508844934,0
121.59,-0.12306134255773084,0
121.60000000000001,-0.3633950118934973,0
121.61,0.17308340413952505,0
121.62,0.056995804434410074,0
121.63,-0.06725382334920561,0
121.64,0.7014623063573552,0
121.65,0.4164611113729416,0
121.66,-0.3751325329143533,0
121.67,-0.2511251312917847,0
121.68,-0.21482180295719536,0
121.69,-0.12255947613091527,0
121.7,1.2021179177836514,0
121.71000000000001,0.3863836293683439,0
121.72,-1.0992366698621108,0
121.73,-0.6755167239324681,0
121.74000000000001,-1.3095885504843952,0
121.75,-0.6146847016177398,0
121.76,-1.3236473961529267,0
121.77,-0.9067331679545494,0
121.78,-1.1481948939537558,0
121.79,-0.19414886759304503,0
121.8,-0.15993405914667616,0
121.81,0.009665418676720966,0
121.82000000000001,-0.16495517852373495,0
121.83,-0.8954507365246929,0
121.84,-0.062098813556102916,0
121.85000000000001,0.8964181897103809,0
121.86,0.33031027558321036,0
121.87,-0.2559616509823486,0
121.88,-0.936210819952028,0
121.89,-0.8293596573532708,0
121.9,-0.0778146108311521,0
121.91,0.4402802839618368,0
121.92,0.13724638083051238,0
121.93,0.34853072752069303,0
121.94,0.3522423663160618,0
121.95,0.2460492237070424,0
121.96000000000001,-0.40091168748371253,0
121.97,-0.11937598360266449,0
121.98,-0.5934083244897456,0
121.99000000000001,-0.250848631491252,0
122.0,0.0017014516087123233,0
122.01,0.7826492067668352,0
122.02,-0.613608491460131,0
122.03,-0.008779497825297633,0
122.04,0.6748138971751747,0
122.05,0.4610100511939632,0
122.06,0.44701401795533424,0
122.07000000000001,0.3129057834545135,0
122.08,0.6578146651405998,0
122.09,-0.5264920055245482,0
122.10000000000001,-0.9815076368605585,0
122.11,-0.36058456353189233,0
122.12,-1.3528801556397614,0
122.13,0.20529850064217942,0
122.14,0.5895501993515481,0
122.15,-0.195239678665007,0
122.16,-0.35811565164852305,0
122.17,-0.23991834407097076,0
122.18,-0.1441431142766707,0
122.19,-0.08018203215465408,0
122.2,0.16535742972755213,0
122.21000000000001,-0.16247002358711,0
122.22,0.3497819288959175,0
122.23,0.21303974267589565,0
122.24000000000001,-0.38186251082842115,0
122.25,0.5036314453421127,0
122.26,-0.709313615939625,0
122.27,-0.33831611109131376,0
122.28,0.3184280219093857,0
122.29,-0.41736972209055523,0
122.3,-0.051412301021525136,0
122.31,0.1645709430420596,0
122.32000000000001,-0.5290442515744054,0
122.33,-0.2827899934708745,0
122.34,-0.26597753995259543,0
122.35000000000001,-0.4722546919464665,0
122.36,0.9957145371103922,0
122.37,-0.26940125962491623,0
122.38,0.3558573738466819,0
122.39,-0.23217327411772135,0
122.4,-0.7486767482854326,0
122.41,-0.2443825182569921,0
122.42,0.17259979525033892,0
122.43,0.42137994641769494,0
122.44,0.8253283137659185,0
122.45,1.6627975049708208,0
122.46000000000001,0.43712102749161896,0
122.47,-0.35582969779361084,0
122.48,0.04022004999924811,0
122.49000000000001,-0.2437108171450351,0
122.5,0.320179809127624,0
122.51,-0.7227467409275955,0
122.52,0.9685248537038198,0
122.53,0.5859930250668222,0
122.54,-0.8623110477872025,0
122.55,-0.7051824023645181,0
122.56,0.14627060633214523,0
122.57000000000001,0.5509827148347393,0
122.58,-0.65179908583473,0
122.59,0.10472431654123246,0
122.60000000000001,-1.1228870868881096,0
122.61,-0.4403412022021302,0
122.62,0.3700700586869783,0
122.63,-0.3132365569514701,0
122.64,-0.9928546198618254,0
122.65,-0.28240918019879596,0
122.66,-0.5047001754629497,0
122.67,0.09701943791690404,0
122.68,-0.5592838603942756,0
122.69,-0.66335222713735,0
122.7,-1.3541715414887416,0
122.71000000000001,-0.36012359163764285,0
122.72,-0.2878043352974551,0
122.73,-0.8168972840920278,0
122.74000000000001,-0.21311281396521026,0
122.75,0.3815761673436341,0
122.76,-0.1315037855962376,0
122.77,-0.002171474775069543,0
122.78,0.03289757566758575,0
122.79,-0.7452345950788232,0
122.8,0.7967812457602655,0
122.81,-0.16366676958524443,0
122.82000000000001,0.19636683491673587,0
122.83,0.3466010075582142,0
122.84,-0.09981744131603129,0
122.85000000000001,0.1860535464966759,0
122.86,0.06528554768720599,0
122.87,-0.8507603335221369,0
122.88,-0.5017790192960532,0
122.89,-0.5637950741798913,0
122.9,-0.4989930138138041,0
122.91,-0.9313279532504729,0
122.92,0.2548782092787838,0
122.93,0.8046783198331939,0
122.94,0.6098285798366666,0
122.95,0.716893394765479,0
122.96000000000001,-0.11647539531085568,0
122.97,-0.48011982000179043,0
122.98,-0.6468300046989659,0
122.99000000000001,0.0691015014286224,0
123.0,0.02601300222588107,0
123.01,-0.14680465513497967,0
123.02,0.5408232475410103,0
123.03,0.2386604004969667,0
123.04,-0.499143695003177,0
123.05,-0.5995910417196346,0
123.06,0.10108739118134305,0
123.07000000000001,0.46782789229288135,0
123.08,0.29853967258524283,0
123.09,0.9725854632822826,0
123.10000000000001,1.001632709663775,0
123.11,0.37305972573369517,0
123.12,-0.4655273649389966,0
123.13000000000001,-0.9262178747947516,0
123.14,-0.5500734205683673,0
123.15,0.15136683471847967,0
123.16,0.8983651615351071,0
123.17,0.3346631749689708,0
123.18,0.593815562598982,0
123.19,-0.09442014734804291,0
123.2,0.19579940738407992,0
123.21000000000001,0.37517144881881626,0
123.22,-1.0726585431316908,0
123.23,-0.6005859375666253,0
123.24000000000001,0.24334901237364706,0
123.25,0.09474511030427327,0
123.26,-0.7257590932656376,0
123.27,-1.5878272482882687,0
123.28,-0.7040124339590235,0
123.29,-0.326392241174949,0
123.3,-0.6645881036635813,0
123.31,-0.20222191141280058,0
123.32000000000001,0.10683795550272396,0
123.33,0.2715960117579305,0
123.34,-1.298991442291978,0
123.35000000000001,-1.1369342559299354,0
123.36,-0.5587417778321709,0
123.37,0.05272835910106974,0
123.38000000000001,0.16142530174841246,0
123.39,0.179349985778708,0
123.4,-0.2716423186421318,0
123.41,-0.35468572518893965,0
123.42,-0.5888337428248771,0
123.43,0.14957814273079553,0
123.44,-0.5651044927373698,0
123.45,0.19908936917245612,0
123.46000000000001,0.048150228638032755,0
123.47,-0.12426394272037415,0
123.48,-0.4931035571060528,0
123.49000000000001,-0.9574682354789368,0
123.5,-0.6965859316213721,0
123.51,-0.46221011981698,0
123.52,-1.489467117024884,0
123.53,-0.5897934277352517,0
123.54,0.2324740730496039,0
123.55,0.2478492896215389,0
123.56,-0.31461981688432006,0
123.57000000000001,-0.1659970496263633,0
123.58,-0.45001607715976566,0
123.59,-0.1456255458463755,0
123.60000000000001,0.6714111620511629,0
123.61,0.571266184785059,0
123.62,0.3078093240156796,0
123.63000000000001,-0.2978769587001735,0
123.64,0.21254646446551714,0
123.65,-0.9575398113250579,0
123.66,-0.4861292673508705,0
123.67,0.07695523851525604,0
123.68,0.3011777358672404,0
123.69,0.3196679748216107,0
123.7,0.1245590994729569,0
123.71000000000001,-0.18545834964510705,0
123.72,0.1277568286277597,0
123.73,-0.5878646098328112,0
123.74000000000001,-0.7091603153653827,0
123.75,-0.25678996948868715,0
123.76,-0.08434141341568427,0
123.77,-1.1056694487065344,0
123.78,-0.14641757384033788,0
123.79,0.2625170537266043,0
123.8,-0.08791338930076614,0
123.81,1.1301211064804262,0
123.82000000000001,-0.1935460496688487,0
123.83,-0.3530693495380005,0
123.84,-0.4110474407120315,0
123.85000000000001,-0.255729352025977,0
123.86,-0.35138660642742886,0
123.87,-0.949421340481337,0
123.88000000000001,-0.6408118796872708,0
123.89,-0.3245915373520949,0
123.9,0.46070613689239637,0
123.91,1.1755430029431124,0
123.92,0.8926652789791836,0
123.93,-0.30215937226400336,0
123.94,-0.5584937148052294,0
123.95,-0.33688394179718506,0
123.96000000000001,0.7537053567042604,0
123.97,-0.012083542964187732,0
123.98,-0.8223827489982023,0
123.99000000000001,-0.5849091591831221,0
124.0,0.14451108602589557,0
124.01,0.29112307547217753,0
124.02,-0.1462654112433275,0
124.03,0.2149507151792221,0
124.04,-1.2692334037209285,0
124.05,-0.3744439947387306,0
124.06,0.2523044204234037,0
124.07000000000001,-0.4928842760227464,0
124.08,-0.6810336224972525,0
124.09,-1.276642057399342,0
124.10000000000001,0.4150791363039932,0
124.11,-0.39217472475132675,0
124.12,-0.08211821735083705,0
124.13000000000001,0.1886375720143311,0
124.14,0.739947476315188,0
124.15,-0.00941181547575437,0
124.16,-0.402062359080269,0
124.17,-0.12079634933585517,0
124.18,0.5411721828318468,0
124.19,-0.0677778062996346,0
124.2,-0.6378951273723151,0
124.21000000000001,-1.0924320994165087,0
124.22,-1.0359436681744851,0
124.23,0.08887997300353892,0
124.24000000000001,-0.2609780648826659,0
124.25,-0.501226228567668,0
124.26,-0.619040935386003,0
124.27,-0.22192811113085703,0
124.28,-0.295459242479165,0
124.29,-0.33177737791920425,0
124.3,0.523156951409609,0
124.31,0.8373747503873458,0
124.32000000000001,-0.7605129433063372,0
124.33,-0.1281380467652714,0
124.34,-0.5582064652616276,0
124.35000000000001,-0.3842206498827193,0
124.36,-0.04382113300096885,0
124.37,-0.2367047391016575,0
124.38000000000001,-0.048917787897247,0
124.39,0.23368030112354565,0
124.4,0.10282104977560994,0
124.41,-0.4312303344943904,0
124.42,-0.5553519482527101,0
124.43,-1.0180060833722668,0
124.44,-0.8217193775505991,0
124.45,0.7269645293147912,0
124.46000000000001,-0.35250563704113325,0
124.47,-0.8361204755265561,0
124.48,-0.15113593143110207,0
124.49000000000001,-0.20903658485102822,0
124.5,-0.2688997154637801,0
124.51,0.5706605910631424,0
124.52,0.3226125973850847,0
124.53,-0.31406934191119407,0
124.54,-0.41704903956626305,0
124.55,-0.484391328923444,0
124.56,0.2322470555417518,0
124.57000000000001,-0.21852314925078437,0
124.58,-1.1220342891967738,0
124.59,-0.4187272854504296,0
124.60000000000001,-1.0356897108827823,0
124.61,0.7917692234207877,0
124.62,-0.4287985210308671,0
124.63000000000001,-0.30588757281050666,0
124.64,-0.05145967959612789,0
124.65,-0.2790759503662225,0
124.66,-0.3367113308620565,0
124.67,0.02796857697823149,0
124.68,0.7072638934636507,0
124.69,0.4730490981411445,0
124.7,0.7931300058185327,0
124.71000000000001,-0.47157245918560686,0
124.72,-0.061380222571657525,0
124.73,-0.04516538540093046,0
124.74000000000001,0.06318239135398346,0
124.75,0.6361924400199763,0
124.76,-0.07102541210988751,0
124.77,-0.34619706977638426,0
124.78,0.08531805804377215,0
124.79,-1.038122637701865,0
124.8,-0.49815962668695024,0
124.81,-0.30850211929808685,0
124.82000000000001,-0.6797464073576234,0
124.83,0.2804867579658899,0
124.84,-0.6080567224680071,0
124.85000000000001,-0.33686964685233106,0
124.86,-0.04059937751621061,0
124.87,0.5981120463749063,0
124.88000000000001,0.031407422895618514,0
124.89,0.39388751269062666,0
124.9,0.3590643387356899,0
124.91,0.04301217721048542,0
124.92,-0.6819507411443874,0
124.93,-1.0469521537057558,0
124.94,-0.3175199089492477,0
124.95,-0.48088500045683763,0
124.96000000000001,0.2568177524112001,0
124.97,0.34889934897136743,0
124.98,-0.12358699881355936,0
124.99000000000001,-0.7599196448940136,0
125.0,-0.030495250670850488,0
125.01,-0.662217724180884,0
125.02,-0.6819631356272533,0
125.03,-0.8045640645625424,0
125.04,-0.3873975403953853,0
125.05,0.4138194592295054,0
125.06,-0.011729258965969547,0
125.07000000000001,-0.35146144786863476,0
125.08,-1.0128084776641209,0
125.09,-0.07167564483807465,0
125.10000000000001,-0.5460109919255032,0
125.11,-0.18641945469310178,0
125.12,-0.3477375362442767,0
125.13000000000001,0.24692591534932654,0
125.14,-0.13450079738365034,0
125.15,-0.17750368192325436,0
125.16,0.10180366790964684,0
125.17,1.0349731479198796,0
125.18,0.6193752431404141,0
125.19,-0.004839076120475988,0
125.2,-0.11200342476322274,0
125.21000000000001,-0.4200033644110917,0
125.22,-0.7234030188316936,0
125.23,-0.5877056623186242,0
125.24000000000001,-0.6706181962263533,0
125.25,0.06779224750640284,0
125.26,-0.6659953767607926,0
125.27,0.43098869131062956,0
125.28,0.3957447658320848,0
125.29,-0.002639040689145694,0
125.3,-0.11298273626432201,0
125.31,-0.43750975830830796,0
125.32000000000001,-0.07803962681089184,0
125.33,0.44744652077840386,0
125.34,-0.37508452425579886,0
125.35000000000001,-1.02284643246893,0
125.36,0.006287422733089881,0
125.37,0.06181929657956739,0
125.38000000000001,-0.6935787363987981,0
125.39,-0.6764390474834083,0
125.4,-0.7391000356771746,0
125.41,-0.6831002989118635,0
125.42,-0.4556332151984308,0
125.43,-0.36833912070543295,0
125.44,-0.5511396074216985,0
125.45,-0.6540174053798693,0
125.46000000000001,-0.3978229118349531,0
125.47,-0.12263617427420036,0
125.48,-0.3115794143268828,0
125.49000000000001,0.42665558556341576,0
125.5,0.2647587432973164,0
125.51,-0.8934706849316625,0
125.52,-0.0569423050746721,0
125.53,0.19576065097460726,0
125.54,-0.295047918926434,0
125.55,-0.98248286845855,0
125.56,-0.3537995184831294,0
125.57000000000001,-0.20502873411887207,0
125.58,-0.7610460993151207,0
125.59,-1.0755587160225097,0
125.60000000000001,-0.4279859296383417,0
125.61,-0.3435882256612523,0
125.62,-0.4205744986699747,0
125.63000000000001,-0.26203071655131116,0
125.64,-0.7652418452807851,0
125.65,-0.5353336294621797,0
125.66,0.03771612063942664,0
125.67,-0.2894061208676285,0
125.68,-1.0751984180752725,0
125.69,-0.6329864618195656,0
125.7,-0.84060413711209,0
125.71000000000001,-0.18035087756247076,0
125.72,0.012246245545984552,0
125.73,-0.9927513463911999,0
125.74000000000001,0.043557461220347565,0
125.75,-0.6938436379292163,0
125.76,0.5444051338765106,0
125.77,-0.002325991789747517,0
125.78,-0.7767808742787428,0
125.79,-0.914792703114727,0
125.8,-0.15577359264080337,0
125.81,-0.3597714912261514,0
125.82000000000001,-0.25386029865184334,0
125.83,0.6829526938146884,0
125.84,-0.3140770626287904,0
125.85000000000001,-0.1590287279118405,0
125.86,0.6039195772725856,0
125.87,0.1825988097738294,0
125.88000000000001,-0.9223604537315258,0
125.89,-0.07388888076498826,0
125.9,-0.750246966241818,0
125.91,0.4491794785272074,0
125.92,-0.43834295807674606,0
125.93,1.3593522592858471,0
125.94,1.008838574225427,0
125.95,-0.28444195347817985,0
125.96000000000001,-0.17287825549182445,0
125.97,0.24569827691728363,0
125.98,0.36632865332773834,0
125.99000000000001,0.2147206651378387,0
126.0,0.608079406615654,0
126.01,-0.02588336586912901,0
126.02,-0.31417720805322474,0
126.03,-0.37567624083658413,0
126.04,0.2507819168321276,0
126.05,0.14475592455583627,0
126.06,0.07889816426626434,0
126.07000000000001,0.33080686176619856,0
126.08,-1.1219621031718943,0
126.09,-0.227772413565908,0
126.10000000000001,-0.05295017267785718,0
126.11,0.7630605921555533,0
126.12,-0.7356609135839041,0
126.13000000000001,0.5329441462419131,0
126.14,0.06099853656604101,0
126.15,0.1632600957490336,0
126.16,0.8209089582150697,0
126.17,0.3914623972469934,0
126.18,0.19868773186670852,0
126.19,0.06631434127349295,0
126.2,-0.3532748087772667,0
126.21000000000001,-0.21587249669006395,0
126.22,-0.5473842507213371,0
126.23,-0.2729579278886319,0
126.24000000000001,-1.4245812693524553,0
126.25,-0.24004108872412058,0
126.26,-0.237212082681033,0
126.27,-0.35071375755756684,0
126.28,-0.08301788822489459,0
126.29,-0.8965440441325432,0
126.3,0.6909039598460835,0
126.31,0.0056365571631472045,0
126.32000000000001,-0.18861819058394702,0
126.33,-0.6736199324090485,0
126.34,-0.26800846353896884,0
126.35000000000001,0.5592492433310526,0
126.36,0.5791227205737083,0
126.37,0.48744960779395996,0
126.38000000000001,0.3004920255939193,0
126.39,-0.22815835196970535,0
126.4,-0.9416451382301185,0
126.41,-0.4548118618753413,0
126.42,-0.3516509114359354,0
126.43,0.35827143600688416,0
126.44,0.14199565845101922,0
126.45,0.7817803826020276,0
126.46000000000001,0.7208210471607832,0
126.47,-0.1752212367998162,0
126.48,-1.1120989639080938,0
126.49000000000001,0.3475210849329874,0
126.5,0.6984813886621966,0
126.51,-0.665252397138804,0
126.52,0.5250958103746347,0
126.53,0.22245270118679494,0
126.54,0.028874219894803488,0
126.55,0.7548403278265072,0
126.56,0.7924976066353824,0
126.57000000000001,0.43267889656558023,0
126.58,0.24787482531757765,0
126.59,0.27792325898368486,0
126.60000000000001,-0.25585841122949693,0
126.61,-0.20560005133674344,0
126.62,-0.6442050688460114,0
126.63000000000001,-0.4506934727990909,0
126.64,-0.4202029986228002,0
126.65,-0.5556547751773452,0
126.66,-0.17837026356335994,0
126.67,-0.32940000787626506,0
126.68,0.07283412042350354,0
126.69,-0.9580051708678416,0
126.7,-0.4121348505616913,0
126.71000000000001,-0.14524324152229792,0
126.72,-0.31399448162394794,0
126.73,-0.2825637053260076,0
126.74000000000001,-1.0270973686377112,0
126.75,-0.1791920638989617,0
126.76,0.18782344974258017,0
126.77,0.1975331520769504,0
126.78,0.4902961650430251,0
126.79,0.11765265355934656,0
126.8,0.17208762095133662,0
126.81,0.013908482949771123,0
126.82000000000001,0.257387756178127,0
126.83,-0.88781478712485,0
126.84,-0.8100454989034995,0
126.85000000000001,0.5303430468146582,0
126.86,-1.289905497678781,0
126.87,-0.509345624883428,0
126.88000000000001,0.3847247192536063,0
126.89,-0.06569695808351161,0
126.9,-0.3443174127190352,0
126.91,-0.1293652219369374,0
126.92,-0.33259463884146667,0
126.93,-0.17892154226042387,0
126.94,-0.5208530766888889,0
126.95,0.3479997810785793,0
126.96000000000001,0.7327466424140827,0
126.97,-3.722500273398155e-05,0
126.98,-0.8505494234215635,0
126.99000000000001,-0.6037847947141981,0
127.0,-0.3611059524720883,0
127.01,0.06676465788909378,0
127.02,-0.632284251184445,0
127.03,-0.6798467219324098,0
127.04,-0.010175042452386457,0
127.05,0.38529513696341905,0
127.06,-0.3468567580469957,0
127.07000000000001,-0.9088557366365715,0
127.08,1.4095414385813543,0
127.09,0.657372578068979,0
127.10000000000001,-0.08999227642640453,0
127.11,0.3281485346374148,0
127.12,-0.09638016959839606,0
127.13000000000001,0.3255601672169668,0
127.14,0.05413958058592322,0
127.15,-0.049989125506895354,0
127.16,-0.18510969845888456,0
127.17,-0.9291815571140478,0
127.18,0.68768925415813,0
127.19,-0.4415932866160525,0
127.2,-0.946770887876363,0
127.21000000000001,-0.4621567028476123,0
127.22,-0.739661825713652,0
127.23,-0.3245558353602266,0
127.24000000000001,0.17302158418131133,0
127.25,0.4611949032245175,0
127.26,0.43708079618634177,0
127.27,-0.16557673473446696,0
127.28,-0.12706825429675656,0
127.29,0.07336308174064021,0
127.3,-1.0298190652891765,0
127.31,-0.06567077767794133,0
127.32000000000001,-0.904549629222297,0
127.33,0.7483539628591029,0
127.34,-0.14039133557833053,0
127.35000000000001,-0.24560792613722338,0
127.36,-0.5833518985406203,0
127.37,-0.5933692014616349,0
127.38000000000001,0.9506463902870887,0
127.39,0.6263991747827924,0
127.4,-0.7804436190039468,0
127.41,0.49390071061408664,0
127.42,0.6468878468694309,0
127.43,-0.10006055526909055,0
127.44,0.026288695451108318,0
127.45,-0.11340525177969438,0
127.46000000000001,0.9101016886933815,0
127.47,-0.30853845228154364,0
127.48,-0.111386176887727,0
127.49000000000001,-0.3678523898848701,0
127.5,-0.9671069636771285,0
127.51,0.8133524090009752,0
127.52,-0.5378790724531293,0
127.53,-0.12923055688127494,0
127.54,-1.0712752819541498,0
127.55,-0.5923171453339588,0
127.56,-0.035341158618742236,0
127.57000000000001,-0.5600061999397566,0
127.58,0.06052418560120418,0
127.59,-0.24010558741954197,0
127.60000000000001,0.44579975597015487,0
127.61,0.7246811051203482,0
127.62,-0.2432422565257833,0
127.63000000000001,-0.1318937076003017,0
127.64,-0.04721947331295179,0
127.65,0.20608278471722105,0
127.66,-0.05275379532121452,0
127.67,-0.023823567382447564,0
127.68,-0.2475032867409444,0
127.69,-0.112427120657706,0
127.7,0.5511757946223457,0
127.71000000000001,0.369944067148693,0
127.72,0.3540217186388509,0
127.73,0.3616625737863025,0
127.74000000000001,-0.10339183877168406,0
127.75,0.03204416095905335,0
127.76,-0.6817722562499202,0
127.77,0.39335600226794276,0
127.78,-1.4955666693954595,0
127.79,-0.5321780561928223,0
127.8,0.36265042932187486,0
127.81,-0.7475129429931076,0
127.82000000000001,-0.08584470936784347,0
127.83,-0.4958521224548992,0
127.84,-0.4322180678925819,0
127.85000000000001,0.2838425836667675,0
127.86,0.06458772625691175,0
127.87,-1.1790598270864379,0
127.88000000000001,-0.9265819727725616,0
127.89,0.17592370022416387,0
127.9,0.17123192759037212,0
127.91,0.8619295648314403,0
127.92,0.9997339763917397,0
127.93,-0.04413692047847054,0
127.94,1.2102198964838529,0
127.95,0.2037878207094567,0
127.96000000000001,-0.5735066543848657,0
127.97,-0.5926061859517657,0
127.98,-1.4617263558258278,0
127.99000000000001,0.37857815286916574,0
128.0,0.8321317695061186,0
128.01,-0.4445354048779739,0
128.02,-0.3442603230435142,0
128.03,-0.1469159301825651,0
128.04,-0.6599111826524142,0
128.05,-1.2113869471638345,0
128.06,-0.5266202109707586,0
128.07,-0.4143869026739793,0
128.08,-0.42218022516645154,0
128.09,-0.09867682205868397,0
128.1,0.6248693778217665,0
128.11,-0.1169162105968995,0
128.12,-0.050183190052819585,0
128.13,0.2628223042591721,0
128.14000000000001,0.2490951566619542,0
128.15,-0.37663438873544003,0
128.16,-0.1545353650336566,0
128.17000000000002,0.14125446629410335,0
128.18,-0.6772640560298849,0
128.19,0.391877228053013,0
128.2,0.7486601362618222,0
128.21,-0.3094164530690038,0
128.22,-0.08588842819767417,0
128.23,0.2088984094408832,0
128.24,-0.3499942520452804,0
128.25,0.057322843172244814,0
128.26,-0.010379647698107092,0
128.27,-0.8959575423600532,0
128.28,-0.09110910469128272,0
128.29,-0.7202758917618458,0
128.3,0.20846083224954867,0
128.31,-0.41695182969589983,0
128.32,-0.3017463447876013,0
128.33,0.5437373458729888,0
128.34,0.28866745697292623,0
128.35,-0.6142932508759112,0
128.36,-0.8056490113192374,0
128.37,-0.6321536075319728,0
128.38,-0.059462663338275865,0
128.39000000000001,0.06436087289291362,0
128.4,-0.5444667545649114,0
128.41,-0.8692667126140348,0
128.42000000000002,-0.17892802530484034,0
128.43,-0.2531378533798403,0
128.44,0.9739554758938161,0
128.45,0.151433626230982,0
128.46,0.892469452451631,0
128.47,-0.5116900474445512,0
128.48,-1.0772451849084375,0
128.49,-0.9773218960005352,0
128.5,0.2774027528168551,0
128.51,0.8930219590950406,0
128.52,-0.30479165931664615,0
128.53,-0.43296896674821206,0
128.54,-0.8422635202148643,0
128.55,-1.2868200141315804,0
128.56,-0.05061193429181038,0
128.57,-0.005367586722607787,0
128.58,-0.10723173969465798,0
128.59,-0.8838566803523185,0
128.6,0.5409068984362038,0
128.61,-0.24428631773816364,0
128.62,0.11165119207051996,0
128.63,-0.8581386711027397,0
128.64000000000001,-0.4274365462094261,0
128.65,-0.06312667097130623,0
128.66,0.046968541228097044,0
128.67000000000002,-0.01732508469046551,0
128.68,0.14760221593751893,0
128.69,-0.676552668486337,0
128.7,-0.17543568506884852,0
128.71,-0.09467841937759267,0
128.72,-0.011689287572112766,0
128.73,-0.07578354913458168,0
128.74,-0.8083581647278794,0
128.75,-1.0152399812328188,0
128.76,-1.5443554520672902,0
128.77,-0.06208662936126483,0
128.78,0.3138774508674799,0
128.79,0.4163379731583321,0
128.8,0.15611538161019547,0
128.81,-1.208271746021633,0
128.82,-0.960160840625113,0
128.83,-0.2606153168023775,0
128.84,-0.10430692234546443,0
128.85,-0.25601306686612624,0
128.86,0.021149210922446898,0
128.87,-0.09981051210615127,0
128.88,-0.07193468331265164,0
128.89000000000001,-0.46959884792863654,0
128.9,0.29427153956392055,0
128.91,-0.26711111316168856,0
128.92000000000002,-0.8866669740385013,0
128.93,-0.7435163135543008,0
128.94,-0.4827087697858603,0
128.95,0.2974114059443618,0
128.96,-0.059402925876484644,0
128.97,-0.22522147107000223,0
128.98,-0.8324965286841044,0
128.99,0.09894543502484363,0
129.0,-0.4336723187174609,0
129.01,-0.2729012522449728,0
129.02,0.6088158773610506,0
129.03,0.31193635739351544,0
129.04,-0.90031408951269,0
129.05,-1.2785941476493639,0
129.06,-0.46507877226662686,0
129.07,-0.8732729482100121,0
129.08,0.015886059549127002,0
129.09,-0.08468508595447996,0
129.1,-0.04425470310375759,0
129.11,-0.4985794063511013,0
129.12,0.691559715583214,0
129.13,1.5755342075908954,0
129.14000000000001,0.13439699788349224,0
129.15,0.11048130585071883,0
129.16,-0.03161866077010589,0
129.17000000000002,-0.25730757881292105,0
129.18,-0.6185375782510631,0
129.19,-0.8435152430898849,0
129.2,-0.9267148478971063,0
129.21,-0.12695793814909276,0
129.22,-0.41956153409635144,0
129.23,-1.5889924683194965,0
129.24,-0.2714090634730617,0
129.25,-0.1992845947736966,0
129.26,0.5562795715788176,0
129.27,0.22672743267682638,0
129.28,-0.8418003595591791,0
129.29,-1.5088610449815283,0
129.3,-0.8713824328952898,0
129.31,-0.6617532558893362,0
129.32,0.225818107265722,0
129.33,-0.059271729203469625,0
129.34,0.4779158435709697,0
129.35,-0.6970296340837799,0
129.36,0.22879845503779397,0
129.37,0.3301772687774113,0
129.38,-1.103203895993519,0
129.39000000000001,0.3175790938042372,0
129.4,0.01821120902883816,0
129.41,0.10238381850162617,0
129.42000000000002,-0.5459311325716938,0
129.43,0.43169874608283865,0
129.44,-0.6345087762380318,0
129.45,0.1735728393586721,0
129.46,0.3694844148308395,0
129.47,-0.5373114113637321,0
129.48,0.8109914909401701,0
129.49,0.21515514998495344,0
129.5,0.2911269933377927,0
129.51,-0.8513393044050929,0
129.52,0.8040626962216411,0
129.53,-0.5619650780358273,0
129.54,0.2944429985344126,0
129.55,-0.5669868233044072,0
129.56,-0.5822193927350923,0
129.57,0.16365236570817704,0
129.58,0.47729628900379606,0
129.59,-0.6684970554984415,0
129.6,0.3027803741362922,0
129.61,0.521381144558815,0
129.62,-0.47994343911954956,0
129.63,0.6205621253807958,0
129.64000000000001,-0.7314682203942836,0
129.65,-0.6263538281957,0
129.66,-0.012268658576561314,0
129.67000000000002,-0.5683798043796788,0
129.68,-0.11235309649180412,0
129.69,-0.010450414369051114,0
129.7,-0.21297240691802066,0
129.71,0.27931081486472764,0
129.72,-0.16250363378539423,0
129.73,-0.028035791476140617,0
129.74,0.49282157530958415,0
129.75,0.43357507334706114,0
129.76,0.416284651230619,0
129.77,-0.618590855341257,0
129.78,0.014146992094083266,0
129.79,-0.5749629942878236,0
129.8,-0.9367999179768809,0
129.81,-0.38303906170286706,0
129.82,-0.6879740590475889,0
129.83,0.13840066919576888,0
129.84,0.3577390834787001,0
129.85,-1.0344028788892075,0
129.86,-0.8103154493422118,0
129.87,-1.0905733868126488,0
129.88,-0.6296086921987155,0
129.89000000000001,-0.02559629687280579,0
129.9,-0.2460094249060812,0
129.91,-0.4861455216763244,0
129.92000000000002,0.46028561397187007,0
129.93,-1.2229061461237123,0
129.94,0.24239919645610056,0
129.95,-0.3397971161746634,0
129.96,-0.23708143021791087,0
129.97,-0.45063835908792804,0
129.98,0.5984621090893678,0
129.99,-0.6164364789458421,0
130.0,-0.2583637589044434,0
130.01,0.10579200448571455,0
130.02,-0.9419564295102083,0
130.03,-0.8358480143909843,0
130.04,-0.398345024288815,0
130.05,-0.6822313178111225,0
130.06,-0.7153458371800765,0
130.07,-0.4755992641484275,0
130.08,0.11658456694078631,0
130.09,-0.2637956037193834,0
130.1,0.39792665849235365,0
130.11,-0.542275729230684,0
130.12,-0.912669726862675,0
130.13,0.6872793616952906,0
130.14000000000001,-0.28895782701444206,0
130.15,-0.880729875586365,0
130.16,-1.2582629528578606,0
130.17000000000002,0.14759749471257663,0
130.18,-0.25521628145208863,0
130.19,-0.30926417843023735,0
130.2,-0.27243904414307546,0
130.21,0.36098378234139844,0
130.22,-0.11568593104967079,0
130.23,1.1090520754976512,0
130.24,0.23818594205031884,0
130.25,0.5146833040281096,0
130.26,0.4471967999450618,0
130.27,-0.017894516198318194,0
130.28,-0.42733219743250916,0
130.29,-0.04031802044193479,0
130.3,0.1513069935162624,0
130.31,-0.3773460886027996,0
130.32,-0.11599737826488017,0
130.33,0.5190896363874135,0
130.34,1.1218672441841762,0
130.35,0.6252318310217346,0
130.36,1.0380848623348538,0
130.37,-0.18584240376815891,0
130.38,0.21712526056098144,0
130.39000000000001,0.6569074879535455,0
130.4,-0.4232762109173088,0
130.41,-0.47457832071386463,0
130.42000000000002,0.6966940647860937,0
130.43,-0.4552491715820429,0
130.44,-0.9381508359188926,0
130.45,0.4690353501524931,0
130.46,0.644455129515825,0
130.47,0.28111944520703025,0
130.48,-0.06416761008014454,0
130.49,-0.3596678146129526,0
130.5,-0.049856694931217416,0
130.51,0.7187599562002724,0
130.52,0.19666491073417258,0
130.53,1.0930871711967312,0
130.54,-0.31496630542970283,0
130.55,-0.1992658386921726,0
130.56,-0.3585180811406393,0
130.57,-0.7775315076377405,0
130.58,-0.385922409036914,0
130.59,0.015753759979814125,0
130.6,0.1731101686525715,0
130.61,1.0891293493019487,0
130.62,0.4096461349086523,0
130.63,0.6049273257637339,0
130.64000000000001,0.0764657396847771,0
130.65,0.8027854844693997,0
130.66,1.3680094016548405,0
130.67000000000002,0.514887212679201,0
130.68,-0.5098317339579029,0
130.69,-0.5296345659812526,0
130.7,-0.09217829147017192,0
130.71,0.11015616751315996,0
130.72,0.2895835530794896,0
130.73,0.20758498052471447,0
130.74,-0.05425731414271312,0
130.75,-0.4622265531048,0
130.76,-0.011791409331371294,0
130.77,0.8750523608551973,0
130.78,0.6520742813708961,0
130.79,0.33793972903303277,0
130.8,0.5229472460409725,0
130.81,-0.17667696062405,0
130.82,-0.4246382096800353,0
130.83,-0.6141720892715894,0
130.84,-0.3300439398991561,0
130.85,-0.41701608825869263,0
130.86,0.42943200718391106,0
130.87,-0.2555219615465343,0
130.88,-0.6011022534453366,0
130.89000000000001,0.7744803350382218,0
130.9,-0.15647861425252957,0
130.91,-0.06707647004400384,0
130.92000000000002,0.11386943643489833,0
130.93,-0.6865590911943611,0
130.94,0.37661091012627335,0
130.95,0.32376255486849487,0
130.96,0.8011659479218853,0
130.97,-0.27107769573532614,0
130.98,-0.12463155698652548,0
130.99,-0.11984017828717997,0
131.0,0.0009387649785053964,0
131.01,-0.8840204600969808,0
131.02,-0.27159288117508773,0
131.03,-0.9371429636318365,0
131.04,-0.1530531441999442,0
131.05,-1.2814272210417756,0
131.06,-1.415965712785263,0
131.07,-0.027649521106398928,0
131.08,-0.4076775838328133,0
131.09,-0.7375334254356005,0
131.1,0.38285152559845637,0
131.11,0.16065990038810765,0
131.12,0.39506792905826116,0
131.13,-0.09926884468344042,0
131.14000000000001,1.2926830753712468,0
131.15,-0.10824074722913213,0
131.16,0.7924682749630929,0
131.17000000000002,0.05597042330499444,0
131.18,-0.9765497140126105,0
131.19,-0.09645094443477592,0
131.2,0.034071756915396156,0
131.21,-0.6607757617994233,0
131.22,-0.7657261432269574,0
131.23,-0.3139919995426638,0
131.24,-0.001643190166546904,0
131.25,-1.4255143063647717,0
131.26,0.09506727273702381,0
131.27,-0.3489392395841975,0
131.28,-0.9057957668793553,0
131.29,0.16535356175944757,0
131.3,-0.08057760951573167,0
131.31,0.5181780921919998,0
131.32,0.2534509275140029,0
131.33,-0.04675236767247956,0
131.34,-0.2023207006174876,0
131.35,0.09719288442661814,0
131.36,-0.30520014735799905,0
131.37,-0.6395932875443041,0
131.38,0.05564153303421762,0
131.39000000000001,-0.1722825918995439,0
131.4,-0.1344326743887031,0
131.41,0.4372971171523421,0
131.42000000000002,-0.06053669584293439,0
131.43,-0.1163355733709563,0
131.44,-0.4576156727009244,0
131.45,0.005793171116062146,0
131.46,0.07856710616187723,0
131.47,0.3901696228801459,0
131.48,-0.32002046350997815,0
131.49,-0.4329548734042734,0
131.5,0.20446652290914064,0
131.51,0.07630342236255461,0
131.52,-0.5726324003100832,0
131.53,0.4435230821660413,0
131.54,-0.9026984740347264,0
131.55,0.08290047701988759,0
131.56,-0.7621186090382335,0
131.57,0.7046557556566052,0
131.58,-0.7554427666441559,0
131.59,0.31571081181648963,0
131.6,-0.07357756616285996,0
131.61,-0.32264480920240113,0
131.62,-0.09094212356115679,0
131.63,0.20477296825842894,0
131.64000000000001,-0.5394220467637043,0
131.65,-0.6782708576979621,0
131.66,0.06740062492388593,0
131.67000000000002,-1.0013286563956876,0
131.68,-0.6704027356985421,0
131.69,1.342734754221773,0
131.7,-0.2887441304264612,0
131.71,0.4301431485845836,0
131.72,-0.31340922095231405,0
131.73,0.0838372083102843,0
131.74,0.26054245592247166,0
131.75,0.5574712085539197,0
131.76,-0.07613733998500212,0
131.77,0.9312645402662978,0
131.78,-0.18986783973530696,0
131.79,-0.03156711070746779,0
131.8,0.01390680810045647,0
131.81,-0.7028200767648859,0
131.82,-0.43674052884691994,0
131.83,-0.13196117776952543,0
131.84,-0.3718868228052302,0
131.85,1.0981402216191556,0
131.86,-0.2808167644267723,0
131.87,0.4491365395359898,0
131.88,0.45964568989342713,0
131.89000000000001,-0.0011932135461594495,0
131.9,-0.5697642442979343,0
131.91,-0.660264804042751,0
131.92000000000002,-0.549591823462764,0
131.93,-1.1970469105540587,0
131.94,-0.9423102774485819,0
131.95,-1.1337054074849902,0
131.96,0.324653578531799,0
131.97,0.3018815113111246,0
131.98,0.3854054055429167,0
131.99,0.3013122889268544,0
132.0,0.05564246122300415,0
132.01,0.6831836490309755,0
132.02,-0.2630362897996201,0
132.03,-0.11752220157427984,0
132.04,0.25989722482145183,0
132.05,-0.7471623470264694,0
132.06,1.3537169669924698,0
132.07,0.24511761968569423,0
132.08,0.028381073812353608,0
132.09,0.5679255610849671,0
132.1,0.5207370211142401,0
132.11,0.04198307148382041,0
132.12,-0.028673549105336663,0
132.13,-0.9166370052305322,0
132.14000000000001,-0.6339421591796373,0
132.15,0.00851311484790171,0
132.16,0.13009415540108898,0
132.17000000000002,0.5744259307682151,0
132.18,-0.02896460330830164,0
132.19,-0.8544087422763954,0
132.2,0.24076666836169097,0
132.21,0.7165938846451176,0
132.22,0.5491408086544085,0
132.23,-0.05819859925955517,0
132.24,0.4332910157194667,0
132.25,1.8260180812296838,0
132.26,0.409518408632636,0
132.27,-0.7044636702000552,0
132.28,-0.5966191552690314,0
132.29,0.07565890581173823,0
132.3,-0.9439628505780594,0
132.31,-0.25402884886356697,0
132.32,0.030795760687853918,0
132.33,0.7169772019457978,0
132.34,0.7687526609522435,0
132.35,0.5444050758583907,0
132.36,-1.123794770643277,0
132.37,0.10136284017078359,0
132.38,0.29288138659140606,0
132.39000000000001,0.10136135741790434,0
132.4,-1.0042105697230799,0
132.41,-0.7728471133502179,0
132.42000000000002,-0.9227092940668098,0
132.43,-1.41185185085938,0
132.44,-0.4626152304178852,0
132.45,-0.6486102725231936,0
132.46,1.127838765235346,0
132.47,0.08401814947509545,0
132.48,0.6019209036054392,0
132.49,-0.7931611808135863,0
132.5,-0.5886107623140802,0
132.51,-0.20356841263373043,0
132.52,-0.6425214492364644,0
132.53,-0.4934606090195665,0
132.54,-0.3474133089495669,0
132.55,-0.3193872838345162,0
132.56,0.8001113416439426,0
132.57,0.2935007906449789,0
132.58,0.22079754955141145,0
132.59,0.234662617526563,0
132.6,0.2770008157815508,0
132.61,-0.08278798993087494,0
132.62,-0.29939167631040264,0
132.63,-0.09388640694129077,0
132.64000000000001,0.4847053637456442,0
132.65,0.6130880227349611,0
132.66,-0.08258638025949433,0
132.67000000000002,0.28043156566716493,0
132.68,-0.14132882955900622,0
132.69,-0.1250963624946076,0
132.7,-0.3912312427558659,0
132.71,-0.3023173696113854,0
132.72,0.5309611885464055,0
132.73,0.0742050353663069,0
132.74,-0.017146621045760896,0
132.75,-0.8827094452103392,0
132.76,-0.4930767679262589,0
132.77,-0.35948176843178603,0
132.78,-0.639110176694968,0
132.79,-0.255919309532317,0
132.8,-0.40020157868230444,0
132.81,-0.16510455025728396,0
132.82,-0.08421395153442951,0
132.83,-0.637656444833882,0
132.84,-0.47935460698259585,0
132.85,-0.18623951386586232,0
132.86,0.4765282574002525,0
132.87,0.14826344925105833,0
132.88,-0.42300612942283433,0
132.89000000000001,-0.0008232232969732634,0
132.9,0.801580769147199,0
132.91,0.5810427926609424,0
132.92000000000002,0.32931945371749444,0
132.93,0.3612262681279203,0
132.94,0.7496393869711391,0
132.95,0.6527380985112478,0
132.96,0.3575360286391215,0
132.97,0.5510178110939683,0
132.98,-0.5457060811382121,0
132.99,-1.0438663220080513,0
133.0,-0.2847240820766074,0
133.01,-0.14201157817596385,0
133.02,-0.4325469770034346,0
133.03,0.22427869418524118,0
133.04,-1.0433383079735363,0
133.05,-0.6529744910958692,0
133.06,-0.528841697114293,0
133.07,-1.1109282082944687,0
133.08,0.4109480873523763,0
133.09,-0.728389530152028,0
133.1,-0.6027004493590242,0
133.11,0.22557757123005154,0
133.12,0.2931705564983682,0
133.13,-0.6241023409485019,0
133.14000000000001,0.10018382296290168,0
133.15,0.07213909196417698,0
133.16,1.153243893718333,0
133.17000000000002,0.39622185996948056,0
133.18,-0.08334951570998081,0
133.19,-0.5841306812703455,0
133.2,-0.6495314203394922,0
133.21,-0.7092840104167135,0
133.22,0.4457002866361508,0
133.23,0.013870524536273299,0
133.24,0.19737042880083092,0
133.25,0.748634549300212,0
133.26,-1.1758917900955772,0
133.27,0.2800001385233468,0
133.28,-0.0075583600343336055,0
133.29,0.12274282269541881,0
133.3,-0.5175012887213136,0
133.31,-0.6385256951599374,0
133.32,-0.006310734884283603,0
133.33,1.1613107454282465,0
133.34,0.7176466042117321,0
133.35,0.7463795465985757,0
133.36,-0.02260702556740804,0
133.37,-0.4322229555696516,0
133.38,-0.6307900098805546,0
133.39000000000001,-0.5246354056078795,0
133.4,-1.3312395236398213,0
133.41,-0.8257434835084975,0
133.42000000000002,-0.6117189495351236,0
133.43,-0.3531761823424878,0
133.44,-0.12498125048716756,0
133.45,0.05493704019956289,0
133.46,-0.10103622714798231,0
133.47,-0.4417068627957456,0
133.48,-1.2627798869908307,0
133.49,-0.7288492847431752,0
133.5,-0.8068453916653909,0
133.51,-0.06026988832673727,0
133.52,0.3624179755026569,0
133.53,0.4836979290503125,0
133.54,0.4173131786233854,0
133.55,-0.07348071656465914,0
133.56,-0.4030183039645794,0
133.57,-0.6052880432802772,0
133.58,-1.060779730636762,0
133.59,0.15635411162110993,0
133.6,-0.16058571771896976,0
133.61,-0.8104874625524845,0
133.62,-0.7493650285624348,0
133.63,-0.755628999789369,0
133.64000000000001,-0.27257547886568845,0
133.65,0.3937536484820249,0
133.66,-0.19343137485669729,0
133.67000000000002,-1.3544507371198804,0
133.68,-0.5458837292905035,0
133.69,-0.3261618947013463,0
133.7,-0.3078169674432769,0
133.71,-0.5175842825326853,0
133.72,-0.1200732907319402,0
133.73,-0.10125333162341466,0
133.74,-0.14498011087398885,0
133.75,0.07707100028022212,0
133.76,-0.3160496383999565,0
133.77,-0.44453892157971087,0
133.78,0.5174407861362995,0
133.79,0.3208617135081694,0
133.8,0.4142321999381281,0
133.81,0.65015461622711,0
133.82,0.33628899321583927,0
133.83,0.47215230928963525,0
133.84,-0.8293245583352484,0
133.85,-0.20490385593989835,0
133.86,-0.25480791832789995,0
133.87,0.7234598470484097,0
133.88,0.5686187785273363,0
133.89000000000001,-0.29981571203163593,0
133.9,0.017349904992219223,0
133.91,-0.012574515066079178,0
133.92000000000002,0.1326096431700511,0
133.93,-0.6155972837003463,0
133.94,-0.06834406060844159,0
133.95,-0.24473678806953936,0
133.96,-0.016907846223673806,0
133.97,-0.496111593689374,0
133.98,-0.5417045806504405,0
133.99,0.383590216242395,0
134.0,-0.5701702785293934,0
134.01,-0.7692988197559623,0
134.02,-0.32584700230773944,0
134.03,-0.5985598573359593,0
134.04,-0.7269740034380675,0
134.05,-0.23179778870300777,0
134.06,-0.9654467484561676,0
134.07,-0.8841195882570914,0
134.08,0.766880038583925,0
134.09,0.33045261801521464,0
134.1,-0.4208978923099629,0
134.11,0.01156428493377562,0
134.12,0.1991033230817797,0
134.13,0.47343962869345846,0
134.14000000000001,-0.05523772614654811,0
134.15,0.40034174611862733,0
134.16,-1.0913129896927825,0
134.17000000000002,-0.9411890285385022,0
134.18,-0.25385509076595814,0
134.19,0.006266963947899967,0
134.2,-0.5897857431453815,0
134.21,-0.11507803918651333,0
134.22,-0.46675384657339325,0
134.23,-0.36993191083535815,0
134.24,0.3475066479224729,0
134.25,0.465193866413798,0
134.26,-0.5203807765613937,0
134.27,-0.7988138166255684,0
134.28,-0.5243482235303564,0
134.29,-0.25099631251956706,0
134.3,-0.5187545332130703,0
134.31,0.3188533426669867,0
134.32,0.1590884863680077,0
134.33,0.1504191785771993,0
134.34,-0.7424646647255393,0
134.35,0.3304289425945537,0
134.36,-1.5247956049481528,0
134.37,-0.04258398092247678,0
134.38,0.38137361166232486,0
134.39000000000001,-0.24044504548718432,0
134.4,0.5122533716660402,0
134.41,-0.011028473315645382,0
134.42000000000002,-0.07498544136605984,0
134.43,0.05660402982648652,0
134.44,1.6056684779655932,0
134.45,1.0119444328315153,0
134.46,0.5209468833943836,0
134.47,-0.4612652650444059,0
134.48,-0.14423630098027004,0
134.49,-0.5744480587858343,0
134.5,0.1888340488968794,0
134.51,0.016670092631806133,0
134.52,-0.7000070016529112,0
134.53,-0.2371122801240061,0
134.54,-0.616920083445267,0
134.55,-0.17898442233564446,0
134.56,-0.6075024344241441,0
134.57,-0.2424899167117479,0
134.58,0.23379168963171873,0
134.59,-0.07502658917358554,0
134.6,-0.33212585686281504,0
134.61,-0.0799721344257652,0
134.62,0.24610388827206758,0
134.63,-0.6332504160654432,0
134.64000000000001,-0.1246512631615534,0
134.65,0.5653419104008419,0
134.66,0.3417109618953209,0
134.67000000000002,0.01108192838564842,0
134.68,0.23836643430961324,0
134.69,0.19549025689669072,0
134.7,0.3451352054807555,0
134.71,-1.0965723498746158,0
134.72,-1.2064392884325195,0
134.73,0.12848617573767268,0
134.74,-0.8744882998306682,0
134.75,-0.10976905675263782,0
134.76,-0.319886292451382,0
134.77,-0.715427345311292,0
134.78,-0.09759066978996059,0
134.79,-0.022259591096895667,0
134.8,1.013362839531118,0
134.81,-0.1842819591400587,0
134.82,0.6159654949239035,0
134.83,0.23681098102440107,0
134.84,-0.3976573126843279,0
134.85,0.22138530763124326,0
134.86,0.251810157756962,0
134.87,-0.022756069698280285,0
134.88,0.03134164215381427,0
134.89000000000001,-0.4148467509078143,0
134.9,-0.6482224939510268,0
134.91,0.1376394644852433,0
134.92000000000002,-0.18956488064497928,0
134.93,-0.19474184872985892,0
134.94,-0.00435870106552666,0
134.95,0.035513153768405276,0
134.96,-0.8569453887228872,0
134.97,0.36609673891579037,0
134.98,0.05143208894271267,0
134.99,-0.19967223879891288,0
135.0,0.07492795528364787,0
135.01,0.04012000779670302,0
135.02,0.3139545046256195,0
135.03,0.2604361410305548,0
135.04,0.34285536431624586,0
135.05,0.7006492857337129,0
135.06,0.5412228268873078,0
135.07,-0.054643821477170534,0
135.08,-0.7161145944867187,0
135.09,0.6046789819449818,0
135.1,-0.0798640543921697,0
135.11,-0.3763343290474618,0
135.12,-1.123357934253168,0
135.13,-0.2049810052005286,0
135.14000000000001,-0.07633244212313811,0
135.15,-0.9302938781966721,0
135.16,-0.09553195123305624,0
135.17000000000002,-0.3935147332736446,0
135.18,1.2299976555001437,0
135.19,-0.1000007047173283,0
135.2,-0.36103527819659986,0
135.21,-0.660371367407462,0
135.22,0.4111739290424994,0
135.23,-0.1999542729189833,0
135.24,-0.5402464321791983,0
135.25,0.13721725512728417,0
135.26,-0.8049658022588153,0
135.27,0.0274843607696727,0
135.28,0.8513776234182405,0
135.29,0.41044752844705124,0
135.3,0.33819575249318035,0
135.31,0.44378326506168764,0
135.32,0.9173382518696714,0
135.33,0.7695745081131597,0
135.34,0.322478160296067,0
135.35,0.45793459154894534,0
135.36,-0.46133069528513293,0
135.37,0.19406435388332643,0
135.38,-0.5909683411229935,0
135.39000000000001,-0.4471687269913254,0
135.4,-1.857323155142959,0
135.41,-0.35449722072218176,0
135.42000000000002,-0.5354344491843467,0
135.43,0.3539559584610922,0
135.44,0.19238717578664033,0
135.45,0.5428405966544301,0
135.46,-0.5452037134669214,0
135.47,0.3128319555234188,0
135.48,1.0958227183242484,0
135.49,0.5770852950212005,0
135.5,0.46136476452537656,0
135.51,0.10187905622348789,0
135.52,-0.3576973241387932,0
135.53,0.21219131517489923,0
135.54,-0.8527240345167908,0
135.55,-0.539363581564687,0
135.56,-1.1816878222307947,0
135.57,-0.7738241188437245,0
135.58,0.04479169032984345,0
135.59,0.17669027592436706,0
135.6,-0.03234501176964358,0
135.61,-0.020956127190629475,0
135.62,-1.1131262181187462,0
135.63,-0.5802654203836721,0
135.64000000000001,-0.6114748524290818,0
135.65,-0.6073894085454579,0
135.66,0.06391776020380915,0
135.67000000000002,-0.5457860268641612,0
135.68,-0.5619587513741995,0
135.69,-1.355409317579608,0
135.7,-0.5989484041988823,0
135.71,-0.8324973631957258,0
135.72,-0.26937778291167236,0
135.73,-0.6772580701818548,0
135.74,-0.21704048766791112,0
135.75,-0.23469206190826733,0
135.76,0.7283831569546662,0
135.77,0.34353367465795537,0
135.78,-0.9971199556867658,0
135.79,-1.0261924910630167,0
135.8,-0.3304457776213937,0
135.81,-0.6810692735440721,0
135.82,-1.854292258998246,0
135.83,0.15186046638174355,0
135.84,0.3182792170842823,0
135.85,0.2537946510260755,0
135.86,-0.36316904457762345,0
135.87,0.03378077123018142,0
135.88,-0.4698144775254215,0
135.89000000000001,-0.11150596674617685,0
135.9,-0.621248607085354,0
135.91,0.549052656637078,0
135.92000000000002,-0.8020383542416503,0
135.93,0.3526467105190146,0
135.94,0.005824494883640063,0
135.95,-0.3622465046500329,0
135.96,-0.10465388246432426,0
135.97,0.2613600136858525,0
135.98,0.6901876693809181,0
135.99,0.23633057913061725,0
136.0,-0.5182033205242484,0
136.01,-0.20286766882586899,0
136.02,0.8138647271428758,0
136.03,0.8182446198738831,0
136.04,0.5856192543381822,0
136.05,0.4672628762020038,0
136.06,0.386441401376699,0
136.07,0.6108491687728012,0
136.08,-0.19328034255405466,0
136.09,-0.8727556397525913,0
136.1,-0.2842293958973849,0
136.11,-0.6092183645334286,0
136.12,-0.8168930633689911,0
136.13,-0.690532466101992,0
136.14000000000001,1.0481658493706771,0
136.15,0.23183172053533713,0
136.16,0.14800301265275398,0
136.17000000000002,-0.7166167303901254,0
136.18,-1.2636664527454482,0
136.19,-0.8547225224007997,0
136.2,0.44959499733278097,0
136.21,0.18781543688955996,0
136.22,0.2631474607927735,0
136.23,0.3565373462041668,0
136.24,-0.32832453358083136,0
136.25,0.5545323570793639,0
136.26,-0.30086882685553673,0
136.27,0.5711589295154292,0
136.28,0.2758565895806566,0
136.29,-0.9862224953671668,0
136.3,-0.7473365952637828,0
136.31,-1.2397988098523283,0
136.32,0.20713450058342306,0
136.33,-0.06377578230417902,0
136.34,-1.3049840983871546,0
136.35,-0.22849932724919894,0
136.36,-0.4455178517364987,0
136.37,-1.0038748370846997,0
136.38,0.5403083086249271,0
136.39000000000001,0.08992936104453017,0
136.4,-0.2360437617529264,0
136.41,-0.37396456527699773,0
136.42000000000002,-1.0015939086605907,0
136.43,-1.0473271543668874,0
136.44,0.3202389134789184,0
136.45,-0.27447457171750445,0
136.46,-0.15902404564764022,0
136.47,-1.2305734310427772,0
136.48,-1.1116954519215545,0
136.49,-0.05528109999071251,0
136.5,0.08523847517591007,0
136.51,0.8529754158368154,0
136.52,0.8263649964474328,0
136.53,-0.01830299926349868,0
136.54,0.14527401603594411,0
136.55,-0.2342807505123209,0
136.56,0.9337095183905745,0
136.57,0.7433572052551262,0
136.58,0.1742595599552999,0
136.59,0.04835708652209603,0
136.6,0.6796157996112204,0
136.61,0.376660410678032,0
136.62,0.8223182393894328,0
136.63,-1.0644683588164583,0
136.64000000000001,-0.12233194298263245,0
136.65,-0.4068873107129207,0
136.66,0.7318122278574202,0
136.67000000000002,0.9046838019741574,0
136.68,0.1418942450313121,0
136.69,0.7515062865180357,0
136.70000000000002,1.035721100228679,0
136.71,0.19684582897714903,0
136.72,1.2639127420123817,0
136.73,0.19761557918925646,0
136.74,-0.16649024199959106,0
136.75,0.3178490789477212,0
136.76,-0.2105615625957581,0
136.77,-0.10879356131891482,0
136.78,0.6217936800338715,0
136.79,0.064119982501048,0
136.8,-0.988171565697959,0
136.81,-0.1529590262222557,0
136.82,-0.51054896909112,0
136.83,0.23166004163900913,0
136.84,0.32718877927519646,0
136.85,0.7639162409840385,0
136.86,0.5728368520831485,0
136.87,0.6223859182085382,0
136.88,-0.3021195040810888,0
136.89000000000001,0.25124121958699824,0
136.9,1.009718296352498,0
136.91,-0.21564397239216407,0
136.92000000000002,0.803188214730334,0
136.93,-0.1930575784342833,0
136.94,-0.6032569964648142,0
136.95000000000002,-0.09434653525042452,0
136.96,0.25640989738200215,0
136.97,0.44840903868825666,0
136.98,-0.501284065060273,0
136.99,0.004891435765715796,0
137.0,-0.4650360024404943,0
137.01,-1.0103208899750984,0
137.02,-0.848304809221656,0
137.03,-0.7130783047913836,0
137.04,-0.0016044123838588054,0
137.05,0.5121092257676418,0
137.06,-0.7575724894306322,0
137.07,-0.10300821452158912,0
137.08,-0.7534133746824778,0
137.09,0.045647346987354814,0
137.1,-0.4212048838347551,0
137.11,-0.7661430058800004,0
137.12,0.1333604025214933,0
137.13,-0.3801514860096681,0
137.14000000000001,-0.3642156969443104,0
137.15,-1.3741734238744936,0
137.16,0.05965019378555972,0
137.17000000000002,0.35121564229859886,0
137.18,-0.01013039835335379,0
137.19,-0.9168452312254125,0
137.20000000000002,0.3140171910148859,0
137.21,-0.3770887475897448,0
137.22,-0.4364643425253013,0
137.23,1.0213821672604682,0
137.24,-0.22009337349979916,0
137.25,0.23952075622322525,0
137.26,0.258524180602128,0
137.27,0.17174047017749502,0
137.28,0.09245826799998122,0
137.29,0.12292161343017824,0
137.3,0.07493419420282924,0
137.31,-0.10950997356659697,0
137.32,0.6768578097797675,0
137.33,-0.6303806784881267,0
137.34,0.28582909676951523,0
137.35,0.4088644013984488,0
137.36,0.37363817388607573,0
137.37,0.5877594349833737,0
137.38,-0.002834481447058834,0
137.39000000000001,-1.0964459291209745,0
137.4,-0.41303356617831133,0
137.41,-0.7315087859336483,0
137.42000000000002,-0.67300343003954,0
137.43,-0.9302493627673174,0
137.44,-0.5871124018752811,0
137.45000000000002,-0.5648291606195879,0
137.46,-1.5076556799569567,0
137.47,-0.10431062893885498,0
137.48,1.0560516018679373,0
137.49,0.4866044814273305,0
137.5,-0.0866448496773669,0
137.51,-0.15102814765965472,0
137.52,-0.3621401059722157,0
137.53,-0.14275868932282743,0
137.54,-0.15555245308711407,0
137.55,-0.586911360221714,0
137.56,0.6493534748476433,0
137.57,-0.7297202798409415,0
137.58,0.10002948006508106,0
137.59,-0.12894183881045895,0
137.6,0.879985895576535,0
137.61,0.3014997687338674,0
137.62,-0.21628711201008713,0
137.63,-0.28596482927954125,0
137.64000000000001,-0.15020028245669217,0
137.65,-0.7460676831320702,0
137.66,-0.6948237944796373,0
137.67000000000002,-1.2241538164536734,0
137.68,-0.8974389987497774,0
137.69,-0.2742145676535986,0
137.70000000000002,-0.008543648456579428,0
137.71,-1.1560229059693696,0
137.72,-0.4618804636650103,0
137.73,0.08478042554314988,0
137.74,-0.1653268746493522,0
137.75,-0.47859238286206784,0
137.76,-0.43886469072550494,0
137.77,-0.49739833687836454,0
137.78,-0.5631180137635834,0
137.79,-0.14787967933814555,0
137.8,1.0923076701420835,0
137.81,-0.22259742683874545,0
137.82,-0.32467975678606265,0
137.83,-0.20828943787414872,0
137.84,-0.5176815884232806,0
137.85,0.35587979541187986,0
137.86,-1.273139270275546,0
137.87,-0.7006020258905286,0
137.88,0.16114066100177804,0
137.89000000000001,-0.21580031352588058,0
137.9,-0.5905258105664049,0
137.91,-0.012343212754479554,0
137.92000000000002,0.38016347911826065,0
137.93,0.10782111996082966,0
137.94,-0.49909343733827627,0
137.95000000000002,0.018820196741576395,0
137.96,-0.30873122928864427,0
137.97,0.2203444940884786,0
137.98,0.7456826867915145,0
137.99,-1.300411765148262,0
138.0,-0.36520671201830684,0
138.01,-1.114872250690584,0
138.02,0.9224091878728367,0
138.03,-0.11788164354461497,0
138.04,0.2688284940276081,0
138.05,-0.05075144256489218,0
138.06,-0.5394897258908644,0
138.07,-0.7250091344130148,0
138.08,0.5640867919419826,0
138.09,0.5510215454091054,0
138.1,1.0737316202178748,0
138.11,0.19893314800059028,0
138.12,0.10405014244159116,0
138.13,-0.2152667174325496,0
138.14000000000001,-0.30566823906815466,0
138.15,-0.7302085424176654,0
138.16,-0.23674357082885195,0
138.17000000000002,-0.578397113516952,0
138.18,-0.008156622868530597,0
138.19,-0.010371904801093443,0
138.20000000000002,0.05175890708706421,0
138.21,0.806176723403321,0
138.22,0.0826496373738673,0
138.23,0.32485806024623876,0
138.24,1.074947714656029,0
138.25,0.8658090129923754,0
138.26,0.731828536438656,0
138.27,-0.07907198287617173,0
138.28,0.0038385282214077054,0
138.29,-0.7997350301827192,0
138.3,-0.03289000945144102,0
138.31,0.03931186560091743,0
138.32,-0.07632356057126641,0
138.33,0.42935199761247445,0
138.34,-0.6344086851312245,0
138.35,0.6134762478436702,0
138.36,0.5350673636259253,0
138.37,-0.0023509052613683024,0
138.38,-0.17827363866853163,0
138.39000000000001,0.11291232368084814,0
138.4,0.7396937730882613,0
138.41,0.14061252975554261,0
138.42000000000002,0.013454608634293624,0
138.43,-0.08536710613308629,0
138.44,0.8292899020053455,0
138.45000000000002,-0.08745907912176731,0
138.46,-0.1358963121000262,0
138.47,0.6470598492812367,0
138.48,0.1417769559281288,0
138.49,0.542712315076936,0
138.5,-0.44784577795370417,0
138.51,-0.3195014041395837,0
138.52,0.6124442686000559,0
138.53,-0.3052367138381839,0
138.54,-0.25503359423396016,0
138.55,-0.025196092577269083,0
138.56,-0.6311695031837613,0
138.57,-0.4762509448838347,0
138.58,-0.1571490735328224,0
138.59,-0.11247614937729822,0
138.6,0.555685749138717,0
138.61,0.8617947385563565,0
138.62,-0.33843275235726067,0
138.63,-0.12331903972443822,0
138.64000000000001,0.23028680666398385,0
138.65,0.7671565917556202,0
138.66,0.4765078888895896,0
138.67000000000002,0.17616686079827235,0
138.68,0.3011382551854281,0
138.69,0.3362502916691691,0
138.70000000000002,-0.5077969111720313,0
138.71,-0.12207508559732826,0
138.72,0.6487588010880078,0
138.73,-0.04599113119079026,0
138.74,-0.040297941950275085,0
138.75,-0.23693707719674623,0
138.76,-1.389138940530653,0
138.77,-0.43399172075815956,0
138.78,-0.045434028492433984,0
138.79,-0.38190914385026264,0
138.8,-0.8079708970295877,0
138.81,-0.7685343571244345,0
138.82,0.11725664462754462,0
138.83,0.9822075986436898,0
138.84,0.8842220080618444,0
138.85,-0.5923592518008225,0
138.86,0.20954731317972147,0
138.87,-0.3982313178118291,0
138.88,-0.5070751817614925,0
138.89000000000001,-0.4702055024260827,0
138.9,0.16105691985154327,0
138.91,0.4537244449716764,0
138.92000000000002,-0.036128622750105754,0
138.93,-0.14953865629093452,0
138.94,0.11253992364551055,0
138.95000000000002,0.23332115803370654,0
138.96,0.5874422809009947,0
138.97,-0.6343610264290616,0
138.98,-0.24515196034140618,0
138.99,-0.7272541995416626,0
139.0,-0.30612637410086,0
139.01,-0.294140793875565,0
139.02,-0.19557243999501805,0
139.03,-0.5719044696761182,0
139.04,-1.0321090003140596,0
139.05,-1.4704662526567984,0
139.06,-0.5345304484766336,0
139.07,-0.46019025713367745,0
139.08,-0.5720210836661144,0
139.09,0.46430692088322834,0
139.1,-0.4385743017838477,0
139.11,0.5479220324183811,0
139.12,0.9048075725429261,0
139.13,-0.9096266654950289,0
139.14000000000001,-0.2750941051483173,0
139.15,-0.3784882354891819,0
139.16,-1.7421008610882671,0
139.17000000000002,-1.3016666337301375,0
139.18,-0.009533375783004588,0
139.19,0.9761354933932926,0
139.20000000000002,0.627987539557977,0
139.21,0.23260998999377644,0
139.22,-0.04991866820254878,0
139.23,0.7869083343872674,0
139.24,1.244072538777459,0
139.25,-0.09814211303049034,0
139.26,-1.1862229342081196,0
139.27,-1.5105168490254357,0
139.28,0.22973828844869817,0
139.29,-0.06418467254953084,0
139.3,-0.015000543468195751,0
139.31,-1.0538501993734295,0
139.32,-0.7610557289293042,0
139.33,-0.44408962141354835,0
139.34,-0.09679107506175973,0
139.35,-0.33289015209874084,0
139.36,-0.7320414987072044,0
139.37,-0.6972042925248807,0
139.38,0.37281113204184513,0
139.39000000000001,0.12721861557494854,0
139.4,0.26148101864373346,0
139.41,-0.509608467232727,0
139.42000000000002,-1.7966919607935181,0
139.43,-0.8239973374844268,0
139.44,-0.763709590009639,0
139.45000000000002,-0.10127502344608652,0
139.46,1.6282578538951449,0
139.47,0.6810998892374791,0
139.48,1.531127151768767,0
139.49,0.5895507685943302,0
139.5,-0.2841477723167849,0
139.51,0.01816381169853082,0
139.52,0.8567389679033138,0
139.53,1.092458592814356,0
139.54,-0.12928331018852904,0
139.55,0.006519965031283548,0
139.56,-0.8554712609500579,0
139.57,0.12935308942645993,0
139.58,0.763632321863932,0
139.59,0.11620283637076903,0
139.6,-0.42223247287628984,0
139.61,-0.009631186755591811,0
139.62,0.12407056359167781,0
139.63,-0.021581462991535807,0
139.64000000000001,-0.006012086012248438,0
139.65,-0.18983211747363182,0
139.66,0.38717873163662747,0
139.67000000000002,0.3931396898649985,0
139.68,-0.5209518594740005,0
139.69,-0.7640904820548087,0
139.70000000000002,-0.422141075618803,0
139.71,0.19122365241425324,0
139.72,0.03104125144080272,0
139.73,-0.4303280163087634,0
139.74,-0.06387986273439597,0
139.75,-0.28768155025484154,0
139.76,0.3014487175084737,0
139.77,0.15722899766779203,0
139.78,-0.22406558659890005,0
139.79,-0.028178160201191946,0
139.8,0.5978336454784301,0
139.81,-0.2492984043886979,0
139.82,0.05671815540308228,0
139.83,-0.1187068441850691,0
139.84,0.10236587048056262,0
139.85,-0.4183061552459015,0
139.86,-0.1411152462496398,0
139.87,0.4594024295725595,0
139.88,-0.47938970482401844,0
139.89000000000001,-0.923030980537775,0
139.9,-1.0137092460226869,0
139.91,-0.9720296671650392,0
139.92000000000002,-0.021137528909111858,0
139.93,-0.8490922613429398,0
139.94,-0.4660282793555117,0
139.95000000000002,0.11766095561386383,0
139.96,0.15623072960580373,0
139.97,-0.2613134971948846,0
139.98,-0.058679515927392525,0
139.99,-0.05261326006383969,0
140.0,-0.2275488381888906,0
140.01,-0.2641207030715047,0
140.02,1.0294798105064085,0
140.03,0.5934454359810183,0
140.04,1.3745070245808215,0
140.05,-0.015889111793369493,0
140.06,-0.1440626800963025,0
140.07,-0.8402394245503715,0
140.08,-0.735979732543597,0
140.09,0.7340665800640935,0
140.1,-0.18923634241744955,0
140.11,0.8800473088810401,0
140.12,-0.5368279467008803,0
140.13,-0.7898990330687989,0
140.14000000000001,-0.4738521795887066,0
140.15,-0.2470489790634379,0
140.16,0.3352003227913714,0
140.17000000000002,0.2292602338569112,0
140.18,-0.2589554747910433,0
140.19,-0.2302792510586445,0
140.20000000000002,-0.3220040807885119,0
140.21,-0.6620853625505789,0
140.22,-0.7328688736940342,0
140.23,0.2697141742317343,0
140.24,-1.000563575829195,0
140.25,0.5167526938721024,0
140.26,-0.14785212157498134,0
140.27,-0.5427117701595301,0
140.28,0.16393231970809088,0
140.29,0.7375987116774209,0
140.3,0.685286937605911,0
140.31,0.3443073934437193,0
140.32,0.5706248510239077,0
140.33,-0.8656610926114473,0
140.34,-0.5885071375836328,0
140.35,-0.7265324576444959,0
140.36,0.3763778025964073,0
140.37,-0.20425020349634654,0
140.38,0.30504033432816446,0
140.39000000000001,0.26754014690478767,0
140.4,-0.48638313445137826,0
140.41,-0.5282077892936009,0
140.42000000000002,0.46293872359072374,0
140.43,-0.3912266387798353,0
140.44,-0.12527645126428932,0
140.45000000000002,-0.5419927645609938,0
140.46,-0.39660830784344425,0
140.47,-0.2176311064902457,0
140.48,-0.5651845599377048,0
140.49,-0.7466173816192695,0
140.5,-0.1280297411515539,0
140.51,-0.5756624688133734,0
140.52,-0.6693985084284955,0
140.53,-0.7611842558644428,0
140.54,-0.3255171601392134,0
140.55,0.3274662003118247,0
140.56,0.7904607100058432,0
140.57,-0.2826236596981426,0
140.58,0.980821898925124,0
140.59,-0.38345012182186133,0
140.6,0.3875738547126644,0
140.61,-0.38100312404514514,0
140.62,-0.6525923487643119,0
140.63,-0.6532776578696948,0
140.64000000000001,-0.28474677517848684,0
140.65,0.14419538778058744,0
140.66,0.2993272497353307,0
140.67000000000002,-0.5212997394215296,0
140.68,-0.7507560114110432,0
140.69,-0.7692103952649272,0
140.70000000000002,-0.34495809217095186,0
140.71,-0.29148646192308586,0
140.72,-0.6721814983566623,0
140.73,-0.11775620851192262,0
140.74,1.082197922826837,0
140.75,-0.09146612829575118,0
140.76,-0.3469399558273491,0
140.77,0.11811514078910565,0
140.78,-0.3612261623085542,0
140.79,0.17279878332795234,0
140.8,-0.43256761991389114,0
140.81,0.774432076484223,0
140.82,0.28414243185612287,0
140.83,-0.3521950110365111,0
140.84,-0.49457053275534035,0
140.85,-0.49025795594905947,0
140.86,0.5154980512970441,0
140.87,-0.6397311781653501,0
140.88,-0.6085624606701073,0
140.89000000000001,-0.5441479346894734,0
140.9,-0.23727075049362936,0
140.91,-0.29654857902164977,0
140.92000000000002,-0.961099954439025,0
140.93,-0.5460021643292686,0
140.94,-0.2822983265099729,0
140.95000000000002,-0.4978183449874134,0
140.96,0.1485419961518093,0
140.97,0.43404132987458777,0
140.98,-0.025920844890678044,0
140.99,0.02362784478285626,0
141.0,-1.2375708482502494,0
141.01,-0.6262600954633826,0
141.02,0.28594665958094145,0
141.03,-0.24657537616210673,0
141.04,-0.5468046878701469,0
141.05,0.9837294590457769,0
141.06,1.122160234154786,0
141.07,0.4370695271389136,0
141.08,0.6233309096674187,0
141.09,-1.1219785570479381,0
141.1,-0.7922916221095303,0
141.11,-0.540715930030012,0
141.12,-0.35319638950958493,0
141.13,-0.44153700757166225,0
141.14000000000001,-1.5606642663137085,0
141.15,-0.276871338982608,0
141.16,0.12804442362860852,0
141.17000000000002,0.792850188288943,0
141.18,-0.3137940270345452,0
141.19,-0.6340208548714695,0
141.20000000000002,-1.6778468238813669,0
141.21,-0.6679275595286462,0
141.22,0.22078503061276888,0
141.23,-0.36267414204834314,0
141.24,0.9587332001747917,0
141.25,0.011003798809578524,0
141.26,-0.010979802009728715,0
141.27,-0.8206302438093142,0
141.28,-0.1441630980991886,0
141.29,-1.1820343043940558,0
141.3,-0.018001586910906336,0
141.31,0.28939598035931935,0
141.32,0.7043568815349188,0
141.33,-0.4589182041708526,0
141.34,-0.12103823599563816,0
141.35,0.17820345985899433,0
141.36,0.18831678744863828,0
141.37,-0.5054632157461124,0
141.38,-1.4918959089513604,0
141.39000000000001,-0.27989636207462826,0
141.4,-0.24285191769207043,0
141.41,-0.454126808129485,0
141.42000000000002,0.20167892386119593,0
141.43,-0.06509406403893728,0
141.44,-0.8103592573361788,0
141.45000000000002,-1.3226994460500094,0
141.46,-1.0234061736401543,0
141.47,0.9270178108463076,0
141.48,0.525189267574766,0
141.49,0.14029546137079588,0
141.5,-0.15308683275578772,0
141.51,-0.26141229390849396,0
141.52,0.4648494868812538,0
141.53,-0.2363927830613252,0
141.54,0.15681135062302898,0
141.55,-0.23764342424559542,0
141.56,0.8825195418364856,0
141.57,0.5246781316180555,0
141.58,0.7032506871828212,0
141.59,-0.2266029886583184,0
141.6,0.4156719519381089,0
141.61,-0.15368768150325027,0
141.62,-0.07094682058165327,0
141.63,0.7618863106140542,0
141.64000000000001,-0.455915403138647,0
141.65,-0.09678991920764211,0
141.66,0.11803301892784665,0
141.67000000000002,0.21543110428567713,0
141.68,-0.27717368735633197,0
141.69,0.950767777602617,0
141.70000000000002,-0.5428278012433561,0
141.71,0.5503029473480706,0
141.72,0.6937680107466582,0
141.73,1.0948842785428712,0
141.74,-0.6628886956992083,0
141.75,-0.7192034121308307,0
141.76,0.523938525461026,0
141.77,-0.9593525810181545,0
141.78,-1.1860567723657363,0
141.79,-0.6472528956354204,0
141.8,-0.15024228523799507,0
141.81,0.7197079406737876,0
141.82,-0.009355915278037585,0
141.83,-0.41684488133149233,0
141.84,-0.028957104056180086,0
141.85,0.1522905595203684,0
141.86,0.18252673105160772,0
141.87,-0.1396487011261459,0
141.88,-1.1665356291161768,0
141.89000000000001,-0.8707427755095289,0
141.9,0.44823784980785414,0
141.91,0.12128468194613232,0
141.92000000000002,-0.23180353740640672,0
141.93,0.4471681811640994,0
141.94,-0.5803546313453397,0
141.95000000000002,-0.35538896016196,0
141.96,-0.10575522077312863,0
141.97,-0.35173173117469886,0
141.98,-0.12449171598685066,0
141.99,-0.22126974736545302,0
142.0,-0.8906847160525377,0
142.01,-0.21617028358202156,0
142.02,-0.8515537562663026,0
142.03,-0.21478424426694326,0
142.04,0.5880133652678174,0
142.05,-0.09269226962791088,0
142.06,-0.7370445129509899,0
142.07,-0.3418765952751172,0
142.08,-0.6184875845810083,0
142.09,0.07203602467402602,0
142.1,-0.15071378449362854,0
142.11,0.7829426110991022,0
142.12,0.7252059956792869,0
142.13,0.009943696749046327,0
142.14000000000001,0.29376144098983287,0
142.15,-0.22575783433311952,0
142.16,-0.12811662189771225,0
142.17000000000002,-0.31424041818344817,0
142.18,0.2398954400774246,0
142.19,0.7334069308187197,0
142.20000000000002,0.5190019928283288,0
142.21,0.5310817934477898,0
142.22,0.5347114843694719,0
142.23,0.3376599398289698,0
142.24,-0.6118504664204214,0
142.25,0.6633348268508311,0
142.26,1.0372419113271238,0
142.27,0.045282960690538276,0
142.28,-0.2755416320842413,0
142.29,0.1678184062145444,0
142.3,0.2458806152285969,0
142.31,-0.13544870209478976,0
142.32,-0.7888945502153237,0
142.33,-0.1237509123784295,0
142.34,0.17342351153602228,0
142.35,0.34060886464222395,0
142.36,0.1819164002264752,0
142.37,-0.18811995063915632,0
142.38,0.39311624941839585,0
142.39000000000001,0.04417671097082586,0
142.4,-0.325686826587532,0
142.41,-0.2667432442583656,0
142.42000000000002,-1.0855671564444924,0
142.43,-0.4575074334031621,0
142.44,0.16320028857144275,0
142.45000000000002,0.13273288438104217,0
142.46,0.7540027667409858,0
142.47,-0.04050442432799922,0
142.48,0.1604495635920834,0
142.49,0.3733646788127569,0
142.5,1.2521112426252947,0
142.51,0.3012627604910557,0
142.52,-0.569582502490266,0
142.53,0.2203505673580663,0
142.54,0.959873470216137,0
142.55,-0.020553803417161162,0
142.56,0.3540395251613807,0
142.57,0.6541493570333975,0
142.58,0.6164851682555523,0
142.59,0.13233634782077547,0
142.6,-0.4275009426553404,0
142.61,-0.23875648591557702,0
142.62,0.09596088205429838,0
142.63,0.41910596381041665,0
142.64000000000001,0.19409542657989254,0
142.65,-0.24228289150897675,0
142.66,0.14672231350181886,0
142.67000000000002,0.40626618158630906,0
142.68,0.21530850651890232,0
142.69,-0.4798594825403002,0
142.70000000000002,-0.3049312557446377,0
142.71,0.34018009477795186,0
142.72,-0.7397694139967511,0
142.73,-1.387915827962689,0
142.74,0.36787207829507856,0
142.75,0.27608477458709757,0
142.76,0.3039227271837838,0
142.77,-0.5856394953542775,0
142.78,0.1581989090465146,0
142.79,0.09800482261085224,0
142.8,-0.9073071666462396,0
142.81,0.4435825049288416,0
142.82,0.10735470723528177,0
142.83,-0.27210895025604753,0
142.84,-0.35731263571003247,0
142.85,-1.2504708969678546,0
142.86,-0.08458476609381452,0
142.87,0.030388775880864582,0
142.88,-0.18364405593244215,0
142.89000000000001,0.5470671108380104,0
142.9,-0.6880206448712585,0
142.91,-0.5776147793700206,0
142.92000000000002,-0.6848437618870857,0
142.93,-0.40743329407090567,0
142.94,-0.1536558254051859,0
142.95000000000002,0.10288227691067095,0
142.96,-0.24672955107075675,0
142.97,-0.616553166172648,0
142.98,0.6560984103968742,0
142.99,1.3607131623451822,0
143.0,0.3289153512786448,0
143.01,-0.40832485945313374,0
143.02,0.5961351994361735,0
143.03,-0.7089035045179293,0
143.04,-0.442965994710105,0
143.05,-0.5688831931968208,0
143.06,-0.8471224667304287,0
143.07,-0.44828483454822465,0
143.08,-0.6596280038222256,0
143.09,-0.24549605753713624,0
143.1,-0.13420247645134845,0
143.11,-0.45170614385648633,0
143.12,-0.3974856806245862,0
143.13,-0.30952757948836634,0
143.14000000000001,0.26669548487940814,0
143.15,-0.09953736807821685,0
143.16,0.32715783369575024,0
143.17000000000002,0.3066417899300962,0
143.18,0.29393380115995155,0
143.19,0.7255002846945392,0
143.20000000000002,-0.5017731297193577,0
143.21,-0.46443621110929967,0
143.22,0.7359302727510311,0
143.23,-0.03999999553909597,0
143.24,-1.5960780346787284,0
143.25,-0.5940059188008932,0
143.26,-0.16351310791786527,0
143.27,-1.5214278861491795,0
143.28,0.24319296569436694,0
143.29,-0.40606955586331234,0
143.3,-0.013309750809101697,0
143.31,-0.21040735355563783,0
143.32,-0.8254041026008342,0
143.33,-0.8631170425962376,0
143.34,-0.8003994976925721,0
143.35,0.2914299941388442,0
143.36,-0.0923133662664811,0
143.37,-0.38756461166862954,0
143.38,-0.6811507246395508,0
143.39000000000001,0.3801841120924964,0
143.4,0.7882915581415056,0
143.41,0.7415246547704022,0
143.42000000000002,0.3611824484662493,0
143.43,0.15822852823372668,0
143.44,-0.6943571921830388,0
143.45000000000002,-0.39085408568006463,0
143.46,-0.5482234180319056,0
143.47,-1.195508388482163,0
143.48,0.17775989506118983,0
143.49,-0.4123625954658983,0
143.5,0.44756914040535517,0
143.51,0.4952591533232688,0
143.52,0.3341198377819955,0
143.53,0.32377270577465495,0
143.54,-0.33284544677270983,0
143.55,0.8200742413068071,0
143.56,0.1419266634244366,0
143.57,0.11024053444556937,0
143.58,-0.40409891805952897,0
143.59,-0.6828787203023272,0
143.6,-0.002491093518805859,0
143.61,0.02928984954183146,0
143.62,-0.4989290543259322,0
143.63,-0.976611331316587,0
143.64000000000001,-1.0062703757282359,0
143.65,0.29960436189648487,0
143.66,-0.33746209061677435,0
143.67000000000002,-0.3506027436441382,0
143.68,0.5989775379309876,0
143.69,-0.5335418621052673,0
143.70000000000002,-0.6062098881439167,0
143.71,-0.6465944635892944,0
143.72,0.6144107412445425,0
143.73,1.1295580228886437,0
143.74,0.5970593520259543,0
143.75,0.48090829487478803,0
143.76,-0.27434133726377063,0
143.77,0.8829542793446739,0
143.78,0.27784245814040187,0
143.79,0.43834566634456334,0
143.8,-0.03200792817935731,0
143.81,-0.23610975665603845,0
143.82,0.7412577626119091,0
143.83,0.3874205856752919,0
143.84,0.7844756156634906,0
143.85,0.24682974207669112,0
143.86,-0.47531034407629985,0
143.87,-0.5146832775568895,0
143.88,-0.15901554280375899,0
143.89000000000001,-0.4585369384484839,0
143.9,-0.7895183331257806,0
143.91,0.35732311965079266,0
143.92000000000002,-0.2858981380748947,0
143.93,-0.08292069062159022,0
143.94,0.05196050311600653,0
143.95000000000002,-0.38520522569605814,0
143.96,0.5913451853809572,0
143.97,-0.5320085243974577,0
143.98,-0.07857714396443558,0
143.99,0.026550213625770175,0
144.0,-0.10709893300941471,0
144.01,-0.8022425074912884,0
144.02,0.1783921067169325,0
144.03,0.3557832443072392,0
144.04,-0.3555507176614834,0
144.05,0.2031695737232162,0
144.06,0.16576725859632263,0
144.07,-0.7251779924675785,0
144.08,-0.7206625201443824,0
144.09,0.3414164634417623,0
144.1,0.16556423927307745,0
144.11,-0.34365704054194723,0
144.12,-0.6275918225457605,0
144.13,-0.5158442223120532,0
144.14000000000001,-0.4501149642860155,0
144.15,-0.6474587260354555,0
144.16,-1.173812245456997,0
144.17000000000002,0.22927535644895272,0
144.18,0.489874709927843,0
144.19,-0.6398973448178755,0
144.20000000000002,-0.1716683493500336,0
144.21,-0.6076471785845936,0
144.22,-0.3754339220824246,0
144.23,-0.36165907371688905,0
144.24,-0.4024236694533282,0
144.25,0.8818899568561657,0
144.26,-0.0981322568135209,0
144.27,-0.5390496561735382,0
144.28,-0.624923340984494,0
144.29,0.31558587322257803,0
144.3,-0.8849092615292327,0
144.31,-0.711325721195958,0
144.32,0.5087060527315397,0
144.33,0.17318936755948078,0
144.34,0.061612438180601345,0
144.35,1.0669843081336703,0
144.36,0.3141014477475593,0
144.37,-0.3824140041806541,0
144.38,-0.32959646548675814,0
144.39000000000001,-0.770805487212646,0
144.4,0.39240896008743664,0
144.41,0.32038455729737403,0
144.42000000000002,0.595222585027241,0
144.43,0.7111269772894149,0
144.44,-0.12640702956362304,0
144.45000000000002,-0.6182944811145002,0
144.46,-0.2656628427244753,0
144.47,-0.6147134735268096,0
144.48,-0.14932636764340576,0
144.49,0.482084945760062,0
144.5,-0.05245551511146983,0
144.51,-0.01664422721116411,0
144.52,-0.13751670038911776,0
144.53,0.3097504510815788,0
144.54,-0.36150260492606295,0
144.55,-1.3433547006510007,0
144.56,-0.16834999230399222,0
144.57,0.40073207465109284,0
144.58,0.2546845200665139,0
144.59,-0.36045410283176926,0
144.6,-0.7776988221095418,0
144.61,-0.014210175745843101,0
144.62,-0.011304252374044449,0
144.63,-0.15288070221045896,0
144.64000000000001,0.8492686964490117,0
144.65,-0.37489561998084686,0
144.66,0.7685660330308867,0
144.67000000000002,0.12611642559832165,0
144.68,-1.028899278645114,0
144.69,-0.43555035089639094,0
144.70000000000002,0.3192127281544718,0
144.71,-0.19743791444601477,0
144.72,-0.9175387140673137,0
144.73,-0.3997734798951854,0
144.74,-0.6391681345395477,0
144.75,0.019394895483493865,0
144.76,0.33401855091757104,0
144.77,-0.5616605907312323,0
144.78,-0.5989159301091547,0
144.79,0.17060328500351596,0
144.8,-0.49729168675194874,0
144.81,-0.783159113207458,0
144.82,-0.9060043688575686,0
144.83,-0.12151936455403016,0
144.84,0.051795144629438725,0
144.85,-0.4337633402762589,0
144.86,-0.18813734535787496,0
144.87,0.683841644780412,0
144.88,-0.4301078124950766,0
144.89000000000001,-1.2292166045902835,0
144.9,-0.14724946096513924,0
144.91,-0.17786502374462698,0
144.92000000000002,-0.5048108288628814,0
144.93,0.13885071388290482,0
144.94,0.3994563128236795,0
144.95000000000002,-1.1582660530685225,0
144.96,-0.719213225945378,0
144.97,0.972269334434854,0
144.98,0.47169364824924354,0
144.99,0.3959440794353811,0
145.0,0.641594225988103,0
145.01,0.08751805432222119,0
145.02,0.3642006816043447,0
145.03,0.3915313589042308,0
145.04,0.3030583608939667,0
145.05,-0.17757208880829947,0
145.06,-0.03459045384286902,0
145.07,-0.4037666165199115,0
145.08,-0.17588421570553026,0
145.09,-0.7479710911398074,0
145.1,-0.6897362334940397,0
145.11,-0.40445434964421034,0
145.12,-0.685319976020313,0
145.13,-0.5218903088871479,0
145.14000000000001,-0.29936057468751914,0
145.15,0.057816280670954526,0
145.16,0.4384337856574393,0
145.17000000000002,-0.21887705415245373,0
145.18,0.5747962012830984,0
145.19,0.562096996681488,0
145.20000000000002,0.327555725296654,0
145.21,0.08232553868828232,0
145.22,0.10916679141556458,0
145.23,0.5781098516696939,0
145.24,0.7148276432777919,0
145.25,0.8083432973027335,0
145.26,0.14285339981338085,0
145.27,0.2500418320883456,0
145.28,0.6968145610044691,0
145.29,-0.2390994606430782,0
145.3,-0.3104660239072673,0
145.31,-0.15017000084736967,0
145.32,0.36046132174761814,0
145.33,0.49644195614103154,0
145.34,-0.07983812215019544,0
145.35,-0.9043230903640302,0
145.36,-0.17592561350791258,0
145.37,-0.6139340807654305,0
145.38,-1.0278145395631366,0
145.39000000000001,-1.0108677894649507,0
145.4,-0.15973612256476083,0
145.41,0.6040672376737013,0
145.42000000000002,0.09095997676646973,0
145.43,0.054567631597281924,0
145.44,0.5628646483516326,0
145.45000000000002,-0.7624413707243825,0
145.46,0.005750566490558565,0
145.47,-0.08535610342650253,0
145.48,0.19951431052374147,0
145.49,-0.2881562216156143,0
145.5,-0.5881524483796057,0
145.51,-0.15271553961502837,0
145.52,0.7595998278067635,0
145.53,0.5679208078517135,0
145.54,-0.20879851248218312,0
145.55,-0.8466992259323246,0
145.56,-1.1877899567567372,0
145.57,0.3235964013441355,0
145.58,-0.508011554435106,0
145.59,-0.38061623898788727,0
145.6,0.5282011108733461,0
145.61,-0.8076156129528671,0
145.62,0.5126026962581158,0
145.63,-0.08706883612762202,0
145.64000000000001,-0.7135455357317997,0
145.65,-0.3901969519129609,0
145.66,-0.5624151658448779,0
145.67000000000002,0.0141203760405266,0
145.68,-0.4216213308611797,0
145.69,-1.2033903770859682,0
145.70000000000002,-0.49824333136498417,0
145.71,-0.9268774109604447,0
145.72,-0.2027905349140306,0
145.73,-0.7627351786577583,0
145.74,-0.5303867574776047,0
145.75,-0.11515132362465685,0
145.76,-0.2216887470678533,0
145.77,-0.0017884918967609742,0
145.78,0.28213042446249986,0
145.79,-0.6257772427047253,0
145.8,-0.2703777013865565,0
145.81,-1.9202819013938583,0
145.82,-0.4279362827749573,0
145.83,-0.3467277022114174,0
145.84,-0.6899230722563073,0
145.85,-0.08383857304664354,0
145.86,0.5240836112351489,0
145.87,-0.20190477557450337,0
145.88,-0.6330226038226892,0
145.89000000000001,-0.14974326343204955,0
145.9,-0.828032705119827,0
145.91,-0.6379937464763661,0
145.92000000000002,0.4121946024820694,0
145.93,0.05691222362105752,0
145.94,-1.0658732268982303,0
145.95000000000002,-1.3026184602439594,0
145.96,-0.31849697530465965,0
145.97,0.3005005457786789,0
145.98,-0.8654136508802968,0
145.99,-0.0559338546013492,0
146.0,0.6154332312441814,0
146.01,1.080201812890374,0
146.02,0.367460555402708,0
146.03,0.2828078942993558,0
146.04,-1.1442110941732073,0
146.05,0.7532523719243058,0
146.06,-0.19701248464912122,0
146.07,-0.6251859027606621,0
146.08,-0.3709989850659885,0
146.09,0.6335035923796574,0
146.1,1.2555024709184988,0
146.11,0.3019547609316545,0
146.12,0.5283285704575683,0
146.13,0.0764450565437164,0
146.14000000000001,-0.6121657970507522,0
146.15,0.5547924642802726,0
146.16,-0.27116040520433243,0
146.17000000000002,0.6714107347072199,0
146.18,0.7808786735056218,0
146.19,0.44375299728362216,0
146.20000000000002,1.0064995027551724,0
146.21,1.362025947249142,0
146.22,0.1688118550092057,0
146.23,-0.4668493200200524,0
146.24,-1.187812153638353,0
146.25,0.8201392589016229,0
146.26,-0.10736090938703598,0
146.27,0.4993877679175126,0
146.28,-0.34808624848193537,0
146.29,0.6540009460090415,0
146.3,-0.2874646299572138,0
146.31,-0.7845956326521003,0
146.32,-0.38525246738969754,0
146.33,-0.4575384008560431,0
146.34,0.12516058688456433,0
146.35,-0.07405434004759576,0
146.36,0.23781574023593371,0
146.37,-0.17343895939420984,0
146.38,-0.47543594730297867,0
146.39000000000001,-0.5074780293747515,0
146.4,0.8843105229326156,0
146.41,0.26319783069912495,0
146.42000000000002,-1.06838437356727,0
146.43,-0.6218556613522122,0
146.44,-0.1815786284646687,0
146.45000000000002,0.859677040423053,0
146.46,0.6850996251460661,0
146.47,-0.3971795184647343,0
146.48,1.110988196418256,0
146.49,0.183607265159008,0
146.5,0.6321012633509385,0
146.51,-0.5345416949265341,0
146.52,-1.4881952756335604,0
146.53,-1.1995109778301447,0
146.54,-2.1081867885604835,0
146.55,0.5203539998859421,0
146.56,0.16700439421017058,0
146.57,-0.5279540280615237,0
146.58,0.03178091571083774,0
146.59,0.03153429027086978,0
146.6,0.26134533122810943,0
146.61,0.6322781067381888,0
146.62,-0.07346911665290819,0
146.63,-0.5640272354268685,0
146.64000000000001,0.22272897794120472,0
146.65,0.40589993460384344,0
146.66,0.07809849160063377,0
146.67000000000002,1.1021579619663493,0
146.68,-0.03457621458865613,0
146.69,-0.5647791761711095,0
146.70000000000002,0.004555494902750867,0
146.71,-0.43515645473615455,0
146.72,0.07825470073276065,0
146.73,-0.5008477491714417,0
146.74,-0.41512924835852266,0
146.75,0.8264135913282534,0
146.76,-0.08609833054955664,0
146.77,-0.523622309911076,0
146.78,0.41587198339071724,0
146.79,-0.5323679143213812,0
146.8,-0.5786966511992294,0
146.81,0.08580800195294969,0
146.82,0.44466327471725287,0
146.83,0.6846177125073277,0
146.84,-0.3032311609156013,0
146.85,0.1651552747992842,0
146.86,-0.28333162251368105,0
146.87,-0.4697361324245799,0
146.88,0.4469800092949173,0
146.89000000000001,-0.2572200345673821,0
146.9,0.0075719321557893016,0
146.91,0.008498906050503116,0
146.92000000000002,-0.6443041118736492,0
146.93,0.27721920366584807,0
146.94,0.2915220866448398,0
146.95000000000002,-1.0610099611703896,0
146.96,-0.19360554103534441,0
146.97,-0.5360952711059928,0
146.98,0.3741803509780028,0
146.99,-0.7521770116258594,0
147.0,-0.45384530666008804,0
147.01,0.0033962653263843595,0
147.02,-0.04611474321498223,0
147.03,0.31890282984585205,0
147.04,-0.8047267633759664,0
147.05,0.6027128892966053,0
147.06,0.35455961716069806,0
147.07,0.7369924548858136,0
147.08,0.5740978757633626,0
147.09,0.06165913828390493,0
147.1,-0.7441171304059214,0
147.11,-0.5617609495437716,0
147.12,0.630469857391878,0
147.13,0.8198549330699969,0
147.14000000000001,-0.20052057575324514,0
147.15,-1.6264704738472504,0
147.16,-0.5953450060825941,0
147.17000000000002,-0.37747932460383155,0
147.18,-0.30278222579770486,0
147.19,0.13040197583630403,0
147.20000000000002,0.4238778336917004,0
147.21,0.5580336285359501,0
147.22,0.3015905241812868,0
147.23,-0.9588183421656961,0
147.24,-0.49661609087394265,0
147.25,1.0276758260738885,0
147.26,0.38105501231608335,0
147.27,0.21602465971860862,0
147.28,0.17036069872301424,0
147.29,0.1887416510709783,0
147.3,-1.2969269322545047,0
147.31,-0.5267764546136545,0
147.32,-0.2268313494073041,0
147.33,0.5508072468829973,0
147.34,0.08819461102949454,0
147.35,-0.9296396776373997,0
147.36,-0.07820368036503171,0
147.37,-0.5224155544032203,0
147.38,-0.8533531076407345,0
147.39000000000001,-0.7322936671447031,0
147.4,0.031124565714547914,0
147.41,0.6034429175117435,0
147.42000000000002,0.3333967508313887,0
147.43,0.3453143669639568,0
147.44,0.2636641626247215,0
147.45000000000002,0.04533039584594575,0
147.46,0.3079585360914859,0
147.47,-1.2855758526821808,0
147.48,-0.3366860994072902,0
147.49,-0.7150496914475579,0
147.5,0.36613716077182185,0
147.51,-0.061186251207768105,0
147.52,-0.07313894341882904,0
147.53,-0.894079986658934,0
147.54,0.24371862426369123,0
147.55,0.3207762025977446,0
147.56,0.30259251732547543,0
147.57,-0.4314791714461318,0
147.58,-0.5939923595845119,0
147.59,-0.10352371023790045,0
147.6,-0.469794070080103,0
147.61,0.04011093964756077,0
147.62,-1.2147387319616558,0
147.63,-0.6372917970568668,0
147.64000000000001,0.7235710228365899,0
147.65,0.3410258910239928,0
147.66,0.10020340969051865,0
147.67000000000002,1.0084093111325088,0
147.68,-1.0656877937858842,0
147.69,-0.7743843829795513,0
147.70000000000002,-0.4809834716142257,0
147.71,0.2631398823786632,0
147.72,0.4584183551487623,0
147.73,-0.4202268831630767,0
147.74,0.3527687506466223,0
147.75,-0.20017539535463716,0
147.76,0.5216407300876611,0
147.77,-0.49303250194464865,0
147.78,-0.2624178761856763,0
147.79,-0.40009568938646645,0
147.8,0.3889216941535043,0
147.81,-0.2545645835626809,0
147.82,-0.15960993667568918,0
147.83,0.15666113355551226,0
147.84,0.25623549627325815,0
147.85,0.4631254182019393,0
147.86,0.15497797221511586,0
147.87,-0.257190340933882,0
147.88,-0.3236948299590048,0
147.89000000000001,-0.1403904250900859,0
147.9,0.024713276955013602,0
147.91,-0.14526942232424103,0
147.92000000000002,-0.09913226322756749,0
147.93,-0.9057833126216787,0
147.94,0.055967487517387476,0
147.95000000000002,0.03749595456577552,0
147.96,0.4699929648687928,0
147.97,0.04470372566654021,0
147.98,-0.987429665795614,0
147.99,-0.5105579864138456,0
148.0,-0.306892238841335,0
148.01,0.24614843446308943,0
148.02,-1.1136747667644227,0
148.03,-0.3291751017355815,0
148.04,0.11860278673517745,0
148.05,-0.39523608380177344,0
148.06,-0.13165577197602538,0
148.07,-0.4393893491299781,0
148.08,-0.5708945823225344,0
148.09,-0.43271313850356363,0
148.1,-0.5591058985344588,0
148.11,0.15184769050235125,0
148.12,-0.4258200273295393,0
148.13,-0.6596481062269767,0
148.14000000000001,0.7042429874060147,0
148.15,0.6153918701080912,0
148.16,-0.9097377023364506,0
148.17000000000002,-0.7069322189045281,0
148.18,-0.1198122164439686,0
148.19,0.07029121769058966,0
148.20000000000002,-0.848301287324576,0
148.21,0.3327999868397139,0
148.22,0.45059200780691616,0
148.23,0.29724111182123514,0
148.24,0.7248120744059146,0
148.25,0.35009206124622594,0
148.26,0.2544694265718411,0
148.27,0.8212303256964967,0
148.28,0.7198723154766046,0
148.29,-0.3400051065918588,0
148.3,0.18038925976150744,0
148.31,-0.38042425006115854,0
148.32,0.10163111256007835,0
148.33,0.20751105112688695,0
148.34,-0.7565448105213861,0
148.35,-0.3256681043369964,0
148.36,-0.011770440698962284,0
148.37,-0.30686190383437795,0
148.38,0.01933196864078386,0
148.39000000000001,0.36248798807155513,0
148.4,0.002848911815401381,0
148.41,0.04887091108745871,0
148.42000000000002,0.6775240788082779,0
148.43,0.34999195550498635,0
148.44,0.12309387348630371,0
148.45000000000002,-0.5507548605272038,0
148.46,0.1483717433182624,0
148.47,0.1416577047717573,0
148.48,0.6478319974277511,0
148.49,0.1157364324899331,0
148.5,-1.009444949752455,0
148.51,-1.2288558008783066,0
148.52,0.013474486893502335,0
148.53,-0.37133414213567895,0
148.54,0.06873896063504921,0
148.55,0.007028832232257434,0
148.56,-0.15804669594121967,0
148.57,-0.1617504411208111,0
148.58,-0.5721780549186775,0
148.59,-0.22230381435447566,0
148.6,-0.4376634653110445,0
148.61,-0.3784467920382068,0
148.62,-0.3377244643932006,0
148.63,-0.275878541322949,0
148.64000000000001,0.3514279102732839,0
148.65,-0.051920501392417745,0
148.66,0.46155112848108404,0
148.67000000000002,0.863756424091367,0
148.68,0.6006669952184895,0
148.69,0.36426285972868816,0
148.70000000000002,0.19462121909825528,0
148.71,0.43902818906496754,0
148.72,0.08691675686653832,0
148.73,0.4756523464468058,0
148.74,0.3755841856687138,0
148.75,-0.16806043639746882,0
148.76,0.3647613676831789,0
148.77,0.06964412379527794,0
148.78,-0.10933741482151982,0
148.79,-0.35112345092496805,0
148.8,-0.06953311049373695,0
148.81,0.44313817829991176,0
148.82,0.5140795923146276,0
148.83,0.24665091073944762,0
148.84,0.31096363971488333,0
148.85,0.6849669851198917,0
148.86,0.02141538028121373,0
148.87,-0.6585773992928857,0
148.88,0.4583555180799008,0
148.89000000000001,-0.2374010474674219,0
148.9,-0.49681072666411885,0
148.91,-1.1505390810117802,0
148.92000000000002,-0.05317101299022606,0
148.93,-0.9465046740654999,0
148.94,-0.7058634203676715,0
148.95000000000002,0.06712622637022343,0
148.96,0.33159862539700297,0
148.97,-0.3337538498058308,0
148.98,-0.22444460702765867,0
148.99,-0.5903298994671705,0
149.0,-0.5091211657124812,0
149.01,-0.05497602825435627,0
149.02,-0.3503198971021954,0
149.03,-0.2870310769096683,0
149.04,-0.9211302590591128,0
149.05,0.3037252704674137,0
149.06,0.27826192916611514,0
149.07,0.42255111733099254,0
149.08,0.7236037318682454,0
149.09,-0.327751513172965,0
149.1,-0.3419596491080698,0
149.11,-1.1636865654089772,0
149.12,1.3123669620531262,0
149.13,0.17936859641312425,0
149.14000000000001,0.5289711166217459,0
149.15,-0.5961183452015341,0
149.16,0.31261911757067096,0
149.17000000000002,0.9984576247462403,0
149.18,0.14861660549877787,0
149.19,-0.5700384852582242,0
149.20000000000002,-0.2852526956414426,0
149.21,-1.3259376417904125,0
149.22,-0.4204224018443155,0
149.23,0.26335989045435293,0
149.24,-0.021897067383310737,0
149.25,-0.22544982810635478,0
149.26,0.15595849801595313,0
149.27,0.292060091810855,0
149.28,-0.8795035452064652,0
149.29,-0.24110131156430187,0
149.3,1.1684793821833832,0
149.31,-0.48728280117771805,0
149.32,-0.23573506649991544,0
149.33,0.9067222517982744,0
149.34,0.746334230464134,0
149.35,-0.15514304421400185,0
149.36,0.002697492687564973,0
149.37,-0.06870755641235839,0
149.38,-0.48377513221284524,0
149.39000000000001,-0.2286755846272983,0
149.4,-0.2744169220179699,0
149.41,-0.0766839064909968,0
149.42000000000002,-0.4858000696314284,0
149.43,-0.8693490910889264,0
149.44,-0.3073418941740131,0
149.45000000000002,0.7685379968457536,0
149.46,0.16795687699057296,0
149.47,-0.20251591320471024,0
149.48,0.28306230936329724,0
149.49,-0.08139732136360013,0
149.5,0.9066256793387039,0
149.51,0.15678841807354138,0
149.52,0.34448585574839174,0
149.53,-0.38344867590687126,0
149.54,0.10436770830736643,0
149.55,0.10493990787481049,0
149.56,-0.07147161393077957,0
149.57,-0.3526527667582007,0
149.58,-0.49548399749070554,0
149.59,-0.041021620993261385,0
149.6,0.2571973890418997,0
149.61,-0.07086480600339677,0
149.62,0.06785254806526939,0
149.63,-0.07060534251486741,0
149.64000000000001,-0.032526368146465305,0
149.65,-0.18218523476686455,0
149.66,-0.10325092143618002,0
149.67000000000002,1.343747164358489,0
149.68,0.4346853878684414,0
149.69,0.38514107465347125,0
149.70000000000002,0.26240866361423976,0
149.71,-0.1414626086024234,0
149.72,0.5866576481158972,0
149.73,-0.0754280104153753,0
149.74,0.47599329454928463,0
149.75,-0.12594799546489482,0
149.76,-0.6096414081233645,0
149.77,-0.02472515498725443,0
149.78,-0.6613231312300575,0
149.79,0.05308356120200762,0
149.8,-0.6894594551670644,0
149.81,-0.4090125563692213,0
149.82,-0.9314301577945351,0
149.83,1.2044144378959054,0
149.84,-0.6463503274283458,0
149.85,-0.22298948634246835,0
149.86,0.48650852156706137,0
149.87,0.6069794166434276,0
149.88,0.5385890056597177,0
149.89000000000001,-0.10077933298175519,0
149.9,0.627850520464443,0
149.91,0.5769526896400543,0
149.92000000000002,0.19090657169597866,0
149.93,0.10948998922566551,0
149.94,-0.20079713817871098,0
149.95000000000002,-0.6009068787201887,0
149.96,0.44234814592419935,0
149.97,0.7431666888422367,0
149.98,-0.35121059092105655,0
149.99,-0.23584737826279784,0
150.0,-0.20145416251757048,0
150.01,-0.13383404497431053,0
150.02,-0.06526498150461618,0
150.03,0.4219094033360335,0
150.04,-0.3584192466229885,0
150.05,-0.6062570986981678,0
150.06,0.44107093179319157,0
150.07,-0.2019808538740301,0
150.08,-0.7889455977617112,0
150.09,-0.5213903675412694,0
150.1,-0.371883083247828,0
150.11,0.6693652565970902,0
150.12,0.5941418824561999,0
150.13,0.6939630821109484,0
150.14000000000001,0.5445225264184647,0
150.15,0.5744400745532677,0
150.16,-0.28838211091808597,0
150.17000000000002,-0.24338786883438746,0
150.18,-0.6535069485449486,0
150.19,-0.34092975907886325,0
150.20000000000002,0.2136513179920561,0
150.21,0.05969143638970997,0
150.22,0.6479753572569035,0
150.23,-0.5111729497886006,0
150.24,0.07331314159261008,0
150.25,-0.7116905221179357,0
150.26,-0.19298940460572905,0
150.27,0.2808217657463451,0
150.28,-0.10917465457627482,0
150.29,0.20108531230350807,0
150.3,-0.5259006886288164,0
150.31,-1.0824948213027894,0
150.32,-0.03899736702377418,0
150.33,0.8540205834825042,0
150.34,-0.3818661600126443,0
150.35,0.490487226110124,0
150.36,0.0808732775327929,0
150.37,-0.7559228144224178,0
150.38,-0.8563508219818571,0
150.39000000000001,-0.2704507899949233,0
150.4,-0.34773745697980596,0
150.41,-0.8508064108777587,0
150.42000000000002,-1.179502125487141,0
150.43,-0.8104136351037139,0
150.44,-0.16398881747399863,0
150.45000000000002,-0.10896663212376542,0
150.46,-0.3586945834408042,0
150.47,-0.04665292443884926,0
150.48,0.4777310542162466,0
150.49,0.2648972098652816,0
150.5,-0.06276386019473484,0
150.51,0.41418781518013775,0
150.52,-0.4719245772213803,0
150.53,-0.3020413659039396,0
150.54,-0.2468445844066761,0
150.55,-0.7846453267915463,0
150.56,-0.4839372955380249,0
150.57,-1.290116764290481,0
150.58,0.6316644434539846,0
150.59,-0.4053633857019116,0
150.6,0.6792819931732726,0
150.61,0.12609793018449608,0
150.62,0.2683654968383008,0
150.63,-0.2571458616594089,0
150.64000000000001,-0.017455814238601472,0
150.65,0.2781803631402332,0
150.66,0.35961324970208713,0
150.67000000000002,0.43870295055013164,0
150.68,-0.15023393359989184,0
150.69,-0.35709150972993475,0
150.70000000000002,-1.0019175330145662,0
150.71,-0.03550150346742255,0
150.72,0.5039097063676468,0
150.73,0.9229598609098607,0
150.74,0.32970542130898123,0
150.75,-0.3892658274116203,0
150.76,-1.0645596137317164,0
150.77,0.22513962268966903,0
150.78,-0.9637052714328768,0
150.79,-0.4856846029366734,0
150.8,-0.30421200921157865,0
150.81,-0.17634482821570188,0
150.82,-0.08828951716290753,0
150.83,-0.011738323341327128,0
150.84,-1.3523998628664977,0
150.85,-0.3934593862542597,0
150.86,-1.3488214517631765,0
150.87,-0.01036745679058522,0
150.88,-0.36127443680173776,0
150.89000000000001,-1.3020403689102191,0
150.9,-0.8220913691686167,0
150.91,-0.5720615058303867,0
150.92000000000002,0.42815577547530814,0
150.93,0.1488723087950084,0
150.94,0.15779915363447877,0
150.95000000000002,0.6056790959440684,0
150.96,0.037441941470016296,0
150.97,0.34824971430682256,0
150.98,0.38853534273584656,0
150.99,-0.6506284577676029,0
151.0,0.5591217384839648,0
151.01,-0.6791818040680095,0
151.02,0.2561683017106893,0
151.03,-0.8063837696904514,0
151.04,0.056088041124319726,0
151.05,0.9430967351541247,0
151.06,0.05993032289035986,0
151.07,-0.18392576514516754,0
151.08,0.2167447086776716,0
151.09,-0.18354837176788513,0
151.1,0.8601263146593927,0
151.11,0.2551320176703363,0
151.12,-0.16893190102200994,0
151.13,-0.3921320708082058,0
151.14000000000001,-0.6570036062117538,0
151.15,-0.560659855909336,0
151.16,-0.3889828467697696,0
151.17000000000002,-0.418967265586401,0
151.18,-0.517244516922036,0
151.19,0.9264299273388336,0
151.20000000000002,-0.378884812736258,0
151.21,-0.07852917267394087,0
151.22,0.23404644191785323,0
151.23,0.3322421677723984,0
151.24,-0.009938488394577782,0
151.25,-0.19242046930971277,0
151.26,0.13064202341053255,0
151.27,0.11291033527031587,0
151.28,-0.1713239744172695,0
151.29,-0.9361977062493199,0
151.3,-0.5448111734284623,0
151.31,-0.8083215157963879,0
151.32,-0.6188712125191935,0
151.33,-0.19849462477544896,0
151.34,0.07998213086102739,0
151.35,0.9067510058647165,0
151.36,-0.12086283162705541,0
151.37,0.32097250470106964,0
151.38,0.1818859593312509,0
151.39000000000001,0.6743797977139522,0
151.4,0.4142365252397935,0
151.41,-0.4946776577004419,0
151.42000000000002,-1.1024014189997253,0
151.43,-0.17095626188060736,0
151.44,-0.38523593815343393,0
151.45000000000002,-0.6794030597386431,0
151.46,-0.9058873830444681,0
151.47,-0.20171794593596773,0
151.48,0.6915423763057728,0
151.49,-0.10564673742091811,0
151.5,0.2270637860385541,0
151.51,-0.05852306659170962,0
151.52,-0.7620650275980416,0
151.53,0.1400394472935414,0
151.54,-0.6086737060001405,0
151.55,-0.20133728691097724,0
151.56,-0.2928560542595065,0
151.57,0.3417668038433825,0
151.58,-0.5386395886426446,0
151.59,0.012949204756537408,0
151.6,-0.5044915235808614,0
151.61,-0.45877577937738184,0
151.62,-2.1110016708875876,0
151.63,0.5259659019071997,0
151.64000000000001,0.3643183795299003,0
151.65,-0.3778882141071488,0
151.66,-0.7536832590761312,0
151.67000000000002,-0.5126278691467709,0
151.68,0.1933858039887425,0
151.69,-1.0194403870356825,0
151.70000000000002,-0.39040794356862507,0
151.71,0.7852138422123588,0
151.72,-0.4676403497717588,0
151.73,-0.1341438220401605,0
151.74,1.0797983722599584,0
151.75,0.5466227453893249,0
151.76,0.14378059347043726,0
151.77,0.24584883430464577,0
151.78,-0.21187485728550765,0
151.79,0.5793044578684593,0
151.8,-0.127621508989667,0
151.81,-1.1349929626246533,0
151.82,-0.5518493784999909,0
151.83,-0.7124650307272906,0
151.84,-0.3875085246324317,0
151.85,-0.2944591055683022,0
151.86,0.5044806208096181,0
151.87,0.43684937634168797,0
151.88,0.18990783809863301,0
151.89000000000001,-0.013558225574665864,0
151.9,-0.6266993721463163,0
151.91,-1.3776220852678926,0
151.92000000000002,-0.34350243643449024,0
151.93,0.27797623727821935,0
151.94,-0.0474840817948234,0
151.95000000000002,-0.3559502649463693,0
151.96,0.09916176349415987,0
151.97,-0.0787652531712491,0
151.98,0.8188845348327056,0
151.99,0.8020861731781783,0
152.0,0.6524232514181261,0
152.01,0.5075918908982691,0
152.02,-0.6191595127289227,0
152.03,0.13931581763248121,0
152.04,0.17631010683014225,0
152.05,0.3081305088317149,0
152.06,0.28051112659396915,0
152.07,0.25242255353526294,0
152.08,1.4426310408193153,0
152.09,0.2613412839888299,0
152.1,0.5052591946389918,0
152.11,-0.1831764264725958,0
152.12,0.3166139987651031,0
152.13,0.5207742374730563,0
152.14000000000001,0.2656993072249285,0
152.15,0.8968298442245619,0
152.16,-0.305192193250249,0
152.17000000000002,-0.39421565177030865,0
152.18,-0.04387309524801637,0
152.19,0.3997095821155884,0
152.20000000000002,0.13713338397923314,0
152.21,0.6606850210485854,0
152.22,-0.24547590873159986,0
152.23,-0.7270049099139823,0
152.24,-0.07586347561345295,0
152.25,-0.1182322211385026,0
152.26,0.2014071595735849,0
152.27,-0.022333409930692508,0
152.28,-0.24471205454547104,0
152.29,-0.1591047686352121,0
152.3,-0.08239665923177103,0
152.31,-0.24095961630908536,0
152.32,-0.22632568530391425,0
152.33,-0.3293835332135743,0
152.34,0.31602038002112437,0
152.35,0.12452641645625713,0
152.36,1.1751664506244681,0
152.37,0.3216435369782826,0
152.38,-0.2706326161568077,0
152.39000000000001,1.2969144302830684,0
152.4,0.486879552330798,0
152.41,0.5914129648362755,0
152.42000000000002,0.4056221318298352,0
152.43,0.37567049329933455,0
152.44,0.3216983721359998,0
152.45000000000002,-0.5639116729477857,0
152.46,-0.0026567189967532517,0
152.47,-0.7635639523123644,0
152.48,-0.3410733298449755,0
152.49,-0.5289766733274833,0
152.5,0.0008663000198576853,0
152.51,0.12093208630013852,0
152.52,0.22927818984672027,0
152.53,0.1531696568368645,0
152.54,-0.3419723415076491,0
152.55,-0.2815589836093514,0
152.56,0.36271781976797,0
152.57,0.6023514983606169,0
152.58,-0.5170771714070065,0
152.59,-1.0014682518585087,0
152.6,-0.694350758800895,0
152.61,0.32616923739907394,0
152.62,0.671694520724019,0
152.63,-0.38129770684011555,0
152.64000000000001,0.011585540496150612,0
152.65,0.9230892020040369,0
152.66,0.39527046033494917,0
152.67000000000002,0.7991849824231814,0
152.68,0.6750567757964383,0
152.69,-0.3725085412283434,0
152.70000000000002,-0.25082214274276166,0
152.71,-0.10068408864866099,0
152.72,-0.026166181031855473,0
152.73,0.4250227217934737,0
152.74,0.2675182393649841,0
152.75,-1.5530905876111747,0
152.76,-1.1437093646344056,0
152.77,-1.5070510214741202,0
152.78,-0.33960418539141707,0
152.79,-0.013025762837696547,0
152.8,0.09141471056436754,0
152.81,-0.5439287466060777,0
152.82,0.16694063684629834,0
152.83,0.36712433213629625,0
152.84,-0.6326390375499524,0
152.85,-0.9948489836716781,0
152.86,-0.3047178424585085,0
152.87,0.8221090215532133,0
152.88,1.054838255918272,0
152.89000000000001,0.5079171831364027,0
152.9,-0.3175578499631807,0
152.91,0.3371340980000504,0
152.92000000000002,-0.21236286663731596,0
152.93,-0.5174929287060259,0
152.94,-1.3267518932063047,0
152.95000000000002,-0.3327698166641692,0
152.96,-0.47418609121773714,0
152.97,-0.12272416549696713,0
152.98,-1.3106633016396474,0
152.99,-0.2926835724357429,0
153.0,-1.4232480382561616,0
153.01,0.1681718688491588,0
153.02,0.26462273252669677,0
153.03,-0.13755188407407604,0
153.04,0.21000833925381276,0
153.05,-0.5235917829806627,0
153.06,-0.1475533684942993,0
153.07,0.33119584378039435,0
153.08,-1.6201430207424392,0
153.09,-0.6982855046463967,0
153.1,-0.24168022086370644,0
153.11,-0.21996637544844755,0
153.12,0.6659903747024276,0
153.13,-0.48695838015854925,0
153.14000000000001,-0.5074308011152577,0
153.15,-1.2019904305137847,0
153.16,0.4489552256232048,0
153.17000000000002,-0.07371031466481755,0
153.18,-0.30664965074046346,0
153.19,-0.15932813846924343,0
153.20000000000002,0.24430615743409406,0
153.21,0.19141706270221948,0
153.22,1.4033401984949714,0
153.23,0.5380033344650907,0
153.24,-0.16779020555014473,0
153.25,-0.39538414652277315,0
153.26,-0.36246126728678446,0
153.27,-0.9448165031277191,0
153.28,-0.26935805273880065,0
153.29,0.2955389490627347,0
153.3,-0.30706172847316193,0
153.31,-0.5609953456267176,0
153.32,0.612810878901284,0
153.33,-0.6606470778438569,0
153.34,-1.3205079837499196,0
153.35,-0.9982108184117332,0
153.36,-1.1239731242297586,0
153.37,-0.12936286941542435,0
153.38,-0.27843993074859363,0
153.39000000000001,-0.2405752280614244,0
153.4,0.4998972938979359,0
153.41,-0.29708555222059174,0
153.42000000000002,0.2846285252879429,0
153.43,0.8221644847590578,0
153.44,-0.09090320782826983,0
153.45000000000002,0.3160140680889614,0
153.46,-0.10348652566945739,0
153.47,0.41256693893120305,0
153.48,-0.7873705341835323,0
153.49,-1.1267375027283875,0
153.5,-0.5436125785876509,0
153.51,-0.6628139732774198,0
153.52,-0.49435904906733025,0
153.53,-0.2939478438905664,0
153.54,0.2565304718393905,0
153.55,-0.2063387886727932,0
153.56,-0.5436603106393028,0
153.57,-0.3764114398949025,0
153.58,-0.5569655628349921,0
153.59,-0.6898606064873657,0
153.6,-1.0846444310959142,0
153.61,-0.28731522100585405,0
153.62,-0.4278008917940537,0
153.63,0.354548345282943,0
153.64000000000001,-0.7351937809012224,0
153.65,-0.5254811048512424,0
153.66,0.7810999847165794,0
153.67000000000002,-0.3580294015958387,0
153.68,-0.26836145359973385,0
153.69,-0.7674244767564128,0
153.70000000000002,-0.96275818742515,0
153.71,0.5305285438180091,0
153.72,0.17097465741145923,0
153.73,0.06122778747460356,0
153.74,-0.9407082677909753,0
153.75,-0.09676425786795756,0
153.76,0.5395847513725014,0
153.77,0.6944785681269219,0
153.78,0.47701349406974974,0
153.79,-0.534717080197594,0
153.8,-0.019372121700946057,0
153.81,0.2982648957291834,0
153.82,-0.9334052058792086,0
153.83,-0.8828016622414248,0
153.84,0.1999826801495658,0
153.85,0.46426649668720954,0
153.86,-0.7608251995252332,0
153.87,0.18099135742961014,0
153.88,0.0438585699142173,0
153.89000000000001,0.37477530989122465,0
153.9,-0.29627762692061926,0
153.91,0.21748461363848162,0
153.92000000000002,0.45174838564926595,0
153.93,-0.12611481432793456,0
153.94,-0.07399091296076449,0
153.95000000000002,-0.4157367665861492,0
153.96,0.7237809033231402,0
153.97,0.06509302767330642,0
153.98,-0.5265026652223103,0
153.99,-0.5645560155360054,0
154.0,-0.12531937498149323,0
154.01,0.31819302360567514,0
154.02,-0.6834413995688913,0
154.03,0.7615065201473047,0
154.04,0.30321765011231666,0
154.05,0.27270690225322536,0
154.06,-0.03504415844716764,0
154.07,-0.04993127396992531,0
154.08,-0.1428373984897227,0
154.09,0.45495198450443086,0
154.1,0.058202627252729094,0
154.11,0.37175653568095834,0
154.12,-0.18933756470014707,0
154.13,0.005651223115858459,0
154.14000000000001,-0.47786517086883035,0
154.15,0.47725351358684315,0
154.16,-0.37577291235236904,0
154.17000000000002,-0.3180549633219981,0
154.18,-0.2982521914664694,0
154.19,-0.31402776104341434,0
154.20000000000002,0.2553121714268272,0
154.21,-0.15570087198670898,0
154.22,0.6525289955316994,0
154.23,-0.3235563987006576,0
154.24,-0.04147363795125418,0
154.25,-0.4742479210951335,0
154.26,0.05491254736373223,0
154.27,-0.04543609347707172,0
154.28,-0.14456759138738537,0
154.29,0.5461681755191721,0
154.3,-0.2624748504933197,0
154.31,0.1962023426941245,0
154.32,-0.41092866195989886,0
154.33,-0.09316644215093801,0
154.34,-0.7103827698105756,0
154.35,-0.5807766809162277,0
154.36,-0.23926758795652653,0
154.37,0.856256259116742,0
154.38,0.21749219699864436,0
154.39000000000001,0.8853266588820444,0
154.4,0.28848400118500334,0
154.41,-0.18415460035594994,0
154.42000000000002,0.72362125780523,0
154.43,0.36356892136832025,0
154.44,-0.3014053288315821,0
154.45000000000002,0.12525684990059843,0
154.46,-0.17445248468438584,0
154.47,-1.1527555498259336,0
154.48,0.1603761030128098,0
154.49,0.5733493102028524,0
154.5,1.0723085464427267,0
154.51,0.4431239240102136,0
154.52,-0.07139455145404007,0
154.53,0.3771291286535816,0
154.54,0.4971961003226556,0
154.55,0.9471340525605811,0
154.56,0.16344841501988555,0
154.57,-0.09684577054315403,0
154.58,-0.454757198722885,0
154.59,0.12307311763818257,0
154.6,-0.8431525440916877,0
154.61,0.15312684969496534,0
154.62,0.3019838573889706,0
154.63,0.3377638106717152,0
154.64000000000001,0.10878624646683567,0
154.65,0.7943350754919732,0
154.66,0.6137627522367048,0
154.67000000000002,-0.21899938526312224,0
154.68,-0.41762037572147614,0
154.69,-0.6219361531085439,0
154.70000000000002,0.0890581342722327,0
154.71,-0.5593420956829643,0
154.72,0.38814968135580974,0
154.73,0.7526462196518671,0
154.74,-0.32882843288954267,0
154.75,-0.229862908385754,0
154.76,-0.09742093263911851,0
154.77,0.3976286774856788,0
154.78,0.9077091574197697,0
154.79,-0.719348551061885,0
154.8,-0.3979331311988279,0
154.81,-0.2897618542423419,0
154.82,-0.8669235430972665,0
154.83,-0.5236078585004948,0
154.84,0.04839951766230857,0
154.85,-0.18476871982989146,0
154.86,-0.9171813315972884,0
154.87,1.25286919242255,0
154.88,0.40661896720340535,0
154.89000000000001,0.11282668128622063,0
154.9,-0.6047485880897358,0
154.91,-0.06058443581747659,0
154.92000000000002,-0.15078991118009472,0
154.93,-1.0915585442642617,0
154.94,-0.8909558627821083,0
154.95000000000002,0.15250794686815627,0
154.96,1.025343999791499,0
154.97,0.4038620249410032,0
154.98,0.6404320707901614,0
154.99,0.029237078031972452,0
155.0,-0.08666698809859863,0
155.01,0.5114689996677626,0
155.02,0.9655440915118876,0
155.03,0.8864936067848831,0
155.04,-0.3939862986829661,0
155.05,-0.1818499494612243,0
155.06,0.05467218541595896,0
155.07,-0.17223818441093391,0
155.08,0.11590810859484402,0
155.09,0.4184213632773336,0
155.1,0.591133575843688,0
155.11,0.9981037912584452,0
155.12,0.026660596719941906,0
155.13,-0.7671184400291128,0
155.14000000000001,-0.04835650767572075,0
155.15,0.9437956193644753,0
155.16,-0.06533000977944588,0
155.17000000000002,0.30220371086588316,0
155.18,0.3988645691704534,0
155.19,0.15450878519615296,0
155.20000000000002,-0.004803624907442718,0
155.21,-0.5400394355778799,0
155.22,-1.3971166908755803,0
155.23,-0.9883817341626528,0
155.24,-0.5019105115859542,0
155.25,0.41201275997626574,0
155.26,0.0011965812126993741,0
155.27,-0.3229490536190532,0
155.28,-0.6020285491448965,0
155.29,0.15249349547750737,0
155.3,0.7147633715101318,0
155.31,0.6983133694544155,0
155.32,0.4507185500961897,0
155.33,-0.7197533607371455,0
155.34,-0.41379590904670693,0
155.35,0.8870190462369135,0
155.36,0.7727314748357532,0
155.37,-0.672054536193587,0
155.38,-0.24404172182550385,0
155.39000000000001,0.08596672816116115,0
155.4,-0.430731434797451,0
155.41,-1.383723558513216,0
155.42000000000002,-0.3395732020748641,0
155.43,-0.5506332441197895,0
155.44,-0.6012739023849863,0
155.45000000000002,-0.3853518469455598,0
155.46,-0.21364000303773753,0
155.47,-0.10432313052329009,0
155.48,-0.5428740568328785,0
155.49,-0.29898666899443577,0
155.5,-1.0565966101706494,0
155.51,-0.14443130357632353,0
155.52,-1.6030577377207096,0
155.53,-0.6007720525949284,0
155.54,0.2935007545924993,0
155.55,-0.5365275104156321,0
155.56,0.20166469447180224,0
155.57,0.6201955524773602,0
155.58,-1.6521745322651664,0
155.59,-0.5392611667823359,0
155.6,-1.7118385836423504,0
155.61,-0.5364437116826157,0
155.62,-0.1834249710890727,0
155.63,-1.4133546547043232,0
155.64000000000001,0.6262880075639807,0
155.65,0.2635067647103592,0
155.66,-0.4315980946187821,0
155.67000000000002,0.627165521466178,0
155.68,-0.8446981552716712,0
155.69,-0.9109748346271551,0
155.70000000000002,-1.4974693431747752,0
155.71,0.5396068858009799,0
155.72,0.26678095562151616,0
155.73,0.37278185539058883,0
155.74,0.20846002775794079,0
155.75,0.3126762199134891,0
155.76,0.07479674006689711,0
155.77,0.11806177445235916,0
155.78,0.041944385749294766,0
155.79,-0.3584452502679318,0
155.8,-0.15923652227221535,0
155.81,0.061132639881446814,0
155.82,0.029436399293210597,0
155.83,-0.8242857191724164,0
155.84,-0.9669644005287804,0
155.85,0.29030881067609404,0
155.86,-0.1354702765576688,0
155.87,0.23299587143840536,0
155.88,-0.5678277808108706,0
155.89000000000001,-0.9709044790312009,0
155.9,-0.73637753944086,0
155.91,-0.34698567115036055,0
155.92000000000002,-0.4852856192542203,0
155.93,0.5234541667610234,0
155.94,0.18221542150139064,0
155.95000000000002,0.9859671677980166,0
155.96,0.41768077225718797,0
155.97,-1.224481656059084,0
155.98,0.2121643471853049,0
155.99,-0.7949038601007397,0
156.0,-0.11997519921203205,0
156.01,-0.48651783267856635,0
156.02,0.9755011571738391,0
156.03,0.9666124645783181,0
156.04,-0.1972528522455554,0
156.05,-0.16095695412000588,0
156.06,0.04623561219701174,0
156.07,0.4276141344154328,0
156.08,0.07872386798176945,0
156.09,-0.5697766554838479,0
156.1,-0.5681953167831276,0
156.11,-0.1880223599155872,0
156.12,0.5668385023008434,0
156.13,0.3260397445188225,0
156.14000000000001,-0.3738302358727879,0
156.15,0.2083934034993287,0
156.16,-0.197375945742354,0
156.17000000000002,0.38147751651020895,0
156.18,1.3977784311371235,0
156.19,0.11508310417547424,0
156.20000000000002,0.41241907286242957,0
156.21,-0.33703894423133174,0
156.22,-0.18720049895155705,0
156.23,-0.07417435028435751,0
156.24,-0.16476496438712152,0
156.25,1.227411445020903,0
156.26,0.10058161590860634,0
156.27,0.2947040679037366,0
156.28,-0.997084442644722,0
156.29,-0.06209976663820666,0
156.3,0.5498165166402728,0
156.31,-0.18631363779268284,0
156.32,-1.4261244652068332,0
156.33,-0.41983969373130847,0
156.34,-0.1384948307045231,0
156.35,0.3083250819713109,0
156.36,1.105350520399924,0
156.37,0.03137751400458935,0
156.38,-0.49068810158163567,0
156.39000000000001,-0.7865864789360482,0
156.4,-0.13361314554466353,0
156.41,0.17945865009748815,0
156.42000000000002,-0.28808784668102394,0
156.43,0.30032151015226854,0
156.44,0.28062057425350173,0
156.45000000000002,0.05092363345430489,0
156.46,-0.5100513022053704,0
156.47,-0.4262978223164394,0
156.48,-1.4426406644337137,0
156.49,-0.277191885876704,0
156.5,-0.09732760792703876,0
156.51,0.03402183626537614,0
156.52,0.23509447640067588,0
156.53,0.22229788112162258,0
156.54,-0.04510836711414424,0
156.55,-0.027220189109076073,0
156.56,-0.7964741600908374,0
156.57,-0.5517521364443281,0
156.58,-0.15280283965431277,0
156.59,-0.47177168034872463,0
156.6,0.2984540257986826,0
156.61,-0.31775550728973656,0
156.62,-0.005833464620421697,0
156.63,0.01907152557786245,0
156.64000000000001,0.36068096821142037,0
156.65,0.5284066732985562,0
156.66,0.4602713130606717,0
156.67000000000002,-1.0478423500340814,0
156.68,0.33261706410223757,0
156.69,0.8551908347604603,0
156.70000000000002,-0.08421983385878554,0
156.71,0.06373792708707662,0
156.72,-0.499655218429723,0
156.73,-1.2036449569006729,0
156.74,-0.7354146479617183,0
156.75,-0.5125687573524955,0
156.76,-0.35814524967483763,0
156.77,-0.6411848876052082,0
156.78,-0.5918245074084836,0
156.79,-0.19473143644053148,0
156.8,-0.49973039294745764,0
156.81,0.12367821687205385,0
156.82,0.3531323447482122,0
156.83,1.3151673946764635,0
156.84,0.8875396012208919,0
156.85,0.3106689311559931,0
156.86,-0.293282707150553,0
156.87,0.042512319234028956,0
156.88,0.14399367286649944,0
156.89000000000001,-0.2778775682523111,0
156.9,0.30741604727223715,0
156.91,-0.7081219590548693,0
156.92000000000002,-0.34758197884238906,0
156.93,0.16875832070767974,0
156.94,-0.1512798992402044,0
156.95000000000002,-0.18820517266091502,0
156.96,-0.16066871138463076,0
156.97,-0.5253562475786638,0
156.98,0.45364214381540685,0
156.99,-0.4688531234418299,0
157.0,0.012134634867080281,0
157.01,0.1832722316369666,0
157.02,-0.4993603663286951,0
157.03,-0.1258737204677744,0
157.04,-0.555804160601261,0
157.05,0.5619431400828139,0
157.06,-0.505801482628314,0
157.07,-0.5144791890615428,0
157.08,-0.820328640485787,0
157.09,-0.9678307816615099,0
157.1,0.5657339111215827,0
157.11,0.39083322777605617,0
157.12,0.1328123141928057,0
157.13,-0.3560147552981635,0
157.14000000000001,0.35480377952733594,0
157.15,-0.389714592972389,0
157.16,0.28576386799059744,0
157.17000000000002,-0.43261063970468416,0
157.18,-0.49074460803314873,0
157.19,0.241796746742918,0
157.20000000000002,0.4811782300479184,0
157.21,0.3992202428357264,0
157.22,-0.4983933047568781,0
157.23,-0.40166629623515193,0
157.24,-0.05599289419034198,0
157.25,-0.5053608972060153,0
157.26,0.564694830662948,0
157.27,-1.1769587221579587,0
157.28,-0.7479172186220314,0
157.29,-0.4972729477138642,0
157.3,-1.6777101185694263,0
157.31,-1.201820648145408,0
157.32,-0.006278620538486705,0
157.33,-0.024214882462558308,0
157.34,0.7929640871893229,0
157.35,0.9824358189710994,0
157.36,0.43756853298532367,0
157.37,0.23758949638309154,0
157.38,0.05593481510025721,0
157.39000000000001,-1.4384743088789407,0
157.4,-1.1407641242602586,0
157.41,-0.27003143019785675,0
157.42000000000002,0.22213373310660678,0
157.43,0.1714188831695199,0
157.44,-0.47074835201480564,0
157.45000000000002,0.34322058597704513,0
157.46,0.8370044927579617,0
157.47,0.6705492029871335,0
157.48,0.6564592709986806,0
157.49,-0.17182722886557683,0
157.5,0.49192128133154783,0
157.51,0.1625471210874641,0
157.52,0.2750432183551005,0
157.53,0.2253911544971947,0
157.54,-0.04628342099884654,0
157.55,-0.5074475721534787,0
157.56,-0.2084577408829472,0
157.57,0.43555562864935554,0
157.58,-0.16398779857600532,0
157.59,0.3970065793305292,0
157.6,0.45407234320679785,0
157.61,-0.08333202728551448,0
157.62,0.6811364924525783,0
157.63,-0.05663248062531982,0
157.64000000000001,0.7521932315367664,0
157.65,0.38174069114080583,0
157.66,0.049530481706625544,0
157.67000000000002,-0.49781841051136755,0
157.68,-0.20883181930699357,0
157.69,-0.19805260147528153,0
157.70000000000002,-0.7568958011126786,0
157.71,-0.3423673302207083,0
157.72,-0.550860811971089,0
157.73,0.13717058915018032,0
157.74,0.6927975688498916,0
157.75,-0.5172717943632424,0
157.76,0.7454908603616748,0
157.77,0.08089946350147811,0
157.78,-0.5359835989795744,0
157.79,0.23260001253628107,0
157.8,-0.216497851832411,0
157.81,-0.13450717802868506,0
157.82,-0.2857341776577097,0
157.83,-0.5431501550579525,0
157.84,0.2130315526586229,0
157.85,-0.13590242054208262,0
157.86,-0.835697905499892,0
157.87,0.04791990608582491,0
157.88,-0.6666095056401453,0
157.89000000000001,-0.8173383461275701,0
157.9,0.39427600344508995,0
157.91,-0.5749782040980758,0
157.92000000000002,-1.4137469592157341,0
157.93,-0.05811489671935488,0
157.94,-0.21268039200726424,0
157.95000000000002,-0.20537266496043127,0
157.96,-0.2550791041529002,0
157.97,0.02338937033261295,0
157.98,-0.4311752536018831,0
157.99,0.6421563967850652,0
158.0,-0.6616983774685485,0
158.01,0.03543436731910377,0
158.02,0.31479821726458923,0
158.03,-0.36181399164337297,0
158.04,-0.6715601842253501,0
158.05,0.3378991819874564,0
158.06,-0.4790451024398388,0
158.07,-0.4786426400794379,0
158.08,0.3170913572937723,0
158.09,0.06204273495572957,0
158.1,-0.9772224133127074,0
158.11,0.6504143119729106,0
158.12,-0.15525617791346719,0
158.13,-0.2888666143567432,0
158.14000000000001,0.02846757338791938,0
158.15,0.3045026465439321,0
158.16,1.0850333456014634,0
158.17000000000002,-0.6481955527296311,0
158.18,0.24243085499805567,0
158.19,0.4209579108354422,0
158.20000000000002,-0.0030940248539136697,0
158.21,0.38322937186050515,0
158.22,0.5581333473747038,0
158.23,-0.6315780275403833,0
158.24,0.7387905331695855,0
158.25,-0.6804850909391744,0
158.26,-0.8097638088353544,0
158.27,-0.3768584442228819,0
158.28,0.895917959807184,0
158.29,0.024896264539965372,0
158.3,-0.045667252625590335,0
158.31,0.7163703925110743,0
158.32,-0.01564213325122195,0
158.33,-0.6662339887928886,0
158.34,-0.42347481260526837,0
158.35,0.5894424824517361,0
158.36,0.15045534315711945,0
158.37,1.0311543068552804,0
158.38,0.61620223506574,0
158.39000000000001,-0.223855213477393,0
158.4,-0.06324581493530823,0
158.41,-0.5046217130082564,0
158.42000000000002,-0.5165207446094695,0
158.43,2.221779077012331,0
158.44,1.0635777644913602,0
158.45000000000002,0.6901794095642491,0
158.46,-0.1935602407607222,0
158.47,0.753269489228491,0
158.48,0.7396360664793927,0
158.49,1.1528201925921964,0
158.5,1.230324880095662,0
158.51,-0.5141234796676524,0
158.52,-0.7535566242508345,0
158.53,-0.7568982290143244,0
158.54,-0.7258224680041471,0
158.55,-0.043081685533104055,0
158.56,-0.3464486126736446,0
158.57,0.9833246006152804,0
158.58,1.2263857608192001,0
158.59,0.2694413831852808,0
158.6,1.074966837126929,0
158.61,1.027592699090935,0
158.62,-0.01671155976707197,0
158.63,-1.1077079486775134,0
158.64000000000001,-0.4265144864523018,0
158.65,-0.4833837747035708,0
158.66,-0.044305105000846584,0
158.67000000000002,0.003050748479202059,0
158.68,0.0009721323497538098,0
158.69,0.24581442738978135,0
158.70000000000002,-0.6175256802237711,0
158.71,0.03145427154035866,0
158.72,-0.25943513107343286,0
158.73,0.008491687923820247,0
158.74,0.4788708140661207,0
158.75,-0.5653843121335325,0
158.76,-0.32417033709260107,0
158.77,-0.1771511769034984,0
158.78,-0.3510985185436836,0
158.79,0.35851242524861443,0
158.8,-0.32686733532064705,0
158.81,-0.41030981391791194,0
158.82,-0.5134165311732043,0
158.83,0.4204622553789863,0
158.84,-0.18982925690495894,0
158.85,0.16487264535154308,0
158.86,1.060730870420741,0
158.87,0.19276004414712777,0
158.88,0.6078628451455461,0
158.89000000000001,1.0095225769366944,0
158.9,0.7669388905169047,0
158.91,0.150370613667625,0
158.92000000000002,0.34716144207668,0
158.93,-0.6311196512054819,0
158.94,-0.6054753179264013,0
158.95000000000002,-0.5056339836596238,0
158.96,1.0345826542899201,0
158.97,-0.20625725953710194,0
158.98,-0.524357236095658,0
158.99,-0.7191057561665315,0
159.0,0.08629191821142387,0
159.01,0.0655134320021416,0
159.02,0.5631459779960377,0
159.03,0.46632676687759617,0
159.04,-0.6504129704853713,0
159.05,-0.6243548703333256,0
159.06,0.5391898022259755,0
159.07,-0.0052324514930494614,0
159.08,0.5994006046607171,0
159.09,0.03845472770476668,0
159.1,-0.5373417889535119,0
159.11,-0.32743613934417937,0
159.12,-0.6289425803849444,0
159.13,-0.48993463817647886,0
159.14000000000001,-0.04696516527729689,0
159.15,0.22926563318604298,0
159.16,-0.8209165381436326,0
159.17000000000002,-0.24583755782910743,0
159.18,-0.405171538511161,0
159.19,-0.47787447906965025,0
159.20000000000002,-0.08004652456453948,0
159.21,-0.3443430251066529,0
159.22,0.6187957513772516,0
159.23,0.756268833801024,0
159.24,0.7873582616596414,0
159.25,-0.09775090140058212,0
159.26,-0.5679948383618252,0
159.27,-0.1292667050936004,0
159.28,-0.14329351933915124,0
159.29,-0.3909134134475799,0
159.3,-0.7546778211110572,0
159.31,-0.24156792282252854,0
159.32,-0.3063210828641021,0
159.33,0.25928166956092286,0
159.34,0.38834651778190454,0
159.35,0.6526758021898897,0
159.36,-0.5380349417429613,0
159.37,0.04852508000556162,0
159.38,-0.4057728668025086,0
159.39000000000001,-0.7818189640062692,0
159.4,-0.45412190316096246,0
159.41,0.4252120090958721,0
159.42000000000002,-0.12230933869436625,0
159.43,0.7727835254872121,0
159.44,0.45523499741004336,0
159.45000000000002,-0.1262754753741886,0
159.46,0.5560214514086452,0
159.47,0.3460593723296998,0
159.48,-0.4402004572089354,0
159.49,0.8497740153327291,0
159.5,0.32061226321537467,0
159.51,0.06019072618720541,0
159.52,-0.47048468145410327,0
159.53,0.4806342809561725,0
159.54,0.3657766300687813,0
159.55,0.3967272190310557,0
159.56,-0.20086403317255233,0
159.57,0.36424528973850917,0
159.58,0.5469484470027214,0
159.59,-0.24905565677309355,0
159.6,-0.8464649499139529,0
159.61,0.06842241171217847,0
159.62,-0.8502790974992019,0
159.63,-0.16109714498269714,0
159.64000000000001,-0.3078882454437831,0
159.65,0.5426108149894201,0
159.66,-0.10290881807544965,0
159.67000000000002,0.5346172663341556,0
159.68,-0.16945674369563493,0
159.69,0.4609307605767603,0
159.70000000000002,1.183242590058694,0
159.71,-0.3021156161213901,0
159.72,0.05087780874890985,0
159.73,1.4474712508151484,0
159.74,0.36829805789603914,0
159.75,0.09598927136011318,0
159.76,0.4149520791219783,0
159.77,0.09670732044519989,0
159.78,-0.9138478400355186,0
159.79,0.3456952122103734,0
159.8,-1.0090014764971704,0
159.81,-0.5029503219946301,0
159.82,0.48855642701957847,0
159.83,-0.0963939979385256,0
159.84,-0.4221370003711007,0
159.85,0.3341250629467687,0
159.86,-0.39825597937624196,0
159.87,-0.7789398522978795,0
159.88,-0.07700319588834373,0
159.89000000000001,-0.1450794586436836,0
159.9,-0.7269441120043645,0
159.91,0.1291301449047404,0
159.92000000000002,0.2513461054457334,0
159.93,-0.1569970719791588,0
159.94,-0.22260414963769454,0
159.95000000000002,0.16668038818107425,0
159.96,0.6474512561537793,0
159.97,-0.016821670735368624,0
159.98,0.31639318371790603,0
159.99,0.3520823139341446,0
160.0,0.5283187524046357,0
160.01,0.12509038294387717,0
160.02,-0.48245461480273816,0
160.03,-0.3947513983361331,0
160.04,0.05609412620326734,0
160.05,0.9546613729274683,0
160.06,-0.04680951476975713,0
160.07,0.38919901146777663,0
160.08,-0.10503700815268202,0
160.09,0.004975213917094726,0
160.1,0.7806930114520777,0
160.11,0.5746741668036798,0
160.12,-0.5448376980862815,0
160.13,-0.46850207276876565,0
160.14000000000001,0.5244681717561687,0
160.15,0.179324825933969,0
160.16,-0.5942727369452222,0
160.17000000000002,-0.6119541803665077,0
160.18,0.19442269109786137,0
160.19,0.5509814789942988,0
160.20000000000002,0.12011242143708756,0
160.21,1.3211194960123178,0
160.22,0.7421108261213577,0
160.23,0.02884743237970694,0
160.24,-0.45415719301551377,0
160.25,-0.6596351996462838,0
160.26,-0.013179640094710544,0
160.27,-0.29043921622998436,0
160.28,0.7919055452051936,0
160.29,0.9520681092069468,0
160.3,0.5484175081347883,0
160.31,-0.5174411448015602,0
160.32,-0.5139878492065261,0
160.33,0.513589394684987,0
160.34,-0.1980201560939862,0
160.35,0.5215512312866049,0
160.36,0.3566486117583707,0
160.37,0.09026247322200301,0
160.38,-0.37811765045365564,0
160.39000000000001,-0.17107639761097154,0
160.4,0.031907526923091394,0
160.41,0.5315638502647299,0
160.42000000000002,-0.365029541935629,0
160.43,-0.257410474240109,0
160.44,-0.0666353411397167,0
160.45000000000002,0.310129356054719,0
160.46,-0.4323270197724316,0
160.47,-0.8352303792710237,0
160.48,0.12411498836820045,0
160.49,-0.8032789279771643,0
160.5,0.4575721561260588,0
160.51,0.005493121325572843,0
160.52,-0.8485640130187728,0
160.53,-0.4937629080593318,0
160.54,0.05271601889716676,0
160.55,-0.29620173023380547,0
160.56,-0.08904124347713664,0
160.57,0.34624141529140673,0
160.58,-0.04668788148238866,0
160.59,-0.5362216366760049,0
160.6,-0.3187670682082355,0
160.61,0.648309579230107,0
160.62,1.034023960685729,0
160.63,-0.8425440312047061,0
160.64000000000001,0.3450478780716746,0
160.65,0.19418886962095638,0
160.66,0.5153562893078476,0
160.67000000000002,-0.18951821552295317,0
160.68,-1.0142037046124948,0
160.69,0.03258970143520642,0
160.70000000000002,-0.5180349879842799,0
160.71,-0.8938608924470254,0
160.72,-0.9505565744964725,0
160.73,0.05741376272921732,0
160.74,0.06370330465506285,0
160.75,0.40774440943462964,0
160.76,0.4334114732713212,0
160.77,-0.1405984689526213,0
160.78,-0.0974272989014072,0
160.79,-0.32142196442127857,0
160.8,-0.21702770581759248,0
160.81,-0.5939780202098798,0
160.82,0.03486962664415145,0
160.83,0.5567159451737786,0
160.84,-0.32019592870965996,0
160.85,0.5778138893622942,0
160.86,0.18049073684219344,0
160.87,0.1491302003528532,0
160.88,-0.8920576276702803,0
160.89000000000001,-1.2097379329427627,0
160.9,-0.24993874534960572,0
160.91,0.3338655930217905,0
160.92000000000002,-0.29823579138792594,0
160.93,0.7906978173297032,0
160.94,0.5649681231252123,0
160.95000000000002,-0.3665258533954032,0
160.96,-0.09920621357691281,0
160.97,1.2702891082710952,0
160.98,-0.368056680153193,0
160.99,0.16542974140047273,0
161.0,-0.15435238747307792,0
161.01,0.314063533540136,0
161.02,0.7296296401020614,0
161.03,-0.04699006295546856,0
161.04,0.56044150252739,0
161.05,1.2993496921721632,0
161.06,0.33654282159033605,0
161.07,0.47856980530579957,0
161.08,-0.21829333670079545,0
161.09,-0.067780885285532,0
161.1,-0.1344532597721717,0
161.11,0.36740227861646285,0
161.12,0.710043562267095,0
161.13,0.09581795293633966,0
161.14000000000001,0.8174062768255658,0
161.15,0.995940826227895,0
161.16,0.6767912642103029,0
161.17000000000002,-0.12873635620038296,0
161.18,-0.3810948443616562,0
161.19,-0.5509442441324389,0
161.20000000000002,0.34472094744568094,0
161.21,-0.5820948275200959,0
161.22,0.19199186806172805,0
161.23,-0.5506136107979577,0
161.24,0.27807264565888257,0
161.25,0.05588846769005925,0
161.26,0.7014234138427049,0
161.27,0.7605039485730634,0
161.28,0.9316737287315259,0
161.29,0.9882222588411673,0
161.3,0.30095201056893234,0
161.31,-0.5644105878261195,0
161.32,-0.7241171622336702,0
161.33,-1.3148169840900827,0
161.34,-0.928220273107091,0
161.35,-0.2177883001514142,0
161.36,-0.3748253196106175,0
161.37,-0.2119360013817514,0
161.38,0.1871447609747482,0
161.39000000000001,-0.13735723935226207,0
161.4,-0.6539290415177954,0
161.41,-0.21396587756511162,0
161.42000000000002,-0.554062520333562,0
161.43,-0.3047706177455883,0
161.44,0.6168733051609847,0
161.45000000000002,-0.011803732479928896,0
161.46,0.9182194563940672,0
161.47,0.9700661716449722,0
161.48,-0.08782759205282342,0
161.49,-0.63547148125034,0
161.5,-0.2086152578039598,0
161.51,0.5403149946155542,0
161.52,-0.14764238713180158,0
161.53,0.4250438607153812,0
161.54,0.7282038297528601,0
161.55,-0.2516973094306327,0
161.56,-0.4444560627539642,0
161.57,0.24693451280004358,0
161.58,0.12117033201111227,0
161.59,-0.35644516249271324,0
161.6,-0.29800396620373804,0
161.61,-0.1333576803256269,0
161.62,-0.887940398275256,0
161.63,0.16452756353695708,0
161.64000000000001,-0.23496615223151301,0
161.65,-1.562304385095877,0
161.66,-0.42438251254822523,0
161.67000000000002,-0.5220610586719868,0
161.68,0.7478310557329614,0
161.69,-0.1457816171358336,0
161.70000000000002,-0.6419067676401872,0
161.71,0.08912938780198068,0
161.72,-0.35027340666049467,0
161.73,-0.5234588206519093,0
161.74,0.11970180529784635,0
161.75,-0.5448792560305373,0
161.76,-0.932946891205305,0
161.77,0.6652821328629624,0
161.78,0.4543298555429898,0
161.79,-0.04767074657513275,0
161.8,-0.03428018739658998,0
161.81,0.24035147335703938,0
161.82,0.5579969745793247,0
161.83,-0.28346986600129753,0
161.84,0.10377451241694338,0
161.85,-0.26419641132334964,0
161.86,-0.18694877745932287,0
161.87,0.018618627188673607,0
161.88,-0.019078984524868538,0
161.89000000000001,0.36681018581672364,0
161.9,0.3309996768616978,0
161.91,-0.7404551693080963,0
161.92000000000002,-0.9282126071232253,0
161.93,-0.4489087154714785,0
161.94,0.8416534876561088,0
161.95000000000002,-0.262974193026191,0
161.96,-0.19647265702439662,0
161.97,-0.3545427448046781,0
161.98,-0.4034435143082664,0
161.99,-0.02565987114455065,0
162.0,0.7198720776498629,0
162.01,0.4031528305744508,0
162.02,-0.346712976221052,0
162.03,1.3599625222042675,0
162.04,0.3623245150805996,0
162.05,-0.2362767064080269,0
162.06,0.6734962841534508,0
162.07,-0.10080635202563806,0
162.08,0.8410164602433,0
162.09,-0.2726940696049707,0
162.1,0.6741095572469589,0
162.11,0.25637567730020094,0
162.12,0.7324498087222092,0
162.13,1.1767365631080902,0
162.14000000000001,-0.3280604159736202,0
162.15,0.578328812998829,0
162.16,-0.6247164307125571,0
162.17000000000002,-0.7328075424033302,0
162.18,-0.6299697993435784,0
162.19,0.09182951225635425,0
162.20000000000002,0.021699026439847485,0
162.21,-0.10237974780636172,0
162.22,0.03352365990175976,0
162.23,0.3045484216576775,0
162.24,0.41332956337562987,0
162.25,0.6673833839282168,0
162.26,1.1174889219494015,0
162.27,0.2494482993502428,0
162.28,-0.23364202829327838,0
162.29,0.24985503625953662,0
162.3,-0.565314430360337,0
162.31,-0.5211428253027373,0
162.32,0.3835813087401543,0
162.33,0.01149591535866629,0
162.34,-0.658785879348289,0
162.35,-0.9762820410682844,0
162.36,-0.23629829265950622,0
162.37,0.5308962654745637,0
162.38,0.7156270140005866,0
162.39000000000001,0.21990897133236376,0
162.4,1.10678855194772,0
162.41,0.20291477809329267,0
162.42000000000002,-0.04098339948952935,0
162.43,-1.3953739557980658,0
162.44,-0.6049162215703802,0
162.45000000000002,0.2847046160806539,0
162.46,0.8862881778580568,0
162.47,-0.23826770449553028,0
162.48,0.16893002520493455,0
162.49,0.5821056481842227,0
162.5,0.1339102336438408,0
162.51,-1.1999927029546242,0
162.52,-0.18580867312848132,0
162.53,0.34157721622056375,0
162.54,-0.4365590803711293,0
162.55,-0.26186143919596644,0
162.56,-0.698141216138114,0
162.57,-1.5605209912866915,0
162.58,0.1395360486709721,0
162.59,0.015679983423568303,0
162.6,0.8375722970480184,0
162.61,0.6488233550926478,0
162.62,-0.04350538531211113,0
162.63,-0.07221310991510578,0
162.64000000000001,0.26645790836505434,0
162.65,0.5645576564648928,0
162.66,0.29605853034034785,0
162.67000000000002,0.6459094851941257,0
162.68,-0.013339669020715077,0
162.69,-0.5511375223536887,0
162.70000000000002,-0.18904420917631232,0
162.71,0.045302447639753746,0
162.72,-0.6451970284030534,0
162.73,-0.889771624556604,0
162.74,-0.000772795007971807,0
162.75,-0.23312942460998487,0
162.76,-0.16309342035685115,0
162.77,-0.24877535273792312,0
162.78,0.7311686508277576,0
162.79,0.8383553346540817,0
162.8,-0.46567268502414777,0
162.81,-0.4164344646814342,0
162.82,0.3323054034547504,0
162.83,0.3874273778088415,0
162.84,0.05861977678288799,0
162.85,-0.6072744901017145,0
162.86,-0.5313705243936837,0
162.87,-0.42407287381033243,0
162.88,0.02549967802398744,0
162.89000000000001,0.897720261931604,0
162.9,-0.1572652162760838,0
162.91,-0.6015815852987852,0
162.92000000000002,-0.2240449149103418,0
162.93,0.4776447007132838,0
162.94,-0.6668443615825821,0
162.95000000000002,0.5917028609867192,0
162.96,0.040657538835802934,0
162.97,-0.39650029089818567,0
162.98,-0.9668536274785388,0
162.99,0.11900436930602436,0
163.0,-0.0768910018461276,0
163.01,0.05623853270243956,0
163.02,-0.4810577225624919,0
163.03,-0.30555567708379977,0
163.04,-0.3508299229730275,0
163.05,-0.15655419115772506,0
163.06,-0.4109340567917365,0
163.07,-0.9349321927630511,0
163.08,1.2041378626404808,0
163.09,-0.44013554976510433,0
163.1,-0.028467796835528338,0
163.11,-0.9658093504364119,0
163.12,-1.3199335705550614,0
163.13,-0.29282846320845723,0
163.14000000000001,0.004750679084840385,0
163.15,0.6581232537619919,0
163.16,0.3624885693359071,0
163.17000000000002,-0.0039303020841606785,0
163.18,-0.5214090575480731,0
163.19,0.6532355731670827,0
163.20000000000002,0.6433080670884532,0
163.21,-0.5174920816340302,0
163.22,-0.1237187129106429,0
163.23,0.03126254837684761,0
163.24,-0.19073570655920033,0
163.25,0.34891709280316796,0
163.26,0.5157619754734005,0
163.27,0.013147737381030887,0
163.28,-0.16059617789964284,0
163.29,0.7438308339521194,0
163.3,0.6685010526230107,0
163.31,0.19147557924296593,0
163.32,-0.8338843484121898,0
163.33,-0.039378907438300664,0
163.34,0.34785138665387516,0
163.35,-1.3939327385229137,0
163.36,-0.22832758405892595,0
163.37,-0.2929167157066948,0
163.38,-0.2047314383213174,0
163.39000000000001,-0.5482426568219966,0
163.4,-0.22978208004990644,0
163.41,0.6700756974631297,0
163.42000000000002,-0.08392520910744605,0
163.43,0.47954149645078525,0
163.44,-0.32315141243503376,0
163.45000000000002,0.30968161360018287,0
163.46,0.06474938471339493,0
163.47,0.190142245813576,0
163.48,0.03787631116909962,0
163.49,0.3377306021518034,0
163.5,-1.2962812239808148,0
163.51,-1.093519560661617,0
163.52,-0.06457000945879401,0
163.53,-1.1176566839281987,0
163.54,-0.5751828301722014,0
163.55,-0.18590793798418734,0
163.56,-0.5006224652687962,0
163.57,-0.5065259892792376,0
163.58,0.004948134995538721,0
163.59,0.5257168096072239,0
163.6,-0.39194203761471197,0
163.61,-0.41714531420822715,0
163.62,-0.5065874803428208,0
163.63,-1.428953647124623,0
163.64000000000001,-0.29456656047142243,0
163.65,0.4113759415530645,0
163.66,0.6315318989474227,0
163.67000000000002,-0.3184990300925655,0
163.68,-0.7588241477293609,0
163.69,-0.1907842846140368,0
163.70000000000002,0.38137954947965447,0
163.71,0.16530853513415467,0
163.72,0.1829345203620996,0
163.73,0.6413834361862922,0
163.74,-0.2456435974015368,0
163.75,-0.19088377417183017,0
163.76,0.8104751444376095,0
163.77,0.08556319024184736,0
163.78,-0.6657153426365133,0
163.79,-0.5350469457052767,0
163.8,-0.6454957975196027,0
163.81,0.016749611839045844,0
163.82,-0.48497184701034385,0
163.83,0.011098565804625381,0
163.84,-0.40115758894837045,0
163.85,-1.242972645566386,0
163.86,-0.1593245669307767,0
163.87,0.02740593361031833,0
163.88,0.27079286547132225,0
163.89000000000001,-0.3024318798154186,0
163.9,-0.5024413762094695,0
163.91,0.07652855089927764,0
163.92000000000002,0.8164493861168117,0
163.93,0.1984877317138438,0
163.94,0.2641986605120398,0
163.95000000000002,-0.11669469671487069,0
163.96,-0.8626566845886365,0
163.97,0.2881228439761328,0
163.98,0.5444322586766916,0
163.99,0.5033014350026245,0
164.0,0.01765637911568642,0
164.01,0.3111330615989532,0
164.02,0.5425506635551015,0
164.03,0.9872791850735938,0
164.04,0.7621369300640819,0
164.05,0.21345566401557484,0
164.06,-0.654350417599508,0
164.07,-0.091675283310169,0
164.08,0.10277868316638901,0
164.09,0.39238120905533797,0
164.1,0.8082358187771618,0
164.11,0.14057560191455987,0
164.12,1.1432234161159318,0
164.13,-0.6618043502692029,0
164.14000000000001,0.047177522131605525,0
164.15,-0.4240893262389048,0
164.16,-1.1322864598040125,0
164.17000000000002,-0.40108261122407546,0
164.18,-0.8867832332842939,0
164.19,-0.3181364327598983,0
164.20000000000002,-0.07145061618131952,0
164.21,0.5674099030499608,0
164.22,-0.6713375870906627,0
164.23,0.30563897646222377,0
164.24,0.1183776073000969,0
164.25,0.5672716073612954,0
164.26,-0.0982837586944883,0
164.27,-0.7441748101566084,0
164.28,-0.8444994418818657,0
164.29,-0.9091100529369951,0
164.3,0.017165350936652647,0
164.31,0.7808365649877749,0
164.32,-0.11557294544294094,0
164.33,0.29626020195567404,0
164.34,-0.7470624977216791,0
164.35,-0.10053697219180302,0
164.36,0.3211423792476384,0
164.37,-0.7006060953072303,0
164.38,-0.2933986546950748,0
164.39000000000001,0.298271671430099,0
164.4,-1.497355743355964,0
164.41,0.32729160565045606,0
164.42000000000002,0.2606666460996674,0
164.43,0.43738865452220216,0
164.44,-0.1198588379560031,0
164.45000000000002,-0.9567512784076134,0
164.46,0.03588558341191528,0
164.47,-0.04430252014438572,0
164.48,-0.003222411670715415,0
164.49,0.5691762875873307,0
164.5,0.5389550630899892,0
164.51,1.1487427545384303,0
164.52,0.3600381724109031,0
164.53,-0.2871234542337274,0
164.54,-0.18111523020972725,0
164.55,0.1671230887130172,0
164.56,0.5738489293999433,0
164.57,-0.646653929890746,0
164.58,-0.16594355032835872,0
164.59,0.8068673497581978,0
164.6,0.06505507132682571,0
164.61,0.5033605609274113,0
164.62,0.3797850706628963,0
164.63,0.5953604674061697,0
164.64000000000001,-0.2909588249178662,0
164.65,-0.5101751066420452,0
164.66,-0.12523664315558547,0
164.67000000000002,-0.8557172838004675,0
164.68,-0.3659794707762414,0
164.69,0.03480937063757806,0
164.70000000000002,0.950764449746216,0
164.71,0.4438758331261565,0
164.72,0.4356905356839567,0
164.73,0.7208547244128845,0
164.74,-0.3416504505706694,0
164.75,-0.18143264218461155,0
164.76,1.2381940461603216,0
164.77,0.2593900477016562,0
164.78,0.6514054048579064,0
164.79,0.6681372188983178,0
164.8,-0.6280094716017762,0
164.81,0.0004849077001555114,0
164.82,0.07045786003714488,0
164.83,0.1855598842784076,0
164.84,-0.36292841914054275,0
164.85,-0.6932157021786924,0
164.86,-0.4344383283794585,0
164.87,-0.16828886480394536,0
164.88,0.5814160373341427,0
164.89000000000001,1.1056206365291823,0
164.9,1.0126696318854307,0
164.91,0.703815583564528,0
164.92000000000002,-0.3662810736534417,0
164.93,-0.3166679753542534,0
164.94,0.02532224561420364,0
164.95000000000002,-0.3377269470460296,0
164.96,0.21573146782757618,0
164.97,0.43044028374311855,0
164.98,0.38606893345404314,0
164.99,0.6353453533966436,0
165.0,-0.3299401580475632,0
165.01,0.4072715947152383,0
165.02,-0.2756029633127581,0
165.03,-0.576905101484218,0
165.04,0.13226379814271594,0
165.05,0.6737232612306012,0
165.06,0.42151934216469933,0
165.07,0.10970520760065114,0
165.08,0.18588296722844547,0
165.09,0.11245404811069859,0
165.1,-0.5781214787914452,0
165.11,-0.8128535051088704,0
165.12,-0.251732748736847,0
165.13,-0.026906086341239546,0
165.14000000000001,-0.007148765937189708,0
165.15,0.3518459305875997,0
165.16,-0.03315990551847112,0
165.17000000000002,0.2851861545493925,0
165.18,-0.011988767110203405,0
165.19,0.9617602405865597,0
165.20000000000002,0.2772198925297026,0
165.21,1.3096614592401334,0
165.22,0.5087555581131439,0
165.23,0.007322248444826398,0
165.24,-0.48319082902242616,0
165.25,-0.8951780004279332,0
165.26,-0.7577213968239913,0
165.27,-0.6637582987701729,0
165.28,0.03845172235048459,0
165.29,-0.2764105670610149,0
165.3,0.0246630393047524,0
165.31,0.6831271761536595,0
165.32,0.11832591154529626,0
165.33,1.1311531411679963,0
165.34,-0.34898258980418545,0
165.35,-0.17300445752965796,0
165.36,-0.33597964405187386,0
165.37,0.40924478333336745,0
165.38,-1.0958973970169132,0
165.39000000000001,-1.0478823771035808,0
165.4,-0.32449251801830425,0
165.41,0.7397265337987002,0
165.42000000000002,0.29992912922974974,0
165.43,-0.6499931926787443,0
165.44,-0.805218162564008,0
165.45000000000002,0.684477247612148,0
165.46,-0.16475860582313975,0
165.47,-0.548410248038983,0
165.48,0.6446333150011728,0
165.49,0.6946284247527489,0
165.5,0.8472064360668029,0
165.51,-0.29901906215972424,0
165.52,-0.8917747656035778,0
165.53,-0.15683302165050989,0
165.54,0.1344954087715958,0
165.55,0.22306672264432512,0
165.56,0.8382736201951659,0
165.57,-0.7183592945519729,0
165.58,0.27363475888642386,0
165.59,-0.5201336843494933,0
165.6,0.32116721912778956,0
165.61,-0.17710553457326522,0
165.62,-0.4821688175246895,0
165.63,-0.4497182840944668,0
165.64000000000001,-0.8866069369115689,0
165.65,-0.2044185538965734,0
165.66,-0.4668346976849631,0
165.67000000000002,0.2978109278689432,0
165.68,0.41113562231815004,0
165.69,0.9976598498537941,0
165.70000000000002,0.44041250254209297,0
165.71,0.38334001021415093,0
165.72,0.8374374749020858,0
165.73,-0.12885070711727156,0
165.74,-0.8286777814419322,0
165.75,-0.10448513206278853,0
165.76,-0.7875541283264853,0
165.77,1.1061321699861626,0
165.78,1.0478914742954937,0
165.79,1.410663191162465,0
165.8,0.3822601316827642,0
165.81,0.38514636667456137,0
165.82,-0.15197635485483724,0
165.83,0.42866074762640377,0
165.84,-0.5436456925968014,0
165.85,-1.4936470174819207,0
165.86,-0.7978995368027306,0
165.87,-0.9779299015952116,0
165.88,0.5392437980763446,0
165.89000000000001,1.0984437663028024,0
165.9,-0.47573515128831,0
165.91,0.565755684268674,0
165.92000000000002,0.6449327474161278,0
165.93,-0.6778379504136939,0
165.94,-0.38035807432445284,0
165.95000000000002,-0.4070721174253945,0
165.96,0.29358326460122963,0
165.97,-0.5839126496562554,0
165.98,-0.2015291156714209,0
165.99,-0.4185219552391778,0
166.0,0.14462735463245713,0
166.01,-0.08206315614734526,0
166.02,-0.30828117826909024,0
166.03,-0.19334403789106286,0
166.04,1.0332850812921708,0
166.05,0.033706527988333214,0
166.06,-0.5485039073131133,0
166.07,0.1710567355439056,0
166.08,-0.03614156098949622,0
166.09,-0.7651286924342248,0
166.1,0.994679194904074,0
166.11,0.058615749788440176,0
166.12,-0.18887904876179806,0
166.13,0.03563639613610747,0
166.14000000000001,0.928037804934045,0
166.15,-0.6646910670339397,0
166.16,-0.021335168626590278,0
166.17000000000002,1.104119946910232,0
166.18,0.34253276592957593,0
166.19,-0.5742330199696043,0
166.20000000000002,-0.4748413193550506,0
166.21,-0.010460659560900332,0
166.22,0.7042046222029317,0
166.23,-0.006494879668307583,0
166.24,0.43680212466638857,0
166.25,-0.6569368465377584,0
166.26,-0.9347756082570496,0
166.27,-0.49247039287121663,0
166.28,0.6410576116569625,0
166.29,0.19535926306373697,0
166.3,0.20163357862574136,0
166.31,0.19699707508122521,0
166.32,0.6384854872412965,0
166.33,-0.16675631243210642,0
166.34,0.3234757054725913,0
166.35,-0.3629342104307328,0
166.36,0.9641425137109598,0
166.37,-0.1864448618390058,0
166.38,-0.5177162247465712,0
166.39000000000001,0.16213024621518166,0
166.4,0.08190589277074481,0
166.41,0.19346247964462834,0
166.42000000000002,0.16838622100734724,0
166.43,-0.5395652723910663,0
166.44,0.7233319391468594,0
166.45000000000002,0.6557709021763812,0
166.46,0.8867690645962848,0
166.47,-0.060482483337138744,0
166.48,0.20591529454699592,0
166.49,0.15584935166747285,0
166.5,0.6389707366330925,0
166.51,0.7769653607354262,0
166.52,0.29643979485765176,0
166.53,-0.7348179605235798,0
166.54,0.7635050535131584,0
166.55,0.48647848596386417,0
166.56,-0.2028327772623422,0
166.57,0.16539396883138405,0
166.58,-0.7637154567074598,0
166.59,0.370772786055135,0
166.6,-0.6910474647585841,0
166.61,-0.29059020333126223,0
166.62,0.05734926775357757,0
166.63,0.5674146695852456,0
166.64000000000001,0.19849349888700688,0
166.65,0.3877069133610325,0
166.66,0.08191272066301424,0
166.67000000000002,0.00336630235099191,0
166.68,0.04643190689259285,0
166.69,-0.08895892556039903,0
166.70000000000002,-0.9202422613528197,0
166.71,-0.639021958240824,0
166.72,-0.029163936458686777,0
166.73,-0.13967394699938787,0
166.74,-0.11756715466915732,0
166.75,-0.20122143726220448,0
166.76,-0.5097919338880081,0
166.77,-0.38958842038850006,0
166.78,-0.2603010132989829,0
166.79,-0.06179913957736314,0
166.8,0.19461765572578457,0
166.81,-0.046872940964811975,0
166.82,-0.5593814701620751,0
166.83,-0.88366642669292,0
166.84,1.1630594266185024,0
166.85,-0.31010975302668625,0
166.86,-0.35287942703643593,0
166.87,0.18797750347345255,0
166.88,0.24008426206287523,0
166.89000000000001,0.3383617022221307,0
166.9,-0.15016827651735282,0
166.91,0.09054463844920466,0
166.92000000000002,0.05639236563904663,0
166.93,-0.15099189764363005,0
166.94,0.09411471760250588,0
166.95000000000002,0.5867637653041871,0
166.96,0.13612672234133377,0
166.97,0.02705286427929395,0
166.98,0.5769395762023996,0
166.99,0.6575785426359851,0
167.0,1.0093243766088644,0
167.01,-0.6814531192020057,0
167.02,0.3131571859066536,0
167.03,0.40020689123814124,0
167.04,-0.36999191667872317,0
167.05,0.043121298941091256,0
167.06,0.5722219257404346,0
167.07,-0.2967761727017442,0
167.08,0.16325310620079345,0
167.09,0.5066492687261211,0
167.1,-0.44184142529390535,0
167.11,-0.1843382065392029,0
167.12,0.11612840231406003,0
167.13,-0.39295685665819896,0
167.14000000000001,-0.564397741622096,0
167.15,-0.21095153018696522,0
167.16,0.37626980738344273,0
167.17000000000002,0.4390271922003294,0
167.18,-0.3467846882822463,0
167.19,0.26283971534356526,0
167.20000000000002,-0.37718150682447615,0
167.21,-0.9494491570489251,0
167.22,-0.43051843434392595,0
167.23,0.4927942573099621,0
167.24,0.4749661920935116,0
167.25,0.12039244387095775,0
167.26,-0.18928189171848653,0
167.27,-0.2523097938152523,0
167.28,-0.0025305153669533116,0
167.29,-0.5669556696059449,0
167.3,-0.3244183958963652,0
167.31,-0.19316058855717405,0
167.32,-0.7650001302183923,0
167.33,-0.6349261121813465,0
167.34,0.06274732613995775,0
167.35,0.023664152447037692,0
167.36,-0.15555615891817076,0
167.37,-0.5212595166930568,0
167.38,0.7124522952172662,0
167.39000000000001,-0.265058846321766,0
167.4,0.07084122928969354,0
167.41,-0.2389308526785536,0
167.42000000000002,-0.03720401064772115,0
167.43,0.23764339322096972,0
167.44,-0.6670055429541867,0
167.45000000000002,-0.1669388862500151,0
167.46,0.5957484847718413,0
167.47,1.0904195693496037,0
167.48,0.2068309326301135,0
167.49,0.07740989361289859,0
167.5,1.2005130130691555,0
167.51,0.9081056248448528,0
167.52,-0.09806674110269079,0
167.53,-0.3504721577485715,0
167.54,0.4254956273704525,0
167.55,-0.42827917735181253,0
167.56,0.47598517354072367,0
167.57,0.30086735564005523,0
167.58,0.3548083220327705,0
167.59,-0.044088376288997616,0
167.6,-0.3424542600056389,0
167.61,0.696963197659447,0
167.62,0.04690099738918331,0
167.63,-0.20301327684747,0
167.64000000000001,-0.08928787529429662,0
167.65,0.08465274983808872,0
167.66,-0.5235614694504527,0
167.67000000000002,-0.4274359274171665,0
167.68,-0.43167204172793056,0
167.69,0.3465766746803967,0
167.70000000000002,-0.38076655369248674,0
167.71,-1.0257619247120442,0
167.72,-1.2995073006200077,0
167.73,-1.1033833446611498,0
167.74,0.45378624809175816,0
167.75,0.12668457446873527,0
167.76,0.3032537345490644,0
167.77,0.3662042162220686,0
167.78,0.1262055212079089,0
167.79,-0.0034953672654150668,0
167.8,0.560192558812975,0
167.81,0.22265777569931636,0
167.82,0.8056371566279501,0
167.83,0.5369695079767208,0
167.84,-0.18976710770400457,0
167.85,-0.3071519957500287,0
167.86,-0.4591151007474841,0
167.87,0.5387243062216991,0
167.88,-0.07586456078337606,0
167.89000000000001,-0.43898039528112526,0
167.9,0.06579095680857952,0
167.91,-0.03001181184879381,0
167.92000000000002,0.1546928704224204,0
167.93,1.05043574415983,0
167.94,0.7542637344760699,0
167.95000000000002,0.2084048117951965,0
167.96,-0.6924366716787034,0
167.97,-0.4338172727711185,0
167.98,0.2757846557237043,0
167.99,-0.549050174993509,0
168.0,1.0085461280731691,0
168.01,0.2655228217330515,0
168.02,0.09814551372839175,0
168.03,-0.3246819848761448,0
168.04,0.1891958788506363,0
168.05,-0.5634993822439502,0
168.06,1.0179274207534226,0
168.07,0.9619808978213534,0
168.08,0.7706731789892807,0
168.09,-0.541736317094913,0
168.1,-0.019954139498627635,0
168.11,0.6450250336370852,0
168.12,0.48328060438847464,0
168.13,-0.4066210468379119,0
168.14000000000001,-0.44159354538652323,0
168.15,-0.3447684163039389,0
168.16,-0.4011997773404902,0
168.17000000000002,0.7202151784095361,0
168.18,-0.8365244339737411,0
168.19,0.14664017701163606,0
168.20000000000002,-0.6450234155586844,0
168.21,-0.6666001873565712,0
168.22,-1.23030555929144,0
168.23,-0.5933266003308726,0
168.24,0.6628690908056724,0
168.25,0.31347078585750143,0
168.26,-0.5530344070193031,0
168.27,0.4102182976655712,0
168.28,0.7651197312989987,0
168.29,0.2535829619164578,0
168.3,1.1539082566643433,0
168.31,0.7329681639306058,0
168.32,0.5538001427370877,0
168.33,-0.28231347925981914,0
168.34,0.2706396755232171,0
168.35,0.19025749472752387,0
168.36,0.3315825334000455,0
168.37,-0.27443707634856274,0
168.38,0.006883457267553744,0
168.39000000000001,-0.4259687640671725,0
168.4,-1.2425554315740288,0
168.41,0.22839599881362246,0
168.42000000000002,-0.735531189724212,0
168.43,-0.11931507029066506,0
168.44,0.15503606893514355,0
168.45000000000002,0.22023711490461154,0
168.46,-0.08807618700895853,0
168.47,0.1300670351290626,0
168.48,0.29102204077574706,0
168.49,0.4718911988315592,0
168.5,1.0488747040701274,0
168.51,0.3947609735042358,0
168.52,0.14066648253831815,0
168.53,-0.4397881983191474,0
168.54,0.13016230469557208,0
168.55,0.3959404691457592,0
168.56,0.004614096264155258,0
168.57,0.29925835658847555,0
168.58,-0.07283878385077347,0
168.59,0.3472816168445008,0
168.6,0.5810196681992266,0
168.61,0.632054593739217,0
168.62,0.22906089504875915,0
168.63,-0.4882211451481352,0
168.64000000000001,-0.43954494873380645,0
168.65,0.21547387014761404,0
168.66,1.3664074120979932,0
168.67000000000002,0.16865850499545154,0
168.68,0.29345898930521724,0
168.69,-0.21416578059376157,0
168.70000000000002,-0.5635838649231187,0
168.71,-0.4923863660326999,0
168.72,-1.2233723477478864,0
168.73,0.4236649175237214,0
168.74,-1.0729081923186692,0
168.75,-0.3998841281224086,0
168.76,-0.718482596530829,0
168.77,-0.6416589527017256,0
168.78,0.5815996230540187,0
168.79,0.26148501086649706,0
168.8,-0.43968406579661173,0
168.81,-0.41476524517161506,0
168.82,-0.5022003405111842,0
168.83,-0.13956074466684942,0
168.84,0.06640193705332012,0
168.85,1.0353242760633552,0
168.86,-0.7523608135356564,0
168.87,-0.1972809727508475,0
168.88,-0.20798087247889196,0
168.89000000000001,0.46150774194880967,0
168.9,0.3138048790801167,0
168.91,0.40235694493191654,0
168.92000000000002,0.2939191022259423,0
168.93,-0.4132367353066121,0
168.94,0.5513761767639765,0
168.95000000000002,0.5727621109633558,0
168.96,0.6404707206801494,0
168.97,0.8430394981899658,0
168.98,0.44299941746744037,0
168.99,0.9092855500516542,0
169.0,0.4383250985705741,0
169.01,0.002864452146694004,0
169.02,0.0071811318198460785,0
169.03,-0.0008782859605499273,0
169.04,-0.26674741907312066,0
169.05,0.8124599758798813,0
169.06,0.3710535078335338,0
169.07,0.15340798801729497,0
169.08,0.2553569821910282,0
169.09,1.660994204838625,0
169.1,-0.1771146857831728,0
169.11,-0.4839294593125276,0
169.12,-0.8457808376707759,0
169.13,-0.32486606072953705,0
169.14000000000001,0.060019361134882016,0
169.15,-0.2222648982446517,0
169.16,-0.3324166373411461,0
169.17000000000002,0.003346780333862133,0
169.18,-0.2558958452886396,0
169.19,0.11190536359783562,0
169.20000000000002,0.6320873569520135,0
169.21,0.5293486137818809,0
169.22,0.6123342078680367,0
169.23,0.7422419817652042,0
169.24,0.34708730182505715,0
169.25,0.013242956823005636,0
169.26,-0.3969459394152605,0
169.27,-0.2965151500080701,0
169.28,-0.34193008616700715,0
169.29,0.3152806456767215,0
169.3,0.27465817597124315,0
169.31,0.4509189341455232,0
169.32,-0.49394200280969774,0
169.33,0.6502622049801171,0
169.34,-0.053483640764911695,0
169.35,-0.587793419002112,0
169.36,-0.3694300012908255,0
169.37,1.2417948142320652,0
169.38,0.11547748052972973,0
169.39000000000001,-0.13271209922613952,0
169.4,-0.12389449607742554,0
169.41,-0.09849099078222955,0
169.42000000000002,-0.429115864723708,0
169.43,-0.019300371109880008,0
169.44,0.5797218335499867,0
169.45000000000002,0.3240975294598955,0
169.46,-0.49887114228355445,0
169.47,-0.2962128079844727,0
169.48,-0.3558374919994508,0
169.49,-0.048801600498566536,0
169.5,0.7083197720593701,0
169.51,0.1098445920583645,0
169.52,-0.007392276842910692,0
169.53,0.9569446995629246,0
169.54,0.718023191665393,0
169.55,0.49744293048635024,0
169.56,1.1793955599180916,0
169.57,0.5679935835957451,0
169.58,-0.9035521426435131,0
169.59,0.22992306354379732,0
169.6,-0.7778903746880114,0
169.61,0.05870774885022234,0
169.62,-0.8854381393042002,0
169.63,-0.45742061367463455,0
169.64000000000001,-0.2954852134736429,0
169.65,-0.4713466892435304,0
169.66,-0.2909303471812427,0
169.67000000000002,0.4898673228978097,0
169.68,-0.24497165792164616,0
169.69,0.24187251038489324,0
169.70000000000002,-0.44092345925536874,0
169.71,-0.19825308170174613,0
169.72,0.13582765229378513,0
169.73,-0.48375231635209437,0
169.74,-0.806456027670212,0
169.75,0.073389920713383,0
169.76,0.6295309537271967,0
169.77,0.12842357068353677,0
169.78,-0.19824147306391476,0
169.79,0.046572234216884154,0
169.8,0.05446016221332911,0
169.81,0.15628340395285595,0
169.82,-1.2939523643612934,0
169.83,-0.8794253384758712,0
169.84,-0.656530586780884,0
169.85,-0.07030767604585192,0
169.86,0.09493435006230357,0
169.87,0.37608895192714614,0
169.88,0.24480254413577515,0
169.89000000000001,-0.6178355336656327,0
169.9,0.6298151760668393,0
169.91,0.8485303215936381,0
169.92000000000002,-0.44412443792789563,0
169.93,0.07996560551240782,0
169.94,-0.28323152824741327,0
169.95000000000002,0.017045689421836138,0
169.96,0.5791319266200189,0
169.97,1.2931262812442421,0
169.98,0.7373932588492196,0
169.99,0.355483383233348,0
170.0,-0.07798187665354928,0
170.01,0.09165385284106269,0
170.02,0.7612380377106993,0
170.03,0.18074075721998842,0
170.04,-0.41241869334015185,0
170.05,-0.9513221845357388,0
170.06,0.04975194464854972,0
170.07,0.15853612025888983,0
170.08,-0.2898842533379111,0
170.09,0.48841020516138006,0
170.1,-0.08797380222974863,0
170.11,-0.07911943769864288,0
170.12,-0.014035311620911463,0
170.13,-0.17574268378018051,0
170.14000000000001,0.09637366657750993,0
170.15,0.6520607086906787,0
170.16,-0.43060968401543326,0
170.17000000000002,0.16733077253887393,0
170.18,0.14838430577268338,0
170.19,0.1338938273378111,0
170.20000000000002,0.5127165218059814,0
170.21,0.16942891295192436,0
170.22,0.3131354188270378,0
170.23,0.4745882050833463,0
170.24,-0.1348219196039026,0
170.25,0.14078552980911116,0
170.26,-0.0831495427869462,0
170.27,-0.07619577812809185,0
170.28,-0.1752666319797865,0
170.29,0.22238360677862617,0
170.3,0.11444996139863522,0
170.31,0.25413847043841303,0
170.32,0.06966540521286656,0
170.33,-0.8213331609132772,0
170.34,-0.17308509012482956,0
170.35,0.006150343458282543,0
170.36,0.14635588334760957,0
170.37,-0.2639233117371177,0
170.38,-0.6868991293588577,0
170.39000000000001,0.17665365859273316,0
170.4,-0.08574630784940027,0
170.41,0.08559430078814023,0
170.42000000000002,-0.11260944672975154,0
170.43,-0.015459130734227396,0
170.44,-0.22716169973772185,0
170.45000000000002,-0.5563236911506173,0
170.46,0.12924517699572707,0
170.47,-0.2727821016980057,0
170.48,0.03524567223912384,0
170.49,0.24356917199976494,0
170.5,-0.23539093657181742,0
170.51,-0.6837020526724554,0
170.52,1.137349634824248,0
170.53,0.01962140061433784,0
170.54,0.3532799969821623,0
170.55,1.1375776456055258,0
170.56,0.7215150727125673,0
170.57,0.036891320769104466,0
170.58,-0.009968131241291044,0
170.59,-0.42929186656627605,0
170.6,0.37884619875661524,0
170.61,0.4129473577165429,0
170.62,-0.15399436250063775,0
170.63,-0.5767327718380676,0
170.64000000000001,-0.8309841434053687,0
170.65,0.3344518766702019,0
170.66,0.1646023011272209,0
170.67000000000002,0.17256574275223707,0
170.68,-0.3781374240454265,0
170.69,-0.8568891039849809,0
170.70000000000002,0.3154574534624578,0
170.71,0.1183476581122612,0
170.72,0.5298592598977292,0
170.73,-0.05587830329753593,0
170.74,-0.12286164244079231,0
170.75,0.36640466731539834,0
170.76,0.49890789680435016,0
170.77,0.5668062476373144,0
170.78,0.0018859005657313917,0
170.79,0.34517081800367544,0
170.8,0.6944004199792189,0
170.81,0.135320413926287,0
170.82,-0.22206354293024266,0
170.83,0.6771433691878426,0
170.84,-0.16158878795442055,0
170.85,0.3125038532116554,0
170.86,0.06473856052402065,0
170.87,-0.9467474771791764,0
170.88,0.38213750276564346,0
170.89000000000001,-1.3552696176408576,0
170.9,-1.377543419637333,0
170.91,-0.04563010814366979,0
170.92000000000002,0.28725222445793935,0
170.93,-0.24970302217579363,0
170.94,0.034354220411244654,0
170.95000000000002,-1.3213857079616815,0
170.96,0.0642861263617625,0
170.97,0.1672442271865122,0
170.98,0.03573156363954785,0
170.99,0.03830049717427334,0
171.0,0.29056097110836343,0
171.01,0.07560163901401777,0
171.02,-0.9607058139584753,0
171.03,0.9478839511008477,0
171.04,0.8949176978849468,0
171.05,-0.44202902341643885,0
171.06,-0.2757433241998438,0
171.07,-0.17602885997085538,0
171.08,0.5491634799845281,0
171.09,-0.9939087281071672,0
171.1,-0.49548769395602693,0
171.11,-1.0427020444321269,0
171.12,-0.3936863185582064,0
171.13,-0.33119053606976046,0
171.14000000000001,-0.0214615208647328,0
171.15,-0.30854427153711317,0
171.16,-0.45810263865432355,0
171.17000000000002,0.23448497785096759,0
171.18,0.31981391857759556,0
171.19,0.3926977392601022,0
171.20000000000002,0.02311592934133978,0
171.21,-0.27950313092264945,0
171.22,-0.11393831282207269,0
171.23,0.2576742573752986,0
171.24,-1.07547910059218,0
171.25,-0.039635344609438086,0
171.26,0.174115861958487,0
171.27,0.09606601480397767,0
171.28,-0.036016875149251046,0
171.29,-1.3560301001032138,0
171.3,-0.5536800632731548,0
171.31,0.8341256796148279,0
171.32,0.23505015055501988,0
171.33,-0.08519002640670988,0
171.34,0.007437488027020846,0
171.35,0.21056201899654425,0
171.36,0.42330083486884423,0
171.37,0.0037955626563244936,0
171.38,0.24713238431612886,0
171.39000000000001,0.9745992688832095,0
171.4,0.7994961219361555,0
171.41,1.4661903571606278,0
171.42000000000002,0.03686004088683796,0
171.43,0.9219524641434871,0
171.44,-0.17042418741087273,0
171.45000000000002,0.16587134917817076,0
171.46,0.45177007488784265,0
171.47,-0.1387899067522715,0
171.48,0.032462727682665574,0
171.49,0.5133261185545946,0
171.5,-0.22951318040465907,0
171.51,0.8520684352637764,0
171.52,-0.5038463825838696,0
171.53,0.9275170585568913,0
171.54,0.7856870506688649,0
171.55,0.16924779179339747,0
171.56,-0.15147330237036427,0
171.57,-0.2871872884402802,0
171.58,-0.12337965580814156,0
171.59,-0.03589585808920204,0
171.6,0.680294698750573,0
171.61,1.2393094676044751,0
171.62,0.4369040374734825,0
171.63,-0.3201594207973771,0
171.64000000000001,-0.34967500381079347,0
171.65,-0.16389619154565999,0
171.66,-0.568483828032668,0
171.67000000000002,-0.7488405928707149,0
171.68,0.9507337606238992,0
171.69,0.42002727973502246,0
171.70000000000002,-0.3174327757352082,0
171.71,0.37678674044053995,0
171.72,-0.5119976908566455,0
171.73,-0.6903063620315111,0
171.74,-0.5788252387547179,0
171.75,0.7578216090947042,0
171.76,0.07627083701788029,0
171.77,-1.2597026308099817,0
171.78,0.3510432879304652,0
171.79,-0.05379018909495814,0
171.8,-0.9766729548756106,0
171.81,-0.3911222559016805,0
171.82,0.20140506034158354,0
171.83,0.28729598871986695,0
171.84,1.0513592197798143,0
171.85,-0.16943157922748114,0
171.86,0.004421344712608993,0
171.87,-0.34949920745848245,0
171.88,-0.8866644941409599,0
171.89000000000001,0.27193229879047565,0
171.9,0.33675593838295403,0
171.91,0.25736483989919806,0
171.92000000000002,0.31377069070768987,0
171.93,-0.26440550159727294,0
171.94,-0.5794375879689136,0
171.95000000000002,-0.1025374401453503,0
171.96,0.615066574098155,0
171.97,1.032480881898923,0
171.98,0.7041142513295808,0
171.99,0.21400464037864383,0
172.0,0.21965182733439118,0
172.01,0.08360987532097502,0
172.02,-0.5028841516948098,0
172.03,-0.08998956170019813,0
172.04,-0.7106922458509346,0
172.05,-0.22105958718210178,0
172.06,0.838749186377256,0
172.07,0.6706608452017335,0
172.08,-0.301114685980163,0
172.09,-0.09099460117899422,0
172.1,-0.4441867892048668,0
172.11,-0.12139933221037087,0
172.12,0.5470564034480367,0
172.13,0.5075350028363668,0
172.14000000000001,1.4728406354115502,0
172.15,1.0263505667866581,0
172.16,0.38837073716752524,0
172.17000000000002,0.48088610024823353,0
172.18,0.035642118215809454,0
172.19,-0.5682549741688752,0
172.20000000000002,0.5766199609496503,0
172.21,0.7048316677433032,0
172.22,0.07123273546728137,0
172.23,0.18712476711125586,0
172.24,0.7311026400257667,0
172.25,0.6570067079595269,0
172.26,-0.5913406692038865,0
172.27,0.005503127389428805,0
172.28,-0.06425038647436827,0
172.29,0.6003344484698133,0
172.3,0.7228766168048752,0
172.31,0.9066921500530573,0
172.32,-0.34483570751487963,0
172.33,-0.4799251267931749,0
172.34,0.4971990888338001,0
172.35,-0.1668387677220724,0
172.36,-0.8279511965142506,0
172.37,0.10065514637804018,0
172.38,-0.24219130529493252,0
172.39000000000001,0.9166782014301997,0
172.4,0.41103910314284653,0
172.41,0.21228575958637552,0
172.42000000000002,-0.11934024420310844,0
172.43,0.841605871984167,0
172.44,0.4256508583611555,0
172.45000000000002,-0.08677973836648434,0
172.46,-0.42018313977959415,0
172.47,-0.11974204403431699,0
172.48,-0.5260947477411778,0
172.49,0.4409032988994095,0
172.5,-0.8282250790176987,0
172.51,-0.25675610302185087,0
172.52,0.2853662526838165,0
172.53,0.27821126344400765,0
172.54,-0.2877051831907649,0
172.55,0.3044465261567906,0
172.56,-0.3709323578092394,0
172.57,-0.07980915857255723,0
172.58,0.35206221006977034,0
172.59,0.35946017708547673,0
172.6,-0.24464837170770332,0
172.61,0.6015558788103598,0
172.62,0.22160820771547013,0
172.63,0.4761659402220716,0
172.64000000000001,0.9584756232210786,0
172.65,0.8599132960617182,0
172.66,0.8367033569132903,0
172.67000000000002,0.3370427008582816,0
172.68,0.5323584233029354,0
172.69,0.27217796756974083,0
172.70000000000002,-0.5505813828444527,0
172.71,0.04899968438937685,0
172.72,0.17423578492937966,0
172.73,0.3799213068326434,0
172.74,0.05236465833815965,0
172.75,-0.3668222009349458,0
172.76,0.2835368821221308,0
172.77,-0.60280839107747,0
172.78,0.6518828697946515,0
172.79,0.06548615123712014,0
172.8,0.17291891756172512,0
172.81,0.3665178757235785,0
172.82,0.43206918990616605,0
172.83,-0.6163976414118374,0
172.84,0.31071579000645577,0
172.85,0.26512038027274226,0
172.86,-0.24597635340337495,0
172.87,-0.43463427151478734,0
172.88,-0.26042847811826986,0
172.89000000000001,-0.7305664282589558,0
172.9,0.760734034570715,0
172.91,1.0078602743223721,0
172.92000000000002,0.5188014265565482,0
172.93,0.03706416591120302,0
172.94,-0.06932833886803283,0
172.95000000000002,0.4127783866358736,0
172.96,1.0657543292198892,0
172.97,-0.010821529643582947,0
172.98,-0.5713218482728875,0
172.99,0.7079214073869504,0
173.0,-0.7481139974615779,0
173.01,-0.6974455861110522,0
173.02,-0.279119635639878,0
173.03,-0.8740221953743854,0
173.04,0.40053765797324037,0
173.05,0.5832925047655421,0
173.06,-0.13340745762107947,0
173.07,0.6749959399965393,0
173.08,0.9674976420157367,0
173.09,0.20859763942532414,0
173.1,-0.16081550799073074,0
173.11,1.1901866854307666,0
173.12,0.7087048188396993,0
173.13,0.34083335202518955,0
173.14000000000001,0.8385409650702448,0
173.15,0.39766148692742154,0
173.16,-0.14256669395509203,0
173.17000000000002,0.034366064551950466,0
173.18,0.5890724784050454,0
173.19,-0.886238720287317,0
173.20000000000002,-0.34750293894934037,0
173.21,0.6771354073809026,0
173.22,-0.07577859048992334,0
173.23,0.8319792241314482,0
173.24,0.9890034443773988,0
173.25,0.24000315372233505,0
173.26,-0.2150764471136269,0
173.27,-0.17906676277302136,0
173.28,1.4020065159229906,0
173.29,1.3765119108254567,0
173.3,0.4387574433441666,0
173.31,-0.18627837144076753,0
173.32,0.043695411748762805,0
173.33,0.16874788972087998,0
173.34,-0.591926643869951,0
173.35,-0.07729710348665511,0
173.36,0.713003421553826,0
173.37,-0.7518280353102738,0
173.38,0.28041101541344676,0
173.39000000000001,0.8304550954937936,0
173.4,-0.0626376807663307,0
173.41,0.9148549411347113,0
173.42000000000002,-0.11056789426609154,0
173.43,0.23563827851264718,0
173.44,-0.07602844538656892,0
173.45000000000002,-0.1540232068887208,0
173.46,-0.3387279886043382,0
173.47,0.315886371106623,0
173.48,0.5595837341279835,0
173.49,0.13422320925998232,0
173.5,-0.6619997781076449,0
173.51,0.07791875143750397,0
173.52,0.2729745844907794,0
173.53,-0.018366336502074823,0
173.54,1.0186142095293347,0
173.55,-0.5493134672354767,0
173.56,-1.2891886451303611,0
173.57,-0.6825301259525407,0
173.58,0.2366968791263173,0
173.59,-0.47405591818574533,0
173.6,-0.611830254236013,0
173.61,0.3826210305430129,0
173.62,0.37114552328806505,0
173.63,0.3227927611845681,0
173.64000000000001,0.5260857288148212,0
173.65,-0.06561871087045185,0
173.66,-0.18889601883188148,0
173.67000000000002,0.4133839353232537,0
173.68,-0.5834406771420589,0
173.69,-1.2574800952490455,0
173.70000000000002,-0.5156143345690363,0
173.71,0.3963549124682574,0
173.72,0.26475988130897626,0
173.73,0.5523454142496608,0
173.74,-0.9060029147680027,0
173.75,-0.02878821465126242,0
173.76,0.3707490774402873,0
173.77,-0.5968787595688734,0
173.78,0.3396783868907704,0
173.79,0.05539480653465992,0
173.8,1.6793474739843126,0
173.81,-0.709673278617514,0
173.82,0.5816688874355718,0
173.83,-0.03445936814247993,0
173.84,-0.8397377244738906,0
173.85,-0.46044838707071867,0
173.86,0.06280444374049418,0
173.87,0.5983785742075417,0
173.88,1.0968320436496855,0
173.89000000000001,1.0616877811868113,0
173.9,-0.21836549128521415,0
173.91,0.5776144404698764,0
173.92000000000002,0.38317078489751216,0
173.93,-0.22237147096512705,0
173.94,-0.13796690222617186,0
173.95000000000002,-0.38199129389938197,0
173.96,-0.045187384751384264,0
173.97,-0.3692670843927314,0
173.98,-0.6091207249373947,0
173.99,0.13354751619688499,0
174.0,0.3989287274837009,0
174.01,0.030591665230498173,0
174.02,0.7667726750433932,0
174.03,0.0838477845601944,0
174.04,-0.10939230269993064,0
174.05,0.3553102003492485,0
174.06,0.04927167590831349,0
174.07,0.08848187902350146,0
174.08,-1.2890548104704265,0
174.09,-0.28227871943590505,0
174.1,-1.0124873819366376,0
174.11,-0.8721517905333008,0
174.12,-0.8979342435716805,0
174.13,-0.7484450822622879,0
174.14000000000001,-0.44810381855984116,0
174.15,-0.3397682087464183,0
174.16,0.30018080761863464,0
174.17000000000002,0.22488819432290638,0
174.18,-0.9247126484093527,0
174.19,-0.15532574359391277,0
174.20000000000002,0.16218649325216325,0
174.21,-0.10285010204701361,0
174.22,-0.02651923423724528,0
174.23,0.1263749517123836,0
174.24,0.47046855833894574,0
174.25,-0.6893226015123474,0
174.26,-0.2706580856032794,0
174.27,0.767398231611504,0
174.28,0.9781329348146408,0
174.29,0.7295891315705139,0
174.3,0.5002180192638156,0
174.31,1.0381891224363322,0
174.32,1.312892882504636,0
174.33,0.29154825011131746,0
174.34,-0.41126452923062284,0
174.35,-0.21461034484739036,0
174.36,1.6276334143950466,0
174.37,-0.3966019151845862,0
174.38,-0.3174612656270403,0
174.39000000000001,-0.7993645962132283,0
174.4,-0.10105087661950687,0
174.41,-0.6333482984060039,0
174.42000000000002,-0.18382046947950453,0
174.43,-1.05197849042108,0
174.44,0.09842169493182881,0
174.45000000000002,0.7080994781572469,0
174.46,0.00515413348163498,0
174.47,-0.0380396016515867,0
174.48,-0.06385606701184407,0
174.49,0.11309180605889141,0
174.5,0.040701397241390325,0
174.51,0.4520203384137469,0
174.52,0.8024780721124924,0
174.53,-0.20002527558259783,0
174.54,-0.18181727917286897,0
174.55,0.4676476895233603,0
174.56,-0.60717844782231,0
174.57,-1.1682340851732456,0
174.58,-0.1384577701340766,0
174.59,0.26282756966858284,0
174.6,-0.2857827884751996,0
174.61,-0.3463966314982044,0
174.62,-0.458186689221366,0
174.63,-0.5429327249501942,0
174.64000000000001,0.2669004338003003,0
174.65,-0.5285687229069442,0
174.66,-0.2401387738890382,0
174.67000000000002,-0.508713903567872,0
174.68,-0.8686864286539657,0
174.69,0.2797540646694193,0
174.70000000000002,-0.17332108085222042,0
174.71,0.09062682189410753,0
174.72,-0.7468002131155106,0
174.73,-0.5481218814137863,0
174.74,0.29934046585944163,0
174.75,1.4864162408699593,0
174.76,-0.6469921473086327,0
174.77,-0.23499614065383065,0
174.78,0.19469422182836787,0
174.79,-0.24549170802492343,0
174.8,0.42499763810135194,0
174.81,-0.3213056306921221,0
174.82,0.03565393758702735,0
174.83,-0.23501671804474225,0
174.84,0.6247676922284443,0
174.85,-0.1698236958910049,0
174.86,-0.1956284110712801,0
174.87,0.4889587067370902,0
174.88,-0.3909336119777154,0
174.89000000000001,-0.026787691868706255,0
174.9,-0.9428863617303744,0
174.91,-0.7806698117444772,0
174.92000000000002,0.04278593390919832,0
174.93,-0.48238942436387455,0
174.94,-0.37606585211321447,0
174.95000000000002,0.20314553351489759,0
174.96,-0.2230341478844404,0
174.97,0.4170906728251159,0
174.98,0.25381787593248334,0
174.99,0.33020858790681645,0
175.0,0.7781878807672395,0
175.01,0.39968220158795,0
175.02,0.954269431762815,0
175.03,0.7587454472294901,0
175.04,-0.05413133320847223,0
175.05,0.7100935149973294,0
175.06,0.3530610989195187,0
175.07,-0.08685549171644721,0
175.08,0.16163668380371424,0
175.09,0.667903033934653,0
175.1,0.44448424407949283,0
175.11,1.1168306435944522,0
175.12,0.8930849493018055,0
175.13,0.5371741569562152,0
175.14000000000001,-0.3767817946194859,0
175.15,-0.15452703078468016,0
175.16,0.0349544867917935,0
175.17000000000002,0.4151822430860423,0
175.18,0.4787009110471404,0
175.19,0.24550477264192405,0
175.20000000000002,0.1610503041514939,0
175.21,0.4595550151063959,0
175.22,-0.30667464070656053,0
175.23,0.8619574358635022,0
175.24,-0.8389546489865252,0
175.25,0.6011027827565391,0
175.26,0.1620376676307759,0
175.27,0.6102835268571676,0
175.28,0.38223397774367057,0
175.29,0.31577944695802224,0
175.3,0.41009051617259584,0
175.31,0.5693983361316103,0
175.32,0.0033015775240853654,0
175.33,0.5879985240136877,0
175.34,-0.39437283783714916,0
175.35,-0.0652454447495198,0
175.36,0.46509869578615776,0
175.37,0.6824233573413564,0
175.38,0.4522990577470339,0
175.39000000000001,-0.060073488321632104,0
175.4,0.49889729930245597,0
175.41,-0.19530943051697922,0
175.42000000000002,0.9203271009173103,0
175.43,0.22149911937507127,0
175.44,-0.7279824206992279,0
175.45000000000002,-0.7816188163483198,0
175.46,-0.13553502700565612,0
175.47,0.07724612530460398,0
175.48,1.1049311625462066,0
175.49,-0.2400564900062191,0
175.5,-0.0022108471826718587,0
175.51,-0.5279035714958634,0
175.52,-0.3574635347772021,0
175.53,0.8443169957214519,0
175.54,-0.3571112583744002,0
175.55,0.26033154430521044,0
175.56,0.3113485382778274,0
175.57,0.10203369386967562,0
175.58,0.3392354500772076,0
175.59,-0.4957940648057735,0
175.6,0.7952903388632491,0
175.61,1.2610994098400854,0
175.62,0.3776286068384676,0
175.63,1.4221053423410992,0
175.64000000000001,0.18037877918154913,0
175.65,0.29572770112840785,0
175.66,0.8738921371342085,0
175.67000000000002,0.011505858808247664,0
175.68,-0.6953382050158838,0
175.69,-0.9945818066980628,0
175.70000000000002,0.8864060630083856,0
175.71,-0.022493958814479346,0
175.72,-0.0668661110480367,0
175.73,-0.571593874298015,0
175.74,0.39987424986333037,0
175.75,-0.2784509703063943,0
175.76,-0.2933990465329307,0
175.77,0.12402390279691325,0
175.78,-0.49772751691149353,0
175.79,-0.1815848683485067,0
175.8,0.7393180416518419,0
175.81,0.45091825404483843,0
175.82,0.22031604099356902,0
175.83,0.20761005067701382,0
175.84,-0.11717770873700598,0
175.85,1.0719147825394926,0
175.86,-0.1262958671779193,0
175.87,0.11901923169235301,0
175.88,0.12931744230889883,0
175.89000000000001,0.6078782587968693,0
175.9,0.7778357433571292,0
175.91,0.21583487183329725,0
175.92000000000002,0.2472157946328792,0
175.93,0.27526706001336954,0
175.94,-1.102632034791573,0
175.95000000000002,-1.0832644448586424,0
175.96,-0.55440751920851,0
175.97,-0.39900680671549066,0
175.98,-0.699705850989405,0
175.99,0.2629984361703992,0
176.0,0.10566334363670711,0
176.01,-0.04909116066024955,0
176.02,-0.6423544908653281,0
176.03,-0.14540532154653996,0
176.04,-1.3962086470406616,0
176.05,-0.3968475468023822,0
176.06,-0.026539989314000346,0
176.07,0.16125739404353084,0
176.08,-0.7535209985832892,0
176.09,-0.02951374317666576,0
176.1,-0.5227938188858494,0
176.11,-0.5241440574652332,0
176.12,0.2905506646317765,0
176.13,1.184526820538972,0
176.14000000000001,0.36282446842802374,0
176.15,-0.3050438379980216,0
176.16,0.06363456869799684,0
176.17000000000002,0.5554363232022106,0
176.18,0.5090634553066972,0
176.19,1.6276110673229018,0
176.20000000000002,0.06554104051011685,0
176.21,0.1903278176990167,0
176.22,0.9120954070542104,0
176.23,1.0591557639875346,0
176.24,-0.7339567464559564,0
176.25,-0.14549809211220993,0
176.26,0.7940038691860989,0
176.27,1.7777286170083881,0
176.28,0.8591263781114605,0
176.29,0.05881922504628671,0
176.3,-0.4827539734380846,0
176.31,1.10088754035227,0
176.32,0.703359147426363,0
176.33,-0.2356893746132841,0
176.34,-0.12697430081811806,0
176.35,0.17361724551027238,0
176.36,0.3732156928953908,0
176.37,-0.34551989043732745,0
176.38,-0.37316359822824857,0
176.39000000000001,-0.9332027614102445,0
176.4,0.3607829207413099,0
176.41,-0.05131496665395952,0
176.42000000000002,0.27595669855004196,0
176.43,0.8668842230167758,0
176.44,0.3743415290601502,0
176.45000000000002,0.07399606734918202,0
176.46,0.1623800271241555,0
176.47,0.11489837058549207,0
176.48,0.7330414193884667,0
176.49,0.3895223712518547,0
176.5,-0.151762961964807,0
176.51,0.5608844594474851,0
176.52,0.8363455622824382,0
176.53,-0.4627340746914159,0
176.54,0.7415050940157559,0
176.55,0.42056486132096516,0
176.56,0.2969986614433866,0
176.57,0.651358439562984,0
176.58,-0.0980100821067593,0
176.59,0.5247483581720522,0
176.6,-0.02829496242860534,0
176.61,-0.7513332912959595,0
176.62,-0.6779305915272107,0
176.63,0.17375897979816535,0
176.64000000000001,-0.41873344950287505,0
176.65,0.7941002948011304,0
176.66,0.873261256201933,0
176.67000000000002,0.9698589214817965,0
176.68,0.35039344484962853,0
176.69,0.2664378995418318,0
176.70000000000002,-0.5275255558813876,0
176.71,0.4400063628093604,0
176.72,0.3539136531974031,0
176.73,0.4322654041843919,0
176.74,1.0488679976969084,0
176.75,-0.01872407916613974,0
176.76,-0.03006091114897408,0
176.77,0.20828283854838256,0
176.78,-0.40420791490706265,0
176.79,-0.1590419295991084,0
176.8,0.2647050305538833,0
176.81,-0.06513029614579037,0
176.82,0.7228314509396715,0
176.83,-0.5818422542693527,0
176.84,0.49456439807364816,0
176.85,0.5178947139589722,0
176.86,-0.131259184829004,0
176.87,-0.4828672058618606,0
176.88,-1.1862735332849699,0
176.89000000000001,-0.6777207654256349,0
176.9,0.4305738541909943,0
176.91,0.12016073442115531,0
176.92000000000002,0.6917926293094732,0
176.93,-0.11469155799854525,0
176.94,0.39038876479731477,0
176.95000000000002,-0.2419540856392727,0
176.96,-0.5321099590749422,0
176.97,-0.14745600062060016,0
176.98,-0.3483223296637593,0
176.99,-0.8659887074026854,0
177.0,-0.27084794707312376,0
177.01,0.03174607616386955,0
177.02,0.7261988175530887,0
177.03,0.7232876080257419,0
177.04,0.8733797160595093,0
177.05,0.6448949714064293,0
177.06,0.3813252573548007,0
177.07,-0.5161124183120585,0
177.08,-0.006163994661795416,0
177.09,0.35936376849251755,0
177.1,0.9091082081969307,0
177.11,0.6359192741095712,0
177.12,0.8627362424507055,0
177.13,-0.2906434267967736,0
177.14000000000001,-0.20320285994446213,0
177.15,0.22116967662842626,0
177.16,0.716905760421032,0
177.17000000000002,0.14529135976856028,0
177.18,0.03586087559301536,0
177.19,0.4183741565208004,0
177.20000000000002,-0.45145067557203905,0
177.21,0.7866975997503413,0
177.22,-0.22789667512341588,0
177.23,-1.035051647753312,0
177.24,-0.20972384502322278,0
177.25,0.8957752124860462,0
177.26,0.5800069311102496,0
177.27,0.5887791488852345,0
177.28,0.21306848157680836,0
177.29,0.015994113117520192,0
177.3,-0.7748076819178118,0
177.31,-1.3529531864661235,0
177.32,-0.1897258582611933,0
177.33,0.6955767353229534,0
177.34,0.4012260628293994,0
177.35,0.476502804082939,0
177.36,1.0066576529024815,0
177.37,0.47092993998207855,0
177.38,0.09663892803165317,0
177.39000000000001,-0.36746995078097056,0
177.4,1.0293344885873428,0
177.41,0.5820804198612175,0
177.42000000000002,-0.3126004925375619,0
177.43,-0.6574186339175184,0
177.44,0.5474043682742356,0
177.45000000000002,-0.3711257119519401,0
177.46,0.9389869120829595,0
177.47,-1.1885914458297364,0
177.48,0.5050484291278683,0
177.49,0.4302039266368921,0
177.5,0.21539880086369795,0
177.51,0.005142936909857239,0
177.52,1.0529358943620941,0
177.53,0.6845765596078466,0
177.54,-0.26499583645421676,0
177.55,-0.9367423938269386,0
177.56,-0.0948430637161988,0
177.57,0.02068322366587795,0
177.58,-0.7592091593370849,0
177.59,-0.1742591461600012,0
177.6,-0.3041241799004256,0
177.61,-0.025963895211060635,0
177.62,0.4252476183564816,0
177.63,0.9463768070818789,0
177.64000000000001,0.7658460012144239,0
177.65,-0.1474558869304572,0
177.66,0.20491036008195265,0
177.67000000000002,0.13018720607541986,0
177.68,-0.6314671101349939,0
177.69,0.09963666600014515,0
177.70000000000002,1.0591218202596266,0
177.71,0.32755681359506994,0
177.72,-0.7215223714401001,0
177.73,-0.1186758493571744,0
177.74,-0.6303890624066057,0
177.75,0.3479662192321103,0
177.76,0.41220254569951864,0
177.77,0.057775668410463,0
177.78,-0.11613331709850705,0
177.79,-0.09623743201409912,0
177.8,0.026203968697672823,0
177.81,-0.358795755108597,0
177.82,-0.7827920068681552,0
177.83,0.45667230346476617,0
177.84,-0.0450597864141835,0
177.85,0.12374181449817567,0
177.86,0.22894725622426532,0
177.87,0.2748518623619332,0
177.88,-0.5102199644393236,0
177.89000000000001,-0.9737937289591041,0
177.9,-0.5107041072475514,0
177.91,0.12933677902251176,0
177.92000000000002,-0.30900360620115064,0
177.93,-0.21989923824738442,0
177.94,1.1242843863004128,0
177.95000000000002,-0.6552450458520191,0
177.96,-0.519417768794071,0
177.97,0.9266683041730065,0
177.98,0.2544696264154202,0
177.99,-0.26575303161463365,0
178.0,0.6026024631650284,0
178.01,0.22673148161062612,0
178.02,-0.08209631340371175,0
178.03,0.12866502932286358,0
178.04,-0.2715154015247923,0
178.05,-0.56290564624011,0
178.06,-0.1543591939705392,0
178.07,-0.530081142166305,0
178.08,-0.079887038728611,0
178.09,0.2157394381818501,0
178.1,0.5552353442786534,0
178.11,0.7865228876163844,0
178.12,0.02765455134150875,0
178.13,0.32000081706815287,0
178.14000000000001,0.389456104024581,0
178.15,0.31914735764227786,0
178.16,-0.12829536243012618,0
178.17000000000002,-0.532270846154967,0
178.18,0.18158975282908088,0
178.19,-0.8162047188548118,0
178.20000000000002,-0.2992843856166548,0
178.21,-1.3872803435117387,0
178.22,-1.0110237958444348,0
178.23,-0.6723445735675915,0
178.24,0.4635126340381275,0
178.25,0.5299128636965709,0
178.26,-0.11488012750399343,0
178.27,0.40736486424094837,0
178.28,0.6222399088150917,0
178.29,0.11774690553025836,0
178.3,-0.660008363529283,0
178.31,-0.22789930855035012,0
178.32,-0.0612441863576797,0
178.33,-0.6237362327399842,0
178.34,0.08746982628874568,0
178.35,0.2188540295321113,0
178.36,0.33972968145379867,0
178.37,0.2815224081077985,0
178.38,0.5071396780505446,0
178.39000000000001,0.07941673003741473,0
178.4,0.1754804872936565,0
178.41,-0.1197336299158422,0
178.42000000000002,-0.29295454896542894,0
178.43,0.6877099923129009,0
178.44,-0.8681294122336325,0
178.45000000000002,0.29823339296028867,0
178.46,-0.20750304670667677,0
178.47,-0.40286074698302643,0
178.48,0.0870590626898609,0
178.49,-0.7229915043119733,0
178.5,-0.5667573342392506,0
178.51,-0.545296278610355,0
178.52,-0.2055983743794067,0
178.53,-0.43096492181060764,0
178.54,0.7936153840781357,0
178.55,1.2041211805156269,0
178.56,-0.7269714634896121,0
178.57,0.15694734051006326,0
178.58,0.5453627571523862,0
178.59,0.4743950349218563,0
178.6,-0.18293604903110167,0
178.61,-0.1267515083791429,0
178.62,-0.381160313389821,0
178.63,-0.2700471363987926,0
178.64000000000001,-0.6627742638703267,0
178.65,-0.17769799629422564,0
178.66,-0.7955565142775046,0
178.67000000000002,-0.2562668716217573,0
178.68,-0.6797413392390207,0
178.69,-0.010521119355632588,0
178.70000000000002,-0.31512977473064974,0
178.71,0.12531528262800032,0
178.72,0.656700209729692,0
178.73,1.0600411810744237,0
178.74,-1.0317733942120084,0
178.75,-0.6526752222545996,0
178.76,-0.2750288791367228,0
178.77,0.22596555966865686,0
178.78,-0.7727604179768738,0
178.79,-0.6665307562749524,0
178.8,-0.04751670171055862,0
178.81,0.08306103473579168,0
178.82,0.27163262721823533,0
178.83,0.35399140580510835,0
178.84,0.3186596359476627,0
178.85,0.23267952790231278,0
178.86,0.13777762823871148,0
178.87,0.4384165161616676,0
178.88,-1.0329136842592335,0
178.89000000000001,0.6142218791940006,0
178.9,-0.970332518267398,0
178.91,-0.7671604957512353,0
178.92000000000002,-0.26239596618350014,0
178.93,0.3427812823679605,0
178.94,-1.4591615825129451,0
178.95000000000002,-0.3295014623588248,0
178.96,0.3899069582210372,0
178.97,0.6774346502691126,0
178.98,-0.1516140121115574,0
178.99,-0.14769104673497324,0
179.0,-0.31458758556835953,0
179.01,-0.23726632293866434,0
179.02,-0.5582690011410757,0
179.03,-0.5625559000623593,0
179.04,0.1412893494564535,0
179.05,0.1560573513020606,0
179.06,0.3514845226544947,0
179.07,0.25256224941611,0
179.08,0.48898444090232585,0
179.09,0.6407226054712638,0
179.1,-0.716510317110129,0
179.11,-0.5832052596549928,0
179.12,-0.21810704630310623,0
179.13,-0.015655412919678632,0
179.14000000000001,-0.3097749388205802,0
179.15,0.4592645236934864,0
179.16,1.2202696873466106,0
179.17000000000002,0.45530434180217616,0
179.18,0.2098775590418025,0
179.19,0.5560094325204401,0
179.20000000000002,-0.8034105645404402,0
179.21,-0.13444172593757922,0
179.22,0.5390485708992887,0
179.23,-0.15641430887355695,0
179.24,-0.640926839145103,0
179.25,-0.20777857573694794,0
179.26,-0.03282288803151917,0
179.27,-0.44061845519535864,0
179.28,1.0576393799615424,0
179.29,0.06103917557523307,0
179.3,-0.5475147298990297,0
179.31,-0.1351079444349493,0
179.32,0.5013558344140259,0
179.33,0.18631539530474467,0
179.34,0.3569151085399527,0
179.35,-0.32310324467501417,0
179.36,0.7632863726696606,0
179.37,0.5418058393512908,0
179.38,0.745280414939718,0
179.39000000000001,0.43270960457063923,0
179.4,0.599423421509537,0
179.41,-0.26307153495843644,0
179.42000000000002,-0.27541979072667266,0
179.43,0.7002724188370592,0
179.44,1.057802239728009,0
179.45000000000002,-0.29424804845862595,0
179.46,0.11162302394532482,0
179.47,-0.1493576371443878,0
179.48,-0.35626629497875206,0
179.49,0.11492506022411766,0
179.5,0.688676212149349,0
179.51,0.46507477311933276,0
179.52,-0.001465856047127373,0
179.53,0.32626984583650265,0
179.54,-0.057640407112636904,0
179.55,0.2575849005872161,0
179.56,0.8606305074955998,0
179.57,-0.8383984085120366,0
179.58,0.2676074239467601,0
179.59,-0.7000194961802216,0
179.6,0.531839935817481,0
179.61,-0.15352406548180753,0
179.62,-0.6340419261129449,0
179.63,0.26457428367271274,0
179.64000000000001,0.3129438138801389,0
179.65,-0.40096195887361874,0
179.66,-0.7145652581381827,0
179.67000000000002,-0.22550266930104976,0
179.68,-0.6445778152402837,0
179.69,-0.6733622344105763,0
179.70000000000002,-0.053677069191510746,0
179.71,-0.47465118559555675,0
179.72,0.1616505097570817,0
179.73,0.8871700488665721,0
179.74,0.19592237686302336,0
179.75,0.17156882874460802,0
179.76,1.1709153362897506,0
179.77,-0.2863576725081243,0
179.78,0.6161755057271064,0
179.79,0.7777408185696562,0
179.8,0.702854154340513,0
179.81,0.9171169498068588,0
179.82,0.4322347885704288,0
179.83,-0.14879498466779695,0
179.84,0.5993141603684666,0
179.85,0.8067582759400705,0
179.86,0.8439967844390438,0
179.87,0.2884240330019478,0
179.88,-0.25552961759064463,0
179.89000000000001,0.09182515490819432,0
179.9,0.5785646137245009,0
179.91,0.7440194495581836,0
179.92000000000002,0.011099324486593426,0
179.93,0.22467135187599002,0
179.94,-0.5868161292535763,0
179.95000000000002,0.43184034507699653,0
179.96,-0.25511844219365315,0
179.97,0.40849467206919376,0
179.98,-0.4557861496937532,0
179.99,0.48949126036112256,0
180.0,0.3479710637415137,0
180.01,-0.27486088149051086,0
180.02,0.3537403838100295,0
180.03,-0.1716321594655018,0
180.04,0.4106146775650672,0
180.05,0.011075053530373247,0
180.06,-0.859316912529377,0
180.07,-0.6835308377082475,0
180.08,-0.3455869623086748,0
180.09,0.6967559203233955,0
180.1,0.7086606138600389,0
180.11,1.0965465347442498,0
180.12,1.2094106877433448,0
180.13,0.07227118291149667,0
180.14000000000001,-0.02757889225974275,0
180.15,-0.17114951185780075,0
180.16,-0.34558712426079463,0
180.17000000000002,-1.0122172229480257,0
180.18,-0.20603062751172507,0
180.19,-0.6812022236083582,0
180.20000000000002,-0.13354689752033966,0
180.21,1.148324120581771,0
180.22,0.07086222066710415,0
180.23,0.17650194781861617,0
180.24,0.5820470326286799,0
180.25,0.3499130698357044,0
180.26,0.2984096902961363,0
180.27,-0.06317938233590856,0
180.28,-0.08403083144526792,0
180.29,-0.47696297149158423,0
180.3,0.38662908853886374,0
180.31,-0.7753903527891655,0
180.32,0.3786860620480078,0
180.33,-0.5974154710560533,0
180.34,0.4187371287180668,0
180.35,-0.028230384968774933,0
180.36,-0.6075285372973319,0
180.37,0.2121941791401049,0
180.38,0.6032662173036409,0
180.39000000000001,-0.026822630102935147,0
180.4,0.43273480738023157,0
180.41,-1.0529774280987714,0
180.42000000000002,-0.910744719470851,0
180.43,0.5163675723566017,0
180.44,0.06581744284895956,0
180.45000000000002,-0.9193656758019874,0
180.46,-0.5461013317283073,0
180.47,-0.5723208631516636,0
180.48,-0.1754761558840323,0
180.49,-0.18528568352607344,0
180.5,0.10502410858396596,0
180.51,0.04535775948772585,0
180.52,0.7915800796301273,0
180.53,0.4801504587306558,0
180.54,0.4199689665787359,0
180.55,0.781721274902571,0
180.56,0.044675837232253365,0
180.57,-0.6045099241986628,0
180.58,0.5479787114992686,0
180.59,0.265723892082819,0
180.6,0.19706579332789959,0
180.61,-0.23154195179158144,0
180.62,-0.32988391051397914,0
180.63,0.42497391391846545,0
180.64000000000001,0.687179456874396,0
180.65,0.6458171773793467,0
180.66,0.6403796676002721,0
180.67000000000002,0.5198052181228434,0
180.68,0.25671045716106594,0
180.69,0.02753704801806628,0
180.70000000000002,0.7082162332565791,0
180.71,0.03486304825076579,0
180.72,0.26260783130050347,0
180.73,-0.30561157159172797,0
180.74,-0.3705645601856853,0
180.75,-0.16142690427914802,0
180.76,-0.41147079399426256,0
180.77,0.3790644736057901,0
180.78,-0.5660250523322394,0
180.79,-0.031541920172931295,0
180.8,0.11983735554006206,0
180.81,-0.8771610609265348,0
180.82,-0.39692032650584697,0
180.83,0.09420608667130859,0
180.84,0.30916793602587894,0
180.85,0.025831357268728088,0
180.86,0.42430128202528744,0
180.87,0.10527368185383121,0
180.88,0.09103866291068494,0
180.89000000000001,0.21426025828811113,0
180.9,0.6047475055416456,0
180.91,-0.1510978089116618,0
180.92000000000002,-0.23942886130860183,0
180.93,-0.3584363421956079,0
180.94,-0.2088478396009203,0
180.95000000000002,0.765012638314178,0
180.96,0.5539905989909308,0
180.97,-0.40607002917609786,0
180.98,-0.3634628353015556,0
180.99,0.1654961648286314,0
181.0,-0.3834866984538483,0
181.01,-0.42421785158949293,0
181.02,0.668143203470297,0
181.03,-0.10161268468511209,0
181.04,0.5410224933357786,0
181.05,0.8618277220503032,0
181.06,-0.11703283715448597,0
181.07,-0.445053672505547,0
181.08,-0.2001362385896554,0
181.09,-0.5715531172380355,0
181.1,-0.020183655166503847,0
181.11,-0.05627669607027534,0
181.12,0.2362747536096838,0
181.13,0.8613489014890303,0
181.14000000000001,0.7090716521989306,0
181.15,0.49623645689316626,0
181.16,-0.8644635150838865,0
181.17000000000002,0.07850104818280598,0
181.18,0.9955249719281518,0
181.19,-1.2957519579361712,0
181.20000000000002,0.10179473255357468,0
181.21,-0.0007669277648436751,0
181.22,-0.39405286305561377,0
181.23,0.3868367721933803,0
181.24,1.0659447647402112,0
181.25,0.7381169940843243,0
181.26,0.04568576339266514,0
181.27,-0.432144015268518,0
181.28,0.027884886639979664,0
181.29,0.5309023270327318,0
181.3,-0.01441994877824894,0
181.31,-0.09923420762337241,0
181.32,1.5370519956381261,0
181.33,1.017765287315753,0
181.34,0.926043574714368,0
181.35,-0.4869884532716678,0
181.36,-0.4391595994384738,0
181.37,-0.010792848978599168,0
181.38,-0.47657670953599685,0
181.39000000000001,0.7924222825623044,0
181.4,1.0084811165415883,0
181.41,0.027359215024237576,0
181.42000000000002,1.016245908361105,0
181.43,0.31123973245022357,0
181.44,1.516229780386515,0
181.45000000000002,0.5156225491500959,0
181.46,0.49529919637165165,0
181.47,0.9289092821177728,0
181.48,0.9722346444221434,0
181.49,0.5747000099562012,0
181.5,0.12820730623237026,0
181.51,0.36557602960655916,0
181.52,-0.283486428679941,0
181.53,0.06994725538173797,0
181.54,-0.5134202866884935,0
181.55,-1.0168631204501068,0
181.56,-0.167451721357084,0
181.57,0.690290415911571,0
181.58,0.7255779825317576,0
181.59,0.19779099941430028,0
181.6,1.0398348288549213,0
181.61,0.017002892016387508,0
181.62,-0.9569374337868485,0
181.63,-1.3411190248991478,0
181.64000000000001,-0.9041085837565208,0
181.65,0.2690870463939509,0
181.66,-0.21051443935890035,0
181.67000000000002,0.2531524845954698,0
181.68,1.0003321751772678,0
181.69,-0.27538134620352184,0
181.70000000000002,0.2463843778187301,0
181.71,0.40906044022721744,0
181.72,-0.2956248779573891,0
181.73,0.7077778339195416,0
181.74,0.08428512270009413,0
181.75,-0.12270015306751382,0
181.76,1.1544596217055734,0
181.77,0.627668595305351,0
181.78,0.7103646522387461,0
181.79,0.959852765749061,0
181.8,-0.04566800982480179,0
181.81,0.7149615320984767,0
181.82,-0.027695432217157673,0
181.83,-0.23607884633656806,0
181.84,-0.14295746980292673,0
181.85,-0.30606333810440256,0
181.86,0.42229451507597304,0
181.87,0.30889144755781606,0
181.88,-0.1233170718093005,0
181.89000000000001,0.3894583928029182,0
181.9,0.011945851677313421,0
181.91,-0.11056136941329202,0
181.92000000000002,0.05948232379863131,0
181.93,0.322911905407829,0
181.94,0.349603517399405,0
181.95000000000002,-0.044738593171681856,0
181.96,0.5012709607902115,0
181.97,0.06825963693618248,0
181.98,-0.27032724057353325,0
181.99,-0.7879093438471773,0
182.0,0.3880810287233517,0
182.01,0.16513512828726395,0
182.02,0.2151329618907706,0
182.03,0.6722978360354782,0
182.04,-0.02453796141958392,0
182.05,-0.6763917969486497,0
182.06,-0.07024311258803133,0
182.07,0.20816920843478393,0
182.08,-0.026169011589654567,0
182.09,0.8400754103114871,0
182.1,-1.0521164358127653,0
182.11,0.3953118610260942,0
182.12,0.5820519307558636,0
182.13,0.45070170313193103,0
182.14000000000001,-1.6018320088878226,0
182.15,0.3452709692676824,0
182.16,-0.39824619203927974,0
182.17000000000002,-0.30784165892839815,0
182.18,-0.1056879076350025,0
182.19,0.25269693485479267,0
182.20000000000002,0.46588199015244003,0
182.21,0.6541646770900302,0
182.22,0.6602723659257341,0
182.23,0.36205652960055346,0
182.24,0.37433870048986956,0
182.25,-0.4249136743219906,0
182.26,-0.443774933704307,0
182.27,0.42835735275500264,0
182.28,0.6154051316459617,0
182.29,0.6018074875977509,0
182.3,-0.0609503780208487,0
182.31,0.5322095616695643,0
182.32,-0.42273789050368543,0
182.33,0.5306960689090866,0
182.34,0.05643486147589796,0
182.35,0.9737077012180032,0
182.36,-0.5040404096510923,0
182.37,0.8758539865064675,0
182.38,0.08929554568126685,0
182.39000000000001,-0.11690246960593116,0
182.4,0.13742779214671236,0
182.41,-0.27393207920627544,0
182.42000000000002,-0.04403557070561344,0
182.43,-0.3408205198210348,0
182.44,-0.395510680657469,0
182.45000000000002,0.22347682983480968,0
182.46,-0.3611404597134633,0
182.47,-0.4362347838127084,0
182.48,-0.7769424659210188,0
182.49,-0.39938545215612414,0
182.5,0.6618739735142768,0
182.51,-0.2217398110667783,0
182.52,-0.3817392217965996,0
182.53,0.07118671687552446,0
182.54,-0.11627917650622638,0
182.55,1.2209222304682539,0
182.56,0.2821350543086808,0
182.57,0.3125407127205338,0
182.58,0.6442516701705403,0
182.59,0.7169945676348278,0
182.6,0.36707886432197306,0
182.61,0.06959500733652338,0
182.62,1.158931535976503,0
182.63,0.3003083090716907,0
182.64000000000001,-0.09640221810997561,0
182.65,-0.3042667001450319,0
182.66,-0.9318440655274809,0
182.67000000000002,0.268419342472375,0
182.68,-1.1194483032877847,0
182.69,-0.21899882423281017,0
182.70000000000002,-0.09989944259100564,0
182.71,1.231866127422546,0
182.72,-0.6034367059361678,0
182.73,-0.5666779993868617,0
182.74,-0.15006038858292625,0
182.75,-0.07858630387646451,0
182.76,-0.2481434556924224,0
182.77,-0.0409749780803568,0
182.78,-0.6167806221209219,0
182.79,0.1002820707257478,0
182.8,-1.146907917917311,0
182.81,-0.23612102176267497,0
182.82,-0.31437749757078426,0
182.83,0.5270133548915485,0
182.84,1.1309516755058886,0
182.85,0.17090913128820834,0
182.86,0.8478407088500428,0
182.87,0.1081547717826085,0
182.88,-0.42288531937845164,0
182.89000000000001,0.8886409313859814,0
182.9,0.5641338457089977,0
182.91,0.20807365706487319,0
182.92000000000002,0.4826758388393067,0
182.93,0.331444032778496,0
182.94,0.11077982699254811,0
182.95000000000002,-0.6138630321311978,0
182.96,-0.23268617501918049,0
182.97,0.3386184866954751,0
182.98,0.0841937294422833,0
182.99,0.5665225188313349,0
183.0,0.4109289098481166,0
183.01,-0.29988319531457786,0
183.02,-0.7124186234457152,0
183.03,-0.1967154542467206,0
183.04,-0.26322209647854256,0
183.05,0.17845913274839997,0
183.06,-0.272622786265502,0
183.07,-0.33064319956318977,0
183.08,0.5434010316019917,0
183.09,0.2800732255253936,0
183.1,-0.23887439933432691,0
183.11,0.015045006047764972,0
183.12,0.8034832741305904,0
183.13,0.4227603116686338,0
183.14000000000001,0.48692949312259715,0
183.15,-0.21335228769681996,0
183.16,0.5588075780539457,0
183.17000000000002,1.4397486261797647,0
183.18,0.004062883305491982,0
183.19,-0.5627398736967604,0
183.20000000000002,0.018476456771053112,0
183.21,0.5365698080696586,0
183.22,0.15122208140166346,0
183.23,-0.45728171142242674,0
183.24,-0.10632865895097778,0
183.25,0.357774079051493,0
183.26,-0.061429828101024306,0
183.27,0.3739470256683683,0
183.28,0.7796904266125279,0
183.29,0.3888423947561782,0
183.3,0.14835029226329058,0
183.31,0.5447996154635892,0
183.32,-0.2536124034966222,0
183.33,-0.5056938597769766,0
183.34,-0.20222244280972512,0
183.35,-0.2463042920973238,0
183.36,-0.42315522508461056,0
183.37,0.9352631218892951,0
183.38,1.4567759241585336,0
183.39000000000001,0.24216513543545218,0
183.4,0.17575064785778183,0
183.41,0.010304781143605293,0
183.42000000000002,0.6587928022071249,0
183.43,0.9264689226677646,0
183.44,-0.6483356185781657,0
183.45000000000002,0.15794551120659686,0
183.46,-0.5898709014839174,0
183.47,0.8554793901493162,0
183.48,0.514956882153569,0
183.49,-0.2430497761391887,0
183.5,-0.12256680144304517,0
183.51,-0.11779034027091453,0
183.52,0.31696960826633036,0
183.53,0.7009077390481865,0
183.54,-0.36938956935911327,0
183.55,0.9537325379285121,0
183.56,1.1604321681478715,0
183.57,-0.1090859737722632,0
183.58,0.07847870949560498,0
183.59,0.9977002193388876,0
183.6,0.9730464287815782,0
183.61,0.13101695363069493,0
183.62,0.5335357711557425,0
183.63,1.7966485055629462,0
183.64000000000001,0.5723484829180991,0
183.65,-0.12660137209715022,0
183.66,0.12742227943528323,0
183.67000000000002,0.230440216202359,0
183.68,-0.1544032695900603,0
183.69,0.2639350146832543,0
183.70000000000002,-0.5346400790569814,0
183.71,-0.4206573825089943,0
183.72,0.36608449670913584,0
183.73,-0.7755186556803679,0
183.74,0.3546135442385925,0
183.75,-0.9152389510263983,0
183.76,-1.0832085460757088,0
183.77,-0.4688994980198363,0
183.78,0.10320049917964551,0
183.79,0.7992438119987194,0
183.8,0.298225128526705,0
183.81,0.011019689906105787,0
183.82,0.3791980792459948,0
183.83,-0.30115519094363546,0
183.84,0.06681808985965934,0
183.85,-0.554145614906964,0
183.86,-0.026623006308539657,0
183.87,-0.007833325590401563,0
183.88,-0.36226068464287264,0
183.89000000000001,0.06535719474401766,0
183.9,0.16883876029196132,0
183.91,0.736280291474314,0
183.92000000000002,-0.6028525432614067,0
183.93,-0.12304440747196368,0
183.94,-0.36742641507133866,0
183.95000000000002,0.4395572246613634,0
183.96,0.5796426490241922,0
183.97,0.48367689016065935,0
183.98,-0.18556074614586587,0
183.99,0.49352378532997215,0
184.0,-0.6230642644065301,0
184.01,-1.011443065125489,0
184.02,-0.8638362896731495,0
184.03,-0.16528123319695986,0
184.04,0.3867664992373837,0
184.05,-1.4195788353211223,0
184.06,0.4181176592924687,0
184.07,0.24299011979015206,0
184.08,-0.7054740045044673,0
184.09,-0.05390465474913671,0
184.1,0.6370716964200684,0
184.11,0.5472645487381579,0
184.12,0.790917978043197,0
184.13,-0.46100465556501946,0
184.14000000000001,-0.26684970359894905,0
184.15,-0.4902362423731965,0
184.16,0.8610537493846231,0
184.17000000000002,0.6247210481771732,0
184.18,1.7413209965337504,0
184.19,0.2553530832929731,0
184.20000000000002,-0.25300140686250316,0
184.21,-0.07020223903145453,0
184.22,0.7856149803928091,0
184.23,0.0706073581756806,0
184.24,0.15312792198004477,0
184.25,0.15901529583373492,0
184.26,0.13006277317649764,0
184.27,-0.24560051294121177,0
184.28,-0.06517010901695598,0
184.29,-0.04282776491177004,0
184.3,0.05467373235629607,0
184.31,0.585566853649221,0
184.32,1.1534639898004198,0
184.33,-0.08968589679914096,0
184.34,-0.16162933013463707,0
184.35,-0.4101793329387887,0
184.36,0.06670253041268435,0
184.37,-0.2003718885810329,0
184.38,0.14728310854494847,0
184.39000000000001,0.6942500824853577,0
184.4,-1.101789386784209,0
184.41,0.05621843366675308,0
184.42000000000002,-0.1612022612930473,0
184.43,0.2747326945671519,0
184.44,-0.33884293238403157,0
184.45000000000002,0.6222490317625083,0
184.46,0.7118582356824739,0
184.47,0.5506071955659722,0
184.48,0.6300807329265152,0
184.49,-0.16950746518652954,0
184.5,-0.3022736449314717,0
184.51,0.3952382208824343,0
184.52,-0.2398922191969706,0
184.53,0.7800526885723554,0
184.54,0.09289685724125094,0
184.55,0.3607411070808271,0
184.56,1.2783831431858845,0
184.57,0.01381368039297233,0
184.58,0.11041127459016455,0
184.59,0.6593653670006702,0
184.6,0.7418360254128058,0
184.61,0.08132486496916137,0
184.62,-0.18437381793294735,0
184.63,-0.09974137517418945,0
184.64000000000001,0.8166381122053914,0
184.65,0.12609708264193917,0
184.66,0.14372790193500748,0
184.67000000000002,-0.12070955883067676,0
184.68,0.41622235617584014,0
184.69,0.25758143430127173,0
184.70000000000002,-0.3992322060192638,0
184.71,-0.5449717600852866,0
184.72,-1.1297685669404147,0
184.73,-0.6543149008492364,0
184.74,0.3300934760041566,0
184.75,0.8583735047448786,0
184.76,0.6506113062487457,0
184.77,0.5289808786093991,0
184.78,0.1358654232263279,0
184.79,0.5176683143670474,0
184.8,0.3529358687242623,0
184.81,1.1202650091632926,0
184.82,0.2987719487897687,0
184.83,0.8610562247027967,0
184.84,0.7519575706336559,0
184.85,0.6508686585007548,0
184.86,-0.8372101475582403,0
184.87,0.3568190773484287,0
184.88,0.09263053912974478,0
184.89000000000001,-0.14188780393068767,0
184.9,-0.7537815266619365,0
184.91,-0.119994123105713,0
184.92000000000002,0.05932824170629298,0
184.93,-0.6075702244061082,0
184.94,-0.8649412637647418,0
184.95000000000002,0.11446428111792577,0
184.96,0.5644200564148049,0
184.97,0.31406038540961895,0
184.98,0.7630307909025558,0
184.99,0.21644306503123265,0
185.0,0.0968878923451185,0
185.01,-0.3923739773213568,0
185.02,-0.8571908601791512,0
185.03,0.845194247290236,0
185.04,0.8856068519681747,0
185.05,-0.4482759174797268,0
185.06,0.042791356725922575,0
185.07,0.029369225885490832,0
185.08,-0.06658616413646222,0
185.09,-0.1624481894846304,0
185.1,0.2344745331690995,0
185.11,0.5664058118468972,0
185.12,0.42800137959834983,0
185.13,0.1149650754221055,0
185.14000000000001,0.017190051681976626,0
185.15,0.5753941944888751,0
185.16,0.4628918852666243,0
185.17000000000002,0.2267077653479872,0
185.18,0.10986582797416528,0
185.19,0.2836752379297666,0
185.20000000000002,-0.10612080464545055,0
185.21,0.4833731639506573,0
185.22,-0.37965180085133504,0
185.23,-0.2415581109513642,0
185.24,0.33754833774230586,0
185.25,-0.44637812594681986,0
185.26,-0.8767097757964778,0
185.27,-0.11298676688545083,0
185.28,-0.8590384043418425,0
185.29,-0.8337538546954063,0
185.3,0.26717128663185125,0
185.31,0.03046656609828506,0
185.32,0.7649451608439506,0
185.33,-0.37757597000085164,0
185.34,-0.07160080613827399,0
185.35,0.2677510924041078,0
185.36,-0.4835118807488168,0
185.37,0.5014946328921704,0
185.38,0.4702834947853637,0
185.39000000000001,-0.6664435335479473,0
185.4,-0.11368982019047992,0
185.41,0.25016525376757415,0
185.42000000000002,-0.17860023575916453,0
185.43,-0.7596135840691314,0
185.44,0.03153458462681315,0
185.45000000000002,1.258629463029742,0
185.46,0.18178800161333658,0
185.47,0.954368673237379,0
185.48,-0.08875044095231574,0
185.49,0.1659078817061787,0
185.5,0.5256819004283535,0
185.51,0.20031407323460446,0
185.52,-0.035069882367188734,0
185.53,0.4513594509293485,0
185.54,1.1935768826036859,0
185.55,0.5319700272194626,0
185.56,-0.06829291983328926,0
185.57,-0.04455573553049512,0
185.58,1.404293067919759,0
185.59,0.4965470888812438,0
185.6,-0.11874635871867129,0
185.61,-0.5657804301500869,0
185.62,-1.040074547681577,0
185.63,0.007362002522831271,0
185.64000000000001,0.42425164226223294,0
185.65,-0.031368534366783205,0
185.66,0.05804082799017016,0
185.67000000000002,-0.5349146417991343,0
185.68,0.01097962765645906,0
185.69,0.33310928495433967,0
185.70000000000002,-0.12773337221183084,0
185.71,0.942307291673389,0
185.72,-0.13616476888280432,0
185.73,0.19099900656185592,0
185.74,0.5736193799537735,0
185.75,0.17638820731988397,0
185.76,0.017901144524105336,0
185.77,-0.6822397324951394,0
185.78,0.6265105939162614,0
185.79,0.14042378594266758,0
185.8,0.3955740555813234,0
185.81,0.5314747996213172,0
185.82,-0.12735660097431478,0
185.83,-0.0626324998332241,0
185.84,0.7694301093220771,0
185.85,-0.3281283736023349,0
185.86,1.125652185231793,0
185.87,-0.040733182989169406,0
185.88,-0.5637613507194359,0
185.89000000000001,0.004107151185941169,0
185.9,1.2516700159768042,0
185.91,-0.6300873868603885,0
185.92000000000002,-0.15793420353357576,0
185.93,0.28885953128607644,0
185.94,0.1648815637657776,0
185.95000000000002,0.319385712367719,0
185.96,-0.2277212047209599,0
185.97,-0.3014613647613201,0
185.98,-0.07953203158776617,0
185.99,-0.5466829540853458,0
186.0,-0.08553093834566954,0
186.01,-0.15343478126430185,0
186.02,-0.21367417983231055,0
186.03,0.19229413802797093,0
186.04,-0.8464284223862948,0
186.05,-0.2585107381266955,0
186.06,1.2445712780223113,0
186.07,-0.19209077878593517,0
186.08,0.7117411869300388,0
186.09,0.28226275245473825,0
186.1,-0.17527789687907613,0
186.11,-0.6718234585456339,0
186.12,-0.01825459044198839,0
186.13,0.8447686944181784,0
186.14000000000001,0.07930223229007755,0
186.15,0.0521209244422844,0
186.16,0.6265299271186466,0
186.17000000000002,0.41363127988221404,0
186.18,-0.6583798472420415,0
186.19,-0.036398056916787186,0
186.20000000000002,0.8717862266723907,0
186.21,0.27387289285842126,0
186.22,-1.3158412045028594,0
186.23,-0.04656053523773612,0
186.24,-0.041632180346084374,0
186.25,-0.9087408572519252,0
186.26,-1.0456669216091432,0
186.27,0.33364923190090057,0
186.28,-0.23078887808876275,0
186.29,-0.4651212544841793,0
186.3,-0.05937804452932503,0
186.31,-0.2819929265472787,0
186.32,0.05872484425263511,0
186.33,-0.017299399092527437,0
186.34,-0.5673585311894682,0
186.35,-0.33803298006919785,0
186.36,0.22734221979035305,0
186.37,0.15525836035317075,0
186.38,0.07130853645553079,0
186.39000000000001,1.1257148810700266,0
186.4,0.7469255742305588,0
186.41,0.7169112113395548,0
186.42000000000002,0.16709979873645764,0
186.43,0.23529720795842957,0
186.44,-0.0944332630127409,0
186.45000000000002,0.4668138250629725,0
186.46,0.13429227692828688,0
186.47,0.22840884013360796,0
186.48,0.21907629522935773,0
186.49,0.12156859259996965,0
186.5,1.671585870887647,0
186.51,0.13943444319271278,0
186.52,-0.24841427989193698,0
186.53,0.38412574555478507,0
186.54,-0.1442875961951548,0
186.55,-0.1145955856666709,0
186.56,-0.5305094855044737,0
186.57,0.20586704879524917,0
186.58,0.3967550332847513,0
186.59,0.008122424170942902,0
186.6,0.4595111884749249,0
186.61,-0.7977926899958372,0
186.62,-0.49899502021003095,0
186.63,-0.13836022113971644,0
186.64000000000001,-0.5819323778712736,0
186.65,-0.9997640393449221,0
186.66,-0.33690520657887374,0
186.67000000000002,0.3623959917534674,0
186.68,0.8504299239435109,0
186.69,-0.001748629552935435,0
186.70000000000002,0.46715093205484004,0
186.71,0.5329244913158884,0
186.72,0.8593694533441425,0
186.73,0.1055707288485014,0
186.74,-0.8541238993219251,0
186.75,-0.09887545250053385,0
186.76,-0.4872898251701513,0
186.77,-0.42977369560115725,0
186.78,-0.190481723948246,0
186.79,-0.15070904507515354,0
186.8,0.11514108811608997,0
186.81,0.4807045853347368,0
186.82,0.0018385669866674559,0
186.83,0.28870780245709804,0
186.84,0.15762303158504354,0
186.85,0.6151762136611766,0
186.86,0.13097970953648588,0
186.87,0.06836184572926357,0
186.88,-0.10461212359203889,0
186.89000000000001,-0.034846582038018756,0
186.9,-0.3482064894580825,0
186.91,-0.47929493161473097,0
186.92000000000002,0.3711001113182614,0
186.93,-0.40623591757123745,0
186.94,-0.1936378901021718,0
186.95000000000002,0.570189626355442,0
186.96,0.0326457250459474,0
186.97,0.5274493978004515,0
186.98,-0.10490523929656448,0
186.99,-0.507992311139908,0
187.0,-0.8982528176220355,0
187.01,0.5525853056574971,0
187.02,-0.38917035608558215,0
187.03,0.3787483477564073,0
187.04,-0.35965163720617804,0
187.05,0.6898391838181256,0
187.06,1.4258785540711167,0
187.07,-0.46340727145429794,0
187.08,-0.6152326213507643,0
187.09,0.33623242753012267,0
187.1,0.43562261132871494,0
187.11,0.6010254084347317,0
187.12,-0.07687675018554321,0
187.13,1.1176550714710725,0
187.14000000000001,0.4207519979550933,0
187.15,-0.4643843051182375,0
187.16,-0.17237307575449357,0
187.17000000000002,-0.6054711666316676,0
187.18,0.7744587021612083,0
187.19,-0.07941042930841778,0
187.20000000000002,0.32106706018937603,0
187.21,-0.0916980682179212,0
187.22,-0.27192443225650054,0
187.23,-1.0065129297240896,0
187.24,0.14569687940155102,0
187.25,0.8070903277671242,0
187.26,-0.20717579842846456,0
187.27,-0.795816002770633,0
187.28,0.3077371741782152,0
187.29,-0.7208198641023484,0
187.3,0.5481968039194873,0
187.31,-0.2655852987980786,0
187.32,-0.5749206161203732,0
187.33,0.06763295770828513,0
187.34,-0.45685918705586814,0
187.35,-0.41166788878947075,0
187.36,0.16472947610502203,0
187.37,-1.1732367364475298,0
187.38,0.6605357641590057,0
187.39000000000001,0.26760283365587495,0
187.4,-0.542390128971572,0
187.41,-0.5980273260989495,0
187.42000000000002,0.45789904512341845,0
187.43,0.5139059469721888,0
187.44,0.9463654091645881,0
187.45000000000002,-0.04758381046991532,0
187.46,0.2254848614872873,0
187.47,0.36300315121211546,0
187.48,0.5405047293895653,0
187.49,0.8149725921693379,0
187.5,-0.09866562550200235,0
187.51,-0.005876602613093779,0
187.52,-0.24677591359238163,0
187.53,-0.010062236001336128,0
187.54,0.44910385285784954,0
187.55,-0.6888468811501203,0
187.56,0.49830692326064424,0
187.57,-0.40230872724735756,0
187.58,-0.18446366499476285,0
187.59,0.6961558821433032,0
187.6,0.42857449672318004,0
187.61,0.3678439453526523,0
187.62,-0.4568454285321193,0
187.63,-0.5902755120988712,0
187.64000000000001,0.4336614958280395,0
187.65,-0.12531628563679137,0
187.66,-0.2148492377382546,0
187.67000000000002,0.5396933032211967,0
187.68,-0.3440951868578177,0
187.69,0.1374805849365119,0
187.70000000000002,0.13737676617545058,0
187.71,0.11310065894403662,0
187.72,-0.16759361081890675,0
187.73,-0.2704455207982547,0
187.74,-0.561602365137742,0
187.75,0.19694113875528996,0
187.76,-0.2262423804312897,0
187.77,0.5396950147869987,0
187.78,0.09573495010678745,0
187.79,-0.459304091865406,0
187.8,-0.16101631400339905,0
187.81,-0.1785663898589524,0
187.82,0.5732547408322943,0
187.83,0.02735094877997024,0
187.84,-0.059681554787087907,0
187.85,0.8173799871556466,0
187.86,0.555646877698738,0
187.87,1.1050224232370431,0
187.88,1.0274321665079749,0
187.89000000000001,-0.13486696161079825,0
187.9,0.5742167937395157,0
187.91,1.0366112797272442,0
187.92000000000002,1.1562386683721169,0
187.93,0.8960939555869458,0
187.94,0.820131426367647,0
187.95000000000002,0.12475254853134422,0
187.96,-0.3338204858407885,0
187.97,-0.19006696880140145,0
187.98,-0.8530897824545651,0
187.99,0.5828284925242719,0
188.0,0.07588822097842404,0
188.01,0.7877251191517424,0
188.02,-0.37778222576150844,0
188.03,0.5632231001081589,0
188.04,-0.04157345877344994,0
188.05,-0.6131737927536844,0
188.06,0.7944250618516544,0
188.07,0.8695389142978475,0
188.08,0.4114511744439484,0
188.09,0.20224475427273894,0
188.1,0.3659538960811795,0
188.11,0.27650248581990033,0
188.12,-0.2713924967899627,0
188.13,-0.20585447205606686,0
188.14000000000001,1.074142917992188,0
188.15,1.773037782816928,0
188.16,1.356949183418755,0
188.17000000000002,0.6754513436855659,0
188.18,0.07057175804046757,0
188.19,-0.32581777774851295,0
188.20000000000002,-0.38979004664041156,0
188.21,-0.31042227739276695,0
188.22,1.1496539349828152,0
188.23,1.3310404703430867,0
188.24,0.8119268443625908,0
188.25,-0.22680228944996014,0
188.26,0.5006886123608787,0
188.27,0.07993475117928756,0
188.28,-1.0447059817545363,0
188.29,-0.026392547887491777,0
188.3,-0.3730246523303501,0
188.31,-0.44162218119068686,0
188.32,-0.16177668408757287,0
188.33,-0.22380972694272488,0
188.34,0.00784260592247868,0
188.35,0.04018374992975472,0
188.36,-0.9067924331710403,0
188.37,0.6650284605050103,0
188.38,-0.2752716238875683,0
188.39000000000001,-0.49382062084267947,0
188.4,-0.2162094141017631,0
188.41,-0.02950361300935439,0
188.42000000000002,0.8518520147143442,0
188.43,0.4387391947583486,0
188.44,0.49367524078220293,0
188.45000000000002,0.3519755213896568,0
188.46,0.2936407343304872,0
188.47,0.3207663360494843,0
188.48,-0.866614248973602,0
188.49,-0.2672719538558997,0
188.5,0.634627817267398,0
188.51,2.3406166965453505,0
188.52,0.026375749151227548,0
188.53,0.3144862028941094,0
188.54,-0.14286477568677172,0
188.55,1.1373754069867352,0
188.56,-0.3539195017728252,0
188.57,0.3270247984027449,0
188.58,-0.5849021219835474,0
188.59,-0.23311362692970716,0
188.6,0.0062371299029803096,0
188.61,0.6540250709881121,0
188.62,-0.32727699148128436,0
188.63,0.3543302733344146,0
188.64000000000001,0.18148573238372662,0
188.65,0.2735755450474034,0
188.66,0.6617004802004651,0
188.67000000000002,-0.4345921576411377,0
188.68,0.40604027333092396,0
188.69,-0.11840523240952096,0
188.70000000000002,0.6370650617344134,0
188.71,0.4205337475881774,0
188.72,0.0766845390768863,0
188.73,-0.21187755670890407,0
188.74,0.46865365282264415,0
188.75,0.8718825986097233,0
188.76,0.01745499064783254,0
188.77,-0.5157270718496568,0
188.78,0.3240636356428937,0
188.79,-0.6070457425428111,0
188.8,-0.7636322115066807,0
188.81,-0.673444328593159,0
188.82,-0.30618559106475063,0
188.83,-0.704744229089508,0
188.84,-1.1251908834431796,0
188.85,-0.8024589155437671,0
188.86,0.2250567685360758,0
188.87,-0.5373181611920643,0
188.88,-0.23194709708555034,0
188.89000000000001,1.062315107540397,0
188.9,0.32303659597754314,0
188.91,0.3468420920576294,0
188.92000000000002,-0.33338762256016136,0
188.93,1.1525094363750923,0
188.94,0.08362711087382102,0
188.95000000000002,-0.016780563929156486,0
188.96,0.7809997094432936,0
188.97,0.1823130580415168,0
188.98,0.15495201479603601,0
188.99,-0.027371397578719134,0
189.0,-0.06927297121790431,0
189.01,0.26394315636767,0
189.02,0.4444317642101489,0
189.03,-0.14743202697345886,0
189.04,-0.36078215216002785,0
189.05,-0.3305130929765226,0
189.06,-0.744748337056441,0
189.07,-0.9490219941206992,0
189.08,0.005149825687034523,0
189.09,0.5853042657567089,0
189.1,0.6943979798135703,0
189.11,-1.0106569858488192,0
189.12,-0.29890418662677054,0
189.13,-0.577334877153892,0
189.14000000000001,0.01653354918346199,0
189.15,-0.13402225704667697,0
189.16,0.3660865153483819,0
189.17000000000002,0.16572812730189426,0
189.18,-0.8838215089209958,0
189.19,-0.6515004077348924,0
189.20000000000002,-0.07530406740869601,0
189.21,0.1136792139188493,0
189.22,-0.6356063510299975,0
189.23,-0.892546265987688,0
189.24,-0.1085817698468391,0
189.25,-0.6900175830655485,0
189.26,-0.9764502577304925,0
189.27,-0.3964795754985491,0
189.28,-0.27452073734049437,0
189.29,-0.45166756766474,0
189.3,-0.4029119116258375,0
189.31,-0.00856240281127675,0
189.32,-0.30082727372780405,0
189.33,0.04729511786624896,0
189.34,-0.10590798858247062,0
189.35,0.14771156604136162,0
189.36,0.589540045905296,0
189.37,0.6792786127968057,0
189.38,0.9408294531924496,0
189.39000000000001,0.766570243662104,0
189.4,0.40373076094163995,0
189.41,-0.044809246905807454,0
189.42000000000002,-0.13259524101421746,0
189.43,-0.4154649853023191,0
189.44,-0.016295372160697666,0
189.45000000000002,0.45249611950438584,0
189.46,-0.1881052487102913,0
189.47,0.018395822043805285,0
189.48,-0.27085065536361835,0
189.49,0.12907317367636142,0
189.5,-0.17497276980724613,0
189.51,-0.3522060421952966,0
189.52,-0.364777526572448,0
189.53,0.26225371428988387,0
189.54,0.09947636401772811,0
189.55,-0.11781757805782955,0
189.56,0.19524326855752472,0
189.57,-0.08641554013541243,0
189.58,0.6638522319967239,0
189.59,-0.2670817469515977,0
189.6,-0.08073861295463866,0
189.61,-0.6826433444003841,0
189.62,-0.2697279104696281,0
189.63,-0.87621377817398,0
189.64000000000001,0.2640971008524831,0
189.65,0.5599527040296649,0
189.66,0.643352041210338,0
189.67000000000002,0.262006700163494,0
189.68,-0.3172397898400592,0
189.69,-0.4196715919472097,0
189.70000000000002,0.7958279250753698,0
189.71,1.049408307309982,0
189.72,0.41354711059067906,0
189.73,-0.08524903615443878,0
189.74,0.7935127229439011,0
189.75,-0.08545704327706627,0
189.76,0.18654549395385822,0
189.77,0.8526680533046065,0
189.78,-0.14611856693060277,0
189.79,0.49118252705634463,0
189.8,0.48616127870875636,0
189.81,0.18667233324134652,0
189.82,-0.396167066165726,0
189.83,-0.39860098040640535,0
189.84,0.14075034155408928,0
189.85,-0.6365044544488663,0
189.86,-0.003188277657992386,0
189.87,0.37367095356416746,0
189.88,0.7044486773325664,0
189.89000000000001,-0.4821685304607465,0
189.9,0.6668267361389696,0
189.91,1.155995423298208,0
189.92000000000002,0.5938941263898574,0
189.93,-0.3178216462304202,0
189.94,-0.1676558087864829,0
189.95000000000002,0.01929528816725716,0
189.96,0.2354386981892365,0
189.97,0.15717623310442957,0
189.98,0.27566206531503556,0
189.99,0.10725438991566741,0
190.0,0.25468421298960453,0
190.01,-0.09485510652252066,0
190.02,-0.11706432242083681,0
190.03,-0.24924697800969525,0
190.04,1.0454962391635028,0
190.05,1.127779521682169,0
190.06,0.6645122999033503,0
190.07,0.9587824414580925,0
190.08,0.7518119859347143,0
190.09,0.37142079529563515,0
190.1,-0.6219531150163866,0
190.11,-0.20811146004217068,0
190.12,-0.14343211417295923,0
190.13,-0.5522183531606538,0
190.14000000000001,-0.8424193633759635,0
190.15,0.13888137491892608,0
190.16,0.29465297480851,0
190.17000000000002,-0.4608672725801676,0
190.18,-0.4252470917087089,0
190.19,0.5992830692679988,0
190.20000000000002,-0.23035364591392873,0
190.21,0.12062467933538754,0
190.22,0.016375968041528646,0
190.23,0.36106054611662347,0
190.24,-0.2783054160884799,0
190.25,0.06575991267055006,0
190.26,0.19368104897440902,0
190.27,0.2584167060379199,0
190.28,0.19415753959319004,0
190.29,0.3195264086693515,0
190.3,1.3345735681429625,0
190.31,1.7851483858626624,0
190.32,0.1934323787657719,0
190.33,-1.0986109062298408,0
190.34,0.13007311532949253,0
190.35,0.21933450115865347,0
190.36,0.7075325943640174,0
190.37,0.41627831846377317,0
190.38,0.2229882035616873,0
190.39000000000001,0.7446660776303069,0
190.4,0.9495999125012903,0
190.41,-0.41320249035405027,0
190.42000000000002,-0.45035607088363316,0
190.43,-0.08097838441631475,0
190.44,0.12004599713489084,0
190.45000000000002,-0.002436942945933343,0
190.46,0.31854341085733207,0
190.47,0.6980452148407141,0
190.48,1.1798898107786475,0
190.49,0.6912653787206153,0
190.5,-0.19305357712379007,0
190.51,-0.03869224766225146,0
190.52,0.038279782547016694,0
190.53,0.3717409379629714,0
190.54,0.3877816891157366,0
190.55,1.2770134959178805,0
190.56,0.16166738210417952,0
190.57,0.33352238223250097,0
190.58,1.4255859701177929,0
190.59,0.1330181630803995,0
190.6,0.1988425707032288,0
190.61,-0.3651539773650893,0
190.62,0.04076945122068333,0
190.63,-0.31693070636396925,0
190.64000000000001,0.5666219361862748,0
190.65,0.3085304646891708,0
190.66,-0.33255064427717845,0
190.67000000000002,0.4529691526646959,0
190.68,0.2974218877939476,0
190.69,0.6702923046431581,0
190.70000000000002,-0.35504423304105026,0
190.71,0.1962305290476103,0
190.72,0.549495054891375,0
190.73,0.0005422105545588862,0
190.74,-0.5816697473798463,0
190.75,-0.07889080986489036,0
190.76,0.7230021057644118,0
190.77,0.8690843202018397,0
190.78,0.07788016584572316,0
190.79,-0.5750297675454797,0
190.8,-0.2845614229168897,0
190.81,-0.23178077207120348,0
190.82,0.26866987960370914,0
190.83,0.1001429141899709,0
190.84,-0.2871855570227163,0
190.85,0.6052069803223553,0
190.86,0.3150538316622515,0
190.87,0.39963394185142254,0
190.88,-0.7296847398812167,0
190.89000000000001,-1.3843794072190738,0
190.9,-1.0225645044327765,0
190.91,-0.42244742864773377,0
190.92000000000002,0.2904438941421097,0
190.93,-1.085566203218449,0
190.94,0.6660358719048236,0
190.95000000000002,0.34654484560249255,0
190.96,0.9002704900983636,0
190.97,-0.15748751924762244,0
190.98,0.3182322090730095,0
190.99,0.21423461575806313,0
191.0,0.5783379228364005,0
191.01,0.10944063467621033,0
191.02,0.3687479684111086,0
191.03,0.7685546040020703,0
191.04,-0.06520012269300345,0
191.05,0.2021648051959854,0
191.06,-0.8653249501017247,0
191.07,0.24728901347770976,0
191.08,1.1922872234627342,0
191.09,-0.2750701934977774,0
191.1,-0.02784161608446746,0
191.11,0.5515422070589188,0
191.12,0.24425741186136476,0
191.13,0.23865224658869522,0
191.14000000000001,-0.058865731539974694,0
191.15,-0.1530048118576299,0
191.16,0.005324460599022765,0
191.17000000000002,0.11329153657321879,0
191.18,-0.5110417081733302,0
191.19,-0.07309943755670834,0
191.20000000000002,0.9068702435957505,0
191.21,0.09338512841539373,0
191.22,-0.5456389846118392,0
191.23000000000002,-0.12712206577211876,0
191.24,-0.3223894528932365,0
191.25,-0.7033384939099053,0
191.26,-0.011724048950053773,0
191.27,-0.291157296329144,0
191.28,-0.31542227590465344,0
191.29,0.09292466723458179,0
191.3,-0.7031381316139739,0
191.31,-1.0131061455886297,0
191.32,0.19413745284416783,0
191.33,-0.8895262253799511,0
191.34,-0.6522951777335183,0
191.35,-1.0313247404585035,0
191.36,-0.42646366552445203,0
191.37,0.2116180570085045,0
191.38,0.20303134599506711,0
191.39000000000001,1.4148428406120994,0
191.4,1.022885027822648,0
191.41,-0.14977434180482901,0
191.42000000000002,-0.5845135323579119,0
191.43,1.38570747596995,0
191.44,1.0027383263245657,0
191.45000000000002,0.6550243106515885,0
191.46,0.2941221622088822,0
191.47,0.3097204496603212,0
191.48000000000002,-0.6212708751903189,0
191.49,0.018891543207667602,0
191.5,0.133261633617841,0
191.51,-0.3575397065481933,0
191.52,-0.2855134505769058,0
191.53,0.8261872979918484,0
191.54,0.23059274819316966,0
191.55,1.2513508896503311,0
191.56,-0.5233792403947578,0
191.57,-0.3181163360167757,0
191.58,-0.8127031668984522,0
191.59,-0.756404576757059,0
191.6,-0.5392935709437956,0
191.61,0.1239713625718847,0
191.62,0.2639934400222385,0
191.63,-0.20481640636260556,0
191.64000000000001,-1.1466295947186127,0
191.65,0.5912472506996912,0
191.66,0.08663814398445835,0
191.67000000000002,-0.4817732532781281,0
191.68,0.11702295280701991,0
191.69,0.22921083572725073,0
191.70000000000002,-0.023428136589917714,0
191.71,0.1643715699645888,0
191.72,-0.4828456957794903,0
191.73000000000002,0.37514924114448717,0
191.74,-0.34587436191513665,0
191.75,-0.3177257754476539,0
191.76,0.3573331564026385,0
191.77,0.8217634154380558,0
191.78,1.141226016772607,0
191.79,0.9388853822992665,0
191.8,0.1534953966783886,0
191.81,-0.6909018752147884,0
191.82,0.6669194797933631,0
191.83,0.9881018427737426,0
191.84,-0.01937269865041684,0
191.85,0.5771999190906487,0
191.86,0.05890578472281695,0
191.87,0.9057360902759576,0
191.88,0.04380195918167788,0
191.89000000000001,1.156228107970904,0
191.9,0.7992946652573599,0
191.91,1.2487049703573532,0
191.92000000000002,0.15683785086150703,0
191.93,0.34657656210425375,0
191.94,-0.33783201097674564,0
191.95000000000002,0.4567197041106427,0
191.96,0.6846994608412456,0
191.97,1.5394473013856007,0
191.98000000000002,0.7333623143074024,0
191.99,0.6607680720646251,0
192.0,0.006304597664189407,0
192.01,0.38175054533839003,0
192.02,-0.014972518539162441,0
192.03,0.14987655240951767,0
192.04,0.22234906674827665,0
192.05,-0.04005885630487131,0
192.06,0.11549881242182139,0
192.07,-0.07896573620840984,0
192.08,-0.1299197823880238,0
192.09,0.6329481172139233,0
192.1,0.3437415635313162,0
192.11,0.3628753488141555,0
192.12,-0.5932079753567943,0
192.13,0.16936809458431135,0
192.14000000000001,0.41699912602747635,0
192.15,-0.015667327334104114,0
192.16,1.198671406800969,0
192.17000000000002,-0.8271654729706526,0
192.18,0.30319680904809465,0
192.19,0.5477021679694098,0
192.20000000000002,0.5176710677849349,0
192.21,0.3156150055293918,0
192.22,0.4645418584442109,0
192.23000000000002,0.6708756511067006,0
192.24,-0.12641142544463385,0
192.25,0.22018387643092469,0
192.26,0.04990198278399981,0
192.27,-0.4774918582209963,0
192.28,0.3550722605533686,0
192.29,-0.11922265225072477,0
192.3,-0.7348929624049976,0
192.31,-0.3782193731947103,0
192.32,-0.4273732809986643,0
192.33,0.533505385155284,0
192.34,0.3076285598852304,0
192.35,0.9057701371670539,0
192.36,-0.03580259127818494,0
192.37,0.5493191382743396,0
192.38,1.7422965192587405,0
192.39000000000001,0.7179654898945658,0
192.4,0.7311652388697685,0
192.41,0.6449533530872291,0
192.42000000000002,-0.5032034299778883,0
192.43,0.27905482860376063,0
192.44,0.32587375704845245,0
192.45000000000002,0.036078987742049026,0
192.46,-0.3688016795982534,0
192.47,0.3703530411981347,0
192.48000000000002,-0.3322441516333565,0
192.49,1.1462110445394265,0
192.5,0.44040633107377947,0
192.51,-0.4482741520903266,0
192.52,-0.2926874986886834,0
192.53,-0.12816224622575068,0
192.54,1.345784691497724,0
192.55,-0.04145506811726267,0
192.56,0.020943729522921117,0
192.57,-0.18795558195219741,0
192.58,0.3121285917484413,0
192.59,-0.10662065885219646,0
192.6,-0.539950750557098,0
192.61,-0.14567303720272085,0
192.62,-0.10251644996326092,0
192.63,-0.24765685514737204,0
192.64000000000001,-0.25546280450897546,0
192.65,0.6604370637378306,0
192.66,0.08827051197966468,0
192.67000000000002,-0.4884375010806922,0
192.68,-0.2747210107625373,0
192.69,0.0537603746705,0
192.70000000000002,-0.6046419865960933,0
192.71,0.8082821318667881,0
192.72,0.7576628155342713,0
192.73000000000002,1.0446322455961614,0
192.74,0.5636028169687982,0
192.75,-0.8804206760158028,0
192.76,0.6911838216607341,0
192.77,-0.19339139242331593,0
192.78,-0.3711731506979252,0
192.79,0.08419549127920274,0
192.8,0.848768372145235,0
192.81,0.8668915860321885,0
192.82,0.7931599272010165,0
192.83,0.12606492342634235,0
192.84,-0.04908909567623004,0
192.85,0.26583550232116915,0
192.86,0.09109552789731641,0
192.87,0.5902942851450466,0
192.88,0.6835910967859294,0
192.89000000000001,0.5797818122694611,0
192.9,-1.1062205960971443,0
192.91,-0.11437627012929041,0
192.92000000000002,0.0074812596294187295,0
192.93,0.18541698474071783,0
192.94,-0.26125980707158114,0
192.95000000000002,-0.6766964757388272,0
192.96,0.1716002771437746,0
192.97,-0.05268286368141181,0
192.98000000000002,0.3870568047710492,0
192.99,-0.1663148723212519,0
193.0,0.8066731835467564,0
193.01,0.8290233656013926,0
193.02,0.45960267031240254,0
193.03,0.09561615529152727,0
193.04,0.5721639794522113,0
193.05,0.44643183656625846,0
193.06,0.333030843463185,0
193.07,0.7330117463526212,0
193.08,1.0373482212002207,0
193.09,-0.31317838907195616,0
193.1,-0.5432004681034717,0
193.11,-0.45683274780031646,0
193.12,-0.8197954924027111,0
193.13,-0.143834977747422,0
193.14000000000001,0.37817708059222577,0
193.15,0.17771393080433714,0
193.16,-0.14541148010868965,0
193.17000000000002,0.6581471136897605,0
193.18,0.3340325115631545,0
193.19,0.36082605453185435,0
193.20000000000002,0.7995675151925172,0
193.21,0.22897442793508344,0
193.22,1.2491162421960733,0
193.23000000000002,0.16856077135171782,0
193.24,1.2008997810020223,0
193.25,-0.1240511984964566,0
193.26,0.3393936193811221,0
193.27,-0.1624722982445799,0
193.28,0.6504634026126977,0
193.29,0.0028360341267789912,0
193.3,0.25052681738074156,0
193.31,-0.18886339701320526,0
193.32,0.5468537181694664,0
193.33,-0.1175103111992219,0
193.34,0.9621097133239975,0
193.35,-0.19484378223392765,0
193.36,-0.6702501822536073,0
193.37,0.43425012772402644,0
193.38,-0.11140818644243333,0
193.39000000000001,0.06341683197334823,0
193.4,-0.06060491234359536,0
193.41,-0.6189930833124335,0
193.42000000000002,-0.10055923347668383,0
193.43,0.7436859148091475,0
193.44,0.8153633081002233,0
193.45000000000002,0.4225372589093823,0
193.46,0.7932375244096217,0
193.47,-0.27061784776804293,0
193.48000000000002,-0.14564409899216685,0
193.49,0.26971781048223853,0
193.5,0.09335023541435214,0
193.51,-0.012710796826173376,0
193.52,-0.5471465280606246,0
193.53,-1.1497355109539371,0
193.54,0.2435699332661454,0
193.55,0.2859001117186655,0
193.56,0.6473269212320989,0
193.57,0.024516600522398707,0
193.58,-0.27789937247622,0
193.59,0.029585357647113356,0
193.6,0.5578832730812466,0
193.61,0.11183226141927839,0
193.62,0.5505771432072388,0
193.63,-0.3025875975481924,0
193.64000000000001,-0.06593830854948432,0
193.65,0.041884344620065045,0
193.66,0.759296369597924,0
193.67000000000002,0.39614472058978867,0
193.68,1.124657923942536,0
193.69,-0.3407288974174823,0
193.70000000000002,0.07982262673514451,0
193.71,0.2113321059275979,0
193.72,0.47891736760243975,0
193.73000000000002,-0.21752839340722352,0
193.74,0.9385521321047121,0
193.75,0.33747119573281703,0
193.76,-0.39858237146586284,0
193.77,-0.012205773554470084,0
193.78,-0.07382516851272161,0
193.79,1.559732339042427,0
193.8,1.0451050340778751,0
193.81,0.3837847733344544,0
193.82,0.1324307789047992,0
193.83,0.6356851749092419,0
193.84,0.7869788176476434,0
193.85,-1.2576078643524637,0
193.86,0.12418681998820175,0
193.87,0.14213416410497,0
193.88,-0.5664804351128627,0
193.89000000000001,0.42336315853807205,0
193.9,1.398275198287897,0
193.91,0.7423643927267758,0
193.92000000000002,0.8679120665300438,0
193.93,1.2740609493049113,0
193.94,-0.02728069592301846,0
193.95000000000002,-0.899672589238654,0
193.96,0.22127781955570935,0
193.97,0.01987111469220594,0
193.98000000000002,-0.63039260026543,0
193.99,-0.10276919004425478,0
194.0,0.45823131987510324,0
194.01,0.1317260037248692,0
194.02,-0.28955929315504986,0
194.03,-0.09487079974731358,0
194.04,0.06247656495040439,0
194.05,-0.9153101806041543,0
194.06,-0.20825057643748965,0
194.07,-0.6713398971052963,0
194.08,0.2797726429924462,0
194.09,-0.6646921848564272,0
194.1,0.4698176832536472,0
194.11,-0.0037222423022380546,0
194.12,-0.19334444398489442,0
194.13,0.2052327704650404,0
194.14000000000001,-0.3131025738150066,0
194.15,0.1669709685365378,0
194.16,-0.2513046740855862,0
194.17000000000002,-0.2624590281693315,0
194.18,0.24712005468550574,0
194.19,-0.44766331320418845,0
194.20000000000002,-0.6883074099379745,0
194.21,0.05704605109801009,0
194.22,0.09689199308338198,0
194.23000000000002,0.2110349277627523,0
194.24,0.3242367554014056,0
194.25,0.20863376186443444,0
194.26,0.47303070707433076,0
194.27,0.26720891280506376,0
194.28,-0.9050733579330806,0
194.29,-1.059972589972971,0
194.3,0.858834921384635,0
194.31,0.3118956431337483,0
194.32,0.6811810696105742,0
194.33,0.08338715288931006,0
194.34,0.08716444775293689,0
194.35,-0.12240745077117288,0
194.36,1.3798466704474617,0
194.37,0.5770988888452198,0
194.38,-0.04325793301353903,0
194.39000000000001,-0.7929982362811422,0
194.4,0.9501735593709179,0
194.41,0.24795372121849554,0
194.42000000000002,0.5556997033100761,0
194.43,0.6921779131790888,0
194.44,0.02399643297983578,0
194.45000000000002,0.46155059335821014,0
194.46,-0.1088693695224498,0
194.47,-0.4571651889122866,0
194.48000000000002,0.6033373755349314,0
194.49,0.16412429729230632,0
194.5,0.41470991422444226,0
194.51,0.4200809927109754,0
194.52,0.5423361982569237,0
194.53,-0.5957108645384225,0
194.54,-0.362978647400944,0
194.55,-0.16588116148399273,0
194.56,-0.3865829657464379,0
194.57,0.22951553887781137,0
194.58,0.787162287627623,0
194.59,1.0108908196317232,0
194.6,0.16984727097111035,0
194.61,0.2957279450382799,0
194.62,0.40905783346169355,0
194.63,0.5309311435459358,0
194.64000000000001,-0.23705818251050606,0
194.65,1.008126350093253,0
194.66,0.843324917509328,0
194.67000000000002,0.8160601517131826,0
194.68,0.9428303771911077,0
194.69,0.6181051427008427,0
194.70000000000002,-0.29458207851342544,0
194.71,-0.04966034771839942,0
194.72,-0.7936452834713721,0
194.73000000000002,0.12066408683499114,0
194.74,0.038109269766677764,0
194.75,0.0860239840613613,0
194.76,0.7607760230802528,0
194.77,0.04494637742421506,0
194.78,-0.024889335221453923,0
194.79,0.10363847753881533,0
194.8,-0.8557710683239146,0
194.81,-0.2574303605749748,0
194.82,-1.2899095487542855,0
194.83,-0.5360462059043548,0
194.84,0.4196694180472762,0
194.85,0.4413858764416765,0
194.86,-0.10811232843722934,0
194.87,0.093022983181536,0
194.88,-0.4508688694691151,0
194.89000000000001,-0.015599394157318675,0
194.9,1.654985222456772,0
194.91,1.4951074018678563,0
194.92000000000002,0.5002274360553292,0
194.93,0.308787246282172,0
194.94,-0.34598771006711365,0
194.95000000000002,-0.41498885532830365,0
194.96,0.18763818373709237,0
194.97,-0.13408425703713703,0
194.98000000000002,0.5465208621989472,0
194.99,1.0711139897057718,0
195.0,0.5435020914066758,0
195.01,0.2886659018310257,0
195.02,-0.7242757143346515,0
195.03,0.3157123835421617,0
195.04,-0.4314442297180956,0
195.05,-0.23177236117779718,0
195.06,0.5517784846772216,0
195.07,0.7850610631524698,0
195.08,0.04658786534754911,0
195.09,-0.1073403622951464,0
195.1,-0.3004521280203083,0
195.11,-0.6141971623524767,0
195.12,-0.39276480453363716,0
195.13,-0.8583840513409204,0
195.14000000000001,0.24803478366193488,0
195.15,0.37100255176878705,0
195.16,0.49016857300998606,0
195.17000000000002,-0.28677506812984277,0
195.18,-0.6091541888749791,0
195.19,-0.024813412606930818,0
195.20000000000002,0.126930572481291,0
195.21,0.05232346669557522,0
195.22,-0.0420418494926077,0
195.23000000000002,0.999595304477969,0
195.24,0.5758496710671032,0
195.25,1.2925156578612613,0
195.26,1.098015148727328,0
195.27,1.2806932603559706,0
195.28,-0.15285816641170186,0
195.29,0.37684769695693365,0
195.3,-0.036520588298966455,0
195.31,-0.7957243275149553,0
195.32,0.6969810761307226,0
195.33,0.11710142425861345,0
195.34,-0.43332568997457493,0
195.35,-0.22980361209729178,0
195.36,-0.3821506911373453,0
195.37,-0.36561875944988115,0
195.38,-0.11005889179377548,0
195.39000000000001,0.9935826011800463,0
195.4,-0.007044565456079788,0
195.41,0.9812759309621434,0
195.42000000000002,0.7967913280197993,0
195.43,0.5096830852849513,0
195.44,0.6252975377706873,0
195.45000000000002,0.2630928149910806,0
195.46,0.8501562614553944,0
195.47,0.6140118869923834,0
195.48000000000002,-0.6334346519188958,0
195.49,0.0989812925002628,0
195.5,0.5418337263463022,0
195.51,0.08116992368082239,0
195.52,0.1871626971875272,0
195.53,-0.17992358045357337,0
195.54,-0.6789411836228864,0
195.55,-0.8956720296070813,0
195.56,-0.9427476466945796,0
195.57,0.22033578594404646,0
195.58,-1.1713263143847061,0
195.59,-0.5479835719931431,0
195.6,-0.4449416031425186,0
195.61,-0.1616840913256209,0
195.62,-0.9292054310056361,0
195.63,0.08263357683931052,0
195.64000000000001,-0.5574750414301793,0
195.65,0.5635664145822612,0
195.66,-0.09031166172923205,0
195.67000000000002,0.026433127862272407,0
195.68,0.1085658131683283,0
195.69,0.25717569410086316,0
195.70000000000002,0.18399210972070498,0
195.71,-0.08144721919724071,0
195.72,0.2623491938164001,0
195.73000000000002,0.41387203962988156,0
195.74,-0.2039287700677188,0
195.75,0.2761574296846946,0
195.76,0.8037754863759626,0
195.77,0.6769798399186814,0
195.78,0.765909392207865,0
195.79,0.383192358966969,0
195.8,-0.3025545749628623,0
195.81,-0.4066031263881482,0
195.82,0.16891980016890068,0
195.83,0.6445230656308387,0
195.84,1.7449844372886456,0
195.85,1.0593775822669689,0
195.86,-0.25815792019073436,0
195.87,-0.37282399976105707,0
195.88,1.2205190287357606,0
195.89000000000001,0.2913136093728309,0
195.9,0.1985042872334697,0
195.91,-0.36143793830761084,0
195.92000000000002,0.8435241359539805,0
195.93,0.5777561522383284,0
195.94,-0.167614280230861,0
195.95000000000002,-0.4706822654048951,0
195.96,0.1464136913124546,0
195.97,0.16065116909448743,0
195.98000000000002,0.5838162308333127,0
195.99,0.5377785109447802,0
196.0,0.09416303110359342,0
196.01,-0.16547023295542534,0
196.02,-0.025940887225101628,0
196.03,-0.19912168951569417,0
196.04,-0.01847469332869392,0
196.05,0.10479508201031984,0
196.06,-0.35130373130301645,0
196.07,0.34872953408822105,0
196.08,-0.009368278614148295,0
196.09,-0.3499411001389587,0
196.1,-0.17397570590910547,0
196.11,0.18628883830126972,0
196.12,0.19158358850486143,0
196.13,0.3734981028579971,0
196.14000000000001,0.6726037335499248,0
196.15,0.963924608794143,0
196.16,0.4938784455074302,0
196.17000000000002,-0.3451401782624768,0
196.18,-0.12869262568568726,0
196.19,-0.4660859146395395,0
196.20000000000002,0.8880539382499093,0
196.21,1.3813340256337578,0
196.22,0.7926254150703183,0
196.23000000000002,0.7563129019525403,0
196.24,0.42372997490797076,0
196.25,0.40190448173600934,0
196.26,-0.6491715266804492,0
196.27,-0.10059286650859614,0
196.28,-0.3933030272016952,0
196.29,0.15261533006809994,0
196.3,0.10753690406666319,0
196.31,1.1647814565355301,0
196.32,0.8804964310051037,0
196.33,0.4728198501369391,0
196.34,0.07725180570055304,0
196.35,1.013073533808701,0
196.36,0.33855512516545194,0
196.37,0.3625239780072571,0
196.38,0.21440600434047702,0
196.39000000000001,-0.06033061653213995,0
196.4,0.10567070735604622,0
196.41,-0.9170678087127774,0
196.42000000000002,-0.9521257458433834,0
196.43,0.04952689940816174,0
196.44,0.9488894260311314,0
196.45000000000002,0.5240668780536017,0
196.46,-0.15118217851677798,0
196.47,-0.7047247458739866,0
196.48000000000002,0.3430667587917503,0
196.49,-0.11480682792153346,0
196.5,0.415339974183454,0
196.51,0.4129663764853577,0
196.52,0.4594861253307446,0
196.53,0.2343166127659744,0
196.54,0.36445252888206936,0
196.55,0.12908691903797082,0
196.56,-0.20444569299742182,0
196.57,-0.4625847217985417,0
196.58,-1.2841052800673225,0
196.59,-0.31581330598948676,0
196.6,0.8318474430193049,0
196.61,0.6984517481450884,0
196.62,0.3975907200380655,0
196.63,-0.18975305071214335,0
196.64000000000001,0.5854308635041412,0
196.65,0.1845902629536607,0
196.66,0.9866425679315023,0
196.67000000000002,-0.17399778787743111,0
196.68,-0.34106150403204705,0
196.69,-0.43462530409202565,0
196.70000000000002,-0.7960773820309686,0
196.71,-0.5961514743857631,0
196.72,0.007823566569605644,0
196.73000000000002,-0.2754031194998948,0
196.74,-2.020575360614826,0
196.75,0.16889352115800632,0
196.76,-0.7526488973241121,0
196.77,0.22760742526360633,0
196.78,0.17552746171831568,0
196.79,1.2734780621578858,0
196.8,0.9513229637293898,0
196.81,0.07116736569218043,0
196.82,-0.2540075479980918,0
196.83,0.838845515208207,0
196.84,-0.47413213578207125,0
196.85,0.08524485772948848,0
196.86,0.05363033606771875,0
196.87,-0.06720923184508498,0
196.88,0.27363723791822997,0
196.89000000000001,0.27155524814537196,0
196.9,0.41368717332428423,0
196.91,0.2796652897594361,0
196.92000000000002,0.3945981384590975,0
196.93,0.25063922700298147,0
196.94,-0.18622112544966882,0
196.95000000000002,0.05788028376952571,0
196.96,-0.2636435376534151,0
196.97,-0.3791488951444018,0
196.98000000000002,-0.17144132186747532,0
196.99,-0.004082162952580154,0
197.0,0.12013095740267947,0
197.01,0.620447075102608,0
197.02,-0.007910014152841066,0
197.03,0.2052985035343699,0
197.04,0.2166414828665274,0
197.05,-0.16747517475470258,0
197.06,0.09989870822114727,0
197.07,0.6614745481936852,0
197.08,0.367222636301485,0
197.09,0.3150198968410524,0
197.1,-0.19428944810430676,0
197.11,1.1024994650641768,0
197.12,0.03295483739818697,0
197.13,-0.7772947518544998,0
197.14000000000001,0.3663919703476043,0
197.15,0.13310856154779815,0
197.16,-0.025431270526887456,0
197.17000000000002,-0.194195056842731,0
197.18,1.050911848760794,0
197.19,0.5542837427627096,0
197.20000000000002,0.5340740752673323,0
197.21,0.3228755919368519,0
197.22,0.32730560946016574,0
197.23000000000002,0.9294362784320824,0
197.24,0.20158038188861985,0
197.25,-0.6226479822720187,0
197.26,0.40945233382033946,0
197.27,0.46973602554104277,0
197.28,0.27781607169355393,0
197.29,0.42304286097808785,0
197.3,0.011239669725311818,0
197.31,0.11675987656242078,0
197.32,0.062002486768538354,0
197.33,-0.19652306638943298,0
197.34,0.6871273270242892,0
197.35,-0.4772968314809558,0
197.36,1.2409445084368098,0
197.37,0.8804952650715476,0
197.38,-0.6236608671266198,0
197.39000000000001,-0.17222478127236032,0
197.4,-0.02972893847535099,0
197.41,0.30436206328926946,0
197.42000000000002,-0.3476704164360613,0
197.43,0.033271800610923274,0
197.44,0.046969321867682406,0
197.45000000000002,-0.2778967839595923,0
197.46,-0.4331900897640364,0
197.47,0.4842007332492551,0
197.48000000000002,-0.6792204505666549,0
197.49,0.18791841329314862,0
197.5,0.5749349345373229,0
197.51,0.13061356679793779,0
197.52,0.1638304334292976,0
197.53,0.7638631250519832,0
197.54,-0.08107221614425539,0
197.55,-0.23733213402842152,0
197.56,-0.21984175908784442,0
197.57,0.6689869969978302,0
197.58,0.9588259238313888,0
197.59,-0.4002502518372961,0
197.6,0.5392167305525565,0
197.61,0.6743390398746433,0
197.62,1.0993827188596599,0
197.63,0.5833999417371543,0
197.64000000000001,0.22576722862720652,0
197.65,0.7698139573145304,0
197.66,0.6681649191437439,0
197.67000000000002,1.4660658270840177,0
197.68,0.9806158706517967,0
197.69,0.4304939686455084,0
197.70000000000002,-0.4140415814881534,0
197.71,-0.30926585972541865,0
197.72,-0.7383931415037417,0
197.73000000000002,-0.19548997461611553,0
197.74,0.5479440172358463,0
197.75,0.23870040949863047,0
197.76,0.7074656358804831,0
197.77,0.4603386099086842,0
197.78,0.004142551437273434,0
197.79,0.15143427401190004,0
197.8,0.393018239612318,0
197.81,0.27616387227430705,0
197.82,0.25306995148079625,0
197.83,-0.24247808624021197,0
197.84,-0.18737759560750447,0
197.85,1.2596988590870732,0
197.86,1.0729760550607632,0
197.87,-0.4127621766217402,0
197.88,-1.2598025872078444,0
197.89000000000001,-0.17047695957274742,0
197.9,0.5371013329831527,0
197.91,-0.03868096257800008,0
197.92000000000002,0.6383462723570845,0
197.93,0.29531820486947213,0
197.94,0.09097335699712372,0
197.95000000000002,0.5293971554856586,0
197.96,-0.04688126761087702,0
197.97,-0.06037334375454287,0
197.98000000000002,0.4458386513156762,0
197.99,0.19880066865448615,0
198.0,1.170267298181811,0
198.01,0.7661459384656006,0
198.02,0.6305107205947496,0
198.03,0.23538950993177332,0
198.04,0.6288258901968057,0
198.05,0.0895633571286151,0
198.06,0.27693983767818936,0
198.07,-0.31453444167319566,0
198.08,0.5791104300639545,0
198.09,0.40375571757018147,0
198.1,1.2609337782909458,0
198.11,1.6934693515735852,0
198.12,0.9341305387786533,0
198.13,0.37425615561369385,0
198.14000000000001,-0.30594808921716254,0
198.15,0.5096405272346779,0
198.16,0.3437263617215886,0
198.17000000000002,0.4768022397400673,0
198.18,1.14473724581587,0
198.19,-0.04847029368374156,0
198.20000000000002,-0.39994645067510526,0
198.21,-0.12148031375954224,0
198.22,0.5113756675804345,0
198.23000000000002,0.5277732471274301,0
198.24,-0.24058361625474076,0
198.25,0.447219634588521,0
198.26,-0.423393007371643,0
198.27,-0.44746927623814103,0
198.28,-0.06883079711585563,0
198.29,-0.20739203593166863,0
198.3,0.5265864537014497,0
198.31,0.3887218418456703,0
198.32,1.1419881909575933,0
198.33,0.25846199523157365,0
198.34,0.10415401387591924,0
198.35,0.7752409141526587,0
198.36,0.25003832874848975,0
198.37,0.9627821705461481,0
198.38,0.6333833429547382,0
198.39000000000001,-0.9899025347404307,0
198.4,0.4843308568552396,0
198.41,0.7118661631933737,0
198.42000000000002,0.7893244201339026,0
198.43,-0.7155769258376526,0
198.44,-0.42718903183011314,0
198.45000000000002,-0.31551717062304385,0
198.46,-0.42200447057265067,0
198.47,0.9269509419656824,0
198.48000000000002,0.33030332253257627,0
198.49,0.16795359842492352,0
198.5,0.4408153853016751,0
198.51,0.5182555060524827,0
198.52,-1.5414901000901995,0
198.53,-0.6246715357384318,0
198.54,-0.8036031024090735,0
198.55,0.11721605004053162,0
198.56,-0.01958635616254642,0
198.57,0.10826810750273247,0
198.58,-0.974832399817271,0
198.59,-0.3037145621268523,0
198.6,0.6229334578192668,0
198.61,1.0113460195365533,0
198.62,0.7407029536545586,0
198.63,-0.420945012396613,0
198.64000000000001,0.6705162487650428,0
198.65,0.6582775966233412,0
198.66,0.20726908213996945,0
198.67000000000002,-0.9214637853449376,0
198.68,0.3825941229363189,0
198.69,-0.11454862476129365,0
198.70000000000002,0.2608756661605373,0
198.71,0.2068234432884818,0
198.72,0.9761527836374247,0
198.73000000000002,0.28248831203634517,0
198.74,0.16780101833938185,0
198.75,0.9878609863199153,0
198.76,0.0016961577379930592,0
198.77,0.5393520262043876,0
198.78,0.13435548585496787,0
198.79,-0.3949977438435466,0
198.8,0.007186028497024877,0
198.81,0.4754859373958094,0
198.82,0.9451166298127099,0
198.83,1.126967494364164,0
198.84,0.23014635017849547,0
198.85,-0.3628168206508626,0
198.86,-0.15503749376332968,0
198.87,-0.5625448888911166,0
198.88,-0.1509660158030817,0
198.89000000000001,-0.11423950145212286,0
198.9,0.464319838761712,0
198.91,-0.9531778750934703,0
198.92000000000002,-0.5234714714200989,0
198.93,-0.41172212715244316,0
198.94,0.634781021726202,0
198.95000000000002,-0.32892690703303323,0
198.96,0.14402516430544698,0
198.97,0.07334192974728165,0
198.98000000000002,0.6793755337157557,0
198.99,0.592743145018954,0
199.0,0.31836477621545606,0
199.01,-0.11016140846472272,0
199.02,-0.9083363288121875,0
199.03,0.010153931032929692,0
199.04,0.3907137400205547,0
199.05,-0.6353087146894842,0
199.06,-0.7101129252416524,0
199.07,0.06256071272220698,0
199.08,0.30197391513628447,0
199.09,-0.3463177626361117,0
199.1,-0.28653131238029067,0
199.11,-0.9438555423612462,0
199.12,0.6032643310999528,0
199.13,-0.4356116895203255,0
199.14000000000001,0.2856848238089511,0
199.15,0.1586333255810095,0
199.16,0.8322566407899664,0
199.17000000000002,-0.10798037545733127,0
199.18,0.11149714403434513,0
199.19,-0.7707104982345702,0
199.20000000000002,-1.1191097555107137,0
199.21,0.14370716063179514,0
199.22,-0.8087320623254437,0
199.23000000000002,-0.21777235688809515,0
199.24,0.5900661345034163,0
199.25,0.6511255436704737,0
199.26,-0.08514652481616974,0
199.27,-0.7612190076422123,0
199.28,0.18703487461811047,0
199.29,0.8675875730621464,0
199.3,-0.029724176426097176,0
199.31,-0.32916524820450516,0
199.32,-0.25574777340824195,0
199.33,0.34655126019280813,0
199.34,0.8469672431723141,0
199.35,-0.3422778237165093,0
199.36,-0.777328557140057,0
199.37,1.1579410731629078,0
199.38,0.30121146720057496,0
199.39000000000001,0.31614804432335797,0
199.4,-0.1832556477356213,0
199.41,0.32130714848337233,0
199.42000000000002,0.6978058729001391,0
199.43,0.44033032365247227,0
199.44,1.1433915978824882,0
199.45000000000002,0.2180996376385086,0
199.46,0.020799400176662486,0
199.47,0.2347144553703963,0
199.48000000000002,0.4125835333985266,0
199.49,0.33084617986066256,0
199.5,-0.49496046152781936,0
199.51,0.14902328527481976,0
199.52,-0.0556528802068848,0
199.53,-0.21693820824274912,0
199.54,0.06944281973114554,0
199.55,-0.3882906566883707,0
199.56,-0.5953014210507077,0
199.57,-1.4352338065555312,0
199.58,0.6780915524291985,0
199.59,0.5719177193768684,0
199.6,0.18726047559366543,0
199.61,-0.20202899611983366,0
199.62,-1.4756062681222226,0
199.63,-0.6503657389696401,0
199.64000000000001,0.32514935634901143,0
199.65,0.689558730088765,0
199.66,0.620976808885503,0
199.67000000000002,0.34615112943536597,0
199.68,0.887467902422055,0
199.69,0.15349414371117387,0
199.70000000000002,0.7228732138190551,0
199.71,0.0825265300099585,0
199.72,-0.341981687091463,0
199.73000000000002,-0.5144340243634142,0
199.74,-0.5888378575253781,0
199.75,0.3104334286477265,0
199.76,-0.21125037694812732,0
199.77,-0.4962439349753004,0
199.78,0.3627344861966206,0
199.79,0.3720591644458602,0
199.8,0.7123620891908407,0
199.81,0.5578143819655712,0
199.82,-0.1548448850555881,0
199.83,0.10858931476295469,0
199.84,0.20057172336822596,0
199.85,-0.3325414110328494,0
199.86,-0.5645737168806573,0
199.87,-0.3968250198836506,0
199.88,1.0921854834478668,0
199.89000000000001,0.16009880870293747,0
199.9,0.8034361391074569,0
199.91,0.058160518231372055,0
199.92000000000002,0.5947710334039106,0
199.93,0.736207492899071,0
199.94,0.7982592102695507,0
199.95000000000002,0.5130290527933162,0
199.96,0.9686991680022918,0
199.97,0.5506204609650129,0
199.98000000000002,1.1571420268930601,0
199.99,-0.4663937051854237,0
200.0,0.17587449302336708,0
200.01,0.3018597345787707,0
200.02,-0.31624045876912577,0
200.03,0.33662635383878764,0
200.04,-0.6023143914579845,0
200.05,-0.3918912420811429,0
200.06,-1.0554808986883324,0
200.07,0.673242837222847,0
200.08,0.15210499981194212,0
200.09,1.299083815098476,0
200.1,0.8594985382482739,0
200.11,0.560644128439979,0
200.12,-0.06487151274359218,0
200.13,-0.4662688602178626,0
200.14000000000001,0.2691137113385313,0
200.15,0.13638772940298677,0
200.16,-0.5719057720919911,0
200.17000000000002,-0.8435382145145139,0
200.18,-0.6141964670108766,0
200.19,0.9234244447535408,0
200.20000000000002,1.5167617338029058,0
200.21,0.5956243622884727,0
200.22,0.33550613750083996,0
200.23000000000002,0.012069616324877297,0
200.24,-0.3873206824595,0
200.25,0.7428220902029512,0
200.26,1.2907846259970794,0
200.27,-0.045734562033483556,0
200.28,0.05181109020932641,0
200.29,-0.11924512177478147,0
200.3,-0.14621898242708353,0
200.31,0.7023801945473642,0
200.32,-0.41566100950891155,0
200.33,0.2519185471689269,0
200.34,0.558226925294047,0
200.35,0.17130365632224437,0
200.36,0.6258759668671621,0
200.37,0.3425713300788845,0
200.38,0.8412924345047451,0
200.39000000000001,-0.49280723557078576,0
200.4,-0.20142683940375558,0
200.41,0.018922822846989526,0
200.42000000000002,-1.3107787872587813,0
200.43,-0.7984552831326585,0
200.44,-0.5253241522456349,0
200.45000000000002,0.4811943813009304,0
200.46,-0.1485356269253312,0
200.47,-0.3651926327167435,0
200.48000000000002,0.45165131959959426,0
200.49,-0.6410596788384043,0
200.5,-1.1556410915647457,0
200.51,-0.3738243510707057,0
200.52,-0.7567520471306839,0
200.53,-0.8322207026655056,0
200.54,0.20500196217892602,0
200.55,0.6254331247977198,0
200.56,0.6841642285871938,0
200.57,0.8692238840702656,0
200.58,0.9859861354658412,0
200.59,-0.7793080535505367,0
200.6,0.15279005377101806,0
200.61,-0.13606848347821401,0
200.62,-0.3242656696866851,0
200.63,0.3251674323749164,0
200.64000000000001,-0.7323459514349356,0
200.65,-1.0077959036132491,0
200.66,0.19328049293560176,0
200.67000000000002,0.415925112548828,0
200.68,0.2846500619679463,0
200.69,-0.2895564692714049,0
200.70000000000002,0.43160427806472,0
200.71,0.5780762619463415,0
200.72,0.2978486810928449,0
200.73000000000002,-0.44458878648129063,0
200.74,-0.22968098422444205,0
200.75,0.49669357985033646,0
200.76,0.938899291597708,0
200.77,0.16879435636333517,0
200.78,0.01721263172411086,0
200.79,0.026183605327009807,0
200.8,0.2609335842578831,0
200.81,-0.13619605317621308,0
200.82,-1.467283258064547,0
200.83,0.37640371943139267,0
200.84,1.1578808532106133,0
200.85,0.07140240260433064,0
200.86,-0.44211140402771654,0
200.87,-0.07545845657444503,0
200.88,-0.010625021009213809,0
200.89000000000001,0.6355962006102324,0
200.9,0.2961119704960603,0
200.91,-0.2399443618430285,0
200.92000000000002,-0.6539466313155228,0
200.93,0.40564462405164337,0
200.94,0.5288342713040733,0
200.95000000000002,0.8051679716026213,0
200.96,-0.20611597516708524,0
200.97,1.0357005784093392,0
200.98000000000002,-0.5614447747964834,0
200.99,0.34574673084149843,0
201.0,-0.822251403044861,0
201.01,-0.5181986012984467,0
201.02,0.8100051098839911,0
201.03,0.7534986340806687,0
201.04,0.005771190802168785,0
201.05,-0.16656655796387618,0
201.06,0.12024430193540671,0
201.07,0.41217185166844955,0
201.08,0.8778771038440857,0
201.09,0.08484409623581796,0
201.1,-0.7287743566219138,0
201.11,0.009756057945736751,0
201.12,-0.13278929218678087,0
201.13,-0.6174494670162319,0
201.14000000000001,0.11254927422560401,0
201.15,0.02305055132781647,0
201.16,0.27740632324110187,0
201.17000000000002,-0.2985449889787332,0
201.18,0.29299200930161373,0
201.19,-0.5197041142658227,0
201.20000000000002,-0.4622618188313374,0
201.21,-0.13645426104338326,0
201.22,1.0019488851465082,0
201.23000000000002,0.7769284033188997,0
201.24,0.8763802861533403,0
201.25,1.0822549297867177,0
201.26,2.2977263218226356,0
201.27,0.705118007225984,0
201.28,1.0412429373268757,0
201.29,0.9081357259058139,0
201.3,0.866028490201977,0
201.31,1.2699354718874876,0
201.32,0.20277928231854175,0
201.33,-0.10626707561919757,0
201.34,0.25233611876194834,0
201.35,0.07441750055041751,0
201.36,0.29685585018035276,0
201.37,1.0150822801525665,0
201.38,0.10780116282720678,0
201.39000000000001,-0.02663044866398878,0
201.4,0.19485163302634084,0
201.41,0.03581875246028962,0
201.42000000000002,-0.9016164310441256,0
201.43,-0.4256272112767576,0
201.44,0.36836984425473057,0
201.45000000000002,0.9663738002758675,0
201.46,-0.2645336435962871,0
201.47,-0.5747333049931768,0
201.48000000000002,-0.018813121111705883,0
201.49,-1.0012502703421033,0
201.5,-0.37848359643675333,0
201.51,-0.9103223580303175,0
201.52,0.6103055983203373,0
201.53,-0.1482959260730202,0
201.54,0.9519527673682504,0
201.55,0.9398225984212375,0
201.56,-0.00037527466404299603,0
201.57,-0.4620835759206865,0
201.58,-0.10971364295232786,0
201.59,0.025731423027331154,0
201.6,0.2996667901831351,0
201.61,-0.22971080977309555,0
201.62,0.4489736070188327,0
201.63,0.36247029860649804,0
201.64000000000001,0.01828612487163736,0
201.65,-0.2656636565965431,0
201.66,-0.055911585031273914,0
201.67000000000002,-0.3400339388658047,0
201.68,0.05509534435248095,0
201.69,0.1682666244377487,0
201.70000000000002,0.2904391777299238,0
201.71,1.1222107283614142,0
201.72,0.3190463339370033,0
201.73000000000002,0.7237808999853743,0
201.74,0.4122546142314465,0
201.75,0.08524661152914675,0
201.76,0.06692198865163443,0
201.77,0.09448059541461032,0
201.78,0.28169391057325077,0
201.79,-0.331350642131923,0
201.8,-0.7540747007390088,0
201.81,0.2690363612552339,0
201.82,0.6546706029952013,0
201.83,0.669884231183026,0
201.84,0.3591486410517639,0
201.85,0.6075210809636583,0
201.86,0.6409763892435634,0
201.87,0.6888647409042057,0
201.88,-0.17632907003846088,0
201.89000000000001,-0.5190470229948082,0
201.9,-0.22747767277704156,0
201.91,0.04309399243198869,0
201.92000000000002,-0.008826802003253531,0
201.93,-0.8923690206680281,0
201.94,0.803021167551892,0
201.95000000000002,0.16407774992422972,0
201.96,0.24226231154942593,0
201.97,0.8326135069335019,0
201.98000000000002,-0.931335088803126,0
201.99,-0.39602689268698976,0
202.0,-0.19584838582444888,0
202.01,-0.11873710387109254,0
202.02,-0.012740058910671648,0
202.03,0.8768071405589625,0
202.04,0.6871942410855724,0
202.05,0.7913479205759062,0
202.06,0.33230197086318397,0
202.07,-0.5527582154688643,0
202.08,-1.136309831930911,0
202.09,-0.9891394087135539,0
202.1,0.053714442618410824,0
202.11,0.13976835311830568,0
202.12,0.032453644254987285,0
202.13,-0.07872584043081346,0
202.14000000000001,1.1610818559549236,0
202.15,-0.038494128828983315,0
202.16,0.5939433248181962,0
202.17000000000002,0.25898463358343143,0
202.18,0.14178357228524507,0
202.19,0.7715464042895405,0
202.20000000000002,1.0812448346373142,0
202.21,0.25226170356446,0
202.22,0.5981977199123453,0
202.23000000000002,0.45287277418019006,0
202.24,0.22672677265093352,0
202.25,0.27501232684574467,0
202.26,-0.1880685236918634,0
202.27,-0.10044890938918377,0
202.28,-0.22473443443259178,0
202.29,0.5334273358318027,0
202.3,0.19226455945193344,0
202.31,-0.5333970487196721,0
202.32,-0.408980298613283,0
202.33,-1.6963318680172783,0
202.34,-0.5777739081224925,0
202.35,-0.01474288557390499,0
202.36,0.03347988723527462,0
202.37,1.172544084063111,0
202.38,0.7089753704578853,0
202.39000000000001,0.5694191977440444,0
202.4,-0.6230433446987812,0
202.41,-0.2402356978689686,0
202.42000000000002,-0.20950475443870745,0
202.43,-0.3612634910239961,0
202.44,-0.40654252909134336,0
202.45000000000002,-0.9547774751275788,0
202.46,-0.8083745120960893,0
202.47,0.37315779815714334,0
202.48000000000002,0.1269575418888726,0
202.49,-0.1281532648774598,0
202.5,0.07487367979048777,0
202.51,0.7501980213276646,0
202.52,0.29960394014969427,0
202.53,0.47249062815258863,0
202.54,-0.22289364685376045,0
202.55,-0.27532588243738676,0
202.56,0.22952260506174238,0
202.57,1.175143457426508,0
202.58,1.1650585150210375,0
202.59,0.7115174065280259,0
202.6,0.36840856854958565,0
202.61,0.9481153961052855,0
202.62,0.770126594100527,0
202.63,-0.919011529690294,0
202.64000000000001,-0.6810865233390287,0
202.65,0.11973066313909866,0
202.66,-0.8117508128585991,0
202.67000000000002,-0.570986794188253,0
202.68,-0.40546516503078756,0
202.69,-0.1278170667087978,0
202.70000000000002,-0.07504544169873881,0
202.71,-0.06274371012144331,0
202.72,0.533812753085171,0
202.73000000000002,0.10221440504076111,0
202.74,-0.06926434372695814,0
202.75,-0.6257777287791868,0
202.76,0.49908484305147627,0
202.77,-0.12278717094111086,0
202.78,-0.49953221189808183,0
202.79,0.0986504873708146,0
202.8,-0.2736965124742705,0
202.81,-0.23843961887191586,0
202.82,0.18811085496441754,0
202.83,-0.016745423695073453,0
202.84,1.3369261067617613,0
202.85,0.40449047845633956,0
202.86,0.5402597029418614,0
202.87,-0.788830368003189,0
202.88,-0.5453997439690956,0
202.89000000000001,-0.605027289688716,0
202.9,-0.5493465404838629,0
202.91,0.19411167969931042,0
202.92000000000002,0.7101710807401509,0
202.93,0.4712475304962228,0
202.94,0.10730108910025916,0
202.95000000000002,-0.19893324867604903,0
202.96,0.6535003002023142,0
202.97,1.376602588014276,0
202.98000000000002,0.5262921235753432,0
202.99,0.742044984308968,0
203.0,0.47860456678650065,0
203.01,0.6322290820773714,0
203.02,-0.35185147507907427,0
203.03,-0.23765078211006638,0
203.04,0.26145895891685983,0
203.05,0.8213375067486859,0
203.06,-0.12006387697044493,0
203.07,-1.0025239496719052,0
203.08,-0.4056706023269735,0
203.09,0.5468245892933462,0
203.1,-0.5964536404942273,0
203.11,-0.6655360083825885,0
203.12,0.026985103186062995,0
203.13,0.05533273748747862,0
203.14000000000001,0.4407610073353764,0
203.15,-0.4337882839096923,0
203.16,-0.17113966531676741,0
203.17000000000002,0.7040715487468305,0
203.18,-0.3488549918067001,0
203.19,0.8096885729186879,0
203.20000000000002,-0.2556123057241926,0
203.21,0.4988333435836808,0
203.22,0.03651374820917039,0
203.23000000000002,-0.49014845960062814,0
203.24,-0.27671819422323307,0
203.25,0.33145767089437095,0
203.26,0.18966572872313575,0
203.27,0.7535001289977075,0
203.28,1.0634245545393943,0
203.29,-0.25367394020662176,0
203.3,-0.6219426309250877,0
203.31,-0.7398428905669108,0
203.32,-0.5533149403535815,0
203.33,0.5602116959526658,0
203.34,0.5489806515875192,0
203.35,-0.042478028131173434,0
203.36,0.09399906242315927,0
203.37,0.8818808748814784,0
203.38,1.347100036595531,0
203.39000000000001,0.5854610188510172,0
203.4,-1.159233045150535,0
203.41,-0.020922022311124083,0
203.42000000000002,0.6031339930740293,0
203.43,0.3809941207511639,0
203.44,0.5927370921945894,0
203.45000000000002,0.4489357108076124,0
203.46,-0.43464892483410134,0
203.47,-0.4699983622595152,0
203.48000000000002,-0.17789967947656615,0
203.49,0.6335284249968834,0
203.5,-0.1388379770701164,0
203.51,0.3187225322966958,0
203.52,0.3520631107877234,0
203.53,1.0433847905770026,0
203.54,0.34932099222155255,0
203.55,-0.7364620417255532,0
203.56,0.2710517351452515,0
203.57,1.3170461395052304,0
203.58,0.8193318354908775,0
203.59,-0.10391593976035221,0
203.6,-0.49143709784101175,0
203.61,-0.5196250544450499,0
203.62,1.0476590265646304,0
203.63,0.1983400297114076,0
203.64000000000001,-0.19254980355830154,0
203.65,-0.021756962638913774,0
203.66,-0.06344238644446168,0
203.67000000000002,0.9297368534020974,0
203.68,-0.19703492955375768,0
203.69,0.6902585888412748,0
203.70000000000002,0.3483735903819712,0
203.71,0.8406754758504791,0
203.72,1.163774535900918,0
203.73000000000002,0.44691398763236856,0
203.74,0.05476596938562309,0
203.75,0.1597612828859538,0
203.76,0.10030611204688603,0
203.77,-0.7464746776828979,0
203.78,0.7509808137014877,0
203.79,0.42949063176992924,0
203.8,-0.40115514283571096,0
203.81,-1.0904470834456483,0
203.82,-1.4012624653100323,0
203.83,0.17087736536071182,0
203.84,-0.17601583504445273,0
203.85,-0.17535527173033608,0
203.86,0.32702694687160655,0
203.87,-0.08214354022378825,0
203.88,0.3814282355184576,0
203.89000000000001,0.25701622705127136,0
203.9,0.1303868491815495,0
203.91,-0.6940064555256531,0
203.92000000000002,-0.4990885976068149,0
203.93,0.30705498523174335,0
203.94,-0.1754740520876959,0
203.95000000000002,0.7090030278803785,0
203.96,1.5377688537010759,0
203.97,0.8449742198271272,0
203.98000000000002,1.117219754048844,0
203.99,0.7741151400511939,0
204.0,0.020019917100133178,0
204.01,0.22260414326675676,0
204.02,1.2388335527357832,0
204.03,0.14192266272080498,0
204.04,-0.4069658017216665,0
204.05,-0.5947011803449289,0
204.06,-0.153471810068456,0
204.07,-0.4616998410726022,0
204.08,0.8871084323213612,0
204.09,0.4480604440628394,0
204.1,0.7405661914336693,0
204.11,0.13717104394591922,0
204.12,-0.46181634973237906,0
204.13,-0.701659728575717,0
204.14000000000001,-0.547853087279482,0
204.15,0.1592123717863716,0
204.16,0.42777178865348076,0
204.17000000000002,0.53928545606052,0
204.18,-0.5468232788247115,0
204.19,-0.025791147608588,0
204.20000000000002,-0.4417226769915548,0
204.21,0.2145098255660503,0
204.22,0.4199051412300606,0
204.23000000000002,-0.40808831291563646,0
204.24,0.5246531150997529,0
204.25,1.487840694032638,0
204.26,0.9277179369428564,0
204.27,0.25639943731065995,0
204.28,0.006719397520131787,0
204.29,0.001543631150194208,0
204.3,-0.29352751135059596,0
204.31,0.17223960476797395,0
204.32,-0.45199456838412644,0
204.33,-1.008105925118461,0
204.34,-0.02385116533122092,0
204.35,0.11658059957686387,0
204.36,-0.16378062727664666,0
204.37,-0.6127775887409715,0
204.38,0.11235948271354856,0
204.39000000000001,-0.3879519335371083,0
204.4,-0.05971320594987775,0
204.41,1.0362551449044117,0
204.42000000000002,0.7171252931102504,0
204.43,-0.4385437795345801,0
204.44,-0.677246841628028,0
204.45000000000002,0.022835943969903405,0
204.46,-0.6153928868312423,0
204.47,-1.108526548057667,0
204.48000000000002,0.11769231923627493,0
204.49,0.3116559106997201,0
204.5,0.4292028065791982,0
204.51,0.35871164387125426,0
204.52,0.16623918252273395,0
204.53,-0.19973133373622604,0
204.54,0.33628084422744564,0
204.55,1.0101467022727162,0
204.56,0.09698026246674593,0
204.57,-0.40796335542446893,0
204.58,-0.5951042323542481,0
204.59,-0.49895679207125054,0
204.6,0.09454123479751053,0
204.61,-1.0043961841270117,0
204.62,0.09417610991376243,0
204.63,0.4778577239967658,0
204.64000000000001,-0.7266623711445023,0
204.65,-0.5916945441724897,0
204.66,0.005934256365856094,0
204.67000000000002,0.03651168743985353,0
204.68,0.39728980193856356,0
204.69,0.13560456490096254,0
204.70000000000002,0.81888368195566,0
204.71,0.1451409200487716,0
204.72,-0.37575467308937616,0
204.73000000000002,-0.5487933847144014,0
204.74,0.3659357825556372,0
204.75,0.21873521285014608,0
204.76,0.5036424983998242,0
204.77,0.5639082912435971,0
204.78,-0.8231700782070273,0
204.79,-0.7014269811639038,0
204.8,-0.6073702145019297,0
204.81,-0.474914547067208,0
204.82,-0.23106612467282936,0
204.83,0.5858379201434971,0
204.84,0.8962212153024681,0
204.85,0.1796138640270505,0
204.86,0.022626339942323936,0
204.87,-0.2584674068902484,0
204.88,0.09442855045420662,0
204.89000000000001,0.24301194419615946,0
204.9,0.6017903977229169,0
204.91,0.6872105776206047,0
204.92000000000002,-0.9425845870195162,0
204.93,-0.2053045846768459,0
204.94,0.7973383857794383,0
204.95000000000002,0.07761090029508494,0
204.96,0.7376824165452232,0
204.97,0.13282290660009366,0
204.98000000000002,0.23796265824365964,0
204.99,-0.43433429899658405,0
205.0,-0.5823574579103576,0
205.01,0.3523804231358017,0
205.02,0.6693196561415314,0
205.03,0.2930347750128457,0
205.04,-0.46880539408801847,0
205.05,0.017767151745936932,0
205.06,0.7856099264058549,0
205.07,1.2361917051082156,0
205.08,0.2520464539797706,0
205.09,-0.7092646324797278,0
205.1,0.3818740358902166,0
205.11,0.06018057506005198,0
205.12,0.628924749403844,0
205.13,0.4185944151421031,0
205.14000000000001,-0.2541290212383568,0
205.15,0.07917746517653998,0
205.16,0.8282282254432664,0
205.17000000000002,0.23932996591532263,0
205.18,-0.3795300006776482,0
205.19,-0.8291787466056489,0
205.20000000000002,-0.5067818599231474,0
205.21,-0.2333847698942609,0
205.22,0.49005988413591584,0
205.23000000000002,-0.3626441116351029,0
205.24,0.8485041139669336,0
205.25,-0.38821212866884663,0
205.26,1.2562927859051827,0
205.27,1.3447248552115545,0
205.28,0.5231143574315423,0
205.29,-0.6349142301239405,0
205.3,-0.07647697677293105,0
205.31,-0.1133540036573876,0
205.32,-0.5951648333622308,0
205.33,0.11796294061158105,0
205.34,-0.29734217762593373,0
205.35,-0.3432572628619994,0
205.36,-0.08248479647368726,0
205.37,-0.21498009850469255,0
205.38,1.1647515555056003,0
205.39000000000001,0.1177106926697078,0
205.4,0.37602672676582527,0
205.41,0.2833215914604954,0
205.42000000000002,0.37050602334066274,0
205.43,0.432959534613931,0
205.44,0.6894288732715488,0
205.45000000000002,0.42608670401817517,0
205.46,0.3381287619989035,0
205.47,0.22752001693427404,0
205.48000000000002,0.09501890862979187,0
205.49,-0.3499539247645176,0
205.5,-0.008042686600338272,0
205.51,0.23833755776791,0
205.52,0.38562052550492826,0
205.53,0.30428694676462165,0
205.54,0.06389327617877524,0
205.55,0.09745899201581587,0
205.56,-0.15858433896503563,0
205.57,0.23904829201366917,0
205.58,0.053899475574290964,0
205.59,0.2215302770212329,0
205.6,0.7002501443851665,0
205.61,-0.0907869944614986,0
205.62,0.4069779502258065,0
205.63,0.23134779394688812,0
205.64000000000001,1.2461157245283365,0
205.65,0.3082676937520652,0
205.66,0.5591971140141968,0
205.67000000000002,0.2599103592312487,0
205.68,-0.562404378212283,0
205.69,-0.3059430844094333,0
205.70000000000002,0.5043435871541704,0
205.71,0.0076125446373959405,0
205.72,-1.0685056693163846,0
205.73000000000002,-0.1718896135337108,0
205.74,-0.5127157848372115,0
205.75,0.053986922749213476,0
205.76,0.951509563258116,0
205.77,0.759616991894229,0
205.78,1.120208151808159,0
205.79,0.09301174775544127,0
205.8,0.05900050247923047,0
205.81,-0.4294562137165915,0
205.82,-0.35964454783218514,0
205.83,-0.4715092213062676,0
205.84,-0.7017485884119474,0
205.85,0.6639382731077001,0
205.86,-0.8360453202159737,0
205.87,0.6326524417934756,0
205.88,0.9337538437775957,0
205.89000000000001,0.6116200440527617,0
205.9,-0.32858107770190526,0
205.91,-0.8126770794815559,0
205.92000000000002,-0.38317753820339323,0
205.93,0.34914411032690157,0
205.94,0.20096118781780445,0
205.95000000000002,-0.39341245229755917,0
205.96,0.6251576290345342,0
205.97,1.1653378790305045,0
205.98000000000002,0.2827212389519954,0
205.99,0.24096860776170528,0
206.0,-0.6312066231605277,0
206.01,-0.26640718443870903,0
206.02,0.3172991497998854,0
206.03,0.3803757554250642,0
206.04,-0.0631760352890696,0
206.05,-0.04975365371710638,0
206.06,-0.13850556447928541,0
206.07,-0.07082672639511117,0
206.08,0.31977628355857135,0
206.09,-0.8557395883858183,0
206.1,-0.14142594645670378,0
206.11,0.2631240472391637,0
206.12,-0.12591239426515685,0
206.13,-0.17462652452728028,0
206.14000000000001,-0.17139072645568287,0
206.15,-0.18583836748182284,0
206.16,0.06879749310284139,0
206.17000000000002,0.19802510794252354,0
206.18,-0.9569608901226937,0
206.19,0.22057565472889507,0
206.20000000000002,0.012846798257499653,0
206.21,1.1447235456940685,0
206.22,-0.23626964520856922,0
206.23000000000002,-0.4087952899450751,0
206.24,-0.09810401636179367,0
206.25,0.30768540946908945,0
206.26,-0.8497733100016969,0
206.27,-0.5418073734300872,0
206.28,0.29161116951730714,0
206.29,-0.31983911924978775,0
206.3,0.7617982282887776,0
206.31,0.0609145178867751,0
206.32,-0.3515420901387296,0
206.33,0.3492714113239519,0
206.34,1.0556142822630752,0
206.35,0.5978359770831752,0
206.36,0.9328719214509201,0
206.37,1.2382783649184606,0
206.38,-0.0691564604353409,0
206.39000000000001,0.5946365722977554,0
206.4,-0.5504401924383971,0
206.41,0.20087093830976818,0
206.42000000000002,0.12444693333742907,0
206.43,0.805238010670131,0
206.44,0.9377892655329999,0
206.45000000000002,0.6500945811226594,0
206.46,0.43366757327813277,0
206.47,0.49136465668084317,0
206.48000000000002,0.2679628349281704,0
206.49,0.1466312762230245,0
206.5,0.9171138750441206,0
206.51,1.1738076288362715,0
206.52,0.33025159787787206,0
206.53,0.3213537362997071,0
206.54,0.23606666917247468,0
206.55,-0.6870226964502006,0
206.56,-0.23866982457792096,0
206.57,0.9044838171428333,0
206.58,-0.060905834395666436,0
206.59,1.2231004408565584,0
206.6,1.0422344653172249,0
206.61,0.5866340989620926,0
206.62,0.557593642710899,0
206.63,-0.23677740501888947,0
206.64000000000001,-0.08816624725087968,0
206.65,0.8578286618353085,0
206.66,-0.0005242233651419348,0
206.67000000000002,0.6772387496012455,0
206.68,-0.45173027247102016,0
206.69,-0.6387090548455104,0
206.70000000000002,0.9651646863683572,0
206.71,0.34727773868469597,0
206.72,-0.08765787094769717,0
206.73000000000002,0.8160884143583351,0
206.74,0.9797639052569481,0
206.75,0.8475756930312708,0
206.76,0.020706222610337943,0
206.77,-0.035311647538125296,0
206.78,0.2694334024540141,0
206.79,0.5494609122684722,0
206.8,-0.021107263863149872,0
206.81,0.19796205904782432,0
206.82,0.3042035702290599,0
206.83,0.8736212730580114,0
206.84,0.7325075039812783,0
206.85,-0.5069731144417378,0
206.86,-0.1281816426176764,0
206.87,-0.4143256193600353,0
206.88,0.31127711261986135,0
206.89000000000001,0.6817652144244345,0
206.9,0.3368600078088529,0
206.91,0.053766760733395216,0
206.92000000000002,0.1626181451582394,0
206.93,0.2642547555638298,0
206.94,-0.1624663341412087,0
206.95000000000002,-0.5772753627197664,0
206.96,-1.1237400760593157,0
206.97,0.5062362556420228,0
206.98000000000002,0.5032459031796459,0
206.99,0.4312178403794012,0
207.0,0.8939260363055154,0
207.01,-0.3327386730217645,0
207.02,-0.8951063815086063,0
207.03,0.0932053545887856,0
207.04,0.2918456674822377,0
207.05,-0.7366513697241448,0
207.06,0.1196658687625674,0
207.07,-0.07084323821220748,0
207.08,-0.3351385045351474,0
207.09,-0.14896738632537243,0
207.1,-1.225062698818582,0
207.11,-0.5088122348309837,0
207.12,-0.3898817371102248,0
207.13,0.3115911384662655,0
207.14000000000001,0.10602147975107012,0
207.15,0.479114247974852,0
207.16,-1.1255503223940002,0
207.17000000000002,-0.6158444805323233,0
207.18,0.25452118098123677,0
207.19,0.011545128892774176,0
207.20000000000002,0.5655217235387275,0
207.21,-0.7072344216702804,0
207.22,0.3249351783772221,0
207.23000000000002,-0.14672705761546956,0
207.24,-0.316327597722443,0
207.25,0.5610923179148309,0
207.26,0.8714348301482695,0
207.27,0.8812829182410588,0
207.28,1.4183812124652404,0
207.29,1.1416263763153471,0
207.3,-0.025776192329556635,0
207.31,0.18140008251654774,0
207.32,-0.03404958550809101,0
207.33,1.184469467732446,0
207.34,0.996921180126753,0
207.35,0.2610682060046061,0
207.36,0.6452097229145377,0
207.37,-0.3824603030286146,0
207.38,0.15008597326747825,0
207.39000000000001,-0.3495258857374164,0
207.4,-0.8741854065302554,0
207.41,0.3116791643591226,0
207.42000000000002,0.67421034944997,0
207.43,0.5244696699379623,0
207.44,0.1461177121052042,0
207.45000000000002,-0.5254130435452096,0
207.46,-0.6373718611704877,0
207.47,-0.5630778006530722,0
207.48000000000002,-0.1527664565664567,0
207.49,0.6473550537904319,0
207.5,0.8389862775527928,0
207.51,-0.5557274700177317,0
207.52,-0.39565547162109604,0
207.53,-0.36997612437108207,0
207.54,-1.3282010700073639,0
207.55,0.08188043917690369,0
207.56,0.0018339442350692736,0
207.57,0.05265993271625549,0
207.58,0.8423437481856513,0
207.59,0.37006982515809383,0
207.6,-0.02440427817742724,0
207.61,0.4110089697854948,0
207.62,0.7790984900255331,0
207.63,0.46511487344647284,0
207.64000000000001,0.5957583905623367,0
207.65,0.18388273826562396,0
207.66,0.11484267110010149,0
207.67000000000002,0.20136335731113758,0
207.68,-0.23825635525583228,0
207.69,-0.24960963981224704,0
207.70000000000002,0.7838352899511346,0
207.71,1.3777354184325128,0
207.72,1.3048055630635003,0
207.73000000000002,-0.26600851872914044,0
207.74,-0.7101540839153899,0
207.75,-0.6991601069612238,0
207.76,0.009250048668716926,0
207.77,-1.3809572946378654,0
207.78,-0.5463210682279857,0
207.79,0.7252263412794975,0
207.8,0.816967402543159,0
207.81,0.045609411372332626,0
207.82,-0.10689546725855531,0
207.83,0.38783233289450836,0
207.84,0.7075024358937709,0
207.85,0.00544282708818189,0
207.86,-0.01096510741540227,0
207.87,-0.19167829868261788,0
207.88,-0.6444262138324429,0
207.89000000000001,-0.16564330969125113,0
207.9,-0.08651743995484651,0
207.91,-0.5804808374008307,0
207.92000000000002,0.31142720378669825,0
207.93,0.44772929287381,0
207.94,0.5949154046015265,0
207.95000000000002,-0.14780719710510762,0
207.96,-0.980786630352768,0
207.97,0.11616326672140093,0
207.98000000000002,-0.21213237675755098,0
207.99,-0.4148544734833922,0
208.0,-0.6606473438016579,0
208.01,-0.19928895888414327,0
208.02,0.9026524048572394,0
208.03,0.06898624285043256,0
208.04,-0.45061865203769624,0
208.05,0.3470165636990735,0
208.06,0.2912769403417179,0
208.07,-0.9432887646335264,0
208.08,0.22939555249537755,0
208.09,1.303328317243103,0
208.1,-0.9465490926317681,0
208.11,-0.7821981059913495,0
208.12,-1.5999940200885225,0
208.13,-0.32760395472680104,0
208.14000000000001,0.5580116715100378,0
208.15,0.3081831952202808,0
208.16,0.9308302135478899,0
208.17000000000002,0.7875027837474946,0
208.18,1.2158272833076371,0
208.19,1.0343083426434339,0
208.20000000000002,0.15649436646470788,0
208.21,0.18715663137098448,0
208.22,-0.30331284962050875,0
208.23000000000002,-0.08616153963892673,0
208.24,0.12388651354840063,0
208.25,0.09825498092200766,0
208.26,0.8518606207014573,0
208.27,0.1496387523943222,0
208.28,-0.3464593422862031,0
208.29,-0.4372134551090555,0
208.3,0.35206052861375947,0
208.31,-0.5467055032270148,0
208.32,-0.13131509963931748,0
208.33,0.786611850769305,0
208.34,0.46497193302956075,0
208.35,0.1890129582637197,0
208.36,0.1406296168230841,0
208.37,-0.40062211658806546,0
208.38,-0.4441101385616718,0
208.39000000000001,-0.10246893207883034,0
208.4,0.23134481889363903,0
208.41,0.675258962381241,0
208.42000000000002,0.3306058843169277,0
208.43,0.9155505551031617,0
208.44,1.1962111372976367,0
208.45000000000002,0.8350594287763906,0
208.46,0.97360924121162,0
208.47,-0.1716890863036474,0
208.48000000000002,-0.5424129628883644,0
208.49,0.25273377704665556,0
208.5,-0.5385603115086536,0
208.51,-0.17677589545439396,0
208.52,0.47898998706559576,0
208.53,0.9849151499845472,0
208.54,0.2233464808083566,0
208.55,-0.17778546735976422,0
208.56,0.23870650465448048,0
208.57,-0.39952765826692804,0
208.58,-0.07966388883946257,0
208.59,0.08831831979606189,0
208.6,0.11967129423303408,0
208.61,0.18954277560024052,0
208.62,-0.2845295696999535,0
208.63,-0.3457889498049017,0
208.64000000000001,-0.37182063145048627,0
208.65,-0.8432206197659706,0
208.66,0.0837228251083072,0
208.67000000000002,0.6098580624610823,0
208.68,0.6890178834751015,0
208.69,0.14495529312764513,0
208.70000000000002,-0.28316096288650017,0
208.71,0.4380719735981506,0
208.72,0.5622548436801504,0
208.73000000000002,0.3688350712084367,0
208.74,1.1336024923654122,0
208.75,0.38181400427973866,0
208.76,0.07113576177548625,0
208.77,-0.08264833917435321,0
208.78,-0.7394006068380551,0
208.79,0.2798197529141617,0
208.8,0.12626261049639242,0
208.81,0.4156035783829636,0
208.82,1.1972465930173952,0
208.83,0.20370259056515255,0
208.84,-1.0816671047674622,0
208.85,0.09824852155244443,0
208.86,0.22589817872959134,0
208.87,-0.2211062413025291,0
208.88,0.2687575726021266,0
208.89000000000001,0.5982882962480172,0
208.9,-0.24205700254608528,0
208.91,-0.10851096522904086,0
208.92000000000002,0.8717677927531977,0
208.93,-0.053876052020607995,0
208.94,0.1345052369783764,0
208.95000000000002,-1.2514957679065306,0
208.96,-0.9895405718848477,0
208.97,-0.05103426927230176,0
208.98000000000002,0.7536544078525936,0
208.99,-0.4244499790773715,0
209.0,0.04605961237619227,0
209.01,-0.07610507297834773,0
209.02,0.600988623824874,0
209.03,-0.38581514974328,0
209.04,0.24503740968876678,0
209.05,-0.1743953916875716,0
209.06,0.18763415768190347,0
209.07,0.19607298101252793,0
209.08,0.027392061267235535,0
209.09,0.37375347843377904,0
209.1,0.22913759584546128,0
209.11,0.09901173623269671,0
209.12,-0.05260130545560768,0
209.13,0.14062239182311706,0
209.14000000000001,0.26584916202258463,0
209.15,-0.34784444130850495,0
209.16,-0.1606219146727897,0
209.17000000000002,-0.4896355474677802,0
209.18,-0.031185728358001902,0
209.19,-0.21079330495358767,0
209.20000000000002,0.47021033893239184,0
209.21,0.5882414879286448,0
209.22,-0.23189904217744714,0
209.23000000000002,0.05323175207746607,0
209.24,0.46577430729032515,0
209.25,0.1355180696160982,0
209.26,-0.2414910879249294,0
209.27,-0.5296867417014267,0
209.28,0.43493373195117946,0
209.29,0.7018863044630301,0
209.3,0.1771569506739505,0
209.31,0.5647077114746596,0
209.32,-1.3254804249338412,0
209.33,0.488019557828515,0
209.34,0.15084471734089244,0
209.35,0.2256290302019398,0
209.36,-0.0018645139303036795,0
209.37,0.8552107960336179,0
209.38,-0.23866236219459167,0
209.39000000000001,0.8379466399243898,0
209.4,0.5329233664332343,0
209.41,0.5772282306437471,0
209.42000000000002,0.08139907205234667,0
209.43,-0.563919731981273,0
209.44,0.4669513322048961,0
209.45000000000002,0.39497348172993885,0
209.46,0.9362537436387111,0
209.47,0.24326684709387414,0
209.48000000000002,-0.05004446423160794,0
209.49,0.8390871930041707,0
209.5,1.3403133450662736,0
209.51,0.4524447449603355,0
209.52,-0.17537187137961102,0
209.53,0.5001781063281625,0
209.54,0.10215260913835347,0
209.55,0.4570477430941933,0
209.56,0.08856742853360836,0
209.57,0.9674114952788339,0
209.58,-0.018274802235303172,0
209.59,0.363703372874856,0
209.6,-0.05695407634679625,0
209.61,-0.05178162587032567,0
209.62,-0.12001255585385023,0
209.63,0.4756965882717874,0
209.64000000000001,0.7203476813130958,0
209.65,0.5894632229983952,0
209.66,0.20221942819067587,0
209.67000000000002,0.23756214630297662,0
209.68,0.6498132180765197,0
209.69,0.7696966177563028,0
209.70000000000002,-1.1278923537508119,0
209.71,-0.3145931869581927,0
209.72,-0.08572841987417137,0
209.73000000000002,0.4473117999589,0
209.74,0.1886112432590846,0
209.75,0.5424821270626563,0
209.76,-0.3264677424969129,0
209.77,0.16920552320562515,0
209.78,0.634024551165389,0
209.79,-0.5143250149247838,0
209.8,1.3223496959433578,0
209.81,1.077101054533954,0
209.82,0.3823185118353319,0
209.83,-0.2332566795463438,0
209.84,-0.039235404256411865,0
209.85,0.14713420805552951,0
209.86,0.3837647942845086,0
209.87,1.0074064014213815,0
209.88,0.11062039512270558,0
209.89000000000001,0.4396234087534382,0
209.9,-0.46605517585651496,0
209.91,-0.22447024641221733,0
209.92000000000002,0.25679538227006027,0
209.93,0.5446158709263835,0
209.94,-0.1526760026433198,0
209.95000000000002,-0.16061583485560676,0
209.96,0.8499315437888783,0
209.97,0.9435251920189476,0
209.98000000000002,0.4591745326169295,0
209.99,-0.9640188811348026,0
210.0,1.2085389005258647,0
210.01,0.40379491234653175,0
210.02,0.046767517467220104,0
210.03,-0.15421412845296578,0
210.04,0.2741414879554952,0
210.05,0.3866677930109603,0
210.06,0.7151705869565667,0
210.07,-0.20211001003545595,0
210.08,-0.10468676363675514,0
210.09,1.167417862911593,0
210.1,0.5237065263376026,0
210.11,0.15129813284418375,0
210.12,-0.3513761286040488,0
210.13,0.2938248847225886,0
210.14000000000001,0.7347479252942481,0
210.15,0.761670998623204,0
210.16,0.1648295633161149,0
210.17000000000002,0.3458164057898289,0
210.18,1.0888981175559342,0
210.19,0.9547305991398976,0
210.20000000000002,-0.0666910570385594,0
210.21,-1.2602925378232703,0
210.22,-0.044816767938744506,0
210.23000000000002,0.5262729829859277,0
210.24,-0.33627366131360237,0
210.25,0.023456282042331522,0
210.26,-0.022362614692485627,0
210.27,0.1621447460116811,0
210.28,-0.13733761106484338,0
210.29,0.7651011736592642,0
210.3,0.38226382459559244,0
210.31,-0.26035474862837205,0
210.32,0.5356757801425375,0
210.33,-0.427125082183734,0
210.34,0.6894343897993,0
210.35,0.8123065946435879,0
210.36,1.0553516514616934,0
210.37,0.2917336210577399,0
210.38,-0.07910055026949386,0
210.39000000000001,0.13713033306534156,0
210.4,0.10147464768003779,0
210.41,-0.21008208116376673,0
210.42000000000002,-0.23519344653072788,0
210.43,-0.1417571673254493,0
210.44,-0.5463631774114994,0
210.45000000000002,0.3365894238756901,0
210.46,0.16843479020562338,0
210.47,-0.009979603888106758,0
210.48000000000002,-0.4816669217456063,0
210.49,-0.6262289740728617,0
210.5,0.9865089183252682,0
210.51,0.024710837247247458,0
210.52,0.4434223788416129,0
210.53,0.30957747362529875,0
210.54,-1.288381425952855,0
210.55,0.7445540576700694,0
210.56,0.6625400049127156,0
210.57,-0.13107726981655674,0
210.58,0.06422005082490666,0
210.59,-0.4838336637502815,0
210.6,0.9636566027515013,0
210.61,-0.13036085816125245,0
210.62,-0.19906983002540654,0
210.63,-0.3262070537885916,0
210.64000000000001,0.0733267823109343,0
210.65,0.8601434691665286,0
210.66,1.2800070411446218,0
210.67000000000002,0.2195848118867971,0
210.68,0.3683912322062143,0
210.69,0.24777036636526084,0
210.70000000000002,-0.3487476384188168,0
210.71,1.3149567059115268,0
210.72,1.1665002917339615,0
210.73000000000002,0.5043757630141565,0
210.74,1.0805346598531245,0
210.75,1.0276553132253683,0
210.76,0.41253614824008644,0
210.77,0.3887455197735562,0
210.78,1.0144672748225683,0
210.79,-0.1382267151049445,0
210.8,0.9687551751174469,0
210.81,0.23431710424668786,0
210.82,0.9825280335250955,0
210.83,0.35484938575848984,0
210.84,0.3804962723779883,0
210.85,0.18884637038937035,0
210.86,-0.124025183715791,0
210.87,-0.06283540573257537,0
210.88,0.8306970986292914,0
210.89000000000001,-0.9127230376634287,0
210.9,-0.7760013534664062,0
210.91,-0.4683712824988806,0
210.92000000000002,-0.5793852327492695,0
210.93,0.7712310169086323,0
210.94,0.9745208855017673,0
210.95000000000002,0.6708596887190266,0
210.96,-0.05999070776198415,0
210.97,0.8079077364665006,0
210.98000000000002,-0.5318191046926558,0
210.99,1.1196612262072745,0
211.0,0.027256406900192542,0
211.01,-0.02080257670889793,0
211.02,-0.1219193439779431,0
211.03,-0.4900296019574146,0
211.04,1.0145965202398057,0
211.05,0.7856723634418987,0
211.06,0.9556036675116151,0
211.07,-0.3008457050478649,0
211.08,0.13304030734037653,0
211.09,0.4226177722730939,0
211.1,0.36172898522828467,0
211.11,-0.415624742043579,0
211.12,0.5807137307275085,0
211.13,0.32178195748169497,0
211.14000000000001,-0.31623713455960223,0
211.15,-0.9551806624752499,0
211.16,0.1961364623543675,0
211.17000000000002,1.4658438993739924,0
211.18,-0.06234638844713111,0
211.19,0.1870291871832011,0
211.20000000000002,0.7499783552495561,0
211.21,-0.3768023786346604,0
211.22,-0.23796150835267935,0
211.23000000000002,-0.40572686771553157,0
211.24,0.5347670037869507,0
211.25,0.9513982497198289,0
211.26,0.4343563646479037,0
211.27,-0.22785422968767072,0
211.28,-0.18096031317202965,0
211.29,-0.26920244254830394,0
211.3,-0.47593512549154526,0
211.31,-0.06153189907689813,0
211.32,0.4025184223360754,0
211.33,0.47349023272151813,0
211.34,0.2257650157966458,0
211.35,0.19859610230417346,0
211.36,0.11798720102962221,0
211.37,-0.549552016058136,0
211.38,0.05964661234660977,0
211.39000000000001,-0.18413724910856394,0
211.4,-0.6517946346543885,0
211.41,0.14620758478713722,0
211.42000000000002,-0.17747833231388893,0
211.43,0.18865001689053246,0
211.44,0.6102871506415719,0
211.45000000000002,-0.24174109393320045,0
211.46,0.10034026330286142,0
211.47,-0.8273161542054914,0
211.48000000000002,0.7210064858221237,0
211.49,-0.4317964806026593,0
211.5,-0.2704111052673378,0
211.51,0.7568241945776518,0
211.52,0.17600180038268184,0
211.53,-0.481973606968429,0
211.54,0.3709204612819431,0
211.55,0.5721350967746277,0
211.56,-0.08249325811681119,0
211.57,-0.1885033411552814,0
211.58,-0.16733978995234947,0
211.59,-0.0404310341929458,0
211.6,-0.9065352541792905,0
211.61,-0.21160737603133095,0
211.62,1.0087310709478365,0
211.63,-0.11332224915052111,0
211.64000000000001,-0.22743617844212816,0
211.65,-0.5755571448129024,0
211.66,0.29372317228574935,0
211.67000000000002,0.825785111169993,0
211.68,0.9466111123754686,0
211.69,-0.31635812690449955,0
211.70000000000002,0.2986604728529061,0
211.71,0.9497754226316601,0
211.72,0.620439936998828,0
211.73000000000002,0.52145710330313,0
211.74,-0.009230315296771124,0
211.75,0.2264748959297759,0
211.76,0.8265624681147805,0
211.77,0.4929787547344995,0
211.78,-0.429955757696201,0
211.79,-0.23880288367657132,0
211.8,0.6958219926133168,0
211.81,0.45842599048738997,0
211.82,0.28953893040905443,0
211.83,-0.11112593377829105,0
211.84,0.7167059551409372,0
211.85,1.1759806514801388,0
211.86,1.0781931490677832,0
211.87,1.149278785346373,0
211.88,0.20779000774616663,0
211.89000000000001,-0.10292180572312681,0
211.9,0.002492903600012336,0
211.91,0.1326418015761057,0
211.92000000000002,0.9067001212849137,0
211.93,0.9590162913216773,0
211.94,0.6379677561264326,0
211.95000000000002,-0.4912113930574334,0
211.96,-0.9102856808790999,0
211.97,0.011925899421355302,0
211.98000000000002,0.5831892577330438,0
211.99,0.21485586560385317,0
212.0,1.1848930043537669,0
212.01,-0.16879560960965662,0
212.02,-0.5742756266547641,0
212.03,-0.38591456868106566,0
212.04,-0.35907519445277547,0
212.05,0.30189247831397387,0
212.06,-0.037713705029128075,0
212.07,-0.7223243385820785,0
212.08,0.405593501125215,0
212.09,-0.7244663121781701,0
212.1,-0.6402123178146135,0
212.11,-0.9128417977567785,0
212.12,-0.006557441583049467,0
212.13,0.20878518508240065,0
212.14000000000001,1.184117225884445,0
212.15,0.8940096232124322,0
212.16,1.1025591108286386,0
212.17000000000002,0.5406578205331773,0
212.18,-0.2737690221062104,0
212.19,0.11109052658594197,0
212.20000000000002,0.454562492841739,0
212.21,0.5997414773152895,0
212.22,0.0096517213863056,0
212.23000000000002,0.37399518506714857,0
212.24,-0.2920914240913504,0
212.25,-0.5173311195708079,0
212.26,-0.6122598890852792,0
212.27,-0.02868949829211831,0
212.28,-0.5231567217410462,0
212.29,-0.24573183983621147,0
212.3,0.5306442629916962,0
212.31,-0.30415068782545107,0
212.32,-0.23337189849136464,0
212.33,0.0910265272010033,0
212.34,0.2654495453790029,0
212.35,-0.08831688273595237,0
212.36,0.5081556111302938,0
212.37,0.5526732560125083,0
212.38,0.8563733610536309,0
212.39000000000001,0.28182225487591983,0
212.4,-0.09146017020154157,0
212.41,-0.2752187811197495,0
212.42000000000002,0.2058636115622936,0
212.43,-0.03822400949760055,0
212.44,-0.20150666508254647,0
212.45000000000002,-0.1779596873051219,0
212.46,-0.2974400153633958,0
212.47,0.14275832425541682,0
212.48000000000002,-0.6054347232474135,0
212.49,0.12112752556354797,0
212.5,0.501680647066191,0
212.51,-0.07281235049881951,0
212.52,1.1164486758931622,0
212.53,0.39958887621384825,0
212.54,-0.6204868509474181,0
212.55,-0.1938141303422308,0
212.56,0.09598567660887174,0
212.57,0.3741533140643607,0
212.58,0.06750661535374705,0
212.59,-0.4107678044649756,0
212.6,-0.5747621435004474,0
212.61,-0.3807164330351863,0
212.62,-0.2811822140555621,0
212.63,-0.5636841820128903,0
212.64000000000001,-0.42015163233468933,0
212.65,0.3571583309043704,0
212.66,1.0781318076836088,0
212.67000000000002,0.7828404847082397,0
212.68,1.0021177832504908,0
212.69,0.88026555126888,0
212.70000000000002,0.7747143969656706,0
212.71,0.12476000658246619,0
212.72,0.217192837951706,0
212.73000000000002,-0.058740563294405385,0
212.74,-0.02041859314766936,0
212.75,0.14213853275412058,0
212.76,0.5264684912997064,0
212.77,0.4679794283755511,0
212.78,0.14173570235853183,0
212.79,0.1759237969310152,0
212.8,0.3857220490169757,0
212.81,0.5627408594439198,0
212.82,-0.5573410204937665,0
212.83,-0.6021977929201358,0
212.84,0.5500102517081814,0
212.85,0.215958041694217,0
212.86,-0.06098273922065933,0
212.87,-0.04471217950857834,0
212.88,-0.04076138410052629,0
212.89000000000001,0.39777294163058585,0
212.9,-0.37977999670548845,0
212.91,0.02907725566828788,0
212.92000000000002,0.24915560869179648,0
212.93,0.3841281482436478,0
212.94,0.32552026407708123,0
212.95000000000002,0.4669162590997789,0
212.96,-0.07746119741801774,0
212.97,-0.4101251854888653,0
212.98000000000002,1.3166859219591138,0
212.99,0.27950586468844296,0
213.0,0.08240898181559805,0
213.01,0.4923295441279993,0
213.02,1.0838022605646649,0
213.03,0.09170883036331656,0
213.04,-0.39824591405505794,0
213.05,-0.6503281961689273,0
213.06,0.7965192705316011,0
213.07,-0.2429900718596374,0
213.08,0.03527906197530259,0
213.09,-0.4009252934904171,0
213.1,-0.7608458998038673,0
213.11,-0.23523329186281067,0
213.12,-0.447541998377187,0
213.13,-0.369538869384871,0
213.14000000000001,1.0865923605998118,0
213.15,0.6085680482813836,0
213.16,0.7588224782900467,0
213.17000000000002,0.7394983352280547,0
213.18,0.24178734948103625,0
213.19,-0.06310163226497154,0
213.20000000000002,0.2274003420295755,0
213.21,0.25715760521577913,0
213.22,-0.1280257239189013,0
213.23000000000002,0.14772811566190527,0
213.24,-0.22863520274948065,0
213.25,-0.03789579229738768,0
213.26,-0.07746163941267067,0
213.27,-0.5845300233561984,0
213.28,-1.2876601803758794,0
213.29,-0.7114603081682092,0
213.3,0.8934152694484081,0
213.31,0.1689605465306238,0
213.32,0.5659857626965676,0
213.33,-0.8793380807592421,0
213.34,-0.6462829890160233,0
213.35,-0.7723927666775207,0
213.36,-0.19034666288681804,0
213.37,1.3526653100392618,0
213.38,0.6937271571257682,0
213.39000000000001,1.1868645197447136,0
213.4,0.2716709183147813,0
213.41,0.9052019680804871,0
213.42000000000002,1.4408178470648823,0
213.43,0.4123886458848923,0
213.44,-0.07366133391387786,0
213.45000000000002,-0.6097852344370676,0
213.46,-0.20662909845048125,0
213.47,0.10235010937280124,0
213.48000000000002,1.2175281847856663,0
213.49,-0.2748590354825165,0
213.5,0.073427249810167,0
213.51,-0.8374644163737441,0
213.52,-0.3262788465030075,0
213.53,0.19460451760546563,0
213.54,0.43195667461412013,0
213.55,0.5319933818990276,0
213.56,0.45495036918887366,0
213.57,0.5331447797929805,0
213.58,0.26794762773492636,0
213.59,-0.3807434076144514,0
213.6,-0.9709713561412412,0
213.61,-0.42359470568072155,0
213.62,-0.06731588124920895,0
213.63,0.7611957059166607,0
213.64000000000001,0.24697840982122599,0
213.65,0.06730964680102414,0
213.66,0.3323707005314529,0
213.67000000000002,0.04952983139165709,0
213.68,0.5542441700042597,0
213.69,1.3028369413396588,0
213.70000000000002,1.6025821943391487,0
213.71,0.562517099037777,0
213.72,0.4302217696810277,0
213.73000000000002,1.0585288003244429,0
213.74,0.29494044258141205,0
213.75,0.5455885426122002,0
213.76,-0.35796451410420643,0
213.77,-0.14488146047035128,0
213.78,0.6895851894829992,0
213.79,-0.09994301156371344,0
213.8,0.01693896336750958,0
213.81,-0.7239795377214009,0
213.82,0.9972464340381637,0
213.83,1.0320088822498517,0
213.84,0.4682534789923033,0
213.85,0.4974047057505148,0
213.86,0.44524494998185815,0
213.87,0.9585612940312023,0
213.88,0.07340753889040896,0
213.89000000000001,0.5183478635234331,0
213.9,0.8133780428194186,0
213.91,0.9605683888355379,0
213.92000000000002,-0.8530413079063421,0
213.93,-0.4223928234872434,0
213.94,-0.5383490782958958,0
213.95000000000002,0.05505821724149644,0
213.96,-0.9498669909070881,0
213.97,-1.2168663744958617,0
213.98000000000002,0.9613930303905275,0
213.99,0.6792382640166812,0
214.0,0.34419091808132185,0
214.01,0.3896468842113797,0
214.02,0.2852650602093808,0
214.03,0.7123532152604114,0
214.04,-0.04880693953746337,0
214.05,0.19707172102684295,0
214.06,0.28026317059387496,0
214.07,-0.3775466208566517,0
214.08,0.6955189818948617,0
214.09,0.046399255090948666,0
214.1,0.6632615972805307,0
214.11,0.33685023227554645,0
214.12,1.0639845837420705,0
214.13,-0.17875349400208357,0
214.14000000000001,-0.512548445575661,0
214.15,-0.5006489422138679,0
214.16,0.055616060691967145,0
214.17000000000002,0.9445746790499742,0
214.18,1.1942973123040832,0
214.19,-0.8217993736010387,0
214.20000000000002,0.03728462326809098,0
214.21,-1.591942475895574,0
214.22,0.13513476630027518,0
214.23000000000002,0.738976889819276,0
214.24,0.27303197955270875,0
214.25,0.2226910131120738,0
214.26,0.2045885330487685,0
214.27,-0.25690474265341473,0
214.28,0.2753539855796925,0
214.29,0.05527778623932497,0
214.3,0.6188952789320187,0
214.31,0.20386674509156738,0
214.32,-0.29791465412471196,0
214.33,-0.7827464020699092,0
214.34,-1.0787419965742706,0
214.35,0.5388871622723739,0
214.36,0.0005385129212285844,0
214.37,0.2900334110554582,0
214.38,1.1317275814385732,0
214.39000000000001,0.09279569881899802,0
214.4,-0.20138761591188886,0
214.41,-0.011170005655356197,0
214.42000000000002,0.1224294887157535,0
214.43,1.1453333082736261,0
214.44,1.229716632143385,0
214.45000000000002,0.7475861933516792,0
214.46,1.068269723273502,0
214.47,0.28165911856637266,0
214.48000000000002,0.3392202948871292,0
214.49,0.033718538271660645,0
214.5,-0.569266635135186,0
214.51,0.6082495736738036,0
214.52,0.5446614346503007,0
214.53,0.25523104860549495,0
214.54,0.17192464368252733,0
214.55,-0.6497100399809266,0
214.56,-0.5735561519656674,0
214.57,0.14502587357684313,0
214.58,-0.13612303754145338,0
214.59,-0.04058890857441086,0
214.6,0.043491520281241466,0
214.61,-0.24320392198828092,0
214.62,-0.4668996743494193,0
214.63,-0.8660202069851718,0
214.64000000000001,-0.1851992591502594,0
214.65,0.39245295138526515,0
214.66,-0.6678678994459303,0
214.67000000000002,-0.07047140535221993,0
214.68,0.24139266450348631,0
214.69,-0.3573564713219847,0
214.70000000000002,0.7772731618803739,0
214.71,0.09817287168497141,0
214.72,0.07987035423622602,0
214.73000000000002,0.043327260906222825,0
214.74,-0.8229366957989318,0
214.75,0.44068288354125673,0
214.76,-0.2894657787816764,0
214.77,-0.0891212467744657,0
214.78,0.4051857118144615,0
214.79,0.9884592183753431,0
214.8,-0.21881711730465142,0
214.81,-0.18331271686481856,0
214.82,0.7995079431599053,0
214.83,0.5559601994700776,0
214.84,0.6055413793746477,0
214.85,-0.2992606783780376,0
214.86,-0.16764928752183364,0
214.87,-0.022192633638304954,0
214.88,-0.353319716553189,0
214.89000000000001,-0.8710199841615147,0
214.9,-0.3805466106601192,0
214.91,0.7351259355804924,0
214.92000000000002,0.3243394543598287,0
214.93,0.9219787442559191,0
214.94,0.4348547547154516,0
214.95000000000002,-0.18950544156409554,0
214.96,0.7420049276817438,0
214.97,0.4075660580169291,0
214.98000000000002,0.7230877256279751,0
214.99,-0.2791777984920023,0
215.0,0.5923419417508884,0
215.01,0.8262581925882543,0
215.02,0.4698167117683556,0
215.03,-0.20332987922536205,0
215.04,0.0335859675997143,0
215.05,0.4428396879547947,0
215.06,0.3445252157418799,0
215.07,0.5151168719650407,0
215.08,0.7767129823254516,0
215.09,-0.042275936036959366,0
215.1,-0.5168316288488447,0
215.11,-0.04035356202715362,0
215.12,-0.07685388469720386,0
215.13,0.508101015833356,0
215.14000000000001,-0.33637013086241885,0
215.15,0.5680988070464275,0
215.16,0.97166208260447,0
215.17000000000002,0.35185838875936043,0
215.18,0.2290783632418176,0
215.19,-0.24271714453638146,0
215.20000000000002,-0.24091737419595924,0
215.21,-0.16894592539859563,0
215.22,0.834906103943026,0
215.23000000000002,0.279168094539907,0
215.24,-0.5256072530207927,0
215.25,0.11327681015017055,0
215.26,0.5770302859660714,0
215.27,0.2393966585793933,0
215.28,0.9509176106829239,0
215.29,0.7604297091711223,0
215.3,-0.25995200493008397,0
215.31,-0.250017857553409,0
215.32,0.16658548868225226,0
215.33,-0.7370526259751661,0
215.34,0.10345301676637728,0
215.35,-0.8036581322507625,0
215.36,0.4526719975304321,0
215.37,0.7048842453478716,0
215.38,0.5535848409187953,0
215.39000000000001,-0.11299403259460647,0
215.4,0.17091810978172323,0
215.41,-0.1221456181660889,0
215.42000000000002,-0.4709765861544871,0
215.43,-0.18964268798528738,0
215.44,0.43292312702254,0
215.45000000000002,0.24003495689485707,0
215.46,0.9410231727287627,0
215.47,0.7515099420125548,0
215.48000000000002,0.6470912984998343,0
215.49,-0.5866107531412443,0
215.5,-0.19009450291650343,0
215.51,-0.5059356003645255,0
215.52,-0.1155469144185216,0
215.53,-0.28969957566100635,0
215.54,-0.1651431064405441,0
215.55,0.6321790683451407,0
215.56,0.5194790046264941,0
215.57,0.7745291369683976,0
215.58,-0.5504637801176726,0
215.59,0.0015702178608989203,0
215.6,0.6234981193333496,0
215.61,1.0663197792903643,0
215.62,-0.4495534950344167,0
215.63,-0.1912991671094938,0
215.64000000000001,0.6111924133249089,0
215.65,0.15864666948720674,0
215.66,-0.3369358256396967,0
215.67000000000002,-0.8014426990712622,0
215.68,-0.5973688445815286,0
215.69,-0.940544624409017,0
215.70000000000002,-0.09581833779202906,0
215.71,0.5615360749235779,0
215.72,-0.42296716892098807,0
215.73000000000002,0.13965896905070663,0
215.74,0.5931902404240915,0
215.75,0.25498249173674004,0
215.76,-0.6858903080145766,0
215.77,0.1423024356144729,0
215.78,0.11456619994349365,0
215.79,0.05337756399031578,0
215.8,-0.1697972253194993,0
215.81,0.11182473115990119,0
215.82,0.40749703758482086,0
215.83,1.4830116089491767,0
215.84,0.5385948868195105,0
215.85,1.0473939443297857,0
215.86,0.5603631412709346,0
215.87,0.19507403695256145,0
215.88,0.2358489871208693,0
215.89000000000001,-0.4836936153952654,0
215.9,0.14990779965168544,0
215.91,-0.9154299455070274,0
215.92000000000002,-0.5803317669886267,0
215.93,0.021326324251089046,0
215.94,0.7490711395330522,0
215.95000000000002,1.05701559759115,0
215.96,0.24616244155901076,0
215.97,0.2523314509568234,0
215.98000000000002,0.6951443675047064,0
215.99,-0.42637428692823254,0
216.0,0.2167784005039267,0
216.01,-0.2788699283516676,0
216.02,-0.053414910956664424,0
216.03,-0.15000644499489305,0
216.04,0.30212309946741367,0
216.05,0.4763558744358035,0
216.06,0.7013765787404436,0
216.07,0.46851692762460134,0
216.08,0.31627334693452946,0
216.09,1.174121506006435,0
216.1,-0.4105365247628177,0
216.11,0.9080335443622767,0
216.12,0.18035146806744998,0
216.13,0.45677890638759433,0
216.14000000000001,0.04842834871405925,0
216.15,-0.254374513811072,0
216.16,0.3020950115003003,0
216.17000000000002,0.7381156476045525,0
216.18,0.5440318184011705,0
216.19,-0.045090650360023854,0
216.20000000000002,2.0194831495586882,0
216.21,1.250725809717084,0
216.22,0.9172790108967731,0
216.23000000000002,0.14890135276807673,0
216.24,-0.18816242826448096,0
216.25,-0.08854220830057874,0
216.26,0.6612615856388101,0
216.27,-0.25471871468158247,0
216.28,-0.5250507667879927,0
216.29,0.26353790178199904,0
216.3,0.34332781106323434,0
216.31,-0.21693969888082507,0
216.32,-0.5279043965945326,0
216.33,0.7411769429989512,0
216.34,0.4828213214485028,0
216.35,-0.4980284891262288,0
216.36,-0.7060238668904353,0
216.37,-0.26165207028594367,0
216.38,0.43221013206776393,0
216.39000000000001,0.532262072516728,0
216.4,0.8430578904785506,0
216.41,-0.4755782827788001,0
216.42000000000002,0.10761993803847622,0
216.43,0.8935479647455976,0
216.44,1.040433604391233,0
216.45000000000002,0.5585105936647663,0
216.46,1.4972873797784754,0
216.47,0.8060320200360203,0
216.48000000000002,0.8640388806586161,0
216.49,0.3468985459699171,0
216.5,-0.2219663107679256,0
216.51,-0.4143782637908864,0
216.52,0.10030208003089172,0
216.53,0.01961050841754597,0
216.54,-0.8297771707197633,0
216.55,-0.6465740772667485,0
216.56,-0.224076156870851,0
216.57,0.4383983564460172,0
216.58,0.20814222768121132,0
216.59,0.1207483896521435,0
216.6,-0.38830206547266194,0
216.61,0.022324780093995522,0
216.62,0.8150994486148025,0
216.63,0.3936615507353475,0
216.64000000000001,-0.597257766683712,0
216.65,-0.7087830734401128,0
216.66,0.24335326932138626,0
216.67000000000002,0.048367549436774335,0
216.68,0.07934728607086412,0
216.69,-0.1995068427092288,0
216.70000000000002,0.3251537218988888,0
216.71,0.027971687993499805,0
216.72,0.014534161507422677,0
216.73000000000002,-0.34276673620811293,0
216.74,0.512034321389655,0
216.75,0.11712728904120412,0
216.76,0.4598659643274413,0
216.77,-0.4138098424720884,0
216.78,0.926741285989138,0
216.79,1.0187586079481885,0
216.8,-0.6555315227372204,0
216.81,-0.48414281502276263,0
216.82,0.24010809816096884,0
216.83,-0.5360016329578678,0
216.84,-0.09731893738743574,0
216.85,0.3096132846688441,0
216.86,0.08576344307074543,0
216.87,0.4151112050670342,0
216.88,-0.15873845037118506,0
216.89000000000001,-1.1280974093658547,0
216.9,0.34766606641629616,0
216.91,0.7132381400210909,0
216.92000000000002,1.6182366741988934,0
216.93,-0.6642063967730134,0
216.94,0.34041838837085386,0
216.95000000000002,-0.8566760399142312,0
216.96,0.8278238792599436,0
216.97,0.5733470432977134,0
216.98000000000002,-0.257027640264871,0
216.99,0.4577966631522653,0
217.0,-0.07352274899072817,0
217.01,0.24813186372882512,0
217.02,0.27823106003587417,0
217.03,1.104891816074517,0
217.04,1.3492243413611824,0
217.05,0.12571699592014415,0
217.06,0.7013697981936053,0
217.07,0.4707556628386222,0
217.08,-0.5281794194235095,0
217.09,-0.3963901208348965,0
217.1,1.251389624104493,0
217.11,0.6098107994003509,0
217.12,0.7912500622253648,0
217.13,0.19125718118374307,0
217.14000000000001,-0.13337187862944463,0
217.15,0.08751441161090359,0
217.16,-0.01350695632006818,0
217.17000000000002,-0.692276149028142,0
217.18,-0.6010786985677813,0
217.19,0.33298632939951134,0
217.20000000000002,-0.013215949977777558,0
217.21,0.11663950427981662,0
217.22,0.26050546729121415,0
217.23000000000002,0.3380633785545041,0
217.24,0.8013224321149457,0
217.25,-0.27856471967808155,0
217.26,0.34022335079433863,0
217.27,0.5933055817916681,0
217.28,0.7794840067249171,0
217.29,-0.45141458947547536,0
217.3,0.12897527552451463,0
217.31,1.0522293227852473,0
217.32,0.31637271067823736,0
217.33,0.44265756900274644,0
217.34,0.6323248399005417,0
217.35,-0.28195941133310753,0
217.36,1.012130409187367,0
217.37,0.6250642206923478,0
217.38,0.5389352688097239,0
217.39000000000001,-0.6443528066846566,0
217.4,0.3680221411051869,0
217.41,0.4676599061448534,0
217.42000000000002,1.0878128363559458,0
217.43,0.21213805413466702,0
217.44,-0.3669980647632265,0
217.45000000000002,-0.3491498334793802,0
217.46,-0.25030448339770706,0
217.47,-0.5525139397425791,0
217.48000000000002,0.6548001673163937,0
217.49,0.9766045663162672,0
217.5,0.2457294670961106,0
217.51,-0.041896199552638375,0
217.52,-0.8714665646964158,0
217.53,0.25855835048425,0
217.54,1.0509413576738162,0
217.55,0.029178972020987903,0
217.56,0.05086067216628981,0
217.57,0.34973399463819677,0
217.58,1.1114758404699838,0
217.59,0.48997118103436355,0
217.6,0.33226594108570484,0
217.61,0.2842452061623155,0
217.62,-0.5821479229827612,0
217.63,-0.8103477438873569,0
217.64000000000001,-0.5272311857372541,0
217.65,0.5132191363006988,0
217.66,0.055327769814793065,0
217.67000000000002,-0.1626030465098734,0
217.68,-0.22645732430475,0
217.69,-0.02435293501112598,0
217.70000000000002,1.0058980389749377,0
217.71,0.2764957652622214,0
217.72,-0.24408261992549077,0
217.73000000000002,0.05793331479883314,0
217.74,1.0546222044998177,0
217.75,0.10136400350840141,0
217.76,-0.4981201840145971,0
217.77,-0.2858747409928733,0
217.78,0.1025385499418994,0
217.79,0.49756838935377345,0
217.8,0.7659994537163409,0
217.81,-0.25998983575947576,0
217.82,-0.46597935411534197,0
217.83,-0.18328150816324304,0
217.84,0.4240432510937308,0
217.85,-0.45965565546773846,0
217.86,-0.33301967955663714,0
217.87,-0.29360954730196975,0
217.88,0.5333993827480628,0
217.89000000000001,0.5199396968607732,0
217.9,0.7165042035201777,0
217.91,0.9972616602436069,0
217.92000000000002,0.19177343665713806,0
217.93,-0.4791797766331895,0
217.94,-0.643502225957281,0
217.95000000000002,-1.0345501670358594,0
217.96,-0.3977796976784526,0
217.97,-0.19890472987647184,0
217.98000000000002,0.4748109183599146,0
217.99,0.23283222912316232,0
218.0,-0.09780213398487891,0
218.01,0.01886790194686816,0
218.02,-0.4434962888517457,0
218.03,0.5402525712062624,0
218.04,-0.17841819995271047,0
218.05,-0.546626910923973,0
218.06,0.40391019264838374,0
218.07,0.5117409629016579,0
218.08,-0.6850023900105634,0
218.09,0.3890381543258602,0
218.1,-0.1927096393971604,0
218.11,-0.14246150681680503,0
218.12,0.16890385927217477,0
218.13,0.45953350606683097,0
218.14000000000001,0.45701053612871323,0
218.15,0.19260109512198975,0
218.16,-0.07312412641971419,0
218.17000000000002,0.30608875910889266,0
218.18,0.11830887297298211,0
218.19,1.095809012548388,0
218.20000000000002,0.6910372647480008,0
218.21,-0.21420587811797343,0
218.22,-0.20311956202784764,0
218.23000000000002,0.07963938218674459,0
218.24,0.8166424907419971,0
218.25,1.0603480089793935,0
218.26,0.1588400983357912,0
218.27,-0.35278980251679826,0
218.28,-0.5488045843415967,0
218.29,0.10188824505054903,0
218.3,1.35696495161015,0
218.31,0.7309588836394705,0
218.32,-0.5614593581262749,0
218.33,-0.42238772922344403,0
218.34,-0.3332689750535387,0
218.35,-0.41649392571165844,0
218.36,-0.20613764805353763,0
218.37,0.2497186461121428,0
218.38,0.5301302554314793,0
218.39000000000001,0.8184409780436812,0
218.4,0.5882567767555482,0
218.41,-0.7891151338957418,0
218.42000000000002,-0.6558719624111674,0
218.43,-0.143715643852023,0
218.44,0.14693001717267923,0
218.45000000000002,0.599879547230842,0
218.46,0.2773626184706095,0
218.47,0.20072387681313314,0
218.48000000000002,0.2811804340125848,0
218.49,0.038835206458425225,0
218.5,0.1603104933323139,0
218.51,0.7439393222943742,0
218.52,0.24559985807592485,0
218.53,0.14959525715220193,0
218.54,0.12378212014470436,0
218.55,0.826308565253825,0
218.56,-0.2792634319059265,0
218.57,0.9801060177942063,0
218.58,-0.27723335332683474,0
218.59,-0.31351475344108015,0
218.6,0.42239356590771393,0
218.61,0.7584351920240938,0
218.62,-0.45366299872751153,0
218.63,-0.5911931691296615,0
218.64000000000001,0.10427151842715468,0
218.65,1.3786464027506184,0
218.66,1.112416969845912,0
218.67000000000002,0.25004427577772326,0
218.68,-1.1217160513565576,0
218.69,-0.13292319764228266,0
218.70000000000002,0.263717035679642,0
218.71,-0.03387351641218153,0
218.72,-0.3575291795094042,0
218.73000000000002,0.099342290940169,0
218.74,-0.3730044226005017,0
218.75,1.0078247751517295,0
218.76,1.1635910005379897,0
218.77,0.7451579316948013,0
218.78,0.33794578774048356,0
218.79,-0.16320819237706644,0
218.8,0.051977724271664,0
218.81,0.9898112387863667,0
218.82,0.8138587135471395,0
218.83,0.41573867521569496,0
218.84,0.6997678609219771,0
218.85,0.5692668051083792,0
218.86,0.4571000047897724,0
218.87,0.74019461807866,0
218.88,0.5641028161616848,0
218.89000000000001,0.7019368934333754,0
218.9,0.3651143625826267,0
218.91,0.05961703106591193,0
218.92000000000002,-0.17335886558272529,0
218.93,-0.2950691600298938,0
218.94,-0.8249571594734975,0
218.95000000000002,-0.5882760343885035,0
218.96,-0.5445197914116736,0
218.97,-0.3027388312940283,0
218.98000000000002,0.859819071358497,0
218.99,0.2345846273933852,0
219.0,0.2909160907151164,0
219.01,0.32178529835517433,0
219.02,1.0293763752109018,0
219.03,0.05429524842854211,0
219.04,-0.0014730105628169565,0
219.05,0.04651419285959009,0
219.06,0.7202940421530284,0
219.07,0.9992610850601011,0
219.08,0.6059351179672762,0
219.09,0.9114219559954595,0
219.1,0.4258200057176131,0
219.11,0.1178747173312221,0
219.12,0.7605010083853161,0
219.13,0.5531022958041579,0
219.14000000000001,-0.1501337432319022,0
219.15,0.5968981768288477,0
219.16,0.1414478895233539,0
219.17000000000002,-0.037577035502835865,0
219.18,0.5693813155080549,0
219.19,0.19824151620334918,0
219.20000000000002,0.35988003478432745,0
219.21,0.5456447794384028,0
219.22,-0.1773818465174141,0
219.23000000000002,0.26373579645344325,0
219.24,0.8876937257753594,0
219.25,-0.18432813027639203,0
219.26,0.29659418365320767,0
219.27,-0.264505329512024,0
219.28,0.5808537893229141,0
219.29,0.7871216695241219,0
219.3,0.11110712838368025,0
219.31,1.307480622277156,0
219.32,1.0191688127986223,0
219.33,0.7342214139994709,0
219.34,0.6329761037418955,0
219.35,0.7851501794299329,0
219.36,-0.23101378794184524,0
219.37,0.14877811800945928,0
219.38,0.34413591485614925,0
219.39000000000001,-0.024190719174485675,0
219.4,0.34431682839326294,0
219.41,0.8448272543312656,0
219.42000000000002,0.0894101758177708,0
219.43,0.0961627129489068,0
219.44,-0.31017410085606656,0
219.45000000000002,-0.9264195651561611,0
219.46,0.2859451783746721,0
219.47,0.16050611480789612,0
219.48000000000002,0.16817091587025546,0
219.49,-0.38075960924726493,0
219.5,-0.09130503424707317,0
219.51,0.6638032306526935,0
219.52,0.2690255255413827,0
219.53,0.1854177144793852,0
219.54,0.2594731106986676,0
219.55,-0.4909635737442015,0
219.56,0.3126190058092474,0
219.57,-0.4877321228802776,0
219.58,-0.5197785398529746,0
219.59,-0.5861730307879285,0
219.6,-0.13735878528222667,0
219.61,-0.11955272338067718,0
219.62,0.07192238666239925,0
219.63,-0.36165475752980997,0
219.64000000000001,0.5474758642720795,0
219.65,0.6834283570000299,0
219.66,0.18068805586793318,0
219.67000000000002,-0.10719990044911132,0
219.68,-0.2329706253130728,0
219.69,-0.12106577797905044,0
219.70000000000002,-0.6736239435122886,0
219.71,-0.5771259143318909,0
219.72,0.4160500188089189,0
219.73000000000002,0.3670077201411528,0
219.74,1.0643123980342877,0
219.75,0.20898021554962923,0
219.76,-0.03805710784069452,0
219.77,-0.12453617791977004,0
219.78,-0.09891946771076218,0
219.79,-0.2740154652281169,0
219.8,0.1779522846185017,0
219.81,0.16211461656498657,0
219.82,-0.12890896203291508,0
219.83,0.7361456097426156,0
219.84,1.2961077648050479,0
219.85,1.0473267175095216,0
219.86,0.6610908542521867,0
219.87,0.6729625338584719,0
219.88,1.258849998624765,0
219.89000000000001,0.8215941473241213,0
219.9,-0.004266603753481174,0
219.91,0.3097812866214345,0
219.92000000000002,0.5128735089154618,0
219.93,-0.2995904840303485,0
219.94,-0.12473817179256486,0
219.95000000000002,0.6566900076990241,0
219.96,-0.7050424230670842,0
219.97,-0.7403166840433868,0
219.98000000000002,-0.17719901529045134,0
219.99,0.24585216590819248,0
220.0,-0.5597370113363516,0
220.01,-0.105685037102288,0
220.02,0.6897519841475089,0
220.03,0.3107300872836253,0
220.04,0.6794951094757505,0
220.05,-0.0437513087224676,0
220.06,-0.3405686810449353,0
220.07,0.46857326619581696,0
220.08,0.41543227734024624,0
220.09,-0.4258896736850927,0
220.1,-0.4313427279658845,0
220.11,0.8269463794279904,0
220.12,-0.18405238065902835,0
220.13,0.5531008494272963,0
220.14000000000001,-0.014843309595133358,0
220.15,0.09611237612804074,0
220.16,0.2824052097206018,0
220.17000000000002,-0.946767296630105,0
220.18,-0.9141807519298069,0
220.19,-0.08112858985700669,0
220.20000000000002,-0.30457854665858186,0
220.21,0.5559745154882321,0
220.22,-0.6149361423722931,0
220.23000000000002,0.24865194645636135,0
220.24,-0.5693739102438546,0
220.25,-0.22852084110518975,0
220.26,-0.5226363339027068,0
220.27,0.9837458801016625,0
220.28,-0.366114662544775,0
220.29,-0.055272617283475045,0
220.3,-0.8321805597386395,0
220.31,0.7450024138029998,0
220.32,0.5011492448033629,0
220.33,0.2994133982459761,0
220.34,0.9611414485167011,0
220.35,0.4199389907135212,0
220.36,0.3230416390421951,0
220.37,0.2520175877534524,0
220.38,0.4642497414758028,0
220.39000000000001,-0.04510833765351835,0
220.4,-0.024339649987773437,0
220.41,0.5264811332829229,0
220.42000000000002,0.38034680964179907,0
220.43,0.13524478366664144,0
220.44,-0.6110379913744157,0
220.45000000000002,0.7459646197131427,0
220.46,-0.06481557223711695,0
220.47,0.6104568407451114,0
220.48000000000002,0.3471126146616438,0
220.49,-0.5011451568820628,0
220.5,0.6424603549945596,0
220.51,0.39701401505227785,0
220.52,0.9112001892470959,0
220.53,0.23147043826395425,0
220.54,0.5335902929861451,0
220.55,-0.7044384058625986,0
220.56,-0.34173925666132543,0
220.57,-0.6626145569281798,0
220.58,-0.2645240969379139,0
220.59,0.2858215736370189,0
220.6,-0.14982747543439254,0
220.61,0.5232278439401334,0
220.62,-0.22472999865758503,0
220.63,0.5158576390426137,0
220.64000000000001,0.9270577138371228,0
220.65,0.8720852879183584,0
220.66,0.13529203441590637,0
220.67000000000002,-0.9975113872621649,0
220.68,0.1611720263105379,0
220.69,0.07410751310367353,0
220.70000000000002,-0.4020144718676085,0
220.71,-0.2962735429925677,0
220.72,0.7902627747753997,0
220.73000000000002,-0.3076779404290113,0
220.74,0.2728825897359352,0
220.75,0.2846828666726262,0
220.76,-0.01877812953634475,0
220.77,0.43889532479643995,0
220.78,1.0792862341868537,0
220.79,0.21252145235571349,0
220.8,0.023923882086318404,0
220.81,0.43752915287818567,0
220.82,0.6986364064913714,0
220.83,0.2068887543695372,0
220.84,-0.010681102522666686,0
220.85,-1.0834454316668287,0
220.86,-0.5849980877411785,0
220.87,-0.6528119970716016,0
220.88,0.3015257040081422,0
220.89000000000001,0.04561697231599425,0
220.9,-0.03921161975915935,0
220.91,0.08545806195283426,0
220.92000000000002,-0.34197072312496113,0
220.93,0.8417111172239353,0
220.94,1.001787324073984,0
220.95000000000002,1.2121518258787536,0
220.96,0.7669684221952694,0
220.97,0.2760112517806085,0
220.98000000000002,1.02885084129215,0
220.99,-0.005497761906846449,0
221.0,-0.36541504146896475,0
221.01,-0.31179046886840456,0
221.02,0.30036957766150857,0
221.03,-0.23090515166591116,0
221.04,-0.040637117527027394,0
221.05,-0.7633924276256303,0
221.06,0.16514496241378718,0
221.07,-0.6668526852491707,0
221.08,-0.5633693225982259,0
221.09,0.6070748403819068,0
221.1,0.8800429571656992,0
221.11,0.5190391780779023,0
221.12,0.3762342376237402,0
221.13,-0.0890419416400566,0
221.14000000000001,-0.33422438180525227,0
221.15,-0.17684773731188408,0
221.16,-0.7506909773464918,0
221.17000000000002,0.04634037060403928,0
221.18,0.13714501238189344,0
221.19,-0.3632575692814384,0
221.20000000000002,0.8440800583591708,0
221.21,0.6337192435505326,0
221.22,0.626336439236128,0
221.23000000000002,-0.0034848671877384108,0
221.24,0.09785733361126961,0
221.25,0.457979390672569,0
221.26,0.2952540007897699,0
221.27,1.0262593628306007,0
221.28,0.24739819063177734,0
221.29,-0.10750919511807622,0
221.3,0.4102022824494769,0
221.31,-0.4716209658280503,0
221.32,0.4735931419038337,0
221.33,-0.47501878042730683,0
221.34,0.3205519199969282,0
221.35,-0.16587270199892268,0
221.36,0.3115274762051144,0
221.37,0.660251735709942,0
221.38,0.3459228960393093,0
221.39000000000001,-0.45322193879174794,0
221.4,-0.49175220011672516,0
221.41,-0.41187708994434125,0
221.42000000000002,-1.0130496409320067,0
221.43,0.44621667679120636,0
221.44,0.2692276529251494,0
221.45000000000002,-0.4383792354272979,0
221.46,0.764600359941961,0
221.47,-0.0833549178756767,0
221.48000000000002,0.2115566754349414,0
221.49,-0.28765990410451725,0
221.5,-1.0477932162419612,0
221.51,-0.8896647988537754,0
221.52,-0.36237722440379866,0
221.53,0.4866360902823257,0
221.54,0.40503555621014264,0
221.55,0.2747382209694643,0
221.56,-0.9029310414966696,0
221.57,0.5494074248021091,0
221.58,0.3552234540220923,0
221.59,0.12394571117718137,0
221.6,0.7327552321091075,0
221.61,0.9462180132105887,0
221.62,0.9500873746482301,0
221.63,0.2045921173114744,0
221.64000000000001,-0.3846064309054834,0
221.65,0.5290964004228316,0
221.66,-0.49607414006475853,0
221.67000000000002,1.0115351216746646,0
221.68,0.36634495610130535,0
221.69,-0.3748420112268587,0
221.70000000000002,-0.6512143886127616,0
221.71,-0.7446841473105341,0
221.72,-0.0129543478042142,0
221.73000000000002,0.09180525830185715,0
221.74,-0.5367933112416039,0
221.75,-0.22561668269579996,0
221.76,-0.6864915868226793,0
221.77,0.24056683223646302,0
221.78,0.12941405134665046,0
221.79,-0.07083456757788456,0
221.8,-0.6053689987130026,0
221.81,-0.21290234394655877,0
221.82,-0.1758200981178836,0
221.83,0.22348766032391026,0
221.84,0.2430362264273255,0
221.85,0.5807596208111283,0
221.86,-0.014684194781478643,0
221.87,-0.896246421334117,0
221.88,0.4018687776895806,0
221.89000000000001,-0.29988528858384333,0
221.9,-0.5663465952500054,0
221.91,-0.06647146457776021,0
221.92000000000002,0.2424073040421264,0
221.93,-0.12405256929456712,0
221.94,-0.21987209254011392,0
221.95000000000002,-0.1652102607142673,0
221.96,0.8110272536563917,0
221.97,0.29928198965899255,0
221.98000000000002,-0.3427233116595415,0
221.99,-0.49782458517851236,0
222.0,-0.16017209662951196,0
222.01,0.18449250076582308,0
222.02,0.4017064796718112,0
222.03,0.26437138863036813,0
222.04,-0.28442936474563896,0
222.05,-0.1990869848304093,0
222.06,0.43882308883088117,0
222.07,-0.4028864960874413,0
222.08,-0.25103065659983115,0
222.09,0.3531123727718406,0
222.1,0.6520752660213224,0
222.11,0.15794253536669595,0
222.12,-0.08185958662108889,0
222.13,-0.62692344319661,0
222.14000000000001,0.22078562558924522,0
222.15,0.85506663945004,0
222.16,1.6773540145249388,0
222.17000000000002,0.7226660711937966,0
222.18,0.2510815348988512,0
222.19,-0.3295720901352591,0
222.20000000000002,-0.9854825922428798,0
222.21,-0.054686911731723326,0
222.22,1.3353921139560851,0
222.23000000000002,1.1080045767223625,0
222.24,0.9689939942824948,0
222.25,0.47040246691400694,0
222.26,0.40639992325173346,0
222.27,-1.0918115113052294,0
222.28,0.23040886636717947,0
222.29,-0.15364032071546604,0
222.3,-0.31484919655247995,0
222.31,-0.15362392984030904,0
222.32,-0.13131070324416752,0
222.33,-0.31780250905529683,0
222.34,0.025106760788587645,0
222.35,-0.1938771457465478,0
222.36,0.10208346699467073,0
222.37,-0.66934784381802,0
222.38,-0.18424584299070967,0
222.39000000000001,-0.5328144804574607,0
222.4,-0.37775643436911455,0
222.41,0.07894589482461414,0
222.42000000000002,-0.73745013937705,0
222.43,-0.5253463170979129,0
222.44,0.26861258785258124,0
222.45000000000002,-0.588479731127058,0
222.46,0.8965694673023169,0
222.47,0.9624230141782151,0
222.48000000000002,0.07412211272244473,0
222.49,-0.3038384774539598,0
222.5,0.12840677341589452,0
222.51,-0.6419182405589698,0
222.52,-1.1299079879521996,0
222.53,-0.43032768316143943,0
222.54,-0.08222781014535643,0
222.55,0.12644701221023816,0
222.56,-0.19906279656316017,0
222.57,0.7253305804677102,0
222.58,-0.5182287736015871,0
222.59,-0.6390904758040058,0
222.6,0.19598782059708986,0
222.61,-0.47303325914960376,0
222.62,-0.6609050505605287,0
222.63,-0.0029910895979790852,0
222.64000000000001,-0.46526303879506825,0
222.65,-0.0906870729313991,0
222.66,-0.2988910044474393,0
222.67000000000002,-0.4371318090393169,0
222.68,-1.1323992263018257,0
222.69,-0.11236399227808685,0
222.70000000000002,-0.5958719227266449,0
222.71,-0.14219309330993402,0
222.72,-0.2119142673383531,0
222.73000000000002,-0.06662538628026676,0
222.74,-5.967666957049089e-05,0
222.75,0.19938108874419258,0
222.76,-0.24145197741659782,0
222.77,0.6976548818668065,0
222.78,-0.713175584613353,0
222.79,-0.20276735533066362,0
222.8,0.4908028912114156,0
222.81,0.4727491737363934,0
222.82,-0.3048187216226794,0
222.83,-0.4105176497274158,0
222.84,-0.5426977385048998,0
222.85,0.279497471889129,0
222.86,-0.22812105630515964,0
222.87,0.17484968318699223,0
222.88,0.2804580421323157,0
222.89000000000001,1.4273411146972024,0
222.9,0.6196041601272104,0
222.91,-0.18113230087556467,0
222.92000000000002,-0.7269572566200894,0
222.93,-0.23275552816271974,0
222.94,-0.025743406297433102,0
222.95000000000002,-1.087870512111567,0
222.96,-0.5563016432295884,0
222.97,0.11507151775310653,0
222.98000000000002,-0.1589562735426829,0
222.99,0.571838931011894,0
223.0,-0.591190486964057,0
223.01,0.30837348531078324,0
223.02,0.6594567106642434,0
223.03,0.7698947912297596,0
223.04,-0.5457597247274744,0
223.05,0.1266884051358195,0
223.06,-0.22886746940462044,0
223.07,-0.7104640501496333,0
223.08,-0.30246435036357683,0
223.09,-0.46202032810957266,0
223.1,0.47033295943924047,0
223.11,0.4862911118172889,0
223.12,-0.3966833364444248,0
223.13,-0.3894054888735016,0
223.14000000000001,-0.20466992235719747,0
223.15,0.005667987545999495,0
223.16,0.6327201328969958,0
223.17000000000002,0.6213947125517085,0
223.18,0.27804296350673896,0
223.19,0.026009774073691316,0
223.20000000000002,-0.8425898393290587,0
223.21,0.5726453917896697,0
223.22,0.0003027218472447246,0
223.23000000000002,0.9232963258613699,0
223.24,0.4304500590147894,0
223.25,1.2813159304172936,0
223.26,0.7383621879916111,0
223.27,-0.48288732536348844,0
223.28,-0.35281935631113065,0
223.29,-0.08319747343114145,0
223.3,-0.3910645122151644,0
223.31,-0.2035319714995845,0
223.32,-0.6838166118009696,0
223.33,-0.07292047469873891,0
223.34,0.20316426612364955,0
223.35,-0.3889911304169506,0
223.36,1.030924603456545,0
223.37,0.38645008458313157,0
223.38,-0.24345764775177817,0
223.39000000000001,-0.8338011649924246,0
223.4,-0.08170110452357149,0
223.41,-0.06433993053334658,0
223.42000000000002,0.4956936927467672,0
223.43,0.14233267698510868,0
223.44,-0.505378012084025,0
223.45000000000002,0.8580850367951276,0
223.46,0.54119717315773,0
223.47,0.09464487722278453,0
223.48000000000002,0.20598153367083483,0
223.49,0.398560981705377,0
223.5,-0.5666775938330083,0
223.51,0.03688398296134217,0
223.52,-0.13593292023307812,0
223.53,0.3307015689762996,0
223.54,-0.2169908511719765,0
223.55,-0.2817890636423715,0
223.56,0.9095507944005415,0
223.57,0.9773293364318221,0
223.58,-1.416255477369272,0
223.59,0.35634410152719376,0
223.6,0.14423213177950214,0
223.61,-0.2467285422717074,0
223.62,-0.503715945261185,0
223.63,-0.5370684641549642,0
223.64000000000001,-0.4020810049386332,0
223.65,-0.6065052450503445,0
223.66,-0.7787686951727572,0
223.67000000000002,-0.6545247804417518,0
223.68,0.10277068598627379,0
223.69,0.14652750342189813,0
223.70000000000002,0.42678185640880273,0
223.71,0.1654648070004554,0
223.72,-0.5603961735141092,0
223.73000000000002,0.21727527839631572,0
223.74,-0.38666974520619724,0
223.75,0.3416980156182041,0
223.76,-0.44147167709730994,0
223.77,-0.3824994655971907,0
223.78,-0.19412799901091027,0
223.79,0.404539607216034,0
223.8,0.2887635905524243,0
223.81,0.17672289826139645,0
223.82,1.1422229634073875,0
223.83,-0.5988686461223934,0
223.84,-0.6088793937049337,0
223.85,-0.6342037739222064,0
223.86,-1.007722065006466,0
223.87,-0.5413598556462276,0
223.88,0.32463801169971723,0
223.89000000000001,-0.1402203587116735,0
223.9,-0.11872117003334393,0
223.91,-0.8533551584473351,0
223.92000000000002,-0.5438939822561758,0
223.93,-0.2882451188679383,0
223.94,0.36361522750782854,0
223.95000000000002,-0.7074960350333155,0
223.96,-0.325653635366936,0
223.97,0.590860434677742,0
223.98000000000002,0.004173974029296437,0
223.99,-1.0321096646998802,0
224.0,0.5166128934040083,0
224.01,0.6139222602826744,0
224.02,0.7098520693245858,0
224.03,-0.657799931948588,0
224.04,0.7343255173500576,0
224.05,-0.13489947259397256,0
224.06,-0.21172684816442058,0
224.07,-0.3339168112101295,0
224.08,0.5140429530669454,0
224.09,0.12598281445267084,0
224.1,0.3812370468740096,0
224.11,0.22890274854088838,0
224.12,0.09976221853878794,0
224.13,-0.3861293389496214,0
224.14000000000001,0.9615984890683944,0
224.15,-0.44583067029691914,0
224.16,0.20113660218142454,0
224.17000000000002,0.3438977200329584,0
224.18,0.7937166152356783,0
224.19,1.0306189212472758,0
224.20000000000002,0.2774495333990006,0
224.21,0.4447512023657316,0
224.22,1.1439564615871205,0
224.23000000000002,0.3441675406399375,0
224.24,-0.3890080745203872,0
224.25,-0.20915535746273842,0
224.26,-0.6542432618843073,0
224.27,0.12723626348751446,0
224.28,0.6914370254590441,0
224.29,0.20114394965349,0
224.3,-0.7202127760154391,0
224.31,0.45670735937313395,0
224.32,-0.7390934285570734,0
224.33,-0.9154012894513768,0
224.34,-0.23119843816851338,0
224.35,0.16888417553782448,0
224.36,0.3596578890890146,0
224.37,0.14724391197203499,0
224.38,1.0666232162493303,0
224.39000000000001,0.39386307117570607,0
224.4,0.7419416494078465,0
224.41,0.6970209557572592,0
224.42000000000002,-0.42181518693049963,0
224.43,-0.10343508235571838,0
224.44,1.1972661433572156,0
224.45000000000002,0.12308971623417324,0
224.46,-0.23615320830724817,0
224.47,0.12410851018238506,0
224.48000000000002,-0.12619117157484683,0
224.49,-0.3619626304621384,0
224.5,-0.2556195596215563,0
224.51,0.7909029145929554,0
224.52,0.21715939662852324,0
224.53,-0.560793250731158,0
224.54,-0.8531172841897443,0
224.55,1.0540369548478357,0
224.56,0.23666641698567076,0
224.57,0.3826611839774989,0
224.58,-0.22307839118578365,0
224.59,0.2071841855309532,0
224.6,0.9209335152955758,0
224.61,-0.025151106015466274,0
224.62,0.32987002486585865,0
224.63,-0.5742221336745749,0
224.64000000000001,1.0255871896991284,0
224.65,0.4912724534291043,0
224.66,-0.005162810150857983,0
224.67000000000002,-0.06809732614400224,0
224.68,-0.19684029369056938,0
224.69,-0.2018204311430183,0
224.70000000000002,-1.2620841844110373,0
224.71,-0.27596753467456825,0
224.72,-0.05178305619666723,0
224.73000000000002,0.3389582842542562,0
224.74,-0.1022029091505476,0
224.75,-0.3445293303276441,0
224.76,0.0013280030238528862,0
224.77,-0.7667346547354631,0
224.78,-0.023754268594789962,0
224.79,-0.9058960341812344,0
224.8,0.46190356233139274,0
224.81,0.571351231139343,0
224.82,-0.2589359798438656,0
224.83,0.3787733722661344,0
224.84,0.2454819710208722,0
224.85,-0.3845843378057894,0
224.86,-1.0820449642608123,0
224.87,-0.01066895654918458,0
224.88,-0.33434591934017677,0
224.89000000000001,0.5908029559705431,0
224.9,0.24642898519954226,0
224.91,-0.21971519331276965,0
224.92000000000002,0.993688784681636,0
224.93,0.646580569711067,0
224.94,-1.6936616523719867,0
224.95000000000002,-0.5913055473872604,0
224.96,-0.7937967754467599,0
224.97,-0.5332889109787754,0
224.98000000000002,-0.11934138134522083,0
224.99,0.24973898267564465,0
225.0,0.29262731046422974,0
225.01,0.73814335768099,0
225.02,0.6145031023460651,0
225.03,0.5506299989616051,0
225.04,0.3358655246771584,0
225.05,0.8601133555354173,0
225.06,0.1374562162234187,0
225.07,-0.02940140259814386,0
225.08,-0.9313290310588631,0
225.09,0.4203934657153562,0
225.1,0.1548888195388393,0
225.11,1.6917015938295807,0
225.12,0.2976709374208327,0
225.13,0.2122695887253243,0
225.14000000000001,0.434756301632219,0
225.15,-0.38748080439852395,0
225.16,0.1846746016481829,0
225.17000000000002,0.15520745792601956,0
225.18,-0.03236757387067786,0
225.19,0.7068910457755887,0
225.20000000000002,-0.21405039292744474,0
225.21,0.18336211775168224,0
225.22,0.9109549344903722,0
225.23000000000002,-0.05813300392105156,0
225.24,-0.08223149855521276,0
225.25,1.318778126439494,0
225.26,0.6726779579504342,0
225.27,-0.011070283971572559,0
225.28,0.5149612928628204,0
225.29,-0.08351187736583421,0
225.3,-0.763998494704998,0
225.31,0.6300594773605016,0
225.32,-0.33970138735423583,0
225.33,1.3108742396742579,0
225.34,0.15728276473186434,0
225.35,1.2654847935070783,0
225.36,-0.3223941798152367,0
225.37,0.5555876514307728,0
225.38,0.4950680869142017,0
225.39000000000001,0.6599202937642613,0
225.4,0.7704847174456366,0
225.41,0.017527379891143474,0
225.42000000000002,-0.6026760378230126,0
225.43,-0.08786242572000703,0
225.44,0.18670243419451382,0
225.45000000000002,-0.11472719556693009,0
225.46,0.2089710153031662,0
225.47,0.3175999769701567,0
225.48000000000002,-0.315426652524156,0
225.49,0.22124837322891544,0
225.5,0.002755634985477609,0
225.51,-0.28235779592915394,0
225.52,0.4384077122380133,0
225.53,-0.2145066808264957,0
225.54,-0.20717729187990228,0
225.55,0.07619060817872972,0
225.56,0.8405066507098927,0
225.57,0.4023549847986807,0
225.58,0.4714592261592357,0
225.59,0.04887233424595064,0
225.6,0.05990655669917179,0
225.61,0.07840904397805418,0
225.62,0.2652336898059823,0
225.63,-0.0018949350023293315,0
225.64000000000001,0.802507435790106,0
225.65,0.0912609867563671,0
225.66,-0.7970182535683604,0
225.67000000000002,1.3506879336110769,0
225.68,0.25261756176825156,0
225.69,0.8517186611568338,0
225.70000000000002,1.0502595502890493,0
225.71,0.8551282526640152,0
225.72,0.19750321011766692,0
225.73000000000002,0.2911973158082833,0
225.74,-0.5167963547686559,0
225.75,1.0197246657559424,0
225.76,-0.10961142764283333,0
225.77,-0.07356587943390484,0
225.78,0.12334457506235647,0
225.79,0.0626170091773553,0
225.8,-0.245183531344293,0
225.81,0.7701831622511417,0
225.82,0.7875213981438427,0
225.83,0.4572742668549823,0
225.84,-0.009591062833814695,0
225.85,0.6532070371326029,0
225.86,0.004770260279585367,0
225.87,0.9262698771445471,0
225.88,0.37955883519407063,0
225.89000000000001,0.8385279212218788,0
225.9,0.23772882121382077,0
225.91,0.18621022670094386,0
225.92000000000002,0.7877904008137243,0
225.93,1.4539218594194283,0
225.94,1.283036476644337,0
225.95000000000002,0.8764437894211807,0
225.96,0.6214785736370825,0
225.97,-0.02607109889352538,0
225.98000000000002,0.2392035653547526,0
225.99,-0.337955029510669,0
226.0,0.20407717606367903,0
226.01,0.373784266161592,0
226.02,-0.8623767391509627,0
226.03,-0.10659447766108789,0
226.04,0.2826306533608576,0
226.05,0.11439673312977161,0
226.06,0.3075640354329673,0
226.07,-0.5493583795596166,0
226.08,-0.46227601023347026,0
226.09,0.523784339976722,0
226.1,0.21943651965310365,0
226.11,0.3240163168822303,0
226.12,-0.12190437253770078,0
226.13,0.06801210464812878,0
226.14000000000001,-1.120818947752693,0
226.15,0.25838058410842196,0
226.16,1.1154108130020282,0
226.17000000000002,-0.20030528380413198,0
226.18,-0.46286139067018345,0
226.19,0.20701721043397495,0
226.20000000000002,0.9245689561493384,0
226.21,0.3179209141324835,0
226.22,-0.4873058094631797,0
226.23000000000002,-0.1450798742441883,0
226.24,-0.49692896619622084,0
226.25,-0.39262685890324384,0
226.26,-0.1723062494751157,0
226.27,-0.4502381117043108,0
226.28,-0.43911175349165704,0
226.29,0.0175974385085685,0
226.3,0.2065703206897524,0
226.31,-0.6190468566207955,0
226.32,0.14392913652475764,0
226.33,-0.0798339342244601,0
226.34,0.451156522354914,0
226.35,0.6159552858908919,0
226.36,-0.04850143903797277,0
226.37,0.4024003383452576,0
226.38,-0.2576647263412816,0
226.39000000000001,0.7279507864619189,0
226.4,-0.15619011037733183,0
226.41,0.23616770240392032,0
226.42000000000002,0.046470366402422345,0
226.43,-0.44260436553563554,0
226.44,0.45640169794614766,0
226.45000000000002,-0.12568972675662357,0
226.46,-0.8495408352543445,0
226.47,-1.6599557057043481,0
226.48000000000002,-0.7938047430492874,0
226.49,0.6214179731654255,0
226.5,0.9122671659251759,0
226.51,-0.06751634467518353,0
226.52,-0.12922054877288872,0
226.53,-0.1928456188150796,0
226.54,-0.671295747382383,0
226.55,-0.5861219799551753,0
226.56,0.4629276070446749,0
226.57,0.4710044590101884,0
226.58,0.35008814606570365,0
226.59,-0.5366098836722519,0
226.6,0.00632924766121036,0
226.61,-1.1384695038007495,0
226.62,0.2510045069528235,0
226.63,0.28722415361092585,0
226.64000000000001,-0.5578318195211054,0
226.65,0.8080643460711399,0
226.66,-0.6678130843974476,0
226.67000000000002,0.20211816015778597,0
226.68,0.4328157232707475,0
226.69,-0.4653536192594013,0
226.70000000000002,-0.04991169569676902,0
226.71,-0.7975899334539968,0
226.72,-1.628662676355951,0
226.73000000000002,-0.8893451183828832,0
226.74,-0.4642356534986737,0
226.75,0.31347817192336647,0
226.76,0.20068755953452128,0
226.77,0.18638181940654508,0
226.78,-0.4072532702198836,0
226.79,-0.29772367520426557,0
226.8,-0.483337453845444,0
226.81,-0.6868912343925343,0
226.82,-0.40163095892570055,0
226.83,0.02550319491108892,0
226.84,-0.21237115456402095,0
226.85,-0.13919338698731953,0
226.86,0.4214169522451717,0
226.87,-0.07519370911652756,0
226.88,-0.6430885090025845,0
226.89000000000001,0.22535352439458167,0
226.9,0.2839521731816572,0
226.91,0.33202296116066154,0
226.92000000000002,0.5022716812959699,0
226.93,0.45470307688526557,0
226.94,0.21490490701061687,0
226.95000000000002,1.4131616909464784,0
226.96,-0.2451253524100095,0
226.97,-0.2877212645613258,0
226.98000000000002,0.5290297989500987,0
226.99,0.2939827483224755,0
227.0,0.5628820262226981,0
227.01,0.31685996663556815,0
227.02,0.8966592050771799,0
227.03,-0.22668696180401074,0
227.04,0.7438911716059022,0
227.05,0.8951979077462893,0
227.06,-0.3351213531503555,0
227.07,0.33764441009189816,0
227.08,0.1470364969987739,0
227.09,-0.20074903506026937,0
227.1,-0.970452914379968,0
227.11,-0.6954441123817737,0
227.12,0.28866901959582647,0
227.13,0.5909741878185112,0
227.14000000000001,0.12091298763634994,0
227.15,0.5506541694796874,0
227.16,0.726372749127549,0
227.17000000000002,0.3492416954450619,0
227.18,-0.2120880383657028,0
227.19,0.2670967894493406,0
227.20000000000002,0.41132497175386,0
227.21,0.546916935497864,0
227.22,0.6827458132934752,0
227.23000000000002,-0.46958299592116615,0
227.24,-0.3038476115839858,0
227.25,-1.0019689490529238,0
227.26,0.23235736981452726,0
227.27,0.0300461674242221,0
227.28,0.32192756963794844,0
227.29,-0.6204044261558078,0
227.3,0.6759072936953915,0
227.31,-0.3821418820763049,0
227.32,0.4018278852896804,0
227.33,0.24812287337362454,0
227.34,0.045971199206794405,0
227.35,-0.04757940401161613,0
227.36,-0.2669161813298879,0
227.37,0.7077503222849342,0
227.38,0.26836825737339975,0
227.39000000000001,-0.5241271046364393,0
227.4,-0.2508460427577367,0
227.41,0.09026366326676505,0
227.42000000000002,0.5852810139924152,0
227.43,-0.0910868235859401,0
227.44,-0.2246104174110393,0
227.45000000000002,0.040844082809766744,0
227.46,0.5598307478890446,0
227.47,-0.5044900492657272,0
227.48000000000002,0.22743084899682842,0
227.49,-0.1058657312472351,0
227.5,-0.11486005764136767,0
227.51,1.1215446365942263,0
227.52,0.26008140119638284,0
227.53,0.5512152858121576,0
227.54,0.6049166002484928,0
227.55,-0.39293739065614713,0
227.56,-0.9967621771898498,0
227.57,0.27219282286880203,0
227.58,-0.42482493850032316,0
227.59,-0.9083170519682905,0
227.6,0.4034852847392282,0
227.61,-0.35794044854565127,0
227.62,-0.41683719710391065,0
227.63,1.0312263941317876,0
227.64000000000001,-0.5420766631723316,0
227.65,-0.7205796838108166,0
227.66,-0.34102257146952913,0
227.67000000000002,-0.12930132172900377,0
227.68,-0.4244048746807037,0
227.69,-0.6392828394127372,0
227.70000000000002,0.7281191655998573,0
227.71,0.4058655966677464,0
227.72,0.4968474855926416,0
227.73000000000002,0.1348644394153075,0
227.74,0.27156253617238507,0
227.75,0.6483667466296377,0
227.76,-0.2848278436203465,0
227.77,0.15344393929232814,0
227.78,0.49261605208933634,0
227.79,1.0293726287272627,0
227.8,1.3781949224006205,0
227.81,0.46525435017379363,0
227.82,0.8061533107685366,0
227.83,-1.1369741616485056,0
227.84,0.6258192662300923,0
227.85,-0.14671475295784903,0
227.86,-0.0817110045206237,0
227.87,0.29780799623467213,0
227.88,0.07604211573680825,0
227.89000000000001,0.20690394074451457,0
227.9,0.9804749418626846,0
227.91,0.12372604753846105,0
227.92000000000002,-0.464704221897347,0
227.93,0.932718212726477,0
227.94,0.5968323890139017,0
227.95000000000002,1.255971795796416,0
227.96,0.8569814540757678,0
227.97,-0.40756868939613317,0
227.98000000000002,0.3248158378302788,0
227.99,-0.3597937102491511,0
228.0,-0.0030300507129405047,0
228.01,0.0418539301604674,0
228.02,-0.7680960863555442,0
228.03,-0.5419995365133308,0
228.04,1.1216860009370753,0
228.05,0.49018316563747477,0
228.06,0.1118232603798834,0
228.07,1.0761435603407696,0
228.08,0.1407577729383182,0
228.09,0.06920727263522092,0
228.1,0.6276128587494699,0
228.11,0.026142156024064292,0
228.12,-0.3083969568537833,0
228.13,-1.1947165953443262,0
228.14000000000001,-0.7148389894795878,0
228.15,-0.5999731627522829,0
228.16,0.016949898817949408,0
228.17000000000002,-0.23838104487299946,0
228.18,1.1720689958382131,0
228.19,-0.18779310914842354,0
228.20000000000002,0.7813308118965107,0
228.21,0.3947154139632841,0
228.22,0.6106420606019499,0
228.23000000000002,0.6322409332084016,0
228.24,-0.9409584962175558,0
228.25,-0.15915097115798643,0
228.26,-0.0972215428641065,0
228.27,-0.5454731541571879,0
228.28,0.19055275051208576,0
228.29,1.0438813559683044,0
228.3,-1.0804021993899542,0
228.31,-0.4726574557643157,0
228.32,-0.6995407098689735,0
228.33,-0.05465198451549377,0
228.34,-0.10508785988787651,0
228.35,-0.2668655221942744,0
228.36,0.3823921058754581,0
228.37,1.0488149286875856,0
228.38,1.761313283753043,0
228.39000000000001,0.12828437771563656,0
228.4,-0.8558037909717539,0
228.41,0.16561718195773778,0
228.42000000000002,0.9807913299811681,0
228.43,0.7602344544404827,0
228.44,1.1271838813697832,0
228.45000000000002,0.2433761219683992,0
228.46,-0.18214525677491772,0
228.47,0.09753874645820015,0
228.48000000000002,-0.07007435025797744,0
228.49,0.41714528778924037,0
228.5,0.7022355463183965,0
228.51,0.815184842053416,0
228.52,0.5571600391062695,0
228.53,0.3516250483667308,0
228.54,0.5923631694344876,0
228.55,-0.8159040744474941,0
228.56,-0.010501531476479573,0
228.57,0.10662987220393443,0
228.58,0.22140980637718252,0
228.59,0.08994002433327804,0
228.6,0.3336841182992393,0
228.61,-0.14138375332523562,0
228.62,0.6473271999698615,0
228.63,0.49519975050318343,0
228.64000000000001,0.28514884316329453,0
228.65,-0.21909093991114104,0
228.66,0.46045678730010164,0
228.67000000000002,0.3061829154975448,0
228.68,-0.24479005842967205,0
228.69,-0.010415504420256655,0
228.70000000000002,0.4133315899584755,0
228.71,0.47796258229695254,0
228.72,0.45970794466625303,0
228.73000000000002,0.24504159658706504,0
228.74,0.688354304812041,0
228.75,0.9120381696025963,0
228.76,0.7014096443566309,0
228.77,-0.05676576483866691,0
228.78,-0.4969557951986712,0
228.79,-0.33324482064695754,0
228.8,1.0377114376788306,0
228.81,0.4900429065481719,0
228.82,1.3354883334359662,0
228.83,0.3504050900868,0
228.84,0.030287121045383628,0
228.85,0.048617680467678656,0
228.86,0.043522451689070527,0
228.87,-0.32069141359904674,0
228.88,-0.6115803446006061,0
228.89000000000001,0.19444930946410482,0
228.9,0.6907194076158838,0
228.91,1.55502409154177,0
228.92000000000002,0.23806453059359997,0
228.93,-0.04803914834521594,0
228.94,-0.3425000888516007,0
228.95000000000002,0.594051181895928,0
228.96,0.6626792689323187,0
228.97,-0.221201530979335,0
228.98000000000002,-0.4556552127341428,0
228.99,0.47340147455886805,0
229.0,0.40245364363679775,0
229.01,0.5844901257156342,0
229.02,-0.24400456476362992,0
229.03,-0.9810073778746478,0
229.04,-0.6312829992439813,0
229.05,0.28832791909562405,0
229.06,1.2761534860730632,0
229.07,0.17016259964791558,0
229.08,1.334313074730284,0
229.09,0.8552556467413122,0
229.1,-0.44828561606181955,0
229.11,0.08161844905898691,0
229.12,0.5601806996629858,0
229.13,-1.0719604526379152,0
229.14000000000001,0.15482227964045572,0
229.15,0.7428103810929244,0
229.16,0.47767342681621255,0
229.17000000000002,0.16607915871634787,0
229.18,0.02892981273056454,0
229.19,-0.03648532788015206,0
229.20000000000002,-0.5559325057712425,0
229.21,-0.4257043331730095,0
229.22,-0.24889768719478234,0
229.23000000000002,0.07756464834355606,0
229.24,-0.19781303761805696,0
229.25,-0.43300600056026245,0
229.26,0.37561232364258695,0
229.27,0.37049705583479087,0
229.28,-0.11533558064611653,0
229.29,0.31994596038836626,0
229.3,-0.08219743861137344,0
229.31,0.09214344529435822,0
229.32,0.6213594476440224,0
229.33,-0.0871254038869636,0
229.34,-0.5671138716912816,0
229.35,-0.14007999654303047,0
229.36,-0.6821555863261156,0
229.37,-0.23936267172010123,0
229.38,-0.13039290966612282,0
229.39000000000001,-1.2657299117178482,0
229.4,0.04498603850465632,0
229.41,-0.0072358770708738085,0
229.42000000000002,0.7063685804812537,0
229.43,0.37011630338471313,0
229.44,0.5629820354915815,0
229.45000000000002,0.8531682352323073,0
229.46,0.22180294595708822,0
229.47,0.13363690236020664,0
229.48000000000002,-0.7259637423048354,0
229.49,0.5571704102782351,0
229.5,0.1402370973811963,0
229.51,-0.4220245386502521,0
229.52,0.3668948676394614,0
229.53,-0.9906441811424956,0
229.54,-0.39785275346592064,0
229.55,0.46262593524949996,0
229.56,-0.03909473113067609,0
229.57,-0.31377175642829475,0
229.58,-0.2217698293334185,0
229.59,-1.047540830768252,0
229.6,0.197361505513986,0
229.61,0.06209800378919006,0
229.62,-0.051329666591027695,0
229.63,-0.0777701457152932,0
229.64000000000001,0.06616270307816427,0
229.65,0.44259580527589487,0
229.66,0.16096946434984627,0
229.67000000000002,-0.6068614085359268,0
229.68,0.2327523148929012,0
229.69,0.40164848878871184,0
229.70000000000002,0.2877863958034112,0
229.71,0.7224437691336226,0
229.72,0.2746513653464663,0
229.73000000000002,0.738341830930008,0
229.74,1.0117763364959338,0
229.75,0.6408170209268482,0
229.76,-0.16035656214376015,0
229.77,-0.032027631440323306,0
229.78,0.7294063867398803,0
229.79,-0.5375398214166465,0
229.8,-0.26549662721351924,0
229.81,-0.17142825693246594,0
229.82,-0.4260561390656749,0
229.83,0.435850046116099,0
229.84,0.3871243713123671,0
229.85,-0.2044187018933592,0
229.86,0.34878533017235464,0
229.87,0.08023639301363279,0
229.88,-0.37662935571187744,0
229.89000000000001,-0.39647078835555455,0
229.9,0.21040475443779066,0
229.91,0.6299360962221439,0
229.92000000000002,-0.02448894161127385,0
229.93,0.36102936405113384,0
229.94,1.0097836940135896,0
229.95000000000002,-0.34079126240945723,0
229.96,0.1813337541623582,0
229.97,0.5647807989604291,0
229.98000000000002,0.16758763656876252,0
229.99,0.7783584795231789,0
230.0,1.4425490097248863,0
230.01,0.6204563849408141,0
230.02,0.10765872228214837,0
230.03,0.6241008608722648,0
230.04,0.6813340096788871,0
230.05,-1.0941861618991409,0
230.06,-0.19818779336447756,0
230.07,-0.18290052256263456,0
230.08,0.24228815158840444,0
230.09,0.034164705197911704,0
230.1,0.03987340432342558,0
230.11,-0.3730623758931477,0
230.12,0.37452649307441266,0
230.13,1.0515982390419412,0
230.14000000000001,-0.11194830882019825,0
230.15,-0.6954318550112004,0
230.16,-0.08670042180694168,0
230.17000000000002,0.03953876887809611,0
230.18,0.7098905411520753,0
230.19,-0.40070516728152206,0
230.20000000000002,-0.310275707189685,0
230.21,-1.1449470094924887,0
230.22,0.522308805722278,0
230.23000000000002,0.3402882307934734,0
230.24,-0.08546626969900155,0
230.25,-0.6492978573697284,0
230.26,-0.7414026587218017,0
230.27,0.11142346886841907,0
230.28,-0.4857557586704979,0
230.29,0.010047583241778957,0
230.3,1.1665206984862682,0
230.31,0.18256500659787395,0
230.32,-0.3903555503720649,0
230.33,0.1818183431374898,0
230.34,-0.5313790175596217,0
230.35,0.8590199324896447,0
230.36,1.0381129358339327,0
230.37,0.24795080718850537,0
230.38,-0.340034097858296,0
230.39000000000001,-0.23595889823921215,0
230.4,-0.14068634766284155,0
230.41,0.24481578200912202,0
230.42000000000002,0.6905377616104924,0
230.43,-0.3036834174165629,0
230.44,0.5380543050282666,0
230.45000000000002,0.539051732541821,0
230.46,-0.06008544501409242,0
230.47,-0.5181977283170404,0
230.48000000000002,0.00785312792985289,0
230.49,-0.4868317941931851,0
230.5,0.4988797905600611,0
230.51,-0.3983770248457872,0
230.52,0.26745727410831505,0
230.53,0.09928047467341133,0
230.54,-0.1984166624569745,0
230.55,-0.029081364132840987,0
230.56,0.6431114015607746,0
230.57,-0.3989200525161446,0
230.58,-0.24402828619952985,0
230.59,-0.38617893700206385,0
230.6,-0.041983229479276477,0
230.61,-0.30001757650913985,0
230.62,-0.9415065811760528,0
230.63,-0.7222428073233347,0
230.64000000000001,0.7666016379839237,0
230.65,0.39801037929711475,0
230.66,0.2875297481234768,0
230.67000000000002,-0.0037133673627768315,0
230.68,0.04645289727736571,0
230.69,-0.14243482266389537,0
230.70000000000002,0.31980955578563064,0
230.71,0.2084152379789647,0
230.72,-0.49689085968297375,0
230.73000000000002,0.08560970778916557,0
230.74,-1.213280741296015,0
230.75,-0.0082738343125313,0
230.76,-0.6779805871949499,0
230.77,-0.14605958555787618,0
230.78,-0.5981396364312205,0
230.79,-0.0735067000397912,0
230.8,0.3640699773607261,0
230.81,0.9657870246533385,0
230.82,-0.5049510712440034,0
230.83,0.4676335147867766,0
230.84,0.26111758078640274,0
230.85,-0.10038279233605463,0
230.86,0.4538567451130917,0
230.87,0.06209614544690374,0
230.88,0.47187268910651625,0
230.89000000000001,-0.33624387086887564,0
230.9,-0.3469795402611552,0
230.91,0.4898981098367832,0
230.92000000000002,0.9876134468512521,0
230.93,0.3023265678401212,0
230.94,-1.334700849730403,0
230.95000000000002,-0.3656608968079329,0
230.96,-0.00016405272785458003,0
230.97,-0.050049865906496474,0
230.98000000000002,0.24051886028755795,0
230.99,-0.11995438994301696,0
231.0,0.4905949088495799,0
231.01,-0.4248439319981791,0
231.02,0.6262457336788241,0
231.03,1.0557921973961761,0
231.04,-0.14856122745739436,0
231.05,-0.44996923892488017,0
231.06,0.17988049840260067,0
231.07,-0.513635513382122,0
231.08,-0.3171382904752983,0
231.09,0.581416731623982,0
231.1,0.6116905440981322,0
231.11,1.2809495963950173,0
231.12,0.48465654368458555,0
231.13,-0.13069015858327773,0
231.14000000000001,0.06802275025632619,0
231.15,0.010186266102410205,0
231.16,0.003167114608205207,0
231.17000000000002,0.06142531787851244,0
231.18,-0.40756457409852576,0
231.19,0.12164523857022991,0
231.20000000000002,-0.6465381852096815,0
231.21,-0.4701888667970435,0
231.22,-0.10770547310309188,0
231.23000000000002,-1.15710142311917,0
231.24,0.193324119005798,0
231.25,-0.9719938813432147,0
231.26,0.18660044989065883,0
231.27,-0.568828724780193,0
231.28,-0.28488529100248194,0
231.29,0.2781570858847625,0
231.3,1.313016722710842,0
231.31,0.46312740903625954,0
231.32,-0.8672103468506458,0
231.33,0.36386744909639157,0
231.34,0.04022360228753451,0
231.35,0.12001276011837902,0
231.36,0.39978163830471,0
231.37,-1.012482338332952,0
231.38,-0.1770074959105229,0
231.39000000000001,-0.18982870181446446,0
231.4,0.6757801233736954,0
231.41,0.6286934882232084,0
231.42000000000002,-0.6367600861841052,0
231.43,0.5856726201563723,0
231.44,0.45824356574143305,0
231.45000000000002,-0.6369947193155633,0
231.46,-0.057185636009481886,0
231.47,0.6091250105189019,0
231.48000000000002,-0.4219322644272668,0
231.49,0.7004004654340549,0
231.5,-0.5581853765256216,0
231.51,-0.4886926024075975,0
231.52,-0.5521075234855394,0
231.53,0.6673838215238256,0
231.54,-0.022524965164957236,0
231.55,-0.5527923349180035,0
231.56,0.17093972046818956,0
231.57,0.4668518449316413,0
231.58,0.5441816043817591,0
231.59,0.06349731174132077,0
231.6,0.22333976655263765,0
231.61,-0.21855272951095756,0
231.62,0.9091043937955923,0
231.63,0.9084247062265438,0
231.64000000000001,0.8756052425240876,0
231.65,0.7135497702455014,0
231.66,0.5268848212877834,0
231.67000000000002,-0.4592572185215441,0
231.68,0.29409662486506005,0
231.69,0.20599743640798168,0
231.70000000000002,0.795875528536959,0
231.71,0.7005056160356485,0
231.72,0.539748242069952,0
231.73000000000002,-0.6904798285293872,0
231.74,-0.14855651077150545,0
231.75,-0.2628097954132536,0
231.76,0.14008512387530392,0
231.77,-0.114911754799606,0
231.78,-0.10435052241687938,0
231.79,0.2896595422442433,0
231.8,-0.08645123209808532,0
231.81,0.11436878895487401,0
231.82,-0.7093511450580272,0
231.83,-0.549456736118044,0
231.84,0.2831334074369005,0
231.85,-0.513238835908289,0
231.86,0.6061483134121438,0
231.87,0.7414717170013833,0
231.88,0.11352582422255943,0
231.89000000000001,1.6962798295239905,0
231.9,1.1570003454604687,0
231.91,-0.14537363567750378,0
231.92000000000002,0.43188865341112903,0
231.93,0.2138817273727242,0
231.94,-0.289353896270815,0
231.95000000000002,-0.5713335198737292,0
231.96,0.45771862180062683,0
231.97,-0.13329407149140404,0
231.98000000000002,-0.016905971314288684,0
231.99,-0.42406794037820045,0
232.0,-0.4338331548578538,0
232.01,-0.10548130649327914,0
232.02,0.25088862849367105,0
232.03,-1.2451650617310575,0
232.04,-0.23180875869008305,0
232.05,-0.38484884614155623,0
232.06,0.721001258272764,0
232.07,1.8177426084779535,0
232.08,0.3334467168144924,0
232.09,-0.7634789723857417,0
232.1,-0.05835505874397148,0
232.11,-0.0537466574116094,0
232.12,1.1065842919323021,0
232.13,1.2343377591815428,0
232.14000000000001,0.8395681075108168,0
232.15,-0.03243536710273463,0
232.16,0.42290040670146967,0
232.17000000000002,0.3168918225066,0
232.18,0.2777443681412166,0
232.19,-0.6904010619517869,0
232.20000000000002,0.46278503009386107,0
232.21,0.24301665640463438,0
232.22,0.07692803025842045,0
232.23000000000002,-0.23053026692573828,0
232.24,-0.41045235905278377,0
232.25,0.13611394900613433,0
232.26,-0.8277198928595171,0
232.27,0.2832150313524998,0
232.28,-0.42086867907120856,0
232.29,-1.131894601250507,0
232.3,0.7568589617538516,0
232.31,-0.1981709424202116,0
232.32,-0.3645753650123065,0
232.33,0.5825469758893436,0
232.34,1.202662349257809,0
232.35,-0.4462692368659921,0
232.36,-0.5513513468617527,0
232.37,-0.5385196497341824,0
232.38,0.432527234329707,0
232.39000000000001,1.0503363256962452,0
232.4,-0.2434129102267665,0
232.41,0.761790589804197,0
232.42000000000002,-0.11792930201130457,0
232.43,0.21869019402108725,0
232.44,-0.5532795268125328,0
232.45000000000002,-0.13414379344003796,0
232.46,-0.023632525003628835,0
232.47,-0.104699650834918,0
232.48000000000002,0.24784357458045297,0
232.49,-0.40534411490619915,0
232.5,-0.5030089263836794,0
232.51,0.17633745790382288,0
232.52,0.8276392565953322,0
232.53,0.2636010045603597,0
232.54,0.40292940888231005,0
232.55,0.5732098273830829,0
232.56,0.6543153208260941,0
232.57,-0.275500629660109,0
232.58,-0.413988021542397,0
232.59,-0.4023471802292231,0
232.6,0.9950838475504137,0
232.61,0.5879732142149104,0
232.62,0.4622632294563121,0
232.63,0.37910359550632355,0
232.64000000000001,-0.5401223862161095,0
232.65,0.9655611241318514,0
232.66,0.5649778983059665,0
232.67000000000002,0.5947224060488124,0
232.68,-0.7231856257437926,0
232.69,0.30269372419214313,0
232.70000000000002,-0.04575361809880642,0
232.71,-0.6476320058524976,0
232.72,-0.601619552099531,0
232.73000000000002,-0.755838141699162,0
232.74,-0.8034210455570504,0
232.75,-0.100511463175836,0
232.76,-0.16302648000146067,0
232.77,0.20517949381907563,0
232.78,1.0118096693668983,0
232.79,0.2519519710492048,0
232.8,-1.064563559892411,0
232.81,-0.3270949293785448,0
232.82,0.6216142310014772,0
232.83,0.17746733829093667,0
232.84,0.9265849906572062,0
232.85,0.540615479118451,0
232.86,-0.7760614642123697,0
232.87,-0.06796480342127967,0
232.88,0.2088327226658528,0
232.89000000000001,0.6951620725550159,0
232.9,1.2104035521653362,0
232.91,0.8535552706213301,0
232.92000000000002,0.5154844839015363,0
232.93,0.5564559220240293,0
232.94,0.11710124169264967,0
232.95000000000002,-0.6823357908019473,0
232.96,-0.08109692153586247,0
232.97,0.24161066470468262,0
232.98000000000002,-0.5132664416605643,0
232.99,0.6454430974714397,0
233.0,0.7640305210394424,0
233.01,-0.4722846465656129,0
233.02,0.6764675867344224,0
233.03,0.07207958007114766,0
233.04,-0.3294373656736315,0
233.05,0.5594768981423526,0
233.06,0.17972976746092206,0
233.07,1.1233302502019817,0
233.08,-0.10637966701229491,0
233.09,-0.8818169159415672,0
233.1,-0.30288497322984925,0
233.11,0.4114459418455934,0
233.12,-0.3240304917841914,0
233.13,-0.7225227203515114,0
233.14000000000001,0.008057284376367685,0
233.15,-0.7107087298613487,0
233.16,0.05235525738141597,0
233.17000000000002,-0.10163133108234493,0
233.18,0.30455243984497854,0
233.19,-0.5941941703758313,0
233.20000000000002,0.609340142207518,0
233.21,0.12139963205742098,0
233.22,0.503455313586515,0
233.23000000000002,0.7034997973671564,0
233.24,-0.3740709751530602,0
233.25,0.44271547928575006,0
233.26,-0.5818535708661909,0
233.27,-0.808778440038678,0
233.28,0.9100014192965353,0
233.29,0.8858644364208592,0
233.3,1.3919940319911852,0
233.31,0.21704094884627978,0
233.32,0.17496725725513057,0
233.33,0.39070262814658097,0
233.34,0.15727261506600188,0
233.35,-0.29196834785008174,0
233.36,-0.4841658739935599,0
233.37,0.05883622193066897,0
233.38,-0.4874772069789058,0
233.39000000000001,-0.6390028574586853,0
233.4,0.1157256709052527,0
233.41,0.044106762135216984,0
233.42000000000002,0.5759386870618287,0
233.43,-0.016513357651076768,0
233.44,-0.24791975126487778,0
233.45000000000002,0.22929058714410716,0
233.46,-0.3094301909001224,0
233.47,-0.3621891728889649,0
233.48000000000002,-0.35428591788490743,0
233.49,-0.1346695773565273,0
233.5,0.9757586639627701,0
233.51,-0.4237421441955391,0
233.52,0.6494400977131245,0
233.53,0.6206951870719266,0
233.54,1.0550484405937854,0
233.55,1.9995265954817756,0
233.56,1.3275149837673124,0
233.57,0.8901286571217096,0
233.58,-0.41115322791136427,0
233.59,-0.669262849744731,0
233.6,0.08969426261304718,0
233.61,-0.8167003212308911,0
233.62,0.18869486452256945,0
233.63,-1.0246550744203866,0
233.64000000000001,0.4224987705757909,0
233.65,-0.0006689646862279436,0
233.66,0.13223856118220034,0
233.67000000000002,-0.3005211101277947,0
233.68,-1.021243223544443,0
233.69,0.4670924766052999,0
233.70000000000002,0.8929310633288291,0
233.71,0.1008684155116112,0
233.72,0.4424984944577776,0
233.73000000000002,-0.03279290925166772,0
233.74,0.21014399601038097,0
233.75,0.5214808778656084,0
233.76,0.49061430584997856,0
233.77,0.9013742149272213,0
233.78,0.5662381620454507,0
233.79,0.22105323244066388,0
233.8,-0.28571620076777704,0
233.81,-0.26178186478475457,0
233.82,0.4303688115408981,0
233.83,-0.6277846817398578,0
233.84,0.49629899040978775,0
233.85,0.03868486146421235,0
233.86,-0.36197100313178604,0
233.87,-0.6113426197169332,0
233.88,0.27051356034567575,0
233.89000000000001,0.12402115285586798,0
233.9,0.9412336745780212,0
233.91,-0.37320371778371353,0
233.92000000000002,-0.33710814844400033,0
233.93,-0.06933764557278126,0
233.94,-0.35370906638217137,0
233.95000000000002,-0.021188208699258707,0
233.96,0.2287941199785829,0
233.97,0.37911431194549783,0
233.98000000000002,0.9607415657658172,0
233.99,-0.3901185306703986,0
234.0,0.1461457461446593,0
234.01,-0.2442122127581941,0
234.02,0.23168044967443047,0
234.03,0.3513209731557977,0
234.04,-0.3740727555485648,0
234.05,-0.5097821897740249,0
234.06,0.2086187700145652,0
234.07,0.12817980058922054,0
234.08,-0.021385029060636968,0
234.09,0.408546274085575,0
234.1,0.5552587813106756,0
234.11,-0.0798106527279888,0
234.12,-0.41031465880062035,0
234.13,-0.7112436943513315,0
234.14000000000001,-0.09667922109096966,0
234.15,-0.718771618153284,0
234.16,-0.06349767556174656,0
234.17000000000002,0.6953450123486533,0
234.18,0.04878238669998264,0
234.19,-0.2102112530650206,0
234.20000000000002,1.074475576304104,0
234.21,1.1356588577114275,0
234.22,-0.06022510914813532,0
234.23000000000002,0.12197346730585697,0
234.24,0.2684912926740465,0
234.25,0.23850920722010122,0
234.26,1.0888996856966462,0
234.27,0.38153761981617296,0
234.28,0.28454486082396585,0
234.29,0.5006624800720186,0
234.3,0.8215939152138437,0
234.31,0.7670492327475418,0
234.32,0.5409951341200778,0
234.33,-0.6321652359895906,0
234.34,-0.35537855687497105,0
234.35,0.41010404291737157,0
234.36,0.2984149219251074,0
234.37,0.5770538464451795,0
234.38,1.2117181003063557,0
234.39000000000001,-0.261407834785495,0
234.4,0.6030269785622909,0
234.41,0.03719297851437646,0
234.42000000000002,0.5697360646192743,0
234.43,0.18277831520848123,0
234.44,1.2406598640637518,0
234.45000000000002,0.44166598731959605,0
234.46,-0.16849007056691584,0
234.47,0.2436299659052522,0
234.48000000000002,0.2955375359520719,0
234.49,0.7420449025772622,0
234.5,0.4861634872968014,0
234.51,1.501612928006513,0
234.52,0.3780542052103976,0
234.53,0.10340461878809806,0
234.54,-0.23383263976686042,0
234.55,0.04903461961167144,0
234.56,0.1971417195996093,0
234.57,0.26084045098517716,0
234.58,0.16275498460797955,0
234.59,-0.2223329068813113,0
234.6,-0.4634067952095885,0
234.61,-0.25398623122323927,0
234.62,0.6060356473500412,0
234.63,0.9356402375442207,0
234.64000000000001,0.2544759578780067,0
234.65,-0.3762903741296263,0
234.66,-0.07581919341900097,0
234.67000000000002,1.1563763771433617,0
234.68,0.8824897928022943,0
234.69,0.5752869358597124,0
234.70000000000002,0.7178244127805988,0
234.71,1.0611655743149209,0
234.72,-0.28738251010428334,0
234.73000000000002,-0.219388294791591,0
234.74,-0.2752131762484235,0
234.75,0.30501698601641314,0
234.76,0.22264452387889266,0
234.77,0.5195135042701797,0
234.78,-0.07900262214421462,0
234.79,0.7718808544348276,0
234.8,0.21703067377244412,0
234.81,0.48507508680463035,0
234.82,0.8187766269479301,0
234.83,0.8594132611681735,0
234.84,0.46784762031109217,0
234.85,0.6140977760605075,0
234.86,1.1417891783407208,0
234.87,0.6196914463641928,0
234.88,-0.17294183230199925,0
234.89000000000001,0.3279215783381816,0
234.9,0.12275310435968835,0
234.91,-1.1591144607663202,0
234.92000000000002,0.01680640092532576,0
234.93,0.12684123245637616,0
234.94,0.7080267865485932,0
234.95000000000002,-0.16199705421166816,0
234.96,-0.7819309157985177,0
234.97,-0.04527825493897837,0
234.98000000000002,0.25147846771315846,0
234.99,0.17314335145976525,0
235.0,0.11458252054076662,0
235.01,-0.4802563398609151,0
235.02,-0.1338454134991111,0
235.03,-0.1588386202679085,0
235.04,0.5916707822818096,0
235.05,0.4100112201422863,0
235.06,0.014513102434852515,0
235.07,0.9816753558657093,0
235.08,0.16219784234277074,0
235.09,0.39753645531759907,0
235.1,0.07040265769653502,0
235.11,0.9461209413183975,0
235.12,0.34262434364761457,0
235.13,0.20745306183455486,0
235.14000000000001,0.03714374793525121,0
235.15,0.17366589442251923,0
235.16,0.7419071019507988,0
235.17000000000002,0.6955769457372732,0
235.18,0.24846837096271956,0
235.19,1.0277192256202186,0
235.20000000000002,0.7813760300638947,0
235.21,0.02151177827733232,0
235.22,-0.6702275059168661,0
235.23000000000002,-0.3291236920334679,0
235.24,0.1972484902519394,0
235.25,0.4267129616447667,0
235.26,0.8898014975484915,0
235.27,-0.3011353483063837,0
235.28,-0.24988701266723112,0
235.29,-0.6303814914706555,0
235.3,-0.8113627065014684,0
235.31,-0.47802194956330146,0
235.32,0.13484667664307376,0
235.33,0.5035885143550235,0
235.34,-0.32008877324819446,0
235.35,-0.45198016803294894,0
235.36,-1.0018397165147994,0
235.37,-0.07737211805812265,0
235.38,-0.35033119038899063,0
235.39000000000001,0.8569054118596574,0
235.4,0.4912932668152276,0
235.41,0.09031556553092154,0
235.42000000000002,-0.2600790692216495,0
235.43,-0.8022634778469548,0
235.44,-0.8703211242254367,0
235.45000000000002,-0.49024380382567156,0
235.46,-0.4361390994035223,0
235.47,-0.5825529222809357,0
235.48000000000002,0.11371781599749352,0
235.49,0.3607975944763375,0
235.5,-0.09557112607061684,0
235.51,1.0650750754998068,0
235.52,-0.6055312304797323,0
235.53,-0.06204984734009995,0
235.54,-0.07359174363407527,0
235.55,-0.2533794439814882,0
235.56,-0.3766250690521798,0
235.57,-0.0396491156079766,0
235.58,-0.07183654958038559,0
235.59,-0.16850625227084937,0
235.6,-0.6756358755945013,0
235.61,-0.9725421855343739,0
235.62,-0.338748757064927,0
235.63,-0.24082188912616226,0
235.64000000000001,-0.10717525010506349,0
235.65,-0.026715810430150214,0
235.66,-0.22704327510190664,0
235.67000000000002,-0.11202504929049534,0
235.68,-0.4247263162382885,0
235.69,0.763150658776448,0
235.70000000000002,-0.17736108197640044,0
235.71,-0.18419592262123777,0
235.72,-0.37382376902582864,0
235.73000000000002,-0.430209881474918,0
235.74,-0.036834589416798263,0
235.75,-0.006093020702724938,0
235.76,-0.18867959178132765,0
235.77,-0.14064479809940975,0
235.78,-0.3610376740903229,0
235.79,0.18108674573160533,0
235.8,1.1971108259313297,0
235.81,-0.1092659213746992,0
235.82,0.23978647015410845,0
235.83,0.14115068089069577,0
235.84,0.4485872106015435,0
235.85,0.5404077223523827,0
235.86,0.30164903285167405,0
235.87,0.11132747392069853,0
235.88,-0.1464436272282578,0
235.89000000000001,-0.3869312465775596,0
235.9,-0.0912951116094725,0
235.91,-0.6499377029587068,0
235.92000000000002,-0.42179536638438353,0
235.93,0.5408913872422016,0
235.94,0.24454918400216585,0
235.95000000000002,0.5933410421149196,0
235.96,0.9877642820191487,0
235.97,0.20942194277152543,0
235.98000000000002,0.2194824603011605,0
235.99,-0.049190914541905856,0
236.0,-0.38839350992489324,0
236.01,-0.5479787785881102,0
236.02,0.3685846622277105,0
236.03,0.2597829711752503,0
236.04,1.104825659615295,0
236.05,0.8503204205424785,0
236.06,-0.12039116234570564,0
236.07,0.473802709259194,0
236.08,0.012339208135008162,0
236.09,0.7074207288196388,0
236.1,-0.025856164593561937,0
236.11,-0.5106760815222268,0
236.12,-0.49523151326242865,0
236.13,-0.46419979750630597,0
236.14000000000001,-0.5073819894952868,0
236.15,-0.3756847149966126,0
236.16,0.41835549001097994,0
236.17000000000002,1.117066960811305,0
236.18,-0.37312148749570573,0
236.19,0.6355325462873005,0
236.20000000000002,-0.03959997672244697,0
236.21,0.23123383120959046,0
236.22,-0.7672452324410663,0
236.23000000000002,0.14305628085185457,0
236.24,-0.9763717281714023,0
236.25,-0.021184630820791292,0
236.26,0.18739172031368087,0
236.27,0.20421934122146418,0
236.28,-0.28469443807814815,0
236.29,0.27704808130090525,0
236.3,0.33306920371111304,0
236.31,0.0269656746923502,0
236.32,0.4199940926985323,0
236.33,0.10951777657212289,0
236.34,0.364366817497601,0
236.35,0.07941453063882759,0
236.36,0.1905761478721777,0
236.37,0.40898838065078613,0
236.38,-0.05440816052419804,0
236.39000000000001,-0.6154532145678746,0
236.4,0.04833178194348803,0
236.41,0.7006120628134043,0
236.42000000000002,0.38956079898827634,0
236.43,0.3218745607900133,0
236.44,0.11303376687559749,0
236.45000000000002,0.47685354112654255,0
236.46,0.07514761787849795,0
236.47,-0.16801580148382597,0
236.48000000000002,0.6014836442900408,0
236.49,-0.07731909366796791,0
236.5,0.5091481189183731,0
236.51,0.771002855447333,0
236.52,0.5493298893448396,0
236.53,-0.47323728449537156,0
236.54,-0.04919329898015472,0
236.55,-0.0652524327289892,0
236.56,-0.22586925467026567,0
236.57,0.07409676457116153,0
236.58,0.4826603894624757,0
236.59,-0.0690607103818518,0
236.6,-0.05409996931331375,0
236.61,-0.08750196602980899,0
236.62,0.6522850883476438,0
236.63,0.08047727272932108,0
236.64000000000001,-0.5829611695979606,0
236.65,-0.9294029077887143,0
236.66,0.015025217109843808,0
236.67000000000002,-0.3471609945456704,0
236.68,0.32346443316389417,0
236.69,-0.5739572532581139,0
236.70000000000002,-0.37641805231094017,0
236.71,-0.7486555075681544,0
236.72,0.09826819396313756,0
236.73000000000002,0.424050559117977,0
236.74,0.3402545879543286,0
236.75,-0.43936077906134996,0
236.76,-0.45314798229547004,0
236.77,0.06529387468953245,0
236.78,-0.8286950867612985,0
236.79,-0.28186070882766134,0
236.8,0.7910289785322269,0
236.81,0.155575949061591,0
236.82,-0.7001943559070722,0
236.83,-0.4449386007014007,0
236.84,-0.3935610176672733,0
236.85,1.0949017294722208,0
236.86,1.2142230774619782,0
236.87,0.746232190580801,0
236.88,0.05724827369353279,0
236.89000000000001,0.7070425411722066,0
236.9,-0.37353097025740806,0
236.91,0.5332097305219863,0
236.92000000000002,0.6807218690847749,0
236.93,0.14278702318185857,0
236.94,0.6955196942483635,0
236.95000000000002,-0.01115233919497309,0
236.96,-0.6233993620878913,0
236.97,0.4180049152057311,0
236.98000000000002,0.11212291670092732,0
236.99,0.40147922775561007,0
237.0,1.1229977510745384,0
237.01,-0.050971991464018276,0
237.02,-0.03623077072618097,0
237.03,0.8796573692755273,0
237.04,0.6288295082823234,0
237.05,-0.16269705608112803,0
237.06,-0.4965377629741784,0
237.07,-0.35267639151879193,0
237.08,-0.42875882207787375,0
237.09,0.07181114536026514,0
237.1,0.1122890502654648,0
237.11,0.22930582534868038,0
237.12,-0.33794384693947743,0
237.13,-0.0697529083425999,0
237.14000000000001,-1.059753657796502,0
237.15,-0.13533789478971342,0
237.16,0.6444710693154567,0
237.17000000000002,-0.5453051278907485,0
237.18,0.17338318670077632,0
237.19,-0.22981150531107425,0
237.20000000000002,0.42209903085366457,0
237.21,0.24216432323674406,0
237.22,0.3281768998904965,0
237.23000000000002,0.1686442731813855,0
237.24,0.8015859684085159,0
237.25,0.437408641798282,0
237.26,-0.21434457927347095,0
237.27,0.0509117030101093,0
237.28,-0.1318232379714128,0
237.29,0.10538120476153252,0
237.3,-0.14538114631431082,0
237.31,-0.3449927781810817,0
237.32,0.07161167461798007,0
237.33,0.09931559620490071,0
237.34,0.6430879136129921,0
237.35,-0.00857925101186817,0
237.36,-1.0054295313049235,0
237.37,-0.39357938651439556,0
237.38,-0.9130121843380157,0
237.39000000000001,0.04458351664989692,0
237.4,-0.8288248199781446,0
237.41,-0.682147432713919,0
237.42000000000002,-0.31212928084623026,0
237.43,0.7955014369157334,0
237.44,-0.32118845059050877,0
237.45000000000002,-0.022440820320267216,0
237.46,0.35446018657252415,0
237.47,0.9301042226344419,0
237.48000000000002,0.6978660514745484,0
237.49,0.8081096050277814,0
237.5,0.7133626785592162,0
237.51,-0.41453634482281404,0
237.52,0.13890036306659298,0
237.53,0.5376148586957901,0
237.54,-0.3240562553048541,0
237.55,-0.3388843227862877,0
237.56,-0.46161480071101624,0
237.57,0.3468418632092295,0
237.58,0.1005746034350981,0
237.59,-0.09499716412251483,0
237.6,-0.6556005886522285,0
237.61,-0.1491447664667598,0
237.62,-0.28893965645392916,0
237.63,0.10792140980166631,0
237.64000000000001,-0.5311583762441929,0
237.65,0.012445405796413594,0
237.66,-0.18018963995214776,0
237.67000000000002,-0.6599241717766873,0
237.68,-0.8214266054008037,0
237.69,-0.7818194541377902,0
237.70000000000002,-0.2550655639418856,0
237.71,0.05093406410498891,0
237.72,0.20665228068961145,0
237.73000000000002,0.2656360544731745,0
237.74,-0.28737906429270454,0
237.75,0.5419063476813413,0
237.76,-0.04994775241512965,0
237.77,0.2772720012536899,0
237.78,0.03189980547819543,0
237.79,0.2579688403617657,0
237.8,0.0002793227198658599,0
237.81,0.25958060656739185,0
237.82,0.11080864518618405,0
237.83,0.5109112231444682,0
237.84,-0.2584785345752262,0
237.85,-0.9574148554346508,0
237.86,-0.7080046246688161,0
237.87,0.44189367109213,0
237.88,0.0777854788732834,0
237.89000000000001,0.11805479159571718,0
237.9,-0.48204096355246334,0
237.91,-0.036094720744214354,0
237.92000000000002,-0.5042396610164324,0
237.93,-0.5430146099926345,0
237.94,-0.3006988164436402,0
237.95000000000002,0.21120871731523688,0
237.96,0.3959957903761471,0
237.97,0.45663796475276364,0
237.98000000000002,-0.6823121258751197,0
237.99,-0.12492615875053006,0
238.0,-0.08686198480149848,0
238.01,-0.7885319221438456,0
238.02,-0.1395345609764131,0
238.03,-0.11919661501530768,0
238.04,0.29161644172429996,0
238.05,0.16514302460614275,0
238.06,-0.2023129683017119,0
238.07,0.4913184657812786,0
238.08,-1.0111980254901145,0
238.09,-0.2382037496058511,0
238.1,-0.9497631560875972,0
238.11,-0.6744730580339665,0
238.12,0.15956804996334809,0
238.13,-0.5899967059666846,0
238.14000000000001,-0.8570509809896191,0
238.15,1.1027966419646846,0
238.16,-0.3996185601900041,0
238.17000000000002,0.8275691537611727,0
238.18,0.1636636015476346,0
238.19,-0.19013733285521495,0
238.20000000000002,0.3026978469197731,0
238.21,0.8358180495585678,0
238.22,-0.35304513539402815,0
238.23000000000002,-0.3117036815601044,0
238.24,0.4213073028118183,0
238.25,0.3069008914793023,0
238.26,0.7117038965633451,0
238.27,0.5003715265479372,0
238.28,1.1361277962408471,0
238.29,0.4271902836550886,0
238.3,0.2729350837724322,0
238.31,0.28753863772524485,0
238.32,0.04394287232400411,0
238.33,0.5105221631937107,0
238.34,0.3017251320886572,0
238.35,0.5429882978491519,0
238.36,0.6865115184358319,0
238.37,0.44754170058683923,0
238.38,0.42677524474484746,0
238.39000000000001,-0.3836725754996414,0
238.4,-0.3413694275789971,0
238.41,0.4113819812798443,0
238.42000000000002,0.9085337469355023,0
238.43,-0.7586978995035463,0
238.44,-0.4446039599666698,0
238.45000000000002,-0.051133005182944266,0
238.46,-0.4336271391033584,0
238.47,-0.49906520018982825,0
238.48000000000002,0.17546903762841234,0
238.49,0.933290946367626,0
238.5,-0.8014480315601185,0
238.51,-0.2439382367710837,0
238.52,0.23289835781188584,0
238.53,0.520847317130857,0
238.54,0.3472511785559253,0
238.55,1.0718759540509457,0
238.56,0.3303785228029591,0
238.57,0.8282542089798395,0
238.58,-0.09021130911677684,0
238.59,0.05522526824069916,0
238.6,-0.5851455793101457,0
238.61,0.38027866039100994,0
238.62,0.07771405415713828,0
238.63,0.25672670894561883,0
238.64000000000001,-0.05599085213427938,0
238.65,0.3449648260332522,0
238.66,0.34451891156492404,0
238.67000000000002,-0.3969656601264556,0
238.68,-0.5515501430255043,0
238.69,-0.10616106217134388,0
238.70000000000002,0.37118177076131503,0
238.71,1.1312899712673952,0
238.72,0.49057421301059195,0
238.73000000000002,0.7055492813294832,0
238.74,-0.6361914564130839,0
238.75,0.9592044838838725,0
238.76,0.6085941769882607,0
238.77,0.17193755175666126,0
238.78,0.0014444273825921852,0
238.79,-0.5431339656173694,0
238.8,-0.5270585089210751,0
238.81,0.93166004004517,0
238.82,-0.2477529486107704,0
238.83,-0.5529032970681794,0
238.84,-0.46624864788503917,0
238.85,-0.7087400089337269,0
238.86,-0.12317684506264415,0
238.87,0.5949071130443493,0
238.88,-0.13060248328023222,0
238.89000000000001,-0.7182535014598328,0
238.9,0.02156495253091703,0
238.91,0.021352584276901232,0
238.92000000000002,0.584948655842374,0
238.93,-0.05021889832630618,0
238.94,-0.10555053642647108,0
238.95000000000002,-0.060509768147669105,0
238.96,0.07773964087130661,0
238.97,-0.1441875412433415,0
238.98000000000002,-0.2860227408349342,0
238.99,-1.0115441025446394,0
239.0,-0.5086605856602772,0
239.01,0.29899164097914155,0
239.02,0.5727699720430841,0
239.03,-0.06249422947116928,0
239.04,0.7215572008128368,0
239.05,0.21022323263726167,0
239.06,-0.6148134834911283,0
239.07,-0.9886139151416112,0
239.08,0.4466150393583715,0
239.09,-0.042019451442020773,0
239.1,-0.6121114426464608,0
239.11,-1.311285331428061,0
239.12,-0.4937063478286741,0
239.13,0.1369263450824873,0
239.14000000000001,-0.2925435707454118,0
239.15,-0.5892949940640612,0
239.16,-0.39519357567063895,0
239.17000000000002,0.6078983179925059,0
239.18,-0.5452229209015471,0
239.19,-0.433458802342959,0
239.20000000000002,0.5809428041757608,0
239.21,0.4528994029082241,0
239.22,0.2530751903350111,0
239.23000000000002,-0.23763209212373437,0
239.24,0.0012174053078647037,0
239.25,-0.24176699912698993,0
239.26,-0.4737925394639247,0
239.27,-0.6493531728353862,0
239.28,0.29944482259671534,0
239.29,0.08687841578850838,0
239.3,0.2333558425548729,0
239.31,0.18321785572439772,0
239.32,0.32467782873233564,0
239.33,-0.010447728248924183,0
239.34,-0.21512097658991158,0
239.35,-0.4439942560803351,0
239.36,-0.8200744880275885,0
239.37,-0.7586674170186471,0
239.38,-0.3404303384049607,0
239.39000000000001,-0.8949872972654894,0
239.4,-0.916106551686554,0
239.41,0.3696666605815956,0
239.42000000000002,0.2554781646307023,0
239.43,-0.13311048302221487,0
239.44,1.2200156099760353,0
239.45000000000002,-0.529186358780752,0
239.46,0.4307724091770572,0
239.47,0.09181601887793754,0
239.48000000000002,0.4844625978374302,0
239.49,0.22254162726728022,0
239.5,-0.8980358545907737,0
239.51,-0.13034688439145814,0
239.52,0.1893954623324729,0
239.53,-1.076712759413906,0
239.54,0.8093045477058699,0
239.55,0.41122454777399864,0
239.56,0.5037935108184256,0
239.57,-0.45164599309523923,0
239.58,0.2979185364846356,0
239.59,0.6976918217275692,0
239.6,0.35243047411288986,0
239.61,0.12605124427866427,0
239.62,-0.401459222632489,0
239.63,-0.17264670650507863,0
239.64000000000001,-0.273018742727708,0
239.65,0.2791305873371179,0
239.66,-0.3400679802798311,0
239.67000000000002,0.25837838784557055,0
239.68,-0.3395350046502981,0
239.69,-0.18197521946007053,0
239.70000000000002,0.3251527786702163,0
239.71,-0.25096634750759633,0
239.72,0.32619472572128183,0
239.73000000000002,0.41850099687946574,0
239.74,0.00275865366510248,0
239.75,0.6617650195474286,0
239.76,0.24920976134566364,0
239.77,0.6916098122155803,0
239.78,1.1702526824664405,0
239.79,0.20628958177733425,0
239.8,0.4372220214406457,0
239.81,-0.18807279501351792,0
239.82,-0.5549184939922561,0
239.83,-0.20074836123621662,0
239.84,-0.7337886419284247,0
239.85,-0.6407645850714764,0
239.86,0.19671991934117006,0
239.87,-0.18244317969334783,0
239.88,0.37463663938506087,0
239.89000000000001,0.29494085766474853,0
239.9,1.1013348571781651,0
239.91,0.5963173272163484,0
239.92000000000002,0.7841558473812983,0
239.93,0.4517334658898358,0
239.94,0.3203987437078664,0
239.95000000000002,0.741959012205043,0
239.96,0.5832065143900973,0
239.97,0.29918704664591617,0
239.98000000000002,0.22579483972676379,0
239.99,0.384515070580244,0
240.0,-0.22000040184553404,0
240.01,-0.39376201850056286,0
240.02,0.7019603296881315,0
240.03,1.20963854138854,0
240.04,-0.1510098987793153,0
240.05,-0.3528119459077405,0
240.06,0.5613947952242384,0
240.07,0.4655915591107148,0
240.08,0.517704872475761,0
240.09,0.6479436915734957,0
240.1,0.07479379425751713,0
240.11,0.23538577894247487,0
240.12,0.23407486926580962,0
240.13,-0.35777057111119875,0
240.14000000000001,0.11920258104885552,0
240.15,0.7297338531561667,0
240.16,0.045264905304665926,0
240.17000000000002,0.1332943483243203,0
240.18,0.18409345087408982,0
240.19,-0.06491998875428659,0
240.20000000000002,0.38485474149860294,0
240.21,-0.2253737672193427,0
240.22,0.6938691003301624,0
240.23000000000002,0.5474361001088018,0
240.24,-0.3215504957592437,0
240.25,0.8642754854977763,0
240.26,0.3459624001089574,0
240.27,-0.25817041534848617,0
240.28,0.563965969942357,0
240.29,0.4446762911764794,0
240.3,-0.7922466697599132,0
240.31,-0.43781871612097745,0
240.32,0.07931044115238453,0
240.33,-1.0901213465006097,0
240.34,-0.18717081234988137,0
240.35,0.07735394899284963,0
240.36,-0.5709351778664917,0
240.37,0.041331923819112694,0
240.38,0.05420587312892742,0
240.39000000000001,-0.5809961112035459,0
240.4,0.38426815549688365,0
240.41,0.5820328309035361,0
240.42000000000002,0.030952478172629715,0
240.43,-0.05831363653951874,0
240.44,0.41184281433723957,0
240.45000000000002,0.0357209279265664,0
240.46,-0.9797656559394144,0
240.47,0.05391046153967153,0
240.48000000000002,-0.3801103025614831,0
240.49,-0.2631711371850757,0
240.5,0.7499964967053421,0
240.51,0.15553301600868602,0
240.52,0.07914958432731456,0
240.53,0.3305058452443824,0
240.54,0.3909975168949892,0
240.55,-0.3525326068532733,0
240.56,-0.08106079733694499,0
240.57,0.03813097308228732,0
240.58,0.19350055796556037,0
240.59,0.24146015093455767,0
240.6,1.477292965175494,0
240.61,-0.2178789005162193,0
240.62,0.5064083735125664,0
240.63,0.7956963865796916,0
240.64000000000001,0.5002141260675025,0
240.65,-0.1824369045927106,0
240.66,0.8796707139168823,0
240.67000000000002,-0.9086445901557613,0
240.68,-0.552318754453581,0
240.69,0.5245484786654574,0
240.70000000000002,-0.027334029151812607,0
240.71,0.8819265394977889,0
240.72,-0.5460609883276273,0
240.73000000000002,-0.6902418756773563,0
240.74,-0.4172095788510162,0
240.75,0.15640449401741827,0
240.76,-0.040745210542373705,0
240.77,-0.23299382709318545,0
240.78,0.7364701253396129,0
240.79,1.028347859794323,0
240.8,0.07464285468949902,0
240.81,-0.8536630301063354,0
240.82,-1.3242039431081583,0
240.83,-0.16551255699493642,0
240.84,0.3460094362061672,0
240.85,0.15807909610454898,0
240.86,0.039746990708917775,0
240.87,-0.3805621653788298,0
240.88,0.2915676896369537,0
240.89000000000001,1.0044532207012924,0
240.9,-0.8916235588015874,0
240.91,-0.22638939048491846,0
240.92000000000002,-0.5355933486775591,0
240.93,-0.8899152527552604,0
240.94,-0.7865620059608984,0
240.95000000000002,0.04317744139496264,0
240.96,0.2640397968164221,0
240.97,0.8812134296370024,0
240.98000000000002,0.26248868908553213,0
240.99,-0.8332238916104077,0
241.0,-0.2977107717606319,0
241.01,-0.7753344930917146,0
241.02,-0.7991460572379465,0
241.03,0.14669048409998833,0
241.04,0.17734963464554535,0
241.05,0.39446560143939924,0
241.06,-0.05457232779876456,0
241.07,0.4444905157009387,0
241.08,-0.07192023502877504,0
241.09,0.6137615631119869,0
241.1,0.3740014100383108,0
241.11,0.02025582885485333,0
241.12,0.15495951309878458,0
241.13,0.0661369067041549,0
241.14000000000001,0.9033855590184917,0
241.15,0.39337890757174726,0
241.16,0.1342741867833228,0
241.17000000000002,-0.05668804966409107,0
241.18,0.47156136760481987,0
241.19,0.5315471224631713,0
241.20000000000002,0.02368437422964495,0
241.21,-0.5729109027613054,0
241.22,-0.5870098257651629,0
241.23000000000002,-0.20831791479280326,0
241.24,0.7027393736692178,0
241.25,0.07888431504243192,0
241.26,-0.26028345647063134,0
241.27,-0.9663688216889394,0
241.28,0.6007288332774765,0
241.29,0.48947651917320467,0
241.3,0.5824991041272531,0
241.31,0.6939440075174444,0
241.32,0.12190767743626701,0
241.33,0.11163056751894715,0
241.34,0.8567065766153924,0
241.35,0.3458356020433489,0
241.36,0.4353224348890986,0
241.37,0.6083749626185022,0
241.38,0.5303825667590708,0
241.39000000000001,0.10020610358531934,0
241.4,0.042832043360888944,0
241.41,0.4606135754921786,0
241.42000000000002,0.5641466792858245,0
241.43,0.798865885393556,0
241.44,0.5288590207188145,0
241.45000000000002,0.4855520260429577,0
241.46,-0.08066342970391507,0
241.47,-0.2941051275012925,0
241.48000000000002,0.3776901035409418,0
241.49,-0.17588842142538577,0
241.5,-0.01957355163026958,0
241.51,0.7648673534431335,0
241.52,0.8765555436068414,0
241.53,0.4151538456437762,0
241.54,-0.01865478248570692,0
241.55,-0.03514607696146318,0
241.56,0.4884540070035213,0
241.57,0.13781701522214834,0
241.58,-0.22775040566656046,0
241.59,0.6255653390558404,0
241.6,0.28811957630087154,0
241.61,-0.20039968936565491,0
241.62,0.2398917464855049,0
241.63,0.6120797762804966,0
241.64000000000001,-0.3487429269823657,0
241.65,-0.15911630905664653,0
241.66,-0.13636879831541418,0
241.67000000000002,0.24150416265661584,0
241.68,0.43163990554772014,0
241.69,-0.1511124653675478,0
241.70000000000002,-0.7981041953322998,0
241.71,0.38451924356289724,0
241.72,-0.4657447144359119,0
241.73000000000002,0.062474357550973074,0
241.74,-0.02021085869435292,0
241.75,0.11586903617351696,0
241.76,0.9426817599706051,0
241.77,1.887996262660335,0
241.78,-0.36357037475103543,0
241.79,0.467325176694791,0
241.8,0.06783655266085206,0
241.81,0.60915085556698,0
241.82,0.6961958910621233,0
241.83,0.9588791887702489,0
241.84,0.42552469736493326,0
241.85,-0.33333900131980765,0
241.86,0.4446414603199744,0
241.87,0.20792799015307534,0
241.88,-0.03865842612517782,0
241.89000000000001,-0.22942171270616768,0
241.9,0.5123621250868462,0
241.91,1.015709216644531,0
241.92000000000002,-0.34891250402208895,0
241.93,0.2776703968741574,0
241.94,-0.09524510189610302,0
241.95000000000002,-0.7715793760345677,0
241.96,-0.08067065682596089,0
241.97,-0.4303177123068556,0
241.98000000000002,-0.9143039069524856,0
241.99,-0.6114361272729929,0
242.0,-0.666781151493605,0
242.01,-0.4777156285961213,0
242.02,-0.792186190134788,0
242.03,-0.3751904064663838,0
242.04,-0.4403862294649675,0
242.05,0.12313218392199582,0
242.06,0.3800240562655111,0
242.07,0.26666436295918894,0
242.08,-0.02563683546749381,0
242.09,-0.11312214500897823,0
242.1,-0.4410539855416965,0
242.11,-0.5102538714958929,0
242.12,0.2800477194577548,0
242.13,-0.8342148673277899,0
242.14000000000001,-0.21870635530470633,0
242.15,-0.19417153914119734,0
242.16,0.3032711494429652,0
242.17000000000002,-0.6503367502587659,0
242.18,-0.12326383509408595,0
242.19,0.1844686312031458,0
242.20000000000002,-0.9356265205126579,0
242.21,-0.773471936422678,0
242.22,-0.20973774257009536,0
242.23000000000002,0.25383785855125357,0
242.24,0.1930771275420576,0
242.25,0.37912064574599624,0
242.26,-0.44767458385806563,0
242.27,-0.9256756473599674,0
242.28,-0.15414872211457287,0
242.29,-0.6609838246139085,0
242.3,-0.5938739583075181,0
242.31,0.38014852360276674,0
242.32,0.22784462120469762,0
242.33,-0.21353134314698674,0
242.34,-0.39308517635484036,0
242.35,0.2643746519039804,0
242.36,0.210918340241721,0
242.37,-0.5621625693911475,0
242.38,-1.1459640138461096,0
242.39000000000001,0.7474554029845387,0
242.4,-0.43236939007546876,0
242.41,0.20466392465259706,0
242.42000000000002,0.8873617723281085,0
242.43,0.3320992630713349,0
242.44,-0.20511163810818286,0
242.45000000000002,-0.7791227221572704,0
242.46,-0.9301011895035703,0
242.47,-0.0004269357877314181,0
242.48000000000002,0.8040436204348347,0
242.49,0.021828663052807284,0
242.5,-0.25911062296529336,0
242.51,0.3379877766253416,0
242.52,-0.24950266335921156,0
242.53,0.11504686439351183,0
242.54,0.08223243289750154,0
242.55,-0.16632882657598536,0
242.56,-0.018728352886046684,0
242.57,0.9653462061394945,0
242.58,0.5943185802154224,0
242.59,0.7613809739911928,0
242.6,-0.26792643849237197,0
242.61,0.5475676140442851,0
242.62,0.5080766638392764,0
242.63,-0.6407254834945066,0
242.64000000000001,0.1580784849813891,0
242.65,-0.20305543781372787,0
242.66,-0.8432380511843232,0
242.67000000000002,-0.11101947386040201,0
242.68,0.2899433769494145,0
242.69,0.18382075437411055,0
242.70000000000002,0.018392510000823772,0
242.71,-0.1409335637264143,0
242.72,1.3087873907991596,0
242.73000000000002,-0.2721279999855586,0
242.74,0.4272238492129495,0
242.75,0.14537255879111946,0
242.76,-0.3883778800980098,0
242.77,-0.09259703308189024,0
242.78,-0.7347041469607697,0
242.79,-0.4706057132220783,0
242.8,-0.11249653495085601,0
242.81,-0.824040370291254,0
242.82,0.09372378453543821,0
242.83,-0.459779267529973,0
242.84,-0.8580517426239599,0
242.85,-0.7599287013221931,0
242.86,0.9986938680818195,0
242.87,-0.7738523875732791,0
242.88,0.06860986049708195,0
242.89000000000001,-0.3533391540546475,0
242.9,-0.24505010815035197,0
242.91,0.29005131188984,0
242.92000000000002,0.3976317747513192,0
242.93,-0.23346933425146804,0
242.94,-0.7518798110195133,0
242.95000000000002,0.17287771492839987,0
242.96,0.3668745009498243,0
242.97,-0.03058383436542115,0
242.98000000000002,0.2571178900914366,0
242.99,-0.1437684588171041,0
243.0,-0.44703771577194523,0
243.01,-0.0803593523542147,0
243.02,0.28556249645079795,0
243.03,0.2652854510165801,0
243.04,0.36663562796935006,0
243.05,-0.28424987606609575,0
243.06,0.8004302076299921,0
243.07,0.046821999040939,0
243.08,-0.022617939592643667,0
243.09,-0.6789228343747744,0
243.1,-0.24404403680317602,0
243.11,0.25130470587299164,0
243.12,0.49772931363029405,0
243.13,0.9850191585525102,0
243.14000000000001,0.5520555802670882,0
243.15,0.31419630854214253,0
243.16,-0.13044340586204406,0
243.17000000000002,-0.35637655348126984,0
243.18,0.45619070682385265,0
243.19,0.6490784540775953,0
243.20000000000002,-0.382766268481672,0
243.21,0.3178527270918159,0
243.22,0.4542446385864182,0
243.23000000000002,-0.4511930848758363,0
243.24,0.20336116991616932,0
243.25,-0.4797740338473373,0
243.26,-1.385362480498277,0
243.27,-0.40337677682928785,0
243.28,0.06463417272331172,0
243.29,-0.01697881448888413,0
243.3,1.550691460129724,0
243.31,0.6174842473548281,0
243.32,0.26074795176206966,0
243.33,0.32193709609990817,0
243.34,-0.12659710256951023,0
243.35,0.4912264990884369,0
243.36,0.3429072301503699,0
243.37,0.2813801022640463,0
243.38,-0.234248800173469,0
243.39000000000001,-0.8638921116830288,0
243.4,-0.4552888115721092,0
243.41,0.06433913104693706,0
243.42000000000002,-0.19312560685662133,0
243.43,0.13464021117615207,0
243.44,-0.06255532392969904,0
243.45000000000002,0.24114428511022434,0
243.46,-0.4324639183621716,0
243.47,0.022006862669392675,0
243.48000000000002,-0.3084679521808507,0
243.49,-0.8689869746823318,0
243.5,-0.2779184300073247,0
243.51,0.7759011459703736,0
243.52,-0.5555716074258417,0
243.53,-0.04815708031482448,0
243.54,0.4398126839216854,0
243.55,1.3618734169740783,0
243.56,0.10499593965185011,0
243.57,-0.2833230059580113,0
243.58,-0.6651860160235825,0
243.59,0.46797683259343426,0
243.6,-0.31806741570960667,0
243.61,-0.2500466405800722,0
243.62,-1.0203515091491377,0
243.63,0.24240173184626645,0
243.64000000000001,0.7041160304131443,0
243.65,0.6530950879139881,0
243.66,-0.6649985900951731,0
243.67000000000002,0.18365832446747196,0
243.68,-0.8183038414894354,0
243.69,-0.14717122030170132,0
243.70000000000002,0.09887324237924458,0
243.71,0.216315587065383,0
243.72,0.36516423842839374,0
243.73000000000002,0.11334421470481479,0
243.74,-0.9904366626511659,0
243.75,0.06361047068938025,0
243.76,0.09409000433880904,0
243.77,-0.4309879509353957,0
243.78,-0.9173812551340098,0
243.79,0.6168545886289595,0
243.8,0.8359671444429047,0
243.81,0.6109403074198689,0
243.82,-0.18145835842016478,0
243.83,-1.3598345335111994,0
243.84,0.09313749088437062,0
243.85,0.24439425369994677,0
243.86,-0.11262732499300604,0
243.87,0.5965958312503221,0
243.88,0.6264499152778613,0
243.89000000000001,0.276060648451215,0
243.9,0.11331483145905227,0
243.91,0.08105934145290002,0
243.92000000000002,0.4079039861203654,0
243.93,-0.3291544274148448,0
243.94,0.170027017902613,0
243.95000000000002,-0.4223170366041274,0
243.96,0.631565414849257,0
243.97,0.4666092194106745,0
243.98000000000002,-0.22455413539122582,0
243.99,0.012039594941631968,0
244.0,-0.4264447263806706,0
244.01,0.7195572144704403,0
244.02,1.0692619192887123,0
244.03,0.6631717759190534,0
244.04,1.0198187024681657,0
244.05,0.3608013409050418,0
244.06,0.5217662864000864,0
244.07,0.8075777724766824,0
244.08,0.2237216874999457,0
244.09,0.11864027810247765,0
244.1,0.5516682664391939,0
244.11,0.5069618094072417,0
244.12,-0.25084854131715173,0
244.13,-1.2025967110139728,0
244.14000000000001,-0.3694863686315533,0
244.15,-1.1844559260358527,0
244.16,-0.7993106948704344,0
244.17000000000002,-0.6409027409001946,0
244.18,-0.4385756106551698,0
244.19,0.3516990262766188,0
244.20000000000002,0.6649149771624611,0
244.21,0.46149901417454425,0
244.22,0.4765135046682387,0
244.23000000000002,0.4928007254960485,0
244.24,-1.1822260132908031,0
244.25,-0.2659436076731141,0
244.26,-0.9990225753397615,0
244.27,0.04547847766166127,0
244.28,-1.0792261724152972,0
244.29,-0.34187985336147647,0
244.3,0.2302118569879263,0
244.31,-0.5137588109533356,0
244.32,0.40760015468700356,0
244.33,0.3955449830103372,0
244.34,0.32549815668044657,0
244.35,0.47685286025797524,0
244.36,-0.04834703597798131,0
244.37,0.09250036896360339,0
244.38,0.05212142969816009,0
244.39000000000001,0.0299496579291517,0
244.4,-0.3268322100713895,0
244.41,-0.7198810399135703,0
244.42000000000002,-0.3358815544226389,0
244.43,-0.26926029168869525,0
244.44,-0.4362555888012074,0
244.45000000000002,0.36803793186228856,0
244.46,-0.5089201145321783,0
244.47,-0.19529448720442272,0
244.48000000000002,0.5955220530001981,0
244.49,0.6562111162590711,0
244.5,0.8349178083865864,0
244.51,-0.08277780295325819,0
244.52,0.420029285814568,0
244.53,-0.4380406598862456,0
244.54,-0.2334430933056504,0
244.55,-0.1322139944448623,0
244.56,-0.31681206142309015,0
244.57,-0.2490266033816981,0
244.58,-0.30218313260639507,0
244.59,-0.5759330382327121,0
244.6,0.33481759114949383,0
244.61,0.00923231312727044,0
244.62,0.1322275548512102,0
244.63,0.14287971871469646,0
244.64000000000001,0.08742800941040024,0
244.65,0.09380147096241007,0
244.66,-0.11671382998220982,0
244.67000000000002,0.7486074849482938,0
244.68,0.6146733499231123,0
244.69,0.18581396034904468,0
244.70000000000002,-0.16930376191955754,0
244.71,-0.0833288173270163,0
244.72,0.22379778968995945,0
244.73000000000002,0.8769106150979581,0
244.74,-0.48981983340859653,0
244.75,0.2510054238548486,0
244.76,0.6848368709504771,0
244.77,-0.5984967979343414,0
244.78,-0.22411109503284316,0
244.79,-0.6009803470984072,0
244.8,0.10092622089518463,0
244.81,-0.1437454051367271,0
244.82,-0.08342406278941217,0
244.83,-0.2179833905465231,0
244.84,0.35074924211671055,0
244.85,0.23134651693953087,0
244.86,0.20246273541844445,0
244.87,0.15776031428146425,0
244.88,0.3658778595459389,0
244.89000000000001,-0.026515168662278918,0
244.9,0.9205766403622506,0
244.91,-0.4059861810439952,0
244.92000000000002,-0.99920918315116,0
244.93,-1.1916303155287982,0
244.94,-1.3840450497350174,0
244.95000000000002,0.033750146800970396,0
244.96,0.3232933830031832,0
244.97,0.7451983355171583,0
244.98000000000002,-0.35524764160416306,0
244.99,0.3292807334358351,0
245.0,0.13364750886628274,0
245.01,0.14314990240443523,0
245.02,0.3899368787208553,0
245.03,-0.28432092716260865,0
245.04,1.3276208727600478,0
245.05,1.0620365438088615,0
245.06,0.0031734843233401297,0
245.07,-0.5592882399734216,0
245.08,-0.16590099515018825,0
245.09,0.07627522936617065,0
245.1,0.6071962037155355,0
245.11,-0.44997792749651466,0
245.12,0.060103729857710064,0
245.13,-0.7787037405987783,0
245.14000000000001,0.0581828105972146,0
245.15,-0.022262820986481677,0
245.16,1.0461840108865672,0
245.17000000000002,-0.5413969448348419,0
245.18,0.6148641155835975,0
245.19,-0.7333597354236377,0
245.20000000000002,-0.8698934409874718,0
245.21,-1.090394289513884,0
245.22,-0.11912774392281106,0
245.23000000000002,-0.6347103563913531,0
245.24,-0.8566457981788641,0
245.25,-0.08615650269067823,0
245.26,0.2390294981877897,0
245.27,0.1009191173920061,0
245.28,-0.041258785343317034,0
245.29,0.9835011787508757,0
245.3,0.3433535940666163,0
245.31,0.5346710797178629,0
245.32,0.22951068437174127,0
245.33,-0.5075900139831274,0
245.34,0.18558538522594922,0
245.35,-0.2832322372787806,0
245.36,-0.09969656982291993,0
245.37,0.15723658393636225,0
245.38,-0.9750830565252289,0
245.39000000000001,-1.0814478123547155,0
245.4,0.2333548069868389,0
245.41,-0.2757737007525991,0
245.42000000000002,-0.3778424146780746,0
245.43,0.013446090546109363,0
245.44,-0.18279211350862543,0
245.45000000000002,0.19587130093083727,0
245.46,0.04089069411354326,0
245.47,0.1350909646249359,0
245.48000000000002,-0.32092813366422235,0
245.49,0.041885657450682456,0
245.5,0.6179500921619233,0
245.51,-0.12892036867065962,0
245.52,0.47410534741587956,0
245.53,0.10992305784734228,0
245.54,0.43743070041773635,0
245.55,0.19670371350591379,0
245.56,0.05011239603612057,0
245.57,0.21745860677168974,0
245.58,0.7192933989224375,0
245.59,0.32415696003724204,0
245.6,0.3544354157902578,0
245.61,-0.08910250928467855,0
245.62,0.832754724600943,0
245.63,0.567626895679599,0
245.64000000000001,0.20168353218825388,0
245.65,0.0034559590495926683,0
245.66,0.5399452058645922,0
245.67000000000002,-0.1695699308720119,0
245.68,-0.9736092707621485,0
245.69,-0.18666190091837476,0
245.70000000000002,0.6051970859817701,0
245.71,1.0168286118269845,0
245.72,0.2151288582864318,0
245.73000000000002,0.0950118256305436,0
245.74,0.3183969844104541,0
245.75,-0.043242215115757224,0
245.76,0.28208583812365323,0
245.77,0.04289218879752829,0
245.78,0.5671205477498005,0
245.79,0.5445591315660617,0
245.8,0.5853391664284149,0
245.81,0.05467856805010851,0
245.82,1.0569345182484944,0
245.83,0.5395326553423596,0
245.84,0.2841329418443348,0
245.85,-0.31668060038520035,0
245.86,-0.11339111362781722,0
245.87,0.049994772033184545,0
245.88,-0.3895778015350509,0
245.89000000000001,-0.23571612603347739,0
245.9,-0.12991778747265312,0
245.91,0.01456395761965167,0
245.92000000000002,-0.9178407747048778,0
245.93,-0.2843166591466047,0
245.94,-0.2548913486107294,0
245.95000000000002,-0.057748354812763775,0
245.96,0.5539382421854767,0
245.97,1.248469609791865,0
245.98000000000002,0.6903474066361541,0
245.99,-0.46785808685181773,0
246.0,-0.28401948293633517,0
246.01000000000002,0.2632110453853511,0
246.02,0.33997450304141447,0
246.03,0.6275399423817982,0
246.04,0.12176081267951144,0
246.05,-0.1464597582986292,0
246.06,0.9132473189634142,0
246.07,0.27614881877605757,0
246.08,-0.45582681964195026,0
246.09,0.6881128339838193,0
246.1,-0.6082283449692926,0
246.11,-1.996866710618583,0
246.12,-0.07310807951999738,0
246.13,0.48304441181915697,0
246.14000000000001,0.3575367078703535,0
246.15,-0.5879623766583273,0
246.16,-0.1621256616699964,0
246.17000000000002,-0.17249274174751023,0
246.18,-0.31311724039877137,0
246.19,0.6897866678727704,0
246.20000000000002,-0.3688925521887288,0
246.21,0.09211894463558246,0
246.22,0.674865147583856,0
246.23000000000002,0.38776869633558075,0
246.24,0.7737607881978117,0
246.25,0.5094755280356476,0
246.26000000000002,0.3718081015657758,0
246.27,0.30405791940136073,0
246.28,0.41840603405622667,0
246.29,-0.08504221739801893,0
246.3,-0.6989268004626236,0
246.31,0.3489154261478169,0
246.32,0.72144095066963,0
246.33,0.33004923486722826,0
246.34,-0.19405761696594562,0
246.35,-0.8626362262941385,0
246.36,-0.15458837715288307,0
246.37,-0.7416772867281604,0
246.38,-0.9630662482473107,0
246.39000000000001,-0.23655750367926878,0
246.4,-0.4506662218461134,0
246.41,0.08638822412901806,0
246.42000000000002,-0.0481102040662742,0
246.43,-0.32000058773227147,0
246.44,-0.972888257954007,0
246.45000000000002,-0.6824178539660469,0
246.46,-0.5902707469165267,0
246.47,-0.7851740684626735,0
246.48000000000002,-0.35665013066650486,0
246.49,-0.6852855938663506,0
246.5,-0.24373320033090723,0
246.51000000000002,0.08183906797051348,0
246.52,-0.40480193807022546,0
246.53,0.14000542572715632,0
246.54,-0.6753508580269492,0
246.55,-0.7465346064447071,0
246.56,-0.2323911714142832,0
246.57,0.322268399859716,0
246.58,0.5569384583902725,0
246.59,1.012297893498144,0
246.6,0.06689407472042488,0
246.61,-0.036851051214506554,0
246.62,-0.5448665383008485,0
246.63,-0.789651116634548,0
246.64000000000001,-0.06149193154695341,0
246.65,-0.4143957846528639,0
246.66,0.5668003848474723,0
246.67000000000002,-0.6229998593667052,0
246.68,0.11728009979212449,0
246.69,-0.49228375532167146,0
246.70000000000002,-0.5460429422692443,0
246.71,0.16448902919146094,0
246.72,-0.30494635227760797,0
246.73000000000002,-0.33709033368041014,0
246.74,-0.5029981683200279,0
246.75,0.8385769196687627,0
246.76000000000002,-0.10549582105154848,0
246.77,0.014730469978608912,0
246.78,-0.09023452883293372,0
246.79,0.10892060348553462,0
246.8,-0.2866141670726543,0
246.81,-0.16511314355358706,0
246.82,0.18195556961608889,0
246.83,-0.4006943642186677,0
246.84,0.4932847068082874,0
246.85,0.767945501832194,0
246.86,0.5282371470200663,0
246.87,0.18250089856860288,0
246.88,-1.5337874868704378,0
246.89000000000001,-0.14435116522664243,0
246.9,-0.23138139375079264,0
246.91,-0.17593365049650286,0
246.92000000000002,-1.0413842802232856,0
246.93,0.015484418267900691,0
246.94,-0.7546141965697521,0
246.95000000000002,-0.11269532881941186,0
246.96,0.4664389768602739,0
246.97,-0.12051532536975723,0
246.98000000000002,0.6302281050851236,0
246.99,-0.22751721473504705,0
247.0,0.275554747736652,0
247.01000000000002,-0.6133155126581269,0
247.02,0.40838239536689214,0
247.03,0.5811471864954285,0
247.04,0.4072175993301905,0
247.05,-0.09516168189173849,0
247.06,-0.7579756994097103,0
247.07,-0.3851363823053962,0
247.08,0.5073386799284978,0
247.09,0.2083468966985332,0
247.1,-0.7626993272488969,0
247.11,-0.7774132651915789,0
247.12,0.4851704031538054,0
247.13,0.39325763245075507,0
247.14000000000001,-0.5467419586937979,0
247.15,-1.0650029563914174,0
247.16,-0.5870998718331797,0
247.17000000000002,-1.1207230248311002,0
247.18,-0.3512446391959112,0
247.19,1.2296469691070435,0
247.20000000000002,-0.5311844757593942,0
247.21,-0.22006439015788282,0
247.22,0.6553857628002114,0
247.23000000000002,0.5744746864236675,0
247.24,0.07607940766508263,0
247.25,-0.04728774754517785,0
247.26000000000002,-0.615798560538898,0
247.27,-0.28494191346846043,0
247.28,0.0699069334694628,0
247.29,0.6174480761687642,0
247.3,-0.1644860587955555,0
247.31,-0.13084031971199794,0
247.32,-0.5268667904938801,0
247.33,-0.00043241251716093915,0
247.34,0.4285305462253692,0
247.35,0.45364866902184864,0
247.36,-0.498589558843168,0
247.37,-0.03531566857048694,0
247.38,-0.35844200017132666,0
247.39000000000001,0.45984671287490064,0
247.4,0.040052246240488726,0
247.41,-0.7882282297720711,0
247.42000000000002,-0.30319888474192225,0
247.43,0.17922170515221109,0
247.44,0.1855736728777578,0
247.45000000000002,-0.21537176837736016,0
247.46,-0.35477963563046533,0
247.47,-0.603875995466261,0
247.48000000000002,-0.3505295152504314,0
247.49,-0.5326962229315348,0
247.5,0.3940039998082845,0
247.51000000000002,-0.3708555032095537,0
247.52,-0.017104433428814785,0
247.53,0.0350890652099255,0
247.54,0.5227776833477364,0
247.55,0.7211833649946323,0
247.56,0.5612440827835232,0
247.57,0.33853529828518825,0
247.58,-0.46357189789999803,0
247.59,-0.6749108942942307,0
247.6,-0.6089370628158518,0
247.61,0.25829870173135466,0
247.62,0.11369176343459853,0
247.63,0.5010375842217037,0
247.64000000000001,0.669268994510374,0
247.65,-0.20933811041911773,0
247.66,-0.025356476485842504,0
247.67000000000002,-0.003403615931393593,0
247.68,-0.16559654470549567,0
247.69,-0.31645119319406934,0
247.70000000000002,0.5615395655804165,0
247.71,0.17774775542663412,0
247.72,0.06108083652016224,0
247.73000000000002,-0.40263558976665154,0
247.74,0.2684748174741829,0
247.75,-0.4586193671391506,0
247.76000000000002,0.13707317207749906,0
247.77,0.3005049475836182,0
247.78,-0.1351622734104283,0
247.79,0.144718363428464,0
247.8,0.14436091698481246,0
247.81,0.024392792316429678,0
247.82,0.022212536803275083,0
247.83,0.047633074487814675,0
247.84,0.09022748186489045,0
247.85,0.06373227457758147,0
247.86,-0.562861351864774,0
247.87,-0.21276317541679338,0
247.88,0.09687124256555774,0
247.89000000000001,0.08495278436653847,0
247.9,0.5380268126452271,0
247.91,0.473565387449157,0
247.92000000000002,-0.33633391666735574,0
247.93,-0.16406210228840104,0
247.94,-0.1980993603187032,0
247.95000000000002,-0.0431689516132379,0
247.96,-0.003750613522909365,0
247.97,0.33330620483808254,0
247.98000000000002,0.18630489755651236,0
247.99,0.7103872269066082,0
248.0,0.31439963209840155,0
248.01000000000002,-0.355300912420256,0
248.02,-0.3292930277352401,0
248.03,0.24754897192005093,0
248.04,-0.7894231992666827,0
248.05,-0.9058358123884261,0
248.06,-0.21255591470635335,0
248.07,0.4614246313527507,0
248.08,0.8195203458010957,0
248.09,0.09734313002862421,0
248.1,0.5973016058392172,0
248.11,0.1958054998951754,0
248.12,-0.7586284372655302,0
248.13,-0.18604786824938235,0
248.14000000000001,-0.3682343612171048,0
248.15,0.4047573503695542,0
248.16,0.0952997139176464,0
248.17000000000002,-0.6489677501507511,0
248.18,-0.9531941449251521,0
248.19,-0.24181468034887482,0
248.20000000000002,-1.3416905815462954,0
248.21,-0.6037921134657869,0
248.22,-0.020386767768466867,0
248.23000000000002,-0.5605080374134095,0
248.24,0.39665099268453546,0
248.25,0.7408181949107085,0
248.26000000000002,-0.3488643033388604,0
248.27,-0.23861721050069806,0
248.28,0.47733038376237796,0
248.29,0.12586952473753105,0
248.3,-0.7039506488241051,0
248.31,-0.24516259028571943,0
248.32,-0.5083987499078211,0
248.33,0.47011864580337104,0
248.34,0.44723144196762216,0
248.35,-0.04829948423104212,0
248.36,0.07056089640268692,0
248.37,-0.6720859602808067,0
248.38,-0.562582245151295,0
248.39000000000001,0.6933402462194114,0
248.4,0.20860111303893317,0
248.41,0.5541789972846874,0
248.42000000000002,0.268782831530711,0
248.43,0.7737376716445754,0
248.44,-0.8644186791477075,0
248.45000000000002,-0.30978123107100436,0
248.46,0.80497242124941,0
248.47,0.7169103753714632,0
248.48000000000002,0.8914638950633026,0
248.49,0.22565015373104297,0
248.5,-0.2232713186365697,0
248.51000000000002,-0.5965171947593503,0
248.52,-0.7270225995565315,0
248.53,0.2542497008220987,0
248.54,0.3430402172890251,0
248.55,0.05643983800932906,0
248.56,0.29082951729173484,0
248.57,0.15461574765089653,0
248.58,0.5570741829810959,0
248.59,0.6525708757646159,0
248.6,-0.39855203257724336,0
248.61,0.0519664986683481,0
248.62,-0.8699026513820464,0
248.63,-0.14084376154868872,0
248.64000000000001,0.2923536851257507,0
248.65,-0.6208044235108935,0
248.66,-0.3713155709652917,0
248.67000000000002,-0.0821315142738492,0
248.68,0.10961693887450645,0
248.69,-0.11542251826890419,0
248.70000000000002,-0.6476431789130741,0
248.71,-0.18521672438195663,0
248.72,-0.9207696111957087,0
248.73000000000002,-0.3487120769721875,0
248.74,-0.31689729069528216,0
248.75,-0.1454401669307928,0
248.76000000000002,-0.32897569921084313,0
248.77,-0.8799364331974309,0
248.78,-0.40991656850733793,0
248.79,0.39833123845790636,0
248.8,0.7764286256435657,0
248.81,1.498169702070018,0
248.82,1.280394614777953,0
248.83,-0.3123665230968578,0
248.84,-0.2906949919523674,0
248.85,-0.0799462297289471,0
248.86,-0.06073088286336987,0
248.87,0.026623151687754358,0
248.88,1.2935175438075854,0
248.89000000000001,-0.248158983223724,0
248.9,-0.43737039616891915,0
248.91,0.7706600155973591,0
248.92000000000002,-0.1308016987193556,0
248.93,0.18141780408628566,0
248.94,0.6008262277797038,0
248.95000000000002,0.4137223317722303,0
248.96,0.20994807459050396,0
248.97,0.5566834625957295,0
248.98000000000002,-0.3321088052701643,0
248.99,-0.34308964497543415,0
249.0,0.20369948299782165,0
249.01000000000002,-1.0469407632911074,0
249.02,0.4967868273708487,0
249.03,0.2898627002613577,0
249.04,0.15801695920088404,0
249.05,-0.8247871747648111,0
249.06,-0.8873897360811903,0
249.07,-0.43017793625136475,0
249.08,0.32632728818631135,0
249.09,-1.02044476149131,0
249.1,0.16852299826807063,0
249.11,-0.14583882098245513,0
249.12,-0.15172317304235647,0
249.13,0.10079138682032619,0
249.14000000000001,0.1722513790156922,0
249.15,-0.3327402332456811,0
249.16,0.25314940761939236,0
249.17000000000002,-1.1683683738243822,0
249.18,-0.52849295099098,0
249.19,-0.04686162049563393,0
249.20000000000002,-0.1920347861016439,0
249.21,-1.0175668766278274,0
249.22,0.15257803962708355,0
249.23000000000002,-0.6234148601002285,0
249.24,-0.1885985994132233,0
249.25,0.03751296877011026,0
249.26000000000002,0.02306081208468125,0
249.27,0.631386199066406,0
249.28,0.13252148240987788,0
249.29,0.26376214933400594,0
249.3,0.039123999610335865,0
249.31,0.33911362820038976,0
249.32,0.8297332515752274,0
249.33,0.28350631577721214,0
249.34,0.49002416090863465,0
249.35,0.900262279149914,0
249.36,0.9505139076210696,0
249.37,0.03510584364717802,0
249.38,0.5633283236263102,0
249.39000000000001,0.27588422305302346,0
249.4,0.6664657069111554,0
249.41,0.4719223027764059,0
249.42000000000002,0.26722906979814764,0
249.43,0.30031581609604846,0
249.44,0.21336288623518485,0
249.45000000000002,0.21240176292643392,0
249.46,-0.02920745510627495,0
249.47,-0.13912041269739808,0
249.48000000000002,0.9063637506806382,0
249.49,0.4830400829243857,0
249.5,-0.18243872161974567,0
249.51000000000002,-0.19128031989131525,0
249.52,0.5166962435940998,0
249.53,-0.26089218209481396,0
249.54,-0.8525182721755956,0
249.55,-0.9612840361477676,0
249.56,-1.1592095082721197,0
249.57,-0.9796575411019471,0
249.58,-0.8720000033772691,0
249.59,0.5214123450081583,0
249.6,0.10744328975608633,0
249.61,-0.16494994935686028,0
249.62,-0.8083083198905254,0
249.63,-0.2767418872307597,0
249.64000000000001,-0.9928612052932474,0
249.65,-0.44347272869414206,0
249.66,0.9899755870516503,0
249.67000000000002,0.6023780824023413,0
249.68,0.04021261219884222,0
249.69,0.38312914436055273,0
249.70000000000002,-0.1806996381838329,0
249.71,-0.4703482268451937,0
249.72,0.7910953372148579,0
249.73000000000002,-0.40939668417604885,0
249.74,-0.28984265278436266,0
249.75,0.09155897043614057,0
249.76000000000002,-0.47468421129177524,0
249.77,0.22876030853745727,0
249.78,-0.10516339679972994,0
249.79,0.3281412720919883,0
249.8,0.3949266115387683,0
249.81,-0.029889188315608047,0
249.82,0.9042629428777024,0
249.83,-0.12754215243220257,0
249.84,0.6870999243330275,0
249.85,0.7980903345001094,0
249.86,1.1431593334493253,0
249.87,0.37901801316347866,0
249.88,-0.32470035523129603,0
249.89000000000001,1.0252446052408521,0
249.9,0.07848081168699522,0
249.91,-0.4132522962632879,0
249.92000000000002,-0.2040560442731489,0
249.93,-0.5735161398028346,0
249.94,0.13705407184560603,0
249.95000000000002,-0.28807830072935314,0
249.96,-0.22495950921158042,0
249.97,0.45924953944839614,0
249.98000000000002,0.4470216654164473,0
249.99,0.12008302431709045,0
250.0,0.1210027894450703,0
250.01000000000002,0.03672059702111953,0
250.02,-0.22052406478469558,0
250.03,-0.05661792369753545,0
250.04,0.24705218414150404,0
250.05,-0.005648924352534031,0
250.06,0.22186020614678748,0
250.07,-0.3904015494534743,0
250.08,-0.4195484483590078,0
250.09,-0.4963344754534115,0
250.1,-0.42547422375673627,0
250.11,0.5786200109816805,0
250.12,0.5307731506698243,0
250.13,-0.44137167591993226,0
250.14000000000001,0.12203243297915602,0
250.15,-0.17814103176169704,0
250.16,-0.4086217933597575,0
250.17000000000002,-0.8940991543493138,0
250.18,0.29327859921458616,0
250.19,-0.6538054476049137,0
250.20000000000002,-0.19198594258488763,0
250.21,-0.5528453126700036,0
250.22,0.2740057121693072,0
250.23000000000002,-0.110542280986525,0
250.24,-0.1002736674994872,0
250.25,-0.07978736713651711,0
250.26000000000002,0.14006569722378512,0
250.27,0.040782691816036276,0
250.28,-0.014050460198508025,0
250.29,-0.28082396523364145,0
250.3,-0.910091283190523,0
250.31,-0.824519453878675,0
250.32,0.17511462384595228,0
250.33,-0.12049465572550842,0
250.34,-0.38518833800445706,0
250.35,-0.846395312665181,0
250.36,-1.1289123822783547,0
250.37,-0.6582938296981842,0
250.38,0.30672023812605675,0
250.39000000000001,-0.22164755769005828,0
250.4,0.15615022256685018,0
250.41,-0.2838659751271311,0
250.42000000000002,0.26745717237290295,0
250.43,-0.12229314406782554,0
250.44,-0.6884751772716221,0
250.45000000000002,-0.3172683340111519,0
250.46,0.8953877482337075,0
250.47,1.1750159858671818,0
250.48000000000002,0.5508003352442323,0
250.49,0.0626192585925525,0
250.5,0.17535864050429878,0
250.51000000000002,0.21039769901743482,0
250.52,0.029138933409450892,0
250.53,0.23984115526344077,0
250.54,0.16854422745159522,0
250.55,-0.12847696335503403,0
250.56,-0.6710245733243493,0
250.57,-0.41518529201262494,0
250.58,0.31950181038218367,0
250.59,0.06060450430533651,0
250.6,0.1725058623081275,0
250.61,-0.11019027495189758,0
250.62,-0.5944639556938236,0
250.63,-0.27838052087337767,0
250.64000000000001,-0.6168171039713454,0
250.65,-0.735462113951254,0
250.66,0.45536541322403623,0
250.67000000000002,-0.11272463673495373,0
250.68,-0.42594568202195804,0
250.69,0.7521938839553141,0
250.70000000000002,0.6190741052437149,0
250.71,-0.046098206333861066,0
250.72,0.21313946375417223,0
250.73000000000002,-0.07539049632024059,0
250.74,-0.3908761183471299,0
250.75,0.15187619102555666,0
250.76000000000002,-0.1379700894042434,0
250.77,0.0024334674976171644,0
250.78,0.5411985002820189,0
250.79,0.6171885424941826,0
250.8,-0.14205344768190184,0
250.81,0.21986665115897747,0
250.82,-0.5491478199004506,0
250.83,0.09904073454759707,0
250.84,0.1002630616813944,0
250.85,0.2232671291374838,0
250.86,-0.10624390256827941,0
250.87,1.079577089219447,0
250.88,-0.2138252138360973,0
250.89000000000001,0.46014114636979553,0
250.9,-0.43821082676973666,0
250.91,0.15515550578905432,0
250.92000000000002,0.3415021083514184,0
250.93,0.11069452426231313,0
250.94,-0.2401040330803034,0
250.95000000000002,0.011090930917805567,0
250.96,0.1408803934083906,0
250.97,0.9842971745795874,0
250.98000000000002,-0.22264713270775954,0
250.99,-0.35591718504073383,0
251.0,0.05839814067511167,0
251.01000000000002,-0.1260547775328323,0
251.02,-0.08912810331817415,0
251.03,0.5433366001766767,0
251.04,-1.370480857444431,0
251.05,-0.6655154653627884,0
251.06,-1.0987603769912946,0
251.07,-0.9160553774996136,0
251.08,1.0469400624890715,0
251.09,0.5756449304628627,0
251.1,0.6459750067070813,0
251.11,0.11388845002102836,0
251.12,0.4277511371187098,0
251.13,-0.8386251915336845,0
251.14000000000001,0.3384266178839402,0
251.15,-0.3568791243188845,0
251.16,-0.3770964524871662,0
251.17000000000002,0.16976195801542907,0
251.18,0.20594250060769007,0
251.19,0.09148938148789862,0
251.20000000000002,-0.7081261183113468,0
251.21,-0.1290213711316259,0
251.22,0.47409089798597764,0
251.23000000000002,-0.17027427056563638,0
251.24,0.6524104753141265,0
251.25,-0.30695016192203034,0
251.26000000000002,-0.07860651868158207,0
251.27,0.7925661232791215,0
251.28,-0.17016860123786712,0
251.29,0.5132591826547227,0
251.3,1.174361297679627,0
251.31,0.3791095450962407,0
251.32,-0.191487843467971,0
251.33,-0.46503506762412794,0
251.34,0.5727932643177344,0
251.35,0.8173457295352416,0
251.36,0.9703650145009799,0
251.37,0.21928176443881087,0
251.38,0.6016249132839705,0
251.39000000000001,0.11849091400268101,0
251.4,-0.44658418770712743,0
251.41,0.4810263502974664,0
251.42000000000002,0.9843163653816316,0
251.43,-0.30350341881021137,0
251.44,-0.6355278142348162,0
251.45000000000002,-0.1437508874268119,0
251.46,0.46703135705160814,0
251.47,-0.49328621887889174,0
251.48000000000002,-0.008715442772791328,0
251.49,-0.3229321087133029,0
251.5,0.2861106948947507,0
251.51000000000002,-0.3597899452034584,0
251.52,0.31460765176324457,0
251.53,-0.012102520549636248,0
251.54,-0.5086277719835682,0
251.55,-0.09982395464356707,0
251.56,-1.063621508644887,0
251.57,-0.5703117537565251,0
251.58,0.03038884381775648,0
251.59,-0.9426780956589752,0
251.6,-1.6116862658302018,0
251.61,-1.6555552048321054,0
251.62,0.2859733791265827,0
251.63,0.0236936323727985,0
251.64000000000001,-0.28459832843003724,0
251.65,0.4251710979354445,0
251.66,-0.11614074648887769,0
251.67000000000002,0.10683807564025849,0
251.68,0.03329067150029141,0
251.69,-0.249677911862405,0
251.70000000000002,0.08700443326102661,0
251.71,0.42627848290060616,0
251.72,0.0007965616087727469,0
251.73000000000002,-0.252409014992898,0
251.74,-0.2528905878492282,0
251.75,-1.2943727167658627,0
251.76000000000002,-0.18032705883349878,0
251.77,-0.696491471037275,0
251.78,0.1536668370598493,0
251.79,-0.01733731157486394,0
251.8,0.04400403987261464,0
251.81,0.3762663215313421,0
251.82,-0.4070668905328799,0
251.83,0.08710182158957708,0
251.84,0.15648152602259854,0
251.85,-0.06713578943994294,0
251.86,-0.5189719596753131,0
251.87,0.17930391212518876,0
251.88,0.411459501207128,0
251.89000000000001,0.15533885955855178,0
251.9,-0.5392044043933149,0
251.91,-0.4237939819164622,0
251.92000000000002,-0.14622779438142533,0
251.93,0.32189834185861677,0
251.94,-0.7710238731490244,0
251.95000000000002,-0.5012780594519066,0
251.96,-0.3480760219916337,0
251.97,-0.13969891237770637,0
251.98000000000002,-0.7363300408448714,0
251.99,-0.30837244566354033,0
252.0,-0.2509249043949085,0
252.01000000000002,-0.6238160842091707,0
252.02,-0.22734885488643233,0
252.03,-0.3536440415633358,0
252.04,0.1668485446057899,0
252.05,-0.43845576320283247,0
252.06,-0.07051619222174949,0
252.07,-0.45690893449419007,0
252.08,-0.44244413139933775,0
252.09,0.03883829789144838,0
252.1,0.1257938240931983,0
252.11,-0.19958402475414772,0
252.12,-0.20236240792067398,0
252.13,-0.8337252521841106,0
252.14000000000001,0.5295097634940997,0
252.15,0.4893495953533654,0
252.16,0.4600915694954338,0
252.17000000000002,-0.7435950482712906,0
252.18,-0.5122675427720051,0
252.19,-0.31551608519282187,0
252.20000000000002,-1.116571184316808,0
252.21,0.18541077506965842,0
252.22,0.8111789218173316,0
252.23000000000002,1.2913869800041209,0
252.24,-0.24362619489088577,0
252.25,-0.007972890991798093,0
252.26000000000002,0.6928665889487274,0
252.27,0.02852612754518949,0
252.28,-0.3044815008150326,0
252.29,-1.0795547477011322,0
252.3,0.32351614053078137,0
252.31,0.06082324227375071,0
252.32,-0.3830354212310723,0
252.33,0.04552188624730196,0
252.34,0.08293571337173335,0
252.35,0.10037007261563931,0
252.36,-0.10052984022394616,0
252.37,0.8287781441710865,0
252.38,0.12592154205351624,0
252.39000000000001,0.8836896880933224,0
252.4,0.511155590121125,0
252.41,0.3045781686434223,0
252.42000000000002,0.0055583176136738185,0
252.43,0.5097501479142977,0
252.44,0.1772617353044763,0
252.45000000000002,-0.4624673859918493,0
252.46,-0.640207790113395,0
252.47,0.0544614045370578,0
252.48000000000002,-0.4801126654874492,0
252.49,-0.16372743176728807,0
252.5,0.5114548724892036,0
252.51000000000002,0.2790950587258061,0
252.52,-0.32547418266831346,0
252.53,0.6587715286277617,0
252.54,0.44568559768727367,0
252.55,0.6426196468558025,0
252.56,-1.0577543162564416,0
252.57,-0.09914455412866699,0
252.58,0.4127535683937129,0
252.59,0.9976707582974303,0
252.6,-0.5411406590458433,0
252.61,0.49594770342285277,0
252.62,0.9885695037576365,0
252.63,-0.8382850599235299,0
252.64000000000001,0.034103123869693684,0
252.65,0.326196182400317,0
252.66,-0.10387067613414647,0
252.67000000000002,-0.29827904979337366,0
252.68,0.2697249415942058,0
252.69,-0.2714714157285705,0
252.70000000000002,-0.19500617680635254,0
252.71,0.3724110496550597,0
252.72,1.0156626610049704,0
252.73000000000002,0.5288392597590266,0
252.74,0.19168084993521353,0
252.75,-0.23873597338489394,0
252.76000000000002,-0.6095626236085504,0
252.77,0.426758120035249,0
252.78,0.013189196197578908,0
252.79,0.6042622466900274,0
252.8,-0.03629965513583059,0
252.81,-0.3667533997322852,0
252.82,0.12045029014740893,0
252.83,-0.022639265195937956,0
252.84,-0.6596821692120227,0
252.85,0.7908139916357374,0
252.86,-0.148307694694853,0
252.87,0.4447358012510942,0
252.88,0.5472976645729396,0
252.89000000000001,-0.5461305950645633,0
252.9,-0.6826282653572295,0
252.91,-0.3435524644017434,0
252.92000000000002,-0.5592485941743511,0
252.93,0.7671712912819245,0
252.94,0.07273472955146425,0
252.95000000000002,0.4795067075823871,0
252.96,0.38086485548949217,0
252.97,0.2232335017143352,0
252.98000000000002,0.06465473291151774,0
252.99,0.6623110950266567,0
253.0,-0.2865236766008811,0
253.01000000000002,0.8349508886230372,0
253.02,-0.4895486114437786,0
253.03,0.2809585560106934,0
253.04,-0.6909385280982946,0
253.05,-0.35378002208528403,0
253.06,-0.05171737544619938,0
253.07,-0.28511707917968687,0
253.08,-0.18107216392261202,0
253.09,-0.7969682159543978,0
253.1,-0.7382258954095442,0
253.11,0.06761320744033708,0
253.12,0.019488655391316216,0
253.13,-0.3761163783806852,0
253.14000000000001,0.5978952722994814,0
253.15,-0.5135246231157081,0
253.16,-0.3343252047690385,0
253.17000000000002,-0.3662875771369887,0
253.18,0.22248868701543445,0
253.19,0.06776031660871516,0
253.20000000000002,-0.054214543243731955,0
253.21,-1.009258887444306,0
253.22,0.19470957554195212,0
253.23000000000002,-0.08100164145510896,0
253.24,0.027621938835039682,0
253.25,-0.40549409598667197,0
253.26000000000002,-0.5975646354640047,0
253.27,0.6351848716830408,0
253.28,-0.799405339839995,0
253.29,-0.7751811006649899,0
253.3,0.5806451754065756,0
253.31,0.47236547140874346,0
253.32,-0.06928680101488356,0
253.33,0.6324347406696985,0
253.34,0.3819353658468519,0
253.35,0.2051993930696703,0
253.36,0.1571933530360257,0
253.37,0.272785788586917,0
253.38,0.32318516015199195,0
253.39000000000001,1.2358768457601286,0
253.4,0.19078744772203837,0
253.41,-0.05410058306006717,0
253.42000000000002,-0.6866929202919858,0
253.43,-0.21383107464341058,0
253.44,0.924032383307719,0
253.45000000000002,0.7406762553285335,0
253.46,-0.11899997205113493,0
253.47,-0.02844077779453305,0
253.48000000000002,-0.7122401937151009,0
253.49,-0.7089231838936723,0
253.5,-0.11246312539777197,0
253.51000000000002,-0.30628731326915404,0
253.52,-0.6477570817270248,0
253.53,0.08397706217475197,0
253.54,-0.03778995833170675,0
253.55,-0.8592484454262385,0
253.56,-1.3349681567605027,0
253.57,-0.6524024804566236,0
253.58,-1.024059006273098,0
253.59,-1.2664691784052415,0
253.6,0.26936323606876433,0
253.61,2.8979847931123043e-05,0
253.62,-0.15667165527820404,0
253.63,-0.15486201750674886,0
253.64000000000001,-0.6600545738351846,0
253.65,0.03840023796551438,0
253.66,-0.07548987221527151,0
253.67000000000002,-0.4377486581389609,0
253.68,-0.44859225043441653,0
253.69,-0.7814264652330027,0
253.70000000000002,-0.42735066882282713,0
253.71,-0.2501453676108878,0
253.72,-0.3084818474655103,0
253.73000000000002,-0.06353012340201243,0
253.74,-0.07351617437359245,0
253.75,0.08864794353179677,0
253.76000000000002,0.5084869929793369,0
253.77,0.42697827442013686,0
253.78,0.5991059320419408,0
253.79,-0.31770516073446103,0
253.8,-0.3663569246532356,0
253.81,0.24035674611329388,0
253.82,0.4015154463761386,0
253.83,-0.27721172509461967,0
253.84,0.24014386133296664,0
253.85,-0.4587132563986228,0
253.86,0.12517368563887352,0
253.87,0.0009206958540124953,0
253.88,-0.7534415629279143,0
253.89000000000001,-0.4359729729486172,0
253.9,1.036646260638773,0
253.91,0.35061235363595267,0
253.92000000000002,1.296144855836023,0
253.93,-0.4615262955253754,0
253.94,0.2677521279811705,0
253.95000000000002,-1.299389903344622,0
253.96,-0.3417194989693154,0
253.97,0.2339270471800565,0
253.98000000000002,0.48785724727582486,0
253.99,-0.32054738419509343,0
254.0,0.4563010342243268,0
254.01000000000002,-0.18710292743219814,0
254.02,-0.1511615058609543,0
254.03,-0.28558984887320316,0
254.04,-0.6936468581045201,0
254.05,0.6453952630035953,0
254.06,0.16975410524605636,0
254.07,0.6042660450329506,0
254.08,0.6901623181743926,0
254.09,-0.36021328830231875,0
254.1,0.5402437285070073,0
254.11,0.38577130948063443,0
254.12,-0.4752913996933169,0
254.13,0.10274678899089112,0
254.14000000000001,-0.5365808495177762,0
254.15,0.7038074089450295,0
254.16,0.5917370328050102,0
254.17000000000002,0.0924183401394936,0
254.18,0.6789883556312255,0
254.19,-0.6904276077289132,0
254.20000000000002,-0.5894099839099007,0
254.21,-0.29956921968039035,0
254.22,1.0978522961327657,0
254.23000000000002,-0.31348484679968713,0
254.24,-1.005491695667677,0
254.25,-1.0385208916436726,0
254.26000000000002,0.20495794493443203,0
254.27,-0.2832343734704248,0
254.28,-0.17361525871740968,0
254.29,0.34470215283876043,0
254.3,-0.01618122184150658,0
254.31,0.08645696666060845,0
254.32,0.28838031921876717,0
254.33,-0.17555194473601682,0
254.34,-0.15079620383088987,0
254.35,0.07277034993397855,0
254.36,0.4621064086341035,0
254.37,-0.32490197854889774,0
254.38,-1.7082944110008378,0
254.39000000000001,-0.08371936314852042,0
254.4,0.45452200547681254,0
254.41,0.20152436332024576,0
254.42000000000002,0.17458347943471644,0
254.43,-0.27558403716347,0
254.44,0.17871243600262868,0
254.45000000000002,0.4802208258552076,0
254.46,0.13130102892814327,0
254.47,1.3406204303034073,0
254.48000000000002,-0.5165161693662912,0
254.49,-0.06131210879775699,0
254.5,-0.6597200259247263,0
254.51000000000002,0.28456942987394385,0
254.52,-0.7901402872041728,0
254.53,-0.9270283511358662,0
254.54,-0.5881263108023255,0
254.55,-0.02468325942350827,0
254.56,-0.34253875489641783,0
254.57,-0.4167030175573631,0
254.58,-0.2198483152006993,0
254.59,-0.20334729578393945,0
254.6,0.7218567697621472,0
254.61,0.5262686627721834,0
254.62,-0.06079049882492985,0
254.63,1.0819841642836925,0
254.64000000000001,0.5127302736276721,0
254.65,-0.40745825976934574,0
254.66,0.01506185782903834,0
254.67000000000002,0.26922681801488524,0
254.68,-0.3186373553525985,0
254.69,-0.6599588291837049,0
254.70000000000002,-0.13879038196924748,0
254.71,-0.24641330165370476,0
254.72,0.7061576836255504,0
254.73000000000002,0.5512625821127546,0
254.74,-0.2234298976233556,0
254.75,0.15091768526188018,0
254.76000000000002,0.69242616034123,0
254.77,-0.5892787441384322,0
254.78,-0.7121621775051054,0
254.79,-0.20420701470838898,0
254.8,-0.05235296009355757,0
254.81,-0.06118747404960466,0
254.82,-0.20114059692855327,0
254.83,-0.24430940060670173,0
254.84,0.12312628048463906,0
254.85,0.6141768441430996,0
254.86,-0.12309081607086186,0
254.87,1.2472083402153822,0
254.88,1.3353451510798158,0
254.89000000000001,1.0210758607318573,0
254.9,0.5660857150910085,0
254.91,1.1901265659964835,0
254.92000000000002,0.12227407915675893,0
254.93,-0.4336252427681213,0
254.94,-0.4093492275806045,0
254.95000000000002,-0.6573256146637151,0
254.96,-0.12039553500958831,0
254.97,0.10860210160936974,0
254.98000000000002,0.11309385048856993,0
254.99,0.0006007055042540968,0
255.0,0.04996536586342454,0
255.01000000000002,0.9160089628918363,0
255.02,0.5380240946285737,0
255.03,0.6045551900115964,0
255.04,0.23148025830472627,0
255.05,-0.823790346348517,0
255.06,-1.193248055747084,0
255.07,0.7894718154924801,0
255.08,-0.10727359614438667,0
255.09,-0.3767293021972355,0
255.1,0.015131273259867052,0
255.11,0.2753394294954749,0
255.12,0.4076937989537611,0
255.13,1.0252281956790685,0
255.14000000000001,1.0338247952236101,0
255.15,-0.1951131300878378,0
255.16,0.445346541239827,0
255.17000000000002,-0.11500735735471973,0
255.18,-0.12382374818957599,0
255.19,-0.6354289722375422,0
255.20000000000002,-1.082405014236009,0
255.21,-0.3093774366446079,0
255.22,-0.608448442984949,0
255.23000000000002,0.3199296979102447,0
255.24,-0.09179486778218887,0
255.25,0.11925162529508457,0
255.26000000000002,0.7358921252567243,0
255.27,-0.6292169238871604,0
255.28,-0.5654480523302379,0
255.29,-0.06733623360621172,0
255.3,0.1272537222551865,0
255.31,0.597080451363543,0
255.32,0.5886338718099694,0
255.33,0.17631166318038483,0
255.34,0.18314265675414015,0
255.35,0.1995447519854003,0
255.36,-0.7553794254120798,0
255.37,-0.29475388044878603,0
255.38,0.0359571481358618,0
255.39000000000001,0.23046710638414342,0
255.4,-0.45739749699107524,0
255.41,-0.8128286650057672,0
255.42000000000002,-0.35094528728433566,0
255.43,0.9370726193760305,0
255.44,-0.2249342988685096,0
255.45000000000002,0.545958723726478,0
255.46,0.9574119955428657,0
255.47,0.24051666734946126,0
255.48000000000002,-0.32500416372188606,0
255.49,0.16871155838537583,0
255.5,0.12284370737122076,0
255.51000000000002,-0.45000707048602634,0
255.52,-0.4865938449591964,0
255.53,0.09660091110579627,0
255.54,0.4979007517190681,0
255.55,-0.07080280679576226,0
255.56,-0.0779390900356955,0
255.57,0.3131249978312486,0
255.58,-0.03707937805776086,0
255.59,-0.1922187593211357,0
255.6,-0.4738885045909042,0
255.61,-0.5535835941094743,0
255.62,1.2592069784314401,0
255.63,0.18660482854213783,0
255.64000000000001,0.7498387464032735,0
255.65,1.0604498980136359,0
255.66,0.1435114567694344,0
255.67000000000002,0.20820127816426387,0
255.68,0.08270384458011593,0
255.69,-0.8618292206603255,0
255.70000000000002,-1.0659403309350102,0
255.71,-0.2645157389988969,0
255.72,-0.31649596997639984,0
255.73000000000002,0.9040820993785337,0
255.74,0.07586864120602668,0
255.75,1.0336956600964697,0
255.76000000000002,-0.019522576853128547,0
255.77,0.9891406962487567,0
255.78,0.4926399284688868,0
255.79,0.3987572229732928,0
255.8,-0.19725994995431348,0
255.81,0.23345539611812582,0
255.82,0.9352936291678451,0
255.83,0.1321565518824192,0
255.84,-0.1722841201915423,0
255.85,-0.19910465916507805,0
255.86,0.7883250391746931,0
255.87,0.6278792466768561,0
255.88,0.9031623573671896,0
255.89000000000001,0.36801633234901265,0
255.9,0.08811226469589878,0
255.91,0.22292107000700961,0
255.92000000000002,0.6007138831471064,0
255.93,-0.006375535468028819,0
255.94,0.7022786121871164,0
255.95000000000002,0.34534976185255134,0
255.96,-1.2201692831420743,0
255.97,0.14032880476727821,0
255.98000000000002,-0.6676265875409565,0
255.99,0.2654301932281826,0
256.0,0.5212033866577087,0
256.01,0.2806947039111086,0
256.02,0.334376006714562,0
256.03000000000003,0.6434131756190186,0
256.04,-0.12849542280146492,0
256.05,0.3649545317830482,0
256.06,0.685097338761496,0
256.07,1.0830468308821273,0
256.08,-0.3436799918118463,0
256.09000000000003,0.10601312873416843,0
256.1,-0.5111809278666509,0
256.11,-0.6881177039640642,0
256.12,-0.006574433458085983,0
256.13,0.013823117916508601,0
256.14,0.5873868791047056,0
256.15,-0.06336820916217717,0
256.16,-0.11313421628823242,0
256.17,0.058403588496825525,0
256.18,-0.47034090182973953,0
256.19,-0.5286742303478403,0
256.2,0.4361231679560682,0
256.21,-0.2094184633573659,0
256.22,0.5512031723581315,0
256.23,0.435022259532868,0
256.24,-0.7415943052379492,0
256.25,0.07077040117133879,0
256.26,0.2696139154913904,0
256.27,0.2662690342815003,0
256.28000000000003,-0.03538714277628802,0
256.29,-0.5359070799338965,0
256.3,0.5564464323312454,0
256.31,0.05849318673285294,0
256.32,-0.48238651627143736,0
256.33,0.0964154157890589,0
256.34000000000003,-0.39809997830230076,0
256.35,-0.6316352692116726,0
256.36,-0.38459094977671004,0
256.37,-0.477266416804755,0
256.38,-0.6319298559499841,0
256.39,0.24460687336039683,0
256.4,-0.026360104307167065,0
256.41,0.6333574544235536,0
256.42,-0.32369388005417143,0
256.43,-1.027928581733865,0
256.44,-0.20481589614919238,0
256.45,0.9100697866354266,0
256.46,0.4831451043590381,0
256.47,1.805903567415343,0
256.48,0.6010852308627219,0
256.49,0.24844617026444588,0
256.5,-1.1130010992672843,0
256.51,-0.07770046487361668,0
256.52,0.043007997152357494,0
256.53000000000003,-0.23364367525962051,0
256.54,-0.15872115229723485,0
256.55,-0.10345803822497995,0
256.56,-0.14923603710170125,0
256.57,1.0479437515003382,0
256.58,0.03685369984730664,0
256.59000000000003,0.07170268430187023,0
256.6,-0.22488324349377065,0
256.61,0.33322541227849134,0
256.62,0.14963968052699056,0
256.63,-0.13949297667375235,0
256.64,-1.0884007401159002,0
256.65,-0.17045282572260806,0
256.66,-0.23543739227030036,0
256.67,-0.11921088489436601,0
256.68,-0.6875492853717214,0
256.69,0.5632987584332945,0
256.7,0.568942387104258,0
256.71,0.8759676437209061,0
256.72,0.8015884433061643,0
256.73,0.4875755447776628,0
256.74,-0.5147042049933607,0
256.75,0.824659037667932,0
256.76,-0.31620814473765746,0
256.77,-0.2504041091817401,0
256.78000000000003,0.285392730422355,0
256.79,0.44573516258676327,0
256.8,0.3876313429766298,0
256.81,-0.14483955019578068,0
256.82,-0.3880430427635878,0
256.83,1.22405536570211,0
256.84000000000003,0.25637506743466126,0
256.85,-0.05079891480926324,0
256.86,-0.4214784096692281,0
256.87,-0.003899749505428367,0
256.88,0.07561245990221321,0
256.89,-0.01864561841176266,0
256.9,0.16967278413576742,0
256.91,0.9525743378413798,0
256.92,-0.10777358323855132,0
256.93,-0.03307140886015458,0
256.94,-0.38238255565829626,0
256.95,0.03218805818056753,0
256.96,-0.32387752782294366,0
256.97,-0.390021749275508,0
256.98,-0.9040294497592464,0
256.99,-0.20324557115744812,0
257.0,0.14869774519414652,0
257.01,0.9985443442168999,0
257.02,0.4702224951677899,0
257.03000000000003,-0.1513981300847601,0
257.04,-0.7914485732072498,0
257.05,-0.8778034505720541,0
257.06,-0.9390224665894058,0
257.07,0.7357230846635558,0
257.08,0.3075142755586291,0
257.09000000000003,-0.26329809444474134,0
257.1,-0.6067510873816248,0
257.11,-0.6374037655342413,0
257.12,-0.5136736410130304,0
257.13,0.5426436300405387,0
257.14,0.08978387475915497,0
257.15,-0.7783528376143266,0
257.16,1.0057998557144385,0
257.17,-0.38577971041892606,0
257.18,-0.4411801239410664,0
257.19,0.5572675316109522,0
257.2,0.3302223661643001,0
257.21,-0.19791212049782722,0
257.22,-0.7354822943706177,0
257.23,-0.7289659599406613,0
257.24,-0.6953222995384232,0
257.25,-0.2004664411865116,0
257.26,0.02120915485838932,0
257.27,-0.10432374431306227,0
257.28000000000003,-0.07746670680563122,0
257.29,-0.6094576289235134,0
257.3,-0.026843780300149327,0
257.31,0.6445848333175707,0
257.32,0.04378761539077323,0
257.33,-0.11683427937460196,0
257.34000000000003,-0.01575547972029754,0
257.35,0.5607559029445812,0
257.36,-0.36711200192035753,0
257.37,0.6499790273878105,0
257.38,0.35589938638953017,0
257.39,0.07329650572410414,0
257.4,0.6334239314877153,0
257.41,-0.5021670538715322,0
257.42,0.12139174024990487,0
257.43,0.2283880444793629,0
257.44,-0.4722213879618959,0
257.45,0.09605428230876784,0
257.46,0.14364641747875886,0
257.47,-0.09055061567021305,0
257.48,0.40552445907192614,0
257.49,-0.23445750390272121,0
257.5,0.053941129470271194,0
257.51,-0.08807644282030105,0
257.52,-0.3808483315880992,0
257.53000000000003,0.1410694846223292,0
257.54,-0.10692217298875409,0
257.55,-0.8427619973733956,0
257.56,-1.201465967361295,0
257.57,0.08814934429670854,0
257.58,-0.6597009392702781,0
257.59000000000003,-0.04790958358354231,0
257.6,-0.014520689689738117,0
257.61,-0.23173411054763793,0
257.62,0.9521728551758157,0
257.63,0.30179682003642266,0
257.64,0.44588084030465486,0
257.65,0.23113441229357085,0
257.66,-0.09757040926745897,0
257.67,-0.06664980252720137,0
257.68,0.7279305119032148,0
257.69,0.7292639505031651,0
257.7,1.189603796173048,0
257.71,0.3831788383105012,0
257.72,-0.40350011296129423,0
257.73,-0.36780139390425814,0
257.74,-0.7568602590881344,0
257.75,0.18684612493127944,0
257.76,-0.2977669642109858,0
257.77,-1.7340041582072392,0
257.78000000000003,0.8460076358271343,0
257.79,-0.12494251846901966,0
257.8,-0.37091042136649766,0
257.81,0.7648040693086411,0
257.82,-0.4849364147617776,0
257.83,0.45130698109785616,0
257.84000000000003,-0.23278918282723876,0
257.85,-0.7959876926070023,0
257.86,0.6764945676596226,0
257.87,0.6278014336702161,0
257.88,0.6139388865104242,0
257.89,0.3162893060765863,0
257.9,0.3650895559309114,0
257.91,-0.5979611687728864,0
257.92,-0.12316014187991711,0
257.93,-0.5585361271792175,0
257.94,-0.9124813814806279,0
257.95,-0.04250136730491732,0
257.96,0.5728614179037654,0
257.97,-0.09425121235608666,0
257.98,-0.16981681024380973,0
257.99,-0.6819496752368925,0
258.0,-0.20007471219908307,0
258.01,0.3212774430778391,0
258.02,0.46832409075003223,0
258.03000000000003,0.37385438856010345,0
258.04,-0.2694653967683702,0
258.05,-0.4472160524970324,0
258.06,0.2781033091441618,0
258.07,0.4682298186002972,0
258.08,-0.008290421571143257,0
258.09000000000003,-0.2628190973086016,0
258.1,0.5220600059839755,0
258.11,-0.09504617763734532,0
258.12,0.33955734757356587,0
258.13,-0.021941189723814827,0
258.14,-0.5973305358037863,0
258.15,0.675242775397762,0
258.16,0.19867094957657744,0
258.17,-0.36294686995499814,0
258.18,-0.8655485303087856,0
258.19,-0.937557209791999,0
258.2,-0.4672173883829257,0
258.21,0.8741145373206244,0
258.22,-0.12714482429690616,0
258.23,0.7046736476593615,0
258.24,0.07213096224207682,0
258.25,-0.6454130005928667,0
258.26,-0.44783681190714986,0
258.27,-0.8286526859078589,0
258.28000000000003,-0.6975591835319266,0
258.29,-0.6806848566700637,0
258.3,-1.2186571902826868,0
258.31,0.46626914315987755,0
258.32,0.19421720955532568,0
258.33,-0.3516775255009419,0
258.34000000000003,-0.004630319514819979,0
258.35,-0.48092538139043706,0
258.36,-1.5775512881868485,0
258.37,1.1452288617460147,0
258.38,0.3523097958357956,0
258.39,-0.26059907192296133,0
258.4,-1.1300741402754007,0
258.41,-1.113292850405025,0
258.42,0.5676247609335887,0
258.43,0.9065738285560193,0
258.44,0.5925491787224876,0
258.45,-0.48092857465309347,0
258.46,0.6485938133447312,0
258.47,0.3663449078415212,0
258.48,0.4049876657312279,0
258.49,0.3034395056753164,0
258.5,-0.7621132624002677,0
258.51,-0.8640808594689284,0
258.52,-0.5232592468894173,0
258.53000000000003,0.176375863283834,0
258.54,-0.7266450882513027,0
258.55,-0.31069000529161184,0
258.56,-0.20741410034701557,0
258.57,0.3345772374584448,0
258.58,0.4071594098951077,0
258.59000000000003,-0.4720024802242593,0
258.6,0.6165590450540431,0
258.61,-0.50121826115059,0
258.62,0.4204193469814565,0
258.63,-0.22383892818117784,0
258.64,-0.0046758082673102955,0
258.65,0.08312473194579242,0
258.66,0.08997458879271614,0
258.67,0.34555528487432385,0
258.68,0.25868169064981866,0
258.69,0.44577792340774225,0
258.7,0.32261756419162646,0
258.71,-0.6290061072224808,0
258.72,-0.04990771251465435,0
258.73,-0.349131333803766,0
258.74,-0.7144181197959556,0
258.75,-0.3694085634690827,0
258.76,-0.031266938596640335,0
258.77,0.08860968748143151,0
258.78000000000003,0.5479483498374833,0
258.79,0.7965606872343491,0
258.8,0.34156691830055075,0
258.81,0.3240743517395705,0
258.82,0.0950391836018988,0
258.83,0.3955594648849471,0
258.84000000000003,0.32141321362738434,0
258.85,0.014481417770558995,0
258.86,1.112731717315521,0
258.87,-0.0496141316791868,0
258.88,0.7251707613375222,0
258.89,-0.5769312772110707,0
258.9,0.25199128694623685,0
258.91,0.7909256616323556,0
258.92,-0.8550653193168465,0
258.93,-0.1769457148810041,0
258.94,0.29953125402502556,0
258.95,0.17180679928662126,0
258.96,0.20703752959163904,0
258.97,0.08696748147734493,0
258.98,-0.598359162226453,0
258.99,1.074062330068286,0
259.0,-0.037091590178930385,0
259.01,0.18443772889868482,0
259.02,-0.33589097506333726,0
259.03000000000003,-1.333525508323286,0
259.04,-0.8633324902436197,0
259.05,-1.024390080134964,0
259.06,0.2875052427463985,0
259.07,-0.28903761895524127,0
259.08,-0.383806439060423,0
259.09000000000003,-0.7005604308379757,0
259.1,-0.16291812935779837,0
259.11,-0.46016403700392416,0
259.12,0.37548777764958347,0
259.13,0.21674354550585476,0
259.14,-0.28834637134336344,0
259.15,0.34263763719836404,0
259.16,0.051793301855428776,0
259.17,-0.013738434152429362,0
259.18,-0.8205137109501962,0
259.19,-0.28119870546284526,0
259.2,0.06267986963670075,0
259.21,0.687547077650548,0
259.22,-0.2668571164767249,0
259.23,1.108084850900698,0
259.24,0.5351594092480507,0
259.25,-0.7138041196518958,0
259.26,-0.6670422887847856,0
259.27,0.5514381638578585,0
259.28000000000003,0.761349638065222,0
259.29,0.1613597919147378,0
259.3,0.0815235375043599,0
259.31,-0.6385077852729089,0
259.32,0.5053553267790988,0
259.33,-0.43845425147497874,0
259.34000000000003,0.30142868178858934,0
259.35,0.7565153920344274,0
259.36,0.17588163159478823,0
259.37,0.5203259916656777,0
259.38,1.0750433713773684,0
259.39,0.37245255426513235,0
259.4,-0.0392921376225391,0
259.41,-0.08451519311717647,0
259.42,-0.4559264413724352,0
259.43,-0.5608521210080328,0
259.44,0.056174208983487454,0
259.45,-0.11251518979756872,0
259.46,0.10702389011896013,0
259.47,-0.8060166591293347,0
259.48,-0.2901958539867943,0
259.49,0.4366164315365459,0
259.5,-0.5261608191626187,0
259.51,-0.16222737529950054,0
259.52,-1.0677293809990616,0
259.53000000000003,-1.001704320283064,0
259.54,0.1400745987598625,0
259.55,-0.16933300144500715,0
259.56,0.8882981432006555,0
259.57,0.4126394736988177,0
259.58,0.34595482112617104,0
259.59000000000003,-0.5265814812720772,0
259.6,-0.37657280013056993,0
259.61,-0.524182679651126,0
259.62,-0.738355480790817,0
259.63,0.128993376843864,0
259.64,0.4526296216584882,0
259.65,0.2855620104295973,0
259.66,-0.40966756265672327,0
259.67,0.033585744180414455,0
259.68,-1.0503345318649997,0
259.69,0.40176339845538483,0
259.7,-0.6311114225938439,0
259.71,-0.7947429134531436,0
259.72,-0.17760933031974768,0
259.73,0.023959435727455118,0
259.74,-0.07315130253944277,0
259.75,-0.649909592805269,0
259.76,0.40059118899479934,0
259.77,-0.8381982075316059,0
259.78000000000003,-1.0400007704250371,0
259.79,-0.3575700971645064,0
259.8,-0.8032789958251663,0
259.81,0.40959435203160977,0
259.82,-0.5657586370182767,0
259.83,0.646976142343882,0
259.84000000000003,0.6721875279382938,0
259.85,0.7849225180620625,0
259.86,1.160306465077153,0
259.87,0.29241929010772655,0
259.88,-0.5072933768871455,0
259.89,-0.22267172377910577,0
259.9,-0.39846986973917764,0
259.91,-0.5183588292412855,0
259.92,-0.09036646023842954,0
259.93,-0.2297360791109503,0
259.94,-0.4992026263121813,0
259.95,-0.29671599908183494,0
259.96,0.176901976506196,0
259.97,0.512242494857993,0
259.98,-0.7669010824613792,0
259.99,-0.39457824819191334,0
260.0,-0.21534195323524463,0
260.01,-0.7250356226708956,0
260.02,-0.2865124316536792,0
260.03000000000003,-0.034360659701281306,0
260.04,0.22612266323260116,0
260.05,0.05599579107336559,0
260.06,-0.4968012702887286,0
260.07,0.9055734841155334,0
260.08,0.6261901518375275,0
260.09000000000003,0.40910846357860614,0
260.1,0.5955639656704845,0
260.11,0.2372934442007994,0
260.12,0.7024239662820402,0
260.13,0.1639530432481351,0
260.14,-5.977064086689493e-05,0
260.15,0.2962486278851737,0
260.16,0.8714707538896043,0
260.17,0.9809901819629411,0
260.18,0.5188238048877799,0
260.19,0.3626446735954399,0
260.2,0.41911366237750275,0
260.21,0.5874023487246407,0
260.22,0.7961778629938242,0
260.23,0.030722603091151435,0
260.24,0.6672228975626401,0
260.25,0.3070516150782082,0
260.26,0.3809565483733775,0
260.27,0.788686172376485,0
260.28000000000003,0.55247959116774,0
260.29,0.583351622048455,0
260.3,-0.10414859548087016,0
260.31,0.729219834251032,0
260.32,0.5100967147661455,0
260.33,0.15193346263368576,0
260.34000000000003,0.5815798651503219,0
260.35,1.480702218853783,0
260.36,-0.29516072444624347,0
260.37,-0.5446881389407482,0
260.38,1.2509263489517466,0
260.39,0.497001171156172,0
260.4,0.18289547929638889,0
260.41,-0.058761926475508965,0
260.42,0.5857662298358016,0
260.43,1.4939055074928191,0
260.44,-0.02391629646880053,0
260.45,-0.10076486014420291,0
260.46,-0.25520043547195703,0
260.47,0.28320246877365,0
260.48,0.6784551912943625,0
260.49,0.9894654680517858,0
260.5,0.6122796046013921,0
260.51,1.4512729475217676,0
260.52,0.01327254465146261,0
260.53000000000003,-0.48461269827261055,0
260.54,0.6177766831183039,0
260.55,0.17626988956003645,0
260.56,-0.7322951090526504,0
260.57,-0.3950534401721573,0
260.58,-0.006320210344201632,0
260.59000000000003,-0.3894731563769201,0
260.6,-0.6814930649631059,0
260.61,-0.32476439059027207,0
260.62,-0.6919529834231011,0
260.63,0.12134198596845908,0
260.64,-1.0487474816328726,0
260.65,-0.2580099078578815,0
260.66,0.16813830136033767,0
260.67,-0.05023737925390026,0
260.68,0.5255257627961214,0
260.69,-0.6426242665332753,0
260.7,-0.5781835125369661,0
260.71,-0.3645125510972133,0
260.72,0.24417219125179584,0
260.73,0.1331164420460904,0
260.74,1.1303683920224739,0
260.75,-0.19088481350164524,0
260.76,-0.835008429957635,0
260.77,0.6995552850367193,0
260.78000000000003,-0.6315781984505281,0
260.79,0.16133699995868958,0
260.8,-0.5254043469607966,0
260.81,-1.2779372491897474,0
260.82,-0.5637100912596583,0
260.83,0.293408739584149,0
260.84000000000003,-0.622001997685616,0
260.85,0.10653325456650947,0
260.86,0.3880891399141277,0
260.87,-0.6250322733797999,0
260.88,-0.32242265046212043,0
260.89,0.7143296445182019,0
260.9,0.4800944420096278,0
260.91,-0.06422065631746085,0
260.92,0.16007511085069637,0
260.93,-0.36997611645290085,0
260.94,0.45548122238057526,0
260.95,0.6615747274489298,0
260.96,0.18459573465996837,0
260.97,0.1237846439463286,0
260.98,-0.5462106146127419,0
260.99,-0.9018607525914278,0
261.0,-0.4713603885971341,0
261.01,-0.20976331037398865,0
261.02,0.4680281996656997,0
261.03000000000003,0.5627759770948284,0
261.04,0.1936288944896371,0
261.05,0.6368772454292696,0
261.06,-0.3887929845606406,0
261.07,0.4309101214218018,0
261.08,-0.3588538152910245,0
261.09000000000003,0.5247785493971492,0
261.1,0.07835943797673497,0
261.11,-1.090334639236195,0
261.12,0.07044551521701366,0
261.13,0.4028790425716254,0
261.14,-0.18830787907136542,0
261.15,-0.29070717240933763,0
261.16,-0.20360039136912178,0
261.17,-1.1221100495147611,0
261.18,-1.5858660545245058,0
261.19,0.25061874694634406,0
261.2,-0.42230527167093257,0
261.21,0.8362635531203979,0
261.22,0.892660833233542,0
261.23,1.0115209598992392,0
261.24,-0.1396964453286941,0
261.25,-0.9377626264446439,0
261.26,-0.8595906537077256,0
261.27,-0.4990360668595287,0
261.28000000000003,-1.4350115879464809,0
261.29,-0.6583966217766721,0
261.3,-0.3185012338580024,0
261.31,-0.815490095698114,0
261.32,-0.8045461263887161,0
261.33,-0.36523026575609036,0
261.34000000000003,0.051771715441339794,0
261.35,-0.5081459468061926,0
261.36,-0.018134703236183325,0
261.37,0.021570044689167345,0
261.38,-0.01644928425339747,0
261.39,-0.39818152814944235,0
261.4,-0.8565042497879648,0
261.41,0.6423685155550679,0
261.42,0.4492878465464495,0
261.43,0.600906567041743,0
261.44,0.0586494491158156,0
261.45,-0.11976692434247062,0
261.46,0.1842333460977506,0
261.47,-0.9781347976585479,0
261.48,-0.8853160838748554,0
261.49,-0.6934062191823636,0
261.5,-0.46269665495414575,0
261.51,-0.6314540442349049,0
261.52,-0.02798143114629993,0
261.53000000000003,-0.011009738851433214,0
261.54,0.691570692317721,0
261.55,1.442791707136205,0
261.56,-0.35931755810826044,0
261.57,-0.058925885135262965,0
261.58,0.015186039168501322,0
261.59000000000003,-0.05138303418090284,0
261.6,-0.6382100327436837,0
261.61,-0.6956878506743952,0
261.62,-0.09363132559793198,0
261.63,-0.574612248420981,0
261.64,-0.10664574039594157,0
261.65,-0.20548735428500098,0
261.66,-0.023821397113281337,0
261.67,-0.5615471692760293,0
261.68,-0.10449299707892372,0
261.69,-0.5432639995255427,0
261.7,-0.09828076477469118,0
261.71,0.6406262230075838,0
261.72,0.25102212405164415,0
261.73,0.18600698862929488,0
261.74,0.4334988114128967,0
261.75,-0.687302034547747,0
261.76,0.6952899408012774,0
261.77,-0.4366254708556567,0
261.78000000000003,0.31094667006752147,0
261.79,0.4271068263924587,0
261.8,-0.42208263935792983,0
261.81,0.3832844598050904,0
261.82,0.31242339873866043,0
261.83,1.0360472175011624,0
261.84000000000003,0.31341573427271824,0
261.85,-0.028064526869562317,0
261.86,-0.3297988608487845,0
261.87,-1.0595395757776054,0
261.88,-0.4830823016093141,0
261.89,-0.3164644321980915,0
261.9,0.01163263791474864,0
261.91,-0.8037890269823018,0
261.92,-0.37711254917851517,0
261.93,0.16367494942142652,0
261.94,0.35169216679095205,0
261.95,-0.9514914625747227,0
261.96,0.08927791321847103,0
261.97,-0.15806359245309048,0
261.98,-0.18715264501842988,0
261.99,-1.3551259441964347,0
262.0,0.4074095068532691,0
262.01,0.14677762883238593,0
262.02,-0.8281267043572706,0
262.03000000000003,-0.05652626342567346,0
262.04,0.11997457785372491,0
262.05,0.6316625853596005,0
262.06,-0.05642149819448032,0
262.07,-0.05717211341263461,0
262.08,-0.4061039734802855,0
262.09000000000003,0.16737145606187956,0
262.1,-0.4249626471953465,0
262.11,-0.6313969410215523,0
262.12,-0.24359925991627734,0
262.13,-0.763398939613493,0
262.14,0.6126199986210259,0
262.15,1.1297327990225865,0
262.16,-0.008917117892011411,0
262.17,-0.7904755955382041,0
262.18,-0.0682454592788131,0
262.19,-0.3237096156100567,0
262.2,0.4946819692719762,0
262.21,-0.34550047420542346,0
262.22,0.15357166462279034,0
262.23,0.04903485196139404,0
262.24,-0.39797599394092165,0
262.25,-0.02179862382560467,0
262.26,0.41222229068828786,0
262.27,0.09908993740641833,0
262.28000000000003,0.02632651582071391,0
262.29,-0.5084976966491164,0
262.3,0.43187556459760534,0
262.31,0.613859441847186,0
262.32,-0.11557756400675082,0
262.33,-0.14552548528850237,0
262.34000000000003,0.6662599127671135,0
262.35,-0.4876203145341643,0
262.36,0.14934295823190227,0
262.37,-0.31074045610551004,0
262.38,0.8185713921857757,0
262.39,0.18776002591661223,0
262.4,0.6674276438924098,0
262.41,-0.2893228652892395,0
262.42,-0.7880002053016386,0
262.43,-0.37257330621016926,0
262.44,-0.004114815294540816,0
262.45,-0.32390881297991897,0
262.46,0.2719128766392284,0
262.47,-0.09480258476029126,0
262.48,-1.1831501636624908,0
262.49,-0.05244443603188455,0
262.5,-0.5341796959632148,0
262.51,-0.3772325732270458,0
262.52,0.6816268212679668,0
262.53000000000003,1.0632915137384573,0
262.54,-0.09188525555334012,0
262.55,0.23344504045433118,0
262.56,-0.2870574685652041,0
262.57,-0.275885185316986,0
262.58,-0.44295662216273285,0
262.59000000000003,-1.08043919225282,0
262.6,-0.27095357439000867,0
262.61,0.034218081441598255,0
262.62,-0.40031697755555595,0
262.63,0.4276310053841623,0
262.64,-0.17693514451158304,0
262.65,-0.4352240256477087,0
262.66,0.11988526239959654,0
262.67,-0.8432890078393097,0
262.68,0.22025075227395347,0
262.69,-0.21090970433942705,0
262.7,0.4222614428775637,0
262.71,0.7396617848128781,0
262.72,0.4739036288436473,0
262.73,-0.36588214789992324,0
262.74,-0.80957376406293,0
262.75,-1.0181165365725016,0
262.76,0.2807431400107542,0
262.77,-0.053704121390274515,0
262.78000000000003,-0.3846744197303803,0
262.79,-0.2186862637897627,0
262.8,0.46858044408188404,0
262.81,0.47959707114373845,0
262.82,0.30112728531965294,0
262.83,0.36264910900782615,0
262.84000000000003,0.13424336223541453,0
262.85,0.1420421099675987,0
262.86,0.10077214898766859,0
262.87,-0.027319192546270875,0
262.88,0.34185119656788326,0
262.89,0.22530361366165502,0
262.9,-0.4652779840638982,0
262.91,0.11269512458871983,0
262.92,0.10717445760027988,0
262.93,0.29968824944468087,0
262.94,-0.033313818964299365,0
262.95,0.37117235500194595,0
262.96,0.007273933806278957,0
262.97,0.3344555219369034,0
262.98,-0.2123650922667341,0
262.99,-0.31224693830040945,0
263.0,0.18958576564496382,0
263.01,-0.18228865227691315,0
263.02,1.076043302488168,0
263.03000000000003,0.5175838424843652,0
263.04,0.08955232096518506,0
263.05,0.40586045620665634,0
263.06,-0.20770516082186624,0
263.07,0.3863832009849557,0
263.08,0.5200743147662155,0
263.09000000000003,0.7442664892358359,0
263.1,-0.10202043140435722,0
263.11,-0.730031413017692,0
263.12,-0.5608518068782433,0
263.13,-0.3436435646302992,0
263.14,0.748448227395021,0
263.15,1.3025061802897326,0
263.16,0.4556069897515458,0
263.17,0.06530091685661621,0
263.18,-0.22365195503798113,0
263.19,0.3295874393117707,0
263.2,1.1941800214058247,0
263.21,1.1958227337165193,0
263.22,0.8511802930153415,0
263.23,0.7571679717008302,0
263.24,0.5786638236841982,0
263.25,0.0655823018201614,0
263.26,-0.4297792302432879,0
263.27,-0.1725032016883688,0
263.28000000000003,0.12777354187273163,0
263.29,-0.7962164147514315,0
263.3,-0.3345915114477755,0
263.31,-0.5776088815294357,0
263.32,0.34134377462426885,0
263.33,-0.26160042582961623,0
263.34000000000003,0.055154325316394553,0
263.35,-0.4132684780465487,0
263.36,0.6932052749114153,0
263.37,-0.7867575241052451,0
263.38,0.0023293529643184513,0
263.39,-0.7340224866836571,0
263.4,-0.5092004511189119,0
263.41,-0.07199280018614147,0
263.42,0.06345694348433115,0
263.43,0.08338834240161615,0
263.44,0.04705320309712149,0
263.45,-0.3846840878049681,0
263.46,-0.23821498134634678,0
263.47,-0.09742436741602495,0
263.48,0.024926295308811727,0
263.49,-0.08353653878748085,0
263.5,0.3128204675322665,0
263.51,0.07307195087565452,0
263.52,0.07057911632711125,0
263.53000000000003,-0.24107012175936815,0
263.54,-0.6757059715576026,0
263.55,-0.14191372116276477,0
263.56,0.5524790543187521,0
263.57,0.31940446622830854,0
263.58,-0.4106171974863909,0
263.59000000000003,0.276062477806428,0
263.6,-0.16464395181748737,0
263.61,0.28418253486357553,0
263.62,-0.1806229783264978,0
263.63,0.08768360997735854,0
263.64,-0.30954287830863203,0
263.65,-0.3953361473170025,0
263.66,-0.9883450184766334,0
263.67,-0.029844812998519987,0
263.68,0.1341738346079997,0
263.69,0.205109005039324,0
263.7,0.14233337353989844,0
263.71,-0.4259456071314924,0
263.72,0.3522481320773426,0
263.73,0.561074275166012,0
263.74,-0.33521017555460153,0
263.75,0.14382083613864338,0
263.76,0.4461306089021017,0
263.77,-0.1946362708451913,0
263.78000000000003,-0.2621703534886055,0
263.79,0.16299294031969846,0
263.8,-0.8194910149874888,0
263.81,-0.8405187636723177,0
263.82,-0.7932287810565094,0
263.83,-1.2109547341389915,0
263.84000000000003,0.2189473511543534,0
263.85,-1.0601327133197354,0
263.86,-0.1384707806559916,0
263.87,0.34143943457434267,0
263.88,-0.12721991992426765,0
263.89,-0.4440005986247443,0
263.9,-0.04330639329865761,0
263.91,-0.06619022191806279,0
263.92,0.4614776504407757,0
263.93,-1.3408238098437988,0
263.94,-0.8808998858323058,0
263.95,0.02234795604656925,0
263.96,-0.02407118160788206,0
263.97,0.3379069976518228,0
263.98,0.1674150788678221,0
263.99,-0.08653164388870743,0
264.0,-0.23928197548220081,0
264.01,1.121646708978046,0
264.02,1.0410815297322042,0
264.03000000000003,0.4673645924493785,0
264.04,0.10180962320603834,0
264.05,0.25517402383622884,0
264.06,0.4472226007343463,0
264.07,0.27791951668013154,0
264.08,-0.3876191603308589,0
264.09000000000003,0.7964107899559385,0
264.1,0.27318145034464675,0
264.11,1.0837116642620819,0
264.12,0.3134816474788644,0
264.13,-0.10959407897157897,0
264.14,0.6525228722727843,0
264.15,0.2663048980376681,0
264.16,0.08037348303670158,0
264.17,-0.6764343298726949,0
264.18,0.12515265306151008,0
264.19,-0.28878146492628054,0
264.2,-0.36806091115907785,0
264.21,-0.4106871909692893,0
264.22,0.07365528369234862,0
264.23,-0.8567384545542344,0
264.24,-0.3840139784670096,0
264.25,0.36844634921193226,0
264.26,-0.6288706109495642,0
264.27,-0.1228096065010641,0
264.28000000000003,-0.424637326259969,0
264.29,-0.3788690394131935,0
264.3,0.7289442914804058,0
264.31,-0.7545092262093656,0
264.32,0.16125973017529227,0
264.33,-0.27207314786147574,0
264.34000000000003,-0.4069287524167398,0
264.35,-0.7516254446118269,0
264.36,0.1555882212578905,0
264.37,-0.12105250172814808,0
264.38,-0.2574894648731396,0
264.39,-0.06397284914637044,0
264.4,-0.1648059330904849,0
264.41,-1.1648033613465407,0
264.42,-0.6107834363123708,0
264.43,0.2659202167278901,0
264.44,-0.794120270613551,0
264.45,-0.8372706597487846,0
264.46,-0.49494565972608695,0
264.47,-0.5685392414834624,0
264.48,-0.2154038674984748,0
264.49,-0.6944081214074834,0
264.5,-0.43863975017071133,0
264.51,-0.19374646926527597,0
264.52,0.2385830338771196,0
264.53000000000003,0.6639397584141549,0
264.54,-0.03193450553345943,0
264.55,0.938802363311067,0
264.56,0.07805617620381626,0
264.57,0.40217432081732496,0
264.58,1.0703583671472532,0
264.59000000000003,0.2829589768098154,0
264.6,-0.7195649409737841,0
264.61,-0.19037126856647052,0
264.62,-0.43223986161958095,0
264.63,-0.31316647715171697,0
264.64,0.9197805515536889,0
264.65,-0.4802534562733748,0
264.66,-0.019124318340646956,0
264.67,-0.5313047731862512,0
264.68,-0.355807168980866,0
264.69,0.24852461415125182,0
264.7,0.17235022760871072,0
264.71,-0.13600053506576099,0
264.72,-0.43932822034470054,0
264.73,-0.0008318625324153645,0
264.74,0.8498367335185312,0
264.75,-0.32693709152981765,0
264.76,0.8768634124727125,0
264.77,0.7985238302035171,0
264.78000000000003,0.8693571931353724,0
264.79,0.3220517639277959,0
264.8,0.6446061639536192,0
264.81,-0.4356972285423984,0
264.82,-0.5243277645440204,0
264.83,0.21705836904145548,0
264.84000000000003,0.15209404373059218,0
264.85,-0.10074806440327594,0
264.86,-1.4177046932770927,0
264.87,-0.6461576843709893,0
264.88,-0.8466265581145154,0
264.89,-0.008730306383833888,0
264.9,-0.16392051019658616,0
264.91,-0.43554213845407586,0
264.92,1.2385516269154297,0
264.93,0.8024607716961888,0
264.94,0.7028268255106905,0
264.95,1.2883504976799203,0
264.96,0.6891338356222955,0
264.97,-0.2984616911607496,0
264.98,-0.607672315405793,0
264.99,0.30166997288687,0
265.0,-1.081553623103497,0
265.01,-0.37213705225920707,0
265.02,-1.3095984874699094,0
265.03000000000003,-0.33516180612336727,0
265.04,0.310596419774659,0
265.05,0.1659763385215997,0
265.06,0.48056321320797646,0
265.07,1.105937444939906,0
265.08,0.13946646088411113,0
265.09000000000003,1.4694251531461187,0
265.1,0.41996044150729206,0
265.11,0.5497681237828899,0
265.12,-0.24869189029911798,0
265.13,0.7394115287829472,0
265.14,0.6788073424191441,0
265.15,0.8924728833744826,0
265.16,0.19127949081325293,0
265.17,-0.6816341017252359,0
265.18,0.013833748173207816,0
265.19,-0.9612355863974671,0
265.2,-0.4803465330675007,0
265.21,-0.07937206133011154,0
265.22,1.1850345132571523,0
265.23,0.40478325854393415,0
265.24,0.11435510470470918,0
265.25,-0.06616312924451663,0
265.26,-0.7924719507031758,0
265.27,-0.2136687898776009,0
265.28000000000003,-0.05992020265694149,0
265.29,-0.5921253921224787,0
265.3,-0.8413779373411326,0
265.31,-0.5281961359008783,0
265.32,-0.15890377734719113,0
265.33,-0.3448590224008692,0
265.34000000000003,-0.7073478163747307,0
265.35,-0.08432968470930183,0
265.36,0.2043072471697216,0
265.37,0.054060733563866994,0
265.38,-0.34793979518065876,0
265.39,0.1681065059755978,0
265.4,-0.12115898650315646,0
265.41,-0.7252719410861702,0
265.42,0.3087299211166515,0
265.43,0.20361381107060986,0
265.44,-0.07448240057551501,0
265.45,-0.9171562014879493,0
265.46,-0.6878837722038159,0
265.47,0.8410205736915675,0
265.48,-0.654991306035371,0
265.49,-0.3596367453846648,0
265.5,-0.1606805084048516,0
265.51,0.06838772669264637,0
265.52,-0.8423419861271559,0
265.53000000000003,-0.18000853566996494,0
265.54,-1.0051260297408287,0
265.55,-0.26164594392212437,0
265.56,-0.4751203727732342,0
265.57,-0.6422053032262615,0
265.58,0.22166356185591313,0
265.59000000000003,-0.13244266958600368,0
265.6,0.15673178833985907,0
265.61,0.24662561686537962,0
265.62,0.6754555765266018,0
265.63,-0.5371069328276669,0
265.64,0.29256517702874807,0
265.65,0.019306155993463747,0
265.66,-0.2591748799190949,0
265.67,-0.7394820780789227,0
265.68,0.07545326454984844,0
265.69,-0.5349961284390791,0
265.7,0.07922359353444539,0
265.71,0.983630860487887,0
265.72,0.7049320098344818,0
265.73,0.8543376169581377,0
265.74,-0.23222927493612894,0
265.75,0.28517141123130335,0
265.76,-0.6010305167304606,0
265.77,-0.33761924980149327,0
265.78000000000003,0.7798249867324306,0
265.79,-0.19183512966967362,0
265.8,0.4807484082240108,0
265.81,0.5978905398266098,0
265.82,0.6586108926673042,0
265.83,-0.5733048223933545,0
265.84000000000003,0.07309234594530305,0
265.85,-0.12842568319943629,0
265.86,0.4842169071918707,0
265.87,-0.8236663797658093,0
265.88,-0.07346625237553166,0
265.89,0.03874151667621692,0
265.9,-1.1136015612773977,0
265.91,-0.8134326215139955,0
265.92,-1.2415283657035345,0
265.93,-0.7607765738645609,0
265.94,0.03866359989798021,0
265.95,0.05005028158970158,0
265.96,0.03903444664544915,0
265.97,-0.6076684531964426,0
265.98,0.38100269050055585,0
265.99,0.021434059314873494,0
266.0,-0.04052241913539254,0
266.01,0.42680095684584307,0
266.02,-0.4851255078393111,0
266.03000000000003,-0.06350577486678025,0
266.04,0.1456632182150121,0
266.05,-0.318122353351387,0
266.06,0.20384242442636835,0
266.07,0.24097184623775025,0
266.08,-0.05774570401050593,0
266.09000000000003,-0.14895477882880148,0
266.1,0.17739067866672487,0
266.11,0.40002324330508526,0
266.12,0.06925439466266624,0
266.13,0.5495712809752983,0
266.14,0.423763633348906,0
266.15,-0.9108313577213171,0
266.16,-1.0402518212836809,0
266.17,0.30509712770358494,0
266.18,-0.1195976619380342,0
266.19,-0.006961327203790987,0
266.2,0.5404459189901325,0
266.21,0.06713647913568618,0
266.22,-0.027965095581777316,0
266.23,-0.5342504269379147,0
266.24,-0.0011924623064193257,0
266.25,0.2473406334731711,0
266.26,-0.31064161711627625,0
266.27,-0.6334382847914131,0
266.28000000000003,1.1754282241239387,0
266.29,0.17954165585384557,0
266.3,-0.38407785288752044,0
266.31,0.2153550295021629,0
266.32,-0.03815315924268374,0
266.33,-0.652724018078928,0
266.34000000000003,0.029050482008637163,0
266.35,-0.5121004910667902,0
266.36,0.6464135145005468,0
266.37,0.3598291595751997,0
266.38,-0.12264121167491783,0
266.39,-0.037613663530912125,0
266.4,0.40641025359708655,0
266.41,0.1353798659867991,0
266.42,1.098654816017281,0
266.43,0.8142304601253574,0
266.44,0.39786849165245586,0
266.45,-0.46490257706076127,0
266.46,-0.259874968855661,0
266.47,0.12458830620118376,0
266.48,-0.4725508225059986,0
266.49,0.5051279464099573,0
266.5,-0.4580552677834329,0
266.51,-0.5194575674610215,0
266.52,-0.4949415864488469,0
266.53000000000003,0.20670979763292605,0
266.54,-0.442681461012173,0
266.55,-1.1349576418648955,0
266.56,0.22990879088403132,0
266.57,-0.24497933844077702,0
266.58,-0.6961023579021007,0
266.59000000000003,-0.6418883197037545,0
266.6,0.6878561836775158,0
266.61,-0.24387757155058287,0
266.62,-0.1926443238924238,0
266.63,-0.35217226363549214,0
266.64,-0.8105250294001597,0
266.65,-0.6642351287282577,0
266.66,-0.9250592263147128,0
266.67,0.21162691410057316,0
266.68,0.040445366436590746,0
266.69,1.2660073580982663,0
266.7,-0.12726967140381884,0
266.71,-0.5554766009578914,0
266.72,0.611591805769103,0
266.73,0.6499535944394562,0
266.74,0.3010006981106283,0
266.75,-0.5842526273722617,0
266.76,0.716751715026252,0
266.77,0.07429915939597335,0
266.78000000000003,-0.27730038459185813,0
266.79,0.4727815061668186,0
266.8,0.039728550671857724,0
266.81,-0.6774562930834813,0
266.82,-0.21456375529729893,0
266.83,-0.5364330814069191,0
266.84000000000003,-1.80341893199446,0
266.85,-0.9871611394693868,0
266.86,-0.5946268726264012,0
266.87,-0.8309113649974763,0
266.88,0.0317441442207996,0
266.89,-0.4729834182177004,0
266.9,0.06959770074601339,0
266.91,-0.706356084912852,0
266.92,0.2405986692031003,0
266.93,-0.6866596860156667,0
266.94,-1.4856838273370414,0
266.95,0.22035937161731356,0
266.96,-0.467843341433585,0
266.97,0.7514921261371218,0
266.98,0.42133045825600307,0
266.99,0.45893401003492856,0
267.0,0.6042087761286092,0
267.01,0.14374828159638453,0
267.02,0.03465733851201082,0
267.03000000000003,0.6236454351818169,0
267.04,0.14780214127581875,0
267.05,-0.4182747616032308,0
267.06,0.13988894087199094,0
267.07,-1.1581306614005011,0
267.08,0.34563158080079753,0
267.09000000000003,0.7326577435936227,0
267.1,0.7536152843155982,0
267.11,0.7383742449926847,0
267.12,0.07208437274091467,0
267.13,-0.10650776937504985,0
267.14,-0.749204185376233,0
267.15,0.6758080161050445,0
267.16,-0.15715554714291424,0
267.17,0.07385987750783986,0
267.18,0.08586707255449387,0
267.19,-0.7602734120825708,0
267.2,-1.187122808382619,0
267.21,-0.3617930000580613,0
267.22,-0.4001105155113719,0
267.23,-0.21571083769660765,0
267.24,0.445354928413446,0
267.25,0.16300695715818225,0
267.26,0.3765354973999809,0
267.27,0.26309686085073525,0
267.28000000000003,-0.17090854846883136,0
267.29,-0.6444799828794151,0
267.3,-0.08843950416073591,0
267.31,-0.04575889493590192,0
267.32,0.4075547672713571,0
267.33,-0.04686306916652769,0
267.34000000000003,-0.23848643960698213,0
267.35,-0.2502976023171083,0
267.36,-0.6203218220444319,0
267.37,0.54692325581407,0
267.38,0.6750628415555345,0
267.39,-0.5458094159071067,0
267.4,0.2230506962069911,0
267.41,-0.995428729115871,0
267.42,0.20714919115208247,0
267.43,-0.38777225310380786,0
267.44,0.025954666716871036,0
267.45,-1.089838732572977,0
267.46,-0.9796409967984057,0
267.47,-0.06417206251493189,0
267.48,-0.45819748166755037,0
267.49,-0.6307888764979647,0
267.5,0.5166850674813326,0
267.51,1.2375881757607494,0
267.52,0.7393597447523413,0
267.53000000000003,-0.4656886102668405,0
267.54,0.7536168150183256,0
267.55,-0.7122440877787066,0
267.56,-0.4093775319097902,0
267.57,-0.14237082740580997,0
267.58,0.9197942217332655,0
267.59000000000003,0.6467072872594243,0
267.6,-0.15458828843303613,0
267.61,-0.6112007723363423,0
267.62,0.31153807297795105,0
267.63,-0.27554590100200693,0
267.64,-0.02289611756830255,0
267.65,-0.8046429762178973,0
267.66,0.03249101525302972,0
267.67,0.19883868767625756,0
267.68,-0.68106150288386,0
267.69,0.30951215478260163,0
267.7,0.3031682972183946,0
267.71,0.40021632174616034,0
267.72,-0.17130367683286996,0
267.73,-0.01725663585237444,0
267.74,-0.040327263197317005,0
267.75,-0.15878562374627408,0
267.76,-0.01872851411386145,0
267.77,0.594553640272506,0
267.78000000000003,0.6511898830036453,0
267.79,-0.5365157718664506,0
267.8,0.32066818501584116,0
267.81,0.6444955896546491,0
267.82,0.010586023202438774,0
267.83,0.20334886353095366,0
267.84000000000003,0.24381369266434155,0
267.85,-0.46181369996028804,0
267.86,-0.3890217266146918,0
267.87,0.23238117935681096,0
267.88,-0.2761769190224748,0
267.89,0.3801810906641352,0
267.9,0.7196933857600019,0
267.91,0.7186401036704956,0
267.92,1.1636138212428266,0
267.93,0.17219036775056243,0
267.94,0.06698537299242775,0
267.95,0.11704960911349398,0
267.96,-0.07339577457504698,0
267.97,0.1998532475519635,0
267.98,-0.9318733254121585,0
267.99,-0.19444226477545695,0
268.0,-0.8527703670126662,0
268.01,-0.7964826736040064,0
268.02,0.12047667129083113,0
268.03000000000003,-0.14664251716368676,0
268.04,0.2640853872146215,0
268.05,-0.12234118973275539,0
268.06,0.4877908440420603,0
268.07,-0.07622830853973972,0
268.08,-1.1310100684563664,0
268.09000000000003,-0.23364602076472585,0
268.1,-1.284361645316623,0
268.11,-1.1657042556471198,0
268.12,-0.8326478891761544,0
268.13,-0.8158573472697263,0
268.14,-0.5653105544480256,0
268.15,-0.7673857853144637,0
268.16,-1.011718939047759,0
268.17,0.49696604578873077,0
268.18,-0.30811321485457066,0
268.19,-1.3362423282963873,0
268.2,-0.597546843183475,0
268.21,-0.8196629262569929,0
268.22,-0.7475422735839184,0
268.23,0.12001390809247543,0
268.24,-0.2800719159546719,0
268.25,-0.7552646985660529,0
268.26,-0.02265166927050094,0
268.27,0.5352071184326848,0
268.28000000000003,0.34815842884610915,0
268.29,-1.291144529769305,0
268.3,-0.9881694207619285,0
268.31,-0.2934191654448156,0
268.32,-0.27513034386350144,0
268.33,-0.31477832994150545,0
268.34000000000003,-0.673789999026448,0
268.35,-0.9887460527260741,0
268.36,0.7502197546560777,0
268.37,0.1301516417652233,0
268.38,0.30261690544854913,0
268.39,0.0070771071609099095,0
268.4,-0.045487110761941105,0
268.41,-0.1164153283316492,0
268.42,-0.6977845984577953,0
268.43,-1.0530015883454644,0
268.44,-0.1296408348850807,0
268.45,-0.004479122365591462,0
268.46,0.4264136744728743,0
268.47,0.42604224998844914,0
268.48,-0.39624987924546407,0
268.49,0.4318505294446177,0
268.5,0.4431022892344957,0
268.51,0.40637627206700244,0
268.52,1.2271105336951336,0
268.53000000000003,1.3228959133733977,0
268.54,0.6257331531614828,0
268.55,0.3849940448104583,0
268.56,0.5998088763057716,0
268.57,-0.23351526656737343,0
268.58,-0.4343569298167662,0
268.59000000000003,0.1774749910675642,0
268.6,-0.48432372021716913,0
268.61,0.12196850194668583,0
268.62,0.041357199446761625,0
268.63,-0.5182980301295304,0
268.64,-0.188517998421218,0
268.65,0.5751217265952407,0
268.66,0.11486257827118096,0
268.67,0.0019899610454288674,0
268.68,0.10284605739421632,0
268.69,0.1973655794684825,0
268.7,-0.19975509719129525,0
268.71,0.06364297834388688,0
268.72,-0.6157330307188811,0
268.73,-0.6524758742119083,0
268.74,-0.5935709052967882,0
268.75,0.02869878914528287,0
268.76,0.01939842131662077,0
268.77,-0.13983972974000675,0
268.78000000000003,0.2597290592101609,0
268.79,0.19348710362357047,0
268.8,-0.17928582927670078,0
268.81,-0.6693852807437038,0
268.82,-0.6771692468044512,0
268.83,-1.0237512949477352,0
268.84000000000003,-0.25444304328123646,0
268.85,-0.5961256205703576,0
268.86,-0.4862360727186691,0
268.87,-0.2629654141545957,0
268.88,0.41673086264221365,0
268.89,0.5252723238182332,0
268.9,0.028627710033498233,0
268.91,0.6074938254612512,0
268.92,-0.9933933230247586,0
268.93,0.6776853018943438,0
268.94,0.4645173455123938,0
268.95,0.0971592014377218,0
268.96,-0.5241391510714984,0
268.97,-0.4381016433481939,0
268.98,0.14116282597898355,0
268.99,0.29805066223992366,0
269.0,0.3565791073500402,0
269.01,-0.37271392709133766,0
269.02,-0.6622956411008623,0
269.03000000000003,-0.13559271574516385,0
269.04,0.3020717402718622,0
269.05,0.003177621484971749,0
269.06,0.7156686443497894,0
269.07,0.1224638236841206,0
269.08,-0.0438935312247357,0
269.09000000000003,0.2719594176129236,0
269.1,0.6430769410285984,0
269.11,-0.6319844638070622,0
269.12,-0.827636345979363,0
269.13,-0.44802331608765417,0
269.14,1.4959185706350173,0
269.15,0.16038326675245573,0
269.16,-0.09914487061993342,0
269.17,0.2300891634635625,0
269.18,0.5033207346440631,0
269.19,0.14176435116981623,0
269.2,0.580982960710867,0
269.21,-0.5651318888602458,0
269.22,-0.6238297253177185,0
269.23,0.38849836021812784,0
269.24,0.028311005619075028,0
269.25,-0.7398945519804117,0
269.26,-0.9639762747033517,0
269.27,-0.7475849278620387,0
269.28000000000003,-0.26053232794043835,0
269.29,0.10896328900492612,0
269.3,-0.2228265940554251,0
269.31,0.07445593242573595,0
269.32,-0.2890340058582289,0
269.33,0.5045957628012737,0
269.34000000000003,1.4101356730024155,0
269.35,0.06846422536292718,0
269.36,0.19767597760883077,0
269.37,0.18653398819588965,0
269.38,0.04540930834043695,0
269.39,0.2841154919920128,0
269.4,0.2508704837798205,0
269.41,-0.2633140793162382,0
269.42,0.5600678258111417,0
269.43,0.17216916481566674,0
269.44,-0.23715117475701003,0
269.45,1.1664983684073384,0
269.46,0.15440016659075845,0
269.47,0.09899841119648747,0
269.48,0.04277807934623336,0
269.49,-0.13391008920250852,0
269.5,0.12998961539138204,0
269.51,-0.49298886499722594,0
269.52,0.11890763799362919,0
269.53000000000003,-0.9822154538645319,0
269.54,-1.0124100598407728,0
269.55,0.6435403351969404,0
269.56,-0.5837261615725533,0
269.57,-1.2653611753720335,0
269.58,-1.0478266723220933,0
269.59000000000003,0.5889398217180413,0
269.6,-0.8827711392679856,0
269.61,-0.8055054596783014,0
269.62,-1.053754505417765,0
269.63,-0.48529269581097156,0
269.64,-0.4294215840783571,0
269.65,-0.4393083916688747,0
269.66,0.802664988562915,0
269.67,-0.5138793726729561,0
269.68,-0.2589154939541369,0
269.69,0.03952989668449258,0
269.7,-0.5882030316534634,0
269.71,0.03595474547262156,0
269.72,-0.28007649705321885,0
269.73,0.053130402872430205,0
269.74,-0.12044523499662137,0
269.75,-1.1983370081018174,0
269.76,0.31968249819811806,0
269.77,1.10620460729957,0
269.78000000000003,0.10608419699645331,0
269.79,-0.5280403121076573,0
269.8,0.5935933096257778,0
269.81,1.0786612448981685,0
269.82,0.10331215762308422,0
269.83,-0.16712184548789266,0
269.84000000000003,-0.1608617851058684,0
269.85,-1.008528623533262,0
269.86,-0.483754940821399,0
269.87,0.7157091388515816,0
269.88,0.012444519469389112,0
269.89,-0.6274250283858182,0
269.9,0.030934143395679015,0
269.91,-0.4243165134267709,0
269.92,-0.21824142682714753,0
269.93,-0.8070722064572489,0
269.94,-0.8306430989676549,0
269.95,0.10830159650916928,0
269.96,0.01188042159657468,0
269.97,-0.48723684669032896,0
269.98,-0.1351125548339679,0
269.99,-0.43409607711786286,0
270.0,-0.6029257625378697,0
270.01,0.3921050973478652,0
270.02,0.43785247570464897,0
270.03000000000003,0.021020030947632787,0
270.04,0.004974300758220723,0
270.05,-0.0804049496347057,0
270.06,0.1620412031155492,0
270.07,-0.4624904622776379,0
270.08,0.26642271365427617,0
270.09000000000003,0.17759230620238015,0
270.1,-0.17301912441001266,0
270.11,-0.380374994214672,0
270.12,0.2754460707952085,0
270.13,-0.0887005435708453,0
270.14,-0.47181388162925647,0
270.15,-0.40023472999142895,0
270.16,0.23205481607412504,0
270.17,-0.8772083759179459,0
270.18,-0.48614636348368956,0
270.19,0.3709791530149328,0
270.2,-0.07447448757947979,0
270.21,0.048997284509123815,0
270.22,0.5132927739091064,0
270.23,0.5257902012489349,0
270.24,-0.18065984708095406,0
270.25,-0.19239536922488332,0
270.26,0.35589791001420634,0
270.27,0.511422554734157,0
270.28000000000003,0.003082732812852665,0
270.29,-0.10565797512847121,0
270.3,0.03819219741146897,0
270.31,0.6594959170849344,0
270.32,0.655385083199595,0
270.33,0.45506310542250156,0
270.34000000000003,-0.5387301364149811,0
270.35,-0.3591380759598166,0
270.36,-0.28628759707043083,0
270.37,0.6056632174510606,0
270.38,-0.053976501963551554,0
270.39,0.5757892157429257,0
270.4,-0.23821940559458696,0
270.41,-0.39924788212688067,0
270.42,0.07826879870344192,0
270.43,0.7763195970107586,0
270.44,0.0029297505363354015,0
270.45,-1.4424334763736277,0
270.46,-1.2720233085589967,0
270.47,-0.23779340915428765,0
270.48,-0.9233221543174372,0
270.49,-0.7702965872008163,0
270.5,-0.2645553563345447,0
270.51,-1.4490972273661675,0
270.52,-0.6431060907590939,0
270.53000000000003,-0.859722855993939,0
270.54,-1.0919717843864634,0
270.55,-0.7788897992477605,0
270.56,-0.8428495423905507,0
270.57,-0.03946361965358694,0
270.58,0.5485304818760142,0
270.59000000000003,-0.13576403164092246,0
270.6,-0.43025575098853575,0
270.61,-0.40702970390846105,0
270.62,-0.7708233307276112,0
270.63,-0.9579537395562084,0
270.64,-1.1947818010292608,0
270.65,-1.0857200508503002,0
270.66,0.5186245967718905,0
270.67,-0.31708560173376754,0
270.68,-1.7248905406771224,0
270.69,-0.8229796821777121,0
270.7,-1.1318553586610818,0
270.71,-0.33047484372602487,0
270.72,-0.18758768315715935,0
270.73,-0.09638490718974752,0
270.74,-0.12506345058202673,0
270.75,-0.3090564613126915,0
270.76,-0.9319193747239473,0
270.77,-0.35210514086388267,0
270.78000000000003,0.3751875080807642,0
270.79,0.9802121866065397,0
270.8,0.03885478900563999,0
270.81,-0.13879767605969798,0
270.82,0.1522761536602894,0
270.83,0.7537232306285059,0
270.84000000000003,-0.1501187591930832,0
270.85,0.2517220531026484,0
270.86,-0.45488915005018726,0
270.87,-0.017735468926015657,0
270.88,0.4327477106028211,0
270.89,-0.6589710451745756,0
270.9,-0.5241599805545588,0
270.91,0.2976265529292938,0
270.92,0.32271522644050127,0
270.93,0.5525077580931864,0
270.94,0.510072210386951,0
270.95,-0.1340401599932855,0
270.96,1.0576977262446476,0
270.97,0.25736556431719515,0
270.98,-1.6429292991833455,0
270.99,-0.6411196062570029,0
271.0,-0.49018781454674953,0
271.01,0.22086373877147664,0
271.02,-0.26517340152858027,0
271.03000000000003,0.43879982945215273,0
271.04,0.32673072932033675,0
271.05,-0.5311072416816791,0
271.06,-0.28776682818865096,0
271.07,-0.5652065693339653,0
271.08,-0.12320686530436416,0
271.09000000000003,-0.5272985270770899,0
271.1,-0.17254034659138273,0
271.11,-0.26853225985042295,0
271.12,-0.22861174628434494,0
271.13,0.9546009369933192,0
271.14,-0.033794576856665315,0
271.15,-1.119105741343825,0
271.16,0.1806537679129057,0
271.17,0.5013728554174278,0
271.18,-1.0091042987692258,0
271.19,-0.7061515785546482,0
271.2,-0.025104778978172856,0
271.21,0.19219958579760765,0
271.22,-0.0351761382657694,0
271.23,-0.08004139657803844,0
271.24,-0.6006109713641415,0
271.25,-1.508955730324987,0
271.26,0.6333673239320025,0
271.27,-0.4383656487048873,0
271.28000000000003,-0.09648344702508882,0
271.29,-0.18963001275302527,0
271.3,0.34943532440046243,0
271.31,0.06756973574895313,0
271.32,0.017599800908305138,0
271.33,-1.4795020393145681,0
271.34000000000003,-0.8947220888906353,0
271.35,0.0917692111211989,0
271.36,0.2904532109169899,0
271.37,-0.5153276848353813,0
271.38,-1.050369422262009,0
271.39,-0.2763954915421094,0
271.4,-1.6982988192922714,0
271.41,-1.1175539391247373,0
271.42,0.5766601923657854,0
271.43,0.8323859015800551,0
271.44,0.38621623720946197,0
271.45,0.17883450412003138,0
271.46,-1.0752422210232857,0
271.47,-0.7446874393411305,0
271.48,-0.4248342842140366,0
271.49,-0.570825716206704,0
271.5,-0.4107565581880062,0
271.51,0.5076311743551577,0
271.52,-0.24322370717605063,0
271.53000000000003,-0.3239888814431885,0
271.54,0.23117921036567274,0
271.55,-0.7798051861600016,0
271.56,-0.7240981658645246,0
271.57,-0.6556252892196035,0
271.58,-0.21606817681003934,0
271.59000000000003,-0.3195172450862205,0
271.6,-0.3285692442770326,0
271.61,-0.5180544353812304,0
271.62,-0.7816514820127956,0
271.63,0.04706505174631086,0
271.64,-0.2500675230845488,0
271.65,0.18516226929196927,0
271.66,-0.6276894216415548,0
271.67,-0.5932155533555515,0
271.68,-0.34814898331306593,0
271.69,-0.23721729732102037,0
271.7,0.260308235711311,0
271.71,-0.24632862804635125,0
271.72,0.2539110757704941,0
271.73,0.18094639021350878,0
271.74,-0.09389739374711481,0
271.75,-0.6123346043885998,0
271.76,0.16769000027273542,0
271.77,-0.5337028088225817,0
271.78000000000003,-0.22710514729503756,0
271.79,-0.16787725586684898,0
271.8,-0.23465943203523104,0
271.81,-0.3484248484104604,0
271.82,-0.6073533829246351,0
271.83,-1.0954051601849006,0
271.84000000000003,0.39120409726480887,0
271.85,-0.24660791532492782,0
271.86,-0.21245387013309044,0
271.87,-0.2072007622353328,0
271.88,0.4490124237151981,0
271.89,1.0590830519122594,0
271.9,0.26720233565734935,0
271.91,-0.09953042141510617,0
271.92,-0.7059133130430766,0
271.93,-1.0280190270940037,0
271.94,-1.2845166037901505,0
271.95,-0.8277810515666784,0
271.96,-1.4032641905405718,0
271.97,0.14080508038066408,0
271.98,0.17759244180077527,0
271.99,-0.17256045502461462,0
272.0,0.46466614256323546,0
272.01,-0.5372701981040137,0
272.02,-0.6540233603900035,0
272.03000000000003,-1.276384486636207,0
272.04,0.01018025365010096,0
272.05,-0.5121130209475008,0
272.06,-0.20282117874637248,0
272.07,0.4000219880096173,0
272.08,0.746823291290313,0
272.09000000000003,0.08794732603714701,0
272.1,0.14334123126477688,0
272.11,-0.5287908508560708,0
272.12,0.6809352841374523,0
272.13,-0.0015982727676174951,0
272.14,-0.041024553113186715,0
272.15,-0.3103277397480682,0
272.16,0.47762391258472625,0
272.17,0.14223185728974425,0
272.18,0.3572890758157626,0
272.19,0.19429567875329934,0
272.2,-0.15235200736071414,0
272.21,0.37330816855397136,0
272.22,0.1936131257322471,0
272.23,-0.5469872248489351,0
272.24,-0.7472003782201815,0
272.25,-0.19123664883050884,0
272.26,0.35172375891050783,0
272.27,0.8772314183824682,0
272.28000000000003,-0.8108978871275514,0
272.29,-0.27286499853539636,0
272.3,0.1087047828523433,0
272.31,0.10076855610405777,0
272.32,0.47880423198464583,0
272.33,0.38487760038696284,0
272.34000000000003,-0.5125407693331204,0
272.35,-0.752522348260415,0
272.36,-0.10574044210975518,0
272.37,0.4170126314671566,0
272.38,0.09656858939911836,0
272.39,-0.9002504174501353,0
272.4,-0.866834069055948,0
272.41,0.06740405230486002,0
272.42,-0.25298689073322755,0
272.43,-0.08463055558430552,0
272.44,0.4619866091735326,0
272.45,-0.6089784758692307,0
272.46,-0.4571279963289546,0
272.47,-0.47704284536518327,0
272.48,-0.014337082841200624,0
272.49,0.32363710051224176,0
272.5,-0.7917821124492717,0
272.51,-0.2853187179460741,0
272.52,0.30716576870895373,0
272.53000000000003,-0.9954285725578033,0
272.54,-0.36765730880543257,0
272.55,-0.8238992623643825,0
272.56,-0.6321966711187437,0
272.57,-1.5766611441381844,0
272.58,0.26289386242322443,0
272.59000000000003,-0.20841682274165746,0
272.6,-0.5666389729207417,0
272.61,-0.051550578602693534,0
272.62,-0.6526870438324913,0
272.63,-0.8535549084968598,0
272.64,0.5061264602953033,0
272.65,1.0048922176270496,0
272.66,-0.1489156977863887,0
272.67,0.44630319539600233,0
272.68,0.21628019392007758,0
272.69,-0.7837723937250887,0
272.7,-0.775161318329197,0
272.71,0.5472418245661147,0
272.72,-0.7080190241742141,0
272.73,0.9526690456224053,0
272.74,-0.15116963533028235,0
272.75,0.7189530209136333,0
272.76,-0.06810712893934273,0
272.77,0.3238004163617523,0
272.78000000000003,0.7386770300231665,0
272.79,0.839663565624744,0
272.8,-0.18651205718753863,0
272.81,-0.5884777696407288,0
272.82,-0.2756557639405027,0
272.83,-0.8467808473718008,0
272.84000000000003,-0.16962197116209826,0
272.85,-0.5648795948665276,0
272.86,0.34996257869320085,0
272.87,-0.3015404927898317,0
272.88,-1.0886531623178564,0
272.89,0.3883917828324198,0
272.9,0.10923892628600962,0
272.91,-0.042711405237400885,0
272.92,0.48656187158731135,0
272.93,0.5001940799483962,0
272.94,-0.3662843985774127,0
272.95,-0.4167422286943578,0
272.96,-0.7825474954589853,0
272.97,-1.0612107182852706,0
272.98,-0.042910813002687315,0
272.99,0.11236776328505615,0
273.0,0.34747635277383115,0
273.01,0.6835577467368034,0
273.02,0.49748574954698327,0
273.03000000000003,0.4983278181842759,0
273.04,-1.067899169350394,0
273.05,-0.5163762149824237,0
273.06,0.2986285487292309,0
273.07,-0.6334308505950323,0
273.08,-0.19554252352959878,0
273.09000000000003,0.14171708935984156,0
273.1,0.18520664339162338,0
273.11,0.15661366253439366,0
273.12,0.2719832105585228,0
273.13,0.07810868910476414,0
273.14,-0.845700483215897,0
273.15000000000003,-0.027647584808601577,0
273.16,0.058504287573712344,0
273.17,-0.8436646465120422,0
273.18,0.4375655717641155,0
273.19,0.30737570506899153,0
273.2,-0.7445704164009285,0
273.21,-0.7077012258408389,0
273.22,-0.563687501892736,0
273.23,-0.5280900781374877,0
273.24,-0.06240191275574791,0
273.25,-0.6220082388543356,0
273.26,0.3587772777626408,0
273.27,0.5601011638594475,0
273.28000000000003,0.38328614646264436,0
273.29,0.03280733217198559,0
273.3,0.42082405768320774,0
273.31,-0.1283745138178804,0
273.32,-0.5045651587502619,0
273.33,0.42095125793928917,0
273.34000000000003,0.18763074281280728,0
273.35,-0.40411387976982405,0
273.36,-0.4102547785650619,0
273.37,-0.5815283060896018,0
273.38,0.8446794777702528,0
273.39,0.1265077063785153,0
273.40000000000003,0.028774025717956175,0
273.41,0.3043694227456646,0
273.42,-0.658055710659428,0
273.43,0.33248363415381604,0
273.44,-0.32755792999478267,0
273.45,0.8056523611766764,0
273.46,-0.05212183574344928,0
273.47,0.4524893733338478,0
273.48,-1.303597432628902,0
273.49,-1.0388128065018114,0
273.5,-0.5031998908161683,0
273.51,-1.2944307803010093,0
273.52,-0.09080973142085919,0
273.53000000000003,0.05673783252108508,0
273.54,-0.6007138890238836,0
273.55,-0.24595150937677684,0
273.56,0.28068838297402227,0
273.57,-1.1371038248857446,0
273.58,-1.0498084324822126,0
273.59000000000003,-0.5282798801022964,0
273.6,-0.20684446398106626,0
273.61,-0.17035861603532312,0
273.62,0.3435295956261929,0
273.63,0.2525259850867602,0
273.64,0.346599216088309,0
273.65000000000003,-0.7410494668828629,0
273.66,-0.19570670199957105,0
273.67,-0.30008563266996424,0
273.68,0.6159619852324062,0
273.69,0.15921435605249257,0
273.7,-0.40416572822927854,0
273.71,0.2652444050595811,0
273.72,0.2785593453739523,0
273.73,-0.45564619348726554,0
273.74,-0.38727532796001385,0
273.75,-0.36113300406045956,0
273.76,0.47554923051063697,0
273.77,0.13926049789288047,0
273.78000000000003,0.33396563854001243,0
273.79,-0.26710636548760686,0
273.8,0.02357667941504135,0
273.81,0.6120136249113463,0
273.82,-0.12727523416829545,0
273.83,-0.05851378985517629,0
273.84000000000003,-0.8286824071439582,0
273.85,-0.7029290107186353,0
273.86,-0.44193302119307853,0
273.87,-0.7635420618917355,0
273.88,0.42496113528809937,0
273.89,-0.4282051846262923,0
273.90000000000003,0.22374310157551708,0
273.91,0.0672027751336847,0
273.92,-0.05502573950274385,0
273.93,0.6893955575196146,0
273.94,-1.1198091230381735,0
273.95,-0.4727733243048363,0
273.96,-0.7818951848972746,0
273.97,-1.3283867543458951,0
273.98,-1.0567471634673176,0
273.99,-0.3434471755878511,0
274.0,-0.5606008652418575,0
274.01,0.2488357107573987,0
274.02,-0.1401900765448436,0
274.03000000000003,-0.2965268564863776,0
274.04,-0.33326348291669494,0
274.05,-0.22436463906367993,0
274.06,-0.36756887432325663,0
274.07,-0.6338640636524947,0
274.08,0.2796343799572033,0
274.09000000000003,-0.35114547110159794,0
274.1,-0.3807553528509812,0
274.11,0.044730860531539574,0
274.12,0.09214397049488311,0
274.13,-0.5415569574615386,0
274.14,0.17783347493763352,0
274.15000000000003,0.24192898473425695,0
274.16,0.06637633567279189,0
274.17,-0.3020070941582531,0
274.18,-0.381035935269745,0
274.19,-0.2916847613877064,0
274.2,-0.8179027411364237,0
274.21,-0.31440112765355754,0
274.22,0.30743592579858225,0
274.23,0.4544920409940161,0
274.24,-0.1782853276221878,0
274.25,0.43297322645604297,0
274.26,1.0340614598049518,0
274.27,0.0009547238545990488,0
274.28000000000003,0.2792997625704672,0
274.29,-1.2244217264629744,0
274.3,-1.0653593796956602,0
274.31,-0.30708701923223464,0
274.32,-0.7021906908589853,0
274.33,0.8210752939465275,0
274.34000000000003,0.4343111088201416,0
274.35,0.5335416724411922,0
274.36,0.02852661957072057,0
274.37,-0.6165388927615713,0
274.38,-0.5198721459036464,0
274.39,-0.08397986776278198,0
274.40000000000003,-0.45021143980219014,0
274.41,0.15535072636796515,0
274.42,0.3281357444744817,0
274.43,-0.004894463825143719,0
274.44,-1.0630453500157204,0
274.45,0.5577896110022069,0
274.46,-0.06346641236070369,0
274.47,1.3372349639187535,0
274.48,0.5920977341471763,0
274.49,-0.05351886437912465,0
274.5,0.13534080070560697,0
274.51,-1.131291397725843,0
274.52,0.17382260231036925,0
274.53000000000003,1.3206051982756182,0
274.54,-0.872301653156418,0
274.55,-0.461018905951349,0
274.56,-0.26126455774673407,0
274.57,0.3108348666786731,0
274.58,1.1092503878636377,0
274.59000000000003,0.39122082331644426,0
274.6,1.1483693341444368,0
274.61,0.2878127648837397,0
274.62,0.22228598592021148,0
274.63,0.14027680202947224,0
274.64,0.5948047168540471,0
274.65000000000003,-0.16634212072194776,0
274.66,0.3040131455707678,0
274.67,-0.6696324340777791,0
274.68,-0.4091350959221102,0
274.69,-0.531616037532878,0
274.7,-0.17633056425821259,0
274.71,-0.3027007234142086,0
274.72,0.4369060945488997,0
274.73,-0.44904023235915974,0
274.74,-1.1246170771528243,0
274.75,-1.0943512700825644,0
274.76,0.16542085478389768,0
274.77,-0.5654142545108504,0
274.78000000000003,-0.01995866360775951,0
274.79,-0.25247085212131354,0
274.8,0.28529961761118766,0
274.81,-0.14211278521592519,0
274.82,1.3460127319080981,0
274.83,1.2567201867936328,0
274.84000000000003,0.05569724953615088,0
274.85,-0.3175006781582044,0
274.86,1.4980262814031937,0
274.87,-0.2907171657622233,0
274.88,-0.19270396681398586,0
274.89,-0.12696892333051588,0
274.90000000000003,-0.12376007571503354,0
274.91,-1.0476631095881839,0
274.92,-0.08828042245392986,0
274.93,-0.629663630504999,0
274.94,0.51642591866671,0
274.95,-0.7371441094021849,0
274.96,-0.24354124923535742,0
274.97,-1.3319954784607981,0
274.98,-1.5712568980008952,0
274.99,-0.9307964885903113,0
275.0,-0.6955432986824079,0
275.01,0.515617456909114,0
275.02,0.01621523532426372,0
275.03000000000003,0.601208550304976,0
275.04,-0.14306991470115207,0
275.05,0.19584703694979333,0
275.06,-0.4285514290035294,0
275.07,-0.620887083117791,0
275.08,-1.2161102877993493,0
275.09000000000003,-0.2164732684719881,0
275.1,-0.005820992475272874,0
275.11,0.32119512344211654,0
275.12,0.10342945033092157,0
275.13,1.013532414718293,0
275.14,0.25575362029078247,0
275.15000000000003,0.5007259183133864,0
275.16,-0.13883787710416629,0
275.17,-0.6099463185492922,0
275.18,0.13824210230812078,0
275.19,-0.10440786776390565,0
275.2,0.3254716288083864,0
275.21,0.1777757615302445,0
275.22,-0.46943150494688174,0
275.23,0.36317231185963766,0
275.24,-0.46476342599327924,0
275.25,0.1251756110856035,0
275.26,0.6221305663757684,0
275.27,-0.1409686109210859,0
275.28000000000003,0.4886500696392415,0
275.29,0.24216740035197454,0
275.3,0.4224672864042244,0
275.31,-0.4317741972195469,0
275.32,-0.08563479655715832,0
275.33,-0.8630997440217818,0
275.34000000000003,0.603690185660666,0
275.35,-1.0134896068665058,0
275.36,-0.5342018335501235,0
275.37,-0.7216541374093467,0
275.38,0.08692770900439359,0
275.39,0.9543159778989521,0
275.40000000000003,0.4953350254457976,0
275.41,1.608787875648954,0
275.42,-0.42366279362231457,0
275.43,-0.8909245364783438,0
275.44,-0.7904527402582525,0
275.45,-0.2251772923353177,0
275.46,-0.6953221548206845,0
275.47,-0.6662972495553059,0
275.48,0.07165087722912254,0
275.49,-0.734218366982413,0
275.5,-0.879274075653554,0
275.51,-0.5243314113037748,0
275.52,-0.3855107350177071,0
275.53000000000003,0.3491657803788008,0
275.54,-0.48468062779328286,0
275.55,-0.5971185193972152,0
275.56,0.06808207679011709,0
275.57,0.3513689148045082,0
275.58,0.7562418390923072,0
275.59000000000003,0.3464129308580608,0
275.6,0.06353190049497962,0
275.61,0.22959225411771944,0
275.62,-0.1775517133289073,0
275.63,-0.2832784982002142,0
275.64,-1.1081870797354827,0
275.65000000000003,0.10611335411992143,0
275.66,0.04649827241012773,0
275.67,0.3327618806918802,0
275.68,-1.5090152628639595,0
275.69,-0.4950486635651062,0
275.7,-0.6722847506682468,0
275.71,0.5386976584896286,0
275.72,0.36898300731776595,0
275.73,0.12417683663312168,0
275.74,-0.2918067886014144,0
275.75,0.045720279477826156,0
275.76,-0.5757408314338984,0
275.77,-0.2899457636729259,0
275.78000000000003,-0.4734125170366432,0
275.79,0.9956813087671978,0
275.8,0.9387442727258524,0
275.81,0.7077974199144011,0
275.82,-0.7097164604561631,0
275.83,0.18971840669446396,0
275.84000000000003,0.054298314217787066,0
275.85,0.572015962312534,0
275.86,0.22157270587578645,0
275.87,-0.04132603414382549,0
275.88,0.021001264656864166,0
275.89,-1.049502350352683,0
275.90000000000003,-0.7642579653317723,0
275.91,-0.08548702628123551,0
275.92,0.4921320814983759,0
275.93,-0.26340824076580127,0
275.94,-0.1808911540799713,0
275.95,-0.9911393164666471,0
275.96,0.43599420819545176,0
275.97,0.6087262261727223,0
275.98,0.4060465015818011,0
275.99,0.2247239506252073,0
276.0,0.7895181167440106,0
276.01,-0.324790688588964,0
276.02,-0.6609854673622609,0
276.03000000000003,0.30652960131382045,0
276.04,0.5125950247172043,0
276.05,-0.6009974814687151,0
276.06,-0.526808571902107,0
276.07,0.6741845400033875,0
276.08,0.29413508586103937,0
276.09000000000003,0.3990630990923355,0
276.1,-0.6111527032093564,0
276.11,0.10318929623269003,0
276.12,-0.8238908496200747,0
276.13,-1.3540530648794136,0
276.14,-0.04523311535499405,0
276.15000000000003,0.6587816609027821,0
276.16,-0.06428063323846178,0
276.17,-0.400977061704132,0
276.18,0.7169700814134135,0
276.19,-0.018382651040494705,0
276.2,-0.1335393466586083,0
276.21,0.7747641674085574,0
276.22,-0.08857151144233838,0
276.23,-0.46442511264446573,0
276.24,0.22416776042214634,0
276.25,-0.41708261863846247,0
276.26,-0.2753354308979141,0
276.27,-0.865414886977204,0
276.28000000000003,-0.2117291174688925,0
276.29,-0.11079707647892206,0
276.3,0.3936532842441904,0
276.31,0.4607570770324123,0
276.32,0.31469330039419396,0
276.33,0.19440645580807442,0
276.34000000000003,-0.08465385509510384,0
276.35,0.20917832474156098,0
276.36,-0.6343528340450344,0
276.37,-1.5038098430490408,0
276.38,0.14847200335137367,0
276.39,0.30177147749137423,0
276.40000000000003,-0.08656567113352608,0
276.41,0.45619201060750086,0
276.42,-0.36993005336067997,0
276.43,-0.5626350985699978,0
276.44,-0.6846678387345784,0
276.45,0.036612704855081474,0
276.46,-0.9283497650201078,0
276.47,-0.7350665229898716,0
276.48,-0.1240511801937286,0
276.49,-0.7668566069261247,0
276.5,-0.6379666100146338,0
276.51,-1.4318661130704475,0
276.52,-0.13001293828556915,0
276.53000000000003,-0.4934823867695284,0
276.54,-0.8034821593935457,0
276.55,-0.9852442152395504,0
276.56,-0.5637758216107103,0
276.57,-1.0772066478849986,0
276.58,0.6702868581383253,0
276.59000000000003,-1.1972086414423257,0
276.6,-0.6341154215903484,0
276.61,-0.19646265288019887,0
276.62,-0.5569205760622199,0
276.63,-0.1211735936354506,0
276.64,-0.5510432234863095,0
276.65000000000003,0.582111788491185,0
276.66,-0.5452927774616183,0
276.67,-1.4834347717363592,0
276.68,-1.1573803348464666,0
276.69,-0.1785704547962022,0
276.7,-0.20251162758607927,0
276.71,0.25481655069171827,0
276.72,0.23578535853428884,0
276.73,-0.3750334460185138,0
276.74,-0.4493732669457001,0
276.75,-0.412727796415946,0
276.76,0.8050927478646235,0
276.77,0.4739318651433301,0
276.78000000000003,1.0306217439999283,0
276.79,0.6101263923770943,0
276.8,0.023374991003865586,0
276.81,-0.6323208800585522,0
276.82,-0.14610516386810768,0
276.83,-0.16430503920305004,0
276.84000000000003,-0.18633300039404682,0
276.85,-0.25334461421011323,0
276.86,-1.2517760219067018,0
276.87,0.2630439296631401,0
276.88,-0.05658337728419116,0
276.89,-0.8627839500086375,0
276.90000000000003,-0.05466131902137683,0
276.91,-0.5649715586706223,0
276.92,0.06255106558402632,0
276.93,0.38956278444878945,0
276.94,0.5447725812242932,0
276.95,-0.045133468909909255,0
276.96,-0.32728969804209224,0
276.97,-0.5106210646257011,0
276.98,-0.60814156545794,0
276.99,-0.25693303746750795,0
277.0,-0.2714601170322446,0
277.01,-0.6031349382721252,0
277.02,-0.8556782052981712,0
277.03000000000003,-0.3676470511968223,0
277.04,-0.4189705551926115,0
277.05,-0.8084162200591475,0
277.06,0.14432657976368213,0
277.07,0.8838835755704548,0
277.08,0.6376609891509487,0
277.09000000000003,-0.3200544014752811,0
277.1,-0.20272899015278217,0
277.11,0.6736619678934116,0
277.12,-0.5526314461117006,0
277.13,0.18256894789721245,0
277.14,-0.8215677942338784,0
277.15000000000003,0.5953405762059103,0
277.16,-0.17642135639487924,0
277.17,1.046818020515305,0
277.18,1.0858163843588642,0
277.19,0.11861114682366722,0
277.2,-0.4496428632632756,0
277.21,-0.10489486671484456,0
277.22,-0.21839563320112781,0
277.23,-0.36470034093645354,0
277.24,-1.0704536092144312,0
277.25,-0.6379280712454027,0
277.26,-0.8471699392889913,0
277.27,-0.014361253843363703,0
277.28000000000003,0.4278275685698888,0
277.29,0.40501283419080036,0
277.3,0.18717376311323503,0
277.31,-0.5038376915643535,0
277.32,-0.11302620615807259,0
277.33,0.29744704892564217,0
277.34000000000003,-0.33432288571744134,0
277.35,-0.11673162326164081,0
277.36,-0.20318346843521362,0
277.37,0.737914001798816,0
277.38,0.5413771943902091,0
277.39,0.36314082654361823,0
277.40000000000003,-0.9200387945154526,0
277.41,-0.23461359459092568,0
277.42,-0.23787106717467105,0
277.43,-0.243310187902799,0
277.44,-0.9901111905271558,0
277.45,-0.9235354710920196,0
277.46,-0.36385980315341065,0
277.47,0.4056928767367154,0
277.48,-0.30984938665207606,0
277.49,-0.3872628859603371,0
277.5,0.754837801698407,0
277.51,-0.06622117743068243,0
277.52,-0.18202406895365913,0
277.53000000000003,-0.20378329011893953,0
277.54,-0.8644015934562572,0
277.55,-0.008546192322914703,0
277.56,-0.44678600569048127,0
277.57,-0.22470159551145444,0
277.58,0.08345593805393936,0
277.59000000000003,0.9583099177644621,0
277.6,-0.5592373023982853,0
277.61,0.22374686982075803,0
277.62,0.42146373881986776,0
277.63,-0.33162601613608816,0
277.64,0.13920889237713288,0
277.65000000000003,0.8128269432099291,0
277.66,-0.3013516347491225,0
277.67,-0.04395236358092949,0
277.68,0.10735592115688694,0
277.69,0.21405973222007005,0
277.7,0.3659202699943276,0
277.71,0.08275232983296524,0
277.72,0.19679872750129596,0
277.73,-0.5335256064038404,0
277.74,-0.1433985035095311,0
277.75,-0.3868941052377956,0
277.76,-0.849047936736667,0
277.77,-0.5808178186482368,0
277.78000000000003,-0.09914907806745023,0
277.79,0.10982929364581356,0
277.8,-0.7455238293105354,0
277.81,-0.7832299963591675,0
277.82,0.09257316381795105,0
277.83,0.1962045852579931,0
277.84000000000003,0.4238979700228781,0
277.85,0.7368046696402166,0
277.86,0.3730362114291925,0
277.87,-0.22527047516767304,0
277.88,-0.09280716600191882,0
277.89,0.7630798799076111,0
277.90000000000003,1.5652433792453122,0
277.91,0.5402119219335717,0
277.92,0.32251936217904276,0
277.93,0.3693390471584054,0
277.94,0.0072282558099166505,0
277.95,0.5238022430876943,0
277.96,0.5699512140003825,0
277.97,0.23336583935731237,0
277.98,-0.2088761649481824,0
277.99,-0.9599251522548863,0
278.0,0.052152073909997265,0
278.01,0.028469039899755327,0
278.02,-0.48371443146963966,0
278.03000000000003,-0.8206161894537065,0
278.04,0.04909613423408482,0
278.05,-0.9384476172423253,0
278.06,-0.17307016753872487,0
278.07,0.30790420439168625,0
278.08,0.2717440385677139,0
278.09000000000003,-0.23823678881573662,0
278.1,-0.8230059717662341,0
278.11,0.008725303876266077,0
278.12,0.5433497931351438,0
278.13,-0.26733629746956944,0
278.14,0.10491861766885699,0
278.15000000000003,0.7702276769406415,0
278.16,0.2747697887754127,0
278.17,-0.24091600698333737,0
278.18,0.39578570534171603,0
278.19,-0.3921278483097521,0
278.2,-0.887682626657015,0
278.21,0.11233066563803751,0
278.22,-0.2865719466385091,0
278.23,-0.3385810569344457,0
278.24,-0.516913277760013,0
278.25,-0.47944083185852227,0
278.26,0.5288633549111383,0
278.27,0.9190933071194151,0
278.28000000000003,1.0871804818549282,0
278.29,0.7538200695279593,0
278.3,0.3382377347800759,0
278.31,-0.7767266877392465,0
278.32,-0.3926092447095578,0
278.33,0.9518108889453915,0
278.34000000000003,-0.09263603623944722,0
278.35,0.6845508965539326,0
278.36,0.10180049834283172,0
278.37,-1.4994211136384412,0
278.38,-0.1324606530973335,0
278.39,0.5425032037029138,0
278.40000000000003,0.01080653801112283,0
278.41,0.5605971990519746,0
278.42,-0.8467953999345341,0
278.43,-1.0483487289232865,0
278.44,-0.25179813205485607,0
278.45,0.092302181056714,0
278.46,0.6466526237881504,0
278.47,0.4030437543196396,0
278.48,-0.633777984510693,0
278.49,-0.14389982059247636,0
278.5,0.18500374124489297,0
278.51,-1.0507946671270838,0
278.52,-0.38490520411272733,0
278.53000000000003,-0.37392615805951107,0
278.54,-0.541139133646402,0
278.55,0.03130094809600456,0
278.56,-0.7034713827328227,0
278.57,-0.05293565546918236,0
278.58,0.18562389611897134,0
278.59000000000003,0.5244371064276837,0
278.6,-0.5662820858634966,0
278.61,-1.0423118370188473,0
278.62,-0.21122309435845693,0
278.63,-0.3044464288163,0
278.64,1.3704407134192744,0
278.65000000000003,0.4875456248439005,0
278.66,0.053608454668897854,0
278.67,-0.17790592983467726,0
278.68,-0.7924283218537702,0
278.69,0.0028687495083554726,0
278.7,-0.14076119569621034,0
278.71,-0.1762458671206803,0
278.72,-0.09313773526848285,0
278.73,-0.00487151361099708,0
278.74,-1.0268431522057189,0
278.75,0.08960318356601948,0
278.76,-0.5278107218637796,0
278.77,-0.30492959021359023,0
278.78000000000003,0.5090675395195997,0
278.79,0.9753764133869388,0
278.8,-0.7612583385297538,0
278.81,-0.2737571908263372,0
278.82,-0.02267220814163902,0
278.83,-0.9080693969404693,0
278.84000000000003,0.10078256529413634,0
278.85,-0.012518342203014565,0
278.86,0.0006195903030883909,0
278.87,-0.5881416620083071,0
278.88,-0.026845727589414795,0
278.89,0.33996570149534555,0
278.90000000000003,0.053055757595018516,0
278.91,-0.36017091815888214,0
278.92,-0.422030497351653,0
278.93,-0.08792424521306164,0
278.94,-0.09579941321751187,0
278.95,0.35807554514168755,0
278.96,-0.26607935124627735,0
278.97,-0.8152137339848067,0
278.98,-0.1123005414413788,0
278.99,-0.3822789521341952,0
279.0,0.2218466433355867,0
279.01,-0.04046508266443015,0
279.02,0.2386340216121302,0
279.03000000000003,-0.5804812825031973,0
279.04,-0.16876177014231877,0
279.05,-0.5145918277345236,0
279.06,-0.878578411407037,0
279.07,-0.7782727767226328,0
279.08,-0.5845987058990061,0
279.09000000000003,0.416597329806466,0
279.1,-0.3000125400341513,0
279.11,-0.8522784337053995,0
279.12,-0.24320791921612617,0
279.13,-0.14543622715082696,0
279.14,-0.39858788230424314,0
279.15000000000003,-0.2857166947498383,0
279.16,0.34821430445694,0
279.17,0.34397694155863484,0
279.18,0.2968470833092423,0
279.19,-0.6564283909749931,0
279.2,1.272772639890363,0
279.21,0.7776940407208832,0
279.22,0.369412308009036,0
279.23,-0.6280502216180309,0
279.24,0.24730166383428678,0
279.25,-0.30544773401485803,0
279.26,-0.28024167443490905,0
279.27,-1.0655773701326414,0
279.28000000000003,-1.0279897003219756,0
279.29,-0.12393695585454378,0
279.3,0.4043711059688474,0
279.31,0.3653093939867418,0
279.32,0.3373732400249968,0
279.33,-0.05070427215100218,0
279.34000000000003,-0.3298380467685065,0
279.35,-0.029207843733241715,0
279.36,0.32951274410342835,0
279.37,-0.015665607476884127,0
279.38,0.5399333441112725,0
279.39,-0.0802196252495687,0
279.40000000000003,-0.6427778844190737,0
279.41,-0.26692156853009996,0
279.42,-0.1110241563784683,0
279.43,-0.17218655263602703,0
279.44,0.5381820591989384,0
279.45,0.46261284139851294,0
279.46,-0.7471764203270969,0
279.47,0.5294883611188285,0
279.48,-1.428369823368736,0
279.49,0.6875441625489208,0
279.5,-0.08199263976326104,0
279.51,-0.22234679887577208,0
279.52,-0.18846335637288142,0
279.53000000000003,0.0570849833831672,0
279.54,-0.08682227479694593,0
279.55,-0.19371526903319056,0
279.56,0.5476255098348225,0
279.57,0.3370967648188517,0
279.58,-0.5273507262941707,0
279.59000000000003,0.1615505002505047,0
279.6,0.21842766441422645,0
279.61,-0.33685455819492693,0
279.62,0.23652533927245184,0
279.63,-0.12590284181498235,0
279.64,-0.25066443731047217,0
279.65000000000003,-0.2963794715172602,0
279.66,-1.4683301411134873,0
279.67,-0.7487639251623668,0
279.68,0.09138490912941324,0
279.69,-0.09032102815415827,0
279.7,-0.8082382551571606,0
279.71,0.21037109289852635,0
279.72,-0.2077102413455053,0
279.73,-0.8037658867910522,0
279.74,0.8725130365819757,0
279.75,-0.44406645243130394,0
279.76,0.25598195413733904,0
279.77,-0.44707137970139854,0
279.78000000000003,-0.1408336729309405,0
279.79,-0.6170683105850165,0
279.8,-0.9156753028435798,0
279.81,-0.05228103125908201,0
279.82,0.10128946006799497,0
279.83,0.5333984236551399,0
279.84000000000003,0.013531652319397347,0
279.85,1.0842717800882349,0
279.86,0.31242708913494943,0
279.87,0.2783710932274994,0
279.88,-0.7554000169219139,0
279.89,-0.6174711301079888,0
279.90000000000003,0.020762144983313247,0
279.91,-0.1412997143440234,0
279.92,-0.03703122827497633,0
279.93,-0.545741819807559,0
279.94,-0.1731848839079464,0
279.95,-0.0818749784379515,0
279.96,-0.7508186928806667,0
279.97,0.05273090263703184,0
279.98,-0.993924647997608,0
279.99,-0.2521489018152519,0
280.0,0.7754039855834031,0
280.01,0.45445100903055036,0
280.02,0.37086570049782275,0
280.03000000000003,-0.48704803713161005,0
280.04,0.7184546610559259,0
280.05,0.8108753752180684,0
280.06,-0.3484296695921128,0
280.07,-0.44186064246121837,0
280.08,0.45574033300816086,0
280.09000000000003,0.9684858478246559,0
280.1,-0.5333472539278553,0
280.11,-0.7698449126551995,0
280.12,-0.3710473988065277,0
280.13,-1.3509783969946367,0
280.14,-0.4296527705913108,0
280.15000000000003,0.42196874592552547,0
280.16,-0.7627187405790016,0
280.17,-0.22509462625107907,0
280.18,-0.46820871612162174,0
280.19,0.6541373213822033,0
280.2,-0.24205712914330446,0
280.21,0.6462280343833458,0
280.22,-0.2588015809937631,0
280.23,0.24376741940114274,0
280.24,0.09288360037228427,0
280.25,-0.15266002859590078,0
280.26,-0.5614128532945173,0
280.27,-0.07057474260258119,0
280.28000000000003,-0.35454309585598975,0
280.29,-0.5582770868014635,0
280.3,0.5423733062098706,0
280.31,0.32482070403448815,0
280.32,0.32159623712408736,0
280.33,-0.23052786503979908,0
280.34000000000003,-0.25907647634877606,0
280.35,-0.29956699127270314,0
280.36,0.002260264990480626,0
280.37,0.2398908966592665,0
280.38,-0.05861181012433554,0
280.39,-0.5392564297088998,0
280.40000000000003,0.1677068523860625,0
280.41,-0.042811604331415426,0
280.42,-0.8805435086922518,0
280.43,-1.459817455394902,0
280.44,-0.3088929901439176,0
280.45,-0.6215440192992191,0
280.46,-0.028444403384498634,0
280.47,-0.5227866977418282,0
280.48,-0.1624194619547168,0
280.49,-0.3447832519874312,0
280.5,0.744080120631684,0
280.51,0.5893956762444684,0
280.52,0.7621137497964963,0
280.53000000000003,0.10059922408664748,0
280.54,0.3603331889074682,0
280.55,0.03612015709114494,0
280.56,0.6888519071739032,0
280.57,0.030766610759052765,0
280.58,-0.8393423551996226,0
280.59000000000003,-1.3770108534933827,0
280.6,0.4413255805707018,0
280.61,0.26227858400061943,0
280.62,0.25251513160036626,0
280.63,0.753511115243485,0
280.64,-0.7941539601322627,0
280.65000000000003,-0.49244810187181964,0
280.66,-0.3517864601838724,0
280.67,0.20436505839368885,0
280.68,-0.42075713782562263,0
280.69,-0.8479732541510049,0
280.7,-0.9595737789893675,0
280.71,0.2691679328298022,0
280.72,-0.4311937327696775,0
280.73,-0.504845409162249,0
280.74,0.10858604181101636,0
280.75,-0.4481787095578847,0
280.76,-1.123118877726922,0
280.77,-1.2262373590791986,0
280.78000000000003,-0.4399742757999229,0
280.79,0.05167142447402884,0
280.8,-0.19798165902080023,0
280.81,0.0765167989268713,0
280.82,-0.9429941187184842,0
280.83,-1.161924474192773,0
280.84000000000003,0.8065548832440977,0
280.85,0.7548586956091197,0
280.86,0.494921418394979,0
280.87,-0.33091091733019706,0
280.88,-0.312805839490436,0
280.89,-0.18244288657277344,0
280.90000000000003,0.5509599176969465,0
280.91,0.24885430658435928,0
280.92,0.23888279649112326,0
280.93,-0.13297655792511281,0
280.94,0.2854461280474179,0
280.95,0.12891057471899095,0
280.96,-0.04779382623365715,0
280.97,-0.5111487127891927,0
280.98,-0.2917665308286138,0
280.99,-0.7513458249266398,0
281.0,-0.31274350841389065,0
281.01,-0.13438565308772954,0
281.02,-1.4176518928612691,0
281.03000000000003,-0.5806582215582781,0
281.04,-0.8749600430246438,0
281.05,-0.05681141619855101,0
281.06,0.22147622755251045,0
281.07,-0.27531932193577535,0
281.08,0.11987986416688012,0
281.09000000000003,0.24105355461687675,0
281.1,-0.1657652046521797,0
281.11,0.671907275875999,0
281.12,-0.32188079913620726,0
281.13,0.5993377502213648,0
281.14,-0.07385467668088616,0
281.15000000000003,-0.5713435150105746,0
281.16,-0.4338430548051089,0
281.17,-0.7977358224415267,0
281.18,0.11454281178870898,0
281.19,-0.9287394541161886,0
281.2,0.4039700705685642,0
281.21,-0.5012665600219961,0
281.22,0.21633762145665375,0
281.23,-0.03692385050274162,0
281.24,0.031062083744506558,0
281.25,-0.41039520968616194,0
281.26,-0.018674197635424702,0
281.27,-0.03676426918816207,0
281.28000000000003,-0.8895705135049118,0
281.29,-0.838964412408393,0
281.3,-0.6018186492874376,0
281.31,-0.6565558372027172,0
281.32,0.39897190606071486,0
281.33,-0.0005929126713348498,0
281.34000000000003,-0.5189054265464071,0
281.35,-0.49518194144911215,0
281.36,-0.4965592830406643,0
281.37,-0.3816718055666717,0
281.38,-0.7722202609965163,0
281.39,-0.7306696049905341,0
281.40000000000003,0.12139419569320589,0
281.41,0.02485070584691182,0
281.42,-0.17912798365808025,0
281.43,-0.14761677249681446,0
281.44,-0.16541437092408237,0
281.45,-0.25698667700935734,0
281.46,0.1068505352551882,0
281.47,0.15841569344988984,0
281.48,-0.9017263306500406,0
281.49,-0.3998200852795739,0
281.5,-1.0061997404709784,0
281.51,-0.017441412297185516,0
281.52,0.300074568326844,0
281.53000000000003,-0.35463299438916385,0
281.54,-0.25524267460807654,0
281.55,-1.29264893057444,0
281.56,0.09044486208451169,0
281.57,0.2960839777952978,0
281.58,0.5820126549051675,0
281.59000000000003,0.8326552946918108,0
281.6,-0.5482181552365593,0
281.61,0.23134388791162472,0
281.62,0.7410856117719724,0
281.63,-0.7151916706280977,0
281.64,-0.37453730416233644,0
281.65000000000003,-0.3917377053304004,0
281.66,0.253034484348759,0
281.67,-1.3162095507926859,0
281.68,0.5333831670950319,0
281.69,-0.03122559636081354,0
281.7,0.3753891211249096,0
281.71,-0.042903725141047344,0
281.72,0.14665989486519931,0
281.73,-1.3042755986437684,0
281.74,-0.635751433314125,0
281.75,0.18779022684744953,0
281.76,0.09595761165738217,0
281.77,-0.9524516597457902,0
281.78000000000003,-0.31018299018305207,0
281.79,-0.6183512897640773,0
281.8,-0.7415672960797819,0
281.81,-1.1000423127394579,0
281.82,-0.05037227880546852,0
281.83,0.47526830758516736,0
281.84000000000003,1.1429945856434518,0
281.85,-0.60412272652846,0
281.86,0.15271798315553414,0
281.87,0.37695324379980055,0
281.88,-0.3198355096451934,0
281.89,-0.6735515986632843,0
281.90000000000003,-0.8515491054008874,0
281.91,-0.5987018901869235,0
281.92,-0.1467680198490381,0
281.93,0.5826046259254464,0
281.94,0.629256628112691,0
281.95,-0.8079935503470393,0
281.96,-0.7271416764625285,0
281.97,0.40524719367435813,0
281.98,-0.39310767211986797,0
281.99,-0.23368764271690395,0
282.0,-1.0716653589314176,0
282.01,0.24098240177007788,0
282.02,-1.0635074064910541,0
282.03000000000003,-1.2458936423055973,0
282.04,0.14294630213123025,0
282.05,0.9530446101730821,0
282.06,-0.021706926602366422,0
282.07,-0.13560528692674476,0
282.08,0.34455206767829666,0
282.09000000000003,0.13502672902121404,0
282.1,-0.27026254898746954,0
282.11,-0.43136914718186614,0
282.12,-1.0475146689872665,0
282.13,-0.24314119847447677,0
282.14,-0.21506137966262648,0
282.15000000000003,-0.3922758819299108,0
282.16,-0.7369275323143849,0
282.17,-0.769168043625441,0
282.18,0.03162884977974589,0
282.19,0.3720226918542058,0
282.2,-0.18661147414969054,0
282.21,-0.3823945493123066,0
282.22,-0.655642148848646,0
282.23,0.2295184775538667,0
282.24,-0.03158944519073589,0
282.25,0.08253271641357424,0
282.26,0.10602626820213093,0
282.27,-0.24287497137586958,0
282.28000000000003,-0.786848319089572,0
282.29,-0.8327370341001898,0
282.3,0.28689085625914923,0
282.31,-0.420308033670398,0
282.32,-0.4292023305762042,0
282.33,-0.8170110470585825,0
282.34000000000003,-0.9574731725612963,0
282.35,-0.7546125023854834,0
282.36,0.604831803762815,0
282.37,0.39597012179348473,0
282.38,-0.28722155065889515,0
282.39,0.3991696406126685,0
282.40000000000003,-0.08702161458234005,0
282.41,0.5937543413879752,0
282.42,1.2205243665736694,0
282.43,0.7469104397267811,0
282.44,0.13131188386608356,0
282.45,0.29945321843498035,0
282.46,-0.0229070524638479,0
282.47,-1.0892712636361979,0
282.48,-0.7267540233900737,0
282.49,-0.7942840450892888,0
282.5,-0.6648399487389236,0
282.51,0.6831149743965996,0
282.52,0.6624804222211259,0
282.53000000000003,0.2945098917132486,0
282.54,0.4003174938116719,0
282.55,-1.013463175864842,0
282.56,0.028477897521262813,0
282.57,0.4015484683317586,0
282.58,-1.1983254092671325,0
282.59000000000003,0.0019516425396620685,0
282.6,-0.863878184819754,0
282.61,-1.3710777048522191,0
282.62,0.2575165935925071,0
282.63,-0.5779492313886516,0
282.64,-0.631807616847703,0
282.65000000000003,0.2629797541502055,0
282.66,-0.2028869215829922,0
282.67,-0.25276198108676623,0
282.68,-0.2769188317748673,0
282.69,0.009754850560311917,0
282.7,-0.22423042699702264,0
282.71,-0.10143359995046669,0
282.72,-0.3996870157428342,0
282.73,-0.01874564072231638,0
282.74,0.05625184148095205,0
282.75,0.9185457882414065,0
282.76,-0.07961529006339704,0
282.77,-0.22421458975912834,0
282.78000000000003,-0.03512137626380715,0
282.79,0.3985515712067217,0
282.8,-0.5879475759817758,0
282.81,-0.19812059068261634,0
282.82,-1.491341540632423,0
282.83,-0.6237552907950263,0
282.84000000000003,0.3089926360867277,0
282.85,-0.41579555260032275,0
282.86,-0.11613775428679299,0
282.87,-0.4170702134117641,0
282.88,-0.6683182127428852,0
282.89,0.2438684368827708,0
282.90000000000003,-0.6020862224738903,0
282.91,-0.10093724741228152,0
282.92,0.03253002188011392,0
282.93,-0.551938210894515,0
282.94,-0.16154785833701835,0
282.95,-0.6447644841965439,0
282.96,0.010182873356241767,0
282.97,-0.8042213850561093,0
282.98,-0.4884330897373511,0
282.99,-0.36325756616317023,0
283.0,0.3953204142600476,0
283.01,0.06684127203289006,0
283.02,0.41870834553174785,0
283.03000000000003,0.2934757495602358,0
283.04,0.2587521866612309,0
283.05,-0.21869900753258562,0
283.06,0.3823591109633687,0
283.07,-0.200731480520588,0
283.08,-1.0780373130600265,0
283.09000000000003,-0.49056600354771396,0
283.1,0.012162243439654857,0
283.11,-0.959246059449149,0
283.12,-0.8178749734375536,0
283.13,-0.96652912211893,0
283.14,0.07058017086054069,0
283.15000000000003,0.8017478044641823,0
283.16,-0.018004097854597,0
283.17,0.17177538676392004,0
283.18,0.2053551447303267,0
283.19,0.7719814796536907,0
283.2,-0.261334228744262,0
283.21,-0.28926234453490585,0
283.22,-0.36063566772797573,0
283.23,-0.1568852506357455,0
283.24,1.187540268759078,0
283.25,0.20640454287170118,0
283.26,-0.5104641291379992,0
283.27,-0.8493414081398567,0
283.28000000000003,0.34781407807092324,0
283.29,-0.4775710746232411,0
283.3,0.12703617666545342,0
283.31,-0.4371681399682598,0
283.32,-0.8908312655893983,0
283.33,-0.007411581558186109,0
283.34000000000003,-0.4447537052668221,0
283.35,0.008345663061728598,0
283.36,0.16093905091941105,0
283.37,0.22409407646254026,0
283.38,-0.1938342973473692,0
283.39,0.20988610716307673,0
283.40000000000003,-0.5459021059876655,0
283.41,-1.5504632156644673,0
283.42,-0.11828203024214193,0
283.43,-0.04851189286691392,0
283.44,-0.444153224770784,0
283.45,-1.001628987964708,0
283.46,-1.4421198514853422,0
283.47,-0.4401506607151412,0
283.48,0.6608101776531852,0
283.49,-0.015785766257065598,0
283.5,-0.3035847201541594,0
283.51,-0.1961002161649264,0
283.52,1.0042382718412486,0
283.53000000000003,0.5442221080300272,0
283.54,-0.4683718948121226,0
283.55,-0.2094051628560394,0
283.56,0.01739179882414771,0
283.57,-0.6654937093571238,0
283.58,0.13057680175922587,0
283.59000000000003,-0.5101972482667132,0
283.6,-1.0395233050897594,0
283.61,-0.32669188654721026,0
283.62,-0.23279138964613083,0
283.63,-0.1661222329204583,0
283.64,-0.5561235681855938,0
283.65000000000003,-0.5793308251428922,0
283.66,0.3486868085828131,0
283.67,0.21463466286695948,0
283.68,-0.5632855472926416,0
283.69,-1.2870919723417251,0
283.7,-0.9162002785314551,0
283.71,-0.2527636641672155,0
283.72,-0.5072102144987753,0
283.73,-0.6122221865890808,0
283.74,-0.5743226251479803,0
283.75,-0.2898308670937486,0
283.76,0.237840942141807,0
283.77,-0.04831877956290159,0
283.78000000000003,-0.08666425174656162,0
283.79,-0.24899273778188302,0
283.8,-0.43576629050299587,0
283.81,0.2596677856193357,0
283.82,0.3526544293151721,0
283.83,1.0697170688041882,0
283.84000000000003,0.4849338092936638,0
283.85,-0.2518444884247524,0
283.86,-0.6523868672733072,0
283.87,0.23670082788020697,0
283.88,-0.4825256390576683,0
283.89,0.20287799323816053,0
283.90000000000003,-0.4616775973874835,0
283.91,-0.03720863188309001,0
283.92,-0.6813975728392402,0
283.93,0.1372142409299076,0
283.94,-0.730434993489027,0
283.95,-0.14502648626438766,0
283.96,-0.2494026311534393,0
283.97,-0.11593656061443258,0
283.98,-0.3475771546992728,0
283.99,-0.41799061537030224,0
284.0,-0.12990894602867264,0
284.01,-0.6740010167426518,0
284.02,-0.8131693630861375,0
284.03000000000003,-0.5021064870614629,0
284.04,-0.44507940863233586,0
284.05,-0.7545768257506752,0
284.06,0.19562270406455562,0
284.07,-0.2371351346424676,0
284.08,-0.2879232940478953,0
284.09000000000003,-0.8868822586450711,0
284.1,0.7735406739772523,0
284.11,1.377914295498633,0
284.12,-0.1790927720859917,0
284.13,0.500167459257763,0
284.14,-0.03185738703406049,0
284.15000000000003,0.738082177480536,0
284.16,0.25554740362664163,0
284.17,0.008972790485293092,0
284.18,-1.4367585742088769,0
284.19,-0.9351428018143871,0
284.2,-0.33093404677793015,0
284.21,-0.08502483092083307,0
284.22,-0.7762977817541596,0
284.23,-0.6902825292286172,0
284.24,0.014036084304227842,0
284.25,-0.8412344094871133,0
284.26,-0.24723952145607858,0
284.27,0.4892855817741293,0
284.28000000000003,0.2194275026438018,0
284.29,0.12533369069029476,0
284.3,-1.1526616721128762,0
284.31,-0.8340678442117909,0
284.32,0.7772013115142656,0
284.33,-0.2330026062391556,0
284.34000000000003,0.506887767280375,0
284.35,-0.3068235778422035,0
284.36,-0.3329178697544132,0
284.37,0.08306438297111682,0
284.38,-0.033897133503699994,0
284.39,0.08639723252248635,0
284.40000000000003,-0.5225310917559356,0
284.41,-0.8440568915541403,0
284.42,-0.7911037292132478,0
284.43,-0.5895971957415407,0
284.44,-0.3778542327389631,0
284.45,0.3495561804381229,0
284.46,0.02552413769985734,0
284.47,0.15605737767969527,0
284.48,0.00602183976385301,0
284.49,-0.7009139219499547,0
284.5,-0.27445453944132314,0
284.51,-0.10740155281839074,0
284.52,0.26939019618608656,0
284.53000000000003,-0.6101697871336955,0
284.54,-1.3476009001868015,0
284.55,-0.35151260705519616,0
284.56,-0.00793086647934338,0
284.57,-0.2060129561814951,0
284.58,-0.14509383579297605,0
284.59000000000003,0.3231798777689597,0
284.6,-0.27207021931252406,0
284.61,-0.3249498316046992,0
284.62,-0.14770512288250898,0
284.63,-0.7950890236359751,0
284.64,-0.3882424594274313,0
284.65000000000003,-0.23959684958498045,0
284.66,0.7032816577740684,0
284.67,-0.09154947941534786,0
284.68,-0.0249981963266645,0
284.69,0.3743117870163287,0
284.7,-0.4610580545844834,0
284.71,0.5087087867871287,0
284.72,0.9578323228707102,0
284.73,0.11539094418727752,0
284.74,-0.3671054328644413,0
284.75,0.6660212918052376,0
284.76,0.4814951213114045,0
284.77,0.0553027066471071,0
284.78000000000003,0.6649367983951349,0
284.79,0.7609647259736734,0
284.8,-0.09758267174456198,0
284.81,-0.0007042927207292216,0
284.82,0.19820937769420732,0
284.83,-0.04393557388273703,0
284.84000000000003,-0.8604699241119491,0
284.85,-0.823582953264466,0
284.86,-1.0380385130013203,0
284.87,-0.10584084891435,0
284.88,-0.7660110258231205,0
284.89,-0.1978855823933606,0
284.90000000000003,0.8172189650292114,0
284.91,0.8557690190642762,0
284.92,-0.8734310966854381,0
284.93,-1.0082062801560643,0
284.94,-0.7744794995092288,0
284.95,-0.9250823705073501,0
284.96,-1.220911811027137,0
284.97,-0.41993824319550854,0
284.98,0.161558299721167,0
284.99,0.43948771810175935,0
285.0,-0.25177246172914114,0
285.01,-0.31672106799192185,0
285.02,0.001240212162128218,0
285.03000000000003,-0.16646300915548257,0
285.04,0.28104972886590596,0
285.05,0.19042523375947357,0
285.06,-0.26182114485542046,0
285.07,-1.163222034035123,0
285.08,0.39842863700397335,0
285.09000000000003,-0.3748191928274391,0
285.1,-0.012366000555604606,0
285.11,-1.1328281974542478,0
285.12,-0.3983280427569784,0
285.13,-0.15529384902477847,0
285.14,-0.06880282199892174,0
285.15000000000003,1.4786248204200234,0
285.16,-0.07557236570748976,0
285.17,0.30899340366320077,0
285.18,0.24673168244891022,0
285.19,-0.4088828656565209,0
285.2,0.21764974088685798,0
285.21,-0.14228134140248705,0
285.22,0.3213301946244446,0
285.23,1.0154066972182,0
285.24,0.22493972130752396,0
285.25,-0.2027019867797447,0
285.26,0.40007721565562737,0
285.27,0.7345381789197679,0
285.28000000000003,-0.39598942244201696,0
285.29,-0.44948128248337327,0
285.3,0.1380379406880497,0
285.31,-0.14509069101565011,0
285.32,-0.6537866071582549,0
285.33,0.015183808580608693,0
285.34000000000003,0.2520692730665294,0
285.35,-0.22438347339375248,0
285.36,-0.1327640850365914,0
285.37,-0.44958505188961323,0
285.38,-0.8050072862678138,0
285.39,-0.575324701679499,0
285.40000000000003,-0.2138380004412237,0
285.41,-0.9483847669664487,0
285.42,-0.5722962237294547,0
285.43,-0.20570951806998983,0
285.44,0.475353120456797,0
285.45,-0.15705597302188062,0
285.46,-0.8121885168121666,0
285.47,-0.42414594231180247,0
285.48,-0.5172118680349703,0
285.49,0.05528448744578093,0
285.5,-0.2756022042402677,0
285.51,-1.621859316710273,0
285.52,1.4509588572280965,0
285.53000000000003,0.3290471096691818,0
285.54,0.02024361555269638,0
285.55,-0.9253196568965014,0
285.56,-1.1207997738550595,0
285.57,-0.4387108236398274,0
285.58,-0.040209106752634755,0
285.59000000000003,0.2542841183358986,0
285.6,0.08044121860980921,0
285.61,-0.7210290019116306,0
285.62,-1.6235668155253524,0
285.63,-0.568866118327125,0
285.64,-0.5361888833490545,0
285.65000000000003,-0.9160326997962182,0
285.66,0.10233088017102637,0
285.67,-0.923107989410861,0
285.68,-0.011869474580709999,0
285.69,-0.8635750771181683,0
285.7,-0.2541558709137231,0
285.71,0.32415674936996036,0
285.72,-0.20861012772935744,0
285.73,0.7380919407998224,0
285.74,1.0961582412015418,0
285.75,0.2906274730479277,0
285.76,0.25123814584391657,0
285.77,0.5179395077725235,0
285.78000000000003,0.3096669043467064,0
285.79,0.20051062759717855,0
285.8,-0.33872056624394786,0
285.81,-1.0930288212434052,0
285.82,-1.1233133378708513,0
285.83,0.8780755282886855,0
285.84000000000003,0.28143974775069813,0
285.85,-0.17028427898541804,0
285.86,0.5203768533069593,0
285.87,-0.3788460671870562,0
285.88,0.1059774638785767,0
285.89,-0.04224402718711601,0
285.90000000000003,0.12456481585906753,0
285.91,-0.25787305047622866,0
285.92,-0.6880752213570933,0
285.93,-0.7201090017696328,0
285.94,-0.707364653269368,0
285.95,-0.28832349594691997,0
285.96,-1.0106872426371918,0
285.97,-1.0268901046301844,0
285.98,-0.2944787256714262,0
285.99,-0.25154780756112305,0
286.0,-0.07152762551204873,0
286.01,-0.15182381660179026,0
286.02,1.1935101184197712,0
286.03000000000003,0.255897655820033,0
286.04,-0.24788033082267463,0
286.05,-0.11810424613479648,0
286.06,0.4036366109602537,0
286.07,-0.03552789712690743,0
286.08,0.24574293184302476,0
286.09000000000003,0.16231824615208204,0
286.1,-0.22411170419515586,0
286.11,-0.10702622688903,0
286.12,0.714673393053299,0
286.13,0.19805493402733645,0
286.14,-0.585647120190836,0
286.15000000000003,-0.4266410325406331,0
286.16,-1.3426588055124336,0
286.17,-0.37259122457423066,0
286.18,0.4954667047194494,0
286.19,-0.700592708478875,0
286.2,-0.205532487370218,0
286.21,0.363263082718833,0
286.22,0.5617459326544363,0
286.23,0.7118274555921862,0
286.24,-0.9271109152232178,0
286.25,-0.0730496524459883,0
286.26,-0.9302029083887615,0
286.27,-0.8743803361162945,0
286.28000000000003,0.10849027994721253,0
286.29,0.0010885356753045916,0
286.3,0.2768634514404855,0
286.31,-0.5357881690309116,0
286.32,0.540573280580903,0
286.33,0.39147167935009153,0
286.34000000000003,0.461208321598833,0
286.35,-0.5701753662057721,0
286.36,0.371009527650745,0
286.37,-0.18588224125966277,0
286.38,-0.4822459215251397,0
286.39,0.10223564249605743,0
286.40000000000003,0.22584711267103227,0
286.41,-0.5048000302833602,0
286.42,0.8585433906967759,0
286.43,1.0705237997291432,0
286.44,0.4795075469859818,0
286.45,0.23874765536715967,0
286.46,0.12496720852596882,0
286.47,-0.9045367177631407,0
286.48,-0.276419257118969,0
286.49,-0.12646262778068637,0
286.5,-0.4487375833660654,0
286.51,-0.3873073398677975,0
286.52,-1.4753406783869742,0
286.53000000000003,-1.0635716019381696,0
286.54,0.11460394680202607,0
286.55,0.8401580490130206,0
286.56,-0.4027682798306369,0
286.57,-0.11375118520118363,0
286.58,0.44604892030995547,0
286.59000000000003,-0.2759692061007199,0
286.6,0.1806769911384569,0
286.61,-0.08328966605204902,0
286.62,0.502635822279252,0
286.63,-0.6677719600677974,0
286.64,-0.8656576702514465,0
286.65000000000003,-0.17804667657061407,0
286.66,-0.10378320280236183,0
286.67,-0.16645287254231644,0
286.68,0.15451820476583075,0
286.69,-0.567502565882547,0
286.7,-0.9816846756912723,0
286.71,-0.6222905800423387,0
286.72,-0.4728967495441305,0
286.73,-0.3798895030162242,0
286.74,0.4702713632858774,0
286.75,0.4172665469026968,0
286.76,0.27770223506333813,0
286.77,0.0770569647241923,0
286.78000000000003,-0.32255536579280436,0
286.79,-0.6460014273734105,0
286.8,-0.9096432980753464,0
286.81,-0.7078823632446959,0
286.82,-0.31045795688664213,0
286.83,-0.8033218319882598,0
286.84000000000003,-0.22120048459659897,0
286.85,-0.2694981981124757,0
286.86,-0.389610516511841,0
286.87,0.41048633437448645,0
286.88,-1.3184202899020936,0
286.89,-0.6446379837322145,0
286.90000000000003,-1.52460626551136,0
286.91,-0.3648071106886386,0
286.92,0.20398063289680077,0
286.93,-0.7792301228668473,0
286.94,-0.9568499329269872,0
286.95,-1.2543456200445577,0
286.96,-0.3904309707374627,0
286.97,-0.38983313947577747,0
286.98,-0.35660283788256064,0
286.99,-0.3958671027902849,0
287.0,-0.7282085225856826,0
287.01,0.3099372660192986,0
287.02,0.11173454922921774,0
287.03000000000003,-0.7137295551261225,0
287.04,-0.6622937441507115,0
287.05,-0.7407836205782703,0
287.06,0.4527000186722128,0
287.07,0.38110680643003536,0
287.08,-0.08290819060305708,0
287.09000000000003,0.7775962581834872,0
287.1,0.8568240508622209,0
287.11,-0.019502268893364427,0
287.12,-0.33436990106339204,0
287.13,-0.38742510529807794,0
287.14,-0.7150956547557745,0
287.15000000000003,0.6337530743979438,0
287.16,-0.48839445792179575,0
287.17,0.2294142159620722,0
287.18,0.3141951525936725,0
287.19,-0.1947071386517758,0
287.2,0.804324795309729,0
287.21,-0.7401107525031468,0
287.22,-0.33839145529152626,0
287.23,-0.4559613775428122,0
287.24,0.28661987647072207,0
287.25,0.14899475499526155,0
287.26,-0.99355031410387,0
287.27,0.30071836528893675,0
287.28000000000003,0.22273756531856154,0
287.29,-0.6067259402277606,0
287.3,-0.44887932877567654,0
287.31,-0.9154426638045614,0
287.32,-0.43083319647123663,0
287.33,-0.13876736805854853,0
287.34000000000003,-0.32391229897570717,0
287.35,-0.43188221787680325,0
287.36,-1.0778343800368821,0
287.37,-0.20089527920943442,0
287.38,-1.1861001163199705,0
287.39,-0.39101736565242506,0
287.40000000000003,-1.1669182356426215,0
287.41,-0.3758907752535996,0
287.42,-0.2082948915727171,0
287.43,0.051651314076527954,0
287.44,0.3610332417621004,0
287.45,0.5370522226631926,0
287.46,-0.8342318270032627,0
287.47,-0.35065192284371305,0
287.48,0.872129983561438,0
287.49,0.17034722692228682,0
287.5,-0.5112525023229921,0
287.51,-0.28138055564400044,0
287.52,-0.3857911406623002,0
287.53000000000003,-0.8340901465416217,0
287.54,0.14316250126554123,0
287.55,0.23582883586229317,0
287.56,-0.7628725044716654,0
287.57,-0.3515532972304454,0
287.58,-0.5007198446516544,0
287.59000000000003,-1.0892605443853933,0
287.6,-1.1369389694298244,0
287.61,-1.0695920428822527,0
287.62,-0.40970947920545575,0
287.63,-0.4575054663220256,0
287.64,-0.7363861449204605,0
287.65000000000003,-0.5040028634331659,0
287.66,0.1608667772800066,0
287.67,0.11894235661242397,0
287.68,0.4520320834543643,0
287.69,-0.1198168772224017,0
287.7,0.7122173310017297,0
287.71,0.25216624139217714,0
287.72,-0.3085833573804739,0
287.73,-0.13891117660558297,0
287.74,-0.8106438905363793,0
287.75,-0.4769932874135858,0
287.76,-0.0015560800924985796,0
287.77,0.21405614417539198,0
287.78000000000003,-0.27620837000068116,0
287.79,1.2755380612838243,0
287.8,0.11586890611594988,0
287.81,-0.976151767128662,0
287.82,0.2907483559915942,0
287.83,0.28467643845435797,0
287.84000000000003,0.08321814789849447,0
287.85,-0.3381217080850506,0
287.86,0.013594873738130786,0
287.87,0.7542302540307099,0
287.88,0.1845765445253196,0
287.89,-0.8480641871918326,0
287.90000000000003,-2.162418372213509,0
287.91,-0.4471887588184175,0
287.92,-0.7482125099250292,0
287.93,-0.35154126313602463,0
287.94,-0.6301411820260727,0
287.95,-0.7380498164709639,0
287.96,-0.703453255327678,0
287.97,-0.6466694793094467,0
287.98,0.14028847329549052,0
287.99,0.2291346217644401,0
288.0,-0.697441787111886,0
288.01,-0.8565316161496233,0
288.02,-0.12367764753517985,0
288.03000000000003,0.4181288508581663,0
288.04,0.545394415972292,0
288.05,-0.509193522339319,0
288.06,0.2880811830661585,0
288.07,-0.9853751703992975,0
288.08,-0.4658619513095957,0
288.09000000000003,0.0314124740684083,0
288.1,-1.210670201042304,0
288.11,0.7003603240633154,0
288.12,0.7701041951250132,0
288.13,0.4255750206458087,0
288.14,-0.5190267933508432,0
288.15000000000003,-0.2775389345002535,0
288.16,0.24002158636025797,0
288.17,-0.649377245257244,0
288.18,-0.3699845837049548,0
288.19,0.28077837356864777,0
288.2,-0.8372723347829115,0
288.21,-0.1438381990495031,0
288.22,-1.08198963977763,0
288.23,-0.8846879989404456,0
288.24,-0.6014497539557023,0
288.25,0.011554132313959381,0
288.26,-0.48188164869845496,0
288.27,-0.16519220171758686,0
288.28000000000003,-0.5188573624877013,0
288.29,-0.5238779730913331,0
288.3,0.4234549062124111,0
288.31,-0.6182755225711711,0
288.32,0.13809975645318964,0
288.33,-0.07765452478447424,0
288.34000000000003,-0.43753445090665644,0
288.35,-0.8693808969278856,0
288.36,-0.9393851996107472,0
288.37,-0.7398348261502302,0
288.38,-0.3765072487911634,0
288.39,0.11561880340056882,0
288.40000000000003,-0.24263300425300405,0
288.41,-0.2965594189083063,0
288.42,-0.23052771097999444,0
288.43,0.08460371046724838,0
288.44,0.25286071357093026,0
288.45,-0.7870683244897201,0
288.46,-0.45866246511179043,0
288.47,0.42728446945448295,0
288.48,-0.705749954723413,0
288.49,-0.2485591835732922,0
288.5,-0.2648212227064936,0
288.51,-0.47968602724042825,0
288.52,0.615515227291793,0
288.53000000000003,0.06177912672972227,0
288.54,0.7084617045290197,0
288.55,0.06838610116909619,0
288.56,0.1504680236478347,0
288.57,-0.3815096825782731,0
288.58,-0.5085830726287891,0
288.59000000000003,-0.020899543634882806,0
288.6,0.11078842609750722,0
288.61,0.23439075214659996,0
288.62,0.14743175301089345,0
288.63,-0.7865984939091276,0
288.64,-0.7378394005823277,0
288.65000000000003,0.15638978334140985,0
288.66,-1.1156339986217665,0
288.67,-0.2348693041950346,0
288.68,-0.23008664935949819,0
288.69,0.2831166127219319,0
288.7,0.18084588470774424,0
288.71,-0.42018484612139695,0
288.72,-0.5946082270723839,0
288.73,-0.5388654956857711,0
288.74,0.06237011805935225,0
288.75,-1.322239477499958,0
288.76,-0.35857657613118615,0
288.77,-0.6717225805535878,0
288.78000000000003,-0.1781401657748227,0
288.79,0.027081530550686322,0
288.8,-0.9903222597612487,0
288.81,-0.48024469288810384,0
288.82,-0.14906879354200653,0
288.83,-0.10228951837191719,0
288.84000000000003,-0.2025120458781062,0
288.85,-0.8126614570811104,0
288.86,-0.8841197526208889,0
288.87,-1.0667654601318084,0
288.88,-0.08352384197348911,0
288.89,-0.19431218852381865,0
288.90000000000003,-0.1880285729894309,0
288.91,-1.067136958682655,0
288.92,-0.3965778047436889,0
288.93,0.12638633721533743,0
288.94,-1.0611554579544797,0
288.95,-0.6623235050899718,0
288.96,-1.1137633598546974,0
288.97,-0.6141764286752626,0
288.98,-0.7452788933429224,0
288.99,-0.09540150933173963,0
289.0,-0.045657761757852064,0
289.01,0.5644194754383078,0
289.02,0.00036462856889457607,0
289.03000000000003,0.06840173708592096,0
289.04,-0.39184872501772394,0
289.05,-0.7973374150226493,0
289.06,0.13324740313612035,0
289.07,0.5834261625123898,0
289.08,0.40967613539832837,0
289.09000000000003,0.06033160274073415,0
289.1,-0.6156313422774274,0
289.11,0.3420701522433268,0
289.12,0.2821433736329226,0
289.13,1.0368676671850396,0
289.14,-0.46754585234291546,0
289.15000000000003,0.23046518117808157,0
289.16,0.2380354499914619,0
289.17,-0.23463604631505602,0
289.18,0.5556237283252432,0
289.19,0.24115757887523323,0
289.2,-0.5506543832597266,0
289.21,-0.3127024658780967,0
289.22,-0.6954994268622042,0
289.23,-0.5354029509430667,0
289.24,0.12893061433506794,0
289.25,0.44702119737090407,0
289.26,0.11752009291491619,0
289.27,-0.48210365126408417,0
289.28000000000003,-0.02935219846963512,0
289.29,0.26584772501801557,0
289.3,-1.0958107965397283,0
289.31,-0.3239812011135037,0
289.32,-0.2943393652317764,0
289.33,0.3222349479018228,0
289.34000000000003,0.17388304491410944,0
289.35,0.1893326418206337,0
289.36,-0.3213775378756085,0
289.37,-0.1915445976903105,0
289.38,0.34257585926727774,0
289.39,-0.060993880683229376,0
289.40000000000003,-0.034321507246860464,0
289.41,-0.9386260515182521,0
289.42,-0.3832544180995329,0
289.43,-1.2793759274141807,0
289.44,-0.7068143540862925,0
289.45,-0.25498791613476146,0
289.46,0.23261180099709697,0
289.47,-0.5860505362700335,0
289.48,-0.05963180122442521,0
289.49,0.6549938833379872,0
289.5,-0.28959627133671983,0
289.51,-1.0083887406654908,0
289.52,-0.20988015402361163,0
289.53000000000003,-0.7993867813374714,0
289.54,-0.7481320385374568,0
289.55,0.19253327345429938,0
289.56,0.9355017517469448,0
289.57,-0.41117715146695016,0
289.58,-0.6076494676373518,0
289.59000000000003,-0.49831460040905284,0
289.6,-0.5284655538264944,0
289.61,0.7852668320162248,0
289.62,-0.19839572899156124,0
289.63,-0.36826012169248096,0
289.64,0.6564334977503297,0
289.65000000000003,0.3590327091449683,0
289.66,0.5026049184169379,0
289.67,-0.46906828570280645,0
289.68,-0.5117921026149598,0
289.69,-0.7938235021034467,0
289.7,0.11605212361206926,0
289.71,0.5693030650712757,0
289.72,-0.2892734306986298,0
289.73,-0.3784910107527227,0
289.74,-0.37749940091736206,0
289.75,-1.0305335731787981,0
289.76,-0.7286778922156287,0
289.77,0.1174084633130513,0
289.78000000000003,-0.5490556278043235,0
289.79,-0.19996735857814285,0
289.8,-0.8587805509463076,0
289.81,-0.4036062139303707,0
289.82,-0.5131183764913168,0
289.83,-0.8910940849272576,0
289.84000000000003,0.08590057307282017,0
289.85,0.36009678645748333,0
289.86,-0.5385294307586568,0
289.87,-0.3620006628737509,0
289.88,-0.17914476233330656,0
289.89,-1.1234594372006161,0
289.90000000000003,-1.1371174501577312,0
289.91,0.2884580584623405,0
289.92,-0.6073601859166416,0
289.93,0.4059268571156547,0
289.94,-0.7272611032274092,0
289.95,0.056768303691482835,0
289.96,-0.2638559285894877,0
289.97,-0.26917388548804294,0
289.98,0.8087842003492102,0
289.99,-0.5779787243166055,0
290.0,0.05997740404818144,0
290.01,0.1974655382547518,0
290.02,1.723510648356175,0
290.03000000000003,-0.25501922421366247,0
290.04,-0.5094031500930962,0
290.05,0.1948645719716407,0
290.06,-0.17022596971251808,0
290.07,-0.4014445413197228,0
290.08,0.297247797890296,0
290.09000000000003,-0.17994729922226332,0
290.1,-0.6322378588044743,0
290.11,0.11636584592501012,0
290.12,0.11663589877895864,0
290.13,-0.24975495195888675,0
290.14,-0.3666265243792645,0
290.15000000000003,-0.691193579879224,0
290.16,0.10102183307867338,0
290.17,-0.2788364062629759,0
290.18,-0.5920033023958144,0
290.19,-0.944930729930465,0
290.2,-0.13972553885605146,0
290.21,-0.41810091851960884,0
290.22,-1.2886792056652225,0
290.23,-1.0752886025401853,0
290.24,-0.5055588298898945,0
290.25,-0.34818610374610476,0
290.26,-0.32908395280208236,0
290.27,-0.39844693261406366,0
290.28000000000003,-0.9979028623539793,0
290.29,-0.8275528573153381,0
290.3,0.3111632653856796,0
290.31,0.5172651622393286,0
290.32,0.3247401921546573,0
290.33,0.22950450896097238,0
290.34000000000003,0.4268304707149147,0
290.35,-0.6025171844377422,0
290.36,-0.2454580135179974,0
290.37,-0.7703125129843698,0
290.38,-0.8922872833671964,0
290.39,-0.13943469123080618,0
290.40000000000003,0.3569468347342779,0
290.41,-0.12636922848776658,0
290.42,0.7341820416688104,0
290.43,0.1839496994580131,0
290.44,-0.48005860715612214,0
290.45,-0.8111182020754422,0
290.46,0.22702704942857194,0
290.47,0.012779585316771924,0
290.48,0.2508258503099066,0
290.49,-1.4651425227573995,0
290.5,-0.3483809868700666,0
290.51,-0.4720267025547993,0
290.52,-0.9726282192419651,0
290.53000000000003,-0.3889349452875086,0
290.54,0.37179627389043285,0
290.55,1.18739449825083,0
290.56,0.31340060922849833,0
290.57,-0.41169983001400706,0
290.58,-0.6251183567778593,0
290.59000000000003,0.2442143882854298,0
290.6,-0.5822265963992086,0
290.61,0.07349652955567018,0
290.62,0.06235671419333219,0
290.63,0.0006824646084863939,0
290.64,-0.9473240424793556,0
290.65000000000003,-0.5393417455314528,0
290.66,-1.023775337670092,0
290.67,-0.6816274192074661,0
290.68,0.20557906381134933,0
290.69,0.5945521700931934,0
290.7,0.1501474085575624,0
290.71,-0.37861690737673365,0
290.72,0.6386357139387097,0
290.73,-0.26355400308376764,0
290.74,-0.7831134000916973,0
290.75,0.06269003082885302,0
290.76,0.1469972274087858,0
290.77,-0.36462768074864527,0
290.78000000000003,-0.15022108744882645,0
290.79,0.08547145566274156,0
290.8,0.017393595181916743,0
290.81,0.13630775632624637,0
290.82,-0.34767718239629714,0
290.83,0.080880228008571,0
290.84000000000003,-0.08287559205091674,0
290.85,-0.3844217372135306,0
290.86,-0.33949614403062994,0
290.87,-0.24945990322456435,0
290.88,-0.9445307849271933,0
290.89,-0.6876283588631947,0
290.90000000000003,-0.249796042625566,0
290.91,-0.894353943143793,0
290.92,-0.6661754972206129,0
290.93,0.9909065259813374,0
290.94,-0.46610138773729026,0
290.95,-0.4333790965952051,0
290.96,-0.6647890396865073,0
290.97,-0.34089622790059126,0
290.98,-0.6316594443587255,0
290.99,-0.3999141496160816,0
291.0,-0.595094962963499,0
291.01,0.3006530909237487,0
291.02,0.006170951551825149,0
291.03000000000003,-0.6450434554466706,0
291.04,0.17402394634814092,0
291.05,-0.5792746589282596,0
291.06,-1.0902173411296738,0
291.07,-0.386646427923132,0
291.08,0.806551052406734,0
291.09000000000003,-0.8841314639505513,0
291.1,-1.0423054332320083,0
291.11,0.027694526405500214,0
291.12,-0.44761153397565934,0
291.13,0.10150401058744091,0
291.14,-0.5330944378042772,0
291.15000000000003,-0.1701526896091235,0
291.16,0.7739758651293922,0
291.17,-0.5551476299518495,0
291.18,0.29392044232401926,0
291.19,0.32296581926981,0
291.2,-0.8248163871694201,0
291.21,-0.021053463568700387,0
291.22,-0.07897583017089854,0
291.23,-0.08371818205227094,0
291.24,0.04579223040058378,0
291.25,-0.287620436844535,0
291.26,-0.14706194410688223,0
291.27,-0.020671203713714587,0
291.28000000000003,0.27964606384489643,0
291.29,-0.8558443671587203,0
291.3,0.3609916500694568,0
291.31,-0.6374748962157905,0
291.32,0.1337346700337368,0
291.33,-0.03675014088433784,0
291.34000000000003,-0.8039400433854098,0
291.35,-0.03222110711216725,0
291.36,-0.624010247930615,0
291.37,0.30067557863748096,0
291.38,-0.41586927131439394,0
291.39,-1.01259408433463,0
291.40000000000003,0.4511835442527935,0
291.41,0.09686225244535349,0
291.42,0.37353010144341925,0
291.43,-0.4725518815737465,0
291.44,-1.2380897081929971,0
291.45,0.4700854825876798,0
291.46,0.0016021685355936677,0
291.47,0.14956571088228798,0
291.48,0.2745544831306904,0
291.49,-0.22246652579647463,0
291.5,-0.047639302614974344,0
291.51,0.7244279291004282,0
291.52,0.05133252448170708,0
291.53000000000003,0.40203667126576037,0
291.54,-1.0723987485834146,0
291.55,0.2178434395063112,0
291.56,-0.8685591686725161,0
291.57,0.20790664086443333,0
291.58,0.1475020908838738,0
291.59000000000003,-0.1267051882986539,0
291.6,-0.1972102142692151,0
291.61,-0.29639053562548434,0
291.62,-0.6236329023052057,0
291.63,-0.37809776111952015,0
291.64,0.968844804454304,0
291.65000000000003,0.8232353896197194,0
291.66,-0.37053101593514115,0
291.67,-0.0625797869433574,0
291.68,-0.07703264422261435,0
291.69,-0.20753437632930216,0
291.7,-0.6983978469664401,0
291.71,-0.04964291417113986,0
291.72,0.3256524578116955,0
291.73,-0.4751669452516396,0
291.74,0.8101033895478269,0
291.75,0.9005467644100092,0
291.76,0.4045548956866041,0
291.77,-0.6672944806992465,0
291.78000000000003,-0.06555830862965281,0
291.79,0.02127491624862002,0
291.8,0.1660934715150346,0
291.81,0.7760033094071974,0
291.82,-0.012209594178883704,0
291.83,0.9749895764085155,0
291.84000000000003,0.34772776297638625,0
291.85,-0.18024714550133494,0
291.86,1.1201941469968952,0
291.87,0.6094986050077427,0
291.88,-0.2022834054368896,0
291.89,-0.11821844871378631,0
291.90000000000003,0.1962338127377457,0
291.91,-0.14377549486325752,0
291.92,-0.07712795561383161,0
291.93,-0.5669660003859676,0
291.94,-1.1516608079805055,0
291.95,-0.3437365996115215,0
291.96,-0.12385737185738091,0
291.97,0.13725291410887883,0
291.98,-0.38502006526791066,0
291.99,-0.9226388519847196,0
292.0,-0.8572199248004658,0
292.01,0.23536676706914697,0
292.02,-0.4086421374034499,0
292.03000000000003,-0.45007348073331443,0
292.04,-0.39137825453254155,0
292.05,-0.540118979835002,0
292.06,-0.6166763437199452,0
292.07,-0.73055983933271,0
292.08,0.4507728586805576,0
292.09000000000003,0.36238532442319593,0
292.1,0.64262006831537,0
292.11,0.8199954145431554,0
292.12,-1.1588782101380677,0
292.13,-0.21930045660046665,0
292.14,-0.4794677160340012,0
292.15000000000003,0.362392459753128,0
292.16,-0.41674169183692633,0
292.17,-0.7780367666607201,0
292.18,-1.070667769041131,0
292.19,-0.5413298192198871,0
292.2,0.23943113317245107,0
292.21,0.08379973230729376,0
292.22,-0.7319778451337945,0
292.23,0.8508979659961877,0
292.24,0.4461532676168923,0
292.25,0.41306408644000814,0
292.26,0.6751175742979949,0
292.27,-0.8171637414941922,0
292.28000000000003,-0.8021313099343026,0
292.29,0.1252810881982348,0
292.3,-0.5128940341365813,0
292.31,-0.3871444402516843,0
292.32,-0.2506512776115643,0
292.33,-0.855390641270618,0
292.34000000000003,-0.518458915263551,0
292.35,0.24492812290800078,0
292.36,0.33723070569694635,0
292.37,0.5645670895254846,0
292.38,0.5664772869813509,0
292.39,0.24530368573036837,0
292.40000000000003,0.12283710154761751,0
292.41,0.053161388005830174,0
292.42,-0.4330885832361616,0
292.43,-0.7692069932866463,0
292.44,-0.671988399935231,0
292.45,-0.45406972498026016,0
292.46,-0.5752171073347188,0
292.47,-0.03587229227692017,0
292.48,-0.013898451456026417,0
292.49,0.04880566535744446,0
292.5,0.08689453790840365,0
292.51,0.5460140796476946,0
292.52,0.01949681318807936,0
292.53000000000003,0.42942646938664875,0
292.54,0.27001794071110474,0
292.55,0.5566369585824145,0
292.56,0.8865707437686731,0
292.57,0.4162945985765728,0
292.58,0.046901061044399256,0
292.59000000000003,-0.04888625763873637,0
292.6,-0.3750314289662422,0
292.61,-0.4744626304643188,0
292.62,0.24936664945499068,0
292.63,-0.5632720080774516,0
292.64,0.6066815271741155,0
292.65000000000003,-0.041549778919392696,0
292.66,1.4013492062495356,0
292.67,-0.1311900678975802,0
292.68,-0.011980490776960007,0
292.69,-0.3027829975062022,0
292.7,-0.610455053360556,0
292.71,0.30148494442675833,0
292.72,-0.6257860536402081,0
292.73,-0.628889050559504,0
292.74,0.042606282198640516,0
292.75,0.29496381696273444,0
292.76,-0.7798909116105865,0
292.77,0.002388584682043754,0
292.78000000000003,-0.04315944415498052,0
292.79,-0.6119084021619831,0
292.8,-0.6854810257889568,0
292.81,-1.3666496461269297,0
292.82,0.4605441521983749,0
292.83,0.5434919533818343,0
292.84000000000003,-0.6630314564640974,0
292.85,0.14730115402065527,0
292.86,-0.3812473635946571,0
292.87,0.27947335837960163,0
292.88,-0.30668998805461556,0
292.89,-0.3825510790615281,0
292.90000000000003,-0.36157060667640495,0
292.91,-0.552833296200248,0
292.92,0.4945791727219335,0
292.93,0.4897702916830746,0
292.94,0.0686243107994271,0
292.95,0.45040701851894205,0
292.96,-0.8662368403577685,0
292.97,-0.9831203007160311,0
292.98,-0.10542439565075418,0
292.99,0.252983687130413,0
293.0,0.09968307816511163,0
293.01,-1.0900354905356116,0
293.02,-0.9505923072634196,0
293.03000000000003,-0.1281489589906916,0
293.04,1.1477961634303253,0
293.05,0.8231840987635538,0
293.06,0.9334220056872822,0
293.07,0.3019293955668468,0
293.08,0.14020590427993204,0
293.09000000000003,-0.627653251317564,0
293.1,0.23763040517643486,0
293.11,-0.09189696712994644,0
293.12,0.23359972412146507,0
293.13,-0.037586584958828995,0
293.14,0.02691801516623757,0
293.15000000000003,-0.15231216684647514,0
293.16,-0.030778457121880362,0
293.17,0.4125627890481305,0
293.18,-0.6834872717440447,0
293.19,-1.0782193049838342,0
293.2,-0.15507822541487648,0
293.21,0.6160781621010398,0
293.22,0.943159312241701,0
293.23,-0.5285555674549154,0
293.24,-0.45898472598915874,0
293.25,-1.0147791919651383,0
293.26,-0.6592111369378044,0
293.27,0.32085966048447007,0
293.28000000000003,-0.038941539767366085,0
293.29,-0.32112503148015864,0
293.3,0.09771017213894098,0
293.31,-0.5112489933150548,0
293.32,0.6082241543480973,0
293.33,0.04365753231596209,0
293.34000000000003,-0.3153305379895216,0
293.35,0.12141259355373876,0
293.36,0.41828615149597453,0
293.37,0.8422173170272538,0
293.38,-0.013526002188410852,0
293.39,0.46272009291317057,0
293.40000000000003,0.05731979195365064,0
293.41,-0.42350763550812626,0
293.42,-0.6318097965977423,0
293.43,-0.8543853400798993,0
293.44,-0.7208222562765519,0
293.45,0.30170259096065866,0
293.46,0.33953135128141804,0
293.47,-0.6883452364605316,0
293.48,-1.2143372346567398,0
293.49,-1.0081529376748888,0
293.5,-0.7779080475836083,0
293.51,-0.4682041718747791,0
293.52,0.3953155467814012,0
293.53000000000003,-0.30507118460306654,0
293.54,0.7064390345343993,0
293.55,-0.8303714066974579,0
293.56,-0.5054644850478829,0
293.57,0.17975670154792664,0
293.58,0.3838993535742697,0
293.59000000000003,-0.1950080429691267,0
293.6,0.37251667129355226,0
293.61,0.41345517939529175,0
293.62,-0.3720803524884379,0
293.63,-0.037500530333533025,0
293.64,0.2531359247104167,0
293.65000000000003,-0.37403190482823406,0
293.66,0.6965985395915183,0
293.67,-0.38288826132071274,0
293.68,-0.13116256459139064,0
293.69,-0.8105128708050243,0
293.7,-0.25975383125735685,0
293.71,-0.7453578146481165,0
293.72,-0.4551355981643033,0
293.73,-1.0708616926044054,0
293.74,0.046057955611217144,0
293.75,0.0890940665353965,0
293.76,0.4892091716221231,0
293.77,-0.1750615993928087,0
293.78000000000003,0.4479062227553354,0
293.79,0.020755715424106536,0
293.8,-0.046680644234766755,0
293.81,1.0020058613933078,0
293.82,-0.11973392433006988,0
293.83,0.511606751521893,0
293.84000000000003,0.2712293563814332,0
293.85,-0.34887012066987716,0
293.86,-0.8999837225483132,0
293.87,-0.8872610464813582,0
293.88,0.26820146005360535,0
293.89,0.8785753100985658,0
293.90000000000003,0.1562384882004673,0
293.91,0.003584999227820268,0
293.92,0.302291910272464,0
293.93,0.00251936921930368,0
293.94,0.47417294079985084,0
293.95,0.16176010305637425,0
293.96,0.0005419585707029384,0
293.97,-0.48429488467845144,0
293.98,-0.736532946223045,0
293.99,-1.978526350547376,0
294.0,0.05051526999638953,0
294.01,-0.17750465399902007,0
294.02,-0.36965814504646444,0
294.03000000000003,-1.2438199178203662,0
294.04,-0.7638863051326255,0
294.05,-0.7139667230707126,0
294.06,-0.713777451553315,0
294.07,-0.11323468053427016,0
294.08,-0.07524044359645546,0
294.09000000000003,-0.8557776927780762,0
294.1,-1.0171161893802318,0
294.11,-1.0584254232314307,0
294.12,0.5875446640108394,0
294.13,0.8297995843300189,0
294.14,-0.35843932467108,0
294.15000000000003,-1.254221934761857,0
294.16,-0.35736946993110325,0
294.17,-0.17634316298785238,0
294.18,0.012689613181580323,0
294.19,0.28599008033052153,0
294.2,0.2000597969267976,0
294.21,-0.6565103365316657,0
294.22,-0.11951820377970335,0
294.23,0.31283780378284864,0
294.24,-0.41931661574635937,0
294.25,-0.05705730859177664,0
294.26,-0.42060092126787385,0
294.27,0.8459231859008912,0
294.28000000000003,-0.6070544492304457,0
294.29,0.35187100583634345,0
294.3,-0.9137435643201484,0
294.31,0.6144873232575786,0
294.32,-0.5662294831324988,0
294.33,-0.1524825881996938,0
294.34000000000003,-1.017651111527317,0
294.35,-1.08524870381893,0
294.36,0.09485058478294678,0
294.37,0.4593304390311924,0
294.38,0.13038915744394544,0
294.39,0.3153432021203142,0
294.40000000000003,0.5233687134860192,0
294.41,-0.34540352355169224,0
294.42,-0.9432401425631585,0
294.43,-0.3549962040262843,0
294.44,-0.5080132150535822,0
294.45,-0.031928452004197486,0
294.46,0.17198710452302618,0
294.47,-0.43187711420574626,0
294.48,0.15512695604221105,0
294.49,0.2752716032053816,0
294.5,0.34215264525696054,0
294.51,-0.24347843745834832,0
294.52,0.24261815562790917,0
294.53000000000003,0.22573038036165752,0
294.54,0.285514359527273,0
294.55,0.8530255733420252,0
294.56,0.27597780320489884,0
294.57,-0.3660595617513164,0
294.58,-0.7946916384344244,0
294.59000000000003,0.29017686125963443,0
294.6,0.15101186240112266,0
294.61,0.8152918985103439,0
294.62,-0.9887868958313746,0
294.63,0.12596842257403593,0
294.64,-0.21936512114343018,0
294.65000000000003,-0.35489130129156327,0
294.66,-0.6077927997161929,0
294.67,0.2153269574589018,0
294.68,0.2687880798886469,0
294.69,-0.652930087474237,0
294.7,-0.18716966828312692,0
294.71,0.21747955996174712,0
294.72,0.03741286488200729,0
294.73,0.4875681695866765,0
294.74,-0.14430780783606362,0
294.75,-1.3483409862522173,0
294.76,-0.34938583630016035,0
294.77,-0.10288619431850857,0
294.78000000000003,0.028271864286842696,0
294.79,0.48485393869565674,0
294.8,-1.0302563225078398,0
294.81,-0.4962742041759436,0
294.82,-0.7271206603755692,0
294.83,-0.936798178183968,0
294.84000000000003,-0.3843955449836293,0
294.85,0.1659568934908188,0
294.86,0.09006981498183234,0
294.87,-0.4552914091613046,0
294.88,-0.3029654437900815,0
294.89,0.3077925332859812,0
294.90000000000003,0.3290749593469584,0
294.91,-0.3237591351849707,0
294.92,-0.5214315398373238,0
294.93,-1.1560941300831367,0
294.94,-0.6293429615542383,0
294.95,-1.1933420038348905,0
294.96,0.6908195981017975,0
294.97,-0.3943026536800924,0
294.98,0.38037394468954666,0
294.99,0.951682609970923,0
295.0,0.241444380323005,0
295.01,-0.10450582385313736,0
295.02,-0.8419329766747237,0
295.03000000000003,-0.5907956767018211,0
295.04,0.594879220229587,0
295.05,0.22418986584355827,0
295.06,-0.040435038963041084,0
295.07,0.5770695490481451,0
295.08,0.40349856049083804,0
295.09000000000003,-0.08943562232370117,0
295.1,-0.018752191802373502,0
295.11,-0.5252613697686391,0
295.12,-0.5416353834408238,0
295.13,-0.3568107531685769,0
295.14,0.09613519253480213,0
295.15000000000003,-0.7517604423211951,0
295.16,-0.25886342128467804,0
295.17,-0.38384957124248864,0
295.18,-0.6872517137227097,0
295.19,-0.4880753926086406,0
295.2,-1.469749368632957,0
295.21,-0.8823758860354364,0
295.22,-0.9175996877207322,0
295.23,-0.4899496313802104,0
295.24,-1.448034627689652,0
295.25,-0.37182470787571326,0
295.26,0.2798763161288873,0
295.27,-0.10395706138474495,0
295.28000000000003,0.12817903434930913,0
295.29,-0.35245247877645747,0
295.3,-1.0274479807983916,0
295.31,-0.36739987708634947,0
295.32,0.15904272278103787,0
295.33,-0.7769495419439635,0
295.34000000000003,-0.5534083529268724,0
295.35,-0.3813654671597069,0
295.36,1.3117242917115441,0
295.37,0.33548068738293424,0
295.38,-1.0423123508505319,0
295.39,-1.5184385605751292,0
295.40000000000003,-0.10197891080615307,0
295.41,1.1864926416740171,0
295.42,0.0356206766232747,0
295.43,-0.28396094721336557,0
295.44,0.04705050644788494,0
295.45,-0.5247139661537515,0
295.46,-1.5973800123063602,0
295.47,0.04169125856307826,0
295.48,-0.42745573334524023,0
295.49,0.34102941982039436,0
295.5,-0.43132018538439065,0
295.51,-0.154297532294708,0
295.52,0.3053407052276761,0
295.53000000000003,0.5350278750020956,0
295.54,0.14653093617964102,0
295.55,0.02291948704242247,0
295.56,0.22445691523603936,0
295.57,0.19201874775339334,0
295.58,-0.7508702800594982,0
295.59000000000003,-0.9764158363431115,0
295.6,-1.4785155508886176,0
295.61,-0.072693468635668,0
295.62,-0.34016419065270387,0
295.63,0.2404983901147607,0
295.64,0.16387654447127076,0
295.65000000000003,-0.6040901731677091,0
295.66,-0.32627066987550024,0
295.67,-0.4349954980660995,0
295.68,-0.5443945125991412,0
295.69,0.2401178215563186,0
295.7,1.2858888998574811,0
295.71,0.8046965458516258,0
295.72,0.0756319546734949,0
295.73,0.5784597199625108,0
295.74,0.9456218890348822,0
295.75,-0.6162485082112487,0
295.76,0.38705516342024227,0
295.77,0.39549210115730965,0
295.78000000000003,0.6204403392427282,0
295.79,0.47707293711153376,0
295.8,-0.11314025521647832,0
295.81,0.9431619523264196,0
295.82,0.30551713590284035,0
295.83,-0.2660300890697228,0
295.84000000000003,0.09183528696992474,0
295.85,0.4296922365704148,0
295.86,0.04679170168133173,0
295.87,0.1099686150001147,0
295.88,-0.03653083495959994,0
295.89,-0.47172112783301623,0
295.90000000000003,-0.6666488553359209,0
295.91,-1.024772639340865,0
295.92,0.4411513671539415,0
295.93,-0.11973751556737158,0
295.94,-1.9662798116497968,0
295.95,-0.39143631585977345,0
295.96,-0.00874527059287436,0
295.97,-1.1072198407614962,0
295.98,-0.8310988963461916,0
295.99,-0.7854362563989759,0
296.0,-0.7026426168928618,0
296.01,0.35919223280624624,0
296.02,-0.10047051282198748,0
296.03000000000003,-0.3636143396578605,0
296.04,0.39583644463425666,0
296.05,0.25178406648953083,0
296.06,-0.9751443763038807,0
296.07,-0.6831110583787967,0
296.08,-0.11026576070725938,0
296.09000000000003,-0.6358329257347374,0
296.1,0.8109211001747683,0
296.11,0.1519192056355017,0
296.12,-0.4741355271027219,0
296.13,-0.8274497119796068,0
296.14,0.1761769856356737,0
296.15000000000003,-0.4118596000807351,0
296.16,-0.011529304317791367,0
296.17,-0.7269871720319453,0
296.18,-0.25523706178573974,0
296.19,-0.5133067654911488,0
296.2,-0.40714398105259,0
296.21,-0.6366849918976256,0
296.22,0.27616666595514194,0
296.23,-0.3032721723340098,0
296.24,-0.2630437108943551,0
296.25,-0.2272499134456656,0
296.26,0.690963063275754,0
296.27,0.5360536907776248,0
296.28000000000003,0.44427835713812147,0
296.29,-0.8400036521776412,0
296.3,-0.6703386603485201,0
296.31,0.3546183468505598,0
296.32,-0.6456782073471808,0
296.33,-0.22744287046912728,0
296.34000000000003,-0.7349060368752229,0
296.35,-0.8083222108773395,0
296.36,0.5822558367414146,0
296.37,0.4178672281734488,0
296.38,0.51729741538701,0
296.39,0.43597561778202376,0
296.40000000000003,-0.07589319737878064,0
296.41,-0.49797650104893354,0
296.42,-0.4493173928363002,0
296.43,-0.3251721637024102,0
296.44,0.7539609481276378,0
296.45,-0.6338398978668079,0
296.46,-0.5639698527781656,0
296.47,-0.737835628321589,0
296.48,0.2675797735138451,0
296.49,0.9434597545185666,0
296.5,0.2896695211903103,0
296.51,0.17001975192482824,0
296.52,-0.019483069180577073,0
296.53000000000003,0.11749031383251268,0
296.54,0.33050078641796743,0
296.55,0.19869737888980105,0
296.56,0.20473258777920422,0
296.57,0.3535377897962979,0
296.58,-0.9691842546075085,0
296.59000000000003,-0.35179141333520414,0
296.6,-0.03597062792695238,0
296.61,0.10207142130827956,0
296.62,-0.17602670525322367,0
296.63,-0.06893456494166642,0
296.64,-0.5111349694348666,0
296.65000000000003,-1.1834689579849724,0
296.66,0.11717791594241853,0
296.67,-0.6853003587487672,0
296.68,-0.36726647357219444,0
296.69,-0.6012405958760567,0
296.7,0.5843500971468267,0
296.71,-0.006796152114068116,0
296.72,-0.2774900690904344,0
296.73,0.2184384008379523,0
296.74,1.0925620943691599,0
296.75,0.3787466266977437,0
296.76,-0.21673225900322793,0
296.77,0.2063561008237216,0
296.78000000000003,-0.8963314872188619,0
296.79,-0.3097630521307072,0
296.8,0.8740146534117545,0
296.81,0.19212063361891912,0
296.82,-0.004955332407560187,0
296.83,-0.10062183544518621,0
296.84000000000003,-0.346124973080713,0
296.85,-0.029410124866495663,0
296.86,0.29515965499177654,0
296.87,-0.21325567394655562,0
296.88,-1.4900583657824586,0
296.89,-0.2348800274869623,0
296.90000000000003,0.9669298950829635,0
296.91,-0.06894648926568533,0
296.92,-0.9109810964768887,0
296.93,0.02271117669623096,0
296.94,0.8240484333969792,0
296.95,0.37764912059095346,0
296.96,0.9026111376410277,0
296.97,0.5380530022728602,0
296.98,0.4006884969561782,0
296.99,-0.28592081823895665,0
297.0,-0.02972185869855376,0
297.01,-0.1333471764180051,0
297.02,-0.1774922003428588,0
297.03000000000003,-0.28977054584812056,0
297.04,-0.06249236763092178,0
297.05,-0.8161607411574021,0
297.06,0.11804870362973505,0
297.07,-0.5480892603603107,0
297.08,-0.38046312415515965,0
297.09000000000003,-0.029234960281955172,0
297.1,-0.6112598220943706,0
297.11,-1.3101624732530164,0
297.12,-0.6416545036800212,0
297.13,-1.0326428012354905,0
297.14,0.011059267062311001,0
297.15000000000003,-0.7216184331553552,0
297.16,0.5003997572087957,0
297.17,0.011930490707699887,0
297.18,-0.07558081708505192,0
297.19,-1.1837181420285168,0
297.2,-0.32884332160638285,0
297.21,-0.23495889974556988,0
297.22,-0.8605910057943982,0
297.23,-0.27870608960861876,0
297.24,-0.3916074948218723,0
297.25,-0.32336311943170004,0
297.26,-0.17706305545113726,0
297.27,-0.4053280676336739,0
297.28000000000003,-0.08007261502579209,0
297.29,-0.17609050425365394,0
297.3,0.09777365790489528,0
297.31,-0.367055040702602,0
297.32,-0.7688226756487297,0
297.33,-0.679645787013629,0
297.34000000000003,0.48842041073291076,0
297.35,0.5212662845237065,0
297.36,0.666568059999068,0
297.37,0.7398257859915827,0
297.38,-0.17327185243813317,0
297.39,0.0043238711398443375,0
297.40000000000003,-0.06841143674652173,0
297.41,0.22425439295703756,0
297.42,-0.2077897848349567,0
297.43,-0.1122874048505974,0
297.44,-0.09942756008169419,0
297.45,0.1487579347070418,0
297.46,0.27655753428247815,0
297.47,0.009207251336585759,0
297.48,-0.041474766073000824,0
297.49,0.00013315484988807302,0
297.5,0.7670923410488355,0
297.51,-0.839289941621632,0
297.52,-0.835980056744329,0
297.53000000000003,0.040003378018218405,0
297.54,0.04392013437848338,0
297.55,0.04116234602929955,0
297.56,0.25602371047990097,0
297.57,0.06824230461935865,0
297.58,-0.3904900353433236,0
297.59000000000003,0.12753688894036122,0
297.6,-0.06668683264015765,0
297.61,-0.36470709902401915,0
297.62,0.16678921796789142,0
297.63,0.2787298613846882,0
297.64,0.07439675596887513,0
297.65000000000003,0.8233786534238662,0
297.66,0.8027891709889787,0
297.67,0.6245935919942609,0
297.68,1.413210025271838,0
297.69,0.16569673093424964,0
297.7,-0.31569765412899153,0
297.71,0.2696595110574204,0
297.72,-0.17670190831454172,0
297.73,-0.14739406791744003,0
297.74,-0.671446509190628,0
297.75,0.04565463723496194,0
297.76,-0.8814910960664372,0
297.77,-0.38126145519150345,0
297.78000000000003,-0.21301508194174607,0
297.79,-0.3949723531526881,0
297.8,-1.1440246483970045,0
297.81,-1.3352274495249765,0
297.82,-0.840653291066913,0
297.83,-0.03257362862618657,0
297.84000000000003,0.0362554476331888,0
297.85,-0.10914255786434865,0
297.86,-0.607804357173077,0
297.87,-0.07972054701310125,0
297.88,-1.0874011069969238,0
297.89,-1.6575119378354295,0
297.90000000000003,-0.6532269507597639,0
297.91,-0.5634932430094821,0
297.92,0.28929106357856205,0
297.93,0.0470795935569229,0
297.94,0.7814794113487096,0
297.95,-0.20592918613550576,0
297.96,0.09839584135679261,0
297.97,-0.21908275935035176,0
297.98,0.5717184447996324,0
297.99,-0.0750496933358528,0
298.0,0.3269340417284583,0
298.01,-0.6014317171455146,0
298.02,-0.4807584085711169,0
298.03000000000003,-0.27422073101987177,0
298.04,0.4949941793078285,0
298.05,-1.1555857221215302,0
298.06,-0.5752860475149593,0
298.07,-0.4482196834099017,0
298.08,-1.3273409004596064,0
298.09000000000003,-0.6881648874898727,0
298.1,-1.1017048143400725,0
298.11,-1.625780468109927,0
298.12,-0.6553196198204692,0
298.13,-0.43071106511319357,0
298.14,-0.3472873850311144,0
298.15000000000003,-0.061318877579620026,0
298.16,-0.5927821657658089,0
298.17,0.6963659591706013,0
298.18,0.047239182496682325,0
298.19,0.5877675594754499,0
298.2,-0.8567650206198629,0
298.21,-0.7676987390593586,0
298.22,0.06448142190040951,0
298.23,-0.21360340628937158,0
298.24,-0.7339665695970607,0
298.25,-1.2716762936446622,0
298.26,-0.036501362513033014,0
298.27,0.2288471889859728,0
298.28000000000003,0.07777048075865617,0
298.29,-0.3536525617199736,0
298.3,-0.7901699534658801,0
298.31,-0.33474369656404623,0
298.32,-0.8931155417231866,0
298.33,-0.7324894807533093,0
298.34000000000003,0.3795829191565393,0
298.35,-0.999683965671491,0
298.36,0.0019525347802113457,0
298.37,0.6872767926895563,0
298.38,0.49759356037197366,0
298.39,0.2275587224752006,0
298.40000000000003,-0.2988705809700553,0
298.41,-0.5275565111510789,0
298.42,-1.4379680271321875,0
298.43,-0.44864400841195956,0
298.44,-0.435216856023151,0
298.45,-0.58937004123073,0
298.46,-0.2668635512045602,0
298.47,-0.14231837327889485,0
298.48,-0.4828418902221504,0
298.49,0.629516970541047,0
298.5,0.4376668788981746,0
298.51,0.4779433599980809,0
298.52,-0.044288946159242074,0
298.53000000000003,0.15242722399278355,0
298.54,-0.5476281347661961,0
298.55,0.1091692748500181,0
298.56,-0.19027819451993366,0
298.57,-0.7005197821477144,0
298.58,-0.29595109028035466,0
298.59000000000003,-0.3382029759106452,0
298.6,1.0438902764683298,0
298.61,0.3841711175129321,0
298.62,0.8286447216716951,0
298.63,0.7009691696518281,0
298.64,0.08673058336622988,0
298.65000000000003,-0.32323362743605055,0
298.66,-1.1161494594077628,0
298.67,-0.8514435308424364,0
298.68,0.03149169059919196,0
298.69,-0.26159802791188624,0
298.7,0.026173278258004418,0
298.71,-1.1832033286385966,0
298.72,-0.16283070821507795,0
298.73,0.4346760157135561,0
298.74,-0.945504980438224,0
298.75,-0.1470143639005313,0
298.76,0.5702281404395714,0
298.77,0.9287757738054614,0
298.78000000000003,-0.1444123631955935,0
298.79,0.27077320633284363,0
298.8,0.7206539167553773,0
298.81,0.2854716766187679,0
298.82,0.6472867537687872,0
298.83,0.034305178115035,0
298.84000000000003,0.11015487011494138,0
298.85,-0.4118863294756503,0
298.86,-0.2990118506757682,0
298.87,0.047842653859445444,0
298.88,-0.46737578124530893,0
298.89,-0.3442622831549326,0
298.90000000000003,0.21078715294669587,0
298.91,1.0374280788407808,0
298.92,-0.9403575539792783,0
298.93,0.7092023324033278,0
298.94,-0.06938375006981104,0
298.95,0.3882152452679874,0
298.96,0.6071060967580026,0
298.97,0.8766672104922552,0
298.98,-0.27674591090130574,0
298.99,-0.2973872117120915,0
299.0,-0.21111286959468792,0
299.01,-0.3513369915421679,0
299.02,0.5062513416940987,0
299.03000000000003,-0.022540063832824614,0
299.04,-0.9757464448035925,0
299.05,-0.6892049175424738,0
299.06,-1.121009310707686,0
299.07,-0.5099935815302803,0
299.08,0.1225268735019926,0
299.09000000000003,-0.4260195550759732,0
299.1,-0.4292418070533549,0
299.11,-0.36172857539301395,0
299.12,-0.1235659830667225,0
299.13,0.13586835600413896,0
299.14,0.3557984176654999,0
299.15000000000003,1.1820430088384075,0
299.16,0.25323969742985236,0
299.17,0.3471204816002458,0
299.18,-0.8666630467834939,0
299.19,-0.5265954878944697,0
299.2,-0.383644943417676,0
299.21,-0.7456448918794915,0
299.22,-0.5798119709216895,0
299.23,-0.31014620848694596,0
299.24,-0.45422944474618504,0
299.25,1.1640810358221014,0
299.26,0.4559069698522277,0
299.27,1.0716858498047563,0
299.28000000000003,0.954916818042556,0
299.29,-0.2095738039019428,0
299.3,-0.14026107954923045,0
299.31,-0.3744825410364855,0
299.32,-0.2876427374775423,0
299.33,-0.699729698213307,0
299.34000000000003,-0.5178871427539008,0
299.35,-0.04582482040634958,0
299.36,0.05814564805444222,0
299.37,0.04169755640672057,0
299.38,-0.12912762896676133,0
299.39,0.31833284072530144,0
299.40000000000003,-0.16504996434379265,0
299.41,0.5920516169006407,0
299.42,-0.9436221403262532,0
299.43,0.006157403841474396,0
299.44,0.15391435501970693,0
299.45,-0.42843939912468665,0
299.46,-0.40395814435793853,0
299.47,0.03886503410086048,0
299.48,0.38983336771860966,0
299.49,-0.9418307286404335,0
299.5,-0.008520524448168587,0
299.51,-0.35345913926255446,0
299.52,0.4032903749941233,0
299.53000000000003,-0.9862450986385513,0
299.54,0.9480700454429687,0
299.55,-0.34244726490800587,0
299.56,0.5683412364413725,0
299.57,-0.0022971175066534844,0
299.58,-0.5440698598373164,0
299.59000000000003,-0.10234916163060576,0
299.6,0.41495649902935183,0
299.61,-0.8306200892606,0
299.62,0.0584890303893629,0
299.63,-0.0993273948580011,0
299.64,0.17501282463535625,0
299.65000000000003,-0.05784107802636966,0
299.66,-0.4264270248597415,0
299.67,-0.8067979433865592,0
299.68,0.049106473381243215,0
299.69,0.26023383312004056,0
299.7,0.31036577937912535,0
299.71,0.19793823276387043,0
299.72,0.44521933933254154,0
299.73,0.7527482951899406,0
299.74,-0.9183967304308599,0
299.75,-1.5840012854151315,0
299.76,0.41156736572232044,0
299.77,-0.7185496640346216,0
299.78000000000003,-0.8653744626746047,0
299.79,-0.47676982978749766,0
299.8,-1.1072392268974678,0
299.81,-0.5872540119403381,0
299.82,-0.758936005486831,0
299.83,-0.4212064097484448,0
299.84000000000003,-0.06347357384050005,0
299.85,-0.30599903899128683,0
299.86,-0.39351536787335406,0
299.87,-0.06814564482484994,0
299.88,0.4319400128463688,0
299.89,0.8544871664663927,0
299.90000000000003,-0.009877364233252778,0
299.91,0.8622415124442111,0
299.92,0.5753437437561231,0
299.93,-0.6193328409013092,0
299.94,-0.9335388974994081,0
299.95,-0.6478656877877154,0
299.96,0.5002942497454433,0
299.97,-0.24895094268734214,0
299.98,-1.1770000582674036,0
299.99,-0.5231415101695385,0
