time_s,current_nA,label
0.0,2.7126282210857355,1
0.01,3.262973828417106,1
0.02,3.6204369467166813,1
0.03,4.136235728731575,1
0.04,4.744881545438342,1
0.05,4.570503313342204,1
0.06,3.340334655196809,1
0.07,3.7793986926417915,1
0.08,4.079458152818209,1
0.09,3.8565399075556734,1
0.1,3.8151825755596613,1
0.11,2.846423860969526,1
0.12,3.1373186097827226,1
0.13,3.624900088992053,1
0.14,1.898318413977001,1
0.15,4.214132754453345,1
0.16,3.050929511736792,1
0.17,4.328539943893524,1
0.18,4.365166897407775,1
0.19,3.6472462398844803,1
0.2,4.629502770652893,1
0.21,4.5446994750981755,1
0.22,3.877758361918004,1
0.23,3.7809156458433235,1
0.24,4.770972569333307,1
0.25,4.272230577553333,1
0.26,4.76544811765841,1
0.27,2.5560476467969733,1
0.28,4.020402379025457,1
0.29,2.999655459190515,1
0.3,3.9217637158700827,1
0.31,4.433731676174563,1
0.32,5.108888828108091,1
0.33,3.395923610607371,1
0.34,3.5504616826475726,1
0.35000000000000003,3.8356082569168826,1
0.36,3.2865479875824253,1
0.37,4.53195446753116,1
0.38,3.943298359514607,1
0.39,4.05382715805654,1
0.4,4.40709918668084,1
0.41000000000000003,4.002618803229445,1
0.42,3.515253616691579,1
0.43,3.991925852605321,1
0.44,3.5162015425792976,1
0.45,4.116468147652986,1
0.46,4.725114659881343,1
0.47000000000000003,3.3413032419738213,1
0.48,3.0093710727608265,1
0.49,3.9944170386736624,1
0.5,3.500011125367038,1
0.51,3.9658765608806643,1
0.52,4.160300133326064,1
0.53,2.556832343118774,1
0.54,4.288802977282268,1
0.55,3.1829784690256226,1
0.56,3.8651941896478834,1
0.5700000000000001,3.5039290179867892,1
0.58,3.5689705148255912,1
0.59,5.051327183557203,1
0.6,4.271712921309076,1
0.61,4.628012156961416,1
0.62,4.181155387647463,1
0.63,4.475052067189094,1
0.64,4.371511526179196,1
0.65,4.262824132223984,1
0.66,4.805408769841962,1
0.67,4.210026082982522,1
0.68,5.538411641098875,1
0.6900000000000001,4.737425375928374,1
0.7000000000000001,3.303395252169372,1
0.71,3.8189317941429692,1
0.72,4.2012318090386795,1
0.73,3.9790447531786723,1
0.74,4.372204801309272,1
0.75,4.464024867181472,1
0.76,3.0744175809592034,1
0.77,4.7155089585158905,1
0.78,3.677441446861828,1
0.79,3.5721064045519575,1
0.8,3.587081715800999,1
0.81,4.524574039029937,1
0.8200000000000001,3.903732728092595,1
0.8300000000000001,3.6255924406093274,1
0.84,3.7746598132774594,1
0.85,2.897466621683691,1
0.86,3.4587122920382716,1
0.87,3.223401339557768,1
0.88,3.8218987662248542,1
0.89,4.442161735206833,1
0.9,4.3844171390584075,1
0.91,4.813759768370966,1
0.92,4.674159486287673,1
0.93,3.635580729914281,1
0.9400000000000001,3.918307680896861,1
0.9500000000000001,3.898540195861759,1
0.96,2.526962647462428,1
0.97,3.061668249329507,1
0.98,3.7920201180840776,1
0.99,3.8534410051220354,1
1.0,4.3251010663487275,1
1.01,4.3450515329272585,1
1.02,2.917366082351609,1
1.03,4.333422527430641,1
1.04,4.208079140148261,1
1.05,4.492382240980997,1
1.06,4.793040729555802,1
1.07,4.015032123538309,1
1.08,4.852215167851854,1
1.09,3.495964142138928,1
1.1,3.3546522999730657,1
1.11,4.214757586262387,1
1.12,3.7280788591577494,1
1.1300000000000001,4.091539522116092,1
1.1400000000000001,5.226395618018863,1
1.1500000000000001,4.253459801803108,1
1.16,4.0815848048882035,1
1.17,3.38076345868113,1
1.18,2.816710164286541,1
1.19,3.860032275659689,1
1.2,4.6853015147783,1
1.21,3.856307923982716,1
1.22,4.297398503906121,1
1.23,5.005296621219847,1
1.24,5.041863388057955,1
1.25,4.416174892000184,1
1.26,4.206625021925598,1
1.27,3.0872207104081597,1
1.28,3.579484255045689,1
1.29,3.8145065508945777,1
1.3,3.434369691158194,1
1.31,4.102544490427872,1
1.32,5.200945805109513,1
1.33,4.994924411048004,1
1.34,4.145730538415422,1
1.35,4.439028290310262,1
1.36,3.482317606786949,1
1.37,4.858726317062496,1
1.3800000000000001,2.994934901684296,1
1.3900000000000001,4.51006543657747,1
1.4000000000000001,4.353640156639144,1
1.41,3.555516320396292,1
1.42,3.883403626708981,1
1.43,3.318968223075593,1
1.44,3.3230516724703576,1
1.45,3.002496140247529,1
1.46,4.509419525233185,1
1.47,4.8727841647808665,1
1.48,2.692863072709599,1
1.49,5.136217603518257,1
1.5,4.0588984831285,1
1.51,4.166877698591901,1
1.52,3.0091290564402735,1
1.53,4.735637731188239,1
1.54,4.101865080846361,1
1.55,4.66958040393238,1
1.56,4.761018519235159,1
1.57,4.851609986417977,1
1.58,3.587333728649676,1
1.59,3.8184082631776954,1
1.6,3.5936977655012305,1
1.61,4.581107719163528,1
1.62,4.296394169283546,1
1.6300000000000001,4.773375774773144,1
1.6400000000000001,4.840580929976823,1
1.6500000000000001,3.0051738310999774,1
1.6600000000000001,4.888013710049908,1
1.67,4.730383223038988,1
1.68,3.847398740530701,1
1.69,4.239699586481977,1
1.7,3.9326582959449046,1
1.71,4.370952894296029,1
1.72,3.7357449131405405,1
1.73,4.232986561117001,1
1.74,3.9854475837581913,1
1.75,3.643272011820058,1
1.76,4.030677698610731,1
1.77,5.697720171957701,1
1.78,3.613927663349635,1
1.79,3.7927650328091556,1
1.8,3.5555585200792033,1
1.81,3.632623777469668,1
1.82,4.552794978405499,1
1.83,4.559552950144817,1
1.84,4.101970006064744,1
1.85,4.747444059865892,1
1.86,4.630940141308065,1
1.87,3.992685578077154,1
1.8800000000000001,3.0474848309501104,1
1.8900000000000001,4.503136313905724,1
1.9000000000000001,4.138788214326902,1
1.9100000000000001,3.998025159818949,1
1.92,3.65195652578974,1
1.93,4.400367193333597,1
1.94,4.177935247704004,1
1.95,3.7815802969588685,1
1.96,3.120499915373477,1
1.97,4.579977019265417,1
1.98,4.3841391003714305,1
1.99,4.166861149830558,1
2.0,2.2877030819430435,1
2.0100000000000002,3.8973966535966054,1
2.02,3.8828833933457885,1
2.0300000000000002,3.653575091056829,1
2.04,4.540785425342336,1
2.05,4.57170393610546,1
2.06,4.389011277919624,1
2.07,4.756910632304922,1
2.08,3.4252573101104864,1
2.09,3.693071545851509,1
2.1,4.028628396402603,1
2.11,3.5734234302482415,1
2.12,4.40067430623183,1
2.13,3.6233214426111355,1
2.14,4.747618087161147,1
2.15,3.3652589841500604,1
2.16,5.273923720022016,1
2.17,5.332945997459941,1
2.18,3.975358637268477,1
2.19,4.720290092476434,1
2.2,3.784891371033218,1
2.21,4.669264451543834,1
2.22,3.9715155705434166,1
2.23,3.2261603112324684,1
2.24,1.73357616046162,1
2.25,3.7651004366012133,1
2.2600000000000002,4.238254380627014,1
2.27,4.937599354464112,1
2.2800000000000002,4.123158880853297,1
2.29,4.680006647929428,1
2.3000000000000003,3.744786702081813,1
2.31,3.741129484569301,1
2.32,4.622817090456882,1
2.33,2.3763168891847712,1
2.34,3.838802057630916,1
2.35,3.6553866942228375,1
2.36,4.790842613085747,1
2.37,3.644552782188454,1
2.38,4.270708909181756,1
2.39,4.59224942731739,1
2.4,3.0685787628794388,1
2.41,3.8784085952270995,1
2.42,3.7581858421291794,1
2.43,4.661373589962749,1
2.44,4.549896293758938,1
2.45,3.9571204791887657,1
2.46,3.3891230896139044,1
2.47,4.6970832992867155,1
2.48,4.041069456893906,1
2.49,2.9743145978755208,1
2.5,2.9427228365434615,1
2.5100000000000002,4.195791247417498,1
2.52,3.138427950030139,1
2.5300000000000002,5.0929988081961115,1
2.54,3.3853803646754286,1
2.5500000000000003,3.8874538441057096,1
2.56,4.025199158499359,1
2.57,3.46811427210948,1
2.58,2.471682708259075,1
2.59,4.010259236967712,1
2.6,3.5133749276056356,1
2.61,4.071137360260361,1
2.62,3.9704358526489645,1
2.63,4.230957124238506,1
2.64,5.0994452099539105,1
2.65,3.7870222933395614,1
2.66,3.754305876411018,1
2.67,2.9645971341596686,1
2.68,3.8543743695677093,1
2.69,4.279097965282613,1
2.7,3.701557124968137,1
2.71,4.227564230233788,1
2.72,3.8529416458641634,1
2.73,3.0843284789916705,1
2.74,4.075283413631671,1
2.75,3.7955322300073777,1
2.7600000000000002,3.9960962402646785,1
2.77,3.5717559914959347,1
2.7800000000000002,3.5059216932710853,1
2.79,4.050587999469253,1
2.8000000000000003,3.85489866387063,1
2.81,5.1347769168501625,1
2.82,4.631865629246377,1
2.83,4.453426466839378,1
2.84,3.9842521465272522,1
2.85,2.759947400689883,1
2.86,3.4728904003904537,1
2.87,3.6085469842845765,1
2.88,3.841234528391928,1
2.89,3.990729453244249,1
2.9,4.423640913384341,1
2.91,4.177921841500991,1
2.92,4.71726035575801,1
2.93,3.7787646025532844,1
2.94,4.081379398207404,1
2.95,4.152543922759216,1
2.96,4.097302439925746,1
2.97,4.777409355429162,1
2.98,4.525017068642141,1
2.99,3.1535340347084566,1
3.0,3.876513997260674,1
3.0100000000000002,4.008245669885311,1
3.02,5.442016397500778,1
3.0300000000000002,3.934442909958151,1
3.04,3.430803819748437,1
3.0500000000000003,4.325681383924667,1
3.06,4.413284124532515,1
3.0700000000000003,4.037087366392964,1
3.08,3.9024530663896337,1
3.09,4.631723527135659,1
3.1,3.4825809400871566,1
3.11,3.7230130990734125,1
3.12,3.5990553031146977,1
3.13,4.623793805673,1
3.14,4.150463291360303,1
3.15,3.242593872056802,1
3.16,3.257471445336595,1
3.17,5.110817956836682,1
3.18,4.7263325676180425,1
3.19,4.56770214512785,1
3.2,4.043491580073111,1
3.21,5.006071955453776,1
3.22,3.3899828926327014,1
3.23,4.513846080535409,1
3.24,3.8154233229328343,1
3.25,3.9028711380633325,1
3.2600000000000002,4.536369872653751,1
3.27,3.9991942137119514,1
3.2800000000000002,3.7610453401836073,1
3.29,3.6862900962827623,1
3.3000000000000003,2.690895509539465,1
3.31,4.3919209702137465,1
3.3200000000000003,3.324844991362122,1
3.33,5.103380523381166,1
3.34,3.807390244378181,1
3.35,4.762610928390151,1
3.36,2.8007204378105417,1
3.37,4.342494294999939,1
3.38,4.618813692188116,1
3.39,4.861018648948115,1
3.4,3.0617086154903523,1
3.41,3.512479684475967,1
3.42,4.3903446641655215,1
3.43,4.1816341227309515,1
3.44,4.273439514514171,1
3.45,3.8580769212115884,1
3.46,5.068972166045937,1
3.47,5.816742503372572,1
3.48,4.2196092732191826,1
3.49,4.32926937513939,1
3.5,4.054765451076308,1
3.5100000000000002,4.811695579871016,1
3.52,4.541116840261711,1
3.5300000000000002,3.2786684393549255,1
3.54,3.4869800675005944,1
3.5500000000000003,3.238922901829102,1
3.56,5.631529583837343,1
3.5700000000000003,4.449944161109821,1
3.58,3.5973586453585873,1
3.59,3.515623810503536,1
3.6,4.494878067604124,1
3.61,4.6415524297096065,1
3.62,4.6018680699499654,1
3.63,3.821898142443611,1
3.64,4.259955337448119,1
3.65,4.162997174761839,1
3.66,3.4735915220008606,1
3.67,3.4274357568766356,1
3.68,4.276080529292127,1
3.69,4.165927969773895,1
3.7,4.367503003428646,1
3.71,4.510567464401421,1
3.72,4.957937354510517,1
3.73,3.4921470265892505,1
3.74,4.3062430698477705,1
3.75,4.429041533267801,1
3.7600000000000002,3.7519387243998428,1
3.77,4.004028396034028,1
3.7800000000000002,3.7711746791010583,1
3.79,5.332484964489397,1
3.8000000000000003,4.1494638399721975,1
3.81,4.326638773340947,1
3.8200000000000003,3.8938572121190105,1
3.83,3.7443306334119804,1
3.84,3.212084064225617,1
3.85,4.741786572104803,1
3.86,4.614376206441271,1
3.87,3.901658772238931,1
3.88,3.4530530105396755,1
3.89,4.105813030383107,1
3.9,3.6819454064405246,1
3.91,3.8121277192634904,1
3.92,3.1233538586176977,1
3.93,4.026342268203301,1
3.94,4.083153833893345,1
3.95,4.639842195470237,1
3.96,3.8693005174659394,1
3.97,3.715576752566961,1
3.98,2.9297235560073123,1
3.99,4.628218753744225,1
4.0,4.618465887674489,1
4.01,4.080475645432267,1
4.0200000000000005,3.187924494430802,1
4.03,3.2251551676280923,1
4.04,3.670732387170031,1
4.05,4.6819452504196555,1
4.0600000000000005,4.300580697925546,1
4.07,3.1092577606271634,1
4.08,4.251959394395071,1
4.09,3.492554964254723,1
4.1,3.629243608235918,1
4.11,4.583525006522503,1
4.12,4.486153168930461,1
4.13,4.676504043659744,1
4.14,3.9533793061051044,1
4.15,4.4946997220225215,1
4.16,3.5780952883153083,1
4.17,3.7474131953834067,1
4.18,3.7299967645286625,1
4.19,3.977384130132127,1
4.2,3.1654136749680912,1
4.21,3.8286564861121493,1
4.22,4.977136203368713,1
4.23,3.411664267820607,1
4.24,3.1743989707555076,1
4.25,3.215713736570942,1
4.26,5.751318800602156,1
4.2700000000000005,4.466844836683832,1
4.28,3.895794224592074,1
4.29,4.059975905315404,1
4.3,4.1498143040225095,1
4.3100000000000005,3.568725016549332,1
4.32,3.5929987649294155,1
4.33,3.811370555230014,1
4.34,3.4462389142276417,1
4.3500000000000005,3.6337967437845053,1
4.36,4.135839318966515,1
4.37,3.3010122252298677,1
4.38,5.608331924462192,1
4.39,4.563269734465368,1
4.4,3.211211724563737,1
4.41,2.369658543153677,1
4.42,3.5016470199506653,1
4.43,4.476031809888874,1
4.44,4.418994212543475,1
4.45,4.028652859438959,1
4.46,3.6827704152679392,1
4.47,3.4544959075685653,1
4.48,3.7492017437212817,1
4.49,3.349990664503011,1
4.5,3.700712724512468,1
4.51,4.820880895590965,1
4.5200000000000005,3.5033106097586857,1
4.53,4.304656104710684,1
4.54,4.441409593795036,1
4.55,3.2505730622713402,1
4.5600000000000005,3.3365457787349424,1
4.57,4.5935979010443715,1
4.58,3.3918138301938856,1
4.59,3.9043104214538937,1
4.6000000000000005,5.319342458219567,1
4.61,4.739625436767565,1
4.62,4.145217048906462,1
4.63,4.616103345060082,1
4.64,4.072883572812112,1
4.65,4.74046622929549,1
4.66,2.78803625384555,1
4.67,3.8970786539862114,1
4.68,2.6832865371342423,1
4.69,4.047589099133967,1
4.7,3.848133007782751,1
4.71,4.849047531880439,1
4.72,4.467257513963194,1
4.73,3.624794541161909,1
4.74,3.641721567499136,1
4.75,4.150075293440507,1
4.76,3.5662261110304607,1
4.7700000000000005,3.8928128775502064,1
4.78,4.8047410502574355,1
4.79,3.488420810345601,1
4.8,3.6803244435817906,1
4.8100000000000005,3.8060698217773052,1
4.82,6.082953177578422,1
4.83,4.581522626073235,1
4.84,4.841611303500895,1
4.8500000000000005,4.624313802274325,1
4.86,4.650771070250595,1
4.87,4.406470771141553,1
4.88,4.3045250146308724,1
4.89,3.098886367448089,1
4.9,4.17664278305467,1
4.91,3.9155807486725824,1
4.92,4.303303533183486,1
4.93,3.9103227433100085,1
4.94,4.417581207856926,1
4.95,4.559475402353791,1
4.96,2.0727902860833685,1
4.97,3.542688909395997,1
4.98,2.724295409162812,1
4.99,4.05659187753661,1
5.0,3.8097704946393556,1
5.01,4.89300834553605,1
5.0200000000000005,4.233586374636498,1
5.03,3.7608892703736445,1
5.04,4.66682697805223,1
5.05,3.908985582364407,1
5.0600000000000005,3.7427084273924476,1
5.07,4.300114356462078,1
5.08,5.107688925409555,1
5.09,4.642170510075178,1
5.1000000000000005,4.404888169179799,1
5.11,5.784466965630937,1
5.12,3.586319648055439,1
5.13,3.423596410552789,1
5.14,3.9876642373350752,1
5.15,4.906817896116142,1
5.16,3.37213143384836,1
5.17,5.040589085337898,1
5.18,3.085551479836877,1
5.19,3.8445833184746805,1
5.2,4.104707825548397,1
5.21,3.4583266939064767,1
5.22,3.6099643025857557,1
5.23,4.555374762036263,1
5.24,5.040846817169666,1
5.25,2.7658653269554545,1
5.26,4.1141790247672025,1
5.2700000000000005,3.993488933354295,1
5.28,4.112430738738763,1
5.29,3.823118576446111,1
5.3,3.1505985338908205,1
5.3100000000000005,4.925001473779563,1
5.32,4.762167150124867,1
5.33,3.9163588429346983,1
5.34,3.6059485443178403,1
5.3500000000000005,3.5054992635181237,1
5.36,2.2213987802558437,1
5.37,4.0626963443031725,1
5.38,4.4669187739808836,1
5.39,4.0955900206224625,1
5.4,3.9512011050252682,1
5.41,4.108336506956642,1
5.42,3.498442016000668,1
5.43,3.7076806201049863,1
5.44,3.946740393693698,1
5.45,4.52426327942422,1
5.46,4.997383541856883,1
5.47,3.9713215475550347,1
5.48,3.3635317332690553,1
5.49,4.006840563982385,1
5.5,5.304040808925691,1
5.51,3.4320685500674233,1
5.5200000000000005,4.495143691882713,1
5.53,4.834618509497347,1
5.54,3.7442878091182177,1
5.55,3.4545719512579947,1
5.5600000000000005,4.269038333772949,1
5.57,4.1851632778448655,1
5.58,4.418759850721377,1
5.59,5.348708303582414,1
5.6000000000000005,4.190790418797907,1
5.61,3.2626187936072895,1
5.62,4.044534628535257,1
5.63,4.2213011080172,1
5.64,4.907654996277828,1
5.65,4.002227793379793,1
5.66,3.8060031378953485,1
5.67,3.158846122484833,1
5.68,4.347847570368883,1
5.69,6.215184580731705,1
5.7,3.987004319930783,1
5.71,4.267740356021193,1
5.72,3.615075070443226,1
5.73,3.0836697708737466,1
5.74,4.154563792877942,1
5.75,3.9521282730576353,1
5.76,2.3780265969547383,1
5.7700000000000005,4.887158540760398,1
5.78,4.2799797013333505,1
5.79,4.042844363562337,1
5.8,3.7302631398009845,1
5.8100000000000005,4.271503698104664,1
5.82,4.35470852012533,1
5.83,4.343571425107828,1
5.84,4.7857603256767645,1
5.8500000000000005,4.962990016529275,1
5.86,5.43035075406342,1
5.87,3.603009903061927,1
5.88,3.6472676569186997,1
5.89,4.235081494184792,1
5.9,3.507124908065943,1
5.91,3.544720067470592,1
5.92,4.2354863734872525,1
5.93,4.536721786953512,1
5.94,4.787861055112124,1
5.95,3.846862927695482,1
5.96,4.220034303110547,1
5.97,4.110554015609751,1
5.98,3.974950363855484,1
5.99,3.447146665638222,1
6.0,3.356329425497091,1
6.01,4.418659019283636,1
6.0200000000000005,3.5303017600580433,1
6.03,2.880801729301046,1
6.04,3.984441677603312,1
6.05,5.018703459489282,1
6.0600000000000005,2.319026867211262,1
6.07,3.7722208733337728,1
6.08,4.467571739796103,1
6.09,2.8668170275697955,1
6.1000000000000005,3.792109169107264,1
6.11,3.2234923486264906,1
6.12,3.254383689067969,1
6.13,3.6322624498126217,1
6.140000000000001,3.1770036465120333,1
6.15,3.0925024773691683,1
6.16,3.8358343524690945,1
6.17,5.375026060115464,1
6.18,4.5310078223130414,1
6.19,4.6656233882265985,1
6.2,4.5587076317540065,1
6.21,3.6056767959474634,1
6.22,4.223557093687866,1
6.23,4.787529225330159,1
6.24,4.656902318658355,1
6.25,4.241079392720319,1
6.26,4.4231705030977775,1
6.2700000000000005,5.683530435193401,1
6.28,4.688806421781177,1
6.29,3.858743862376817,1
6.3,3.942003997496567,1
6.3100000000000005,3.287834941673334,1
6.32,5.434555416108537,1
6.33,5.064810436665402,1
6.34,4.045678413012343,1
6.3500000000000005,5.34228499317197,1
6.36,4.419572032336243,1
6.37,3.685472407026471,1
6.38,4.526121451460159,1
6.390000000000001,4.268318720025571,1
6.4,4.561208134368766,1
6.41,3.1700874205659373,1
6.42,3.469989504030191,1
6.43,4.995862319102227,1
6.44,5.2305095914380635,1
6.45,5.067431602044794,1
6.46,5.574852747430663,1
6.47,4.52926071698209,1
6.48,4.403905545012518,1
6.49,3.453619252660361,1
6.5,3.5890682712247437,1
6.51,2.6605814999171837,1
6.5200000000000005,3.665505921115583,1
6.53,2.582399054248769,1
6.54,4.544104843854942,1
6.55,4.209215790069263,1
6.5600000000000005,2.6266311713666495,1
6.57,3.734252522910935,1
6.58,5.217587534533358,1
6.59,3.9696194256514348,1
6.6000000000000005,3.3518884809326317,1
6.61,2.8273491145383995,1
6.62,2.8360661459617753,1
6.63,4.339563744657574,1
6.640000000000001,3.811065948559192,1
6.65,3.836363727004977,1
6.66,3.782634270621176,1
6.67,3.9561226060369172,1
6.68,3.2442880210579643,1
6.69,4.181655341198893,1
6.7,3.0863230475746333,1
6.71,3.430045558591539,1
6.72,4.576117463659347,1
6.73,4.21675975059373,1
6.74,4.385694574250297,1
6.75,5.342940978201246,1
6.76,3.970586688811591,1
6.7700000000000005,3.9520029509305012,1
6.78,3.782481551493146,1
6.79,3.67734896925559,1
6.8,3.3264236392623587,1
6.8100000000000005,4.038850460674,1
6.82,4.278236379127963,1
6.83,4.345113858943699,1
6.84,4.13466918515602,1
6.8500000000000005,4.6844415061052125,1
6.86,4.131450388671553,1
6.87,3.80247639922166,1
6.88,3.429831358332704,1
6.890000000000001,2.982669919324294,1
6.9,4.885036552895491,1
6.91,3.5748139584012875,1
6.92,3.3283496628005538,1
6.93,3.6268901012045935,1
6.94,3.7247854636471804,1
6.95,4.9711664944176075,1
6.96,3.7740741296250713,1
6.97,5.634903640289805,1
6.98,4.096283269907955,1
6.99,5.318536474677074,1
7.0,4.66060266271861,1
7.01,4.29860904757273,1
7.0200000000000005,5.087209621281758,1
7.03,4.855267740978336,1
7.04,4.535315464859012,1
7.05,5.611275933144323,1
7.0600000000000005,3.844589459749713,1
7.07,3.405302865016624,1
7.08,3.5686996316571356,1
7.09,5.132947533687914,1
7.1000000000000005,5.007788664523291,1
7.11,3.6949408361801517,1
7.12,2.4083910005517617,1
7.13,3.7090452518863697,1
7.140000000000001,3.252906262931485,1
7.15,3.5592594917254994,1
7.16,3.2181399380466953,1
7.17,2.848617215425918,1
7.18,5.109654998027618,1
7.19,3.601095589979424,1
7.2,4.894128777537603,1
7.21,3.934737232290415,1
7.22,3.3079252733930486,1
7.23,4.350673813164131,1
7.24,3.8395126605624186,1
7.25,3.9314324964389327,1
7.26,4.161189635606397,1
7.2700000000000005,3.542840468992397,1
7.28,2.963869776242243,1
7.29,3.9264669668697465,1
7.3,4.6195224426026265,1
7.3100000000000005,3.4274714815747744,1
7.32,4.020003925090475,1
7.33,4.91611686020061,1
7.34,3.9245237147644843,1
7.3500000000000005,3.9758970145954677,1
7.36,3.9630926727151605,1
7.37,3.4949044580438504,1
7.38,3.282037564566464,1
7.390000000000001,3.293160204020956,1
7.4,4.197960809132152,1
7.41,4.528328533211438,1
7.42,4.599599910087724,1
7.43,3.8522664244668317,1
7.44,4.772707452479829,1
7.45,4.321223918645529,1
7.46,4.136457557561065,1
7.47,1.9016724810146184,1
7.48,3.3868808714578384,1
7.49,2.9981804953235343,1
7.5,4.34527099023518,1
7.51,4.057655276369649,1
7.5200000000000005,3.2623839817316203,1
7.53,4.091322286303513,1
7.54,3.009675047123569,1
7.55,3.1879218641220275,1
7.5600000000000005,3.419178633650861,1
7.57,4.255450509660246,1
7.58,4.880185760416512,1
7.59,3.6506919119271246,1
7.6000000000000005,4.838574241662134,1
7.61,4.105792609786967,1
7.62,4.205100369048658,1
7.63,4.032807768599021,1
7.640000000000001,3.9461468313832877,1
7.65,4.357234318024631,1
7.66,4.573060394651008,1
7.67,3.520578492988967,1
7.68,3.891550624211958,1
7.69,5.098467028205322,1
7.7,4.179389867784554,1
7.71,4.172057303653089,1
7.72,4.722141514395822,1
7.73,3.6562065608165493,1
7.74,3.88513651943524,1
7.75,4.447665875014971,1
7.76,4.75941105900005,1
7.7700000000000005,2.4508349471319986,1
7.78,3.3859385237325457,1
7.79,3.293488012541598,1
7.8,3.8787512511146933,1
7.8100000000000005,3.41878963030695,1
7.82,4.441557787111153,1
7.83,4.200258277272806,1
7.84,4.661149055942622,1
7.8500000000000005,4.733443019733248,1
7.86,4.555901767448742,1
7.87,3.87563976526733,1
7.88,4.103336209995556,1
7.890000000000001,3.72907183312581,1
7.9,3.096781254310369,1
7.91,4.53993067838406,1
7.92,3.9323127386612566,1
7.930000000000001,2.959100638402583,1
7.94,4.213733222354382,1
7.95,3.792084524641953,1
7.96,2.5797801115058414,1
7.97,2.9633152037118764,1
7.98,3.4400825746127204,1
7.99,4.081091280948816,1
8.0,4.517638934048256,1
8.01,4.544846795746785,1
8.02,4.469385281442697,1
8.03,4.067767805849501,1
8.040000000000001,5.193701481384719,1
8.05,4.6011537385553645,1
8.06,4.251462138043527,1
8.07,4.442862779501812,1
8.08,3.810805845224952,1
8.09,3.973407035779237,1
8.1,2.6460890973441566,1
8.11,3.6431109084252973,1
8.120000000000001,5.074913400659778,1
8.13,4.098864988341748,1
8.14,4.00298651671567,1
8.15,4.572667503909729,1
8.16,4.195243015879324,1
8.17,3.4412648356266837,1
8.18,3.938686030205348,1
8.19,3.237858144350453,1
8.2,4.074887661205164,1
8.21,3.485658201346211,1
8.22,4.61698344455934,1
8.23,3.7678601126413267,1
8.24,3.5231810791052105,1
8.25,3.973617133518387,1
8.26,4.306778337868936,1
8.27,3.2952110426484524,1
8.28,3.6626393447118084,1
8.290000000000001,4.069890698889067,1
8.3,4.87108241451158,1
8.31,2.3868396035154076,1
8.32,4.256806530110858,1
8.33,3.704639960937235,1
8.34,3.5891596483136006,1
8.35,3.457979763152758,1
8.36,3.6600882768294714,1
8.370000000000001,4.322253177905857,1
8.38,3.6279130522401526,1
8.39,5.031917300767592,1
8.4,4.4681811471546276,1
8.41,4.1812622735014795,1
8.42,3.94867325927007,1
8.43,4.830832233788168,1
8.44,4.988899417750565,1
8.45,3.381230540325496,1
8.46,3.5787465464291333,1
8.47,4.446647528399667,1
8.48,4.677684099393567,1
8.49,3.8676913951722502,1
8.5,3.508858487014914,1
8.51,3.99681629684834,1
8.52,4.912390880108001,1
8.53,4.019467678130094,1
8.540000000000001,3.108885464602261,1
8.55,3.9421989691040995,1
8.56,4.433117022178013,1
8.57,3.900054199078732,1
8.58,4.767198759038499,1
8.59,4.5859198515342605,1
8.6,3.9965674953526165,1
8.61,4.052508498021859,1
8.620000000000001,2.8537030418493945,1
8.63,4.778352302106935,1
8.64,3.9051019841270147,1
8.65,3.8102375385389653,1
8.66,3.7031378381331566,1
8.67,4.338663156260107,1
8.68,3.3311306389590487,1
8.69,3.343208040921534,1
8.700000000000001,3.9250293945554113,1
8.71,3.5642804200998284,1
8.72,4.14582653236946,1
8.73,3.5641123627460245,1
8.74,4.9365511988457245,1
8.75,4.430693445807786,1
8.76,4.396335768356045,1
8.77,3.5711071612716614,1
8.78,5.492001496481741,1
8.790000000000001,3.7827770461708794,1
8.8,3.5253091351273373,1
8.81,4.4547949612976385,1
8.82,4.199496899837838,1
8.83,3.54287837627765,1
8.84,5.469503140086746,1
8.85,4.796602310379853,1
8.86,4.12167941532289,1
8.870000000000001,5.625366806611605,1
8.88,4.666719172733928,1
8.89,4.054181447026632,1
8.9,5.482030385880912,1
8.91,4.491768833060147,1
8.92,4.3831555259025095,1
8.93,3.710415817842598,1
8.94,3.9424846091401764,1
8.950000000000001,3.6546446445599567,1
8.96,4.84213638269729,1
8.97,2.9461374137869645,1
8.98,4.779844978446009,1
8.99,3.4556454809810315,1
9.0,3.9312410572843377,1
9.01,3.8290508854987317,1
9.02,3.6977926026363246,1
9.03,4.4913194676788475,1
9.040000000000001,4.098313495981312,1
9.05,3.648111456288466,1
9.06,4.1500879660763434,1
9.07,3.6175203496749893,1
9.08,3.6712664498730034,1
9.09,3.030708346732671,1
9.1,3.648185710019054,1
9.11,4.27482398457552,1
9.120000000000001,3.995037621819781,1
9.13,5.115468112599964,1
9.14,5.689998452239676,1
9.15,3.724766646031658,1
9.16,3.371520795793645,1
9.17,4.6351926374068055,1
9.18,4.212464829700921,1
9.19,4.727836008365282,1
9.200000000000001,4.303926364675933,1
9.21,3.91685194479994,1
9.22,3.9181263345064004,1
9.23,4.337785670980537,1
9.24,3.955491573736752,1
9.25,4.864012128318596,1
9.26,3.2781311517322997,1
9.27,4.80461569196151,1
9.28,2.8758998491075687,1
9.290000000000001,4.04860054467684,1
9.3,3.7866426454140014,1
9.31,2.978621727577987,1
9.32,2.5565775400344304,1
9.33,3.1393953764266076,1
9.34,3.905803796264748,1
9.35,3.528198806021799,1
9.36,3.225009629607457,1
9.370000000000001,4.770743398016326,1
9.38,3.203627980521412,1
9.39,4.370948670320869,1
9.4,3.446933210646282,1
9.41,3.2630283630251173,1
9.42,3.609533261074696,1
9.43,4.44069146096168,1
9.44,3.208796047293562,1
9.450000000000001,4.214471984997499,1
9.46,3.460783944619747,1
9.47,3.5212191801579347,1
9.48,4.274360549000704,1
9.49,5.448580195025577,1
9.5,3.4943373375464075,1
9.51,4.412018240395168,1
9.52,3.776284713973438,1
9.53,3.616649797530327,1
9.540000000000001,4.599937514333194,1
9.55,3.4132593065999255,1
9.56,3.14468896962481,1
9.57,4.1871004256784135,1
9.58,5.002828375267894,1
9.59,4.5248879856419695,1
9.6,3.12006295783041,1
9.61,3.5726792472160938,1
9.620000000000001,4.655491987147779,1
9.63,5.127099584340841,1
9.64,4.288221742701364,1
9.65,3.716944328947624,1
9.66,5.122285848203273,1
9.67,4.079094961996498,1
9.68,3.6548190982288817,1
9.69,3.498390474964702,1
9.700000000000001,3.193057653472567,1
9.71,5.765371100559607,1
9.72,4.98234132030198,1
9.73,3.571218388949832,1
9.74,5.025730652738751,1
9.75,4.332130797031418,1
9.76,4.256258320877798,1
9.77,3.489413861661146,1
9.78,3.5926446984454294,1
9.790000000000001,3.9261327499621927,1
9.8,2.7217461659651443,1
9.81,3.6321631294126977,1
9.82,4.026382329072234,1
9.83,4.913136700755394,1
9.84,3.726955547856071,1
9.85,4.5859909755033215,1
9.86,2.7695359481712982,1
9.870000000000001,4.74353140281428,1
9.88,3.50358024988385,1
9.89,4.076639678431885,1
9.9,4.266762276498741,1
9.91,4.127654957520785,1
9.92,3.8928379606753305,1
9.93,3.1261385855379036,1
9.94,3.298207179764317,1
9.950000000000001,4.528971388648816,1
9.96,3.5728579755996734,1
9.97,3.8471940193886542,1
9.98,2.979583350366149,1
9.99,4.473942259132436,1
10.0,3.173801028109082,1
10.01,4.569452604092975,1
10.02,3.390188544251986,1
10.03,4.683553478107488,1
10.040000000000001,4.119827906902763,1
10.05,3.7200866310321796,1
10.06,5.092876701889657,1
10.07,4.081053778030015,1
10.08,3.8132484767345916,1
10.09,4.600556924878277,1
10.1,3.073986707985905,1
10.11,2.280019649981249,1
10.120000000000001,4.602592565130592,1
10.13,3.431638568091836,1
10.14,4.454689130528504,1
10.15,3.981797902093989,1
10.16,3.172393296704303,1
10.17,4.284209721265659,1
10.18,3.7077827528263128,1
10.19,3.261557380910803,1
10.200000000000001,3.275065208267434,1
10.21,2.85690933114784,1
10.22,4.238448307635077,1
10.23,3.4692918105326638,1
10.24,4.0178300268721925,1
10.25,3.958597915918652,1
10.26,3.457891168056764,1
10.27,3.0395283433369102,1
10.28,5.629456163664383,1
10.290000000000001,4.088178052525331,1
10.3,5.186871039331897,1
10.31,4.802335607303936,1
10.32,3.7942192540589885,1
10.33,4.043168259650199,1
10.34,4.028956212406236,1
10.35,5.122873231575918,1
10.36,4.5345079913486455,1
10.370000000000001,3.448132266996672,1
10.38,4.1518888762086075,1
10.39,4.509075767906292,1
10.4,3.2694468089899824,1
10.41,4.301506566201469,1
10.42,4.93662211268119,1
10.43,3.5617442410935407,1
10.44,3.5791911867992905,1
10.450000000000001,4.803134551392186,1
10.46,3.889633821167796,1
10.47,3.4163788345834902,1
10.48,4.580566556487661,1
10.49,4.43101370961973,1
10.5,4.085623040428762,1
10.51,4.710077783370253,1
10.52,4.772827881958512,1
10.53,3.9307317820168954,1
10.540000000000001,5.204642774509956,1
10.55,5.024192870913305,1
10.56,2.7026967809444526,1
10.57,3.1936355174092714,1
10.58,2.4451799802022904,1
10.59,3.674126320987627,1
10.6,3.1960574349429107,1
10.61,3.4481314580165203,1
10.620000000000001,4.720019606328538,1
10.63,2.9665172790593983,1
10.64,4.094368580469008,1
10.65,4.161341899258251,1
10.66,4.027508480729082,1
10.67,4.146659791386073,1
10.68,2.6035701387577586,1
10.69,3.412851796178237,1
10.700000000000001,4.964431449891531,1
10.71,3.256579923611168,1
10.72,4.991200592863924,1
10.73,3.084784943855166,1
10.74,2.8820976942472787,1
10.75,3.239949286958755,1
10.76,4.615694147158257,1
10.77,3.6224463586941114,1
10.78,4.1583172948504945,1
10.790000000000001,4.035376813784898,1
10.8,3.9682692498313212,1
10.81,4.8495022124996865,1
10.82,4.597092843136974,1
10.83,3.3561768851605573,1
10.84,3.854773552021996,1
10.85,5.197915561119608,1
10.86,4.350500393530994,1
10.870000000000001,3.102852205628486,1
10.88,3.056918235850847,1
10.89,4.542867126033067,1
10.9,4.4868504094914305,1
10.91,3.406681010851381,1
10.92,4.403945422389778,1
10.93,5.0000686478737,1
10.94,4.933703892183981,1
10.950000000000001,5.02148933108839,1
10.96,4.350422034500762,1
10.97,3.8455982007655067,1
10.98,3.6864556274023395,1
10.99,3.948006230707902,1
11.0,3.4299743789014254,1
11.01,3.7573964098785066,1
11.02,4.858317924367631,1
11.03,3.0693872208050337,1
11.040000000000001,3.0167333601105453,1
11.05,4.55531122626676,1
11.06,3.8774008655545438,1
11.07,2.8033874079410706,1
11.08,3.9315474071298784,1
11.09,3.8853528422199646,1
11.1,3.7119378028292007,1
11.11,4.402900826430674,1
11.120000000000001,3.113618636463961,1
11.13,3.893342440873886,1
11.14,3.784514245597249,1
11.15,3.9361780287381816,1
11.16,2.8009936427194453,1
11.17,3.528793603541647,1
11.18,3.941414900968269,1
11.19,4.325704939669144,1
11.200000000000001,5.21902107479687,1
11.21,4.620785266908655,1
11.22,4.381997496979426,1
11.23,4.909789488354689,1
11.24,3.929659811543447,1
11.25,5.079448088587278,1
11.26,4.862267990274349,1
11.27,3.82259395114203,1
11.28,5.280812982770264,1
11.290000000000001,4.38873333820419,1
11.3,5.4447024660951255,1
11.31,4.258674210635486,1
11.32,3.6053845560610713,1
11.33,3.4164230923918377,1
11.34,3.6619674953521804,1
11.35,3.533610426421088,1
11.36,4.725645800505785,1
11.370000000000001,3.96458313123195,1
11.38,2.9075108212568437,1
11.39,4.050754024505261,1
11.4,4.085965018400897,1
11.41,3.725833072144989,1
11.42,4.202710972280414,1
11.43,4.04544317170982,1
11.44,4.4861331447892585,1
11.450000000000001,4.477665895649877,1
11.46,4.33670401042411,1
11.47,3.2376232230167656,1
11.48,5.372276320361923,1
11.49,3.09466800707642,1
11.5,3.860686559433918,1
11.51,3.256819797177783,1
11.52,4.167025320553211,1
11.53,4.037923169316773,1
11.540000000000001,3.8205738297755514,1
11.55,4.898574415369129,1
11.56,4.7018541802085805,1
11.57,3.7697130595565262,1
11.58,4.464789076396142,1
11.59,5.021197195357401,1
11.6,4.7773396534925805,1
11.61,3.9829791776476102,1
11.620000000000001,3.0126850330026484,1
11.63,4.213302049997335,1
11.64,4.518813101327309,1
11.65,3.607213993259083,1
11.66,4.062345382741432,1
11.67,4.010117001712929,1
11.68,4.944133386647192,1
11.69,5.281357587155863,1
11.700000000000001,4.837911338688189,1
11.71,3.9700423171088004,1
11.72,4.697334522197784,1
11.73,4.400892648175261,1
11.74,3.903255306027677,1
11.75,5.276363773592052,1
11.76,3.52644957929836,1
11.77,4.303264310067478,1
11.78,4.519787567996147,1
11.790000000000001,3.822749694975025,1
11.8,4.353633303878564,1
11.81,4.659405341238954,1
11.82,4.2438297520910915,1
11.83,4.383098573392737,1
11.84,4.163593918417932,1
11.85,4.602704696485028,1
11.86,3.958878814709222,1
11.870000000000001,3.8553855902709264,1
11.88,4.0478026969597,1
11.89,4.792766779150753,1
11.9,2.9123429367166676,1
11.91,3.319994082184921,1
11.92,5.390245586040655,1
11.93,4.2000649549829445,1
11.94,3.6757058885997482,1
11.950000000000001,4.420830302525124,1
11.96,3.4446170564315426,1
11.97,2.5421704234459805,1
11.98,4.099595162614949,1
11.99,3.509922015278226,1
12.0,4.037863225277668,1
12.01,4.240717920052764,1
12.02,4.152191698194625,1
12.030000000000001,2.962185801808759,1
12.040000000000001,4.026984159211474,1
12.05,4.365524586879497,1
12.06,3.1848170216806575,1
12.07,3.025561531961917,1
12.08,3.2910591362018953,1
12.09,4.463886116199032,1
12.1,2.7297847876280485,1
12.11,4.437447020217514,1
12.120000000000001,4.235084400186318,1
12.13,3.785130354747288,1
12.14,2.954231199614715,1
12.15,3.345047746296685,1
12.16,4.396740324709918,1
12.17,4.779047818203835,1
12.18,3.3344252814959496,1
12.19,4.679039623376739,1
12.200000000000001,4.487241362684058,1
12.21,4.049519669497874,1
12.22,3.569768953378827,1
12.23,3.658863453342771,1
12.24,5.234498004970097,1
12.25,4.265283023097635,1
12.26,4.950058576158726,1
12.27,4.273889614318711,1
12.280000000000001,3.7658493979589256,1
12.290000000000001,4.386825569831715,1
12.3,5.421792106134985,1
12.31,3.642664633473363,1
12.32,4.525964935981739,1
12.33,4.09326564782973,1
12.34,2.992905453672409,1
12.35,2.9091450457279766,1
12.36,3.5700040437114366,1
12.370000000000001,4.139504605833466,1
12.38,4.535144545067247,1
12.39,2.990954822706068,1
12.4,4.364429614408514,1
12.41,3.9697786000981385,1
12.42,4.045876331992343,1
12.43,4.446560973393578,1
12.44,5.231918571020015,1
12.450000000000001,4.346361632028836,1
12.46,3.211775993955638,1
12.47,3.8914718101090804,1
12.48,4.589517066539171,1
12.49,4.631512787920715,1
12.5,4.468413611965345,1
12.51,3.672460480680977,1
12.52,3.0473234452958944,1
12.530000000000001,4.26342911171846,1
12.540000000000001,3.1557724862576375,1
12.55,4.323557027183731,1
12.56,4.397955103578531,1
12.57,3.660268303172865,1
12.58,3.8635071217770425,1
12.59,4.09881838790559,1
12.6,3.6085028289241956,1
12.61,3.104757530287641,1
12.620000000000001,3.966378388273719,1
12.63,4.102077733690175,1
12.64,4.961412828942611,1
12.65,3.6257406075472183,1
12.66,4.742100203034577,1
12.67,3.360430420485236,1
12.68,3.1323485370293858,1
12.69,3.774632639939735,1
12.700000000000001,3.3745056760340884,1
12.71,3.0562397199140654,1
12.72,5.159372632321125,1
12.73,3.714620308146394,1
12.74,5.410316646759824,1
12.75,3.363771988688804,1
12.76,2.7819873315344457,1
12.77,4.7045890977714455,1
12.780000000000001,3.527659951096317,1
12.790000000000001,4.039859756082641,1
12.8,3.1243006229143715,1
12.81,3.947450487251927,1
12.82,3.152435871868034,1
12.83,3.963092883759159,1
12.84,3.7624856631111334,1
12.85,4.210588437105513,1
12.86,4.48988649980485,1
12.870000000000001,4.245969159825287,1
12.88,4.350549740342132,1
12.89,3.972189418998582,1
12.9,3.714400709647642,1
12.91,4.263169292055175,1
12.92,3.897940050102934,1
12.93,3.8844109040725296,1
12.94,4.178931860863592,1
12.950000000000001,3.264920796403881,1
12.96,4.812183784565633,1
12.97,3.8267849716860147,1
12.98,4.027040186581477,1
12.99,3.9508369144186486,1
13.0,4.4220521484058875,1
13.01,4.2701153742277205,1
13.02,4.0293543592814824,1
13.030000000000001,5.003654856778723,1
13.040000000000001,2.053997178725303,1
13.05,4.764957866826871,1
13.06,4.714244383928343,1
13.07,2.9118799820486387,1
13.08,4.5807981873842385,1
13.09,4.74351219770748,1
13.1,4.407615862824855,1
13.11,2.9881545308165243,1
13.120000000000001,4.336674575845657,1
13.13,4.611798957799841,1
13.14,3.5932425613491503,1
13.15,4.186380039386638,1
13.16,3.7107267748085944,1
13.17,4.4969455369898785,1
13.18,3.783264981750776,1
13.19,3.588698907113396,1
13.200000000000001,3.95130848167332,1
13.21,3.1512971384255635,1
13.22,3.90470136492537,1
13.23,4.291118321043149,1
13.24,4.654123094016421,1
13.25,4.276212652469009,1
13.26,3.158343871511988,1
13.27,4.887049576669732,1
13.280000000000001,5.028183721898236,1
13.290000000000001,4.156627907143067,1
13.3,3.520032904028675,1
13.31,3.601551509780971,1
13.32,3.798502329360745,1
13.33,4.106818309890116,1
13.34,3.7366489948622545,1
13.35,3.351817332861583,1
13.36,4.553582942671438,1
13.370000000000001,4.1399932196368265,1
13.38,3.2824506253976,1
13.39,4.1240577032334675,1
13.4,4.113953222846253,1
13.41,3.5656650395376728,1
13.42,4.794862315853452,1
13.43,4.197111750801854,1
13.44,3.943477553260651,1
13.450000000000001,4.017878207378516,1
13.46,4.360383280113126,1
13.47,4.03494459637526,1
13.48,3.992977147980596,1
13.49,4.71310761001318,1
13.5,3.1210013914984955,1
13.51,3.110494820639519,1
13.52,4.405206467873145,1
13.530000000000001,5.529885666607713,1
13.540000000000001,4.58828751857324,1
13.55,5.1694149489952235,1
13.56,3.7170474997273995,1
13.57,3.5095098528276663,1
13.58,4.223642989759799,1
13.59,4.610273637647188,1
13.6,3.1871275121074176,1
13.61,3.8376067583572486,1
13.620000000000001,4.0182664237297425,1
13.63,3.622525329859607,1
13.64,3.6847669648921366,1
13.65,4.603528711868016,1
13.66,4.412241130411846,1
13.67,4.602949149855415,1
13.68,4.29789053758729,1
13.69,3.4731792141501856,1
13.700000000000001,4.241428978069549,1
13.71,3.372018945647073,1
13.72,3.7145070080312714,1
13.73,3.248622308575544,1
13.74,3.486354417079913,1
13.75,3.9524516313859346,1
13.76,3.6290294302715345,1
13.77,3.3445641426960684,1
13.780000000000001,4.655770243175785,1
13.790000000000001,3.939851656422543,1
13.8,3.655339383502402,1
13.81,3.3017498493858457,1
13.82,2.7890400630129144,1
13.83,3.8451718644379262,1
13.84,3.168683364074488,1
13.85,4.48754579536639,1
13.86,4.119672009706708,1
13.870000000000001,5.078446189268097,1
13.88,4.2525833553499535,1
13.89,3.565578379615086,1
13.9,2.7526480717785957,1
13.91,4.4237465290454265,1
13.92,3.1370900235092507,1
13.93,3.62150943096629,1
13.94,4.991286237144442,1
13.950000000000001,4.380465927344032,1
13.96,4.204499425933994,1
13.97,4.564817411888442,1
13.98,4.579269683256821,1
13.99,5.038619996361363,1
14.0,3.6730890886287644,1
14.01,3.7607031229612264,1
14.02,3.4327118801372194,1
14.030000000000001,4.0066475302249405,1
14.040000000000001,3.9868036693688755,1
14.05,2.935979340032021,1
14.06,3.583173543279575,1
14.07,4.968887163629304,1
14.08,4.259722373433178,1
14.09,4.501654663444417,1
14.1,3.950403128554642,1
14.11,2.747901927552347,1
14.120000000000001,3.7958718675800753,1
14.13,4.601735200246788,1
14.14,3.1945969087888546,1
14.15,4.360941364593501,1
14.16,2.8461743138465057,1
14.17,3.8837148303615634,1
14.18,4.303182682807595,1
14.19,3.7937833307551516,1
14.200000000000001,5.59332138280123,1
14.21,3.800324411488303,1
14.22,3.6582658059780484,1
14.23,4.17407629449587,1
14.24,3.5927973940960243,1
14.25,3.1158212218389156,1
14.26,3.306033872482655,1
14.27,4.510322070218214,1
14.280000000000001,3.875905250519035,1
14.290000000000001,5.118774763222951,1
14.3,3.779356356789936,1
14.31,4.423039705801216,1
14.32,4.311291906384884,1
14.33,3.6608136770148256,1
14.34,3.3372509104348143,1
14.35,2.7611557588093425,1
14.36,4.213265596217852,1
14.370000000000001,4.730105245728001,1
14.38,2.9690737355963317,1
14.39,3.675889037405137,1
14.4,3.5493207071702755,1
14.41,4.355424866143333,1
14.42,3.8536256537502798,1
14.43,4.911505617456424,1
14.44,3.877486148179229,1
14.450000000000001,3.2658827218223663,1
14.46,3.7230630199990076,1
14.47,3.8108605367531405,1
14.48,4.373140043468226,1
14.49,3.80193841827943,1
14.5,4.272180380055667,1
14.51,3.4787203868754313,1
14.52,3.7319889253052985,1
14.530000000000001,3.4126663835523448,1
14.540000000000001,3.343233173774897,1
14.55,4.712307973855791,1
14.56,3.5074571916677706,1
14.57,3.6847550991155242,1
14.58,4.615715377132616,1
14.59,4.50166554705559,1
14.6,5.096445961473876,1
14.61,4.40376394167714,1
14.620000000000001,3.680208872462143,1
14.63,5.377447515187553,1
14.64,4.532518926094872,1
14.65,4.007015250800853,1
14.66,4.108990748343462,1
14.67,4.183018811243315,1
14.68,3.900470268378211,1
14.69,3.1232332676394,1
14.700000000000001,5.001374418787003,1
14.71,4.021194524965508,1
14.72,4.074789981653978,1
14.73,5.290947426383674,1
14.74,3.561920349316344,1
14.75,4.3235781440001935,1
14.76,3.4340638482713106,1
14.77,4.114175364873736,1
14.780000000000001,4.09445374405395,1
14.790000000000001,4.496732110156956,1
14.8,4.815182042784648,1
14.81,3.6976222238506016,1
14.82,4.946576514498503,1
14.83,5.083815269432478,1
14.84,3.9750324024553727,1
14.85,4.069665903521276,1
14.86,3.754715808677876,1
14.870000000000001,3.8472601362241203,1
14.88,3.2531253069340216,1
14.89,4.481575223693148,1
14.9,2.6971212084161045,1
14.91,3.4448105962997504,1
14.92,3.891197822268455,1
14.93,4.774918009742896,1
14.94,3.6205233821321245,1
14.950000000000001,4.179399022627041,1
14.96,3.8869345825053836,1
14.97,4.546280285866388,1
14.98,4.233328183832311,1
14.99,4.530763582145145,1
15.0,3.6760612253665466,1
15.01,3.3473563306897645,1
15.02,4.244584398419629,1
15.030000000000001,3.7601229981550555,1
15.040000000000001,4.0774836254036915,1
15.05,4.285941111044322,1
15.06,4.894226540993125,1
15.07,4.624159681528983,1
15.08,3.6387303319130853,1
15.09,3.25730023961313,1
15.1,5.061753013885846,1
15.11,3.012108415863219,1
15.120000000000001,3.6015900210191174,1
15.13,4.332848927023203,1
15.14,5.011045427020662,1
15.15,3.8621699096270063,1
15.16,3.9381865994026763,1
15.17,3.368391788803467,1
15.18,4.001116167187197,1
15.19,3.2319137865995073,1
15.200000000000001,3.4685915140474664,1
15.21,4.488471152806616,1
15.22,3.793530619074314,1
15.23,4.6446494779735525,1
15.24,4.0112803413599005,1
15.25,3.1879686757349766,1
15.26,4.780631851179325,1
15.27,3.253572563115383,1
15.280000000000001,3.6078967378487343,1
15.290000000000001,3.868803249938486,1
15.3,4.643255636317337,1
15.31,3.6722753865116036,1
15.32,3.3335160656484693,1
15.33,4.003657971016679,1
15.34,3.7891910840416343,1
15.35,3.6086599869963267,1
15.36,4.045697043395844,1
15.370000000000001,3.1616574715717034,1
15.38,2.78937992785817,1
15.39,5.293132804685666,1
15.4,4.146670202904056,1
15.41,4.146535169624461,1
15.42,3.5469543038434987,1
15.43,4.617170242211601,1
15.44,3.7630907756963055,1
15.450000000000001,2.253487110107209,1
15.46,3.5985861037511158,1
15.47,3.8534825040096887,1
15.48,3.9239933232717563,1
15.49,3.8882150625340692,1
15.5,3.573370351566548,1
15.51,3.4685605346069885,1
15.52,3.7292369094289497,1
15.530000000000001,2.8542217104874226,1
15.540000000000001,2.588906924653234,1
15.55,3.9035207268432655,1
15.56,3.997370029742557,1
15.57,4.510266464189823,1
15.58,3.8216582785088855,1
15.59,3.1929396208479415,1
15.6,2.694560661851773,1
15.610000000000001,3.3688100183655614,1
15.620000000000001,4.281811179533231,1
15.63,5.014062432525817,1
15.64,4.168137166996018,1
15.65,3.2981109104103465,1
15.66,3.458253219632826,1
15.67,3.476986512038702,1
15.68,3.748341573256669,1
15.69,4.734069880901596,1
15.700000000000001,4.82044806509713,1
15.71,3.9127409138617297,1
15.72,4.068006102645713,1
15.73,3.4247017295302236,1
15.74,2.7838427718730494,1
15.75,5.0119213249502845,1
15.76,2.482533935147634,1
15.77,2.657649411154142,1
15.780000000000001,5.041879542034132,1
15.790000000000001,4.051393337667799,1
15.8,3.2740407003944028,1
15.81,4.424121678349498,1
15.82,4.572566200379496,1
15.83,3.2315689410702038,1
15.84,3.680369872678485,1
15.85,4.624790800479198,1
15.860000000000001,3.578739875668404,1
15.870000000000001,4.217956681682259,1
15.88,4.980676327357449,1
15.89,2.528427160563087,1
15.9,3.688810561013447,1
15.91,4.126364283061627,1
15.92,2.7993088057239555,1
15.93,3.522431338353822,1
15.94,4.57684559400787,1
15.950000000000001,3.5021957519410125,1
15.96,2.9357732682325675,1
15.97,4.609706526730423,1
15.98,4.281848417902085,1
15.99,3.9503349597546693,1
16.0,3.9346639137692865,1
16.01,4.687980625368329,1
16.02,4.277916878550399,1
16.03,4.497466850859391,1
16.04,3.6526921274275588,1
16.05,2.810561028620533,1
16.06,4.403433793070537,1
16.07,4.798676217902173,1
16.080000000000002,3.945357807089934,1
16.09,4.594623626533003,1
16.1,3.8166983730378656,1
16.11,3.9054323016725307,1
16.12,5.085812921622708,1
16.13,3.81410213603644,1
16.14,3.6891853192766937,1
16.15,2.6926193490330084,1
16.16,4.298012080070883,1
16.17,3.4971588121961843,1
16.18,4.0222138387091215,1
16.19,3.775026361219218,1
16.2,3.6987416459201032,1
16.21,3.930259557591073,1
16.22,4.0148489316846465,1
16.23,4.825865061857775,1
16.240000000000002,5.108110598748931,1
16.25,4.564124358124745,1
16.26,4.930154264764471,1
16.27,4.670161146562349,1
16.28,4.4042691533949,1
16.29,4.990294995219325,1
16.3,3.208958203666349,1
16.31,3.4837172446724014,1
16.32,3.3908588243686584,1
16.330000000000002,3.706002335103962,1
16.34,4.355190906155393,1
16.35,3.222365129087482,1
16.36,4.208288058905877,1
16.37,3.5714388788647233,1
16.38,3.7059615906099554,1
16.39,4.090493188584972,1
16.4,5.097755329407249,1
16.41,3.6283952928550622,1
16.42,3.9712763441718524,1
16.43,3.3605928352846064,1
16.44,3.5654162346341547,1
16.45,3.3438613066139125,1
16.46,4.190739850102088,1
16.47,4.347553319527227,1
16.48,4.509770240648723,1
16.490000000000002,3.5634964578753854,1
16.5,4.30189467772291,1
16.51,4.066774925573801,1
16.52,3.9209954650555408,1
16.53,3.127888673969051,1
16.54,3.974907387003037,1
16.55,4.043064723084681,1
16.56,3.997303721440502,1
16.57,4.199246445845406,1
16.580000000000002,4.419489016885613,1
16.59,3.2908400454275344,1
16.6,3.8183349911339777,1
16.61,4.348466407857888,1
16.62,3.892305194583153,1
16.63,4.677940076446819,1
16.64,4.171388063197191,1
16.65,2.8173078175206805,1
16.66,4.5449687704846,1
16.67,4.016874451352464,1
16.68,2.895912392702254,1
16.69,3.791961769991733,1
16.7,3.1630829028471634,1
16.71,4.413716992174939,1
16.72,3.9560288155805003,1
16.73,3.3361090080101947,1
16.740000000000002,4.414066990185858,1
16.75,4.246913814859138,1
16.76,3.790559321971919,1
16.77,3.1190975983324902,1
16.78,3.357384934554537,1
16.79,3.3831995947117743,1
16.8,4.448824250170083,1
16.81,2.9610360018936572,1
16.82,3.952554382521384,1
16.830000000000002,3.896661496050549,1
16.84,4.737888618007094,1
16.85,4.270714461004967,1
16.86,4.4347873136805225,1
16.87,3.745374750074558,1
16.88,3.2291547681954276,1
16.89,3.764471042347273,1
16.9,4.488630432000145,1
16.91,4.50736793714834,1
16.92,3.7055248580781885,1
16.93,3.361956006373938,1
16.94,3.203912118728758,1
16.95,3.788152503882227,1
16.96,4.00460298162819,1
16.97,4.895969185920721,1
16.98,4.090639177909124,1
16.990000000000002,4.381767502635893,1
17.0,3.517999110454685,1
17.01,4.022858125215062,1
17.02,4.137797982660566,1
17.03,3.978987595162969,1
17.04,4.056783828483916,1
17.05,4.160736153628951,1
17.06,4.393039298515758,1
17.07,4.842296272988631,1
17.080000000000002,2.6237243312657528,1
17.09,4.6619485866322,1
17.1,2.9282118082452673,1
17.11,4.111305604404199,1
17.12,5.489539056715289,1
17.13,3.999870982600365,1
17.14,4.0445926475496785,1
17.150000000000002,3.7259351472410516,1
17.16,4.3452107124119275,1
17.17,4.195567747588496,1
17.18,3.5299555055769254,1
17.19,3.875701767831056,1
17.2,3.2683514107353964,1
17.21,3.90364980732722,1
17.22,3.767657713408425,1
17.23,4.136551174727098,1
17.240000000000002,3.619781625219574,1
17.25,3.913492338960249,1
17.26,4.071786092112153,1
17.27,4.115343126040923,1
17.28,4.2280233400924745,1
17.29,3.922576368209694,1
17.3,3.483441683677818,1
17.31,3.9975366563848342,1
17.32,3.838264526468452,1
17.330000000000002,4.59321563231918,1
17.34,4.710026092327371,1
17.35,3.076921135300462,1
17.36,4.273758481428172,1
17.37,4.486845302015826,1
17.38,3.1128568795320164,1
17.39,4.300850160242374,1
17.400000000000002,4.600855775339304,1
17.41,3.444614479797513,1
17.42,3.858871121385329,1
17.43,4.174322025031507,1
17.44,4.452790262590695,1
17.45,3.461274244500919,1
17.46,4.789660411191381,1
17.47,2.790836106471482,1
17.48,4.829474133089271,1
17.490000000000002,4.428697898973503,1
17.5,3.6208152386971957,1
17.51,4.513379085834025,1
17.52,3.3054208584021434,1
17.53,3.970999100091508,1
17.54,4.080807571949395,1
17.55,4.082624627837669,1
17.56,3.3888398996012756,1
17.57,3.5813048772751768,1
17.580000000000002,4.013974491827632,1
17.59,3.5074061030633943,1
17.6,4.148054077911834,1
17.61,3.6351419001015324,1
17.62,4.6724770146364865,1
17.63,5.116163839220274,1
17.64,3.9461677034358207,1
17.650000000000002,4.669295512027498,1
17.66,3.97369292027411,1
17.67,3.4509941979475025,1
17.68,3.733981197972353,1
17.69,4.061458986844692,1
17.7,2.842774401288532,1
17.71,4.311789321050882,1
17.72,4.028980637324678,1
17.73,4.589020728351704,1
17.740000000000002,4.35771725145985,1
17.75,4.023854046457813,1
17.76,3.699270715751224,1
17.77,4.909876719099504,1
17.78,5.419329270937406,1
17.79,3.8432098152008853,1
17.8,4.6683460455124335,1
17.81,3.6062624866042614,1
17.82,3.6406076304243027,1
17.830000000000002,3.7897295437333574,1
17.84,4.503826958282696,1
17.85,3.408229687378419,1
17.86,5.041439956896716,1
17.87,4.731161353075783,1
17.88,4.516219432701195,1
17.89,3.862237696503533,1
17.900000000000002,4.528446538117772,1
17.91,2.114115964962939,1
17.92,4.127376985855513,1
17.93,4.049634461061243,1
17.94,2.706945572520921,1
17.95,4.1105704998594454,1
17.96,4.318737363856638,1
17.97,2.756212492230926,1
17.98,3.1122215639330424,1
17.990000000000002,5.2642687391689975,1
18.0,3.9564278311897714,1
18.01,4.655121456418106,1
18.02,4.8159485298693685,1
18.03,4.36645450959189,1
18.04,4.754204143110693,1
18.05,2.749784052765654,1
18.06,3.846697409474194,1
18.07,2.0521765104105674,1
18.080000000000002,2.7933540188075043,1
18.09,3.595231221379215,1
18.1,3.542509908069691,1
18.11,3.9746974291548027,1
18.12,3.939543657479743,1
18.13,4.021248588869672,1
18.14,4.042430352621459,1
18.150000000000002,4.143120792639576,1
18.16,3.3150467799054786,1
18.17,3.428480282532917,1
18.18,3.898641726032015,1
18.19,3.9581705890524868,1
18.2,3.2969877258157756,1
18.21,4.684287655344998,1
18.22,4.556868456954398,1
18.23,3.537503027706951,1
18.240000000000002,3.9092575210375364,1
18.25,5.373837871748003,1
18.26,4.257901823673843,1
18.27,4.332362898595682,1
18.28,3.667986301251644,1
18.29,3.7988229693395104,1
18.3,4.9670381416459275,1
18.31,4.106809632694725,1
18.32,3.9148487579221527,1
18.330000000000002,3.9379486928639134,1
18.34,5.575593711325169,1
18.35,4.044928954232247,1
18.36,3.3928334268472025,1
18.37,3.478203083173491,1
18.38,4.43212973979023,1
18.39,3.077187891550468,1
18.400000000000002,4.238465835609628,1
18.41,3.569395546776655,1
18.42,2.813679780919646,1
18.43,3.354821554571982,1
18.44,4.05135526569333,1
18.45,4.983741232821696,1
18.46,4.722903554155351,1
18.47,3.912975781888455,1
18.48,4.668701196473957,1
18.490000000000002,3.830532981889175,1
18.5,3.0368335328322753,1
18.51,3.9311709208021473,1
18.52,2.973237151266767,1
18.53,4.3899828560261795,1
18.54,4.474076059658646,1
18.55,3.3820596672723187,1
18.56,3.9861069354956578,1
18.57,4.0272828089600985,1
18.580000000000002,4.524252511085363,1
18.59,3.2017188385158817,1
18.6,4.342551269401505,1
18.61,3.19091643164363,1
18.62,4.501257073317158,1
18.63,4.7814842486058575,1
18.64,3.6846400170633364,1
18.650000000000002,4.847519426165085,1
18.66,3.1008575399248985,1
18.67,4.719649307473011,1
18.68,5.01963054063883,1
18.69,4.307452730398321,1
18.7,3.8901010960057087,1
18.71,4.1713917285142115,1
18.72,3.573008059621152,1
18.73,5.615414252761608,1
18.740000000000002,3.6441651369942685,1
18.75,4.757982990680564,1
18.76,3.493264654810479,1
18.77,4.945495022534664,1
18.78,5.319247193637124,1
18.79,4.307696852011329,1
18.8,4.205936625863447,1
18.81,3.4164213975457187,1
18.82,3.3126005420683633,1
18.830000000000002,4.213951641862687,1
18.84,5.03115582496503,1
18.85,3.781614635483747,1
18.86,5.490749784670225,1
18.87,3.7537209289847167,1
18.88,4.177198925280806,1
18.89,4.183070924998427,1
18.900000000000002,3.9436225323514242,1
18.91,2.6458015410061257,1
18.92,3.471536007157405,1
18.93,4.035923921515901,1
18.94,3.867676286990145,1
18.95,4.329412348867955,1
18.96,4.4395372660201815,1
18.97,3.8104460929814064,1
18.98,3.3210345437665443,1
18.990000000000002,4.941955425751077,1
19.0,3.178537413086366,1
19.01,3.5891810465450926,1
19.02,3.4694118005536283,1
19.03,4.514388009688166,1
19.04,4.957586498688089,1
19.05,4.020192829039387,1
19.06,4.221581904062649,1
19.07,4.351650770816672,1
19.080000000000002,5.23472866110347,1
19.09,2.9452379244360727,1
19.1,4.418103703624251,1
19.11,4.244665017677215,1
19.12,3.728528944483486,1
19.13,4.1334770951309405,1
19.14,4.416478668864722,1
19.150000000000002,4.327926638972161,1
19.16,5.348888748169802,1
19.17,4.1034907807463,1
19.18,3.9805267699263736,1
19.19,3.8592997160025004,1
19.2,4.351829940101319,1
19.21,4.025030827974394,1
19.22,4.0556118639469085,1
19.23,4.07680523143495,1
19.240000000000002,3.9894716174729896,1
19.25,3.6798786936383574,1
19.26,4.323356867039763,1
19.27,3.8946105893810152,1
19.28,4.43498919841794,1
19.29,4.119868586072686,1
19.3,3.7548878643805006,1
19.31,4.975879173272653,1
19.32,3.946629844835033,1
19.330000000000002,4.339003399873449,1
19.34,3.4939697937786818,1
19.35,2.5799747114278775,1
19.36,3.4756284895453997,1
19.37,2.5215428317215127,1
19.38,3.7144695472811198,1
19.39,4.9138688756659885,1
19.400000000000002,3.4689402882238474,1
19.41,2.6263955623855666,1
19.42,4.936533433211579,1
19.43,3.8096680666955938,1
19.44,4.050569805832253,1
19.45,4.589927977886752,1
19.46,4.446129833189948,1
19.47,4.573878259764637,1
19.48,4.661796625620787,1
19.490000000000002,2.9286780727889767,1
19.5,3.0165676505542667,1
19.51,4.676161476220231,1
19.52,3.4878151664070107,1
19.53,3.470936825631605,1
19.54,3.0766861883235785,1
19.55,3.606424330711701,1
19.56,3.6784545654320966,1
19.57,3.31229935659036,1
19.580000000000002,3.2323278563239444,1
19.59,4.138797518979211,1
19.6,3.4857719342865843,1
19.61,3.6004747335105822,1
19.62,2.6030473491879262,1
19.63,5.235643250044861,1
19.64,4.757422526247512,1
19.650000000000002,3.7998357906872595,1
19.66,3.4759249337022373,1
19.67,4.03577675111609,1
19.68,4.034558672179999,1
19.69,3.1960894673883193,1
19.7,2.2954203556184507,1
19.71,3.5316705856703727,1
19.72,2.911998048849585,1
19.73,3.9840161626359683,1
19.740000000000002,4.0423842050658045,1
19.75,3.2956595551587435,1
19.76,3.5396013055557973,1
19.77,5.056132271235597,1
19.78,4.523154221681299,1
19.79,3.716054574824123,1
19.8,5.47153610837117,1
19.81,3.336405887691583,1
19.82,3.4784240308805696,1
19.830000000000002,3.958900639392764,1
19.84,3.076373578924919,1
19.85,5.181621750146207,1
19.86,4.261016170381102,1
19.87,3.5632755749891416,1
19.88,4.307473208419394,1
19.89,4.135113644821008,1
19.900000000000002,3.8089570955792165,1
19.91,3.1796964453582333,1
19.92,2.97338637952954,1
19.93,5.295362976748208,1
19.94,3.127826990367953,1
19.95,4.9739238674377715,1
19.96,3.4390467241311455,1
19.97,4.418782512568175,1
19.98,4.283973872995591,1
19.990000000000002,4.426881355404097,1
20.0,4.50204821095323,1
20.01,3.009213829505994,1
20.02,3.547259511560904,1
20.03,3.1471064468067635,1
20.04,4.143851634155135,1
20.05,3.2254419197544366,1
20.06,2.739450286394486,1
20.07,3.8304411357006445,1
20.080000000000002,2.5996515754837817,1
20.09,4.105755914805979,1
20.1,3.1888756363351556,1
20.11,3.381218707410524,1
20.12,2.4377336935803937,1
20.13,4.914998109968943,1
20.14,3.0335171239779783,1
20.150000000000002,3.6304015616899687,1
20.16,2.7440077115556156,1
20.17,3.3222787118555623,1
20.18,5.052829862286646,1
20.19,4.23428131773231,1
20.2,3.5460274246588463,1
20.21,3.9753102622742627,1
20.22,3.6803512129304443,1
20.23,3.9827559157997228,1
20.240000000000002,4.553810150941883,1
20.25,3.893837578262074,1
20.26,4.207651611957227,1
20.27,4.226060509249306,1
20.28,3.845090432880099,1
20.29,3.5351153327622646,1
20.3,3.6298694751428187,1
20.31,4.406722438141785,1
20.32,4.4865184129962055,1
20.330000000000002,3.2290572187427267,1
20.34,3.712204758880546,1
20.35,3.4187798547384167,1
20.36,4.412874561083859,1
20.37,3.6588860141647923,1
20.38,5.364416701040499,1
20.39,4.201343145350455,1
20.400000000000002,4.780477382800011,1
20.41,3.413241130075796,1
20.42,4.0179396760406405,1
20.43,4.462767312316177,1
20.44,3.4295321725964354,1
20.45,4.054405799322106,1
20.46,4.7570254555198614,1
20.47,3.893118772388883,1
20.48,3.4840849859253167,1
20.490000000000002,5.160757371047395,1
20.5,3.307899892696419,1
20.51,4.034898985975637,1
20.52,3.497004211105554,1
20.53,3.3000750913955286,1
20.54,4.367011848349662,1
20.55,3.813228133434958,1
20.56,4.180860053891247,1
20.57,2.487491495676524,1
20.580000000000002,4.192548628519748,1
20.59,3.522109442064791,1
20.6,2.753756318627186,1
20.61,5.17282031578904,1
20.62,4.505863729944278,1
20.63,4.239715978049678,1
20.64,4.897243312678771,1
20.650000000000002,4.2898996431650795,1
20.66,3.570514614149702,1
20.67,3.920863114984752,1
20.68,3.5982476910123853,1
20.69,3.6731514121703785,1
20.7,3.162871260388966,1
20.71,3.2956734891512087,1
20.72,4.49263385820211,1
20.73,4.183118197805573,1
20.740000000000002,3.612416423892009,1
20.75,3.234293226562601,1
20.76,3.6197397781833334,1
20.77,2.8244976070527064,1
20.78,3.9684919160546928,1
20.79,4.58965878890796,1
20.8,5.572623183014886,1
20.81,3.4032525573968724,1
20.82,4.596147879639439,1
20.830000000000002,3.6388096068423295,1
20.84,3.318354711875527,1
20.85,3.3020744293629614,1
20.86,4.120722399980928,1
20.87,3.4634737873036188,1
20.88,3.617208864221675,1
20.89,3.713187391349253,1
20.900000000000002,3.5011954089381776,1
20.91,3.4181219868536887,1
20.92,2.3434386144058057,1
20.93,3.8951241380216435,1
20.94,3.965413429734265,1
20.95,3.405149459327203,1
20.96,4.126852192242856,1
20.97,4.853808883695666,1
20.98,4.023388272474855,1
20.990000000000002,4.842613057570937,1
21.0,5.504204837953348,1
21.01,5.75685131441943,1
21.02,3.379988650935141,1
21.03,3.257093786953255,1
21.04,3.7392678210013233,1
21.05,4.143305146233661,1
21.06,5.109348573377464,1
21.07,4.533689462478309,1
21.080000000000002,3.2944333873608898,1
21.09,3.582704962477448,1
21.1,3.946228065547388,1
21.11,3.0058422266770846,1
21.12,3.903679485877649,1
21.13,3.161229367947018,1
21.14,2.8064368706053675,1
21.150000000000002,3.2385198236107327,1
21.16,4.149709025572846,1
21.17,4.211028223720444,1
21.18,4.032234013616956,1
21.19,4.6234216957938346,1
21.2,4.613480618973866,1
21.21,4.1941387272620725,1
21.22,4.100258327972106,1
21.23,4.151969142106495,1
21.240000000000002,3.9855229219092787,1
21.25,2.663789806431941,1
21.26,4.727847343731377,1
21.27,4.361751448566528,1
21.28,3.2756561719518453,1
21.29,4.904848111535351,1
21.3,3.6700115895962027,1
21.31,3.8855556875162707,1
21.32,4.6117192765435675,1
21.330000000000002,4.117635953932599,1
21.34,4.801287416328096,1
21.35,3.744188672065726,1
21.36,5.010648929677278,1
21.37,3.495821612514549,1
21.38,4.781521264107066,1
21.39,2.5553228604719136,1
21.400000000000002,3.2009662051264223,1
21.41,4.170108387169219,1
21.42,3.795925458425873,1
21.43,4.001156449645455,1
21.44,4.099294949299673,1
21.45,3.308700542731461,1
21.46,3.3057591190435205,1
21.47,4.169109339477285,1
21.48,3.620949992762925,1
21.490000000000002,4.869258573958353,1
21.5,3.926131362490043,1
21.51,4.437193133053954,1
21.52,4.2680270308052926,1
21.53,3.5641309369485743,1
21.54,2.6167519786961915,1
21.55,4.610394447559288,1
21.56,3.3301946019674022,1
21.57,3.6376854746342326,1
21.580000000000002,3.8372506476296637,1
21.59,3.9352372665981594,1
21.6,4.6217441418142045,1
21.61,4.0658048254174055,1
21.62,3.9668568080982722,1
21.63,4.720715102741126,1
21.64,4.505164790718392,1
21.650000000000002,3.6284854196522827,1
21.66,3.3046860330469934,1
21.67,3.4839971940322614,1
21.68,3.9802441716596157,1
21.69,3.212238884156462,1
21.7,4.010134255331457,1
21.71,3.8920590927198764,1
21.72,2.2983240653212405,1
21.73,2.92363229084822,1
21.740000000000002,1.990858411287687,1
21.75,3.5808823156413263,1
21.76,4.600419558168067,1
21.77,2.7491552784524145,1
21.78,3.023871815690159,1
21.79,3.813294450906577,1
21.8,3.300087193069153,1
21.81,3.2893407670207466,1
21.82,4.354301917212529,1
21.830000000000002,3.762055616134539,1
21.84,3.0932944363538533,1
21.85,2.6664620962880807,1
21.86,5.424151130882709,1
21.87,4.877684929743786,1
21.88,3.802767846897481,1
21.89,4.067070882179362,1
21.900000000000002,3.6855678776886296,1
21.91,4.287611815269969,1
21.92,3.417478163209867,1
21.93,3.550722194400193,1
21.94,4.196319338674596,1
21.95,4.8796501006611575,1
21.96,4.462546058487127,1
21.97,4.768195514779419,1
21.98,3.800246780747939,1
21.990000000000002,3.5618876311009804,1
22.0,2.7175187497661693,1
22.01,3.9946168685676877,1
22.02,4.2911532362228675,1
22.03,3.884717000078274,1
22.04,3.5613379576639943,1
22.05,4.855871348389157,1
22.06,4.532569704890341,1
22.07,4.943909622726311,1
22.080000000000002,3.4810643976848885,1
22.09,3.5312410529878804,1
22.1,4.751047403113923,1
22.11,3.98962132882531,1
22.12,3.584586520686468,1
22.13,3.5890753949723906,1
22.14,3.8959539178848552,1
22.150000000000002,4.5690664750062515,1
22.16,3.858714082699132,1
22.17,4.444287138961592,1
22.18,4.286765919641654,1
22.19,3.4254141719584554,1
22.2,3.396603551452706,1
22.21,3.696371574780337,1
22.22,3.159942867852305,1
22.23,3.6779083909667203,1
22.240000000000002,5.034835150446021,1
22.25,4.117158079267328,1
22.26,3.5810173312527973,1
22.27,5.2780079096692205,1
22.28,3.5160085593405057,1
22.29,3.368762993237112,1
22.3,4.758368395963822,1
22.31,4.449863043194104,1
22.32,3.8970662958955975,1
22.330000000000002,4.47169056141428,1
22.34,4.1511381756489225,1
22.35,3.1639973880273238,1
22.36,2.322932965737262,1
22.37,3.471109733382433,1
22.38,4.629057682181571,1
22.39,3.737839675162924,1
22.400000000000002,4.284278041931337,1
22.41,4.161477540966846,1
22.42,2.956436181386663,1
22.43,3.735604871981405,1
22.44,4.289188829441462,1
22.45,3.5820629838897022,1
22.46,3.8109830503539324,1
22.47,4.302992123804509,1
22.48,4.108443511765246,1
22.490000000000002,4.707671943864337,1
22.5,4.289913828912401,1
22.51,3.3724903240474156,1
22.52,3.606963750197424,1
22.53,3.927686651356843,1
22.54,4.791862401551776,1
22.55,3.664839680197288,1
22.56,2.7844650711345764,1
22.57,4.152764175234599,1
22.580000000000002,3.4757722975109866,1
22.59,3.112705648195783,1
22.6,3.960445559441249,1
22.61,4.653572778873188,1
22.62,3.712403600180928,1
22.63,4.366835717734917,1
22.64,4.5366567054360285,1
22.650000000000002,4.621374814767799,1
22.66,3.6334475400136643,1
22.67,3.3107726516527807,1
22.68,3.3628495794350126,1
22.69,4.496878227219385,1
22.7,4.461353408572409,1
22.71,3.381932830409805,1
22.72,5.301097605101246,1
22.73,3.3177897689823306,1
22.740000000000002,4.535347374150361,1
22.75,4.9426888375521765,1
22.76,4.0564907206629295,1
22.77,3.4438140455188773,1
22.78,3.4382443925077095,1
22.79,3.77434296498889,1
22.8,4.689244106195986,1
22.81,3.2875618481163116,1
22.82,2.809748624400688,1
22.830000000000002,4.225396665402423,1
22.84,4.463092227511084,1
22.85,5.380096002528887,1
22.86,3.257201718940872,1
22.87,3.9281219595762256,1
22.88,4.792660611645775,1
22.89,4.1478784997459535,1
22.900000000000002,3.8805828255417034,1
22.91,4.480627160284247,1
22.92,3.594397181655713,1
22.93,4.466183838992441,1
22.94,3.142421707003523,1
22.95,2.8872591045053966,1
22.96,3.6844391992637355,1
22.97,2.2577734552655073,1
22.98,3.9072824446443417,1
22.990000000000002,2.8484010080309714,1
23.0,4.115629950488627,1
23.01,4.151990608171631,1
23.02,4.010563011778877,1
23.03,4.345688346437102,1
23.04,4.225431768669873,1
23.05,3.8988535624687883,1
23.06,5.253226062666049,1
23.07,4.390541214426054,1
23.080000000000002,4.5674083214802845,1
23.09,4.7521896879180705,1
23.1,4.4771627564754,1
23.11,5.342334112542733,1
23.12,4.142710580100094,1
23.13,3.9421459217917247,1
23.14,3.50286634307871,1
23.150000000000002,3.728459103948019,1
23.16,3.4379833591643623,1
23.17,4.345517404400247,1
23.18,3.385654317307972,1
23.19,3.989117764451154,1
23.2,4.3638805945576,1
23.21,4.144088683986408,1
23.22,3.4728893560338574,1
23.23,4.4837690429387616,1
23.240000000000002,4.045856509242392,1
23.25,2.214287482302561,1
23.26,3.3261147301779252,1
23.27,4.928818322973703,1
23.28,5.061939612608162,1
23.29,4.426972548527548,1
23.3,4.532861718544418,1
23.31,3.502270680725199,1
23.32,3.755807473448915,1
23.330000000000002,4.72499006625634,1
23.34,4.247644301778469,1
23.35,3.981564120788331,1
23.36,3.8064025361226794,1
23.37,4.690259293506565,1
23.38,4.726282957556576,1
23.39,4.443202823827178,1
23.400000000000002,4.07107663221544,1
23.41,3.797512023165156,1
23.42,4.483037620683396,1
23.43,3.3759312452695385,1
23.44,3.454334303918652,1
23.45,3.1011849100946156,1
23.46,4.818808449721077,1
23.47,3.641695429752194,1
23.48,4.283773210485904,1
23.490000000000002,3.957461029256773,1
23.5,5.875971546530284,1
23.51,4.374557982817968,1
23.52,2.7687231159092103,1
23.53,4.626880138601321,1
23.54,3.714216817274618,1
23.55,3.7770503065347625,1
23.56,3.4789930749126325,1
23.57,4.035502360339589,1
23.580000000000002,4.0774104095944805,1
23.59,3.5639403579765796,1
23.6,3.6456208298658805,1
23.61,4.069175984226928,1
23.62,2.529658098618378,1
23.63,3.0383941931043874,1
23.64,5.098044101354033,1
23.650000000000002,4.35401729228812,1
23.66,3.7519494147001997,1
23.67,2.944805618764975,1
23.68,3.9432883178419798,1
23.69,4.657718435041031,1
23.7,5.750373137311824,1
23.71,5.307922002988961,1
23.72,3.4574647215995764,1
23.73,3.583858806027677,1
23.740000000000002,2.948078995360648,1
23.75,3.3153596419838935,1
23.76,3.7495382522133722,1
23.77,3.68660689663278,1
23.78,5.271119613353114,1
23.79,3.2009255290449596,1
23.8,3.924280229419238,1
23.81,2.6813457524872457,1
23.82,4.181111799806914,1
23.830000000000002,3.202229437501159,1
23.84,4.739750870488555,1
23.85,3.9309939577891053,1
23.86,3.1574961849337195,1
23.87,2.6453122987461914,1
23.88,3.3268899471649287,1
23.89,4.136830637986744,1
23.900000000000002,4.2802168117361195,1
23.91,3.668690659631579,1
23.92,4.535265820035108,1
23.93,3.2333130957608147,1
23.94,1.9826363961546796,1
23.95,3.986852242192999,1
23.96,4.7649781184496725,1
23.97,4.828787695647882,1
23.98,3.1632338647083693,1
23.990000000000002,3.5744813354103333,1
24.0,4.445587538953026,1
24.01,3.644572017394319,1
24.02,4.092590607592211,1
24.03,3.602608484968152,1
24.04,3.3415307905208844,1
24.05,3.454333605495064,1
24.060000000000002,4.658646706381666,1
24.07,4.1086177472906975,1
24.080000000000002,4.874890225186988,1
24.09,4.412057414365872,1
24.1,5.06556130477108,1
24.11,4.5699986413938145,1
24.12,4.481342689733806,1
24.13,3.888804534875893,1
24.14,5.873587360979222,1
24.150000000000002,4.110102180065826,1
24.16,2.6549074066740626,1
24.17,4.033046074887903,1
24.18,3.321503585922897,1
24.19,4.597263225821487,1
24.2,4.5082499966689555,1
24.21,3.930956759892018,1
24.22,3.4653062569296433,1
24.23,4.124823615558578,1
24.240000000000002,3.663639601549572,1
24.25,4.566403338398517,1
24.26,4.466027810948773,1
24.27,5.9930580639860205,1
24.28,3.8739198258878607,1
24.29,3.817463849446177,1
24.3,3.8871416121461824,1
24.310000000000002,3.896496510056266,1
24.32,4.614648795845289,1
24.330000000000002,3.7956778840429894,1
24.34,5.19527778153252,1
24.35,4.37407868337167,1
24.36,3.636000592085415,1
24.37,3.4370620914071703,1
24.38,4.598432194107495,1
24.39,4.032510641370278,1
24.400000000000002,4.009312345176763,1
24.41,3.636968806286435,1
24.42,3.9838899306549647,1
24.43,3.6463609843651894,1
24.44,4.934500706466666,1
24.45,4.596754353271131,1
24.46,3.99369470085995,1
24.47,3.9368455938660967,1
24.48,4.099155542586515,1
24.490000000000002,4.024254655551173,1
24.5,3.3790841060105703,1
24.51,2.7047464142166158,1
24.52,3.3591739643298437,1
24.53,3.816264579625664,1
24.54,3.438047099711891,1
24.55,4.422458127203065,1
24.560000000000002,3.8053817788956543,1
24.57,5.143795384715624,1
24.580000000000002,3.661174457225831,1
24.59,4.049071609153982,1
24.6,3.817005709586767,1
24.61,4.299082435403553,1
24.62,4.754974665501247,1
24.63,4.501868763174345,1
24.64,2.7846739642897367,1
24.650000000000002,4.326840047998427,1
24.66,3.435007925502335,1
24.67,3.8252695545454922,1
24.68,4.479912441005664,1
24.69,3.3241614478278234,1
24.7,4.70797893158402,1
24.71,3.7884703759258853,1
24.72,5.35033568949449,1
24.73,4.0636803122922265,1
24.740000000000002,5.038095311756163,1
24.75,4.763939737806238,1
24.76,3.5780491972298947,1
24.77,3.0699520419046817,1
24.78,3.9747823048301707,1
24.79,3.598551227990108,1
24.8,5.002363624891426,1
24.810000000000002,3.924693801098797,1
24.82,3.8461103831666303,1
24.830000000000002,3.1469672875818233,1
24.84,4.293019409350177,1
24.85,3.331146688773935,1
24.86,4.3182191980878875,1
24.87,4.455629743122179,1
24.88,3.584066411127437,1
24.89,4.617600722553006,1
24.900000000000002,3.8572256204708544,1
24.91,3.0121266824792245,1
24.92,4.897815217230972,1
24.93,3.3927944842870352,1
24.94,4.220368473707991,1
24.95,4.214054959126317,1
24.96,4.194073057675512,1
24.97,4.192762869824685,1
24.98,3.3389404128004765,1
24.990000000000002,5.035833012167905,1
25.0,4.684075389680831,1
25.01,4.373996440730853,1
25.02,3.2031057603208417,1
25.03,3.3792929392766817,1
25.04,4.461535705631161,1
25.05,2.8030788225531262,1
25.060000000000002,4.219230118803317,1
25.07,3.2096040582102394,1
25.080000000000002,3.4325116395878874,1
25.09,3.072309181366066,1
25.1,4.102536235443416,1
25.11,4.705758437720931,1
25.12,4.222609810504669,1
25.13,4.2485119324555765,1
25.14,4.05168606962911,1
25.150000000000002,4.3706175459409975,1
25.16,4.25401119781822,1
25.17,2.1934500865423288,1
25.18,4.436505511116458,1
25.19,4.524100922672145,1
25.2,3.797850285220914,1
25.21,2.7316699080984845,1
25.22,4.126763899362907,1
25.23,4.281452809254273,1
25.240000000000002,3.8032899749618014,1
25.25,4.184768512417876,1
25.26,4.7778116159436586,1
25.27,5.662406472564973,1
25.28,4.2381992820936585,1
25.29,4.252844808891609,1
25.3,3.4791893400885745,1
25.310000000000002,3.6187123285826424,1
25.32,3.8433148047519614,1
25.330000000000002,4.692836448474231,1
25.34,4.5007324441032575,1
25.35,5.206429312842882,1
25.36,3.0341993599524537,1
25.37,3.023018108726787,1
25.38,4.613304856195402,1
25.39,4.954960850594522,1
25.400000000000002,4.080275416845576,1
25.41,1.132124840551353,1
25.42,3.391043787277392,1
25.43,4.2430406099875775,1
25.44,3.5032184970391054,1
25.45,4.1657432476605045,1
25.46,5.31306684526932,1
25.47,5.064256551898719,1
25.48,4.631827633987661,1
25.490000000000002,4.017993090777213,1
25.5,3.678641349691297,1
25.51,4.447648107971352,1
25.52,3.997796133460797,1
25.53,3.976705746084435,1
25.54,2.919927515305705,1
25.55,3.3961527280548016,1
25.560000000000002,4.380313476251483,1
25.57,3.248258483535457,1
25.580000000000002,4.084154426893629,1
25.59,4.2507935475804155,1
25.6,4.322056539184098,1
25.61,4.407560392377858,1
25.62,4.477279995023925,1
25.63,3.6858017761696,1
25.64,3.101092583988833,1
25.650000000000002,3.4547254236366474,1
25.66,4.512162046915991,1
25.67,3.31174198240696,1
25.68,3.3266657278652207,1
25.69,3.302731425576273,1
25.7,2.758958945808363,1
25.71,3.156606544295748,1
25.72,4.552943328000769,1
25.73,3.506218955834415,1
25.740000000000002,2.763410198456589,1
25.75,3.51840034053432,1
25.76,4.231077310640642,1
25.77,2.7658499886087875,1
25.78,4.501346783344872,1
25.79,3.0732307543224606,1
25.8,3.689275894544174,1
25.810000000000002,3.741183692582926,1
25.82,3.6657319679621665,1
25.830000000000002,3.9997986907502474,1
25.84,4.577341654343264,1
25.85,4.083602181026993,1
25.86,3.6833220502118675,1
25.87,4.337896675960925,1
25.88,4.197892045567756,1
25.89,3.5993802245448268,1
25.900000000000002,4.001925918966928,1
25.91,3.4872526028777076,1
25.92,3.3619792716839774,1
25.93,4.42264591769949,1
25.94,4.2431573263009215,1
25.95,4.438999116913575,1
25.96,4.367145181116487,1
25.97,3.3862188866704757,1
25.98,4.5696942930230815,1
25.990000000000002,3.8191855598238216,1
26.0,4.59353783520131,1
26.01,3.9791543515998717,1
26.02,4.247478075659485,1
26.03,4.299444889946224,1
26.04,4.617795881266633,1
26.05,3.0519618461857676,1
26.060000000000002,2.9915897670789344,1
26.07,4.435477126313189,1
26.080000000000002,4.300486448424182,1
26.09,3.536669127216458,1
26.1,4.207091031187967,1
26.11,3.0741787644563443,1
26.12,6.016876707096176,1
26.13,4.910098091426122,1
26.14,4.386172635470613,1
26.150000000000002,3.9968066030306737,1
26.16,3.5270752102632197,1
26.17,3.0613814687842718,1
26.18,3.826691934194143,1
26.19,3.4098639394158075,1
26.2,3.4460764487170006,1
26.21,3.0722532304242187,1
26.22,4.1518633470508295,1
26.23,3.8264074924692997,1
26.240000000000002,4.408955614726211,1
26.25,4.396551193699023,1
26.26,4.243960886797976,1
26.27,5.800315758670291,1
26.28,4.685602463570667,1
26.29,3.245144423233941,1
26.3,4.250866869404992,1
26.310000000000002,3.9552817285984134,1
26.32,3.0813535000163346,1
26.330000000000002,2.960584657761926,1
26.34,4.159485010469996,1
26.35,4.386723203119008,1
26.36,3.273076915942174,1
26.37,4.525700792380125,1
26.38,4.173263216461959,1
26.39,4.764403837936305,1
26.400000000000002,4.754324765463425,1
26.41,3.9671823887919273,1
26.42,5.10479492942643,1
26.43,3.3988286291814114,1
26.44,5.587023219607761,1
26.45,3.6004747358593145,1
26.46,4.016167443698807,1
26.47,3.6931181494315446,1
26.48,3.7802537283869695,1
26.490000000000002,5.905601452835334,1
26.5,3.8126262301080955,1
26.51,4.516259961617362,1
26.52,3.8326998364831355,1
26.53,4.535723027112673,1
26.54,3.6068756956251975,1
26.55,4.067163529150946,1
26.560000000000002,4.340662945527542,1
26.57,3.4919513246302327,1
26.580000000000002,5.715669943158524,1
26.59,4.522854465007418,1
26.6,3.88623805343062,1
26.61,3.5655097067000607,1
26.62,4.078982673673705,1
26.63,3.277664244288981,1
26.64,5.185265850289015,1
26.650000000000002,4.426360809956654,1
26.66,4.03977826259895,1
26.67,4.741203691868282,1
26.68,3.6194720877826825,1
26.69,3.2490482765636868,1
26.7,3.869025511368403,1
26.71,4.050174182671713,1
26.72,4.301730601058278,1
26.73,2.9983520025308814,1
26.740000000000002,3.571628312968337,1
26.75,1.8982215610507724,1
26.76,3.0354664070601918,1
26.77,4.346054082533506,1
26.78,4.6011650679333425,1
26.79,3.273204315790073,1
26.8,3.747262713369707,1
26.810000000000002,4.026171136971954,1
26.82,4.746618870915602,1
26.830000000000002,5.09881813179447,1
26.84,4.2374545258082135,1
26.85,3.9205865705532816,1
26.86,3.129809514355496,1
26.87,4.078063306591162,1
26.88,5.394093114812726,1
26.89,4.942659848379887,1
26.900000000000002,4.168529433233494,1
26.91,4.18223071002976,1
26.92,3.518664959506134,1
26.93,3.6774999739545686,1
26.94,4.004215376098732,1
26.95,4.022553913968839,1
26.96,4.585872526260235,1
26.97,4.599223317653395,1
26.98,4.330572655307432,1
26.990000000000002,3.3496594081773936,1
27.0,3.3386687574179588,1
27.01,3.408951798966752,1
27.02,4.162889027344079,1
27.03,2.756937579587633,1
27.04,3.993546045858222,1
27.05,4.9890158592134695,1
27.060000000000002,4.56328150550369,1
27.07,3.866390952774493,1
27.080000000000002,3.5820746722630035,1
27.09,4.51959586894764,1
27.1,4.228270050861846,1
27.11,3.8290823352539767,1
27.12,3.5620251177126505,1
27.13,3.961381011346176,1
27.14,3.728862597045864,1
27.150000000000002,4.417224996008277,1
27.16,4.759055413691878,1
27.17,3.0982757730619466,1
27.18,3.1074097876460964,1
27.19,4.799202471087869,1
27.2,4.1570235594845695,1
27.21,3.2998950842292563,1
27.22,4.64149534638197,1
27.23,4.322084894039281,1
27.240000000000002,5.521055956879458,1
27.25,4.014027747094013,1
27.26,4.791485430975857,1
27.27,3.1675996933628046,1
27.28,4.8989786029157845,1
27.29,4.68843708108895,1
27.3,5.080769996335162,1
27.310000000000002,4.760701496088491,1
27.32,3.935837221199095,1
27.330000000000002,3.1743894298099518,1
27.34,3.4876327778201963,1
27.35,2.7511376900586444,1
27.36,3.2562777931530675,1
27.37,4.171531549283316,1
27.38,3.9361689043529453,1
27.39,3.8291983891653634,1
27.400000000000002,3.4766470566127152,1
27.41,2.843336402434718,1
27.42,4.094280517038787,1
27.43,4.313566929064783,1
27.44,3.4476601168094656,1
27.45,3.6961830479659925,1
27.46,5.053636326402335,1
27.47,4.87569030191909,1
27.48,3.132543334257935,1
27.490000000000002,3.914938052550434,1
27.5,4.937430362141338,1
27.51,3.891104254797888,1
27.52,3.77342859145134,1
27.53,4.633505526779233,1
27.54,4.606248188380206,1
27.55,4.567791845513128,1
27.560000000000002,3.7927997009881524,1
27.57,4.357512626106897,1
27.580000000000002,4.948145373969024,1
27.59,4.00262923293353,1
27.6,3.73989719650874,1
27.61,4.807221924157818,1
27.62,5.42111340363982,1
27.63,5.5194431820434255,1
27.64,3.920373929326295,1
27.650000000000002,3.892852118485263,1
27.66,3.3971053374667513,1
27.67,4.100578373636479,1
27.68,3.352254787818719,1
27.69,3.64134025717049,1
27.7,4.431910441177339,1
27.71,4.2542218985543485,1
27.72,2.794865381000661,1
27.73,4.8846430279095845,1
27.740000000000002,3.2756028173891205,1
27.75,3.2576194961800344,1
27.76,3.080324095676438,1
27.77,3.4556033864959,1
27.78,3.342322727950364,1
27.79,3.372579304021186,1
27.8,2.364947004049142,1
27.810000000000002,4.010918832518861,1
27.82,4.196765266589825,1
27.830000000000002,5.5299419624570465,1
27.84,4.4795498739524175,1
27.85,3.7820065913468,1
27.86,3.279146283935352,1
27.87,3.954438111458352,1
27.88,4.331550224264845,1
27.89,3.7152058501044043,1
27.900000000000002,4.021018033443217,1
27.91,5.207597977786568,1
27.92,3.7776945715276216,1
27.93,2.7005670910955795,1
27.94,4.416576296557378,1
27.95,4.15350050118225,1
27.96,2.8290820249179687,1
27.97,4.1470562292293,1
27.98,3.318241081202247,1
27.990000000000002,4.223537223308386,1
28.0,5.252383285676861,1
28.01,3.985041530173592,1
28.02,4.747499739749215,1
28.03,3.3096718442126605,1
28.04,3.044938428499856,1
28.05,5.3270595899128015,1
28.060000000000002,4.350627387230178,1
28.07,4.494283817806388,1
28.080000000000002,4.82026198316599,1
28.09,3.7286541830794184,1
28.1,4.517595346701593,1
28.11,4.443349309561418,1
28.12,3.1409545739842493,1
28.13,4.868225947656248,1
28.14,4.827821247105029,1
28.150000000000002,3.141321444092568,1
28.16,4.007146405873495,1
28.17,3.7903412741453484,1
28.18,4.864519877378275,1
28.19,3.1147253024279173,1
28.2,6.285717939690746,1
28.21,4.048654056381183,1
28.22,4.527583380181039,1
28.23,4.9938040722316925,1
28.240000000000002,4.004659436995072,1
28.25,4.001136872562861,1
28.26,3.745101495257189,1
28.27,3.4703466498619617,1
28.28,4.187750421680337,1
28.29,3.9454000782346803,1
28.3,3.6647439993602244,1
28.310000000000002,3.662564817730633,1
28.32,4.308091294474444,1
28.330000000000002,3.43910318393047,1
28.34,3.73390706115234,1
28.35,4.491680910757943,1
28.36,4.118623374288858,1
28.37,3.265976682573827,1
28.38,3.8973308219905123,1
28.39,4.255492136412667,1
28.400000000000002,4.658681242014658,1
28.41,3.5741306905754913,1
28.42,3.6575971292575726,1
28.43,3.590315895937166,1
28.44,3.628788003474516,1
28.45,4.315940991376671,1
28.46,4.475962735802229,1
28.47,4.770570657109493,1
28.48,4.030216857961717,1
28.490000000000002,3.111898791541856,1
28.5,4.379602266500588,1
28.51,4.101311801420619,1
28.52,3.9994491034776587,1
28.53,3.1053576244106225,1
28.54,3.7470562409381616,1
28.55,3.134910670038603,1
28.560000000000002,4.1895229539272565,1
28.57,3.672287399815016,1
28.580000000000002,3.600108751041953,1
28.59,2.956755564175688,1
28.6,4.605298145067538,1
28.61,3.8932750313332485,1
28.62,4.095571681952651,1
28.63,3.590427031580356,1
28.64,2.9766859866583633,1
28.650000000000002,3.669102018355898,1
28.66,3.8103638681567324,1
28.67,4.238729295898909,1
28.68,3.827107991730712,1
28.69,3.545440936991429,1
28.7,2.9958330594708693,1
28.71,3.9464666543398246,1
28.72,3.4344171504167322,1
28.73,4.761142548670829,1
28.740000000000002,4.0708868130759726,1
28.75,4.293526872799277,1
28.76,3.7849058031630243,1
28.77,4.057534537997604,1
28.78,3.382390654953541,1
28.79,3.1765809712016653,1
28.8,3.9618956207993925,1
28.810000000000002,4.392521712736107,1
28.82,2.806591843241711,1
28.830000000000002,3.6664627094992217,1
28.84,5.247411146307774,1
28.85,4.461216304313278,1
28.86,5.096626753539517,1
28.87,3.7145671762689765,1
28.88,3.728911054729838,1
28.89,4.6328792140552455,1
28.900000000000002,4.441047525699008,1
28.91,3.940502047073402,1
28.92,3.1317337835138366,1
28.93,4.636603074960769,1
28.94,5.59470362568858,1
28.95,3.000375008028081,1
28.96,4.779446711432615,1
28.97,3.6827631780345174,1
28.98,3.72146213899456,1
28.990000000000002,4.136337642257577,1
29.0,3.2274851426101607,1
29.01,3.9542739700506773,1
29.02,2.9973679851974806,1
29.03,4.3106381690743705,1
29.04,5.540143043414062,1
29.05,3.752896969854128,1
29.060000000000002,3.946972777318342,1
29.07,3.979453755967089,1
29.080000000000002,4.6819561411822015,1
29.09,4.325964451183648,1
29.1,4.615221716521949,1
29.11,3.683731804929463,1
29.12,4.216796489710793,1
29.13,1.765977958040062,1
29.14,4.226826474229382,1
29.150000000000002,3.148035501133482,1
29.16,3.6650452162094784,1
29.17,4.403286915357261,1
29.18,2.9843981306329246,1
29.19,4.6240194307270786,1
29.2,3.9582718878372605,1
29.21,4.965041060896928,1
29.22,3.5176505789670283,1
29.23,2.8567698781981647,1
29.240000000000002,3.9848259656456038,1
29.25,4.4554364324554925,1
29.26,4.53393401348802,1
29.27,3.35545475967346,1
29.28,2.950357863129799,1
29.29,3.7562766276106925,1
29.3,4.3189771256273195,1
29.310000000000002,4.296633214463362,1
29.32,4.992299526715063,1
29.330000000000002,3.7553294368860204,1
29.34,2.716096316649878,1
29.35,4.623962673066132,1
29.36,4.092801608823362,1
29.37,4.1285034925479955,1
29.38,4.462281120849585,1
29.39,4.825725414633671,1
29.400000000000002,4.036090774418619,1
29.41,4.790267561123428,1
29.42,4.451197582092551,1
29.43,3.663611013885826,1
29.44,3.9006860287098544,1
29.45,4.469637464542957,1
29.46,3.6395567451308386,1
29.47,4.6136900170934085,1
29.48,4.182594973622971,1
29.490000000000002,4.280460648262547,1
29.5,4.9499859068132,1
29.51,4.263628705894278,1
29.52,4.016612261586792,1
29.53,3.885510959960317,1
29.54,3.8335600847020515,1
29.55,4.117207543392069,1
29.560000000000002,4.820311344915193,1
29.57,3.5921242467930936,1
29.580000000000002,3.4863458261116196,1
29.59,4.781051838840875,1
29.6,3.6810138701432495,1
29.61,4.1457907959358105,1
29.62,3.67031166155702,1
29.63,2.9524205606045997,1
29.64,4.1379607164228185,1
29.650000000000002,4.8072657799978264,1
29.66,4.079457484076453,1
29.67,3.1035807747199637,1
29.68,4.060122536435674,1
29.69,3.5350242004832175,1
29.7,2.271007450608709,1
29.71,3.819059387644856,1
29.72,4.27949251406378,1
29.73,4.7189989635200424,1
29.740000000000002,5.11083690570473,1
29.75,4.413561194507355,1
29.76,4.559254707272441,1
29.77,3.139935748278087,1
29.78,4.957544130240032,1
29.79,4.857852627146634,1
29.8,3.8147592863609727,1
29.810000000000002,4.455887736739125,1
29.82,4.449906659313065,1
29.830000000000002,5.0428114710204355,1
29.84,4.036726831584879,1
29.85,3.593461203498545,1
29.86,3.728967068225279,1
29.87,4.625761504221481,1
29.88,2.8350177359217095,1
29.89,2.0074130565217327,1
29.900000000000002,4.459176141666345,1
29.91,4.181130948365677,1
29.92,3.977307865308162,1
29.93,3.089662040162466,1
29.94,2.763752510478932,1
29.95,3.438689386025349,1
29.96,4.129715091629896,1
29.97,3.567571356024774,1
29.98,4.514925806158709,1
29.990000000000002,3.3899742415844,1
30.0,3.627915620106876,1
30.01,4.458653495260708,1
30.02,3.8285053757878824,1
30.03,3.8392161834515233,1
30.04,3.6450402761725034,1
30.05,3.51629659888634,1
30.060000000000002,4.272062836143695,1
30.07,4.3903227033330605,1
30.080000000000002,4.213939381927963,1
30.09,3.6349385944753196,1
30.1,3.8458792572284612,1
30.11,5.001520077859795,1
30.12,3.0925116375980686,1
30.13,5.107271557971312,1
30.14,4.05893617630968,1
30.150000000000002,3.8112300262636127,1
30.16,4.5359687421183965,1
30.17,2.6306997734264876,1
30.18,4.770293741271096,1
30.19,5.229663924019482,1
30.2,4.781171404905425,1
30.21,2.7075680456341367,1
30.22,4.463807807474965,1
30.23,5.157699966823408,1
30.240000000000002,5.142643306241411,1
30.25,3.2303844662112566,1
30.26,4.684549320170776,1
30.27,5.266247297770587,1
30.28,4.1382325876223485,1
30.29,3.0876393436677323,1
30.3,4.481428866639429,1
30.310000000000002,4.6879379265342545,1
30.32,3.9054144505727284,1
30.330000000000002,3.159849032921034,1
30.34,4.514456730753291,1
30.35,3.456607029858272,1
30.36,4.153921957907166,1
30.37,4.960062461616516,1
30.38,2.9381879897067833,1
30.39,4.503374846245861,1
30.400000000000002,3.897649371538674,1
30.41,3.9013672421656955,1
30.42,4.373324962806033,1
30.43,3.5838032007376697,1
30.44,3.2848430046887667,1
30.45,2.874888297212931,1
30.46,4.802981118502776,1
30.47,3.867183483594567,1
30.48,4.404964384145951,1
30.490000000000002,3.731495003902461,1
30.5,3.2286225767971524,1
30.51,4.352235297640285,1
30.52,4.188386189990284,1
30.53,3.7956961528836057,1
30.54,4.1114194338150725,1
30.55,3.308060055894171,1
30.560000000000002,4.575346914948405,1
30.57,4.812907576598761,1
30.580000000000002,4.498293700015918,1
30.59,3.766642503996874,1
30.6,4.025987750002335,1
30.61,5.044187122228354,1
30.62,4.9394484914149315,1
30.63,5.4119468784868054,1
30.64,3.6504948282137186,1
30.650000000000002,3.489845700181891,1
30.66,4.127858595259255,1
30.67,4.331833548959689,1
30.68,3.9707282226831837,1
30.69,3.767305147465513,1
30.7,4.806877706775189,1
30.71,3.9648216962600693,1
30.72,3.163885420803392,1
30.73,3.1744230246944984,1
30.740000000000002,4.03856662719935,1
30.75,5.875086913198296,1
30.76,3.4080001437568406,1
30.77,3.7000243105370383,1
30.78,5.499168865529913,1
30.79,3.7538347865192927,1
30.8,4.282229545940788,1
30.810000000000002,5.258800307547705,1
30.82,3.503720648246981,1
30.830000000000002,3.831466245618072,1
30.84,3.7478185767050616,1
30.85,3.07544959619741,1
30.86,5.034061548092984,1
30.87,3.742372701770802,1
30.88,3.459148343224415,1
30.89,3.7010873201688903,1
30.900000000000002,4.583234658419318,1
30.91,4.083521314480635,1
30.92,3.4458157264345823,1
30.93,4.1703172155112815,1
30.94,4.4652527537343865,1
30.95,3.9370610840025897,1
30.96,3.772619457909865,1
30.970000000000002,4.58533059265615,1
30.98,3.875719722476112,1
30.990000000000002,5.0140843915550395,1
31.0,3.5707529102367217,1
31.01,3.49228727395999,1
31.02,3.428667263640796,1
31.03,3.8726495316223297,1
31.04,4.066184919122725,1
31.05,3.2192950750739087,1
31.060000000000002,4.087221141879597,1
31.07,4.432207717729354,1
31.080000000000002,3.1182186621243653,1
31.09,3.6308420032713156,1
31.1,4.344568405250175,1
31.11,3.2891059917147762,1
31.12,3.706790809845014,1
31.13,4.626552455358536,1
31.14,5.130158446052239,1
31.150000000000002,4.277804300489708,1
31.16,3.8355673058274755,1
31.17,3.6046562012733983,1
31.18,4.524063454617743,1
31.19,4.744930695246246,1
31.2,3.295850104967673,1
31.21,4.573183636428008,1
31.220000000000002,3.6860613452200024,1
31.23,3.4853590049838656,1
31.240000000000002,3.9416339735192403,1
31.25,4.715320341252189,1
31.26,4.314954872302891,1
31.27,4.262238536844598,1
31.28,4.287548197395104,1
31.29,4.3425829411172785,1
31.3,3.94500708084442,1
31.310000000000002,4.381966786370697,1
31.32,3.5493575652558955,1
31.330000000000002,4.333454070991589,1
31.34,4.503842903730446,1
31.35,4.40841570463597,1
31.36,4.440509665582556,1
31.37,4.267892574627084,1
31.38,4.734297744764421,1
31.39,2.548269099212636,1
31.400000000000002,4.46831451655643,1
31.41,5.334554253979722,1
31.42,3.72210900886896,1
31.43,3.569161360881175,1
31.44,4.880951929633766,1
31.45,3.526996736482495,1
31.46,3.610314293091493,1
31.470000000000002,4.1470426646141485,1
31.48,3.533579427617014,1
31.490000000000002,4.5616559805614285,1
31.5,3.5191207704934606,1
31.51,4.180415241240136,1
31.52,4.149865832229576,1
31.53,5.026670702380584,1
31.54,4.74548058304432,1
31.55,3.625721110137933,1
31.560000000000002,3.085819471125907,1
31.57,4.428691319762932,1
31.580000000000002,3.5586430545241585,1
31.59,3.733821809183641,1
31.6,3.297865707991916,1
31.61,4.423155896792466,1
31.62,3.651465445665175,1
31.63,4.018251855422868,1
31.64,4.060642197386753,1
31.650000000000002,4.198172903945693,1
31.66,4.512465106648874,1
31.67,3.9333553089257136,1
31.68,3.5580811813222173,1
31.69,2.788858478131808,1
31.7,3.992437301273572,1
31.71,3.8729593566204614,1
31.720000000000002,3.4858626858969783,1
31.73,3.9478376188466866,1
31.740000000000002,4.480055351897061,1
31.75,4.6747935656179385,1
31.76,2.973161500853131,1
31.77,3.6440961445140942,1
31.78,4.559047204835735,1
31.79,5.047200462717548,1
31.8,3.5340509953884385,1
31.810000000000002,4.891060231454871,1
31.82,3.223021605911529,1
31.830000000000002,4.760321548457788,1
31.84,3.93500886883795,1
31.85,5.08554043167794,1
31.86,3.8353400626677483,1
31.87,3.84921061869156,1
31.88,3.9475431768414078,1
31.89,3.0214699504943314,1
31.900000000000002,2.796261631720169,1
31.91,4.234057145262329,1
31.92,4.6098468722100066,1
31.93,4.3689046922286945,1
31.94,3.1363173668741258,1
31.95,4.184304470204806,1
31.96,3.2973007472163522,1
31.970000000000002,4.162178633205253,1
31.98,4.700610810356513,1
31.990000000000002,4.258559789091092,1
32.0,4.969824171554158,1
32.01,3.9855945970271747,1
32.02,3.9041068638334195,1
32.03,4.09984587365924,1
32.04,3.20704759410067,1
32.05,3.766411463048128,1
32.06,3.8528016869979322,1
32.07,3.8670570058802767,1
32.08,4.2092380339335955,1
32.09,3.073973891158764,1
32.1,3.1996476392561415,1
32.11,4.661777020972466,1
32.12,2.691806334874133,1
32.13,4.259527780160581,1
32.14,3.700994093455047,1
32.15,4.010516817750063,1
32.160000000000004,4.9402860790117105,1
32.17,3.911145687900603,1
32.18,4.35729904255434,1
32.19,4.037537896073038,1
32.2,3.9327691304972365,1
32.21,3.869396624858616,1
32.22,4.49257028481698,1
32.230000000000004,3.616769740399078,1
32.24,3.3147180128977354,1
32.25,4.082639527943314,1
32.26,4.201326734660754,1
32.27,2.8886692741994695,1
32.28,3.969655147820098,1
32.29,3.224046040648657,1
32.3,4.358673433014713,1
32.31,2.82651610408604,1
32.32,5.133096347562963,1
32.33,3.786652868614367,1
32.34,3.3537855837973023,1
32.35,3.702191483352917,1
32.36,4.271771602095041,1
32.37,4.533912776495612,1
32.38,3.8109141100668396,1
32.39,3.0332908720964706,1
32.4,3.156907263542555,1
32.410000000000004,4.159952423826227,1
32.42,4.69574310394917,1
32.43,4.828694865236985,1
32.44,4.2309862600278025,1
32.45,4.716906061444946,1
32.46,5.35508641050396,1
32.47,4.913793523659292,1
32.480000000000004,4.696212028940668,1
32.49,3.540355065806574,1
32.5,4.595513495230578,1
32.51,4.310270432238411,1
32.52,4.395234404011488,1
32.53,4.780056330528661,1
32.54,4.207244850615283,1
32.55,3.870464734768148,1
32.56,3.226783459398937,1
32.57,3.701062349709305,1
32.58,4.077028914337532,1
32.59,4.16284920815134,1
32.6,4.16948823566331,1
32.61,4.657448423811904,1
32.62,4.6464601096080385,1
32.63,4.06040294870806,1
32.64,3.526097237248977,1
32.65,4.29573448867195,1
32.660000000000004,5.546517411982513,1
32.67,4.36137894399613,1
32.68,3.87281824940193,1
32.69,4.361935090855009,1
32.7,4.4067637522083904,1
32.71,4.37902269789606,1
32.72,4.867966231963997,1
32.730000000000004,4.240686269549625,1
32.74,4.802205758966727,1
32.75,4.122079973958637,1
32.76,4.917392932507755,1
32.77,4.777852011745853,1
32.78,4.601621721886315,1
32.79,4.526243861397445,1
32.8,5.526349199800187,1
32.81,4.814842965868911,1
32.82,3.543368660396247,1
32.83,4.194049505371538,1
32.84,3.912088308573645,1
32.85,5.409652218048819,1
32.86,4.967832566037786,1
32.87,5.436614882034479,1
32.88,3.6362299834958733,1
32.89,4.714872208876057,1
32.9,3.1560631503374776,1
32.910000000000004,2.8916208866513906,1
32.92,3.6304010859044173,1
32.93,4.8971968398725725,1
32.94,3.337593200748901,1
32.95,3.8739126504836374,1
32.96,4.692505901793473,1
32.97,4.530571424309846,1
32.980000000000004,5.426620746859962,1
32.99,4.065885100621023,1
33.0,3.7188943560423966,1
33.01,3.297724015643792,1
33.02,3.7646339666056745,1
33.03,3.331731079832928,1
33.04,2.866519408626376,1
33.05,5.281332030609356,1
33.06,4.17989659012226,1
33.07,5.752368800001149,1
33.08,3.6037270356093605,1
33.09,3.7199001752401952,1
33.1,3.4786288709795716,1
33.11,3.528255290992892,1
33.12,4.492975174640287,1
33.13,4.335125901755764,1
33.14,4.515897288399423,1
33.15,4.826423569756258,1
33.160000000000004,4.696784898040478,1
33.17,3.3273134685798635,1
33.18,3.5766306234150425,1
33.19,4.0315194105725025,1
33.2,6.422100622799869,1
33.21,4.671202966332432,1
33.22,4.155034503602935,1
33.230000000000004,4.5080421880281785,1
33.24,3.711365915313729,1
33.25,4.228386151111646,1
33.26,4.704400148667801,1
33.27,4.083607057778428,1
33.28,3.5572823123414516,1
33.29,3.9448099896286313,1
33.3,3.7878547639705222,1
33.31,3.0820063742164474,1
33.32,3.5285412586750127,1
33.33,3.0061152343044872,1
33.34,3.0656973502216465,1
33.35,3.128229103811084,1
33.36,4.49503602495747,1
33.37,4.935759270365466,1
33.38,3.0163530611687746,1
33.39,4.944350094584778,1
33.4,3.3271773784499072,1
33.410000000000004,4.468949425745509,1
33.42,4.241436788872079,1
33.43,4.488945084667769,1
33.44,3.34517010959731,1
33.45,2.8602352714365886,1
33.46,3.4819484208313134,1
33.47,4.3060379293720334,1
33.480000000000004,5.33119788621562,1
33.49,3.433657387880366,1
33.5,3.900407539501438,1
33.51,3.483278826654505,1
33.52,3.9122803449899837,1
33.53,2.6800874013483775,1
33.54,4.820577881365895,1
33.55,3.9893950474790234,1
33.56,4.523162811791461,1
33.57,3.820574086562972,1
33.58,4.069779920123317,1
33.59,4.714731953425172,1
33.6,4.129828886158703,1
33.61,4.141323810082002,1
33.62,3.538887038056763,1
33.63,3.687483736861388,1
33.64,3.396306162060849,1
33.65,3.560366125046688,1
33.660000000000004,4.856740152627692,1
33.67,5.2850387681400015,1
33.68,3.3109738170545864,1
33.69,4.236957311781097,1
33.7,3.806606787562647,1
33.71,4.870068689184274,1
33.72,4.094165795837046,1
33.730000000000004,3.9388995037903274,1
33.74,3.4409048433451104,1
33.75,2.897156134988858,1
33.76,4.356263759844307,1
33.77,4.1902422536178765,1
33.78,4.213171680134844,1
33.79,3.602029538681087,1
33.8,3.8830262671646545,1
33.81,4.530972688999425,1
33.82,4.7146210014685055,1
33.83,3.340150755040006,1
33.84,3.6216757245682696,1
33.85,3.1509388776403813,1
33.86,4.150927030471227,1
33.87,4.642996204253796,1
33.88,3.9008806159553515,1
33.89,3.5858722586520226,1
33.9,3.756115505851461,1
33.910000000000004,5.457048406028111,1
33.92,4.815240817460115,1
33.93,4.461306583162118,1
33.94,4.1631464703105046,1
33.95,3.9260868284490362,1
33.96,3.336031497779301,1
33.97,3.2111501235680833,1
33.980000000000004,3.541052583650408,1
33.99,3.3317231714101636,1
34.0,3.5670200288919673,1
34.01,3.9326297296780086,1
34.02,4.025080919374409,1
34.03,3.6608835170337515,1
34.04,4.373160543693442,1
34.05,3.9751917562851147,1
34.06,4.209098713062538,1
34.07,3.589590417067242,1
34.08,4.468070732266136,1
34.09,3.7029606032576954,1
34.1,5.024370903182256,1
34.11,3.8907599917092868,1
34.12,3.886472301154864,1
34.13,4.316425739147424,1
34.14,4.4735362092171265,1
34.15,4.5496362412707105,1
34.160000000000004,5.113746563565845,1
34.17,4.436118991469587,1
34.18,3.9395648279846847,1
34.19,3.6308242987732298,1
34.2,3.8925010756863547,1
34.21,4.981144278087632,1
34.22,3.204504312015951,1
34.230000000000004,3.4827740768291977,1
34.24,3.899082746542531,1
34.25,3.5293495254176426,1
34.26,3.7778223971169766,1
34.27,5.2187628822179315,1
34.28,3.922853919098613,1
34.29,4.284360729771657,1
34.300000000000004,2.9396922492618804,1
34.31,3.1963669649145325,1
34.32,4.511394601827878,1
34.33,5.051048817949103,1
34.34,4.134519293619079,1
34.35,3.7340840221320177,1
34.36,4.234684547593151,1
34.37,2.268634087458424,1
34.38,4.001639066251886,1
34.39,3.2994515165100986,1
34.4,4.474680884531597,1
34.410000000000004,2.630775224682267,1
34.42,3.5556775305157218,1
34.43,4.008654332355719,1
34.44,3.578448330047913,1
34.45,3.806516681248958,1
34.46,4.646498707840483,1
34.47,4.083052487483822,1
34.480000000000004,3.4443349258436466,1
34.49,4.598718868689718,1
34.5,4.197283503068186,1
34.51,4.176889993468297,1
34.52,3.385986874008539,1
34.53,2.2482982721476534,1
34.54,3.234772484337176,1
34.550000000000004,3.2247171140519204,1
34.56,3.484273687778695,1
34.57,3.362679809302422,1
34.58,3.9917433046870654,1
34.59,4.549143408243469,1
34.6,4.732676569734629,1
34.61,4.611889240621621,1
34.62,3.4998478268960755,1
34.63,4.070107399548045,1
34.64,5.091932589878727,1
34.65,3.1127293785874275,1
34.660000000000004,4.892818961495778,1
34.67,3.4674247490008936,1
34.68,4.201788445200723,1
34.69,4.301834229047181,1
34.7,4.139847847347998,1
34.71,5.429567228421011,1
34.72,3.845046050459549,1
34.730000000000004,2.865055584297103,1
34.74,4.090975270134761,1
34.75,3.819696723572656,1
34.76,4.277868364779977,1
34.77,4.528844738877977,1
34.78,3.966732311569491,1
34.79,4.259194784805081,1
34.800000000000004,4.110620714078118,1
34.81,5.193987042472202,1
34.82,3.8767475699510663,1
34.83,3.608713812751439,1
34.84,4.620167771278615,1
34.85,3.509766235601171,1
34.86,4.296313830748663,1
34.87,3.9679007664410944,1
34.88,3.9754737917286773,1
34.89,5.601822205927374,1
34.9,4.895337251652831,1
34.910000000000004,4.691829246488905,1
34.92,4.340219805140816,1
34.93,3.509838820033452,1
34.94,4.068045976440485,1
34.95,4.307125520622695,1
34.96,4.076250516661409,1
34.97,4.005895497666394,1
34.980000000000004,3.6993375819851995,1
34.99,4.137488151781394,1
35.0,3.668726665141328,1
35.01,4.4612462790162075,1
35.02,2.7653236133406516,1
35.03,4.869411562021003,1
35.04,3.2733191300188653,1
35.050000000000004,3.3393681251028426,1
35.06,4.296923038766549,1
35.07,4.428301558802326,1
35.08,5.417284539194222,1
35.09,4.299175041291833,1
35.1,3.990218997761102,1
35.11,4.098812354293962,1
35.12,4.992343698998569,1
35.13,5.570661520044931,1
35.14,3.9021346684767435,1
35.15,4.270859605601327,1
35.160000000000004,3.896701198929364,1
35.17,3.872483052909775,1
35.18,5.168391878636464,1
35.19,3.447561984538933,1
35.2,2.453787786318062,1
35.21,4.137915715337307,1
35.22,4.833062280645923,1
35.230000000000004,4.254559023219326,1
35.24,4.413318981479703,1
35.25,4.588408671387594,1
35.26,4.178551356347167,1
35.27,4.431817858125855,1
35.28,4.419164429064988,1
35.29,2.776250501387352,1
35.300000000000004,3.9989718850507785,1
35.31,2.954749927172046,1
35.32,3.866978679628189,1
35.33,3.6087661148749257,1
35.34,4.575221158555221,1
35.35,4.117660413518812,1
35.36,4.2427963186639595,1
35.37,3.830192723473905,1
35.38,4.629357683469255,1
35.39,2.9794705549957854,1
35.4,3.35922360352809,1
35.410000000000004,4.820868068550159,1
35.42,3.8121302665969345,1
35.43,2.6583498900572686,1
35.44,4.934217940248619,1
35.45,4.830235300257566,1
35.46,4.582396169408913,1
35.47,4.156353408337923,1
35.480000000000004,5.130061478981078,1
35.49,4.906331746690313,1
35.5,5.057190443509881,1
35.51,4.489970910105949,1
35.52,4.063532218625886,1
35.53,3.6829222205969274,1
35.54,3.085459575385424,1
35.550000000000004,4.195434372876614,1
35.56,4.320238323111155,1
35.57,3.7321097585176775,1
35.58,4.3389610610016485,1
35.59,3.7829110812589253,1
35.6,4.551270140375996,1
35.61,3.4854608234974633,1
35.62,3.330080283797351,1
35.63,3.865610365571979,1
35.64,4.601877815543235,1
35.65,3.3596940470220735,1
35.660000000000004,4.713933485354174,1
35.67,3.037233570925565,1
35.68,3.825277686696237,1
35.69,3.094571958646313,1
35.7,2.2508127846647543,1
35.71,4.108091945452337,1
35.72,3.8455769840765046,1
35.730000000000004,3.022356401916398,1
35.74,3.533946119883896,1
35.75,4.183270834378509,1
35.76,3.700845568687476,1
35.77,3.7929843872238718,1
35.78,3.6859093684320383,1
35.79,3.5814400941015605,1
35.800000000000004,3.5900976312686406,1
35.81,3.5948054842455,1
35.82,3.5325669698728093,1
35.83,3.3738038278553764,1
35.84,3.788261126855476,1
35.85,3.647526882966808,1
35.86,3.3547870423786628,1
35.87,4.518455991581143,1
35.88,4.8740167954566935,1
35.89,4.074274314928895,1
35.9,4.046102775959576,1
35.910000000000004,3.5286892596179027,1
35.92,4.618502646582342,1
35.93,5.102992387744244,1
35.94,3.887704126233383,1
35.95,3.579497717909073,1
35.96,4.125044378358267,1
35.97,4.031000567723829,1
35.980000000000004,3.634205145925928,1
35.99,4.261877813698612,1
36.0,4.625899761135547,1
36.01,3.5524136208461465,1
36.02,5.66802958132922,1
36.03,3.167364522529143,1
36.04,3.469641515558864,1
36.050000000000004,4.195418649943599,1
36.06,5.5408459554707585,1
36.07,3.787581920593628,1
36.08,3.3389073981000674,1
36.09,4.338598203279254,1
36.1,3.8575373633061925,1
36.11,4.398368033027655,1
36.12,3.932438073845761,1
36.13,3.3778918307862784,1
36.14,5.414490988171929,1
36.15,2.0925403947526737,1
36.160000000000004,4.9952914906017245,1
36.17,4.605088537990744,1
36.18,3.5094058601693443,1
36.19,5.163544722675098,1
36.2,3.181479492597517,1
36.21,4.6297017011292585,1
36.22,2.732041208961447,1
36.230000000000004,3.242343523718252,1
36.24,3.28165145922511,1
36.25,3.54528624715674,1
36.26,4.051515859007239,1
36.27,3.527329866810111,1
36.28,2.693496961038175,1
36.29,4.24421008136329,1
36.300000000000004,4.0449300989935155,1
36.31,4.243298341607258,1
36.32,4.0806036775989325,1
36.33,4.562071701704899,1
36.34,3.912547926796472,1
36.35,4.57627064226229,1
36.36,3.459997279326748,1
36.37,3.4411494043865467,1
36.38,4.81614361498549,1
36.39,4.906665691983319,1
36.4,4.428143732352082,1
36.410000000000004,3.473531034309952,1
36.42,3.3848258105409847,1
36.43,4.886675878696067,1
36.44,4.9511436348790925,1
36.45,4.091251419247266,1
36.46,5.596242333170647,1
36.47,4.4536784778493015,1
36.480000000000004,3.351977245413,1
36.49,3.804181189429407,1
36.5,3.990317059149077,1
36.51,4.030755600338996,1
36.52,4.767344066620675,1
36.53,3.3636727272430953,1
36.54,3.025695403482886,1
36.550000000000004,4.256911835340328,1
36.56,3.6151839647082387,1
36.57,5.489195671143869,1
36.58,4.658200886768191,1
36.59,3.6766996369357408,1
36.6,4.769019871685479,1
36.61,4.544774217514713,1
36.62,4.4893870433629575,1
36.63,4.011947811763297,1
36.64,4.345718790971525,1
36.65,2.731718099948143,1
36.660000000000004,4.849753336044707,1
36.67,1.8817247528472554,1
36.68,3.6291807630799044,1
36.69,2.964307641209461,1
36.7,3.611408459282022,1
36.71,3.9038737163340653,1
36.72,3.1721785982559005,1
36.730000000000004,2.0882695830098865,1
36.74,3.947445170610859,1
36.75,5.275154304303379,1
36.76,3.777303996862633,1
36.77,4.548923643870058,1
36.78,4.965884307198757,1
36.79,2.8032534658592665,1
36.800000000000004,3.632985135370296,1
36.81,3.174544537698944,1
36.82,3.4728763308623396,1
36.83,5.134587026794103,1
36.84,4.285406186555452,1
36.85,4.604370884851489,1
36.86,4.0790637637813765,1
36.87,3.27945851797767,1
36.88,4.43988814217144,1
36.89,4.86100043578117,1
36.9,4.2560983224526225,1
36.910000000000004,4.308002583460731,1
36.92,3.171765735472468,1
36.93,4.347039539215354,1
36.94,4.821953861442068,1
36.95,4.236389069439203,1
36.96,2.777093844866496,1
36.97,4.927713105983203,1
36.980000000000004,3.3994941575301385,1
36.99,4.193676976927608,1
37.0,4.63142248722467,1
37.01,4.763094325790796,1
37.02,2.9233962358500802,1
37.03,4.073357713095358,1
37.04,4.109707000482612,1
37.050000000000004,5.015700489762965,1
37.06,4.429859662804362,1
37.07,5.025528522436991,1
37.08,4.454985416731201,1
37.09,4.001077935075315,1
37.1,4.124362998505884,1
37.11,4.971294200842058,1
37.12,3.171251198744825,1
37.13,4.476184590696087,1
37.14,3.5491544141992764,1
37.15,3.3508895206279994,1
37.160000000000004,4.5537974997735,1
37.17,3.400098989614312,1
37.18,4.165523391573114,1
37.19,3.6707920659996125,1
37.2,2.45248205546623,1
37.21,4.241826238306647,1
37.22,4.14201001118507,1
37.230000000000004,2.8311050657856467,1
37.24,3.548802428382973,1
37.25,2.875934285533714,1
37.26,4.478582156150748,1
37.27,4.989441383161637,1
37.28,4.65368011474485,1
37.29,4.7028970734272075,1
37.300000000000004,3.704707186982946,1
37.31,4.312423796163548,1
37.32,3.967321899430776,1
37.33,4.056376745612544,1
37.34,4.552390609498708,1
37.35,4.720398770965388,1
37.36,3.719054177819039,1
37.37,3.0096662643699155,1
37.38,3.7758469507000196,1
37.39,3.822379972304125,1
37.4,4.175481422178607,1
37.410000000000004,4.575722107930669,1
37.42,2.8378466681131136,1
37.43,3.556862658752702,1
37.44,3.420214442186272,1
37.45,4.852263892602402,1
37.46,3.987223287936315,1
37.47,3.7266159801498953,1
37.480000000000004,4.376002216675212,1
37.49,3.659700438236873,1
37.5,3.9682399337210827,1
37.51,5.150394939578841,1
37.52,5.182481024254612,1
37.53,3.7447261305330315,1
37.54,3.794160712379579,1
37.550000000000004,3.510571104904787,1
37.56,2.6497926101810174,1
37.57,4.531140908042385,1
37.58,5.559765767159263,1
37.59,3.7839631248542847,1
37.6,3.4585616566225994,1
37.61,3.8152041599040643,1
37.62,4.0896321257022015,1
37.63,3.3305131143459397,1
37.64,3.734557930399814,1
37.65,4.718003119203593,1
37.660000000000004,4.197012951143439,1
37.67,4.896240291841505,1
37.68,4.33358589729953,1
37.69,3.3353941013775095,1
37.7,3.5849058236315146,1
37.71,4.111549927014152,1
37.72,3.232785041307675,1
37.730000000000004,3.079525820906754,1
37.74,3.0990360821354836,1
37.75,4.205176053029703,1
37.76,3.703398919018034,1
37.77,4.689250003014051,1
37.78,3.4165919701367526,1
37.79,2.348663104323465,1
37.800000000000004,3.817597803480106,1
37.81,5.0827586201239585,1
37.82,4.132934694149333,1
37.83,3.1796222604667674,1
37.84,2.9691009048906487,1
37.85,4.790814418159861,1
37.86,3.594845037743338,1
37.87,5.036208426540378,1
37.88,4.529706806618023,1
37.89,3.5543639415866766,1
37.9,4.7290507224046525,1
37.910000000000004,3.419570468461275,1
37.92,2.9805604776250347,1
37.93,3.314564139084275,1
37.94,4.3854511993256855,1
37.95,4.6860380642704875,1
37.96,3.712923811355062,1
37.97,2.7104046832840996,1
37.980000000000004,2.8694096016453674,1
37.99,3.217545235629187,1
38.0,3.1149533655837804,1
38.01,4.143837472384576,1
38.02,5.311675445968262,1
38.03,4.656923392157658,1
38.04,3.3795878142750815,1
38.050000000000004,3.587679102037627,1
38.06,3.722591022678002,1
38.07,4.296045167020689,1
38.08,5.080377801378395,1
38.09,3.7834597632830973,1
38.1,4.983927550732087,1
38.11,5.399392621232048,1
38.12,3.8113943157260595,1
38.13,3.6830545653887485,1
38.14,3.6748017504655865,1
38.15,3.9455984877993577,1
38.160000000000004,3.693054422442411,1
38.17,4.495106906629472,1
38.18,2.981640309991737,1
38.19,3.5701201381422094,1
38.2,4.189268545744733,1
38.21,4.600613485223768,1
38.22,5.505940839786295,1
38.230000000000004,3.3158995620746885,1
38.24,3.6080912216973053,1
38.25,2.581410215948087,1
38.26,3.2660539970201965,1
38.27,2.868389593721992,1
38.28,3.6370100753105756,1
38.29,3.8519503882867574,1
38.300000000000004,4.294229240930879,1
38.31,3.7991923766409252,1
38.32,4.247320784135399,1
38.33,4.026953878207903,1
38.34,3.2589659874272834,1
38.35,2.7859998408127016,1
38.36,4.234585245411762,1
38.37,5.022217621324414,1
38.38,5.663224701221883,1
38.39,4.684843578725517,1
38.4,4.988251953729869,1
38.410000000000004,4.383424889751692,1
38.42,4.2644974630583885,1
38.43,4.149790515294205,1
38.44,4.012536310936764,1
38.45,4.470075948432213,1
38.46,3.7617106230853667,1
38.47,3.9501939953305842,1
38.480000000000004,3.2758525575906923,1
38.49,4.286597313483824,1
38.5,3.3934223113656263,1
38.51,3.960778705707653,1
38.52,4.276840292052152,1
38.53,4.334853746543132,1
38.54,4.448467055788657,1
38.550000000000004,3.8130833793648833,1
38.56,4.232872730691168,1
38.57,3.6380795194454305,1
38.58,2.6563853204179417,1
38.59,4.241563135544753,1
38.6,4.209644793207333,1
38.61,4.694773666573842,1
38.62,4.070817909709397,1
38.63,3.025970269519647,1
38.64,3.9543067507440344,1
38.65,4.6479324663329535,1
38.660000000000004,4.419025632106007,1
38.67,3.9900856997675826,1
38.68,2.9631793016376435,1
38.69,3.293981249931904,1
38.7,4.2658019807188134,1
38.71,2.9108246008865164,1
38.72,3.682623425117572,1
38.730000000000004,3.9439868370217903,1
38.74,4.670550482246069,1
38.75,4.3634973562771275,1
38.76,4.57522511659693,1
38.77,4.170208392531139,1
38.78,3.4185458491769545,1
38.79,3.545052086568746,1
38.800000000000004,3.3690498369005675,1
38.81,4.370180060216501,1
38.82,3.6175135209381803,1
38.83,3.7833119941238085,1
38.84,4.073792925724816,1
38.85,5.144793527560637,1
38.86,4.566339633237715,1
38.87,3.592686994064939,1
38.88,4.117223913512665,1
38.89,5.100352292744025,1
38.9,4.463684010703717,1
38.910000000000004,2.966107288674347,1
38.92,3.298593065712799,1
38.93,3.252419127907117,1
38.94,4.817731120706698,1
38.95,4.788740567535366,1
38.96,3.570497829803173,1
38.97,3.4945536195760827,1
38.980000000000004,3.9555310007635986,1
38.99,4.0238793081153,1
39.0,3.378531122494578,1
39.01,3.825790033913108,1
39.02,3.0919470644719502,1
39.03,4.832935315004041,1
39.04,2.980023968962359,1
39.050000000000004,2.864875195443725,1
39.06,4.285443223378231,1
39.07,3.2747617770609434,1
39.08,3.674584679915407,1
39.09,4.043363451962096,1
39.1,4.4392732506126,1
39.11,3.8581905581174483,1
39.12,5.100330055257948,1
39.13,4.0038349844273675,1
39.14,4.7006509337255995,1
39.15,4.147339180428542,1
39.160000000000004,5.320346408597518,1
39.17,4.705761372027882,1
39.18,4.0274105922749115,1
39.19,4.387748215895256,1
39.2,3.85552329811715,1
39.21,3.8402851010892314,1
39.22,3.190265972089072,1
39.230000000000004,3.4888924257704943,1
39.24,5.378752674989385,1
39.25,3.3769496847267684,1
39.26,3.608598857030865,1
39.27,3.975864829386058,1
39.28,4.002496129384998,1
39.29,4.271022176925889,1
39.300000000000004,3.7103989548721734,1
39.31,4.246875656113187,1
39.32,4.710485741433596,1
39.33,4.802556881722495,1
39.34,3.802382773763644,1
39.35,4.309365349773161,1
39.36,3.2036327306848933,1
39.37,3.4237914152532847,1
39.38,3.1607357434034022,1
39.39,3.8980636761133343,1
39.4,3.437880765449301,1
39.410000000000004,3.004324207896786,1
39.42,3.735347629713664,1
39.43,2.924465660364322,1
39.44,4.868790480735619,1
39.45,3.765825257870344,1
39.46,4.696535625424854,1
39.47,3.782680795319716,1
39.480000000000004,3.254790137257579,1
39.49,4.739901376849455,1
39.5,4.100464253292385,1
39.51,5.205587857126034,1
39.52,3.72410215472414,1
39.53,3.6328624820336013,1
39.54,4.557707891394897,1
39.550000000000004,4.614481949687663,1
39.56,4.065134471506286,1
39.57,6.107770321238478,1
39.58,3.901290717746177,1
39.59,3.1485129598395325,1
39.6,3.2999073297783768,1
39.61,3.8044568662783522,1
39.62,5.019232135244973,1
39.63,4.00214862695114,1
39.64,5.088430088302732,1
39.65,4.422608323355822,1
39.660000000000004,4.7995623784166375,1
39.67,4.3593362425669895,1
39.68,4.310766797232334,1
39.69,4.528926423454423,1
39.7,3.6625554372231526,1
39.71,3.5944689337966915,1
39.72,4.156924799713581,1
39.730000000000004,5.206964808618525,1
39.74,3.0005313589765996,1
39.75,2.5480025879427908,1
39.76,3.6704709989360276,1
39.77,4.588915395460892,1
39.78,4.025529676592514,1
39.79,3.220936739273215,1
39.800000000000004,4.006057636065511,1
39.81,2.9006816361118273,1
39.82,4.387640029939695,1
39.83,3.8846001638980607,1
39.84,4.0120521894204915,1
39.85,4.353328358280943,1
39.86,4.225941146080439,1
39.87,3.7225278787872003,1
39.88,4.697129138429947,1
39.89,4.580800653875648,1
39.9,2.8821578169104947,1
39.910000000000004,3.7588199998159775,1
39.92,3.2390683206187862,1
39.93,3.0696913100712537,1
39.94,4.219190423304424,1
39.95,3.665687642221043,1
39.96,3.8160223588535187,1
39.97,3.4942940841272723,1
39.980000000000004,4.166698654992365,1
39.99,4.428233022974188,1
40.0,5.43530143629523,1
40.01,3.9934181046030663,1
40.02,3.10536944266311,1
40.03,3.6812813452933857,1
40.04,4.602675115675039,1
40.050000000000004,3.6102808720131985,1
40.06,3.0862540867659543,1
40.07,3.5175304571756847,1
40.08,3.668128120275191,1
40.09,3.29952033685734,1
40.1,4.097592995876715,1
40.11,3.929862276847839,1
40.12,4.462635816341138,1
40.13,3.6765713922840972,1
40.14,4.27048161889439,1
40.15,3.6213944284218056,1
40.160000000000004,3.173073947317049,1
40.17,3.5379016158763354,1
40.18,2.8791559651802108,1
40.19,5.071095434873861,1
40.2,4.158206968698486,1
40.21,3.518130764093259,1
40.22,3.7716009210192265,1
40.230000000000004,2.45826408434816,1
40.24,4.910346974716096,1
40.25,4.997246804808173,1
40.26,4.20089562982238,1
40.27,4.279486410615264,1
40.28,3.2374033373464663,1
40.29,3.200813134011262,1
40.300000000000004,2.849310636467349,1
40.31,3.801731642456232,1
40.32,4.630994842390231,1
40.33,3.727318956916475,1
40.34,4.137033016394299,1
40.35,4.56788281571411,1
40.36,2.909024918010022,1
40.37,5.071841474871279,1
40.38,4.7720739160020065,1
40.39,4.357852914580364,1
40.4,4.622533735868518,1
40.410000000000004,4.692135797168007,1
40.42,4.276940915350821,1
40.43,5.005224522745374,1
40.44,3.838815574613125,1
40.45,4.365400340301011,1
40.46,4.950728646256191,1
40.47,2.371071708269007,1
40.480000000000004,4.229567136867553,1
40.49,4.5058187023288845,1
40.5,2.9203796313741863,1
40.51,4.09335444745069,1
40.52,3.445082314280077,1
40.53,4.162264349611836,1
40.54,3.875896327970637,1
40.550000000000004,3.303113743234972,1
40.56,4.606884207561177,1
40.57,3.7048094269999083,1
40.58,4.1143093506999,1
40.59,4.837550704059775,1
40.6,3.4569584020466673,1
40.61,3.997361448743851,1
40.62,3.723998636536998,1
40.63,3.8687418768880257,1
40.64,5.463256243336252,1
40.65,4.459599718330546,1
40.660000000000004,4.302328509967416,1
40.67,4.4183390308850115,1
40.68,4.347404780747098,1
40.69,2.858103604734183,1
40.7,5.420207835038227,1
40.71,3.110365776319525,1
40.72,5.025239717881475,1
40.730000000000004,4.400600650077076,1
40.74,4.069129458906474,1
40.75,3.7305053440408,1
40.76,5.602849371521679,1
40.77,4.428224997671652,1
40.78,3.9940304897517684,1
40.79,3.630447903127118,1
40.800000000000004,3.5542309956651637,1
40.81,4.030813001871279,1
40.82,3.4435861353827404,1
40.83,4.4694924309362705,1
40.84,3.6814593295407625,1
40.85,4.708366714804867,1
40.86,4.751317658277,1
40.87,4.069267074561337,1
40.88,4.423812446720246,1
40.89,4.456327087589792,1
40.9,3.077093268334123,1
40.910000000000004,5.0434767716158095,1
40.92,3.8511351433295777,1
40.93,4.380476347210019,1
40.94,4.420135220428186,1
40.95,2.334489459614858,1
40.96,3.4025501698383738,1
40.97,4.449252337170762,1
40.980000000000004,4.024206799205102,1
40.99,4.426575665316007,1
41.0,4.087007920116976,1
41.01,4.827600327155846,1
41.02,4.1691840457848315,1
41.03,4.996041259479036,1
41.04,3.496092807378688,1
41.050000000000004,3.9623839255319493,1
41.06,3.6840127407294565,1
41.07,4.293355380189006,1
41.08,3.879933032710314,1
41.09,3.865780524404086,1
41.1,3.5331907338813955,1
41.11,3.648331545063889,1
41.12,3.9266922975536502,1
41.13,2.6221943053883945,1
41.14,2.3516794040139284,1
41.15,3.864041434873381,1
41.160000000000004,2.123836055171775,1
41.17,3.7019575753228677,1
41.18,3.694263150605202,1
41.19,4.311445658003569,1
41.2,3.5841450450849295,1
41.21,5.018116674334166,1
41.22,4.656939161381802,1
41.230000000000004,3.120096198783935,1
41.24,3.834914864494453,1
41.25,5.0564117466651615,1
41.26,3.6820254528548175,1
41.27,4.006759743992926,1
41.28,4.954583737078105,1
41.29,3.728420931267806,1
41.300000000000004,4.710843864195879,1
41.31,3.42749519009625,1
41.32,2.046542724547986,1
41.33,4.617997953544885,1
41.34,4.249542630701117,1
41.35,4.266913535620855,1
41.36,3.235584395917129,1
41.37,3.23648626630693,1
41.38,4.657486150873313,1
41.39,4.175349119417195,1
41.4,3.935795338959919,1
41.410000000000004,4.164212693011666,1
41.42,5.034154351906989,1
41.43,4.5934991203934565,1
41.44,3.7998476442378677,1
41.45,3.1528022389844215,1
41.46,4.401998957591676,1
41.47,3.484779036081028,1
41.480000000000004,3.2450658996291244,1
41.49,4.830300101252853,1
41.5,4.614376824870725,1
41.51,4.2623854428904,1
41.52,3.1666957292997715,1
41.53,5.049029364130318,1
41.54,4.658300065401442,1
41.550000000000004,3.766958184128322,1
41.56,3.5804043531763416,1
41.57,3.965594388973469,1
41.58,3.6443842460014237,1
41.59,5.39187793391796,1
41.6,3.8348539889420823,1
41.61,3.3219392818543554,1
41.62,5.035466081264525,1
41.63,3.754804166226335,1
41.64,4.567748107148704,1
41.65,4.547710843141364,1
41.660000000000004,4.066150418414035,1
41.67,3.432816849065332,1
41.68,3.9778460718710855,1
41.69,3.2615310071158286,1
41.7,3.9388198080069956,1
41.71,4.473010812606531,1
41.72,5.097386538407719,1
41.730000000000004,3.298115207639012,1
41.74,3.7231808809057476,1
41.75,3.5674433019777156,1
41.76,4.08037210835565,1
41.77,2.957272714782977,1
41.78,3.291753599123549,1
41.79,2.8377759071444526,1
41.800000000000004,2.9985362181489243,1
41.81,3.536122375510569,1
41.82,5.101823884207327,1
41.83,4.353542674156002,1
41.84,4.135585004283609,1
41.85,4.957468654142993,1
41.86,4.377622049143151,1
41.87,4.3926788157832055,1
41.88,3.759788302808139,1
41.89,3.5939702038551204,1
41.9,3.123457814971471,1
41.910000000000004,3.532681800302834,1
41.92,3.74440965856195,1
41.93,4.146428220248228,1
41.94,3.9127345298272687,1
41.95,3.682461506640581,1
41.96,3.318140903889166,1
41.97,4.157897191728402,1
41.980000000000004,3.643369247736426,1
41.99,4.186255579585817,1
42.0,2.7712722917907033,1
42.01,4.169277485336601,1
42.02,4.540311005560029,1
42.03,4.4962882046106705,1
42.04,3.9743406259472738,1
42.050000000000004,4.667780383306424,1
42.06,3.2854187751176696,1
42.07,3.959401937594339,1
42.08,3.915222861212135,1
42.09,4.6892594789545425,1
42.1,2.7289178347504293,1
42.11,3.2124685218729647,1
42.12,5.040875471691414,1
42.13,2.4235308838315763,1
42.14,4.361632459713698,1
42.15,3.491870484449035,1
42.160000000000004,4.063486129401336,1
42.17,4.860955825189769,1
42.18,4.1987589157592335,1
42.19,4.920792322161604,1
42.2,3.7372804213117874,1
42.21,3.7752654046999634,1
42.22,4.542581489172631,1
42.230000000000004,3.8093396776994126,1
42.24,4.448337242660959,1
42.25,4.870421604328856,1
42.26,4.686911928675523,1
42.27,3.076927478576896,1
42.28,3.7662574578744485,1
42.29,4.190736511135761,1
42.300000000000004,3.8517157210606148,1
42.31,4.017876550459282,1
42.32,4.146983494151361,1
42.33,3.605266381021455,1
42.34,3.7786059983831075,1
42.35,3.1449919144816665,1
42.36,3.5673774110413565,1
42.37,2.9233330890509106,1
42.38,3.96784687490662,1
42.39,3.850802663131488,1
42.4,3.3983369999994473,1
42.410000000000004,5.146949818042388,1
42.42,3.9551264540321505,1
42.43,4.245131422003491,1
42.44,3.6725454423980572,1
42.45,3.786946666066277,1
42.46,4.268990171334582,1
42.47,3.8607216003971807,1
42.480000000000004,4.036926148199327,1
42.49,4.547606723291708,1
42.5,3.6952627422329463,1
42.51,3.092649669760154,1
42.52,2.9097349925588656,1
42.53,4.8059849917845545,1
42.54,4.5803127912445545,1
42.550000000000004,4.384885645011455,1
42.56,3.6688849353551003,1
42.57,3.055035910585961,1
42.58,3.7169971579399332,1
42.59,3.9005488208953727,1
42.6,3.2613327365645675,1
42.61,3.0268457684884975,1
42.62,2.864473381612847,1
42.63,4.420304121625971,1
42.64,3.315348122907092,1
42.65,4.235110188089484,1
42.660000000000004,3.82728707334169,1
42.67,4.432367655014658,1
42.68,4.286974261750976,1
42.69,3.8886307358643655,1
42.7,4.0764765208420775,1
42.71,3.9082779708959885,1
42.72,3.549702097027627,1
42.730000000000004,4.546988215282277,1
42.74,3.6861155561706833,1
42.75,3.849381115874301,1
42.76,3.0015042200530737,1
42.77,4.057742036154471,1
42.78,3.564161969985307,1
42.79,3.6425565153661963,1
42.800000000000004,3.435305284779812,1
42.81,3.910387192157193,1
42.82,2.7383052599526825,1
42.83,4.428931286806468,1
42.84,4.0728502919713385,1
42.85,3.7766175225514647,1
42.86,3.0533447029996093,1
42.87,4.284343171798654,1
42.88,3.6486300471239965,1
42.89,4.8482447593990265,1
42.9,4.364949223301674,1
42.910000000000004,4.992904625431181,1
42.92,4.10290486599067,1
42.93,4.643596906750409,1
42.94,4.266673823818229,1
42.95,3.6479557067672665,1
42.96,4.029060099907696,1
42.97,3.4004728882279704,1
42.980000000000004,5.2631728118253,1
42.99,3.9884461756429275,1
43.0,4.017796047908387,1
43.01,4.27882323763221,1
43.02,3.357027344710186,1
43.03,4.880665451597291,1
43.04,3.4597776760214227,1
43.050000000000004,3.2310312644820156,1
43.06,3.917100797676554,1
43.07,3.2251370901720686,1
43.08,5.010079994427221,1
43.09,3.9328178309049706,1
43.1,1.9044990786660387,1
43.11,3.9792809712594104,1
43.12,4.312348025222403,1
43.13,3.68340345002007,1
43.14,3.0290603256970603,1
43.15,3.799280108174855,1
43.160000000000004,3.6041278350370307,1
43.17,3.283112082198802,1
43.18,3.2236066883206687,1
43.19,4.032886687130243,1
43.2,4.589363164950241,1
43.21,4.3595461509722115,1
43.22,2.945937279945204,1
43.230000000000004,4.397996171564219,1
43.24,4.5972845083653935,1
43.25,5.015542791866013,1
43.26,3.5159024180667595,1
43.27,3.994385002566937,1
43.28,4.411028799407902,1
43.29,3.704269608855767,1
43.300000000000004,4.338867980949228,1
43.31,3.9800217434123577,1
43.32,3.404057380228638,1
43.33,3.408427453779331,1
43.34,4.702879502653027,1
43.35,3.3202325718362893,1
43.36,3.130097040751913,1
43.37,4.111092509692119,1
43.38,3.9436895045574167,1
43.39,3.123703465247618,1
43.4,3.6118906458695132,1
43.410000000000004,3.4714833333848953,1
43.42,3.5974960614770044,1
43.43,5.676023632997208,1
43.44,3.976440057352234,1
43.45,3.5022402116870377,1
43.46,5.353213178877403,1
43.47,4.717674502695897,1
43.480000000000004,4.556487812628534,1
43.49,3.5147535669560495,1
43.5,4.742470822516694,1
43.51,4.549449469796324,1
43.52,4.082863407796592,1
43.53,2.8294846694432128,1
43.54,3.844643166241897,1
43.550000000000004,5.037672781621304,1
43.56,4.133966598045133,1
43.57,3.703619327978815,1
43.58,3.7908478841516784,1
43.59,3.8622233764753138,1
43.6,3.4744038373494073,1
43.61,3.966424750664629,1
43.62,4.979612946515117,1
43.63,4.983265573772192,1
43.64,3.641762201210089,1
43.65,4.881779814868678,1
43.660000000000004,4.618041825156493,1
43.67,4.508167173031126,1
43.68,4.353866499533131,1
43.69,3.439476855921249,1
43.7,3.7017344638808494,1
43.71,4.497804277134716,1
43.72,3.2012763059284417,1
43.730000000000004,3.2148915742960225,1
43.74,4.079362006830451,1
43.75,3.4170551483503453,1
43.76,4.428305291983188,1
43.77,3.47618358831356,1
43.78,4.083992388283441,1
43.79,4.196001880167748,1
43.800000000000004,3.700446413084369,1
43.81,3.8512584744194225,1
43.82,3.5954039158251305,1
43.83,4.0255529537462476,1
43.84,3.4497638994526962,1
43.85,3.8974024640633633,1
43.86,4.550771300152263,1
43.87,3.355645562812325,1
43.88,3.688453539614888,1
43.89,4.339470855471576,1
43.9,2.670848897764242,1
43.910000000000004,5.099486207197831,1
43.92,4.6986232235399354,1
43.93,2.981900751337733,1
43.94,2.5014496641954014,1
43.95,3.8538687990763165,1
43.96,3.1931007467590375,1
43.97,4.515274433734231,1
43.980000000000004,4.2434169346368105,1
43.99,4.072756902756846,1
44.0,3.6358498470068246,1
44.01,5.041003619447374,1
44.02,4.596861287472117,1
44.03,4.489063103174768,1
44.04,4.8801760715116735,1
44.050000000000004,3.4671790737483996,1
44.06,4.87289038202759,1
44.07,3.9408441893996726,1
44.08,4.256772505914702,1
44.09,3.9357886111811995,1
44.1,2.7762504746743253,1
44.11,4.523008931190725,1
44.12,2.8020634075058726,1
44.13,3.2391172727874635,1
44.14,3.588340069360517,1
44.15,2.6323031615910524,1
44.160000000000004,3.1325378530845702,1
44.17,4.046642344156066,1
44.18,3.734741675117195,1
44.19,3.790794479763715,1
44.2,3.395248280003906,1
44.21,4.018400035927399,1
44.22,3.8356132076817677,1
44.230000000000004,2.9873309327110187,1
44.24,3.8810792472646067,1
44.25,3.262511342990746,1
44.26,4.609487072044361,1
44.27,3.8427046109202663,1
44.28,5.669739851701373,1
44.29,4.749438734227123,1
44.300000000000004,3.958960630899955,1
44.31,4.348798918372636,1
44.32,2.619466193408689,1
44.33,4.479687596637069,1
44.34,3.4243517981210934,1
44.35,3.9482475709316187,1
44.36,3.453507785508565,1
44.37,3.503924832878127,1
44.38,3.8095722084971237,1
44.39,4.01652567052751,1
44.4,3.985011019265687,1
44.410000000000004,4.022534339120038,1
44.42,2.9921016027945737,1
44.43,5.514527371162976,1
44.44,4.313588434193613,1
44.45,4.37815659405349,1
44.46,3.8733778431861765,1
44.47,3.485382090538636,1
44.480000000000004,4.110258818040544,1
44.49,4.216206752194515,1
44.5,4.856140404239874,1
44.51,5.374665554621093,1
44.52,4.995275282937379,1
44.53,2.851641428765465,1
44.54,3.5601646293886495,1
44.550000000000004,4.1160628167281565,1
44.56,3.6759623301065227,1
44.57,3.891965344258371,1
44.58,2.5585518956936526,1
44.59,4.484780980427625,1
44.6,2.8137204962209825,1
44.61,2.9332678701894257,1
44.62,3.3231878362256926,1
44.63,3.9580084081772564,1
44.64,3.016810563832997,1
44.65,3.3284303879309025,1
44.660000000000004,4.776459144359413,1
44.67,4.033841187608753,1
44.68,4.326467838707028,1
44.69,3.2393779590687743,1
44.7,3.917949024949258,1
44.71,3.8822013950995897,1
44.72,3.431398044387958,1
44.730000000000004,3.8708435887407133,1
44.74,2.6923837178538927,1
44.75,4.13069014324884,1
44.76,3.6773544487860503,1
44.77,3.753593591999209,1
44.78,4.494726383769517,1
44.79,4.288099418114281,1
44.800000000000004,3.8122215664372567,1
44.81,3.2889813181537044,1
44.82,4.8649523953634635,1
44.83,3.24428718924432,1
44.84,4.435209934581039,1
44.85,3.0651120970675825,1
44.86,4.610734014143072,1
44.87,4.752507414414304,1
44.88,2.847332707701835,1
44.89,4.244281541033209,1
44.9,4.250971786033967,1
44.910000000000004,4.44649568632499,1
44.92,4.218228664917388,1
44.93,3.326815453749483,1
44.94,3.7464606503698725,1
44.95,4.98942356649977,1
44.96,3.269299443718088,1
44.97,4.1054812668855405,1
44.980000000000004,4.7101561739836635,1
44.99,3.377880280271786,1
45.0,3.0449039127089224,1
45.01,3.145931752780606,1
45.02,4.250564295653697,1
45.03,3.2499340266271135,1
45.04,3.939371768956189,1
45.050000000000004,4.961517808368822,1
45.06,4.095685393570611,1
45.07,3.561229961058096,1
45.08,4.098182761925898,1
45.09,3.9832340205923624,1
45.1,4.2912081379388525,1
45.11,5.043298981545556,1
45.12,4.274493520410204,1
45.13,5.2741465825581795,1
45.14,4.299660608958382,1
45.15,3.444677954625491,1
45.160000000000004,5.3801133737891735,1
45.17,3.941664971631958,1
45.18,3.268915745675147,1
45.19,5.441937371923908,1
45.2,3.6123320679927295,1
45.21,3.500312663235062,1
45.22,3.6577482704161004,1
45.230000000000004,4.1481792686554595,1
45.24,4.685061814391317,1
45.25,2.397925969085369,1
45.26,4.576300411968339,1
45.27,3.734936211938715,1
45.28,3.759337845333344,1
45.29,5.120326354383785,1
45.300000000000004,4.204136808039122,1
45.31,4.27800844218766,1
45.32,3.9396337598485354,1
45.33,4.429951447385983,1
45.34,5.003407940324034,1
45.35,2.378875551026942,1
45.36,4.5351795585242325,1
45.37,4.975714316109239,1
45.38,4.34050765892005,1
45.39,3.5590381230220145,1
45.4,3.2273978521150704,1
45.410000000000004,5.510799076206591,1
45.42,3.5490078724582825,1
45.43,5.019530242275309,1
45.44,4.386748104976473,1
45.45,5.426034058740715,1
45.46,3.950350158151428,1
45.47,3.014132262927113,1
45.480000000000004,3.985395982882142,1
45.49,3.056573496466124,1
45.5,5.678865488648109,1
45.51,4.484447238441815,1
45.52,4.488400854301208,1
45.53,4.47269276213036,1
45.54,3.5061392651859062,1
45.550000000000004,3.8092682220084537,1
45.56,3.9888793393584394,1
45.57,5.20042757320286,1
45.58,3.2781314647233537,1
45.59,3.462061580937719,1
45.6,3.73372676963255,1
45.61,3.571663514526821,1
45.62,3.073245637018418,1
45.63,2.2514041477647164,1
45.64,2.7819759210726636,1
45.65,4.715435915776672,1
45.660000000000004,4.1088780153979805,1
45.67,4.608810802819054,1
45.68,3.7017165048397227,1
45.69,3.940199957917726,1
45.7,5.0415919955298945,1
45.71,5.045225530443931,1
45.72,4.628352778319989,1
45.730000000000004,4.107135695757385,1
45.74,4.270300459285826,1
45.75,4.181263955159235,1
45.76,3.831284380570358,1
45.77,3.6673539376728144,1
45.78,4.665126507614124,1
45.79,3.1773669443246453,1
45.800000000000004,4.917166400245957,1
45.81,3.9010360778271,1
45.82,3.1870057540216443,1
45.83,3.659180994213885,1
45.84,3.4844109524146116,1
45.85,3.6709854032698064,1
45.86,3.666169410531382,1
45.87,3.6289669428766964,1
45.88,3.8210660955256435,1
45.89,3.9691371433587155,1
45.9,4.492279188327713,1
45.910000000000004,3.845883033937917,1
45.92,4.156745179470822,1
45.93,3.9523912536809354,1
45.94,4.2756866865507135,1
45.95,3.9713905838623704,1
45.96,3.5073222235812977,1
45.97,3.314528533128816,1
45.980000000000004,4.05213522200369,1
45.99,4.807432945296909,1
46.0,3.9012665682515864,1
46.01,3.5640567284725644,1
46.02,3.8531719933166637,1
46.03,3.688841301644017,1
46.04,3.620775451211403,1
46.050000000000004,3.116035506327115,1
46.06,3.8596674811341605,1
46.07,4.204715379146793,1
46.08,3.3534517283447407,1
46.09,3.4132148404336897,1
46.1,3.348179545079532,1
46.11,3.0364526106023337,1
46.12,3.276631801475282,1
46.13,3.766322939753055,1
46.14,3.043012186094846,1
46.15,3.7779042683722017,1
46.160000000000004,3.4589601179335214,1
46.17,3.304630869562735,1
46.18,4.15988231197329,1
46.19,3.572360927151864,1
46.2,3.6708663362989156,1
46.21,4.84715772899341,1
46.22,3.499410276075589,1
46.230000000000004,5.047849337777328,1
46.24,3.909415248618763,1
46.25,3.332842808300647,1
46.26,3.671837372030309,1
46.27,4.085089680706767,1
46.28,4.8622033354575445,1
46.29,4.591932848326533,1
46.300000000000004,4.075497303290169,1
46.31,4.797304388989839,1
46.32,2.781827441266511,1
46.33,4.026854540949951,1
46.34,4.130507898597554,1
46.35,4.141410902605358,1
46.36,2.8924874503721933,1
46.37,3.213590757910062,1
46.38,3.801662483149424,1
46.39,4.689508754820934,1
46.4,5.285532849206852,1
46.410000000000004,3.670748507130065,1
46.42,3.17591793676055,1
46.43,4.541744698793861,1
46.44,5.8009848581925185,1
46.45,4.901709143606827,1
46.46,3.6396524893433977,1
46.47,5.894925427035599,1
46.480000000000004,4.602450537476675,1
46.49,3.5448147536524677,1
46.5,5.226236837736328,1
46.51,3.4843769814783636,1
46.52,3.5205428719009455,1
46.53,4.380785203622584,1
46.54,3.934486581353273,1
46.550000000000004,3.944645564579254,1
46.56,3.9504983787663868,1
46.57,4.659980449092029,1
46.58,2.4883273615699477,1
46.59,4.072000495801317,1
46.6,3.8175109603053725,1
46.61,3.525530810189297,1
46.62,3.52711702176723,1
46.63,2.3224939268516507,1
46.64,3.4535140994331455,1
46.65,4.879935343201453,1
46.660000000000004,4.663941930671884,1
46.67,3.9758187771062374,1
46.68,3.12602510396811,1
46.69,4.502714393921822,1
46.7,4.878547145241267,1
46.71,4.699006906446502,1
46.72,3.3678636958428707,1
46.730000000000004,3.33901350926768,1
46.74,4.9625427260810895,1
46.75,3.1977075806482382,1
46.76,4.19085660701562,1
46.77,2.7978484391769425,1
46.78,3.6898780647295832,1
46.79,4.339155210778285,1
46.800000000000004,4.002389813858274,1
46.81,4.36479487580568,1
46.82,3.271829885445651,1
46.83,3.4861687738618174,1
46.84,4.353989076413695,1
46.85,4.548835471367373,1
46.86,4.246835591157928,1
46.87,4.689444899210519,1
46.88,3.0092617539679383,1
46.89,3.659972971245576,1
46.9,5.160725086535573,1
46.910000000000004,4.8776738720272785,1
46.92,4.4182436758883865,1
46.93,3.8623880407886286,1
46.94,4.59096037523235,1
46.95,4.238462133292948,1
46.96,2.958463975673204,1
46.97,4.523431048362558,1
46.980000000000004,3.4263522893655756,1
46.99,4.436588872887344,1
47.0,2.979188694114442,1
47.01,5.000962707638461,1
47.02,3.9272365735986368,1
47.03,3.3377646625583757,1
47.04,3.585744995414749,1
47.050000000000004,3.83202218397862,1
47.06,4.057462293319294,1
47.07,4.918855068585805,1
47.08,4.143781402581169,1
47.09,2.6219732187269797,1
47.1,3.117945169950819,1
47.11,5.7115237410878335,1
47.12,4.144996055323265,1
47.13,4.563699919665644,1
47.14,3.761556855035782,1
47.15,3.258437583347674,1
47.160000000000004,3.571951897053722,1
47.17,3.9974225032999104,1
47.18,3.6580911544077175,1
47.19,5.202342896091949,1
47.2,3.6737812049453398,1
47.21,3.3207403555937742,1
47.22,4.5295586013179046,1
47.230000000000004,4.69838370781865,1
47.24,4.133554286344693,1
47.25,3.6927599744904764,1
47.26,2.8196476663775325,1
47.27,4.781374605923102,1
47.28,4.653569473905663,1
47.29,3.7757018843085866,1
47.300000000000004,4.023711179822084,1
47.31,3.829626594025518,1
47.32,5.001005381337947,1
47.33,3.3247288949351756,1
47.34,3.484968648903223,1
47.35,3.428630460594806,1
47.36,4.095674926625375,1
47.37,3.982002621557199,1
47.38,4.085590634130767,1
47.39,3.411872055396143,1
47.4,4.929639648954751,1
47.410000000000004,3.7859021305409706,1
47.42,4.803236400521557,1
47.43,6.146842197775997,1
47.44,3.634366061082706,1
47.45,4.275646125788519,1
47.46,4.00243503906997,1
47.47,5.377997127520274,1
47.480000000000004,3.943722974553192,1
47.49,4.179881597825684,1
47.5,4.156508346721759,1
47.51,3.9195275132586826,1
47.52,4.439805360041137,1
47.53,4.025086619246892,1
47.54,4.24194331231475,1
47.550000000000004,4.077673287680021,1
47.56,3.5411343011110037,1
47.57,3.7378014003113584,1
47.58,4.301502969038104,1
47.59,4.353928710857447,1
47.6,4.830516912005304,1
47.61,5.280883793396418,1
47.62,3.784307996269279,1
47.63,4.136468727953024,1
47.64,3.954902076020022,1
47.65,3.354275807007939,1
47.660000000000004,4.398840784885528,1
47.67,4.588770001946658,1
47.68,3.3796826575582957,1
47.69,3.7416949386146174,1
47.7,3.676713067913131,1
47.71,2.9771718155679388,1
47.72,3.8694881055670782,1
47.730000000000004,3.1872033471864607,1
47.74,3.982190670075378,1
47.75,4.09811034662619,1
47.76,4.189606657385955,1
47.77,4.2375627141972405,1
47.78,4.964432874402542,1
47.79,3.511292959620323,1
47.800000000000004,3.4800359025859837,1
47.81,4.418612813977773,1
47.82,3.985022873605741,1
47.83,4.791145838106277,1
47.84,4.484109936642526,1
47.85,5.349007674641574,1
47.86,4.092968440058444,1
47.870000000000005,3.104144222586294,1
47.88,4.210419181727026,1
47.89,3.988020872972271,1
47.9,4.344588922849913,1
47.910000000000004,4.425872697767352,1
47.92,3.6331822741010154,1
47.93,3.261418869085938,1
47.94,3.7887916225816016,1
47.95,2.36690657639475,1
47.96,3.8830691257024665,1
47.97,3.6684702427860585,1
47.980000000000004,4.496048386094232,1
47.99,2.7193869036788603,1
48.0,3.9287635164579995,1
48.01,5.043147110431997,1
48.02,4.546348296370138,1
48.03,4.730969264572787,1
48.04,4.336488338708186,1
48.050000000000004,3.01757283122238,1
48.06,4.1203878388894655,1
48.07,4.332419279180183,1
48.08,3.3635014017726337,1
48.09,3.901598277760126,1
48.1,2.1103140191885137,1
48.11,3.645124914545055,1
48.120000000000005,3.6500346136176347,1
48.13,4.826915568358828,1
48.14,3.5860250850322006,1
48.15,3.7269064070316187,1
48.160000000000004,3.8609239391361867,1
48.17,3.548482429678048,1
48.18,4.396790916089897,1
48.19,2.7091858560493174,1
48.2,4.661478296911402,1
48.21,4.056703190388019,1
48.22,4.8934880673958565,1
48.230000000000004,2.333025541669036,1
48.24,2.391486672116169,1
48.25,3.789479988240981,1
48.26,4.386905868104497,1
48.27,3.7233142316320538,1
48.28,4.405354466541987,1
48.29,4.682923433069891,1
48.300000000000004,4.471611907942351,1
48.31,4.070578949685553,1
48.32,4.020725094460369,1
48.33,3.5404466679743973,1
48.34,3.8642970959890683,1
48.35,3.2518722509338835,1
48.36,3.3746726212554017,1
48.370000000000005,4.236058449992841,1
48.38,3.6706932921108444,1
48.39,3.479790101447575,1
48.4,4.261744772051006,1
48.410000000000004,4.286915939523194,1
48.42,3.923061892074629,1
48.43,3.960650085460286,1
48.44,4.339719275465715,1
48.45,4.724505508920538,1
48.46,4.245225047942385,1
48.47,3.3014436865545282,1
48.480000000000004,3.8575575932577406,1
48.49,3.749182846181194,1
48.5,3.3002598245936503,1
48.51,4.25636742096213,1
48.52,4.342823499324598,1
48.53,4.4298544637989306,1
48.54,3.3106570214139985,1
48.550000000000004,3.9853632179731937,1
48.56,3.9237657190682667,1
48.57,4.13472167964591,1
48.58,4.049114064798681,1
48.59,3.9729066813435967,1
48.6,3.9137426656039946,1
48.61,4.737696144883292,1
48.620000000000005,3.5306314339319864,1
48.63,3.921379602974317,1
48.64,4.769108604915216,1
48.65,3.5953448854100283,1
48.660000000000004,3.5538381660865874,1
48.67,4.5095887069915825,1
48.68,3.149838345889127,1
48.69,4.399526885746072,1
48.7,3.704799244034308,1
48.71,4.223586861950657,1
48.72,3.1758277517164486,1
48.730000000000004,4.657561458658489,1
48.74,3.17747277864572,1
48.75,4.345582211138743,1
48.76,3.1867763928942217,1
48.77,5.06432824191459,1
48.78,3.9744055896840327,1
48.79,5.242336896030426,1
48.800000000000004,3.5447055907223093,1
48.81,3.7101991108280665,1
48.82,4.813701149030327,1
48.83,3.18536479896618,1
48.84,3.569618680996661,1
48.85,4.370826776569386,1
48.86,3.432519801031196,1
48.870000000000005,4.364677723797232,1
48.88,4.175583499412337,1
48.89,3.0503379069953795,1
48.9,4.569453394655067,1
48.910000000000004,3.1903427120121313,1
48.92,4.406309226977209,1
48.93,4.04583712039382,1
48.94,3.635323730010496,1
48.95,3.1854673408972407,1
48.96,4.093482988208687,1
48.97,3.379333349694839,1
48.980000000000004,4.703375641968754,1
48.99,4.82773812424291,1
49.0,5.116546770682759,1
49.01,4.2739685535699135,1
49.02,3.799649747229374,1
49.03,3.8572399869586436,1
49.04,3.8235121030038135,1
49.050000000000004,4.225758826715125,1
49.06,4.368113475973218,1
49.07,4.881317705256073,1
49.08,4.109075255438761,1
49.09,3.1179899970592793,1
49.1,3.681249628322481,1
49.11,4.965635287335904,1
49.120000000000005,3.0024453467846257,1
49.13,4.35782861954626,1
49.14,3.6958533361712704,1
49.15,3.3330990548981863,1
49.160000000000004,4.1453853216557315,1
49.17,4.961358335993543,1
49.18,4.235431997636985,1
49.19,3.821879646675967,1
49.2,3.149881799441674,1
49.21,3.9095780705941494,1
49.22,3.175776860232056,1
49.230000000000004,3.8113587963077937,1
49.24,4.019969140022651,1
49.25,2.545045431839917,1
49.26,4.884770878676127,1
49.27,3.3096539601035095,1
49.28,3.881063063889324,1
49.29,4.361130235912383,1
49.300000000000004,4.869209465839264,1
49.31,3.513459408917423,1
49.32,2.2972359999863206,1
49.33,4.535802410637787,1
49.34,3.1492384558394875,1
49.35,4.106736559186455,1
49.36,4.208659272651747,1
49.370000000000005,1.8423524418518207,1
49.38,2.779648768910313,1
49.39,3.6058912866509343,1
49.4,2.301179767122408,1
49.410000000000004,3.05462574751311,1
49.42,4.068544250003623,1
49.43,4.008601890694201,1
49.44,4.269088308137124,1
49.45,4.3830478009555875,1
49.46,3.003047685579027,1
49.47,3.1666924060425226,1
49.480000000000004,4.487137504549104,1
49.49,5.040157822866229,1
49.5,3.433243843974141,1
49.51,4.109258714586972,1
49.52,4.484674726542193,1
49.53,4.121313453757121,1
49.54,3.7736707879720153,1
49.550000000000004,3.4953130584796686,1
49.56,5.186534386073353,1
49.57,4.073458985815679,1
49.58,4.213624848358418,1
49.59,4.201345756428394,1
49.6,3.48644344896427,1
49.61,4.026882117433782,1
49.620000000000005,3.8380720824141896,1
49.63,3.831486712527322,1
49.64,4.267742707589362,1
49.65,3.497403826764334,1
49.660000000000004,3.2594271507702897,1
49.67,4.3419044879363415,1
49.68,3.7187294678671594,1
49.69,3.781167572580855,1
49.7,2.733927740195511,1
49.71,4.524190290465688,1
49.72,4.325908764810273,1
49.730000000000004,4.417070058581959,1
49.74,4.204131037477304,1
49.75,2.9532161824464986,1
49.76,4.014489606325016,1
49.77,3.545489640355989,1
49.78,3.304860279939924,1
49.79,4.260837399453894,1
49.800000000000004,5.093222116436364,1
49.81,5.059236526414358,1
49.82,4.512759426254914,1
49.83,4.073052651100045,1
49.84,3.936734302090323,1
49.85,3.4847708790157834,1
49.86,3.8653600770016037,1
49.870000000000005,4.641554535189821,1
49.88,5.26453825052465,1
49.89,3.568015580278861,1
49.9,2.678175158523274,1
49.910000000000004,3.5515227350826635,1
49.92,4.514063418967843,1
49.93,5.313497303252765,1
49.94,4.856601252617645,1
49.95,4.809891394935785,1
49.96,3.426089614318691,1
49.97,3.372467887830917,1
49.980000000000004,3.0602825241983864,1
49.99,3.489934445937011,1
50.0,4.5639724488584195,1
50.01,5.11257401430947,1
50.02,4.336475586109372,1
50.03,3.916558662149338,1
50.04,3.3750728212961905,1
50.050000000000004,3.9649362080156516,1
50.06,4.2009749346761645,1
50.07,3.122931274769172,1
50.08,4.588393723238118,1
50.09,3.7821559426950717,1
50.1,4.54435760646311,1
50.11,4.00085490937972,1
50.120000000000005,4.147354549264654,1
50.13,3.491496317125821,1
50.14,3.6736921669358553,1
50.15,4.321562114905278,1
50.160000000000004,3.862689344662853,1
50.17,3.214665947439932,1
50.18,3.982132894676124,1
50.19,4.227265097668373,1
50.2,4.90588900128523,1
50.21,4.8268846211033685,1
50.22,4.053215202519823,1
50.230000000000004,3.709966004984768,1
50.24,3.9066706439169243,1
50.25,3.730021708251088,1
50.26,4.383497877922858,1
50.27,4.759028643601664,1
50.28,4.893121676666422,1
50.29,3.808035813201375,1
50.300000000000004,3.654781318623691,1
50.31,3.681801448554999,1
50.32,2.6818070520836574,1
50.33,3.078588959036402,1
50.34,3.8500951074183276,1
50.35,4.161653260981941,1
50.36,4.257101971362934,1
50.370000000000005,3.448862457611053,1
50.38,3.605145729708572,1
50.39,3.779546882881122,1
50.4,3.7409705796539616,1
50.410000000000004,4.455585406238419,1
50.42,3.2240934352105493,1
50.43,3.2696493414231727,1
50.44,3.834746742160366,1
50.45,3.1794765229897255,1
50.46,2.7889729863930266,1
50.47,3.0184834574478487,1
50.480000000000004,3.826768295673586,1
50.49,4.420612732489119,1
50.5,4.446378943760107,1
50.51,5.032346872078483,1
50.52,4.082364544701306,1
50.53,4.096295611589563,1
50.54,3.771105163283966,1
50.550000000000004,3.779880528218433,1
50.56,5.265426343121822,1
50.57,4.185341669650168,1
50.58,4.193951388190524,1
50.59,3.2467537877715325,1
50.6,4.222582360511622,1
50.61,4.465221144850944,1
50.620000000000005,4.793854156345585,1
50.63,4.518348317335606,1
50.64,4.021070707939132,1
50.65,3.9667724218376934,1
50.660000000000004,4.022522835846127,1
50.67,4.131053714824595,1
50.68,4.873491059764114,1
50.69,4.770269041105954,1
50.7,4.533243280753727,1
50.71,5.323883408310833,1
50.72,2.310449122922398,1
50.730000000000004,3.5382276375720303,1
50.74,3.8927784169552053,1
50.75,3.481969835840085,1
50.76,3.294384486964315,1
50.77,2.7833639029203683,1
50.78,3.681863280606644,1
50.79,4.539082436732753,1
50.800000000000004,4.535980528329048,1
50.81,3.5688765505817543,1
50.82,4.1625735136125535,1
50.83,4.952504457130794,1
50.84,3.1430880096453495,1
50.85,3.92096282771142,1
50.86,4.25242937710702,1
50.870000000000005,4.081800293409087,1
50.88,4.599963123922351,1
50.89,3.086064895005028,1
50.9,3.291076351479906,1
50.910000000000004,4.3752713864350445,1
50.92,2.8725245026910318,1
50.93,4.397149951786467,1
50.94,4.243482797171506,1
50.95,4.420553041170644,1
50.96,3.64945995082005,1
50.97,4.249609243841812,1
50.980000000000004,3.211222908524951,1
50.99,3.6618305796132105,1
51.0,4.004770872636125,1
51.01,3.441872970863375,1
51.02,4.153565965968002,1
51.03,3.3287191790629684,1
51.04,4.206232812019986,1
51.050000000000004,5.217971792961261,1
51.06,3.3290017882333585,1
51.07,4.005258739121138,1
51.08,2.993675096452837,1
51.09,3.421075819251474,1
51.1,4.419226208195835,1
51.11,3.7210279115122478,1
51.120000000000005,4.419419323249261,1
51.13,4.1941725932449625,1
51.14,3.8975877939308616,1
51.15,3.2505076510066537,1
51.160000000000004,4.328510535443245,1
51.17,4.156885110055425,1
51.18,2.9748367219935457,1
51.19,3.2907780897683367,1
51.2,2.1623038787897912,1
51.21,3.028401392155561,1
51.22,3.7839160332823933,1
51.230000000000004,3.3638652510309206,1
51.24,3.494423794599773,1
51.25,4.947342524825653,1
51.26,4.795648936533932,1
51.27,3.6571743970043453,1
51.28,4.537440188657445,1
51.29,4.842391073239289,1
51.300000000000004,4.450392348110336,1
51.31,4.19625498482019,1
51.32,4.678859564374187,1
51.33,4.478117122694971,1
51.34,3.169395116299875,1
51.35,3.7521440632375627,1
51.36,3.5556457230042695,1
51.370000000000005,4.660940609940988,1
51.38,3.6199222710619816,1
51.39,3.467255964469438,1
51.4,4.635659686774006,1
51.410000000000004,4.231343012096586,1
51.42,5.429605634177997,1
51.43,3.5882290707254567,1
51.44,3.7108592151785658,1
51.45,4.786051625144391,1
51.46,3.2885302742495517,1
51.47,4.873722705176774,1
51.480000000000004,3.312130899042476,1
51.49,4.376558555075115,1
51.5,2.825285378463969,1
51.51,3.9340773096300223,1
51.52,3.061914077257113,1
51.53,5.131637984299477,1
51.54,3.3003921441729225,1
51.550000000000004,3.344802181152542,1
51.56,4.236803467972864,1
51.57,3.5641332153995267,1
51.58,4.384858452567768,1
51.59,3.53994539210918,1
51.6,3.462634617136314,1
51.61,3.9745985503835946,1
51.620000000000005,3.254435714542068,1
51.63,4.274340103471975,1
51.64,4.657878319124096,1
51.65,4.473707854439547,1
51.660000000000004,4.5170862417495545,1
51.67,2.8422796809357904,1
51.68,3.6741458995128693,1
51.69,3.8550222924161406,1
51.7,4.933509048711455,1
51.71,3.654120123817051,1
51.72,2.4402757059605547,1
51.730000000000004,3.1931120758809994,1
51.74,3.450384187077039,1
51.75,2.4924000944188625,1
51.76,4.466781718987136,1
51.77,2.9494616583342905,1
51.78,4.183219851521091,1
51.79,3.2803145855875337,1
51.800000000000004,4.936077234029494,1
51.81,3.9017094811768174,1
51.82,3.728780598051063,1
51.83,4.388373601590844,1
51.84,3.4419379450554257,1
51.85,4.415382416938095,1
51.86,3.7836869205793118,1
51.870000000000005,3.661382614615826,1
51.88,3.9660053815700183,1
51.89,3.3128505937449506,1
51.9,3.833431703712907,1
51.910000000000004,4.185552267674677,1
51.92,2.467615351210592,1
51.93,4.5542288439035685,1
51.94,4.490482720299423,1
51.95,2.7506906827151423,1
51.96,2.549330254052004,1
51.97,4.3990569147331335,1
51.980000000000004,4.4768458731953205,1
51.99,4.410953744245811,1
52.0,3.1003110400627834,1
52.01,5.157216026951146,1
52.02,3.6251060842617213,1
52.03,4.194785666879842,1
52.04,4.247249896881482,1
52.050000000000004,5.123809762021626,1
52.06,4.219925274208465,1
52.07,4.343161712855682,1
52.08,4.013687739673271,1
52.09,3.2463329356338866,1
52.1,2.4488825857331413,1
52.11,3.9033503613880782,1
52.120000000000005,3.032279428955538,1
52.13,4.1072418886086135,1
52.14,4.0307466357371835,1
52.15,4.00714605316379,1
52.160000000000004,3.2459762717702256,1
52.17,4.567142087649975,1
52.18,4.298934216828205,1
52.19,3.2293150389996135,1
52.2,5.297375730679089,1
52.21,3.965796395165886,1
52.22,3.177763619636281,1
52.230000000000004,3.5205250895538307,1
52.24,3.064420679122061,1
52.25,4.9013357024128865,1
52.26,4.826390811580378,1
52.27,4.58953548936604,1
52.28,4.4361084867521345,1
52.29,4.85802702687087,1
52.300000000000004,3.8929854904731296,1
52.31,4.243093202565757,1
52.32,3.442267328348615,1
52.33,3.8050741869543727,1
52.34,4.20812630896658,1
52.35,1.9379180017618136,1
52.36,3.402904269979716,1
52.370000000000005,4.011066399781811,1
52.38,3.9072297780834453,1
52.39,3.679005965545283,1
52.4,4.364482470465968,1
52.410000000000004,3.587406035234927,1
52.42,3.2279749724512126,1
52.43,4.783640202675436,1
52.44,4.795720195085373,1
52.45,3.734432863471583,1
52.46,4.010779467927968,1
52.47,4.609705652761084,1
52.480000000000004,4.108292623536967,1
52.49,4.372411590001721,1
52.5,4.329422914925578,1
52.51,3.7879571400415517,1
52.52,4.276484316203801,1
52.53,3.328605713678408,1
52.54,4.143331692969154,1
52.550000000000004,3.8850882686123733,1
52.56,3.687774917497421,1
52.57,3.11219188777543,1
52.58,3.989016314056956,1
52.59,4.002440547910682,1
52.6,3.456849274439348,1
52.61,2.956035657443359,1
52.620000000000005,2.915918633270539,1
52.63,3.8320051985408083,1
52.64,4.26098609170484,1
52.65,5.29140921221993,1
52.660000000000004,4.119471303556515,1
52.67,3.0127270492587357,1
52.68,3.8496486647406085,1
52.69,4.824800677265061,1
52.7,3.604987204679896,1
52.71,4.677360251841277,1
52.72,4.1091173566866415,1
52.730000000000004,4.364362527686827,1
52.74,5.155740088338736,1
52.75,2.801839473689883,1
52.76,4.438503710457041,1
52.77,3.9047091079408887,1
52.78,3.335287203700456,1
52.79,3.872922576567662,1
52.800000000000004,5.091009529407375,1
52.81,4.956333523125217,1
52.82,2.8047980966961914,1
52.83,3.4906935917901643,1
52.84,4.653419927443671,1
52.85,4.10053193731826,1
52.86,4.065628861232433,1
52.870000000000005,3.046518420060842,1
52.88,3.502243690628442,1
52.89,3.110791409699495,1
52.9,2.8724439677894344,1
52.910000000000004,3.091568469536936,1
52.92,3.2977778806479288,1
52.93,3.4021342333666076,1
52.94,3.3455286750692927,1
52.95,4.5473982294191355,1
52.96,3.3729779548643046,1
52.97,4.827572298369114,1
52.980000000000004,3.6924972411817,1
52.99,4.244614647227573,1
53.0,4.321851428901995,1
53.01,3.461485645705855,1
53.02,3.8003540221614305,1
53.03,3.7235967125019553,1
53.04,4.297267357286191,1
53.050000000000004,4.009672936007985,1
53.06,3.5862824348641706,1
53.07,4.112581698199905,1
53.08,4.270247185458716,1
53.09,5.238477358633764,1
53.1,4.117027776587148,1
53.11,3.9887940121472294,1
53.120000000000005,4.2317455206256405,1
53.13,3.3360050074562464,1
53.14,2.7683984865164217,1
53.15,3.6481681095343763,1
53.160000000000004,4.603214492052357,1
53.17,4.7764006380333015,1
53.18,2.7840453036141595,1
53.19,4.337314374559402,1
53.2,2.604161961263423,1
53.21,4.238900712228405,1
53.22,4.318989463046825,1
53.230000000000004,2.9624712141972114,1
53.24,4.658808396682224,1
53.25,5.246414640785377,1
53.26,4.105530352496882,1
53.27,4.157972909562169,1
53.28,5.012311318848914,1
53.29,3.3518418439599325,1
53.300000000000004,3.245216303761383,1
53.31,3.385375305293175,1
53.32,3.9416429223293923,1
53.33,3.956928580928344,1
53.34,3.5662237294807317,1
53.35,3.7035781066577544,1
53.36,3.560842676403111,1
53.370000000000005,3.5944001897279962,1
53.38,3.4338855044137624,1
53.39,3.450737826599257,1
53.4,2.6702572735478767,1
53.410000000000004,3.7998099204323967,1
53.42,2.764691665142096,1
53.43,4.474765971473878,1
53.44,3.737396293859491,1
53.45,3.9822023153599644,1
53.46,3.8280674479054824,1
53.47,3.891452251802467,1
53.480000000000004,4.856340822588478,1
53.49,3.1963904484366457,1
53.5,2.897045139046217,1
53.51,3.9865535695763445,1
53.52,3.6319125575137585,1
53.53,4.149349172630268,1
53.54,4.401695765171464,1
53.550000000000004,3.230839289112458,1
53.56,4.274061982703948,1
53.57,3.2932209161203247,1
53.58,3.9628402588238556,1
53.59,3.1733249987309673,1
53.6,4.037621476076893,1
53.61,4.013432863957482,1
53.620000000000005,3.330732933835489,1
53.63,3.140367368750151,1
53.64,4.507659322526869,1
53.65,3.8119746822321123,1
53.660000000000004,4.716637983871617,1
53.67,3.7505849868078007,1
53.68,4.873066542011696,1
53.69,3.4589413883527893,1
53.7,4.921613797038297,1
53.71,4.143712980235443,1
53.72,4.22248293777124,1
53.730000000000004,3.3000087551313757,1
53.74,4.358935203469393,1
53.75,4.441759867771182,1
53.76,3.7447183444007988,1
53.77,2.5399288333514867,1
53.78,3.146896392419058,1
53.79,3.2044553102855877,1
53.800000000000004,4.245303714773356,1
53.81,3.7377131401480144,1
53.82,3.74067784488389,1
53.83,3.678900868380465,1
53.84,5.006253352838826,1
53.85,4.165235794795573,1
53.86,4.209498322331647,1
53.870000000000005,3.670848344299161,1
53.88,4.004160020708178,1
53.89,3.389094104608429,1
53.9,4.184880884648368,1
53.910000000000004,3.242454345031664,1
53.92,4.391879099434332,1
53.93,3.484754447785483,1
53.94,4.512228735528383,1
53.95,5.1928065166176225,1
53.96,4.00099830272275,1
53.97,4.790917465969185,1
53.980000000000004,4.491877338214717,1
53.99,3.077982191007613,1
54.0,4.0181353659031025,1
54.01,4.351001709002157,1
54.02,4.454414638728884,1
54.03,4.20479060194435,1
54.04,4.191747494739322,1
54.050000000000004,4.090240603605398,1
54.06,4.163107456907809,1
54.07,3.275984400245666,1
54.08,3.8464382107814195,1
54.09,3.0699499232930743,1
54.1,3.619838469370606,1
54.11,3.5691372061320386,1
54.120000000000005,3.5038444071546144,1
54.13,3.225757330835085,1
54.14,4.05605908961662,1
54.15,3.721555395732449,1
54.160000000000004,3.639224078427639,1
54.17,3.004922406434204,1
54.18,3.703894842656148,1
54.19,4.703588538367662,1
54.2,4.796863327367551,1
54.21,4.314878932272472,1
54.22,3.8729278322275618,1
54.230000000000004,4.416959900336421,1
54.24,3.6642205091251987,1
54.25,3.8611246337655887,1
54.26,3.5811819461859677,1
54.27,4.624401635744365,1
54.28,4.586694081597231,1
54.29,4.034598781684321,1
54.300000000000004,5.123879254867544,1
54.31,4.310362796022178,1
54.32,4.204212972256004,1
54.33,4.111989214762111,1
54.34,3.1155098887912045,1
54.35,3.2912610249691485,1
54.36,3.8507404543418686,1
54.370000000000005,3.9007931953874704,1
54.38,4.333563163749911,1
54.39,3.56478228765105,1
54.4,4.021233796316539,1
54.410000000000004,4.08345576377081,1
54.42,4.133723564112501,1
54.43,4.080573617969755,1
54.44,3.1661836184820804,1
54.45,2.5582619554142543,1
54.46,3.3737367322737977,1
54.47,3.6779725016071,1
54.480000000000004,3.259204205659326,1
54.49,3.9413294250671584,1
54.5,4.702289438536395,1
54.51,4.488487339594615,1
54.52,4.286340241893641,1
54.53,4.594578551337046,1
54.54,3.3635512788813795,1
54.550000000000004,3.58999550623475,1
54.56,4.3030456506267845,1
54.57,3.6501376454963084,1
54.58,3.66347314138944,1
54.59,5.166299832347441,1
54.6,4.133386854212091,1
54.61,5.17701629783026,1
54.620000000000005,2.9331528638131665,1
54.63,3.5885648432526858,1
54.64,4.312767161089685,1
54.65,4.155017369242863,1
54.660000000000004,2.7468876499031056,1
54.67,3.8360119297182993,1
54.68,5.637865652822153,1
54.69,4.280376082786647,1
54.7,4.407514855654061,1
54.71,3.5819205654398254,1
54.72,4.087225492030798,1
54.730000000000004,3.9353346473268402,1
54.74,4.649838026617171,1
54.75,4.66883299156772,1
54.76,4.233253728545838,1
54.77,3.9998836107113664,1
54.78,2.8673999068068516,1
54.79,2.7980801058697855,1
54.800000000000004,3.9825142594571026,1
54.81,4.5911601430058475,1
54.82,4.945084536467138,1
54.83,3.541316807707221,1
54.84,3.0654425635760765,1
54.85,4.624692385530633,1
54.86,3.580170464607104,1
54.870000000000005,3.011718975682849,1
54.88,3.663529998599888,1
54.89,3.6700959868334353,1
54.9,4.835287684429471,1
54.910000000000004,4.587044241221649,1
54.92,3.51124501984638,1
54.93,4.815807952230854,1
54.94,4.057867632904076,1
54.95,4.616337995425161,1
54.96,4.826807589806656,1
54.97,3.819074292773663,1
54.980000000000004,4.316693595552022,1
54.99,3.7331849600051674,1
55.0,4.588951648609813,1
55.01,4.118631584789532,1
55.02,4.675742286050566,1
55.03,5.091750785222047,1
55.04,4.492766138992784,1
55.050000000000004,4.044361437451135,1
55.06,4.024098057428496,1
55.07,2.1429943801017,1
55.08,3.4692376148068327,1
55.09,4.59513494065507,1
55.1,4.6635118152863635,1
55.11,3.5384805906570165,1
55.120000000000005,4.033550072446731,1
55.13,3.8173114810270623,1
55.14,4.3642714330476355,1
55.15,5.379434544295798,1
55.160000000000004,4.471156471455852,1
55.17,3.533282569136954,1
55.18,3.8779765558514816,1
55.19,4.8803902325790816,1
55.2,3.1403163326923003,1
55.21,3.5740731232365257,1
55.22,4.480629075067777,1
55.230000000000004,4.930537316470701,1
55.24,4.523149480350997,1
55.25,3.7131826757046675,1
55.26,4.4021951154145835,1
55.27,4.35309313400104,1
55.28,4.2919484436661826,1
55.29,3.9764326855384886,1
55.300000000000004,4.031486920635706,1
55.31,3.388355678496089,1
55.32,5.526990093037856,1
55.33,4.13158519671921,1
55.34,4.291584516761309,1
55.35,3.8006730376031657,1
55.36,4.465217670246255,1
55.370000000000005,3.1252958961857233,1
55.38,2.7717788169918007,1
55.39,3.8846359426628787,1
55.4,5.327291955465163,1
55.410000000000004,4.888352409295116,1
55.42,3.5742972389959737,1
55.43,4.371210274471147,1
55.44,3.6818254742031713,1
55.45,4.333015946661636,1
55.46,4.418530824743094,1
55.47,4.686394608426184,1
55.480000000000004,3.0684752901073193,1
55.49,3.1448583880050918,1
55.5,3.8981758563411852,1
55.51,3.2993030480543006,1
55.52,3.192398844249992,1
55.53,4.066032876894963,1
55.54,3.3374103439289677,1
55.550000000000004,5.349642830503177,1
55.56,3.6637605234273014,1
55.57,3.744334945005118,1
55.58,4.13457347311822,1
55.59,3.007769318840943,1
55.6,4.271881886910446,1
55.61,4.2625883677922225,1
55.620000000000005,3.8346553116177016,1
55.63,4.2297112750579275,1
55.64,4.363866007234577,1
55.65,5.028460165035446,1
55.660000000000004,5.755234141950246,1
55.67,3.4767377707588336,1
55.68,3.16998725343493,1
55.69,4.038766147459549,1
55.7,2.6519802025058024,1
55.71,4.315756852397777,1
55.72,4.04677594474917,1
55.730000000000004,4.1792127430942045,1
55.74,3.7415852664291016,1
55.75,4.074521797681192,1
55.76,4.239589493554552,1
55.77,4.08400005663552,1
55.78,3.08916154906126,1
55.79,4.035052062018949,1
55.800000000000004,5.206492356797116,1
55.81,4.253408641144366,1
55.82,4.149669705731498,1
55.83,5.083077760568961,1
55.84,3.6534089495697804,1
55.85,4.631888070392817,1
55.86,3.7652163694091634,1
55.870000000000005,4.751075994862536,1
55.88,4.606000840504599,1
55.89,3.790761580789506,1
55.9,3.8133991362380737,1
55.910000000000004,4.598515019549601,1
55.92,2.786501111636408,1
55.93,3.578553678177092,1
55.94,4.305056802381907,1
55.95,3.7429598879586554,1
55.96,4.000796336686228,1
55.97,2.61553367706602,1
55.980000000000004,3.319382360588966,1
55.99,4.378111511814192,1
56.0,3.536894648058577,1
56.01,3.15186147822518,1
56.02,4.6834535718503485,1
56.03,4.43749794545712,1
56.04,3.3921791694432026,1
56.050000000000004,4.128830982163594,1
56.06,3.393884886500805,1
56.07,3.924869532418231,1
56.08,4.152817941915426,1
56.09,3.506493201043314,1
56.1,4.450553404662012,1
56.11,4.584539603131068,1
56.120000000000005,4.160541779063042,1
56.13,4.2163361190791155,1
56.14,2.9981415248040144,1
56.15,4.74828006418848,1
56.160000000000004,3.9143579868857215,1
56.17,3.3278837901586713,1
56.18,4.011155985152741,1
56.19,4.462451877535789,1
56.2,4.361657623339389,1
56.21,3.3426423118041995,1
56.22,4.497675469942314,1
56.230000000000004,4.052403150481011,1
56.24,4.400541209695635,1
56.25,3.5793975867377745,1
56.26,4.72466608971783,1
56.27,4.222187375814704,1
56.28,4.827813757982261,1
56.29,3.0757019598806816,1
56.300000000000004,3.03377754699661,1
56.31,3.7615682787427165,1
56.32,4.892392151625952,1
56.33,5.265172062927633,1
56.34,3.4272723856169547,1
56.35,3.9246198639764094,1
56.36,4.024859762986549,1
56.370000000000005,4.407296743990666,1
56.38,4.555487659330631,1
56.39,3.2883754652922486,1
56.4,4.000695851260844,1
56.410000000000004,2.72157854493092,1
56.42,4.4948991041779,1
56.43,3.8718875646349713,1
56.44,3.2824277106523128,1
56.45,4.248146587261679,1
56.46,3.8461914457750015,1
56.47,4.869400204901986,1
56.480000000000004,3.5161704254826742,1
56.49,5.435187893328774,1
56.5,4.639088363497278,1
56.51,4.849117349977714,1
56.52,3.337868795056549,1
56.53,5.058776348384887,1
56.54,3.204589461284144,1
56.550000000000004,3.7407085372755824,1
56.56,4.7596569742114,1
56.57,4.3142295729034466,1
56.58,3.171710116156164,1
56.59,4.665089529312045,1
56.6,4.261960942286824,1
56.61,3.770396255977178,1
56.620000000000005,3.0312630750314176,1
56.63,4.2858545025200705,1
56.64,3.983315820883046,1
56.65,4.1758519078317535,1
56.660000000000004,3.0533111094824346,1
56.67,3.731718137308574,1
56.68,4.338678167770506,1
56.69,5.259725234676168,1
56.7,3.94090757370492,1
56.71,4.9081873008317665,1
56.72,4.519806144765927,1
56.730000000000004,4.1209748313814325,1
56.74,3.2782205985752055,1
56.75,3.251583737551039,1
56.76,4.284488894646345,1
56.77,3.615307477460329,1
56.78,3.5345137663661483,1
56.79,3.8329856198931287,1
56.800000000000004,3.8851642339427013,1
56.81,4.602275549360463,1
56.82,3.7536945332592104,1
56.83,4.566989389680346,1
56.84,4.391514021395148,1
56.85,3.0127887194231966,1
56.86,4.203136940766426,1
56.870000000000005,2.3414256140232514,1
56.88,3.3627783109648686,1
56.89,4.28412435085226,1
56.9,4.008658627964257,1
56.910000000000004,2.8287385879656326,1
56.92,3.158040228005472,1
56.93,2.1948440802115017,1
56.94,2.9483955032835825,1
56.95,4.237181863559847,1
56.96,3.581267765010093,1
56.97,4.024985364191762,1
56.980000000000004,3.967212452921927,1
56.99,3.9972735960967003,1
57.0,4.665157628125181,1
57.01,3.9329765193280326,1
57.02,4.632386129598768,1
57.03,2.492471057824017,1
57.04,4.702874834336294,1
57.050000000000004,3.2805674111813343,1
57.06,3.331964217293353,1
57.07,3.5628979189035337,1
57.08,4.720150053318157,1
57.09,3.4881055105396666,1
57.1,3.5422434243243273,1
57.11,3.3238424183068696,1
57.120000000000005,4.079598545713746,1
57.13,4.425350533896805,1
57.14,5.0591348699727865,1
57.15,5.545184220296533,1
57.160000000000004,4.443282624129665,1
57.17,4.203687689513971,1
57.18,3.179236468547957,1
57.19,5.167665348885859,1
57.2,4.211302974706625,1
57.21,3.849845901591867,1
57.22,4.2879721216137865,1
57.230000000000004,3.666295546466382,1
57.24,2.5354299974684076,1
57.25,4.35856301456452,1
57.26,4.963834195352531,1
57.27,4.4793338658928485,1
57.28,4.0673064261127765,1
57.29,4.034549473009488,1
57.300000000000004,4.112369773780471,1
57.31,4.073930185714742,1
57.32,3.919511500745375,1
57.33,3.949713893457319,1
57.34,4.933718869874377,1
57.35,4.2870127349342795,1
57.36,4.014158649517583,1
57.370000000000005,4.368418722404717,1
57.38,4.406737850834168,1
57.39,4.61629514096208,1
57.4,3.547354957156809,1
57.410000000000004,3.685782242542262,1
57.42,3.498826848379567,1
57.43,4.5293016268764115,1
57.44,4.569734804385847,1
57.45,3.2835021871497374,1
57.46,4.281881538330127,1
57.47,4.967414233491243,1
57.480000000000004,3.948493764888583,1
57.49,4.222524564343602,1
57.5,4.485828460262072,1
57.51,3.1476119386531285,1
57.52,4.001931494574724,1
57.53,4.763601704770494,1
57.54,3.588723811750323,1
57.550000000000004,4.440016628896768,1
57.56,3.972739713337497,1
57.57,3.5005699591076054,1
57.58,3.864277117717977,1
57.59,3.6285896107513884,1
57.6,3.4028347955832716,1
57.61,3.823865196882454,1
57.620000000000005,4.079368422505947,1
57.63,3.958921205830886,1
57.64,3.8975544513791416,1
57.65,4.215920866146118,1
57.660000000000004,4.42903135143934,1
57.67,3.3435760663404177,1
57.68,3.8399923569129353,1
57.69,2.731809065010138,1
57.7,3.8171960045726157,1
57.71,4.061978002893968,1
57.72,4.327868905795805,1
57.730000000000004,4.057759803042642,1
57.74,4.286936573313356,1
57.75,3.984101121727683,1
57.76,3.4894656692880304,1
57.77,3.1851606137788586,1
57.78,3.7373263290877827,1
57.79,3.4651574086942514,1
57.800000000000004,3.8917154992403087,1
57.81,3.699080252212548,1
57.82,4.299396245036651,1
57.83,4.111627201917132,1
57.84,4.369246149977803,1
57.85,4.384621711051183,1
57.86,3.977784752549192,1
57.870000000000005,3.9820433275823994,1
57.88,4.367517649280478,1
57.89,5.630947025464927,1
57.9,3.4545966213228247,1
57.910000000000004,3.9696440116379432,1
57.92,3.176828916510853,1
57.93,3.8751412069484314,1
57.94,3.4829570076348553,1
57.95,3.8157437415425686,1
57.96,4.018429943327509,1
57.97,3.623418389112355,1
57.980000000000004,2.7769113045521414,1
57.99,4.829643497544061,1
58.0,4.595809088875807,1
58.01,3.975759298115187,1
58.02,3.463556429121906,1
58.03,4.084879791307233,1
58.04,4.311514025753665,1
58.050000000000004,4.593731724401096,1
58.06,4.666343122137958,1
58.07,4.781846074417447,1
58.08,2.960530147172752,1
58.09,3.761870463984045,1
58.1,4.628581504081753,1
58.11,3.4137145474111033,1
58.120000000000005,4.710379430132084,1
58.13,5.155348173732344,1
58.14,4.770039934134221,1
58.15,4.400026473255543,1
58.160000000000004,3.662362073666061,1
58.17,4.102318248767449,1
58.18,3.089614385381048,1
58.19,3.4166696642701795,1
58.2,3.5052935876976643,1
58.21,4.0352485746033215,1
58.22,3.79319849166642,1
58.230000000000004,4.219225523731067,1
58.24,4.654914223920357,1
58.25,3.6542380092071984,1
58.26,4.1469554922271525,1
58.27,3.799080896947388,1
58.28,4.154467322584479,1
58.29,4.476376672748586,1
58.300000000000004,4.624823765152734,1
58.31,4.4476807809764765,1
58.32,4.249927167152887,1
58.33,3.0316201599394437,1
58.34,3.168139337425569,1
58.35,3.339902707666198,1
58.36,4.121792811630943,1
58.370000000000005,3.109509925000392,1
58.38,4.122425313022588,1
58.39,4.157040837559195,1
58.4,2.754974611450012,1
58.410000000000004,3.244351644701425,1
58.42,4.677497325342785,1
58.43,4.555049071915937,1
58.44,3.5537439439259266,1
58.45,3.377211803865399,1
58.46,2.4440613747259237,1
58.47,4.921420497408103,1
58.480000000000004,4.125062031015761,1
58.49,5.251618403889673,1
58.5,3.949252073493943,1
58.51,4.155585881554815,1
58.52,4.542095861269444,1
58.53,5.033954332597321,1
58.54,4.314913374372093,1
58.550000000000004,3.945021746416071,1
58.56,3.943556523250308,1
58.57,3.2578886925949444,1
58.58,3.664557125284961,1
58.59,3.991206121349502,1
58.6,4.89756839407685,1
58.61,3.7995509916205172,1
58.620000000000005,4.722993690736348,1
58.63,4.052180741265735,1
58.64,4.882188872590909,1
58.65,4.567443402967369,1
58.660000000000004,4.500594710120508,1
58.67,4.725283040119984,1
58.68,4.627234787357149,1
58.69,4.749767000898532,1
58.7,5.426652899357865,1
58.71,5.109965904314301,1
58.72,4.323687959470945,1
58.730000000000004,3.6709031388951847,1
58.74,4.145795416554186,1
58.75,2.683541255535695,1
58.76,4.387598463319857,1
58.77,3.275319400120893,1
58.78,4.641677967582265,1
58.79,5.301469532439219,1
58.800000000000004,3.138163254545274,1
58.81,3.940372206497436,1
58.82,3.351340002652808,1
58.83,2.9016028597908536,1
58.84,3.9373128465261273,1
58.85,4.4837884581565,1
58.86,4.589788663531311,1
58.870000000000005,4.195415130674132,1
58.88,2.9750625167561293,1
58.89,4.040455453634727,1
58.9,3.0325356907529173,1
58.910000000000004,2.9913594957489362,1
58.92,3.2471764345820193,1
58.93,4.57407848359251,1
58.94,4.31602092003381,1
58.95,4.15283250868659,1
58.96,3.3781963802366404,1
58.97,3.6509356014968866,1
58.980000000000004,3.046941457151318,1
58.99,4.806114687816461,1
59.0,5.475494758007062,1
59.01,4.474388206877982,1
59.02,4.54878614382565,1
59.03,3.9916892195310156,1
59.04,3.020955024149789,1
59.050000000000004,3.469103445366313,1
59.06,3.7374757620750754,1
59.07,3.794439583101737,1
59.08,3.63152071474979,1
59.09,4.03077496204951,1
59.1,3.448748903280849,1
59.11,5.348685729097027,1
59.120000000000005,3.1494874233180044,1
59.13,4.462781370485687,1
59.14,3.785666727134639,1
59.15,4.21198187484948,1
59.160000000000004,4.271114024448007,1
59.17,4.058004746529435,1
59.18,3.224976999608738,1
59.19,3.7161616286735124,1
59.2,4.094166886375962,1
59.21,4.0994287258029285,1
59.22,3.387667622262337,1
59.230000000000004,4.862936065375066,1
59.24,2.506074788184744,1
59.25,3.823511148941201,1
59.26,3.462916914211857,1
59.27,4.146125498054581,1
59.28,4.711588233101256,1
59.29,3.1517130650142056,1
59.300000000000004,5.474706702376161,1
59.31,4.194726280779876,1
59.32,4.213817612049535,1
59.33,3.0167747797769064,1
59.34,3.838591107373303,1
59.35,4.545331287146615,1
59.36,4.0976385481816315,1
59.370000000000005,4.036664970828089,1
59.38,3.92541237040033,1
59.39,3.0795384060628974,1
59.4,3.048465348564498,1
59.410000000000004,4.726322566519348,1
59.42,4.661572045294654,1
59.43,4.770064071055889,1
59.44,3.5845356229648098,1
59.45,3.9482725418386226,1
59.46,4.867408489071439,1
59.47,3.3150136593603774,1
59.480000000000004,4.735140768752215,1
59.49,3.685457547901287,1
59.5,3.424744051165502,1
59.51,3.920055064384982,1
59.52,3.2249205948886415,1
59.53,2.6608357754692356,1
59.54,3.896779168182298,1
59.550000000000004,4.265018917568923,1
59.56,4.73313205445374,1
59.57,4.377654397845072,1
59.58,5.254726307398457,1
59.59,4.936488428814465,1
59.6,4.5365594451596545,1
59.61,4.360968384369452,1
59.620000000000005,4.865323543481586,1
59.63,2.677946600970897,1
59.64,3.6814031321182408,1
59.65,2.850482819460413,1
59.660000000000004,4.43255042779083,1
59.67,3.604182610900085,1
59.68,5.978628858176487,1
59.69,3.804572472562202,1
59.7,4.055802566848987,1
59.71,3.717624623434794,1
59.72,3.620350082218726,1
59.730000000000004,3.1065415356633994,1
59.74,3.043593261186386,1
59.75,2.4530625214310797,1
59.76,4.1898109605022,1
59.77,3.675709255791737,1
59.78,5.191996978856564,1
59.79,3.2423856652071223,1
59.800000000000004,4.913902014233864,1
59.81,5.099682846384285,1
59.82,4.940103079961534,1
59.83,4.270649466398414,1
59.84,3.8690025437935254,1
59.85,4.895524739029813,1
59.86,3.611491809592244,1
59.870000000000005,4.212488720431002,1
59.88,4.0275039281684135,1
59.89,3.445173163361395,1
59.9,4.145632031944264,1
59.910000000000004,4.465342692582822,1
59.92,3.3784327377446566,1
59.93,4.199345269551429,1
59.94,2.4935014690129695,1
59.95,3.153452806232512,1
59.96,3.581183504149288,1
59.97,4.146565464482965,1
59.980000000000004,4.529690961223806,1
59.99,4.063619356438421,1
60.0,4.372924155666786,1
60.01,3.9429066219894913,1
60.02,4.304726246524281,1
60.03,4.308512353602387,1
60.04,3.760444665382171,1
60.050000000000004,3.830480858234664,1
60.06,4.4504932529603725,1
60.07,5.262920904759359,1
60.08,4.901933619934369,1
60.09,3.34341282794856,1
60.1,3.2288114756177775,1
60.11,3.581474206003095,1
60.120000000000005,3.993531941052821,1
60.13,3.969021982431317,1
60.14,4.730669822923427,1
60.15,4.808712260671579,1
60.160000000000004,3.9809142094963783,1
60.17,3.7909624348548174,1
60.18,4.279598250026404,1
60.19,4.684711695580878,1
60.2,4.401002975960181,1
60.21,3.7687821297311297,1
60.22,3.6344184391690946,1
60.230000000000004,3.3193732576125274,1
60.24,4.15690350240338,1
60.25,4.48914749492956,1
60.26,4.57742220246962,1
60.27,4.842097086136385,1
60.28,5.054133080397945,1
60.29,3.193030464431199,1
60.300000000000004,4.212720128992363,1
60.31,4.273046119309719,1
60.32,3.9228646583803775,1
60.33,3.396017955667306,1
60.34,4.828877489342142,1
60.35,3.592396671970326,1
60.36,2.481657138888909,1
60.370000000000005,3.8617666196353877,1
60.38,3.7942336265045493,1
60.39,5.171081789086584,1
60.4,4.389475800639722,1
60.410000000000004,3.8500266015834494,1
60.42,3.9088158540680413,1
60.43,3.9212107134374903,1
60.44,5.50601419110154,1
60.45,4.60406926578404,1
60.46,3.194522427086917,1
60.47,3.853227920230254,1
60.480000000000004,4.018999797517906,1
60.49,3.304417669109686,1
60.5,2.7999486700870886,1
60.51,4.289694321400374,1
60.52,3.449772942856091,1
60.53,4.715325558173875,1
60.54,3.9760350788244594,1
60.550000000000004,3.6154078376632865,1
60.56,2.337593204143764,1
60.57,4.6331745049282285,1
60.58,4.185299636869178,1
60.59,3.6984162812633588,1
60.6,3.4057414366132384,1
60.61,5.026602508021728,1
60.620000000000005,3.416639143349152,1
60.63,3.7877091974555164,1
60.64,4.4291309051217045,1
60.65,5.0424821716621935,1
60.660000000000004,3.99347896428161,1
60.67,3.5829945038955637,1
60.68,3.9488637207563437,1
60.69,4.605678559705177,1
60.7,4.767641524016342,1
60.71,3.1290940718708145,1
60.72,3.9767825827557757,1
60.730000000000004,3.0061140523360383,1
60.74,4.4418712976943295,1
60.75,4.225132249782603,1
60.76,3.344531512512002,1
60.77,4.895913654325578,1
60.78,4.227981723476723,1
60.79,4.137890312615286,1
60.800000000000004,3.893543986184037,1
60.81,4.013118754265899,1
60.82,3.798809774893972,1
60.83,3.56891105013323,1
60.84,4.843831405285156,1
60.85,3.806359158380106,1
60.86,3.718117298992614,1
60.870000000000005,3.9593535780923217,1
60.88,4.964966981189104,1
60.89,4.813731182751438,1
60.9,3.7911515382910372,1
60.910000000000004,4.758721626277146,1
60.92,4.070135255089325,1
60.93,3.395069398053761,1
60.94,3.5825764215562605,1
60.95,4.790526515933892,1
60.96,5.327557364821172,1
60.97,4.227003523824729,1
60.980000000000004,3.6028949638441636,1
60.99,3.8732236387161696,1
61.0,3.4991808456306615,1
61.01,3.5944982777645347,1
61.02,3.5572657269354506,1
61.03,3.9838554139652578,1
61.04,4.1495339141471375,1
61.050000000000004,3.988275726957185,1
61.06,3.9269803387889057,1
61.07,4.549204086435949,1
61.08,3.927374398829603,1
61.09,3.910475419930397,1
61.1,3.8785878292263374,1
61.11,4.969323661960637,1
61.120000000000005,3.6939056142636923,1
61.13,4.306628520551132,1
61.14,3.460627361808403,1
61.15,4.119257048803685,1
61.160000000000004,4.29028280723142,1
61.17,4.660759489433559,1
61.18,3.7471817198378887,1
61.19,3.2401597570344904,1
61.2,3.447220496729774,1
61.21,4.617377080757455,1
61.22,5.433282866146471,1
61.230000000000004,4.689314489359358,1
61.24,3.2946475142930707,1
61.25,4.5526005438233454,1
61.26,3.492081575950424,1
61.27,3.8031473468659693,1
61.28,4.15280932151487,1
61.29,4.261642149246628,1
61.300000000000004,4.056675972632471,1
61.31,3.5886602385507707,1
61.32,4.617511678421677,1
61.33,3.632850356406456,1
61.34,4.719733962841905,1
61.35,3.0857440885170773,1
61.36,4.01370244840832,1
61.370000000000005,3.145103622625459,1
61.38,3.3643897245048446,1
61.39,3.607106222785441,1
61.4,4.964522488047022,1
61.410000000000004,4.9312769731051915,1
61.42,4.668654059361955,1
61.43,4.123615992100788,1
61.44,4.201636288993942,1
61.45,4.909261444624002,1
61.46,4.580867377023894,1
61.47,4.106692717231786,1
61.480000000000004,5.014136654616895,1
61.49,4.61123852931803,1
61.5,4.192480056009787,1
61.51,3.689030023656437,1
61.52,3.579437991000353,1
61.53,3.694745988037703,1
61.54,4.205992433881067,1
61.550000000000004,4.4792047001057425,1
61.56,3.0203694061368527,1
61.57,2.6180563095422977,1
61.58,3.2565897124772536,1
61.59,3.668983005411242,1
61.6,4.757587422495115,1
61.61,3.8882331807802006,1
61.620000000000005,4.20413785271033,1
61.63,4.345296805167234,1
61.64,3.42879664660045,1
61.65,4.988380858269133,1
61.660000000000004,3.6992420711029195,1
61.67,5.054148657489062,1
61.68,4.024521816133071,1
61.690000000000005,3.804389390748778,1
61.7,3.266067907611354,1
61.71,4.059247122278868,1
61.72,5.420723839301429,1
61.730000000000004,4.2916914941864714,1
61.74,4.120767520263414,1
61.75,3.4992993951731908,1
61.76,4.282769633535089,1
61.77,4.059076885264934,1
61.78,3.9196362485430525,1
61.79,4.294315362530597,1
61.800000000000004,2.8409687724224715,1
61.81,3.889956285537828,1
61.82,3.2622706017385785,1
61.83,4.036386408623215,1
61.84,3.6045029073135053,1
61.85,3.626177224766213,1
61.86,3.1836798539265185,1
61.870000000000005,4.735052805886824,1
61.88,3.647501161447017,1
61.89,3.5957259723626422,1
61.9,4.967367638752233,1
61.910000000000004,4.401827920738967,1
61.92,2.6584373061748967,1
61.93,4.7564680268337725,1
61.940000000000005,5.04238598857387,1
61.95,4.995632428225184,1
61.96,4.421993946060193,1
61.97,3.25034216714906,1
61.980000000000004,3.8799420574138006,1
61.99,3.031103295525121,1
62.0,3.3814531955731475,1
62.01,3.2668330900496856,1
62.02,3.594714015226995,1
62.03,4.1439608608836025,1
62.04,3.7921671407440365,1
62.050000000000004,3.7464261291268364,1
62.06,3.8673293533457485,1
62.07,5.025097326352937,1
62.08,5.5085525782368805,1
62.09,3.819988418120371,1
62.1,4.205770693795755,1
62.11,3.44177938909597,1
62.120000000000005,4.419041611070297,1
62.13,3.6541079152516653,1
62.14,3.4456598170102244,1
62.15,5.189992414504272,1
62.160000000000004,3.120258047153403,1
62.17,2.2955938095020043,1
62.18,4.331375223396385,1
62.190000000000005,3.7594545689971657,1
62.2,3.567909276657098,1
62.21,5.771175343779122,1
62.22,4.625602196010194,1
62.230000000000004,4.061470481941632,1
62.24,3.6165629296394464,1
62.25,4.341668764196156,1
62.26,2.967459703740893,1
62.27,3.6633423182833975,1
62.28,3.9988691922691886,1
62.29,4.160351821822601,1
62.300000000000004,3.9157242537350063,1
62.31,3.520446575673802,1
62.32,4.523039504693409,1
62.33,2.8978417402121064,1
62.34,3.6813442119843645,1
62.35,3.5693973836113333,1
62.36,4.559392412920791,1
62.370000000000005,3.6756706224853803,1
62.38,4.221369482591395,1
62.39,4.207472580037638,1
62.4,2.823253738331629,1
62.410000000000004,3.9115226603503928,1
62.42,2.9094934534007653,1
62.43,4.224393615262026,1
62.440000000000005,3.611811106171878,1
62.45,4.822089164821939,1
62.46,4.003322295641321,1
62.47,3.560720807783238,1
62.480000000000004,4.795285949499911,1
62.49,3.5039095714979194,1
62.5,4.549255345557538,1
62.51,4.311580097550799,1
62.52,3.7360526530450517,1
62.53,3.055442098614851,1
62.54,4.676751883364215,1
62.550000000000004,4.289885750677171,1
62.56,3.445246403754911,1
62.57,4.065265744254561,1
62.58,4.6136033693996055,1
62.59,4.087597247895168,1
62.6,4.161419179550173,1
62.61,4.704000410754946,1
62.620000000000005,5.085200147448828,1
62.63,4.049412592660588,1
62.64,3.207394351847261,1
62.65,3.1827293743824034,1
62.660000000000004,3.573912145939744,1
62.67,3.428006334158503,1
62.68,2.917185399638795,1
62.690000000000005,5.155853461829151,1
62.7,4.410514013387767,1
62.71,3.660054439052742,1
62.72,3.91296585918559,1
62.730000000000004,2.7738105257390955,1
62.74,4.60513133797537,1
62.75,2.695909297854799,1
62.76,4.181390824103779,1
62.77,2.757905653860046,1
62.78,3.6137143650019703,1
62.79,4.76121538164455,1
62.800000000000004,2.9870007925072795,1
62.81,3.8674547682445457,1
62.82,4.444902610002061,1
62.83,4.389760754195298,1
62.84,4.141125593179337,1
62.85,4.4055681810421685,1
62.86,3.6992983494094047,1
62.870000000000005,5.296168085146333,1
62.88,3.0758941412676215,1
62.89,4.720438773989842,1
62.9,4.16469258526992,1
62.910000000000004,4.385558527163991,1
62.92,4.493118427441971,1
62.93,4.328195035960154,1
62.940000000000005,3.421276069070109,1
62.95,3.7041015747772197,1
62.96,2.969128180786704,1
62.97,3.684318735550469,1
62.980000000000004,4.1471792446990134,1
62.99,4.380853162783221,1
63.0,4.278308404478659,1
63.01,2.9026668383301835,1
63.02,3.614944829374768,1
63.03,3.609110042521916,1
63.04,3.198672964251366,1
63.050000000000004,3.484977519764586,1
63.06,4.04121314173923,1
63.07,4.979935991307751,1
63.08,3.4835599747554467,1
63.09,3.2584736682983038,1
63.1,3.5650700652982956,1
63.11,4.168140804307809,1
63.120000000000005,4.758526009260341,1
63.13,3.92748208689836,1
63.14,2.985319704004269,1
63.15,3.0636244228242027,1
63.160000000000004,3.9946953588520975,1
63.17,4.585275292263477,1
63.18,5.1700828965946,1
63.190000000000005,3.281129097061001,1
63.2,4.0490406917574155,1
63.21,3.359470531922833,1
63.22,3.4240527725671823,1
63.230000000000004,3.3893420427363634,1
63.24,3.8186834433661265,1
63.25,3.492107726688154,1
63.26,5.649158057091144,1
63.27,3.8608548181398437,1
63.28,4.67568985736095,1
63.29,3.63452073638289,1
63.300000000000004,5.425579059759657,1
63.31,4.280808558250016,1
63.32,4.5143345060752695,1
63.33,3.5854518829953834,1
63.34,4.536468801010806,1
63.35,4.174038892685981,1
63.36,3.693266210950623,1
63.370000000000005,3.220774862863748,1
63.38,3.7559818475236106,1
63.39,3.75379407816176,1
63.4,4.5505616262226285,1
63.410000000000004,3.907065270656873,1
63.42,2.793210280883564,1
63.43,4.4087529264072,1
63.440000000000005,4.935770324513062,1
63.45,3.0505883394156132,1
63.46,5.1852812817485745,1
63.47,5.037461281289153,1
63.480000000000004,3.6960535790453233,1
63.49,3.2788177158815346,1
63.5,4.638448033971113,1
63.51,3.124917490171072,1
63.52,3.4683167984673204,1
63.53,3.0529047747174594,1
63.54,3.87480620454579,1
63.550000000000004,4.867707974501769,1
63.56,4.224034851299019,1
63.57,4.613842005846034,1
63.58,3.7654313526554963,1
63.59,4.027158782950461,1
63.6,3.20736448748127,1
63.61,3.914300833990288,1
63.620000000000005,3.5563905893249985,1
63.63,3.931295417072097,1
63.64,3.9194893032629805,1
63.65,3.8665865925682543,1
63.660000000000004,5.430723701861203,1
63.67,5.292833842820256,1
63.68,5.039543736707213,1
63.690000000000005,5.248958830815542,1
63.7,4.9943388889849825,1
63.71,4.020419911704239,1
63.72,3.8746406888213936,1
63.730000000000004,4.083312947211909,1
63.74,3.796099063543433,1
63.75,3.23751946739954,1
63.76,4.075412721808136,1
63.77,2.928223784495423,1
63.78,3.9818597688385036,1
63.79,3.3315741541529538,1
63.800000000000004,3.908797366047429,1
63.81,4.143307529435054,1
63.82,3.8251964447512177,1
63.83,2.98700084444207,1
63.84,3.240600283930772,1
63.85,4.3271926714112485,1
63.86,3.729231451000204,1
63.870000000000005,4.407805728790665,1
63.88,4.073902361153255,1
63.89,3.8979750747917863,1
63.9,4.217956445466303,1
63.910000000000004,3.550463271969172,1
63.92,4.187276070024641,1
63.93,3.6771482360746406,1
63.940000000000005,5.55404313817861,1
63.95,3.2820774092908422,1
63.96,3.653846871470848,1
63.97,3.7134560914888324,1
63.980000000000004,3.0625383209783457,1
63.99,4.392780525445036,1
64.0,3.7468815198330754,1
64.01,2.465465257597787,1
64.02,4.404486991851113,1
64.03,3.673404490539121,1
64.04,3.9845424295904075,1
64.05,4.5136495550051645,1
64.06,3.8654713057728802,1
64.07000000000001,3.810138433440517,1
64.08,5.630917833091267,1
64.09,2.7223424785477723,1
64.1,3.087485637014675,1
64.11,3.2119670342779325,1
64.12,5.067948221190762,1
64.13,3.5839331315755696,1
64.14,4.0586892190337736,1
64.15,3.6204907641230943,1
64.16,4.297318766342471,1
64.17,3.949433919958636,1
64.18,4.118044581063038,1
64.19,4.820385389701646,1
64.2,4.336366095479797,1
64.21000000000001,3.5679703341861844,1
64.22,4.222095892922272,1
64.23,5.644517655188894,1
64.24,4.537441492458487,1
64.25,4.206244799459872,1
64.26,3.194404782727343,1
64.27,4.481844286297898,1
64.28,4.637976242344722,1
64.29,4.263082394318133,1
64.3,4.088329229019886,1
64.31,5.818412127482091,1
64.32000000000001,4.618591473112448,1
64.33,4.779781727073917,1
64.34,4.017980741593371,1
64.35,3.840261648337096,1
64.36,4.32925535538098,1
64.37,3.873601387587381,1
64.38,3.9165535155689275,1
64.39,4.273634474530155,1
64.4,3.6851754788758644,1
64.41,4.148839766780059,1
64.42,4.1064308369269655,1
64.43,4.695720064788882,1
64.44,3.717306006470028,1
64.45,2.7608595807363283,1
64.46000000000001,3.79538716860029,1
64.47,4.305650189415408,1
64.48,4.687019374367956,1
64.49,3.6135845581925095,1
64.5,4.327061871989682,1
64.51,4.7314233623393624,1
64.52,4.485779038378635,1
64.53,3.454259811835737,1
64.54,3.4517573009290787,1
64.55,4.173913338701364,1
64.56,4.993718119163629,1
64.57000000000001,4.0086575642973195,1
64.58,3.8501105055189835,1
64.59,3.0804591849119607,1
64.6,3.7099509607174626,1
64.61,3.543251200291052,1
64.62,4.035782351886351,1
64.63,3.082482935993578,1
64.64,3.8039512179959214,1
64.65,3.4090461945658217,1
64.66,4.645875281637398,1
64.67,3.5414529105496655,1
64.68,3.6442699611501066,1
64.69,4.183608044227967,1
64.7,3.715149401553224,1
64.71000000000001,5.48906876060518,1
64.72,4.647549754923388,1
64.73,3.988117121012805,1
64.74,4.165920621139712,1
64.75,2.4062535664481572,1
64.76,4.632269637795375,1
64.77,4.309913266241339,1
64.78,3.927988344288238,1
64.79,4.340918963065213,1
64.8,4.468234918627483,1
64.81,3.7826609134756044,1
64.82000000000001,4.279159329553116,1
64.83,4.759092388065806,1
64.84,4.412897605864973,1
64.85,3.936310708848453,1
64.86,4.259938764584201,1
64.87,4.972589327673567,1
64.88,4.610161181063918,1
64.89,3.303878026415664,1
64.9,4.337406840294807,1
64.91,4.290193845402304,1
64.92,4.727182641680545,1
64.93,4.003025218114783,1
64.94,3.6883416017050217,1
64.95,3.0181606340930385,1
64.96000000000001,3.41913216038123,1
64.97,4.68874169111208,1
64.98,4.1266248612971275,1
64.99,3.920952279619129,1
65.0,4.837378630456553,1
65.01,4.781929696844198,1
65.02,3.6150823089983204,1
65.03,4.818046113095024,1
65.04,3.0451486260173652,1
65.05,4.3163099061622665,1
65.06,4.311713883108294,1
65.07000000000001,4.8248709067309115,1
65.08,4.339843196983535,1
65.09,3.8836128463551267,1
65.1,3.88411159058489,1
65.11,5.715783234846268,1
65.12,4.111026970166887,1
65.13,4.332161619222404,1
65.14,2.6363402048271904,1
65.15,3.305932380116669,1
65.16,4.2236631446531545,1
65.17,2.9057145546303147,1
65.18,4.247669200355094,1
65.19,3.5224778429099577,1
65.2,3.3020392973185806,1
65.21000000000001,3.509953659796637,1
65.22,5.007248184127741,1
65.23,4.338666079664737,1
65.24,3.501803729953397,1
65.25,4.548606090986299,1
65.26,4.6425591412692055,1
65.27,3.8513061039459497,1
65.28,4.656557516185798,1
65.29,4.714501745355487,1
65.3,4.59375564545212,1
65.31,3.573754158191443,1
65.32000000000001,3.163882715072804,1
65.33,2.789551652409264,1
65.34,3.4298549875980178,1
65.35,3.651709974418788,1
65.36,3.7219700535671216,1
65.37,3.8925349043680177,1
65.38,5.074825687906584,1
65.39,3.822262051847396,1
65.4,3.959172946068766,1
65.41,2.842965540825492,1
65.42,5.421689846109769,1
65.43,3.2934025704628676,1
65.44,3.5711776017053523,1
65.45,4.501110186577913,1
65.46000000000001,4.261087912479052,1
65.47,5.14196837738202,1
65.48,4.5788233419568325,1
65.49,4.003889945638286,1
65.5,4.676181950383856,1
65.51,4.769339766927429,1
65.52,3.572290734658948,1
65.53,4.537278794466097,1
65.54,3.8158260122069656,1
65.55,3.8463751703907443,1
65.56,4.012237240167199,1
65.57000000000001,3.6935162944230218,1
65.58,3.656496123061078,1
65.59,4.596405166232168,1
65.6,3.04524777446577,1
65.61,3.2786219349055754,1
65.62,4.440043793189665,1
65.63,4.041003338745749,1
65.64,4.717983548120929,1
65.65,4.350750764041238,1
65.66,3.226983380143414,1
65.67,4.054544081056257,1
65.68,4.393242269360181,1
65.69,4.197346231258428,1
65.7,3.706527654210075,1
65.71000000000001,3.779929890778551,1
65.72,3.577856794057711,1
65.73,3.0529451927991356,1
65.74,2.9219077030206826,1
65.75,4.112936418969186,1
65.76,3.3700642518295676,1
65.77,4.275512487323109,1
65.78,3.5872942004823107,1
65.79,3.1013288494117197,1
65.8,3.6828773740345637,1
65.81,5.36458510599061,1
65.82000000000001,4.065379603972284,1
65.83,4.484879755666778,1
65.84,4.2108188229925725,1
65.85,3.1763508986384053,1
65.86,4.961994869628275,1
65.87,3.957082017008554,1
65.88,3.190265974723769,1
65.89,3.6409640218940855,1
65.9,3.8431574211653428,1
65.91,4.452152094327551,1
65.92,3.5398907307107557,1
65.93,5.610649524939504,1
65.94,3.416375369463959,1
65.95,4.286627639197126,1
65.96000000000001,2.6651424855813275,1
65.97,3.7794929857237602,1
65.98,4.181902270590285,1
65.99,3.262596124366701,1
66.0,4.929863147156654,1
66.01,4.362414175637939,1
66.02,3.8611900614211705,1
66.03,4.328465620468279,1
66.04,3.7069497751561866,1
66.05,4.869783417230009,1
66.06,4.782226647119527,1
66.07000000000001,4.349356170451228,1
66.08,4.460984414741804,1
66.09,3.0911113965173427,1
66.1,4.895779848347168,1
66.11,3.9645592009918156,1
66.12,4.617413300845923,1
66.13,4.461664146592985,1
66.14,4.610630776542677,1
66.15,3.281383988139056,1
66.16,3.288351900744355,1
66.17,5.3558905723224175,1
66.18,3.0524207809383572,1
66.19,3.209083888719037,1
66.2,3.982086271590842,1
66.21000000000001,4.052830684878979,1
66.22,3.6983300203821594,1
66.23,4.443529596127906,1
66.24,4.68411086070909,1
66.25,4.104693894269143,1
66.26,3.9033621625279973,1
66.27,4.03991366501986,1
66.28,3.722832280520577,1
66.29,2.9034046434394316,1
66.3,4.127969482051898,1
66.31,4.479853187644413,1
66.32000000000001,3.8833791790311887,1
66.33,2.46145447306733,1
66.34,3.464540758899326,1
66.35,4.480096213256326,1
66.36,3.024343986310391,1
66.37,4.332814046880569,1
66.38,3.687830427501585,1
66.39,3.9471879741045757,1
66.4,3.553283103992556,1
66.41,3.261119543999748,1
66.42,4.931787334272121,1
66.43,4.647147209270363,1
66.44,4.529343737742639,1
66.45,4.696692648068526,1
66.46000000000001,4.4392620404699965,1
66.47,4.699091697424122,1
66.48,3.654327019790053,1
66.49,4.895042741278225,1
66.5,4.888190648097792,1
66.51,4.275437792950217,1
66.52,3.7841275302677166,1
66.53,3.1312864892411483,1
66.54,4.024035732049753,1
66.55,5.019228953808756,1
66.56,3.2366844573063407,1
66.57000000000001,4.554601403817333,1
66.58,3.6842533583825583,1
66.59,3.708643792736701,1
66.6,3.221330091827412,1
66.61,3.4897619733197436,1
66.62,4.4345761952939995,1
66.63,4.588304449030846,1
66.64,4.26053105661078,1
66.65,3.7661249093836235,1
66.66,3.3412321604844255,1
66.67,4.060700898772336,1
66.68,3.8099886763220328,1
66.69,4.14751993046318,1
66.7,3.798939596353895,1
66.71000000000001,3.7713791445828004,1
66.72,4.043881504347361,1
66.73,4.1692455652289215,1
66.74,4.732069053723072,1
66.75,3.7498414291928017,1
66.76,4.267638596504998,1
66.77,5.1261442254399725,1
66.78,4.395608792881448,1
66.79,4.757236281220689,1
66.8,3.644236476608062,1
66.81,3.5359879579221842,1
66.82000000000001,3.9142922684894503,1
66.83,4.022408596571387,1
66.84,4.7683276973528,1
66.85,3.648094523558974,1
66.86,3.9926658392372043,1
66.87,4.757093969812779,1
66.88,4.228416092638874,1
66.89,4.028586592465441,1
66.9,4.154976074120254,1
66.91,3.252988504796716,1
66.92,3.167539645108586,1
66.93,2.857673335301254,1
66.94,3.9933602864579347,1
66.95,4.52034624650676,1
66.96000000000001,4.456670924675397,1
66.97,4.70926291121178,1
66.98,4.9429577043924775,1
66.99,4.128528881813503,1
67.0,3.967275657113446,1
67.01,4.980406514936763,1
67.02,3.6495249789472997,1
67.03,3.2762054122262474,1
67.04,3.808898766737607,1
67.05,3.7682694040941893,1
67.06,4.088736477060443,1
67.07000000000001,3.5139630973765135,1
67.08,4.253870890738425,1
67.09,3.6678758789728505,1
67.1,4.775483464188058,1
67.11,3.2467389728512694,1
67.12,3.8187707996514124,1
67.13,3.709924171136839,1
67.14,4.0602022754981695,1
67.15,4.529449899820301,1
67.16,4.133207814252136,1
67.17,3.8644024890079374,1
67.18,4.3972308876786235,1
67.19,4.5489127347554374,1
67.2,4.20908266577523,1
67.21000000000001,4.2887471159373085,1
67.22,4.482420224933991,1
67.23,3.0242179604800423,1
67.24,3.7860417420744246,1
67.25,4.306708897943314,1
67.26,3.9004836790995245,1
67.27,3.8672272665798775,1
67.28,4.2784201471365595,1
67.29,4.296608768182052,1
67.3,4.319354872843398,1
67.31,3.4804224198688853,1
67.32000000000001,3.0033739477936487,1
67.33,4.400211873975069,1
67.34,3.470110802158009,1
67.35,3.366230578575391,1
67.36,3.3056068224352146,1
67.37,4.6450017934557515,1
67.38,4.133129701815979,1
67.39,4.208326887015986,1
67.4,4.461383661600136,1
67.41,4.024913152693142,1
67.42,4.704095914718631,1
67.43,3.3276252160351536,1
67.44,3.3274855043558214,1
67.45,3.2949198099723764,1
67.46000000000001,4.302570436362549,1
67.47,4.406888974058268,1
67.48,3.7609279726996996,1
67.49,3.8567429400555,1
67.5,4.812682205057026,1
67.51,3.573469268293708,1
67.52,4.120553963784162,1
67.53,3.5004209422556913,1
67.54,4.608923881912698,1
67.55,4.368841602408036,1
67.56,3.043185261728073,1
67.57000000000001,3.713219570484362,1
67.58,2.590733852516898,1
67.59,4.477785685548996,1
67.6,5.358503729626708,1
67.61,2.6914982715842544,1
67.62,3.0410864967107134,1
67.63,4.112927293458347,1
67.64,4.067000266930199,1
67.65,3.812886705315717,1
67.66,2.9326395608442963,1
67.67,4.205976327411237,1
67.68,4.631342794575734,1
67.69,5.906987123444746,1
67.7,4.961142189296123,1
67.71000000000001,3.190302644771611,1
67.72,3.8981631283160647,1
67.73,4.316146960784943,1
67.74,3.500203628966726,1
67.75,4.4006716531428856,1
67.76,4.409127647336746,1
67.77,4.767226169638944,1
67.78,4.523412350884868,1
67.79,4.194514204415573,1
67.8,3.599245551380131,1
67.81,3.161689272235996,1
67.82000000000001,4.137344904822944,1
67.83,3.80812143690839,1
67.84,3.8613700662879205,1
67.85,4.7949672734160815,1
67.86,5.007180081508732,1
67.87,3.3190454747265203,1
67.88,3.865748799041239,1
67.89,3.7327688646259474,1
67.9,4.186804692298121,1
67.91,2.516060359745101,1
67.92,2.9175901141765133,1
67.93,3.7969213030536446,1
67.94,4.425668337189351,1
67.95,3.9989559812674056,1
67.96000000000001,4.364346063411867,1
67.97,4.089723862087025,1
67.98,4.790337510889759,1
67.99,4.989607111160864,1
68.0,3.567449375375114,1
68.01,4.57210299572969,1
68.02,4.409548388970905,1
68.03,5.711574084078149,1
68.04,3.657237231024272,1
68.05,3.9791277711281388,1
68.06,3.4002631750120904,1
68.07000000000001,3.3929028896478743,1
68.08,4.25687880942191,1
68.09,4.170675239625005,1
68.1,4.360066374888375,1
68.11,4.334113885636042,1
68.12,3.82161805110793,1
68.13,3.770030724638462,1
68.14,3.284118286253215,1
68.15,3.4266829608518834,1
68.16,3.8574618195835813,1
68.17,4.059129955573127,1
68.18,4.4215880166135095,1
68.19,4.398441710263857,1
68.2,5.035666259431084,1
68.21000000000001,3.4557531461490436,1
68.22,3.8619765807454005,1
68.23,3.479207363893401,1
68.24,4.869694503368685,1
68.25,3.801596996104961,1
68.26,4.808795584601477,1
68.27,5.051293717949734,1
68.28,4.3744670305551185,1
68.29,4.234513062217448,1
68.3,4.037661591138055,1
68.31,3.7717907609874985,1
68.32000000000001,3.6569800121313323,1
68.33,3.821870573051199,1
68.34,5.100820501210841,1
68.35000000000001,3.3146284812770883,1
68.36,4.020349574393384,1
68.37,4.402580584579113,1
68.38,3.7965040193141655,1
68.39,4.235856536827384,1
68.4,3.039405466863202,1
68.41,4.8268120343978556,1
68.42,4.829070285870177,1
68.43,4.047782635030052,1
68.44,3.5042052214850927,1
68.45,4.560142510681704,1
68.46000000000001,3.359959929774593,1
68.47,3.3699247111517274,1
68.48,3.970551631742026,1
68.49,5.005082396770826,1
68.5,4.474449712070187,1
68.51,3.583956429545062,1
68.52,2.8381040142133904,1
68.53,3.895325896690671,1
68.54,4.084648046192596,1
68.55,3.882422130488194,1
68.56,5.093700014848405,1
68.57000000000001,3.919867728004128,1
68.58,2.471346770101405,1
68.59,3.622216885826887,1
68.60000000000001,4.273802857017133,1
68.61,4.29217970367071,1
68.62,3.948436334750638,1
68.63,3.836765105760247,1
68.64,2.7649939391341225,1
68.65,4.056985114349505,1
68.66,3.8549953695743255,1
68.67,4.213176548478886,1
68.68,4.37469283292082,1
68.69,4.84962264294536,1
68.7,3.42949578034356,1
68.71000000000001,3.1014753109775257,1
68.72,3.5281427513701304,1
68.73,3.432514385530399,1
68.74,3.3581999997623435,1
68.75,4.82355419306117,1
68.76,4.074425243646393,1
68.77,5.224055196026743,1
68.78,4.028311593819032,1
68.79,3.2194513450547757,1
68.8,3.4302832993543424,1
68.81,4.6552346396361814,1
68.82000000000001,3.34917779059632,1
68.83,4.384817172368614,1
68.84,3.8638189029207313,1
68.85000000000001,3.463966317457645,1
68.86,4.938736635521593,1
68.87,3.734601805935677,1
68.88,3.4902636120795028,1
68.89,3.940127693481789,1
68.9,3.665165053929082,1
68.91,5.392335508984059,1
68.92,4.725991096018947,1
68.93,3.5984011340818105,1
68.94,3.59529035184946,1
68.95,2.590005998392313,1
68.96000000000001,3.9332673045905246,1
68.97,3.4511260245973183,1
68.98,3.981032355109099,1
68.99,2.701186404192735,1
69.0,3.906194180570115,1
69.01,5.121240122079892,1
69.02,4.1479422984640415,1
69.03,3.568140302034812,1
69.04,4.033010254319802,1
69.05,4.0357291042573245,1
69.06,5.495553052111887,1
69.07000000000001,3.9339319935770676,1
69.08,3.2584439336486533,1
69.09,3.991329310905665,1
69.10000000000001,4.124864101520632,1
69.11,4.347604385225001,1
69.12,4.465676888535806,1
69.13,5.234842550150659,1
69.14,3.615405462087681,1
69.15,3.4560360527294476,1
69.16,2.693060227315869,1
69.17,4.290727440846996,1
69.18,3.3985888641401965,1
69.19,4.520617818524576,1
69.2,3.7137333883280657,1
69.21000000000001,5.127396852954458,1
69.22,3.1830825872166666,1
69.23,4.67658862082854,1
69.24,4.6992357735469135,1
69.25,4.459047110218024,1
69.26,3.3739143207037166,1
69.27,4.367217173943976,1
69.28,4.147492573278029,1
69.29,2.8432263384703123,1
69.3,4.9401629188431135,1
69.31,3.8074457251765454,1
69.32000000000001,4.903964120075622,1
69.33,3.948437149571923,1
69.34,4.562066572638376,1
69.35000000000001,3.4006042940988332,1
69.36,4.0318833415519055,1
69.37,4.035150443777996,1
69.38,3.749007774779712,1
69.39,3.3990635547383885,1
69.4,1.9755980118338519,1
69.41,3.3545040554384427,1
69.42,4.461320371131213,1
69.43,3.184313896227668,1
69.44,3.2523645773360594,1
69.45,3.0995962810469853,1
69.46000000000001,4.1527929543162045,1
69.47,3.4896558133790228,1
69.48,4.804312733970498,1
69.49,4.546801283997354,1
69.5,4.161171080769341,1
69.51,4.182160246824162,1
69.52,3.470367283055429,1
69.53,3.4114649946843634,1
69.54,4.353821264107577,1
69.55,4.538429530284144,1
69.56,4.4166694044657495,1
69.57000000000001,3.6595162274464657,1
69.58,3.6825303442844235,1
69.59,3.354501060489445,1
69.60000000000001,4.461218671999695,1
69.61,2.779745336690203,1
69.62,2.5421519423795953,1
69.63,2.673618315179985,1
69.64,2.602379511673072,1
69.65,4.872129998893714,1
69.66,4.634114415281821,1
69.67,3.3205189845178418,1
69.68,3.9336383415840332,1
69.69,4.968965512836288,1
69.7,4.381197992744414,1
69.71000000000001,5.370019043507304,1
69.72,3.962522428755901,1
69.73,3.5107652673384186,1
69.74,3.196989756149811,1
69.75,3.891725793726819,1
69.76,4.529564698059347,1
69.77,4.03593278438092,1
69.78,3.7266091446938696,1
69.79,4.776963386886524,1
69.8,4.391261585592066,1
69.81,3.974596172247763,1
69.82000000000001,3.546628701672769,1
69.83,3.8696078644213885,1
69.84,4.371109793436366,1
69.85000000000001,3.5913885782279866,1
69.86,3.2463381011168666,1
69.87,3.7034005410293203,1
69.88,3.9934148984726545,1
69.89,4.906047003977502,1
69.9,3.3002137157007723,1
69.91,4.080412191928528,1
69.92,3.7791887866894487,1
69.93,3.7769567571867904,1
69.94,4.913201580123979,1
69.95,4.032049951475816,1
69.96000000000001,3.337897606125174,1
69.97,4.476762165897537,1
69.98,4.514417943896327,1
69.99,3.359376289881765,1
70.0,3.1890339790716076,1
70.01,4.242420478218854,1
70.02,4.038693578535286,1
70.03,3.758893925172355,1
70.04,4.743091921890098,1
70.05,3.7357315848230224,1
70.06,4.328950629717696,1
70.07000000000001,4.842036592180373,1
70.08,3.8736238159003036,1
70.09,2.827545216754321,1
70.10000000000001,3.666647386728248,1
70.11,4.078090254024747,1
70.12,4.609925164403233,1
70.13,3.636551378651696,1
70.14,5.023984746166499,1
70.15,3.1432906021816986,1
70.16,3.9838140755404297,1
70.17,3.7836966573920985,1
70.18,4.8179138239833925,1
70.19,3.071029893343176,1
70.2,4.221909226292949,1
70.21000000000001,3.879571361045208,1
70.22,5.030464729567574,1
70.23,3.5861350190216887,1
70.24,4.316839851007076,1
70.25,3.5506023868079026,1
70.26,4.166340848702627,1
70.27,3.8304821184629314,1
70.28,3.7830202499932524,1
70.29,2.7193756530891013,1
70.3,4.190673398745231,1
70.31,3.2845309667999603,1
70.32000000000001,3.186998262748429,1
70.33,2.8802070140651748,1
70.34,3.1754157899294033,1
70.35000000000001,4.199815777505404,1
70.36,4.233438714172787,1
70.37,4.384484916958075,1
70.38,3.31359462706438,1
70.39,4.0762722228321495,1
70.4,3.6067809663917654,1
70.41,4.620584474074005,1
70.42,4.359184791974493,1
70.43,3.6574829844968537,1
70.44,4.726805745678152,1
70.45,4.448222966803403,1
70.46000000000001,3.19825031827415,1
70.47,2.9275193337430765,1
70.48,3.1043731293760284,1
70.49,5.03819921151429,1
70.5,3.401947126677833,1
70.51,5.156689539861157,1
70.52,3.331354643452118,1
70.53,3.1363436627624135,1
70.54,4.446918020061823,1
70.55,4.551886465960513,1
70.56,4.322464127722923,1
70.57000000000001,4.397871488083907,1
70.58,3.460617339799434,1
70.59,4.486213634637894,1
70.60000000000001,4.186372886990069,1
70.61,3.79890248707458,1
70.62,4.094865816300055,1
70.63,4.755769646631846,1
70.64,4.371791431882567,1
70.65,2.6976979590926984,1
70.66,4.571400838423496,1
70.67,4.623001515670978,1
70.68,3.8345714933346673,1
70.69,4.0877239518707,1
70.7,4.076928969354808,1
70.71000000000001,2.6955637100615526,1
70.72,3.6155789610656592,1
70.73,3.679524712745058,1
70.74,3.8055836561569363,1
70.75,3.5717148407340242,1
70.76,4.333089295034072,1
70.77,3.434842819724367,1
70.78,4.513435438164027,1
70.79,4.408417422375257,1
70.8,4.908667154367879,1
70.81,5.204180387147166,1
70.82000000000001,5.247045881126228,1
70.83,3.3674594900936556,1
70.84,4.257566541763894,1
70.85000000000001,3.625168421736276,1
70.86,6.177147948998806,1
70.87,4.589212437278121,1
70.88,4.997436499053082,1
70.89,4.36422651596597,1
70.9,2.3104185522162486,1
70.91,3.365504080701942,1
70.92,3.471564650047445,1
70.93,3.653262828075817,1
70.94,4.140292850898888,1
70.95,4.258261825058194,1
70.96000000000001,2.23951925759493,1
70.97,3.6804945962859166,1
70.98,3.622439645878655,1
70.99,4.851504027124708,1
71.0,4.436838964907337,1
71.01,3.932145701711601,1
71.02,4.186598873699078,1
71.03,2.978506544837953,1
71.04,4.44001598200906,1
71.05,3.8451987870479964,1
71.06,3.538145731099092,1
71.07000000000001,4.8851566903959425,1
71.08,4.273756096611752,1
71.09,3.60657450766943,1
71.10000000000001,3.5827634213802355,1
71.11,4.1876550700872865,1
71.12,4.152693643894223,1
71.13,3.9663534533699116,1
71.14,3.145007511279129,1
71.15,3.1884499151961245,1
71.16,3.3944947045507057,1
71.17,3.7762479122507657,1
71.18,3.91663152262742,1
71.19,3.8693040691444613,1
71.2,3.9195160881472835,1
71.21000000000001,5.24049892161261,1
71.22,4.670987511717763,1
71.23,4.873108665743791,1
71.24,4.42581567556975,1
71.25,4.147960818757364,1
71.26,4.34615494257313,1
71.27,4.227444249206628,1
71.28,4.581025842320281,1
71.29,3.4240621805780544,1
71.3,4.4341973421261915,1
71.31,4.109722980810205,1
71.32000000000001,2.78855346389583,1
71.33,3.9210319290038473,1
71.34,3.0755487581874252,1
71.35000000000001,3.5219760207152633,1
71.36,3.796746532100677,1
71.37,2.949797187934995,1
71.38,3.8589794576522034,1
71.39,4.014062847338851,1
71.4,4.49224074528809,1
71.41,3.7598397107193016,1
71.42,4.209217248762563,1
71.43,4.01254647190811,1
71.44,3.8015678675090445,1
71.45,2.9796100966578463,1
71.46000000000001,3.9376516174256087,1
71.47,4.539476643620993,1
71.48,3.4696856569698458,1
71.49,3.848776656771155,1
71.5,3.9437091001842735,1
71.51,4.687196578615767,1
71.52,4.015227083698351,1
71.53,4.1259330625040285,1
71.54,3.9297384501346517,1
71.55,3.6009271092020096,1
71.56,3.168691590075838,1
71.57000000000001,3.7050021788962106,1
71.58,4.194383494681041,1
71.59,4.0696185293577996,1
71.60000000000001,4.965613802098975,1
71.61,4.696354366815235,1
71.62,4.892230674550535,1
71.63,2.7968339420199047,1
71.64,5.024729053186897,1
71.65,4.310033757849643,1
71.66,4.355209223182391,1
71.67,4.662837319129102,1
71.68,4.096741064488542,1
71.69,3.3332105727158434,1
71.7,4.897629320523642,1
71.71000000000001,3.5306916908084345,1
71.72,3.2867399953414225,1
71.73,3.74328319386221,1
71.74,3.6619452262447214,1
71.75,3.9067517690893063,1
71.76,3.859400210363553,1
71.77,4.805464510355209,1
71.78,4.303210129414687,1
71.79,3.439729108344827,1
71.8,3.500383010118337,1
71.81,3.742876309397181,1
71.82000000000001,3.7808313845425183,1
71.83,3.7147689781262874,1
71.84,3.340245267078266,1
71.85000000000001,4.224270957234058,1
71.86,3.789131389972447,1
71.87,3.429947835052985,1
71.88,4.323926767417964,1
71.89,4.591427049481001,1
71.9,3.8746258823526256,1
71.91,5.123636111992334,1
71.92,5.459372586109468,1
71.93,4.348059078863698,1
71.94,3.644504340614614,1
71.95,4.077740182682348,1
71.96000000000001,3.138925787297534,1
71.97,3.322488914198087,1
71.98,2.824432377641057,1
71.99,3.499799680690533,1
72.0,3.1717764486680697,1
72.01,4.379934017521705,1
72.02,3.582259843790021,1
72.03,4.216315481733393,1
72.04,4.570443515602936,1
72.05,4.869662400868305,1
72.06,3.8941521930443113,1
72.07000000000001,4.255356020600142,1
72.08,4.280685787152312,1
72.09,4.864110846712375,1
72.10000000000001,4.558758531106592,1
72.11,4.854452106492674,1
72.12,2.925653538143216,1
72.13,3.4426409632239756,1
72.14,4.563829846149097,1
72.15,4.335171022299399,1
72.16,3.8676925705137024,1
72.17,3.624327980213634,1
72.18,4.44604150131095,1
72.19,2.720455596733026,1
72.2,4.438707188461233,1
72.21000000000001,4.109884962845904,1
72.22,3.7349594078583923,1
72.23,4.371995755167566,1
72.24,3.844041166224658,1
72.25,4.084905593735596,1
72.26,4.046373242720735,1
72.27,4.546011248008846,1
72.28,4.179181986608409,1
72.29,2.7939588202333483,1
72.3,3.022923494282169,1
72.31,3.213215636171963,1
72.32000000000001,4.203472794097043,1
72.33,4.311610346540011,1
72.34,5.030271471186606,1
72.35000000000001,3.328189546123641,1
72.36,4.737888074785585,1
72.37,2.7267652262860556,1
72.38,3.8919882517928626,1
72.39,4.13071436815457,1
72.4,4.166076894978729,1
72.41,3.8338114400546024,1
72.42,4.1120622975124625,1
72.43,3.2671775172071693,1
72.44,4.58957370558259,1
72.45,4.272880614490488,1
72.46000000000001,4.322684881722564,1
72.47,3.8984834247593705,1
72.48,3.8242458701557855,1
72.49,4.351815335071171,1
72.5,5.0512466943362515,1
72.51,3.1341252517376645,1
72.52,2.9655534483315145,1
72.53,4.0487549285783055,1
72.54,3.715183024392572,1
72.55,3.9879994696568977,1
72.56,3.912560250979657,1
72.57000000000001,4.338175008774029,1
72.58,3.7914798453601275,1
72.59,3.1816660192844934,1
72.60000000000001,3.4399031303714636,1
72.61,3.8870098693874775,1
72.62,3.2244989653237655,1
72.63,3.9914580468183445,1
72.64,4.111108101716889,1
72.65,3.849948082567301,1
72.66,4.198030782617429,1
72.67,3.024647466509891,1
72.68,3.3661647977248523,1
72.69,3.2424537652348153,1
72.7,4.523940463462927,1
72.71000000000001,5.503021025280499,1
72.72,3.4731404840093116,1
72.73,3.753856466246935,1
72.74,3.4631131842562857,1
72.75,4.035889201956577,1
72.76,3.5361156886205887,1
72.77,4.095486422170919,1
72.78,4.394078164910956,1
72.79,3.2076916561165447,1
72.8,4.130111127861684,1
72.81,2.868492550225607,1
72.82000000000001,3.811202430093651,1
72.83,3.8405589071303012,1
72.84,3.9139640233893194,1
72.85000000000001,3.8677989133973045,1
72.86,3.7422294145688246,1
72.87,3.872242882711488,1
72.88,4.1899847389173015,1
72.89,4.20605445766878,1
72.9,4.085624655184821,1
72.91,3.608249508464289,1
72.92,4.631909119737818,1
72.93,4.965709086678649,1
72.94,3.1497808045871456,1
72.95,3.9801345027209525,1
72.96000000000001,3.6237795126225545,1
72.97,4.517825290732346,1
72.98,3.979758496549053,1
72.99,4.011388911294533,1
73.0,4.323316066960354,1
73.01,3.8510684349781705,1
73.02,5.125001922582964,1
73.03,4.460133995893317,1
73.04,4.704263187696288,1
73.05,3.9745878653181794,1
73.06,3.990047483916297,1
73.07000000000001,4.586164838754859,1
73.08,4.5397450698246145,1
73.09,3.2441124079151047,1
73.10000000000001,4.035975185838273,1
73.11,4.28487692597069,1
73.12,3.887010259885326,1
73.13,4.177179797965888,1
73.14,3.8813363331427224,1
73.15,2.4596882063968804,1
73.16,2.9857524609420114,1
73.17,4.51158698131131,1
73.18,3.828994700183426,1
73.19,4.090916700010162,1
73.2,4.00456564394638,1
73.21000000000001,3.489517873564705,1
73.22,3.7118565788722413,1
73.23,4.25804332711954,1
73.24,4.367326607424498,1
73.25,5.517377933346557,1
73.26,3.8523542434181914,1
73.27,5.135256585616754,1
73.28,3.552992852926446,1
73.29,4.312097509798196,1
73.3,4.132651473107987,1
73.31,3.9015725160430206,1
73.32000000000001,3.9448834449991934,1
73.33,3.530822387959019,1
73.34,4.4861275427399105,1
73.35000000000001,3.4070196959316426,1
73.36,4.099156668372211,1
73.37,4.436215877050848,1
73.38,4.881144446899988,1
73.39,4.661480835860773,1
73.4,4.412580925575249,1
73.41,3.6356972581771267,1
73.42,3.51384771094401,1
73.43,3.2939879160434495,1
73.44,3.2290132873084123,1
73.45,4.028264745372213,1
73.46000000000001,3.601011394381118,1
73.47,4.814309275297813,1
73.48,3.716351056422512,1
73.49,4.066036969255781,1
73.5,3.8307703994779407,1
73.51,3.0542615242494664,1
73.52,4.604576898348055,1
73.53,4.425623530878271,1
73.54,4.479226364058529,1
73.55,4.339337267082018,1
73.56,3.456299840645938,1
73.57000000000001,3.4270565127298154,1
73.58,4.215746516587092,1
73.59,4.9921356750284165,1
73.60000000000001,4.311445703193314,1
73.61,4.678265603498631,1
73.62,3.7450342841980278,1
73.63,4.758919495184127,1
73.64,3.845573175069919,1
73.65,4.221991605844713,1
73.66,3.8470281004028872,1
73.67,4.627888236492175,1
73.68,4.666550941984466,1
73.69,3.103714736484657,1
73.7,4.804631198338191,1
73.71000000000001,5.565439582014932,1
73.72,3.8178367064196626,1
73.73,3.844897682066881,1
73.74,4.72267054711616,1
73.75,4.011245961698227,1
73.76,3.9268115890120083,1
73.77,5.166260629565402,1
73.78,3.148128900574794,1
73.79,3.415085628247797,1
73.8,4.237484071415373,1
73.81,2.988162993447596,1
73.82000000000001,3.74281016323711,1
73.83,3.798508477517896,1
73.84,4.68413844158164,1
73.85000000000001,4.566026338702121,1
73.86,3.013119541403691,1
73.87,3.5512249741463955,1
73.88,3.568484546190887,1
73.89,3.8554883654643337,1
73.9,3.277725635122812,1
73.91,4.224984436303609,1
73.92,3.5175508636891917,1
73.93,4.291068011282562,1
73.94,3.9434109249319667,1
73.95,3.2898104108266715,1
73.96000000000001,4.786858601193079,1
73.97,4.906917304362307,1
73.98,4.199659944233738,1
73.99,3.8348756915739686,1
74.0,3.3062224712484083,1
74.01,4.678064065682082,1
74.02,4.619975724258186,1
74.03,3.570954403475738,1
74.04,3.600834522463567,1
74.05,4.347948222835475,1
74.06,3.3294994880551068,1
74.07000000000001,3.613962795270157,1
74.08,3.344828183614821,1
74.09,3.3283533895760526,1
74.10000000000001,3.491019235627063,1
74.11,4.532581514411983,1
74.12,2.848014810285586,1
74.13,4.150238046374481,1
74.14,4.104176738890537,1
74.15,4.559105138557352,1
74.16,4.129042610168819,1
74.17,3.7017843489526925,1
74.18,3.40997097323958,1
74.19,4.58530602965308,1
74.2,4.359035944629171,1
74.21000000000001,3.7263028269266805,1
74.22,4.618845943406365,1
74.23,3.8097320549279825,1
74.24,4.060174053431393,1
74.25,3.6868388449823226,1
74.26,4.398866931684903,1
74.27,3.4390281792013226,1
74.28,3.8157482458656347,1
74.29,3.5861514443926765,1
74.3,4.144789758986078,1
74.31,4.236028232165714,1
74.32000000000001,3.252210585773639,1
74.33,4.156937094074245,1
74.34,2.9790741106686,1
74.35000000000001,5.2855251584312875,1
74.36,3.6739884562140275,1
74.37,4.6010737094881256,1
74.38,4.123447462237,1
74.39,4.142390777251498,1
74.4,3.253444212992282,1
74.41,4.527176855181977,1
74.42,4.108733817203502,1
74.43,4.373464257630085,1
74.44,4.0357510167913215,1
74.45,4.161955693059072,1
74.46000000000001,3.505379253278783,1
74.47,3.931278887373182,1
74.48,3.766579999759933,1
74.49,3.5500997743913287,1
74.5,4.0588068986655665,1
74.51,4.214583029576865,1
74.52,4.130043581697948,1
74.53,3.879552860924029,1
74.54,4.1873113864213005,1
74.55,4.092926904664681,1
74.56,3.997569566187329,1
74.57000000000001,4.047501476713271,1
74.58,4.727277131894054,1
74.59,3.2398500299614903,1
74.60000000000001,3.7491598665947707,1
74.61,4.22908842611815,1
74.62,3.0323599781972432,1
74.63,4.900902420859342,1
74.64,4.291588598481192,1
74.65,4.71379580700635,1
74.66,4.84064618815032,1
74.67,4.378206458329434,1
74.68,2.617260507369259,1
74.69,4.0347639068637715,1
74.7,4.138080915424168,1
74.71000000000001,3.278372884893446,1
74.72,2.749970893464242,1
74.73,4.162642669990667,1
74.74,3.127046471742202,1
74.75,5.209695012688323,1
74.76,4.172028264433088,1
74.77,4.8270653295536405,1
74.78,4.026704096700368,1
74.79,4.467322400420809,1
74.8,4.064081805909897,1
74.81,4.681011091541672,1
74.82000000000001,2.7638714666653876,1
74.83,4.563988306982809,1
74.84,4.539954083209435,1
74.85000000000001,4.0078141160148775,1
74.86,3.8062759966042954,1
74.87,3.854466650392637,1
74.88,4.2178749314384945,1
74.89,4.822676366505315,1
74.9,3.701279880251058,1
74.91,2.853199686702068,1
74.92,5.4977205016157775,1
74.93,4.463700256007573,1
74.94,3.701791356779987,1
74.95,4.678030715257853,1
74.96000000000001,4.575204950973169,1
74.97,4.29376306198632,1
74.98,3.664961299033662,1
74.99,4.3909758536373005,1
75.0,4.731879134992521,1
75.01,2.952601131261452,1
75.02,4.128354448819357,1
75.03,4.26306628395581,1
75.04,4.26062345631868,1
75.05,4.121037603286013,1
75.06,4.848105319794548,1
75.07000000000001,3.9739340646891583,1
75.08,4.039768302367969,1
75.09,4.2290988838146735,1
75.10000000000001,3.896725987900167,1
75.11,3.069804466398442,1
75.12,4.037582499734474,1
75.13,4.086637583141144,1
75.14,3.696067340695592,1
75.15,3.8204793640072077,1
75.16,1.8547523873952871,1
75.17,4.5951776772142505,1
75.18,4.5771855805296555,1
75.19,3.1447075509379827,1
75.2,3.51190303458823,1
75.21000000000001,4.935278128265213,1
75.22,3.3523556795917644,1
75.23,4.333479177725653,1
75.24,3.7729752937955072,1
75.25,4.327925419446934,1
75.26,4.1234910484425,1
75.27,3.8837967421696487,1
75.28,4.288251580310721,1
75.29,3.7192917996788886,1
75.3,2.824012293634716,1
75.31,3.302786317086509,1
75.32000000000001,3.232746634219017,1
75.33,2.8512658666651425,1
75.34,4.098552167637669,1
75.35000000000001,3.8183821717191866,1
75.36,4.147465617356606,1
75.37,4.286570201485325,1
75.38,4.464873550835129,1
75.39,4.270015026759073,1
75.4,3.382085770709364,1
75.41,4.363659440999827,1
75.42,4.2112724400287656,1
75.43,5.49557971023946,1
75.44,4.167073670451723,1
75.45,4.3338958130051255,1
75.46000000000001,4.029792670348435,1
75.47,4.093668891719911,1
75.48,4.036682789219067,1
75.49,3.742104601230141,1
75.5,4.0981151811716385,1
75.51,4.384581723088155,1
75.52,3.7053472885363066,1
75.53,4.46256498231129,1
75.54,4.419017876836562,1
75.55,3.378566515624091,1
75.56,3.266159681556993,1
75.57000000000001,4.186588190456156,1
75.58,3.5868455292402635,1
75.59,3.2748234052673673,1
75.60000000000001,5.071945444722199,1
75.61,3.4620567920680303,1
75.62,3.024710118745666,1
75.63,3.4948996429723502,1
75.64,4.19219527147636,1
75.65,4.134689361757061,1
75.66,5.30384458208205,1
75.67,3.6398313774707622,1
75.68,4.174754533683306,1
75.69,4.764581517370982,1
75.7,3.6168030516869307,1
75.71000000000001,4.408883459114162,1
75.72,2.7902278263228304,1
75.73,5.006644531736649,1
75.74,4.633625061202676,1
75.75,3.5209409345551137,1
75.76,4.438381728187047,1
75.77,4.818177690799798,1
75.78,3.1698256450158415,1
75.79,3.5390714039811555,1
75.8,4.847205447232605,1
75.81,4.119332050062154,1
75.82000000000001,4.33569669479339,1
75.83,4.127587785812179,1
75.84,4.658280272883744,1
75.85000000000001,4.447736640340167,1
75.86,4.167065555025986,1
75.87,2.706541197964921,1
75.88,4.380789432738316,1
75.89,4.517900009913023,1
75.9,3.2253420197999847,1
75.91,3.168631877926815,1
75.92,4.240411324878918,1
75.93,4.0786084181178355,1
75.94,2.6512120288073455,1
75.95,3.3102863178563107,1
75.96000000000001,4.090963144555391,1
75.97,4.384349039598162,1
75.98,3.600798180764073,1
75.99,3.8584738626262443,1
76.0,3.422442614220984,1
76.01,4.849067917302842,1
76.02,4.209761541582649,1
76.03,3.6412701986393987,1
76.04,3.3004356131929944,1
76.05,3.2114678704546025,1
76.06,5.1993617310148945,1
76.07000000000001,4.019538485301137,1
76.08,3.785091000242789,1
76.09,3.8706466911217774,1
76.10000000000001,3.581857169163226,1
76.11,3.880758565260954,1
76.12,3.9699685345703206,1
76.13,3.9460328476678406,1
76.14,3.105350733328225,1
76.15,4.449921166637428,1
76.16,3.596934663006761,1
76.17,3.488299946761586,1
76.18,3.4694957663543384,1
76.19,3.263395657240064,1
76.2,4.131041897676116,1
76.21000000000001,4.613274082407729,1
76.22,3.6132396515097587,1
76.23,2.8428210104131133,1
76.24,3.336348819491974,1
76.25,3.744754958307545,1
76.26,3.256978944726833,1
76.27,3.6271005747820455,1
76.28,3.6629190055047136,1
76.29,3.991624755959545,1
76.3,3.053997632277125,1
76.31,4.2949128462238315,1
76.32000000000001,5.0498204137761915,1
76.33,4.928341843343967,1
76.34,3.6045545228864766,1
76.35000000000001,4.334681165501671,1
76.36,4.3058169450473285,1
76.37,3.9299523428823777,1
76.38,4.067503985403005,1
76.39,4.425328834958542,1
76.4,4.60016280294928,1
76.41,3.534094669296795,1
76.42,4.502709034591263,1
76.43,5.173311653576761,1
76.44,4.714984923122328,1
76.45,5.115235636622414,1
76.46000000000001,2.4619365205529156,1
76.47,4.354385762196641,1
76.48,4.2358565570381685,1
76.49,4.702453664389564,1
76.5,3.31032510589146,1
76.51,3.605499156157318,1
76.52,4.515084709242981,1
76.53,3.2814614599242375,1
76.54,4.041906951909785,1
76.55,3.9160892455147027,1
76.56,3.7965553455317957,1
76.57000000000001,4.2992204882722405,1
76.58,3.2510444915519825,1
76.59,3.4270003306739887,1
76.60000000000001,3.8767546523571097,1
76.61,3.2379647518244576,1
76.62,4.798475118228613,1
76.63,3.5915452582731624,1
76.64,4.557887360122699,1
76.65,3.5408562832506725,1
76.66,4.5006394287028595,1
76.67,3.0463270657265227,1
76.68,4.899869607265765,1
76.69,4.81239931702685,1
76.7,3.688728502793616,1
76.71000000000001,3.4209028102750305,1
76.72,4.216750151255836,1
76.73,2.960923128732379,1
76.74,3.8880023078080916,1
76.75,3.3938584574437374,1
76.76,3.727343222318861,1
76.77,3.5057365861274703,1
76.78,3.4091999786755856,1
76.79,5.048771803286312,1
76.8,4.570848794668631,1
76.81,3.0987943496143497,1
76.82000000000001,3.4232141120673187,1
76.83,4.5836305862436815,1
76.84,4.735731137903473,1
76.85000000000001,3.2208970526988416,1
76.86,4.477813391483897,1
76.87,4.260783653602271,1
76.88,2.7989748826600485,1
76.89,3.6882321330066037,1
76.9,3.891463945498319,1
76.91,4.000229364102411,1
76.92,3.097641886421265,1
76.93,3.3888919781709292,1
76.94,3.486948350155547,1
76.95,3.5462200621313427,1
76.96000000000001,3.564748116213466,1
76.97,3.8276725270267953,1
76.98,4.1474220113577465,1
76.99,5.138114335549119,1
77.0,4.634827972969312,1
77.01,4.917230121784995,1
77.02,3.7886451419525744,1
77.03,3.3978443003222254,1
77.04,4.55605981386006,1
77.05,4.098280390528873,1
77.06,4.551032672581381,1
77.07000000000001,3.520756324647358,1
77.08,4.435200512898878,1
77.09,3.934305081716204,1
77.10000000000001,3.6955291237817263,1
77.11,3.719048631340768,1
77.12,4.255810776024937,1
77.13,4.4557339498648245,1
77.14,3.71740268583743,1
77.15,4.131007415192045,1
77.16,4.157707465216001,1
77.17,4.428360485664194,1
77.18,4.622901234290866,1
77.19,5.190646945765733,1
77.2,3.7711060871392976,1
77.21000000000001,4.9582844078109085,1
77.22,4.17899784634837,1
77.23,3.3623011499180606,1
77.24,3.611886145839513,1
77.25,4.35447651073086,1
77.26,4.5621500111711235,1
77.27,3.434501287521961,1
77.28,3.5135793994613795,1
77.29,3.646813236221495,1
77.3,3.417147349718836,1
77.31,2.7204539205119054,1
77.32000000000001,2.437732721391639,1
77.33,3.596636464963904,1
77.34,4.067153287737132,1
77.35000000000001,4.353957186198616,1
77.36,3.0660311297772305,1
77.37,3.0109106191747435,1
77.38,3.554979739899576,1
77.39,3.953567474236712,1
77.4,4.65322403164928,1
77.41,4.5295936544768525,1
77.42,3.8386575936154825,1
77.43,4.285898632323363,1
77.44,3.542042482994455,1
77.45,4.096195155912412,1
77.46000000000001,4.0365541912897145,1
77.47,4.973501513060237,1
77.48,4.421782453781388,1
77.49,3.5470992892688566,1
77.5,3.4778726904601314,1
77.51,3.7278315739676167,1
77.52,2.923059528519544,1
77.53,3.7242397020676146,1
77.54,3.8180428889433533,1
77.55,4.216343787355515,1
77.56,4.33886075244162,1
77.57000000000001,4.024355186431076,1
77.58,2.900735337181866,1
77.59,3.119893797168929,1
77.60000000000001,3.556067320149133,1
77.61,4.421310971274683,1
77.62,4.472134452558529,1
77.63,3.9283852858927566,1
77.64,5.59896574937437,1
77.65,5.184563122605279,1
77.66,4.946853903577617,1
77.67,4.5715748138067145,1
77.68,4.374949189868361,1
77.69,4.294569834497012,1
77.7,2.845035763266031,1
77.71000000000001,3.2238770660263554,1
77.72,3.7637643083371373,1
77.73,4.006893244466046,1
77.74,3.847461360510545,1
77.75,4.092073809637292,1
77.76,2.569557630356178,1
77.77,4.182106805722743,1
77.78,4.00810351452158,1
77.79,3.856963261532072,1
77.8,4.594567966405866,1
77.81,3.3820231153354885,1
77.82000000000001,3.854756688200211,1
77.83,4.237724289465785,1
77.84,3.5330062695747184,1
77.85000000000001,2.7475877449241315,1
77.86,3.2480139875452947,1
77.87,3.973044537176761,1
77.88,3.879950993251074,1
77.89,4.002845508522059,1
77.9,3.5709295496366367,1
77.91,3.0980996552594724,1
77.92,3.989241364348259,1
77.93,3.8294095526743477,1
77.94,4.331409067560291,1
77.95,3.459330086357232,1
77.96000000000001,2.585088018453769,1
77.97,2.165099972461645,1
77.98,3.5862816128153017,1
77.99,4.036268073155448,1
78.0,3.852928277404221,1
78.01,3.6492110843916823,1
78.02,2.991957231293308,1
78.03,2.7755445380239827,1
78.04,4.2370324207267345,1
78.05,3.9419826081375384,1
78.06,3.8319422731014434,1
78.07000000000001,3.0497401789715775,1
78.08,3.3591886989328743,1
78.09,4.012716319786813,1
78.10000000000001,4.183946766459655,1
78.11,3.8797516948001283,1
78.12,4.8421425132847755,1
78.13,3.615231463097983,1
78.14,4.739672399367699,1
78.15,4.1096548471966905,1
78.16,4.005454876817622,1
78.17,4.5452187347526865,1
78.18,3.5846216969983393,1
78.19,3.7395805783410223,1
78.2,3.191988932692123,1
78.21000000000001,4.583033649284504,1
78.22,4.298207199079473,1
78.23,4.792072524738191,1
78.24,4.252646896968244,1
78.25,4.806279459423585,1
78.26,3.634798474677634,1
78.27,4.678793861945818,1
78.28,3.8257533306022458,1
78.29,4.013087983766308,1
78.3,4.471880136822962,1
78.31,5.513962226682263,1
78.32000000000001,4.577372235966949,1
78.33,4.56599658201686,1
78.34,3.607901552268522,1
78.35000000000001,4.002904005271508,1
78.36,3.8666882610781403,1
78.37,4.8451795405287905,1
78.38,3.912884903892657,1
78.39,4.834869512476033,1
78.4,3.2070293927075237,1
78.41,4.884710339354785,1
78.42,3.5397203564167725,1
78.43,4.588307968821213,1
78.44,3.546697095677907,1
78.45,4.449438353141995,1
78.46000000000001,3.4736964105665753,1
78.47,4.701076908746034,1
78.48,4.633623877149973,1
78.49,3.670174035146787,1
78.5,4.353805122682306,1
78.51,4.611228673575589,1
78.52,3.3920580542504934,1
78.53,3.2307325182450892,1
78.54,3.186549192888567,1
78.55,3.088726760362987,1
78.56,3.175838898209165,1
78.57000000000001,4.490423403806948,1
78.58,4.3482349766731385,1
78.59,2.898578798258033,1
78.60000000000001,3.6043869025023616,1
78.61,3.249746681240226,1
78.62,4.559510068057719,1
78.63,3.8037274257439653,1
78.64,3.058355669742578,1
78.65,4.129344290320849,1
78.66,4.472554813453412,1
78.67,3.469722428697053,1
78.68,3.8394377695715116,1
78.69,3.4267659461508533,1
78.7,4.771296632279306,1
78.71000000000001,3.7416787934797022,1
78.72,3.470611672935514,1
78.73,3.8730352440062457,1
78.74,3.7855168620910598,1
78.75,4.3584105254543015,1
78.76,4.739226749015267,1
78.77,4.778119499830293,1
78.78,3.7557550814801366,1
78.79,4.161411871280732,1
78.8,4.9769498204254985,1
78.81,5.074099374782928,1
78.82000000000001,3.5416722347406937,1
78.83,4.418666163578842,1
78.84,4.371909234887469,1
78.85000000000001,4.698816536031166,1
78.86,4.920108588113904,1
78.87,3.4399474375735166,1
78.88,3.5614043088055714,1
78.89,4.5844670807862125,1
78.9,4.1296313817858925,1
78.91,2.537957960174762,1
78.92,2.785605659823435,1
78.93,4.295132981571229,1
78.94,4.489946193877988,1
78.95,3.0783751593168738,1
78.96000000000001,4.586589718079303,1
78.97,3.8471241999514243,1
78.98,3.2842771023639417,1
78.99,3.5716204445185897,1
79.0,3.182429310758295,1
79.01,3.576046244572664,1
79.02,2.807507214332946,1
79.03,3.9424454687868797,1
79.04,4.449687566794842,1
79.05,3.22816786249141,1
79.06,4.03601783728671,1
79.07000000000001,3.5402358318944374,1
79.08,4.449491029015673,1
79.09,2.547215140499753,1
79.10000000000001,4.373243717165284,1
79.11,2.8182601679053247,1
79.12,3.7473406980897868,1
79.13,3.4629738578664195,1
79.14,3.661542692245386,1
79.15,2.9119446414468495,1
79.16,4.94057751119909,1
79.17,3.1615189979492206,1
79.18,3.1229909860547305,1
79.19,5.090011015689666,1
79.2,4.27626210463151,1
79.21000000000001,3.227499148825769,1
79.22,3.915628315641333,1
79.23,3.9038895863916996,1
79.24,2.971437902272878,1
79.25,3.521738483872274,1
79.26,4.025472260878901,1
79.27,4.883373217825264,1
79.28,3.9736236636961086,1
79.29,3.946581109988838,1
79.3,3.4664078538262837,1
79.31,4.654308771196076,1
79.32000000000001,4.579171457828809,1
79.33,4.484993545215352,1
79.34,4.029462665826624,1
79.35000000000001,2.889132033392583,1
79.36,4.567126284838544,1
79.37,4.011068488695878,1
79.38,3.7573014593584575,1
79.39,4.2545113172710005,1
79.4,4.16221472964637,1
79.41,3.340727637062596,1
79.42,3.797840258775714,1
79.43,2.8143398879893513,1
79.44,4.056878203587342,1
79.45,4.941873017043672,1
79.46000000000001,2.962749826876382,1
79.47,4.0813788927304335,1
79.48,4.481750494078323,1
79.49,4.580481060558923,1
79.5,3.5491960667024833,1
79.51,3.233071202866451,1
79.52,3.527548426312082,1
79.53,4.682424509358864,1
79.54,2.859535044885064,1
79.55,3.067182591295043,1
79.56,3.5750835134850107,1
79.57000000000001,3.281304995454656,1
79.58,3.8867002841587213,1
79.59,4.889087399807125,1
79.60000000000001,3.2737562726265286,1
79.61,3.88618012401216,1
79.62,4.033356878278965,1
79.63,3.846812160332295,1
79.64,3.038882157199767,1
79.65,3.603928197441674,1
79.66,3.63562001286272,1
79.67,4.4493291922967675,1
79.68,4.342334483259862,1
79.69,3.0355251772608605,1
79.7,3.6894629542806476,1
79.71000000000001,3.6320663587000217,1
79.72,5.200647321838451,1
79.73,4.199800101385331,1
79.74,3.240713533522367,1
79.75,3.374998906611806,1
79.76,3.645604201060567,1
79.77,4.153694535471694,1
79.78,4.28071287947339,1
79.79,4.125021723997832,1
79.8,3.8728828219679663,1
79.81,3.9288533819903546,1
79.82000000000001,3.9575917744051576,1
79.83,2.9025519489383713,1
79.84,3.966586578452363,1
79.85000000000001,3.698890983352978,1
79.86,2.9808138917231037,1
79.87,5.567797324259033,1
79.88,4.3391901683445075,1
79.89,4.050753173685752,1
79.9,3.7607633262126643,1
79.91,4.434713907556365,1
79.92,3.226409244771855,1
79.93,3.688792968477705,1
79.94,3.2913303090173955,1
79.95,4.3502157549904235,1
79.96000000000001,3.4133148384612038,1
79.97,4.619215964267826,1
79.98,3.9296006742322818,1
79.99,4.476387642629877,1
80.0,4.289506558266141,1
80.01,4.7293604612902636,1
80.02,3.482531522004113,1
80.03,4.6184464174065525,1
80.04,2.900806593744428,1
80.05,4.037465215914264,1
80.06,3.719322482815174,1
80.07000000000001,3.1320085327134324,1
80.08,3.41131703278998,1
80.09,3.570903033252078,1
80.10000000000001,3.845242479864952,1
80.11,3.6254555432963103,1
80.12,3.9839109619797504,1
80.13,3.398503923210216,1
80.14,3.5823099165583416,1
80.15,3.711949236226953,1
80.16,4.02958173271162,1
80.17,4.492375302116863,1
80.18,4.54028424786203,1
80.19,4.1646035524119425,1
80.2,4.290520105608141,1
80.21000000000001,4.244500847906195,1
80.22,3.856060638435138,1
80.23,4.637587948208941,1
80.24,3.51711471407271,1
80.25,2.717565747954552,1
80.26,3.318590006039869,1
80.27,4.929657086946598,1
80.28,3.9072333922280587,1
80.29,4.194196827776299,1
80.3,3.8324218278321442,1
80.31,4.329648672921775,1
80.32000000000001,4.020119806255052,1
80.33,3.8948027170438455,1
80.34,4.3197240729482305,1
80.35000000000001,3.641603189984566,1
80.36,4.148626505338059,1
80.37,3.83539683100522,1
80.38,3.8772830087016836,1
80.39,3.439607238235409,1
80.4,3.8277414396873723,1
80.41,3.66321201301093,1
80.42,4.758457177024183,1
80.43,3.014732979825622,1
80.44,4.590062775806088,1
80.45,2.9791138243255775,1
80.46000000000001,4.358592406205008,1
80.47,3.5381282085013988,1
80.48,4.382873508367661,1
80.49,3.966131163691529,1
80.5,3.0671322713362685,1
80.51,4.800817610730782,1
80.52,4.506420123973157,1
80.53,4.294960018064337,1
80.54,3.5300059356278983,1
80.55,4.422620601549359,1
80.56,3.1214619188494748,1
80.57000000000001,2.441770143135929,1
80.58,2.8496844243668176,1
80.59,3.310868550118228,1
80.60000000000001,3.4703753753528317,1
80.61,3.7108047880130917,1
80.62,3.7748634421408274,1
80.63,3.6267579096827394,1
80.64,2.676680433186766,1
80.65,4.120690956648928,1
80.66,3.9067973376260383,1
80.67,3.60275625514009,1
80.68,4.926381593627936,1
80.69,3.9203589879323877,1
80.7,4.0317153399273735,1
80.71000000000001,4.49355217528501,1
80.72,3.0174087532979557,1
80.73,3.8644744775888675,1
80.74,4.433895216987866,1
80.75,3.8913419487021823,1
80.76,3.0765495999949772,1
80.77,3.571392653747256,1
80.78,4.0537640266103345,1
80.79,2.6143224923369814,1
80.8,3.0406970245833165,1
80.81,5.247651043331152,1
80.82000000000001,4.434814767445017,1
80.83,5.050507515382607,1
80.84,4.697323691044664,1
80.85000000000001,4.372902341771917,1
80.86,3.8931191052538043,1
80.87,4.301086030561713,1
80.88,5.00198343683458,1
80.89,4.617652545207044,1
80.9,4.143807225265002,1
80.91,3.8720833068659664,1
80.92,4.270112227378904,1
80.93,3.6091020996669747,1
80.94,4.227769512118127,1
80.95,3.4853775170553583,1
80.96000000000001,3.6682040136435754,1
80.97,3.2531308990277434,1
80.98,3.6267173233374463,1
80.99,3.5120807536697023,1
81.0,5.069971805205482,1
81.01,3.5085449293034965,1
81.02,4.265744513255225,1
81.03,3.463480004733967,1
81.04,4.070437546020604,1
81.05,4.267766685901423,1
81.06,2.8863008784344464,1
81.07000000000001,3.086465158744585,1
81.08,3.3689078485485706,1
81.09,3.1384566550471655,1
81.10000000000001,4.0013810306066855,1
81.11,4.132754563235059,1
81.12,3.272673879816849,1
81.13,3.9750439832680895,1
81.14,3.6511469196525796,1
81.15,3.839090956534106,1
81.16,3.51132171601695,1
81.17,4.2269288179837305,1
81.18,5.03126561556115,1
81.19,4.542386398869542,1
81.2,4.938098779966083,1
81.21000000000001,3.170813962164522,1
81.22,3.55736875231769,1
81.23,4.402083484605297,1
81.24,5.074951167197514,1
81.25,4.561956574794031,1
81.26,3.439158025041578,1
81.27,3.7444875097436414,1
81.28,4.244131238078281,1
81.29,3.929712000903286,1
81.3,3.4760327473646124,1
81.31,3.7555151210060327,1
81.32000000000001,3.9304248618267255,1
81.33,3.22999715522073,1
81.34,4.5203765725583365,1
81.35000000000001,3.6705528440602686,1
81.36,3.861859092983401,1
81.37,4.603127411187694,1
81.38,3.9119453533923676,1
81.39,4.608901915342089,1
81.4,3.370242087608588,1
81.41,4.267850214161928,1
81.42,4.606187190117122,1
81.43,3.5598288437203527,1
81.44,3.930059615900764,1
81.45,3.9689340224318927,1
81.46000000000001,4.205440554764428,1
81.47,4.380547754068146,1
81.48,3.474755447233496,1
81.49,3.951419986813227,1
81.5,5.028095209515166,1
81.51,4.720750119996536,1
81.52,4.5127743332733425,1
81.53,3.843785486492609,1
81.54,5.299672947763701,1
81.55,4.670718701721903,1
81.56,3.9932370454052006,1
81.57000000000001,4.08244678653806,1
81.58,3.6640923311378963,1
81.59,4.213176488935863,1
81.60000000000001,4.399078119407548,1
81.61,4.504538509030104,1
81.62,3.958578909985644,1
81.63,3.1032359383101022,1
81.64,4.175274673618622,1
81.65,4.544539493995616,1
81.66,3.4690431593962927,1
81.67,3.9693640720740766,1
81.68,4.911683239213691,1
81.69,3.295751532309679,1
81.7,3.7721667515035913,1
81.71000000000001,4.9265075701144605,1
81.72,4.112381202432251,1
81.73,3.603551182179539,1
81.74,3.8994495300599676,1
81.75,4.4544109847582165,1
81.76,3.823939856066529,1
81.77,4.317008676338947,1
81.78,4.128349398732485,1
81.79,4.191530624085574,1
81.8,4.4422023997455815,1
81.81,3.8599605094732055,1
81.82000000000001,3.4243112537567537,1
81.83,4.335160265806862,1
81.84,4.006403234859129,1
81.85000000000001,3.785071588816337,1
81.86,4.399922828610662,1
81.87,4.912931417206295,1
81.88,3.997620494453388,1
81.89,4.027239525195459,1
81.9,3.23338631179882,1
81.91,3.784791111302552,1
81.92,4.085127575258776,1
81.93,3.929942941191437,1
81.94,3.68861814974822,1
81.95,4.376829245405729,1
81.96000000000001,3.9889622943204097,1
81.97,5.618871845759444,1
81.98,4.188767043628757,1
81.99,2.207415483652529,1
82.0,3.1724099149782967,1
82.01,4.320320345084803,1
82.02,3.6473607404469672,1
82.03,3.6636226132295873,1
82.04,3.2479704041357045,1
82.05,3.720995326942801,1
82.06,4.180370182189762,1
82.07000000000001,4.321319878751512,1
82.08,3.4006809116617998,1
82.09,4.508511643919193,1
82.10000000000001,3.256032667298879,1
82.11,4.21479920068498,1
82.12,4.186034116667689,1
82.13,3.3430234211192955,1
82.14,3.2049585638896954,1
82.15,4.1249036884112025,1
82.16,3.5729417160759533,1
82.17,3.790618725433048,1
82.18,4.3902609585829095,1
82.19,4.312393726055825,1
82.2,3.4259355916371113,1
82.21000000000001,3.95551376552862,1
82.22,3.436400086128746,1
82.23,4.592525566708581,1
82.24,5.104689389913879,1
82.25,3.5933939902504606,1
82.26,4.026666041530314,1
82.27,4.657031510916253,1
82.28,4.098270232258845,1
82.29,4.392117087553809,1
82.3,4.055527425314982,1
82.31,3.29292545100239,1
82.32000000000001,3.989197981891282,1
82.33,4.668866143046918,1
82.34,4.171852520958857,1
82.35000000000001,4.988363095273216,1
82.36,2.8386142843227495,1
82.37,4.116097525680611,1
82.38,3.5433799754874364,1
82.39,3.382567965620048,1
82.4,4.830246777632057,1
82.41,3.909081555538384,1
82.42,3.81199169087678,1
82.43,4.273541470895193,1
82.44,2.691997450785303,1
82.45,4.876031014295982,1
82.46000000000001,5.359495893885122,1
82.47,4.73547813308579,1
82.48,4.3545790953626335,1
82.49,3.90265433013391,1
82.5,3.2950471036807105,1
82.51,4.707724632615217,1
82.52,4.5914729081236,1
82.53,4.2656368389989865,1
82.54,4.160205051005085,1
82.55,4.1292104331319095,1
82.56,3.595225137593867,1
82.57000000000001,5.5383879521286765,1
82.58,3.863842918024405,1
82.59,3.6930725530179878,1
82.60000000000001,4.710149446071095,1
82.61,4.048380775801311,1
82.62,4.036118193864282,1
82.63,4.9818806354286025,1
82.64,4.571419291755776,1
82.65,4.582987952467306,1
82.66,3.186412194046932,1
82.67,4.271223081471794,1
82.68,3.4069453874621463,1
82.69,3.691103432163473,1
82.7,4.093944064003346,1
82.71000000000001,3.9574213166072068,1
82.72,4.3763815137520155,1
82.73,4.460735142579706,1
82.74,4.504114580707056,1
82.75,3.0826554661801473,1
82.76,5.406635874457155,1
82.77,4.008294382696041,1
82.78,4.744344392688243,1
82.79,2.3914017205433233,1
82.8,3.732814379550156,1
82.81,3.0609573977642337,1
82.82000000000001,3.430318198139801,1
82.83,4.060521117196257,1
82.84,3.858637381693976,1
82.85000000000001,4.919525440204168,1
82.86,5.274229259002996,1
82.87,3.5093000214781385,1
82.88,3.6972213821967967,1
82.89,3.3347333793533354,1
82.9,4.7085822152409,1
82.91,4.120985667642334,1
82.92,3.98269700034867,1
82.93,4.139799081333418,1
82.94,3.73429002416394,1
82.95,3.35291992935449,1
82.96000000000001,3.9230164765020956,1
82.97,3.761981944498132,1
82.98,4.167738644042032,1
82.99,2.929289395264193,1
83.0,4.058155487921103,1
83.01,3.5810079299652564,1
83.02,4.118571037338813,1
83.03,4.656262589048616,1
83.04,3.750667353503021,1
83.05,4.836941879759047,1
83.06,2.9920438823872653,1
83.07000000000001,5.00135975273767,1
83.08,4.906791913272594,1
83.09,3.501062486930679,1
83.10000000000001,3.3987623999399097,1
83.11,2.9692336904320724,1
83.12,4.490431712544957,1
83.13,3.7531458133713973,1
83.14,3.651009910753258,1
83.15,3.175110818106872,1
83.16,5.054883238258659,1
83.17,3.3719812582042,1
83.18,3.934859027178107,1
83.19,4.114318950226633,1
83.2,3.7496730155811364,1
83.21000000000001,3.6198264513452845,1
83.22,3.7831416122720354,1
83.23,4.415693116995485,1
83.24,3.8719620989744596,1
83.25,5.122453748163187,1
83.26,3.6344665553813136,1
83.27,4.5275105704227965,1
83.28,2.9351878494605765,1
83.29,3.4539198105319406,1
83.3,3.4361179220480826,1
83.31,3.2251946625683567,1
83.32000000000001,4.091897308991302,1
83.33,3.8721212076185405,1
83.34,2.44155664848662,1
83.35000000000001,5.125819624147935,1
83.36,4.110469057841899,1
83.37,3.947235756887202,1
83.38,4.803737637294061,1
83.39,4.667925835613517,1
83.4,3.848095367972549,1
83.41,2.7487600928078058,1
83.42,4.3366548870391926,1
83.43,3.457376815705296,1
83.44,4.843714500039827,1
83.45,3.622460348295708,1
83.46000000000001,3.755447821269479,1
83.47,3.1739883848344057,1
83.48,3.1745650742159452,1
83.49,3.901602630596697,1
83.5,3.861381039754261,1
83.51,3.658195088712943,1
83.52,5.266005532996782,1
83.53,4.405723576584041,1
83.54,3.9587883392729886,1
83.55,2.1330596137891242,1
83.56,4.352481384244836,1
83.57000000000001,5.903934422152938,1
83.58,3.9491489606970505,1
83.59,3.4491649619283664,1
83.60000000000001,4.0744029427332515,1
83.61,3.1004461180998515,1
83.62,4.291364561205388,1
83.63,5.052767351802211,1
83.64,3.700047762644035,1
83.65,3.6430691691003565,1
83.66,3.9981597109656306,1
83.67,3.7348403254335234,1
83.68,3.045994779493291,1
83.69,3.714706311416091,1
83.7,3.6005305245841708,1
83.71000000000001,4.837970822323936,1
83.72,4.7543792707149874,1
83.73,4.8899798696083625,1
83.74,4.501379939557324,1
83.75,4.088165777027596,1
83.76,3.366664187284054,1
83.77,4.762265766735835,1
83.78,4.2282522607535435,1
83.79,3.1820369313321013,1
83.8,3.359461362354889,1
83.81,3.166334587937383,1
83.82000000000001,2.6641038280544818,1
83.83,4.233830659430878,1
83.84,3.2830617076246758,1
83.85000000000001,3.5419394520642795,1
83.86,4.0690011637110945,1
83.87,3.9423859904968634,1
83.88,3.576780980740837,1
83.89,4.982031958410583,1
83.9,3.066901012515273,1
83.91,2.956841807969201,1
83.92,4.188933349449026,1
83.93,3.543182819875794,1
83.94,3.468757716425538,1
83.95,3.1925807244500732,1
83.96000000000001,4.099705041216923,1
83.97,4.092222505387475,1
83.98,4.03968433265052,1
83.99,3.602241745320384,1
84.0,3.4903280409717543,1
84.01,3.888321038775384,1
84.02,4.665957805761287,1
84.03,5.119324666726769,1
84.04,4.860440215119005,1
84.05,4.455198367669126,1
84.06,4.73586075348926,1
84.07000000000001,3.33743372984595,1
84.08,3.5402707480977114,1
84.09,4.334561164490921,1
84.10000000000001,3.941924197577252,1
84.11,4.190778000471422,1
84.12,4.601412508072424,1
84.13,4.508838162665452,1
84.14,3.2504803466501184,1
84.15,3.8872788207085853,1
84.16,3.324495863525219,1
84.17,3.3949670205214377,1
84.18,2.810497150845712,1
84.19,3.993413672789591,1
84.2,2.8430747010085358,1
84.21000000000001,4.211030895203942,1
84.22,4.9396015227306265,1
84.23,4.4623735063295555,1
84.24,4.133610318587944,1
84.25,5.079045906353522,1
84.26,4.3484835220867515,1
84.27,3.521292461851736,1
84.28,4.0955897734234625,1
84.29,5.299139945796981,1
84.3,3.3675294127182225,1
84.31,3.0418660842170544,1
84.32000000000001,4.295942955430297,1
84.33,3.810484406370957,1
84.34,3.5712496089796795,1
84.35000000000001,3.0818479929153995,1
84.36,2.60833709207114,1
84.37,2.9113699715450863,1
84.38,4.939353084696017,1
84.39,4.028703328924759,1
84.4,2.729966604515409,1
84.41,4.716788586088393,1
84.42,4.8897428739674265,1
84.43,4.91284713352424,1
84.44,3.852821523937702,1
84.45,3.89219211450934,1
84.46000000000001,4.154112989800303,1
84.47,4.978442595478497,1
84.48,3.7418102514887406,1
84.49,3.516923455777324,1
84.5,4.420907414400522,1
84.51,4.7851325586352775,1
84.52,3.967316284468086,1
84.53,4.3711398048613805,1
84.54,4.023025863875164,1
84.55,3.762931850369784,1
84.56,3.376431691000297,1
84.57000000000001,3.1537719105388518,1
84.58,3.507208760679875,1
84.59,3.315237083379245,1
84.60000000000001,4.144329179455088,1
84.61,4.823360046201696,1
84.62,4.227308313623094,1
84.63,3.4781595125171254,1
84.64,4.595884219626701,1
84.65,4.303813289833566,1
84.66,4.4105707637202505,1
84.67,3.747809729994259,1
84.68,4.763375648228877,1
84.69,4.799753971975068,1
84.7,3.9270738654491337,1
84.71000000000001,4.437055426113686,1
84.72,4.695361831534532,1
84.73,3.6778747490210844,1
84.74,3.855761259164395,1
84.75,3.96768168894984,1
84.76,3.214478884848886,1
84.77,4.1792758662813485,1
84.78,4.631059413152859,1
84.79,3.92260616233288,1
84.8,4.217344203570638,1
84.81,4.94520171421741,1
84.82000000000001,3.839377377929622,1
84.83,4.2860129913816545,1
84.84,3.7196513694988824,1
84.85000000000001,3.6711941607537493,1
84.86,4.273386415127138,1
84.87,4.233167034918605,1
84.88,4.4172749391432875,1
84.89,4.096350487866575,1
84.9,4.306095871168176,1
84.91,5.07428131041377,1
84.92,4.706617890189714,1
84.93,4.200048923710032,1
84.94,4.267399970796548,1
84.95,3.7466727914157145,1
84.96000000000001,3.8102293561068334,1
84.97,4.247980379245321,1
84.98,4.02860928698453,1
84.99,4.494350038024227,1
85.0,4.853257924045415,1
85.01,4.009888133874011,1
85.02,2.7424949790894075,1
85.03,5.306290343939838,1
85.04,3.727221385673551,1
85.05,4.185694773807695,1
85.06,4.554444260697757,1
85.07000000000001,5.007605758795459,1
85.08,5.275403154499778,1
85.09,3.8623327554809865,1
85.10000000000001,4.762161840238087,1
85.11,4.149463449210372,1
85.12,5.7432982118814575,1
85.13,4.7566982919567655,1
85.14,3.8580503322195883,1
85.15,3.4014794918430846,1
85.16,2.1885968080392324,1
85.17,4.268908792079293,1
85.18,4.627305732749228,1
85.19,4.499414667379983,1
85.2,2.504484748345365,1
85.21000000000001,3.118756501085896,1
85.22,4.3046371186187855,1
85.23,5.238677699199717,1
85.24,4.1104769864657085,1
85.25,4.790272186891853,1
85.26,3.4475477644609502,1
85.27,4.161399817065968,1
85.28,3.874616084604742,1
85.29,4.78491938093323,1
85.3,3.6953504441547285,1
85.31,5.04509403769124,1
85.32000000000001,3.8175133375097046,1
85.33,3.232992730716309,1
85.34,3.209392140344721,1
85.35000000000001,3.4732798600158192,1
85.36,4.137547078762071,1
85.37,3.552323872715688,1
85.38,3.3976504236302203,1
85.39,4.519292254497659,1
85.4,1.949109233345549,1
85.41,3.6227482648641742,1
85.42,3.1572121045946506,1
85.43,3.4477894566218583,1
85.44,4.197220612918505,1
85.45,3.9541072849186567,1
85.46000000000001,3.876759205463819,1
85.47,4.824549631725471,1
85.48,4.083776660291448,1
85.49,5.1987485660500585,1
85.5,4.532532272419364,1
85.51,3.3800013279551138,1
85.52,5.172155393873842,1
85.53,4.188872130586317,1
85.54,5.153575277108969,1
85.55,3.821129097422912,1
85.56,4.094615062035263,1
85.57000000000001,4.2258887935011185,1
85.58,3.8613367062171444,1
85.59,4.795038721022694,1
85.60000000000001,5.303100750732104,1
85.61,2.6148660515738187,1
85.62,4.49110924839892,1
85.63,3.5109865819089423,1
85.64,2.3605712606736167,1
85.65,4.312525614301472,1
85.66,4.4269557337631085,1
85.67,4.5270598298270315,1
85.68,4.315496755022962,1
85.69,4.608571488199694,1
85.7,3.643755490098765,1
85.71000000000001,4.124762943779959,1
85.72,4.414936721465557,1
85.73,4.840833306716169,1
85.74,4.006696970505557,1
85.75,3.786250138409439,1
85.76,3.880049893342552,1
85.77,3.158208949843162,1
85.78,4.405707511808335,1
85.79,3.056893069054676,1
85.8,4.1985656922620755,1
85.81,4.091509504496992,1
85.82000000000001,3.0447142153810183,1
85.83,3.03526737003846,1
85.84,3.4604175440783203,1
85.85000000000001,3.8199004709325073,1
85.86,5.0210563601163365,1
85.87,4.049571488724125,1
85.88,4.4006903699169655,1
85.89,4.867751643331782,1
85.9,4.746883818461623,1
85.91,4.015511123503151,1
85.92,3.497625908525201,1
85.93,4.231628841897487,1
85.94,3.496877650971483,1
85.95,5.071875518595828,1
85.96000000000001,4.556080794760357,1
85.97,4.1086167622387695,1
85.98,4.296013748280573,1
85.99,4.111538269474561,1
86.0,3.7691926525154122,1
86.01,4.334385472457162,1
86.02,3.908007371501601,1
86.03,5.3129599452355505,1
86.04,3.7015328199811357,1
86.05,4.387649394623962,1
86.06,3.586687880203614,1
86.07000000000001,3.5207297130321216,1
86.08,2.8555165189604326,1
86.09,4.220207939641598,1
86.10000000000001,3.666249899440105,1
86.11,4.658188113042758,1
86.12,4.262109761778577,1
86.13,4.049999043874736,1
86.14,3.015626271312369,1
86.15,4.245006139498004,1
86.16,3.5137962578141226,1
86.17,2.9810042674742383,1
86.18,4.175050324212213,1
86.19,3.172186355511545,1
86.2,2.595032229490029,1
86.21000000000001,4.782041673282643,1
86.22,3.728642885110306,1
86.23,2.913744216733095,1
86.24,3.382468463651201,1
86.25,3.5705438894499357,1
86.26,4.787924940387054,1
86.27,3.028450167184748,1
86.28,3.1161253982658743,1
86.29,4.604981355179843,1
86.3,3.7430159444055735,1
86.31,4.107761931650962,1
86.32000000000001,3.642399613257683,1
86.33,5.227648389808495,1
86.34,3.1646661161410705,1
86.35000000000001,4.057489849043097,1
86.36,4.907326606680782,1
86.37,3.7509815306560874,1
86.38,3.4528489280138164,1
86.39,4.442989595610187,1
86.4,4.679528968973608,1
86.41,3.546492433573642,1
86.42,4.967044558177753,1
86.43,4.153156391014858,1
86.44,4.411489678266275,1
86.45,5.065764224288167,1
86.46000000000001,4.634037237673174,1
86.47,4.098036850308454,1
86.48,3.613273351619381,1
86.49,5.75605325556666,1
86.5,3.5919433792875917,1
86.51,4.157206607660211,1
86.52,4.294788734067338,1
86.53,4.317385848323074,1
86.54,5.327560892253295,1
86.55,4.035083774076972,1
86.56,3.8691389742596303,1
86.57000000000001,4.939154984803692,1
86.58,3.9250441933295135,1
86.59,4.54199260837994,1
86.60000000000001,4.1601285919906745,1
86.61,4.631884258383527,1
86.62,4.554144434460421,1
86.63,3.8335978581945698,1
86.64,2.865768347160002,1
86.65,2.921300604099444,1
86.66,2.8124716577036617,1
86.67,3.929733563294789,1
86.68,2.5124719855737103,1
86.69,3.8288419586786677,1
86.7,4.07503936263667,1
86.71000000000001,4.535325503023234,1
86.72,4.313836122513165,1
86.73,4.542099314418804,1
86.74,4.228878344263789,1
86.75,3.7283746558018076,1
86.76,3.8436531563461047,1
86.77,3.3778916474719898,1
86.78,4.067523101811669,1
86.79,2.954279467986271,1
86.8,4.630414708714613,1
86.81,3.4418804397201095,1
86.82000000000001,4.111871662766562,1
86.83,4.277196739275213,1
86.84,4.843241329490449,1
86.85000000000001,3.035241960311711,1
86.86,3.8022316876297797,1
86.87,4.405047380719518,1
86.88,5.203660932878332,1
86.89,4.068927093009534,1
86.9,3.617023645254868,1
86.91,5.267469035580806,1
86.92,4.551233197622995,1
86.93,4.862427028244392,1
86.94,3.1947593475548244,1
86.95,4.214374279018511,1
86.96000000000001,3.238685149198756,1
86.97,3.047414496811411,1
86.98,4.2772459588698455,1
86.99,4.417672227399761,1
87.0,3.7138003308535263,1
87.01,4.936696583750579,1
87.02,3.8623106175389985,1
87.03,3.878467130942799,1
87.04,4.041526267224878,1
87.05,3.920298199260217,1
87.06,4.895227051964724,1
87.07000000000001,3.4379826351200498,1
87.08,3.519978800010938,1
87.09,3.220079016514789,1
87.10000000000001,5.173801854967867,1
87.11,3.835149223467595,1
87.12,3.445933621352036,1
87.13,3.718442482904627,1
87.14,4.4617974837437755,1
87.15,4.3829431712835385,1
87.16,3.578499314358364,1
87.17,3.655290595231746,1
87.18,2.9918265396966843,1
87.19,4.007617308171168,1
87.2,4.833944989317776,1
87.21000000000001,3.697284196599652,1
87.22,4.439910488206039,1
87.23,3.7106028594928566,1
87.24,3.3439485946863985,1
87.25,4.477457071223163,1
87.26,5.623154821191244,1
87.27,4.5101345446999614,1
87.28,3.8052257381488124,1
87.29,3.783534787422973,1
87.3,5.224263547898268,1
87.31,4.247911975761085,1
87.32000000000001,3.4723866962409784,1
87.33,3.8660697892083205,1
87.34,4.059352307188741,1
87.35000000000001,4.232565640744861,1
87.36,4.9237239658404555,1
87.37,4.823107023657869,1
87.38,4.134869939030577,1
87.39,3.959268911097819,1
87.4,4.255966427994287,1
87.41,3.645439850040515,1
87.42,4.660124358238154,1
87.43,3.9694890593917425,1
87.44,4.388881561836913,1
87.45,5.210376329175449,1
87.46000000000001,4.502583940170726,1
87.47,4.23999821652577,1
87.48,3.721843473568037,1
87.49,3.9545538903756356,1
87.5,3.258687440833714,1
87.51,4.276755575647421,1
87.52,2.5862303218238782,1
87.53,4.481604039305462,1
87.54,4.431432474566133,1
87.55,4.014154294910834,1
87.56,3.5837279471976315,1
87.57000000000001,3.904317480294132,1
87.58,2.8000774793809615,1
87.59,4.440610334812943,1
87.60000000000001,3.9216257986718968,1
87.61,5.003144752305981,1
87.62,4.360062866935697,1
87.63,4.23366469141865,1
87.64,4.346367878704331,1
87.65,3.4632774968004787,1
87.66,3.7464632961090127,1
87.67,4.131205202385151,1
87.68,3.854699396752574,1
87.69,3.6391239751275184,1
87.7,3.7936372503355384,1
87.71000000000001,3.9915296419218427,1
87.72,5.458419339008715,1
87.73,3.814481840385701,1
87.74,3.477131816613114,1
87.75,3.794097989558966,1
87.76,4.890639592031133,1
87.77,5.01394952857467,1
87.78,5.2823286814498145,1
87.79,4.0946024019834635,1
87.8,4.423443061159451,1
87.81,3.368841670972476,1
87.82000000000001,3.778347434909834,1
87.83,3.325101556660855,1
87.84,4.338771313272108,1
87.85000000000001,4.120684519928736,1
87.86,4.225283990954465,1
87.87,3.524627255058858,1
87.88,4.566567733402553,1
87.89,2.494144229715591,1
87.9,3.744642192638445,1
87.91,3.890763075689265,1
87.92,2.636232026199941,1
87.93,4.105507554728876,1
87.94,3.821710434686772,1
87.95,4.277936580947086,1
87.96000000000001,5.242938351575408,1
87.97,4.225045378706927,1
87.98,4.6014539922439575,1
87.99,4.9101895857601825,1
88.0,4.375336078557568,1
88.01,3.4854363836043634,1
88.02,2.9504776823090766,1
88.03,4.241835998647422,1
88.04,3.8270125389069434,1
88.05,4.897893207668534,1
88.06,3.8168844544331297,1
88.07000000000001,4.0398865201759335,1
88.08,3.293533042136352,1
88.09,3.7564233832347615,1
88.10000000000001,3.372163482901924,1
88.11,3.385113054167321,1
88.12,3.8832998319422933,1
88.13,3.5373120549621033,1
88.14,5.605963332671567,1
88.15,4.563275191538435,1
88.16,4.666257760610909,1
88.17,3.9078685909473245,1
88.18,4.019947651383054,1
88.19,3.7005645309911097,1
88.2,5.6862914446228245,1
88.21000000000001,4.055264849645017,1
88.22,3.6571243056522684,1
88.23,3.5521076855934752,1
88.24,4.262912505089697,1
88.25,5.013209911983251,1
88.26,4.837327905169147,1
88.27,3.6196701592148637,1
88.28,3.5136210995316417,1
88.29,4.80133233828351,1
88.3,5.410033718611071,1
88.31,3.965798839486191,1
88.32000000000001,4.7353005849415535,1
88.33,3.0309776457578845,1
88.34,3.322354306882391,1
88.35000000000001,3.2288497669753236,1
88.36,4.149902706576503,1
88.37,3.8327130505452294,1
88.38,4.101304643904862,1
88.39,4.775176029295964,1
88.4,3.6242007173129442,1
88.41,4.063158850799085,1
88.42,3.1812399193404515,1
88.43,4.767872243767045,1
88.44,4.829658527586258,1
88.45,4.360017945320089,1
88.46000000000001,4.170703612678876,1
88.47,3.7400485877498855,1
88.48,3.122069742042494,1
88.49,4.167468630293959,1
88.5,4.499209810509887,1
88.51,5.315457981245808,1
88.52,3.778041623117243,1
88.53,4.100084161377026,1
88.54,4.656861522094997,1
88.55,4.706582823027819,1
88.56,3.5672332738356216,1
88.57000000000001,3.7327510135154602,1
88.58,3.600092578151737,1
88.59,3.3689627043029065,1
88.60000000000001,4.918482756619479,1
88.61,4.12052085947277,1
88.62,4.004598184915946,1
88.63,4.222896107196828,1
88.64,4.120457325313744,1
88.65,3.9392858518357556,1
88.66,3.57352122916059,1
88.67,5.050166830434604,1
88.68,3.7361403976826257,1
88.69,3.402325251684778,1
88.7,3.9103893955197653,1
88.71000000000001,5.36976032674826,1
88.72,3.503585540613691,1
88.73,4.368734035892666,1
88.74,3.7900957270598643,1
88.75,4.070808843456945,1
88.76,4.53130166008511,1
88.77,2.8559379360126247,1
88.78,3.3066446814828456,1
88.79,4.525643674420111,1
88.8,4.096250986121584,1
88.81,4.167966818176829,1
88.82000000000001,4.517183829510298,1
88.83,3.5157318232075765,1
88.84,4.727706750845889,1
88.85000000000001,4.65099674304148,1
88.86,4.264971428070807,1
88.87,4.37979199236042,1
88.88,4.821795765378781,1
88.89,3.6859077662238584,1
88.9,4.408778761023333,1
88.91,5.131594831238364,1
88.92,4.438013004923217,1
88.93,3.820085626657161,1
88.94,5.421122850478693,1
88.95,4.159591572419795,1
88.96000000000001,4.8457376852879674,1
88.97,3.7170861903803805,1
88.98,4.632706801104088,1
88.99,3.661526030554743,1
89.0,4.190995897575037,1
89.01,3.642510568463009,1
89.02,5.257615199225265,1
89.03,3.993880493299869,1
89.04,3.352975636153227,1
89.05,4.098329117116307,1
89.06,4.425666915604739,1
89.07000000000001,4.068436819120914,1
89.08,3.5195400418538316,1
89.09,4.666113562659026,1
89.10000000000001,4.855475982276841,1
89.11,2.957364771164251,1
89.12,3.322861874361508,1
89.13,3.7940304503382953,1
89.14,3.5709606272752965,1
89.15,4.240077266269293,1
89.16,5.136626170505067,1
89.17,3.7608935714111564,1
89.18,4.965537078132837,1
89.19,3.083335376134937,1
89.2,4.242229248108408,1
89.21000000000001,3.6533890878466115,1
89.22,4.334487288989111,1
89.23,2.942100148908598,1
89.24,3.1747286998720354,1
89.25,4.334315168096693,1
89.26,3.682580608355753,1
89.27,3.8314630693637457,1
89.28,5.224462295658832,1
89.29,4.184628079295247,1
89.3,4.594524412136605,1
89.31,3.518312357306259,1
89.32000000000001,3.055347425597487,1
89.33,3.829037442012922,1
89.34,2.9504813161202246,1
89.35000000000001,3.4083287949160805,1
89.36,4.047477025172597,1
89.37,3.870503042767083,1
89.38,4.166136503962017,1
89.39,4.377572151501074,1
89.4,3.2483168046762145,1
89.41,3.3684661481445093,1
89.42,2.594119022209988,1
89.43,3.737140884838593,1
89.44,4.534458283598085,1
89.45,5.075086020003987,1
89.46000000000001,4.259379832681821,1
89.47,4.966709713146418,1
89.48,4.350180204336749,1
89.49,4.112627096754529,1
89.5,3.608651129628054,1
89.51,2.4042368336222397,1
89.52,4.652355416057436,1
89.53,3.9427074302152345,1
89.54,4.825128175755067,1
89.55,3.3579233070840617,1
89.56,5.46607973186102,1
89.57000000000001,3.866388123640361,1
89.58,3.499731494187797,1
89.59,3.808895786259446,1
89.60000000000001,4.10061408953333,1
89.61,3.9854037600592633,1
89.62,3.7103024784824084,1
89.63,2.8743924078033616,1
89.64,3.4827937695207924,1
89.65,4.7415275168972215,1
89.66,3.544986620588828,1
89.67,2.918849512507704,1
89.68,3.2934317214626767,1
89.69,3.9219896162010266,1
89.7,3.501231426366269,1
89.71000000000001,3.7637861294531363,1
89.72,3.4222280786744963,1
89.73,4.558584761501248,1
89.74,4.2797912162539244,1
89.75,5.380428910079344,1
89.76,3.7638693871038007,1
89.77,3.7408380202029017,1
89.78,4.709201112060607,1
89.79,4.274349634476902,1
89.8,3.4070674735209328,1
89.81,4.350167665284904,1
89.82000000000001,4.323829024672898,1
89.83,2.9174630380014337,1
89.84,3.584659787653674,1
89.85000000000001,4.173999764128679,1
89.86,5.020112643922493,1
89.87,4.574244641199815,1
89.88,3.711625745105636,1
89.89,3.545095640424667,1
89.9,4.488814875969891,1
89.91,2.43033673691482,1
89.92,3.336298527373804,1
89.93,4.81267774580593,1
89.94,4.1691431969558606,1
89.95,3.442472348006924,1
89.96000000000001,3.1153172986868474,1
89.97,4.431606908444985,1
89.98,4.033243129823071,1
89.99,3.8381889205844675,1
90.0,4.234424027303446,1
90.01,4.145582780106175,1
90.02,4.111310337686527,1
90.03,3.2094077439969073,1
90.04,3.358791354912673,1
90.05,4.522468416006894,1
90.06,4.465426261128816,1
90.07000000000001,4.336012332284284,1
90.08,3.6827538862260365,1
90.09,4.499342597794314,1
90.10000000000001,3.7879273092911174,1
90.11,4.807026861574262,1
90.12,3.518321700691908,1
90.13,3.5683774887330646,1
90.14,3.803637045223336,1
90.15,4.462536370985594,1
90.16,3.9337079933340973,1
90.17,3.960315589873088,1
90.18,3.7004036805147766,1
90.19,4.134070071374079,1
90.2,3.9636354939859793,1
90.21000000000001,3.513661400794118,1
90.22,4.098949621000167,1
90.23,4.165686061857843,1
90.24,5.606761079595094,1
90.25,3.7753891872179532,1
90.26,3.5131965949429267,1
90.27,4.211993588916183,1
90.28,3.4116781487350405,1
90.29,3.2903746837783614,1
90.3,3.023637738285545,1
90.31,3.4141311555407206,1
90.32000000000001,3.4327594555789225,1
90.33,3.071447934563705,1
90.34,3.7096943037143064,1
90.35000000000001,2.372029677290862,1
90.36,4.150109132458739,1
90.37,3.587586209956104,1
90.38,3.666236122800331,1
90.39,4.338855670906848,1
90.4,4.263012830400521,1
90.41,3.6318008561741735,1
90.42,4.316582509380597,1
90.43,5.085862595658584,1
90.44,3.4806189902799076,1
90.45,4.533342918951272,1
90.46000000000001,3.381069874867279,1
90.47,4.785670932839727,1
90.48,3.62836091312499,1
90.49,3.5129006491093313,1
90.5,4.7149315609830635,1
90.51,4.486353244974532,1
90.52,3.54302674194786,1
90.53,3.9933221385949076,1
90.54,3.466760745920412,1
90.55,2.859156356381253,1
90.56,3.9830785235971122,1
90.57000000000001,3.707571403995596,1
90.58,3.325630557084025,1
90.59,4.784174751847409,1
90.60000000000001,3.4567886761403237,1
90.61,4.085546179416633,1
90.62,4.751350194450913,1
90.63,3.940844880327523,1
90.64,3.5922976493016447,1
90.65,4.244160505974429,1
90.66,4.381605322596542,1
90.67,4.651790559778192,1
90.68,5.296341826671387,1
90.69,3.8029768531006063,1
90.7,4.113771077406849,1
90.71000000000001,3.1585850495820487,1
90.72,4.336340250019949,1
90.73,4.077481100139868,1
90.74,3.816508772158961,1
90.75,3.5125400472178017,1
90.76,3.673398303298813,1
90.77,4.073587307375293,1
90.78,3.3343963863353694,1
90.79,3.7388957209139964,1
90.8,3.9966382221757275,1
90.81,3.0255695505349594,1
90.82000000000001,3.304961564186968,1
90.83,3.591967637323299,1
90.84,5.065233438794819,1
90.85000000000001,3.600350417026827,1
90.86,4.011106328346587,1
90.87,3.3856747897874477,1
90.88,3.5025271618640437,1
90.89,3.057083678458815,1
90.9,4.376853308815708,1
90.91,3.1378370590856965,1
90.92,4.4912256837877695,1
90.93,4.271158794820011,1
90.94,3.895145387067754,1
90.95,4.528189804577223,1
90.96000000000001,5.973853677386113,1
90.97,4.368107390361771,1
90.98,3.2522191529922844,1
90.99,4.899350916227598,1
91.0,4.176198836555266,1
91.01,5.405051259082067,1
91.02,3.8015025824840007,1
91.03,4.881752533207997,1
91.04,4.125004674389401,1
91.05,5.806697461586104,1
91.06,3.9969756478713516,1
91.07000000000001,6.007544322942274,1
91.08,4.4489640718844505,1
91.09,4.598373085197065,1
91.10000000000001,5.137644009457694,1
91.11,3.532419495948473,1
91.12,4.555183715454112,1
91.13,3.781464191256476,1
91.14,4.012736914799323,1
91.15,3.979221834190594,1
91.16,4.2988654430309685,1
91.17,4.301774576069718,1
91.18,3.6017638227730964,1
91.19,4.035214839085388,1
91.2,2.4890115247330096,1
91.21000000000001,4.576515385422187,1
91.22,5.179208870396576,1
91.23,4.25633751829569,1
91.24,3.0455477922531293,1
91.25,4.500213727335003,1
91.26,3.605741575188204,1
91.27,4.154792904407459,1
91.28,4.497205276860078,1
91.29,4.406285130243337,1
91.3,4.724183997814475,1
91.31,4.113705676377713,1
91.32000000000001,4.0737648324815785,1
91.33,4.420576821020266,1
91.34,3.9067118039358704,1
91.35000000000001,3.472636778698451,1
91.36,4.190356323162039,1
91.37,3.2188261161263396,1
91.38,3.8575061594880524,1
91.39,3.075608916435402,1
91.4,3.586041321288331,1
91.41,3.6668134192963904,1
91.42,3.386960465312251,1
91.43,4.739174561838065,1
91.44,4.77705412925945,1
91.45,4.97462767822321,1
91.46000000000001,4.007883413047021,1
91.47,3.779291879275285,1
91.48,4.551286132859051,1
91.49,4.138295161582,1
91.5,4.086956132930226,1
91.51,2.3300040940029514,1
91.52,4.345109278945558,1
91.53,4.363659596037921,1
91.54,3.9461040039392024,1
91.55,4.450676962382533,1
91.56,4.346157763532296,1
91.57000000000001,3.508583728872104,1
91.58,3.784771803778342,1
91.59,3.3113061129248638,1
91.60000000000001,4.90890462749263,1
91.61,4.713278616289946,1
91.62,3.560243127223729,1
91.63,4.437058926488207,1
91.64,4.279183546045245,1
91.65,3.647119828444327,1
91.66,4.130778672866171,1
91.67,4.624947846370457,1
91.68,4.690483404875998,1
91.69,5.576387516143288,1
91.7,4.1542775011824356,1
91.71000000000001,3.830250947244962,1
91.72,4.309008392634577,1
91.73,3.8379291220029144,1
91.74,3.5385715766163393,1
91.75,3.296204405556401,1
91.76,1.6625256224323424,1
91.77,4.276380341393806,1
91.78,2.9106785131911064,1
91.79,3.3418663389969216,1
91.8,4.151741128689223,1
91.81,3.8252229129031465,1
91.82000000000001,5.429579180275967,1
91.83,3.1684361615184495,1
91.84,5.474854456448369,1
91.85000000000001,5.0596894516207165,1
91.86,4.724713936938711,1
91.87,5.037506525622076,1
91.88,4.3679139064495995,1
91.89,2.938854979304081,1
91.9,4.268898690326803,1
91.91,3.030707509335023,1
91.92,3.553486171825101,1
91.93,3.8606472548783928,1
91.94,3.328313863149801,1
91.95,4.498084938791781,1
91.96000000000001,3.8199084718323233,1
91.97,4.194609247781663,1
91.98,3.9624294840521763,1
91.99,4.057714469768713,1
92.0,3.429520985160466,1
92.01,3.228740546265308,1
92.02,3.899494407207856,1
92.03,3.429026747612784,1
92.04,4.942122122573542,1
92.05,3.2388913326604323,1
92.06,5.541932745434951,1
92.07000000000001,4.348634897885184,1
92.08,4.109038935057203,1
92.09,3.6779019458877347,1
92.10000000000001,4.405420215615852,1
92.11,3.8670643136704967,1
92.12,4.141440674836344,1
92.13,4.492785687582643,1
92.14,4.39163325836692,1
92.15,4.752520901861951,1
92.16,4.322833589263053,1
92.17,3.3420037164329943,1
92.18,2.567953163363593,1
92.19,4.029101991419227,1
92.2,4.149516421722629,1
92.21000000000001,5.28329135512881,1
92.22,4.047376274635036,1
92.23,4.307724012794903,1
92.24,4.594919228008105,1
92.25,4.444244131948536,1
92.26,4.645514329389303,1
92.27,3.5680092657725715,1
92.28,3.383725356186964,1
92.29,3.8028875239836575,1
92.3,2.5760927676634156,1
92.31,3.864163822708746,1
92.32000000000001,3.518353688698887,1
92.33,4.118262568337888,1
92.34,3.762910211621666,1
92.35000000000001,3.25149748333353,1
92.36,4.734327203300094,1
92.37,4.037444127260109,1
92.38,4.518954900877635,1
92.39,4.128306797695387,1
92.4,4.310235160947485,1
92.41,3.1602820488951817,1
92.42,4.824427009745101,1
92.43,4.681479699216373,1
92.44,4.100865889272901,1
92.45,4.268350976832631,1
92.46000000000001,4.737905282555577,1
92.47,3.86306610521503,1
92.48,3.0077751094675387,1
92.49,3.733158605065989,1
92.5,4.081380948170098,1
92.51,3.959113621269963,1
92.52,4.8068823386253205,1
92.53,3.3637004955767296,1
92.54,3.3489577092762493,1
92.55,3.199011338284233,1
92.56,4.158835791420743,1
92.57000000000001,2.9592389890190836,1
92.58,4.376985479878305,1
92.59,3.395436658592069,1
92.60000000000001,3.463598292554449,1
92.61,5.141110645133322,1
92.62,4.913739582440073,1
92.63,4.194073416487494,1
92.64,3.2332061445169606,1
92.65,5.336442894927982,1
92.66,4.024091989231876,1
92.67,4.222239511414481,1
92.68,4.648162934709207,1
92.69,2.787206540219764,1
92.7,3.510474364003047,1
92.71000000000001,3.901738240526107,1
92.72,4.0333794884747505,1
92.73,3.094284926803872,1
92.74,4.085193176414676,1
92.75,3.9515684125578048,1
92.76,5.007613534814504,1
92.77,4.649318141241227,1
92.78,3.8211186014440623,1
92.79,3.840151567362673,1
92.8,4.650127244911045,1
92.81,4.2477526422545395,1
92.82000000000001,3.1707736526983132,1
92.83,5.370658508422997,1
92.84,3.51218529042392,1
92.85000000000001,5.654593239926894,1
92.86,4.448229656342654,1
92.87,3.6747573660008657,1
92.88,2.4878256611156817,1
92.89,4.435156801179754,1
92.9,3.018739744652623,1
92.91,4.148226076525327,1
92.92,5.21795089257022,1
92.93,3.273018085225028,1
92.94,4.363051559823807,1
92.95,3.419758842915572,1
92.96000000000001,4.629121227854017,1
92.97,4.020298645398215,1
92.98,3.94570949579416,1
92.99,4.758166180975041,1
93.0,4.452681087402194,1
93.01,3.529776684794483,1
93.02,5.176857055909523,1
93.03,3.136022736210033,1
93.04,4.19924285963949,1
93.05,3.5534910709501446,1
93.06,3.079539547428709,1
93.07000000000001,3.269039192976333,1
93.08,3.967333864473557,1
93.09,4.24685286966328,1
93.10000000000001,4.700393513577064,1
93.11,4.974997462584104,1
93.12,4.193131767868074,1
93.13,3.6621312881278008,1
93.14,4.581671140801822,1
93.15,3.560668153890526,1
93.16,2.867074676271647,1
93.17,4.481126041359748,1
93.18,4.844720354089152,1
93.19,3.495568046215498,1
93.2,5.243456189047265,1
93.21000000000001,4.477629951861422,1
93.22,4.3557644280986905,1
93.23,3.7480049595919063,1
93.24,4.717127935668003,1
93.25,3.1294019526938017,1
93.26,3.798582762106541,1
93.27,3.5723737250224783,1
93.28,3.168208506626359,1
93.29,4.531923741003839,1
93.3,4.251772660786849,1
93.31,4.512492140543529,1
93.32000000000001,3.8046408886109386,1
93.33,4.56552658952426,1
93.34,4.0117821600140235,1
93.35000000000001,3.618929793074728,1
93.36,3.491321742483285,1
93.37,2.6227576571425426,1
93.38,4.629703725319238,1
93.39,4.697739925340576,1
93.4,5.94270935124385,1
93.41,3.924172970642162,1
93.42,3.6083549272851205,1
93.43,2.9344608653459026,1
93.44,4.631122841830326,1
93.45,4.586834814864196,1
93.46000000000001,5.113334338261733,1
93.47,3.532212474071344,1
93.48,4.479871000552812,1
93.49,3.711977213922475,1
93.5,4.853077311895535,1
93.51,4.374375170788398,1
93.52,2.967543654599485,1
93.53,3.79102819208246,1
93.54,2.651267568931486,1
93.55,3.088870279188586,1
93.56,3.158520766275555,1
93.57000000000001,3.4734935933075493,1
93.58,3.7548319368594654,1
93.59,4.070176201832146,1
93.60000000000001,4.080014419895116,1
93.61,4.0140412768036855,1
93.62,4.262043301865778,1
93.63,3.266719649717681,1
93.64,4.075684886849629,1
93.65,5.010694558898298,1
93.66,4.024348521588747,1
93.67,4.382575208219451,1
93.68,4.3266797891177635,1
93.69,4.6009654939072435,1
93.7,4.220878677475324,1
93.71000000000001,4.5370287906600035,1
93.72,4.315827519239407,1
93.73,4.383515199636612,1
93.74,4.237674883986761,1
93.75,3.285591493827055,1
93.76,3.126225172300382,1
93.77,3.658233022784451,1
93.78,4.943103729828249,1
93.79,3.9233127700360737,1
93.8,4.197733201716901,1
93.81,2.760140065721468,1
93.82000000000001,4.0968532955859125,1
93.83,4.123450797039061,1
93.84,2.345081568229753,1
93.85000000000001,4.164876988175824,1
93.86,3.0099731676383996,1
93.87,3.5301271448307885,1
93.88,4.660189394605251,1
93.89,4.163670462077883,1
93.9,3.7173695466976167,1
93.91,3.6117973650551876,1
93.92,3.659962843284576,1
93.93,4.022087190878633,1
93.94,3.1501121531157112,1
93.95,4.603126400175137,1
93.96000000000001,3.220330531505327,1
93.97,2.772498626458627,1
93.98,4.5262992200112135,1
93.99,3.7261907610803133,1
94.0,4.030770949117356,1
94.01,4.451311168693272,1
94.02,3.6058266927633644,1
94.03,4.127233725729251,1
94.04,4.50041590597669,1
94.05,5.171638240634698,1
94.06,3.8099930136375675,1
94.07000000000001,3.7483823254440614,1
94.08,4.393545094300841,1
94.09,4.180853848822688,1
94.10000000000001,3.9204551820822933,1
94.11,5.003889312597846,1
94.12,2.9230798215005596,1
94.13,2.951015198129285,1
94.14,2.780743105798481,1
94.15,4.631094399069937,1
94.16,4.300548532166577,1
94.17,3.068497536891451,1
94.18,3.8211426880818617,1
94.19,3.94941184491476,1
94.2,2.565042357245092,1
94.21000000000001,4.06078355129626,1
94.22,3.2851605823871806,1
94.23,4.477516633097083,1
94.24,3.3566835591250683,1
94.25,4.179033177426324,1
94.26,4.921981150448513,1
94.27,4.7477979465994,1
94.28,4.41707067190049,1
94.29,3.9941513543911813,1
94.3,3.02485475000089,1
94.31,3.631871834590595,1
94.32000000000001,3.785733427069537,1
94.33,3.732008258335648,1
94.34,2.916725636997394,1
94.35000000000001,4.141442446697061,1
94.36,3.170989755570952,1
94.37,4.893263331952316,1
94.38,4.106496690829559,1
94.39,4.619863749021575,1
94.4,4.660638082544992,1
94.41,5.4125818395157115,1
94.42,4.248304109744372,1
94.43,3.823715207684957,1
94.44,3.821047987567677,1
94.45,5.035412506518157,1
94.46000000000001,3.2768023194975253,1
94.47,3.4470117837058827,1
94.48,4.163727359745604,1
94.49,3.932584221016302,1
94.5,4.622307504412918,1
94.51,3.144034169628073,1
94.52,3.8596660040559803,1
94.53,3.8083413382846154,1
94.54,3.220596316189174,1
94.55,4.447900969421545,1
94.56,3.896037233045509,1
94.57000000000001,3.8466144573901886,1
94.58,3.4125658546329167,1
94.59,3.7028744650314107,1
94.60000000000001,3.3207941986701695,1
94.61,4.544405644099312,1
94.62,4.748324790913844,1
94.63,5.196872024634899,1
94.64,4.425639955873885,1
94.65,3.880878484016449,1
94.66,3.7598603170125777,1
94.67,4.364094559928116,1
94.68,4.195311300420948,1
94.69,3.9205873805453875,1
94.7,3.8237077946920053,1
94.71000000000001,4.7246033533529355,1
94.72,3.717741606057598,1
94.73,4.794926827025491,1
94.74,4.093669604508662,1
94.75,3.691493525402789,1
94.76,3.400699674166925,1
94.77,3.8036255746640393,1
94.78,4.271676212893119,1
94.79,3.7497836623506697,1
94.8,4.538192621135623,1
94.81,3.7799896653770535,1
94.82000000000001,3.951375069575412,1
94.83,3.2241379226784646,1
94.84,4.3886542809231655,1
94.85000000000001,3.9254028621619845,1
94.86,5.091225578758099,1
94.87,4.582930962997589,1
94.88,4.132941295439198,1
94.89,4.824806133350452,1
94.9,4.31085143384937,1
94.91,4.648118077081903,1
94.92,3.433815955607294,1
94.93,4.20336164738204,1
94.94,4.266180953606243,1
94.95,2.9382632126939483,1
94.96000000000001,4.842553481984629,1
94.97,3.2375397659148604,1
94.98,3.068308466596636,1
94.99,2.073888889776342,1
95.0,4.193368064526925,1
95.01,2.9702550357457604,1
95.02,3.648362515720342,1
95.03,4.584435003259356,1
95.04,4.231876826725662,1
95.05,3.6846747026603075,1
95.06,3.0202860944622945,1
95.07000000000001,3.9315510990187637,1
95.08,4.593959951637944,1
95.09,4.512260559871669,1
95.10000000000001,5.188567476906628,1
95.11,3.6226098522637313,1
95.12,3.077287470371252,1
95.13,4.083842424519741,1
95.14,4.070005518426025,1
95.15,3.9256123449475933,1
95.16,3.439967586092987,1
95.17,2.1846526043711725,1
95.18,3.1948197966460157,1
95.19,4.291231342794657,1
95.2,4.203200964138275,1
95.21000000000001,4.663204640641861,1
95.22,4.309295830954139,1
95.23,4.558007031277212,1
95.24,4.601861932084084,1
95.25,4.124831527811819,1
95.26,4.096616400348367,1
95.27,2.178599128919793,1
95.28,3.5078447281680596,1
95.29,3.594377230350781,1
95.3,3.9035843440953752,1
95.31,3.365862936428385,1
95.32000000000001,4.524730907586079,1
95.33,3.397634683640989,1
95.34,4.60694704919251,1
95.35000000000001,3.3373566866224564,1
95.36,3.4972070717995862,1
95.37,3.4685942041233817,1
95.38,3.6030051248367148,1
95.39,4.719014732336573,1
95.4,3.8324021914167767,1
95.41,3.818942479387283,1
95.42,3.553376963645311,1
95.43,3.8665410824251927,1
95.44,4.204631762759288,1
95.45,3.948110232105347,1
95.46000000000001,3.9706575439979908,1
95.47,4.717625669383959,1
95.48,4.263748764392911,1
95.49,3.29099753203083,1
95.5,3.900654014215492,1
95.51,3.620020700978127,1
95.52,4.269718425849745,1
95.53,4.021073441845739,1
95.54,4.662441537486567,1
95.55,3.484151358726275,1
95.56,3.7729167893119158,1
95.57000000000001,3.235790654987585,1
95.58,3.8838849476040735,1
95.59,2.974154866399173,1
95.60000000000001,4.148521065283493,1
95.61,3.9976488392210787,1
95.62,4.14608681884698,1
95.63,4.58202976893491,1
95.64,4.2529813878523175,1
95.65,3.262203589933155,1
95.66,3.6663503901358117,1
95.67,3.9881131872723636,1
95.68,3.829545896833713,1
95.69,3.8780412067394794,1
95.7,5.043244511225926,1
95.71000000000001,4.102986829343086,1
95.72,4.208660774909688,1
95.73,2.6472511008685,1
95.74000000000001,4.330663237869684,1
95.75,5.794840283330616,1
95.76,4.909505249411987,1
95.77,3.7088058940216575,1
95.78,5.419404896923995,1
95.79,4.081104742008735,1
95.8,4.2052456633133275,1
95.81,3.863515741577573,1
95.82000000000001,3.847036711269422,1
95.83,2.5940929606043746,1
95.84,4.498795739348564,1
95.85000000000001,3.9126616394315943,1
95.86,3.94402500194157,1
95.87,4.234147163690842,1
95.88,3.788198010008846,1
95.89,4.1803703204813605,1
95.9,4.789919418891301,1
95.91,4.285328426823946,1
95.92,3.8719867816241518,1
95.93,3.850292018581208,1
95.94,4.048967201691184,1
95.95,3.387579903583878,1
95.96000000000001,4.026835663619147,1
95.97,4.385623261555617,1
95.98,4.036780833401791,1
95.99000000000001,3.7051171589166865,1
96.0,3.7975092372021315,1
96.01,4.43571793446767,1
96.02,3.3578564484339415,1
96.03,3.4936303498836097,1
96.04,2.99921517107162,1
96.05,4.037447179213508,1
96.06,4.632749023502571,1
96.07000000000001,4.96202517856261,1
96.08,5.105680274677091,1
96.09,3.640241197522655,1
96.10000000000001,4.139158517873699,1
96.11,3.7225962595911652,1
96.12,5.006855324388228,1
96.13,4.8442250170168855,1
96.14,4.087501875743511,1
96.15,3.527959248366752,1
96.16,1.6632029868926412,1
96.17,2.8694748336464664,1
96.18,2.687207794888919,1
96.19,2.9609749246536428,1
96.2,5.158192494986263,1
96.21000000000001,3.253952555124015,1
96.22,3.3124061677652805,1
96.23,3.4233816586948946,1
96.24000000000001,5.723615174550037,1
96.25,4.138331026117892,1
96.26,4.72465288806135,1
96.27,4.217437081389079,1
96.28,2.768643753956772,1
96.29,4.942439464590572,1
96.3,4.315306268357973,1
96.31,3.915226112772013,1
96.32000000000001,5.091395674088941,1
96.33,3.778732768426479,1
96.34,3.8208219873693383,1
96.35000000000001,3.6899017563653067,1
96.36,4.608438523348608,1
96.37,4.504381897612415,1
96.38,4.1678993574732335,1
96.39,3.305756742766115,1
96.4,3.719610413594499,1
96.41,3.325275259099092,1
96.42,4.757936283849441,1
96.43,3.085647476616453,1
96.44,5.051814264442693,1
96.45,4.974010242686662,1
96.46000000000001,3.5337570047099174,1
96.47,3.76195466312605,1
96.48,3.5666113506314883,1
96.49000000000001,4.2750448124840394,1
96.5,4.931456700106409,1
96.51,4.800430172767279,1
96.52,3.7215884493876876,1
96.53,4.735550462693333,1
96.54,4.732243842495813,1
96.55,3.8459787960120058,1
96.56,3.9133372722041235,1
96.57000000000001,4.9349526712481495,1
96.58,4.699653443959119,1
96.59,4.81475451694346,1
96.60000000000001,5.7278405986902365,1
96.61,4.483474476353569,1
96.62,4.2858487045165665,1
96.63,4.960120043154105,1
96.64,5.419564187355357,1
96.65,3.7639187009857578,1
96.66,3.926147992001733,1
96.67,3.394847066552134,1
96.68,4.229216466933876,1
96.69,4.612629700195591,1
96.7,3.4196154528196145,1
96.71000000000001,4.676094918964089,1
96.72,3.7008945340585444,1
96.73,3.573165961046911,1
96.74000000000001,4.635325362799881,1
96.75,3.557075304105951,1
96.76,2.991509560516165,1
96.77,4.361840543497828,1
96.78,3.893118631639004,1
96.79,4.7490223764577415,1
96.8,4.5868930823503025,1
96.81,2.925588363344426,1
96.82000000000001,4.8346316525816615,1
96.83,5.344590647353961,1
96.84,4.823508553139756,1
96.85000000000001,4.82159716770518,1
96.86,3.9598835363797433,1
96.87,3.7484555570215923,1
96.88,4.165887139397702,1
96.89,4.628714441739471,1
96.9,4.616768648033454,1
96.91,3.7282387059031468,1
96.92,3.5883327546256494,1
96.93,2.9465452862837886,1
96.94,4.284331850179203,1
96.95,3.6887236094324325,1
96.96000000000001,3.7147123171232526,1
96.97,5.04382188091569,1
96.98,4.407741817393181,1
96.99000000000001,4.212070532626005,1
97.0,4.552863545735028,1
97.01,4.979628660137746,1
97.02,3.0548489228806757,1
97.03,3.6381948236478276,1
97.04,3.899877152667896,1
97.05,3.4346509939979377,1
97.06,3.8652801475199494,1
97.07000000000001,3.0456518753564255,1
97.08,4.584215247785031,1
97.09,3.7211809475153044,1
97.10000000000001,4.112173902929556,1
97.11,4.015299592192518,1
97.12,4.317048278930905,1
97.13,2.360426519329714,1
97.14,4.1215684865801565,1
97.15,3.753371709863249,1
97.16,4.177902873982257,1
97.17,3.185254503595083,1
97.18,4.1763794422792415,1
97.19,4.831194856342867,1
97.2,4.1744808151147,1
97.21000000000001,3.5698235995303995,1
97.22,3.5827222914133445,1
97.23,4.410745363206898,1
97.24000000000001,4.466447679685672,1
97.25,4.3347565480395005,1
97.26,4.067022588559953,1
97.27,4.195863950290029,1
97.28,4.012776483645313,1
97.29,3.7755399364417515,1
97.3,4.476522059166319,1
97.31,4.205082746895407,1
97.32000000000001,4.804106211316354,1
97.33,4.711000968783867,1
97.34,4.150496219483088,1
97.35000000000001,4.319895032617128,1
97.36,3.3268583774113627,1
97.37,3.8491129152364207,1
97.38,4.170136798872463,1
97.39,2.9613832524776447,1
97.4,4.217787739121348,1
97.41,3.415414397866849,1
97.42,3.459229783016584,1
97.43,3.6859082218185693,1
97.44,4.0335621249642655,1
97.45,3.215785288497811,1
97.46000000000001,4.580046720574245,1
97.47,4.210073180593161,1
97.48,5.304726043184805,1
97.49000000000001,4.294884438330269,1
97.5,4.386564706163416,1
97.51,3.4444606707150225,1
97.52,3.1543353771407907,1
97.53,4.289086546049802,1
97.54,3.2357857780238573,1
97.55,4.295162742583742,1
97.56,5.053667716344288,1
97.57000000000001,4.616705873713327,1
97.58,4.363985090060447,1
97.59,4.174796640529881,1
97.60000000000001,3.762846744708686,1
97.61,3.936161581257101,1
97.62,3.6748427435813475,1
97.63,3.1889182240459966,1
97.64,4.046522618488297,1
97.65,4.797056776928196,1
97.66,3.2828981475877,1
97.67,4.924515142349386,1
97.68,4.888354808951668,1
97.69,4.332785607065832,1
97.7,4.281289000889634,1
97.71000000000001,3.871313925580434,1
97.72,3.9740008853431745,1
97.73,3.6357523889615897,1
97.74000000000001,3.926471604107774,1
97.75,4.01087662815296,1
97.76,5.149973636609887,1
97.77,4.375830191330862,1
97.78,3.8435435008376513,1
97.79,3.9045390984706865,1
97.8,3.532973017665068,1
97.81,3.6408630505456845,1
97.82000000000001,4.614877046624113,1
97.83,3.7782924601902206,1
97.84,3.658223590473658,1
97.85000000000001,3.6704890215093346,1
97.86,3.578401387381135,1
97.87,4.766210674882621,1
97.88,4.181702065277484,1
97.89,3.849628214253946,1
97.9,4.008493186781268,1
97.91,4.116772603861871,1
97.92,3.4766011506609074,1
97.93,3.005086226658484,1
97.94,4.7365632404926785,1
97.95,4.609817268778938,1
97.96000000000001,4.210433773255832,1
97.97,4.548869370390643,1
97.98,5.231887429694462,1
97.99000000000001,3.704627835521056,1
98.0,3.257050435720166,1
98.01,4.409355517243122,1
98.02,3.1183817229239734,1
98.03,4.033640650669629,1
98.04,3.880588737708652,1
98.05,4.505508153258235,1
98.06,3.7887011622218156,1
98.07000000000001,4.825923717235687,1
98.08,3.608095324637892,1
98.09,4.456329608386393,1
98.10000000000001,3.5935079900413256,1
98.11,4.3067422714247705,1
98.12,3.3145334422436776,1
98.13,3.8813262567684057,1
98.14,4.77848962744556,1
98.15,4.045893151613967,1
98.16,4.699083787190047,1
98.17,3.9647410958652536,1
98.18,3.6270543483507955,1
98.19,4.067310491084724,1
98.2,4.406755560928423,1
98.21000000000001,2.812757258043403,1
98.22,4.313178628465893,1
98.23,3.4708984442927675,1
98.24000000000001,3.2693623133524206,1
98.25,4.381040798116871,1
98.26,4.962606411640826,1
98.27,4.258323269575526,1
98.28,3.1792114125008584,1
98.29,3.5375736065722614,1
98.3,3.6993872849874054,1
98.31,4.08447524841528,1
98.32000000000001,3.9128912501245123,1
98.33,4.254192915618983,1
98.34,4.591861652041567,1
98.35000000000001,4.183757031397404,1
98.36,4.522441648960649,1
98.37,3.796194354081022,1
98.38,6.083110336520702,1
98.39,4.462006211001006,1
98.4,4.473034206176433,1
98.41,5.193537597947577,1
98.42,4.174364754126311,1
98.43,3.653537398847234,1
98.44,4.899065707518176,1
98.45,5.015123142103898,1
98.46000000000001,4.231791243806816,1
98.47,5.215761042049125,1
98.48,4.062046957378993,1
98.49000000000001,4.630514970196327,1
98.5,5.019668902889853,1
98.51,4.1002574859729375,1
98.52,4.2568597462768505,1
98.53,4.619219896599625,1
98.54,3.727360586358371,1
98.55,3.379961507728236,1
98.56,4.7563903508955026,1
98.57000000000001,4.184265685678592,1
98.58,3.6398752746399268,1
98.59,4.017558211825252,1
98.60000000000001,4.332487247423939,1
98.61,3.0264637602256896,1
98.62,4.4516842806627555,1
98.63,4.354012766747724,1
98.64,5.167318196568321,1
98.65,4.003386115217728,1
98.66,4.965001339879106,1
98.67,4.089089049178784,1
98.68,4.1387850586912975,1
98.69,4.212516396281643,1
98.7,5.369431049169178,1
98.71000000000001,3.2532271264796626,1
98.72,4.230873195004576,1
98.73,3.979353380246954,1
98.74000000000001,3.9080455245607713,1
98.75,4.2973220586713445,1
98.76,4.664160310589535,1
98.77,4.324631616281987,1
98.78,4.777774921496731,1
98.79,3.861935619076089,1
98.8,3.9616973338819688,1
98.81,3.3730290255841804,1
98.82000000000001,5.2944878872809875,1
98.83,4.01842480922783,1
98.84,3.880465113473833,1
98.85000000000001,4.4618831705327215,1
98.86,4.817302710178751,1
98.87,3.660152115772494,1
98.88,4.792705849570353,1
98.89,3.8726713399685924,1
98.9,4.91910437503439,1
98.91,3.679467484696807,1
98.92,4.412408022351782,1
98.93,3.9905558584026477,1
98.94,3.1964055636645874,1
98.95,2.9576306829965633,1
98.96000000000001,3.3841239988591485,1
98.97,4.5468907927922695,1
98.98,2.7288985731219477,1
98.99000000000001,4.118507737577015,1
99.0,4.168783463105637,1
99.01,2.943326267384349,1
99.02,3.46509047900243,1
99.03,3.511530683802027,1
99.04,4.077080832372056,1
99.05,5.031460877740673,1
99.06,4.830638587279714,1
99.07000000000001,3.8762160530016576,1
99.08,3.4975624271512067,1
99.09,2.9806356862982772,1
99.10000000000001,3.691702716618236,1
99.11,3.3736216399756085,1
99.12,3.893423902950651,1
99.13,3.932836912679018,1
99.14,3.615195056165022,1
99.15,3.6064904706246232,1
99.16,3.454950745085505,1
99.17,3.5746292253054235,1
99.18,4.863001657159499,1
99.19,4.36584895463968,1
99.2,4.368189657546924,1
99.21000000000001,4.703390588497877,1
99.22,4.686951167736766,1
99.23,5.027545437863481,1
99.24000000000001,4.51563666727797,1
99.25,4.239476779819889,1
99.26,3.7023436100935743,1
99.27,3.5075632374471835,1
99.28,4.586027381292454,1
99.29,3.9850059492492367,1
99.3,3.1152877310346554,1
99.31,2.5641760963607503,1
99.32000000000001,5.261754119299342,1
99.33,3.3741012968784534,1
99.34,3.444993295036724,1
99.35000000000001,4.688077172237062,1
99.36,3.185841904611977,1
99.37,4.2357884172749705,1
99.38,5.153159072361498,1
99.39,5.418803829718902,1
99.4,3.7962941129261782,1
99.41,4.004689121851018,1
99.42,3.7886355557340794,1
99.43,4.037571452917604,1
99.44,4.916811698117536,1
99.45,3.222529194062587,1
99.46000000000001,4.445049397383002,1
99.47,3.960014729067879,1
99.48,4.928663534477824,1
99.49000000000001,4.931102309402849,1
99.5,3.790224155899356,1
99.51,3.8908141368693943,1
99.52,4.527159618648372,1
99.53,4.607736709977662,1
99.54,2.360040332266457,1
99.55,4.403333601246406,1
99.56,5.021200604019001,1
99.57000000000001,4.166962503342757,1
99.58,4.583380177560962,1
99.59,4.842796809151144,1
99.60000000000001,4.195827502816591,1
99.61,4.564767527158609,1
99.62,4.087656956941135,1
99.63,4.033311200982785,1
99.64,3.644972685225888,1
99.65,4.166395261558337,1
99.66,5.305515566876558,1
99.67,3.5529224031307622,1
99.68,4.4165598917174815,1
99.69,4.255138528167953,1
99.7,4.970735975679132,1
99.71000000000001,5.112456111272684,1
99.72,3.4215098304553426,1
99.73,3.530822993567666,1
99.74000000000001,3.5625255332991355,1
99.75,3.584154025351262,1
99.76,3.6452398089036997,1
99.77,4.1437436061174875,1
99.78,3.4130805649963514,1
99.79,3.481702748125141,1
99.8,3.457427569283563,1
99.81,4.311796043635838,1
99.82000000000001,4.0228725553711335,1
99.83,3.9067089750474717,1
99.84,3.520367861984862,1
99.85000000000001,3.0059002892329163,1
99.86,5.070224845865204,1
99.87,3.9370348979175662,1
99.88,5.798007585812025,1
99.89,4.631189868428608,1
99.9,5.223260296501269,1
99.91,4.693277561777847,1
99.92,4.098906986469677,1
99.93,3.5562569059218956,1
99.94,3.2673721627861187,1
99.95,4.607069389276874,1
99.96000000000001,4.137101404507725,1
99.97,4.348073515943474,1
99.98,4.5062961817160385,1
99.99000000000001,4.2394442670348615,1
100.0,3.7096951022930407,1
100.01,4.664373741657116,1
100.02,3.9568126000418813,1
100.03,4.118072706826758,1
100.04,4.544749392669853,1
100.05,4.0698627272166545,1
100.06,2.8960039766635632,1
100.07000000000001,4.669079819735638,1
100.08,4.897518476684303,1
100.09,2.887669976870721,1
100.10000000000001,3.2548593846374203,1
100.11,5.24372188075144,1
100.12,4.179634589915074,1
100.13,3.951182253945699,1
100.14,3.6482197993018746,1
100.15,3.2347085455689104,1
100.16,3.756654197663978,1
100.17,4.557476641522724,1
100.18,3.9801367460344594,1
100.19,4.372878194084553,1
100.2,5.169497879739681,1
100.21000000000001,3.718260186861726,1
100.22,4.225149152113675,1
100.23,4.727088554073271,1
100.24000000000001,3.5105316725926246,1
100.25,4.161592657683406,1
100.26,5.295798426963398,1
100.27,3.9171398984658774,1
100.28,4.731342089772946,1
100.29,3.9742068245705977,1
100.3,5.164593273963278,1
100.31,2.9775270423771647,1
100.32000000000001,3.935257540823157,1
100.33,2.9746917303022307,1
100.34,3.4115310987347103,1
100.35000000000001,3.430652450362125,1
100.36,3.7213456465725705,1
100.37,3.1521266269790864,1
100.38,3.859441357555023,1
100.39,4.268430487470858,1
100.4,3.0236460172865254,1
100.41,3.554177542871431,1
100.42,5.667459436191545,1
100.43,4.375566142008675,1
100.44,2.9153321002764727,1
100.45,3.1016920650572657,1
100.46000000000001,4.163959258426006,1
100.47,4.1353088833929,1
100.48,3.6701081782796114,1
100.49000000000001,5.425192710786143,1
100.5,5.7831353394221985,1
100.51,3.910727184341946,1
100.52,4.5155037748874545,1
100.53,4.5680071692447815,1
100.54,4.646960245671081,1
100.55,3.5480768019177176,1
100.56,5.159970876496299,1
100.57000000000001,3.9649341178483923,1
100.58,4.22855718523271,1
100.59,3.9931393293607136,1
100.60000000000001,3.9104392095169596,1
100.61,4.199984584173723,1
100.62,3.288101727806668,1
100.63,2.7402449599456142,1
100.64,3.858168508170354,1
100.65,3.495678104309908,1
100.66,4.396261441388832,1
100.67,4.365387585826891,1
100.68,4.073809020719742,1
100.69,4.987617140024817,1
100.7,4.053733048521392,1
100.71000000000001,3.0324121501355585,1
100.72,3.7512983330073584,1
100.73,4.682935690556472,1
100.74000000000001,2.7462159299454267,1
100.75,3.7883245361939974,1
100.76,4.289391375696204,1
100.77,5.67805879033207,1
100.78,4.84149651678668,1
100.79,4.11463514878963,1
100.8,4.3462450499822936,1
100.81,2.8142163838134717,1
100.82000000000001,3.293302383109436,1
100.83,4.441857014719332,1
100.84,4.203282732570858,1
100.85000000000001,4.274975532183037,1
100.86,4.109917627992539,1
100.87,4.063448224243895,1
100.88,4.113730816136027,1
100.89,3.343537644711815,1
100.9,3.8105945311381406,1
100.91,3.156703216713913,1
100.92,3.5018505389790704,1
100.93,4.684148827562118,1
100.94,3.8515703589785377,1
100.95,4.302257191012506,1
100.96000000000001,4.021657354077804,1
100.97,3.691414298764623,1
100.98,3.283956749345526,1
100.99000000000001,3.675569727687557,1
101.0,4.1008689431048975,1
101.01,4.407193843283755,1
101.02,4.149346867984994,1
101.03,4.492262431974232,1
101.04,3.115406621632206,1
101.05,4.584675079014568,1
101.06,3.3743196547040926,1
101.07000000000001,4.660741730805965,1
101.08,4.4087594958525695,1
101.09,2.8329924393459955,1
101.10000000000001,4.406659076581813,1
101.11,4.645326142320849,1
101.12,4.809327984419499,1
101.13,3.4879708748437546,1
101.14,4.01348396016019,1
101.15,4.375952969516893,1
101.16,4.429022841499397,1
101.17,4.231294006134409,1
101.18,3.693924157974143,1
101.19,4.600741962936533,1
101.2,4.682346960037095,1
101.21000000000001,3.965561946555715,1
101.22,3.5350802184694854,1
101.23,3.5617200477402347,1
101.24000000000001,4.9314376810882585,1
101.25,4.748148843203382,1
101.26,4.103171060813541,1
101.27,3.9371172097925093,1
101.28,2.892115820411605,1
101.29,3.900665060044739,1
101.3,3.2197266328073,1
101.31,4.031625701022087,1
101.32000000000001,4.725380724250197,1
101.33,3.345477506278955,1
101.34,4.0433294067036005,1
101.35000000000001,4.574553226107786,1
101.36,4.106122701187804,1
101.37,3.606235761411645,1
101.38,3.9399736074503764,1
101.39,4.595589098261488,1
101.4,4.207586743312664,1
101.41,4.034989632621751,1
101.42,4.797778041532567,1
101.43,4.443860291204183,1
101.44,3.3183549431686443,1
101.45,4.444215036708668,1
101.46000000000001,4.714038628682284,1
101.47,3.3001919198034013,1
101.48,2.529127199988012,1
101.49000000000001,3.257611547989225,1
101.5,3.887468647073476,1
101.51,4.623706665966479,1
101.52,3.4138073928735877,1
101.53,4.263106550250659,1
101.54,2.066924552775863,1
101.55,3.9255687636104986,1
101.56,3.6603446248889067,1
101.57000000000001,5.281096022901484,1
101.58,2.806085872979737,1
101.59,3.897056180249549,1
101.60000000000001,2.7636856952465894,1
101.61,3.5938762126434867,1
101.62,2.917413529584008,1
101.63,5.489763133245855,1
101.64,3.930897279558682,1
101.65,3.93436672196591,1
101.66,4.039619646841288,1
101.67,3.3278795100563046,1
101.68,4.68748174360388,1
101.69,4.478525387030562,1
101.7,4.622813221168297,1
101.71000000000001,3.222398510626086,1
101.72,4.644429745490325,1
101.73,4.638468335825479,1
101.74000000000001,3.815323532677156,1
101.75,4.494200063526335,1
101.76,4.135284724208799,1
101.77,2.9137277602513074,1
101.78,3.7730743665089608,1
101.79,3.6520668217837566,1
101.8,4.036029797435338,1
101.81,4.689419439480325,1
101.82000000000001,3.021954937697385,1
101.83,3.7154111004571444,1
101.84,3.5218939910857796,1
101.85000000000001,3.5413813442143693,1
101.86,3.5097104260992684,1
101.87,4.074969813671228,1
101.88,4.387089104597531,1
101.89,4.27112865224326,1
101.9,4.135251344810866,1
101.91,4.386799541296526,1
101.92,5.522092928067671,1
101.93,4.117595868342527,1
101.94,4.597398665068708,1
101.95,4.58599911191837,1
101.96000000000001,5.117359736816159,1
101.97,4.370566159791564,1
101.98,3.43127765394464,1
101.99000000000001,4.141792884094484,1
102.0,4.172936940584091,1
102.01,4.564011648108956,1
102.02,3.5126951977714813,1
102.03,4.854287468780816,1
102.04,4.126856501809375,1
102.05,4.627659874697969,1
102.06,4.309869022264295,1
102.07000000000001,4.158288874984029,1
102.08,4.204369679228585,1
102.09,4.470170038953028,1
102.10000000000001,5.297558844617215,1
102.11,2.7441993306592156,1
102.12,4.229481964930599,1
102.13,3.9803965062544173,1
102.14,3.811710683474954,1
102.15,2.3799043957963057,1
102.16,4.207965280211957,1
102.17,3.8712370620447167,1
102.18,3.407733342668153,1
102.19,3.970126246107266,1
102.2,3.8097200795819393,1
102.21000000000001,2.8827894438185324,1
102.22,4.035723703544821,1
102.23,4.440411908907558,1
102.24000000000001,3.742267417203923,1
102.25,4.229777834904325,1
102.26,4.155217369804454,1
102.27,4.7478149463412445,1
102.28,4.020729808991898,1
102.29,4.542915351809299,1
102.3,3.8277793015333303,1
102.31,5.241400831491647,1
102.32000000000001,3.7455090376576443,1
102.33,3.478383292685306,1
102.34,3.8312995619808,1
102.35000000000001,3.4420833065215466,1
102.36,3.0850760402916086,1
102.37,4.357037742111373,1
102.38,1.9911475918033683,1
102.39,3.392012454721836,1
102.4,3.0944287636040033,1
102.41,4.0626307073195385,1
102.42,2.628935770355276,1
102.43,4.335097622358247,1
102.44,4.517997232186554,1
102.45,3.0472249186113496,1
102.46000000000001,4.13778656703264,1
102.47,4.403257683024023,1
102.48,4.677429099601749,1
102.49000000000001,3.1094618644113186,1
102.5,2.9007328363571845,1
102.51,4.884284919983466,1
102.52,3.4742517260972825,1
102.53,3.56436001871454,1
102.54,4.312430413387628,1
102.55,3.1846994295433166,1
102.56,3.7073066502207785,1
102.57000000000001,4.500871619507664,1
102.58,3.0648605060019594,1
102.59,3.5975743584338336,1
102.60000000000001,3.246286845301893,1
102.61,3.4773468688527944,1
102.62,4.783463468247452,1
102.63,5.020553753858861,1
102.64,4.3007247111681295,1
102.65,4.43879145964089,1
102.66,4.425176481878521,1
102.67,3.6494358350655616,1
102.68,4.17662462911883,1
102.69,3.19206389173162,1
102.7,3.3280929209842416,1
102.71000000000001,3.878644859918267,1
102.72,3.258790462394443,1
102.73,3.0678452666313833,1
102.74000000000001,3.4099695598591566,1
102.75,4.632937746518949,1
102.76,4.977008698082793,1
102.77,3.977338345671998,1
102.78,4.333248276180871,1
102.79,3.6324836093904618,1
102.8,2.6391808683419047,1
102.81,3.363328963116646,1
102.82000000000001,3.8072767429494316,1
102.83,4.141801545447221,1
102.84,4.0151931128230345,1
102.85000000000001,3.893606688531665,1
102.86,3.6920623786395956,1
102.87,4.264788003135329,1
102.88,3.1740943550053604,1
102.89,4.492747154536833,1
102.9,3.6476401190822534,1
102.91,5.2953302263090825,1
102.92,3.827594425932101,1
102.93,3.6162037671578036,1
102.94,3.5396838997968114,1
102.95,3.5918650423410097,1
102.96000000000001,4.298214521819888,1
102.97,3.9303065598863784,1
102.98,4.593126011036455,1
102.99000000000001,4.315017660795806,1
103.0,4.040817560486336,1
103.01,4.269153981316264,1
103.02,4.837913266910667,1
103.03,4.538258135311642,1
103.04,4.286530225943859,1
103.05,4.366914348293656,1
103.06,3.3454040962521203,1
103.07000000000001,5.689471457693234,1
103.08,4.4871710802694516,1
103.09,4.458539482738605,1
103.10000000000001,4.007412635523888,1
103.11,2.484994709571727,1
103.12,3.691397545447894,1
103.13,3.9688605625619524,1
103.14,3.392049398060048,1
103.15,3.348552244333355,1
103.16,3.6695121203658307,1
103.17,4.420604684623927,1
103.18,4.796866464047012,1
103.19,4.136837711208584,1
103.2,3.6415618040468263,1
103.21000000000001,3.768089488889355,1
103.22,4.096205449631742,1
103.23,4.20913657289416,1
103.24000000000001,4.366963544031303,1
103.25,3.8123833313627378,1
103.26,4.4034469283394175,1
103.27,4.376490054045291,1
103.28,3.8093813254110818,1
103.29,2.8948073237922647,1
103.3,3.3580326242956127,1
103.31,4.9538618197031905,1
103.32000000000001,2.912853900402259,1
103.33,4.7277178100908515,1
103.34,2.8499085069859107,1
103.35000000000001,3.3539173354508267,1
103.36,3.6468219942688904,1
103.37,5.075062860545866,1
103.38,4.038318754741396,1
103.39,3.8415463922424404,1
103.4,3.385096485065095,1
103.41,4.326490519121091,1
103.42,3.7324624022332005,1
103.43,3.8972633805149637,1
103.44,3.833526267120004,1
103.45,4.532513920103165,1
103.46000000000001,4.5975051705763414,1
103.47,3.518296776298893,1
103.48,3.6072542043178437,1
103.49000000000001,3.527364179845161,1
103.5,4.0891226784556975,1
103.51,4.5689158658057005,1
103.52,4.116197569402807,1
103.53,2.523716231121028,1
103.54,4.332171592518841,1
103.55,3.0692310450681823,1
103.56,3.4088006733690857,1
103.57000000000001,4.033119765390849,1
103.58,3.9044200750538365,1
103.59,4.5386210737825285,1
103.60000000000001,3.6375265598682076,1
103.61,3.3758059520701043,1
103.62,3.8058850751690385,1
103.63,4.684171519736878,1
103.64,4.521801515617344,1
103.65,4.163287169706721,1
103.66,4.9414050479997815,1
103.67,4.859456459462562,1
103.68,4.606297023685001,1
103.69,3.293967810311594,1
103.7,4.4643429453835495,1
103.71000000000001,3.8718433295911834,1
103.72,3.690519812580636,1
103.73,3.476672047330391,1
103.74000000000001,3.7849844061078786,1
103.75,3.5056569867976837,1
103.76,4.009196401267746,1
103.77,3.8281849670825405,1
103.78,4.089643316951465,1
103.79,4.342457197024943,1
103.8,3.8310380696817155,1
103.81,3.536206456346028,1
103.82000000000001,2.715899823431499,1
103.83,4.4848764177030045,1
103.84,4.152399007347853,1
103.85000000000001,3.970270534108592,1
103.86,4.829874023571113,1
103.87,3.2739188830424295,1
103.88,4.036064656986656,1
103.89,3.398554719046794,1
103.9,4.388065587914614,1
103.91,2.5541776779562584,1
103.92,4.389379756364038,1
103.93,4.456298799751958,1
103.94,3.3562995049487787,1
103.95,3.9289861650289284,1
103.96000000000001,3.339520210909809,1
103.97,4.177651884850369,1
103.98,4.4997079611784265,1
103.99000000000001,3.3560225908990207,1
104.0,3.1214765739252677,1
104.01,4.683410113843148,1
104.02,5.346031812591121,1
104.03,4.463473461237552,1
104.04,4.46883093873447,1
104.05,3.8881272463397143,1
104.06,4.181379537227754,1
104.07000000000001,4.29859718203165,1
104.08,3.9425967641967037,1
104.09,4.8942843747220515,1
104.10000000000001,4.166850894520197,1
104.11,4.183571826328395,1
104.12,3.860388455872071,1
104.13,3.8905734485853114,1
104.14,4.711967666792696,1
104.15,4.061951187481595,1
104.16,4.042276080277309,1
104.17,4.060598258539083,1
104.18,3.7239900072171834,1
104.19,3.04802717497277,1
104.2,4.9646965370338325,1
104.21000000000001,4.775743228570124,1
104.22,4.90249980762086,1
104.23,3.420168692388692,1
104.24000000000001,4.974917445847793,1
104.25,5.410092673366908,1
104.26,4.83380110657542,1
104.27,5.1793392322945495,1
104.28,4.631567163395032,1
104.29,3.510490501927766,1
104.3,4.298512399534519,1
104.31,3.331161506886093,1
104.32000000000001,3.5267365196897686,1
104.33,4.11491609767985,1
104.34,4.052792578580082,1
104.35000000000001,4.228189353387954,1
104.36,2.7796476285755034,1
104.37,3.766548525153616,1
104.38,4.299059489000793,1
104.39,4.481610079508518,1
104.4,4.558379350886509,1
104.41,4.221247753072287,1
104.42,3.812762798608302,1
104.43,4.376034583682799,1
104.44,3.900300770325087,1
104.45,4.654084439928822,1
104.46000000000001,4.387779356268368,1
104.47,4.043375934258317,1
104.48,3.5467958036239855,1
104.49000000000001,4.721055807706463,1
104.5,4.4045075294183,1
104.51,5.364016689057363,1
104.52,4.377727752681059,1
104.53,4.356495407667761,1
104.54,2.9984796649470167,1
104.55,4.065925103614358,1
104.56,3.7272982922142894,1
104.57000000000001,4.4596947991464155,1
104.58,4.2015951035347765,1
104.59,4.629469474553794,1
104.60000000000001,5.422940888164288,1
104.61,3.5920972403854226,1
104.62,4.635315991369927,1
104.63,4.543553983120526,1
104.64,5.3890382279820175,1
104.65,4.616451148864356,1
104.66,4.49848406222943,1
104.67,4.642512833696342,1
104.68,4.6794344262699035,1
104.69,5.006303507591985,1
104.7,3.52725842202285,1
104.71000000000001,3.6923533904979036,1
104.72,5.061905527169266,1
104.73,2.730943389517586,1
104.74000000000001,3.796680577508221,1
104.75,4.009404754123568,1
104.76,3.8144942156377923,1
104.77,4.954478209267349,1
104.78,4.3229313629751225,1
104.79,3.746175289500058,1
104.8,3.5746306749268264,1
104.81,4.182055792841553,1
104.82000000000001,4.81296761417463,1
104.83,4.200481236081415,1
104.84,3.997014310218956,1
104.85000000000001,3.6241356049563547,1
104.86,4.291419882345026,1
104.87,4.284339257182456,1
104.88,3.590305925779119,1
104.89,4.663286870589284,1
104.9,5.145244211300956,1
104.91,4.075784592930236,1
104.92,4.1550431852213014,1
104.93,3.2304890364114542,1
104.94,4.359938004541341,1
104.95,4.2473310190625115,1
104.96000000000001,3.7319693144273023,1
104.97,3.441362403832232,1
104.98,5.122099257787319,1
104.99000000000001,4.2937783736153,1
105.0,3.423698285134761,1
105.01,4.545245157392511,1
105.02,4.227262560057593,1
105.03,4.113746792503054,1
105.04,4.713942345064754,1
105.05,2.42303515125331,1
105.06,2.8042070257428295,1
105.07000000000001,4.883285739920065,1
105.08,4.012488282191211,1
105.09,3.745747078469904,1
105.10000000000001,3.115286087594706,1
105.11,4.047970874422621,1
105.12,4.163183463579027,1
105.13,4.882733261726578,1
105.14,4.222415966098766,1
105.15,3.741439499101799,1
105.16,4.176416667609777,1
105.17,4.670297005226846,1
105.18,4.575327406867041,1
105.19,4.415824534174944,1
105.2,4.204589405256659,1
105.21000000000001,3.6598148020477232,1
105.22,3.355018662721162,1
105.23,3.250441896553376,1
105.24000000000001,4.282844484490878,1
105.25,4.4157041299317275,1
105.26,4.806243192165961,1
105.27,4.472998764926278,1
105.28,4.7533552782914,1
105.29,3.9823988743906664,1
105.3,4.497605553280372,1
105.31,3.3553519178419644,1
105.32000000000001,3.8767312536775074,1
105.33,2.7423830123171475,1
105.34,3.872834780110817,1
105.35000000000001,4.711612080498344,1
105.36,4.016966905554298,1
105.37,4.409202674280285,1
105.38,4.158663096122284,1
105.39,3.617511017155555,1
105.4,3.8574314407068724,1
105.41,4.781580691559065,1
105.42,4.557433251714521,1
105.43,3.694631953735305,1
105.44,3.153647457472674,1
105.45,4.158861826781887,1
105.46000000000001,3.70327575867883,1
105.47,3.9272278635839366,1
105.48,3.095101740106146,1
105.49000000000001,4.642876673394536,1
105.5,3.9741673104433954,1
105.51,4.009193650487194,1
105.52,3.4145828474218245,1
105.53,3.7229997544164637,1
105.54,3.990634193026016,1
105.55,3.5261040835295465,1
105.56,3.7602243721248936,1
105.57000000000001,4.8249231766502865,1
105.58,2.870877966948845,1
105.59,4.030101661483468,1
105.60000000000001,3.4936562616297713,1
105.61,4.861494125489148,1
105.62,3.9799680821866663,1
105.63,3.3812738774107376,1
105.64,3.8951836390706256,1
105.65,4.295998773683359,1
105.66,5.889948638871044,1
105.67,2.8046473896143653,1
105.68,3.19339712507254,1
105.69,4.820367607182481,1
105.7,3.068682081729605,1
105.71000000000001,3.9256490356952574,1
105.72,3.636378278966394,1
105.73,3.500757047713189,1
105.74000000000001,3.786120629992852,1
105.75,3.695878130054944,1
105.76,4.596320338560045,1
105.77,4.8374589858544095,1
105.78,4.283706351574945,1
105.79,3.8419516950626793,1
105.8,4.159703116893581,1
105.81,4.556627435813191,1
105.82000000000001,4.728868040212206,1
105.83,4.345729178118707,1
105.84,5.084136023699919,1
105.85000000000001,3.7404722245540865,1
105.86,4.795349495631362,1
105.87,4.56488632473566,1
105.88,3.6812468171465493,1
105.89,4.153748135165483,1
105.9,4.203317841845617,1
105.91,3.895322952514104,1
105.92,3.8489508594473647,1
105.93,2.939684757501447,1
105.94,3.4169633270157065,1
105.95,3.7349201318293135,1
105.96000000000001,3.5413117423430505,1
105.97,3.3571428013938185,1
105.98,4.606755812772516,1
105.99000000000001,3.9470757540902457,1
106.0,5.404152571658925,1
106.01,4.253495538692443,1
106.02,4.735632067342175,1
106.03,3.9710023074906458,1
106.04,3.64114763780739,1
106.05,4.224447959478943,1
106.06,4.925319724424825,1
106.07000000000001,4.057882697403874,1
106.08,4.336495118131232,1
106.09,4.2092023604657,1
106.10000000000001,3.9474830250462283,1
106.11,3.941746553455118,1
106.12,3.3031260145349304,1
106.13,3.8890930090375035,1
106.14,4.345020373921196,1
106.15,4.137132875382047,1
106.16,4.056445108673685,1
106.17,4.413638830085783,1
106.18,4.108158203441599,1
106.19,3.993618565792806,1
106.2,4.478093746848631,1
106.21000000000001,4.142036770635373,1
106.22,3.9005518697343575,1
106.23,4.359760398191895,1
106.24000000000001,4.070936142689833,1
106.25,3.897037017824855,1
106.26,4.165949180795246,1
106.27,4.178526616414171,1
106.28,3.337787470177872,1
106.29,4.198376811123271,1
106.3,5.208490311080558,1
106.31,3.4121879629252683,1
106.32000000000001,3.593106062563725,1
106.33,5.717447855190209,1
106.34,3.497422146684648,1
106.35000000000001,4.729057516832491,1
106.36,3.8240677559715675,1
106.37,3.9683083448551817,1
106.38,3.8698534921992658,1
106.39,4.246498104356794,1
106.4,2.991283580807683,1
106.41,4.085049550486003,1
106.42,3.7889296684226257,1
106.43,2.840419500543888,1
106.44,4.729891655173368,1
106.45,2.7518196311429954,1
106.46000000000001,5.3903678004426565,1
106.47,4.543875440598227,1
106.48,3.1927186031276746,1
106.49000000000001,4.841656996615098,1
106.5,3.5621482197765344,1
106.51,3.4916973972259426,1
106.52,2.755440637032096,1
106.53,3.302862310939495,1
106.54,3.4018346017880696,1
106.55,4.419512009059665,1
106.56,4.711195364128187,1
106.57000000000001,3.1774557592358432,1
106.58,4.0830419698696785,1
106.59,2.7890720424641504,1
106.60000000000001,4.106830435005674,1
106.61,5.433951388542775,1
106.62,2.9767828012654967,1
106.63,3.342161936232213,1
106.64,4.504608166173962,1
106.65,4.6540980582917335,1
106.66,3.499906619878509,1
106.67,4.986253168335997,1
106.68,3.5731438347227367,1
106.69,5.082082842922992,1
106.7,4.367516469373459,1
106.71000000000001,4.822130749821237,1
106.72,4.244392328357229,1
106.73,4.379020876159433,1
106.74000000000001,4.41129455094079,1
106.75,4.6920133891565365,1
106.76,3.9489366550996663,1
106.77,3.3528962550239574,1
106.78,3.8668162461905378,1
106.79,3.53702355902109,1
106.8,3.5830628845116768,1
106.81,5.073372503496428,1
106.82000000000001,4.513985769264193,1
106.83,4.466943108691822,1
106.84,4.796180004349893,1
106.85000000000001,4.523864410592129,1
106.86,5.314130307332701,1
106.87,2.779938236812179,1
106.88,3.322668870867164,1
106.89,3.52664394647933,1
106.9,3.0775106843811684,1
106.91,3.993196844107079,1
106.92,4.057821234098921,1
106.93,5.223224611628477,1
106.94,4.587596792468522,1
106.95,3.6305230396733874,1
106.96000000000001,4.227301601308275,1
106.97,2.7680842235497303,1
106.98,3.9752448233450437,1
106.99000000000001,4.034222478739709,1
107.0,3.4182297275873252,1
107.01,3.859272466695853,1
107.02,3.587757518002413,1
107.03,3.432103046338732,1
107.04,4.4757619883307145,1
107.05,4.774812157232033,1
107.06,4.448673119598417,1
107.07000000000001,3.80282168494464,1
107.08,3.6014248885535287,1
107.09,3.7339121142299017,1
107.10000000000001,3.839803955380607,1
107.11,3.3998294755180143,1
107.12,4.602201735841523,1
107.13,3.8429910620519636,1
107.14,4.4146550590114355,1
107.15,3.0411352114169268,1
107.16,3.424568356523222,1
107.17,4.462917124420303,1
107.18,4.551417403230348,1
107.19,3.230948818312924,1
107.2,4.151980069777926,1
107.21000000000001,4.247508799695921,1
107.22,3.6008807271822603,1
107.23,4.269583465190224,1
107.24000000000001,3.0629334385493747,1
107.25,3.4178166718497236,1
107.26,4.424974773654133,1
107.27,4.104795396423725,1
107.28,4.102255127652745,1
107.29,3.914436584323371,1
107.3,4.341740849083746,1
107.31,4.375410891529678,1
107.32000000000001,4.490532000429734,1
107.33,4.049069744324291,1
107.34,3.6787301002378254,1
107.35000000000001,3.543880507900277,1
107.36,3.215635606890939,1
107.37,3.6314401532459835,1
107.38,3.5413071699390803,1
107.39,4.989729093477541,1
107.4,3.3815836143098092,1
107.41,4.660686944782358,1
107.42,3.911464627966566,1
107.43,3.9226222390227026,1
107.44,4.327861019690177,1
107.45,3.1747183663739613,1
107.46000000000001,3.5027206436272853,1
107.47,3.2250327615705343,1
107.48,3.7499189108050186,1
107.49000000000001,3.416983000255923,1
107.5,4.818136316719772,1
107.51,3.645876688586109,1
107.52,2.3899761157638384,1
107.53,3.624508901876149,1
107.54,4.429169744006252,1
107.55,5.0080806155072475,1
107.56,3.84029847160095,1
107.57000000000001,3.5948818941578393,1
107.58,3.9231765240391585,1
107.59,4.242791038275333,1
107.60000000000001,3.283598124333357,1
107.61,3.8231307768386236,1
107.62,4.002787926518849,1
107.63,4.091785744133137,1
107.64,3.983924712094864,1
107.65,3.4673079599777346,1
107.66,4.259109040636445,1
107.67,4.046782729934709,1
107.68,4.015448589753075,1
107.69,3.320451310785404,1
107.7,4.3731161866065795,1
107.71000000000001,3.382617757725202,1
107.72,4.966209224782814,1
107.73,3.2309380645944183,1
107.74000000000001,4.3762028107178965,1
107.75,2.7090526988403427,1
107.76,2.3860038724383337,1
107.77,3.483054995476593,1
107.78,2.4596846222209865,1
107.79,4.3591465890008845,1
107.8,4.008885361538289,1
107.81,4.934283705693948,1
107.82000000000001,3.99311664488356,1
107.83,4.219249907726402,1
107.84,3.911343849345331,1
107.85000000000001,3.5030841267433965,1
107.86,3.777542595936952,1
107.87,3.265649597124493,1
107.88,4.250446909698507,1
107.89,3.8371864903547213,1
107.9,3.9237043698455145,1
107.91,5.802818837748986,1
107.92,3.8011192223292065,1
107.93,4.129742948991005,1
107.94,3.900458737948726,1
107.95,4.669673255942699,1
107.96000000000001,4.123614542884036,1
107.97,3.7711536729216455,1
107.98,5.4305807919664355,1
107.99000000000001,3.5061465756855688,1
108.0,3.8460836098188103,1
108.01,4.610126706622216,1
108.02,3.551318129760451,1
108.03,4.531730364091116,1
108.04,3.79301008559451,1
108.05,4.713944258862589,1
108.06,4.748034532553913,1
108.07000000000001,4.046589559787345,1
108.08,3.3967989093162556,1
108.09,3.731707190731291,1
108.10000000000001,3.9728059104634315,1
108.11,4.5499830683249,1
108.12,4.195461079065898,1
108.13,4.298837657440955,1
108.14,4.172383727545823,1
108.15,4.483959485781805,1
108.16,3.8277206014675644,1
108.17,4.036492326993116,1
108.18,3.9774605625968307,1
108.19,3.692589350403931,1
108.2,4.639463627919323,1
108.21000000000001,4.705846364200345,1
108.22,4.870240998164483,1
108.23,3.618604137859939,1
108.24000000000001,4.276932619427392,1
108.25,4.800810242978928,1
108.26,5.094455836777448,1
108.27,3.146979800666378,1
108.28,3.9900856894350687,1
108.29,3.8985361687988185,1
108.3,5.024612297028164,1
108.31,2.6032652664540157,1
108.32000000000001,3.1911270348586758,1
108.33,4.8193606749440105,1
108.34,3.672192530176367,1
108.35000000000001,3.0604717822571708,1
108.36,4.8533972491246296,1
108.37,3.062044727095776,1
108.38,4.5637097208612705,1
108.39,2.9995832543171703,1
108.4,3.0055022086448893,1
108.41,4.094908975528503,1
108.42,3.5008266109620494,1
108.43,4.208648461077588,1
108.44,5.253939044261218,1
108.45,4.050093772157391,1
108.46000000000001,5.130445677571966,1
108.47,4.338392905786779,1
108.48,4.683640809747139,1
108.49000000000001,2.5360728660198486,1
108.5,4.323533995282597,1
108.51,4.307921668057629,1
108.52,3.739312408544111,1
108.53,5.1523340724583715,1
108.54,3.676930928904038,1
108.55,2.8612967628469597,1
108.56,4.36774964827517,1
108.57000000000001,3.0381862906632264,1
108.58,3.9488433762274298,1
108.59,4.8443733285207795,1
108.60000000000001,4.375572840301582,1
108.61,3.886743116784643,1
108.62,3.810923254486881,1
108.63,4.871546308554708,1
108.64,3.3329778706756006,1
108.65,4.538291766208057,1
108.66,5.526858893163485,1
108.67,4.50436531828554,1
108.68,3.9189682438263045,1
108.69,3.913183018039293,1
108.7,3.6816230052060357,1
108.71000000000001,3.5337591374332407,1
108.72,4.002902291176645,1
108.73,4.379143380534484,1
108.74000000000001,4.995663828883568,1
108.75,2.714845133252535,1
108.76,2.269082160812462,1
108.77,4.893631359731937,1
108.78,4.047550327069321,1
108.79,4.052005484367514,1
108.8,4.329858828360545,1
108.81,3.92327291901647,1
108.82000000000001,5.322474679786926,1
108.83,4.460361179151757,1
108.84,3.8094069335968985,1
108.85000000000001,3.831600102957456,1
108.86,3.9680534377857826,1
108.87,3.554030750471448,1
108.88,5.112569691981981,1
108.89,4.169081973759521,1
108.9,3.249206967166926,1
108.91,4.19313788636735,1
108.92,4.899741476210208,1
108.93,4.680372866941023,1
108.94,3.4756340964974584,1
108.95,3.173505557953395,1
108.96000000000001,4.805213824783838,1
108.97,2.9342569652429806,1
108.98,4.1335779279933105,1
108.99000000000001,3.617239016759586,1
109.0,4.830847254268752,1
109.01,3.3902300984228995,1
109.02,3.492181242518866,1
109.03,4.431776813610806,1
109.04,4.61426156757656,1
109.05,4.9944363806095735,1
109.06,4.43779951939974,1
109.07000000000001,4.3131799887218945,1
109.08,4.742627255879504,1
109.09,3.177166653666109,1
109.10000000000001,3.3784034287923905,1
109.11,3.103071998481725,1
109.12,2.1580925344040285,1
109.13,4.374001878188707,1
109.14,4.8778599582097115,1
109.15,4.3379822949885405,1
109.16,4.195597520035993,1
109.17,4.0067056522166675,1
109.18,3.9930417239326235,1
109.19,5.077592544046333,1
109.2,5.07129488139272,1
109.21000000000001,3.709414280727069,1
109.22,4.747527449760563,1
109.23,4.904439765458616,1
109.24000000000001,4.54846164369728,1
109.25,4.359816212359772,1
109.26,4.322087211789447,1
109.27,3.117907706138754,1
109.28,2.9711091827400624,1
109.29,4.468388666162547,1
109.3,3.3126621087197274,1
109.31,3.0326298082753556,1
109.32000000000001,2.54979291239054,1
109.33,3.542435073364065,1
109.34,4.143225011320514,1
109.35000000000001,4.2283243633640835,1
109.36,4.494305666843299,1
109.37,3.715486380602641,1
109.38,4.009395437891931,1
109.39,4.527454972451881,1
109.4,4.33417295556203,1
109.41,3.665291731810565,1
109.42,4.219875376627807,1
109.43,2.7876657414367476,1
109.44,3.999541025778909,1
109.45,3.6741702659954165,1
109.46000000000001,5.037031264002698,1
109.47,3.4883268723802545,1
109.48,4.0881435944417674,1
109.49000000000001,3.7489495041357888,1
109.5,3.6212610992225853,1
109.51,4.197378149150701,1
109.52,3.694960727294822,1
109.53,5.121422698767834,1
109.54,2.713911087795969,1
109.55,4.256921615802654,1
109.56,3.8891134811868464,1
109.57000000000001,3.900544143579732,1
109.58,4.146918938115508,1
109.59,4.634286010517737,1
109.60000000000001,4.211527510085217,1
109.61,4.6871048780980855,1
109.62,4.116872811764759,1
109.63,3.397952053085668,1
109.64,3.9782392126986386,1
109.65,4.822181012313774,1
109.66,3.854153513958591,1
109.67,3.348851177087209,1
109.68,4.405990612757939,1
109.69,4.26466272505543,1
109.7,3.5142313196478394,1
109.71000000000001,3.7949179750779827,1
109.72,3.824282183509442,1
109.73,3.9316977252052414,1
109.74000000000001,4.343211171221738,1
109.75,3.6822501344375684,1
109.76,4.362691595698152,1
109.77,3.615461933402347,1
109.78,5.014936658413869,1
109.79,5.13412460025068,1
109.8,3.5138695453939746,1
109.81,3.2004123225015015,1
109.82000000000001,4.632253821898222,1
109.83,4.2671574793121785,1
109.84,4.446168989348519,1
109.85000000000001,3.67738094418655,1
109.86,3.96598739784271,1
109.87,3.834377139563239,1
109.88,4.230576571538057,1
109.89,3.227475381412563,1
109.9,3.8877141774857775,1
109.91,3.1537560939410327,1
109.92,3.5691731253978456,1
109.93,3.849088318841741,1
109.94,4.247981750999775,1
109.95,4.3224608425040785,1
109.96000000000001,4.441766687376322,1
109.97,3.0042726006905776,1
109.98,4.717292660343452,1
109.99000000000001,3.602773020720864,1
110.0,3.6066547233567587,1
110.01,4.1754918313865765,1
110.02,3.8374127503637796,1
110.03,4.286907820276546,1
110.04,4.444579850105191,1
110.05,3.606939259267599,1
110.06,3.928494096256776,1
110.07000000000001,3.9558703922073613,1
110.08,4.662246750844742,1
110.09,3.7598236629609345,1
110.10000000000001,3.6540497951050956,1
110.11,3.2916663284385272,1
110.12,3.3218414367541262,1
110.13,3.021098396159165,1
110.14,3.4128965187162157,1
110.15,4.9232899676698505,1
110.16,4.432393558955743,1
110.17,4.794566605032289,1
110.18,3.3880491572716296,1
110.19,2.677638859367625,1
110.2,4.127419411781514,1
110.21000000000001,5.235034490580184,1
110.22,3.8047417413563016,1
110.23,4.116245893212162,1
110.24000000000001,3.060816153613146,1
110.25,4.037385042098947,1
110.26,3.9924319309339307,1
110.27,2.701674442310081,1
110.28,3.292186148782238,1
110.29,3.2548643253261735,1
110.3,2.9288362882881493,1
110.31,3.4407021180619863,1
110.32000000000001,4.251007528774726,1
110.33,3.542333354955975,1
110.34,4.645511843111254,1
110.35000000000001,3.7279268123616456,1
110.36,4.124050877446079,1
110.37,4.270065981683737,1
110.38,4.968290137443396,1
110.39,3.57156455766526,1
110.4,4.262792807631658,1
110.41,3.426290090742606,1
110.42,5.128462472723061,1
110.43,3.455027457842918,1
110.44,4.288443130224962,1
110.45,5.1045645412074805,1
110.46000000000001,3.3612204838606172,1
110.47,4.407945810185046,1
110.48,3.4234719082810336,1
110.49000000000001,5.498018555866683,1
110.5,2.8612215008202666,1
110.51,2.922477709719237,1
110.52,3.1621334798118608,1
110.53,3.1810458998793654,1
110.54,4.216617024888249,1
110.55,5.10524674571805,1
110.56,4.744511469445586,1
110.57000000000001,4.1362769738662015,1
110.58,3.971254739914274,1
110.59,3.582949889949328,1
110.60000000000001,4.230199750876307,1
110.61,3.9030553802306645,1
110.62,4.1626181397578055,1
110.63,3.590936513651745,1
110.64,3.2678762463467006,1
110.65,4.048032750970696,1
110.66,4.0763529266967895,1
110.67,3.678078973443085,1
110.68,3.526490342085845,1
110.69,4.355799574341518,1
110.7,4.3150482508140975,1
110.71000000000001,5.211741594059298,1
110.72,4.923152199589444,1
110.73,3.2188895869401684,1
110.74000000000001,3.7571188161757774,1
110.75,3.0244907538511434,1
110.76,2.6768354552083946,1
110.77,5.284950707755644,1
110.78,4.99441672283723,1
110.79,3.629130002963087,1
110.8,4.785969510350312,1
110.81,4.974867952499241,1
110.82000000000001,2.857978874150522,1
110.83,4.545274996268985,1
110.84,3.785918652112249,1
110.85000000000001,4.3111531909839655,1
110.86,6.0428394261530745,1
110.87,5.211355670952263,1
110.88,4.032633138453139,1
110.89,4.94628089852071,1
110.9,2.808172229889939,1
110.91,4.230501603012052,1
110.92,4.310532723338006,1
110.93,4.414606038118162,1
110.94,3.6227542036444573,1
110.95,4.1497659618208855,1
110.96000000000001,4.493081298301454,1
110.97,2.4622236846104117,1
110.98,3.659449240939656,1
110.99000000000001,3.371571818596839,1
111.0,4.393392896744815,1
111.01,4.9423063167177785,1
111.02,3.705090178430326,1
111.03,3.3378295231128887,1
111.04,4.108490370237323,1
111.05,3.3337076666760908,1
111.06,3.884390711692412,1
111.07000000000001,3.8378849378565527,1
111.08,4.409800088009165,1
111.09,4.250996014376558,1
111.10000000000001,4.118295468469148,1
111.11,5.044412359085693,1
111.12,4.1921335274573135,1
111.13,3.6785227778105267,1
111.14,3.7169820436819845,1
111.15,3.411680948945212,1
111.16,3.232495627018281,1
111.17,2.9923478722828096,1
111.18,4.632324175621857,1
111.19,3.5499810499607887,1
111.2,4.179457249068176,1
111.21000000000001,3.8409269022464527,1
111.22,4.017033778731672,1
111.23,4.811541579351884,1
111.24000000000001,4.2355135385510705,1
111.25,3.4909076564002595,1
111.26,3.674726437228593,1
111.27,4.598597748665728,1
111.28,4.392555624269407,1
111.29,4.643941789680035,1
111.3,3.882406592341467,1
111.31,3.0624293999213377,1
111.32000000000001,4.226934105424617,1
111.33,4.115752279381415,1
111.34,4.115772938962209,1
111.35000000000001,3.034996178426484,1
111.36,3.4554242749793356,1
111.37,3.298328685853127,1
111.38,4.173880820285234,1
111.39,4.269991010445139,1
111.4,3.9894665396068834,1
111.41,4.651886324221426,1
111.42,5.0518695896447205,1
111.43,4.354085359563388,1
111.44,4.528856669737581,1
111.45,3.755792987847591,1
111.46000000000001,3.5859531040994446,1
111.47,4.690464534723706,1
111.48,3.517009314848774,1
111.49000000000001,4.445195429872649,1
111.5,5.140871107335254,1
111.51,4.4677288645022015,1
111.52,3.930012871600659,1
111.53,3.0642596046986994,1
111.54,3.9776099142626933,1
111.55,4.577952446516612,1
111.56,3.847278234536094,1
111.57000000000001,4.593455233434845,1
111.58,4.229305931217345,1
111.59,4.180888546338431,1
111.60000000000001,3.806795200639835,1
111.61,3.0684056889496416,1
111.62,3.7138196635971252,1
111.63,3.763750989852663,1
111.64,4.431388963278832,1
111.65,4.091440088444623,1
111.66,4.7795616911880545,1
111.67,4.289479975181032,1
111.68,3.73327157341235,1
111.69,3.4771812943002147,1
111.7,3.575660632362179,1
111.71000000000001,4.0541298175368645,1
111.72,3.7158292263467207,1
111.73,3.2226247963697454,1
111.74000000000001,4.534342634930217,1
111.75,4.0554496469822,1
111.76,4.110288417628782,1
111.77,3.4127189074059254,1
111.78,3.2458048336483927,1
111.79,3.8275848935464403,1
111.8,2.675173504142183,1
111.81,4.451197217077865,1
111.82000000000001,3.6158206286357175,1
111.83,3.8651546414120332,1
111.84,4.34110811614354,1
111.85000000000001,3.950151675254719,1
111.86,3.3102184561982915,1
111.87,4.995711371736883,1
111.88,3.10849865303645,1
111.89,2.5172747068275854,1
111.9,4.477019214306694,1
111.91,3.056978593498978,1
111.92,4.710720967923298,1
111.93,4.225279243803944,1
111.94,4.124936523794936,1
111.95,3.5628592304590065,1
111.96000000000001,3.3669433283168577,1
111.97,3.6577357136407302,1
111.98,3.367160251528082,1
111.99000000000001,4.723699582420803,1
112.0,3.56298836110967,1
112.01,4.327033420147414,1
112.02,4.717369413669402,1
112.03,3.5332041196191994,1
112.04,4.288536899652782,1
112.05,3.512772045218484,1
112.06,3.9294623316743054,1
112.07000000000001,3.758348406168825,1
112.08,3.577418514083004,1
112.09,4.098921466425283,1
112.10000000000001,3.2166978609424373,1
112.11,4.531189180528374,1
112.12,3.284598846122654,1
112.13,3.07305220956132,1
112.14,3.708484597787566,1
112.15,3.6653838377412415,1
112.16,4.139334316018785,1
112.17,4.003245503938619,1
112.18,2.901176605735178,1
112.19,4.552283718068722,1
112.2,3.854674437635269,1
112.21000000000001,4.172667607803493,1
112.22,5.484721643203503,1
112.23,4.985664276303315,1
112.24000000000001,4.267938576070763,1
112.25,3.200623791531024,1
112.26,3.1432925609401505,1
112.27,4.762721843593209,1
112.28,3.8281931617675395,1
112.29,3.902319145479171,1
112.3,3.249442769329849,1
112.31,4.219526388459658,1
112.32000000000001,4.708213720898335,1
112.33,4.969116253859028,1
112.34,3.695173161042665,1
112.35000000000001,4.324691275675051,1
112.36,3.88650187491074,1
112.37,4.504184038792863,1
112.38,3.984537469140905,1
112.39,3.4424553921934864,1
112.4,4.824587063533269,1
112.41,4.138131638883407,1
112.42,3.8257901763255737,1
112.43,4.1667962976514135,1
112.44,3.6042554656554047,1
112.45,4.321117855883203,1
112.46000000000001,3.9631866376144376,1
112.47,3.5422615457091,1
112.48,5.5578763181647455,1
112.49000000000001,3.4618121510124604,1
112.5,4.19544611933345,1
112.51,4.02385664601124,1
112.52,3.2904546612413914,1
112.53,3.6766573735311994,1
112.54,3.0373118912500443,1
112.55,5.2076018053878705,1
112.56,3.8273129239652195,1
112.57000000000001,3.8108679358093136,1
112.58,5.207616546646791,1
112.59,3.515936969227007,1
112.60000000000001,4.812289540363022,1
112.61,4.457907062235311,1
112.62,2.788991067685539,1
112.63,3.748465051601577,1
112.64,4.340391747563019,1
112.65,4.118938465326167,1
112.66,4.103245066042341,1
112.67,3.6724049331115634,1
112.68,3.5609515268042955,1
112.69,3.795453872654375,1
112.7,5.258798251722433,1
112.71000000000001,3.4618803524628885,1
112.72,3.6093042798606687,1
112.73,3.9333746907111076,1
112.74000000000001,2.974464795999031,1
112.75,4.143293468995434,1
112.76,3.1016184047174846,1
112.77,3.1805065987553096,1
112.78,3.171105082068527,1
112.79,2.8639098494828383,1
112.8,4.7562457600560295,1
112.81,4.408517992547093,1
112.82000000000001,4.668522152818095,1
112.83,4.641358837205219,1
112.84,4.001608010017916,1
112.85000000000001,4.056377420455029,1
112.86,4.732393226543583,1
112.87,5.167160112565759,1
112.88,3.2968835220393826,1
112.89,5.614738294329624,1
112.9,3.2417684368534725,1
112.91,3.630054939615158,1
112.92,3.9803214093840733,1
112.93,4.044563075031906,1
112.94,5.204663645964907,1
112.95,4.653399484527925,1
112.96000000000001,4.235778674503801,1
112.97,4.6258484633389285,1
112.98,4.2187454497647625,1
112.99000000000001,3.55299586688559,1
113.0,4.289759328160664,1
113.01,4.085937429027005,1
113.02,3.5038265461904454,1
113.03,4.851464442316337,1
113.04,4.08795677367203,1
113.05,3.353699066915799,1
113.06,3.4079079530920606,1
113.07000000000001,4.371751678720355,1
113.08,4.746346685013537,1
113.09,4.379190734874238,1
113.10000000000001,4.336749180763231,1
113.11,3.469722291881035,1
113.12,3.9829099834918136,1
113.13,3.722889484705935,1
113.14,3.784672428709859,1
113.15,3.8391113650013633,1
113.16,3.4908767484880814,1
113.17,4.396999339528072,1
113.18,3.325936793033917,1
113.19,3.09506881316949,1
113.2,3.4377251639677495,1
113.21000000000001,4.564157184136539,1
113.22,4.299444862094093,1
113.23,2.9228477186357775,1
113.24000000000001,4.395100559316577,1
113.25,4.067667516215586,1
113.26,3.8045346147142425,1
113.27,3.8914247221078475,1
113.28,3.1713279630193476,1
113.29,4.084583313591788,1
113.3,3.1811676107890228,1
113.31,3.6990546534817215,1
113.32000000000001,3.710150353123815,1
113.33,4.420248550864195,1
113.34,3.9788008925949363,1
113.35000000000001,4.3813605471141654,1
113.36,3.1757647036484777,1
113.37,3.8204457372555587,1
113.38,4.290171865154376,1
113.39,4.801549961945706,1
113.4,3.3104397605482103,1
113.41,3.437714177183468,1
113.42,4.339647207255152,1
113.43,5.12792720139554,1
113.44,4.325363971401973,1
113.45,3.3747821253688963,1
113.46000000000001,3.3262597080089398,1
113.47,4.107223352846062,1
113.48,4.281579006431923,1
113.49000000000001,3.895226016016525,1
113.5,3.292097980058511,1
113.51,4.64743460375453,1
113.52,3.767047028862691,1
113.53,4.266033085300395,1
113.54,2.7932780628119107,1
113.55,4.631505501147995,1
113.56,3.522281158369849,1
113.57000000000001,4.783650726044708,1
113.58,4.401441346193193,1
113.59,3.075178647723653,1
113.60000000000001,4.105298859803721,1
113.61,5.105845684963847,1
113.62,3.7239441964394175,1
113.63,5.121306254563615,1
113.64,4.389754703248872,1
113.65,4.968483118468269,1
113.66,4.232872488554875,1
113.67,3.9936894698385257,1
113.68,5.2347653299031425,1
113.69,4.564052349889105,1
113.7,3.8796761130360036,1
113.71000000000001,4.2430893092723725,1
113.72,3.60255774220921,1
113.73,3.984251675867323,1
113.74000000000001,4.702607904518564,1
113.75,3.861706219111893,1
113.76,3.3530032402824097,1
113.77,3.2736824444150625,1
113.78,3.961046955881696,1
113.79,3.4517989935325986,1
113.8,3.0389873543484556,1
113.81,3.189381865433492,1
113.82000000000001,4.759341151799103,1
113.83,4.015085123677715,1
113.84,4.110585189863545,1
113.85000000000001,3.454906010168854,1
113.86,3.6612887130200904,1
113.87,3.6416118331609364,1
113.88,3.842060421362281,1
113.89,2.936406449627868,1
113.9,4.64171376438512,1
113.91,4.003124357261011,1
113.92,4.085767224150631,1
113.93,4.536495252307419,1
113.94,4.503540088591629,1
113.95,3.581648326333167,1
113.96000000000001,4.295810339831611,1
113.97,4.3431127607178395,1
113.98,4.182464801565723,1
113.99000000000001,4.677533707589079,1
114.0,4.560894912667483,1
114.01,4.530313513175092,1
114.02,4.963192260193421,1
114.03,4.138286611452625,1
114.04,4.1179805704476635,1
114.05,4.6140367174982115,1
114.06,3.99234071729069,1
114.07000000000001,4.372177729180684,1
114.08,3.7020563692082127,1
114.09,2.5250199298414873,1
114.10000000000001,4.2979358581036164,1
114.11,2.988326162416527,1
114.12,3.4401532516894404,1
114.13,4.4365565557045095,1
114.14,4.493663802590597,1
114.15,4.716735318528329,1
114.16,2.6612655307816686,1
114.17,4.051581717620209,1
114.18,3.792761725937233,1
114.19,4.606848835640428,1
114.2,4.995799262205973,1
114.21000000000001,3.235207400676446,1
114.22,4.009957099977821,1
114.23,4.602733255545633,1
114.24000000000001,3.8890621253252924,1
114.25,5.20143591963541,1
114.26,3.882885614382051,1
114.27,3.8583498490223254,1
114.28,3.338247585332142,1
114.29,4.0820630201579755,1
114.3,2.045146058767686,1
114.31,3.6972307237421367,1
114.32000000000001,4.759638437731607,1
114.33,3.0774158789741226,1
114.34,2.8224420877818597,1
114.35000000000001,4.578149613656849,1
114.36,4.775545499074952,1
114.37,3.1067671370964565,1
114.38,5.0275222651849045,1
114.39,4.320338567963927,1
114.4,4.701158970279982,1
114.41,3.5530028302525376,1
114.42,4.984864276417029,1
114.43,3.947095141897621,1
114.44,3.8665696586105214,1
114.45,4.380409864761587,1
114.46000000000001,3.839751863648125,1
114.47,3.0638631734902826,1
114.48,4.072465892020652,1
114.49000000000001,3.8197626513149476,1
114.5,3.489459411433162,1
114.51,4.749536130449736,1
114.52,5.551643425872122,1
114.53,3.434843588304834,1
114.54,4.02199486631647,1
114.55,3.6673656211108967,1
114.56,5.393537169061992,1
114.57000000000001,4.342507703942722,1
114.58,4.578846620683307,1
114.59,4.779637978244758,1
114.60000000000001,4.132709148602129,1
114.61,3.9117530021355926,1
114.62,5.025771970132998,1
114.63,4.628162803079311,1
114.64,3.5610469223037,1
114.65,3.5792084488015337,1
114.66,3.793218770694966,1
114.67,4.799883968132948,1
114.68,5.04714794857981,1
114.69,5.480832469695147,1
114.7,3.6275394568415336,1
114.71000000000001,4.043901059057374,1
114.72,3.697432024105915,1
114.73,3.8016347782523194,1
114.74000000000001,4.519229163122823,1
114.75,3.9259511910664786,1
114.76,4.7780390951091345,1
114.77,3.6515366805523906,1
114.78,4.417005050956441,1
114.79,3.715847003635201,1
114.8,2.7923897970348195,1
114.81,3.289506439470843,1
114.82000000000001,4.083448886974962,1
114.83,5.313630327965093,1
114.84,3.852825356797445,1
114.85000000000001,3.956830100283599,1
114.86,4.386406240367018,1
114.87,3.6944187601794014,1
114.88,3.710927776156232,1
114.89,4.051345617515659,1
114.9,3.7183405800657883,1
114.91,2.8015216714435938,1
114.92,3.460702620581879,1
114.93,4.304719858446756,1
114.94,4.365227457871632,1
114.95,4.8134658209621435,1
114.96000000000001,4.792151534145333,1
114.97,3.4033050170898203,1
114.98,3.4374109940779483,1
114.99000000000001,3.4893331974104407,1
115.0,3.872181292586449,1
115.01,3.6126565452348234,1
115.02,3.9090607404950886,1
115.03,3.4905369810341043,1
115.04,4.550578406779987,1
115.05,3.4933385092522076,1
115.06,3.393631297534522,1
115.07000000000001,4.361313876739082,1
115.08,4.533467499200741,1
115.09,3.90784212275393,1
115.10000000000001,4.556811913869736,1
115.11,4.525666217410667,1
115.12,5.218216652229193,1
115.13,4.486736699556254,1
115.14,5.06468573881354,1
115.15,4.028627654572332,1
115.16,4.838551113350074,1
115.17,4.911991131075704,1
115.18,3.9190480068963134,1
115.19,3.526497960831012,1
115.2,3.6404342424429186,1
115.21000000000001,4.272491987572633,1
115.22,3.315925872606336,1
115.23,3.7264618237721803,1
115.24000000000001,4.832586645937274,1
115.25,4.55805130583504,1
115.26,2.5783073124679454,1
115.27,3.110194737978143,1
115.28,5.390499195226092,1
115.29,4.870667419015622,1
115.3,3.6725367137680602,1
115.31,2.9898929686729185,1
115.32000000000001,3.0831376902389467,1
115.33,4.213446693388516,1
115.34,5.223293902255964,1
115.35000000000001,5.239339557479492,1
115.36,2.9807254955946725,1
115.37,3.6867822758681634,1
115.38,3.3819900326171717,1
115.39,4.029876734820035,1
115.4,3.1396451029917616,1
115.41,3.6189573038486094,1
115.42,3.4599728605857667,1
115.43,4.369228173106432,1
115.44,3.760299591735024,1
115.45,3.82022207209122,1
115.46000000000001,4.3919965366246965,1
115.47,5.149391143174836,1
115.48,5.484879395991943,1
115.49000000000001,4.406866977218234,1
115.5,3.9654593673911616,1
115.51,4.827225554049601,1
115.52,4.761384136428593,1
115.53,4.555927514964407,1
115.54,2.9364326252283037,1
115.55,4.644650201126871,1
115.56,4.199805900405104,1
115.57000000000001,3.371972138588229,1
115.58,3.483246156095227,1
115.59,4.3247341750303905,1
115.60000000000001,2.3913434803531164,1
115.61,3.8467913474948174,1
115.62,3.6113234702112385,1
115.63,3.5474542254012023,1
115.64,3.7484083599110924,1
115.65,3.1004616479490785,1
115.66,4.70019173674876,1
115.67,2.7215280251540817,1
115.68,4.076269877284921,1
115.69,3.4765560986169257,1
115.7,5.254113346812194,1
115.71000000000001,4.06524505920851,1
115.72,2.580695377501258,1
115.73,4.207735074547289,1
115.74000000000001,3.2313674698740718,1
115.75,4.517471650016265,1
115.76,4.360560123139934,1
115.77,4.916939902245068,1
115.78,4.133228468828342,1
115.79,4.517581164933595,1
115.8,4.060278285692165,1
115.81,3.6457536099759666,1
115.82000000000001,4.715777403347899,1
115.83,3.3064730177214687,1
115.84,4.007032445105458,1
115.85000000000001,3.7069550750108267,1
115.86,4.600076830943813,1
115.87,3.4819270938898397,1
115.88,3.7467927444482916,1
115.89,4.0351999062118065,1
115.9,4.9659064912401325,1
115.91,3.6877210360990516,1
115.92,3.675613341480071,1
115.93,3.043884528090813,1
115.94,3.2326363763468757,1
115.95,4.146477444209883,1
115.96000000000001,3.9583111023433215,1
115.97,3.9685530927715154,1
115.98,5.084724294181848,1
115.99000000000001,2.9581611529948457,1
116.0,5.4428427226287805,1
116.01,4.875790640930493,1
116.02,3.8867030479879285,1
116.03,4.3089453295995765,1
116.04,3.6476883038278536,1
116.05,4.261423973475053,1
116.06,5.481850584138761,1
116.07000000000001,3.7297368269291646,1
116.08,3.876391794188497,1
116.09,3.5234716693922277,1
116.10000000000001,3.5831492528021394,1
116.11,3.6889880520684586,1
116.12,3.225406283008831,1
116.13,3.7205852474150287,1
116.14,3.946221423303503,1
116.15,3.6597630288999548,1
116.16,2.4165816503138258,1
116.17,3.7447128154634988,1
116.18,3.910872033653104,1
116.19,5.2039323078942425,1
116.2,4.091119981970268,1
116.21000000000001,4.637223882960149,1
116.22,3.8075666788858156,1
116.23,4.892647077777336,1
116.24000000000001,3.512913130510818,1
116.25,4.373861327201368,1
116.26,4.638969584641729,1
116.27,4.548526194074339,1
116.28,5.480214148633351,1
116.29,3.7315601344194533,1
116.3,4.899713860302457,1
116.31,4.779077477956499,1
116.32000000000001,4.033300347396624,1
116.33,5.133463830933184,1
116.34,3.900715417690559,1
116.35000000000001,3.933087624190253,1
116.36,3.9211427930569855,1
116.37,3.109032550434765,1
116.38,4.397494761944791,1
116.39,4.3947495331041,1
116.4,3.95724928091451,1
116.41,5.165739747540983,1
116.42,3.831802894846419,1
116.43,2.9294655322704015,1
116.44,5.242175465454829,1
116.45,4.806002441822705,1
116.46000000000001,4.525838619250287,1
116.47,3.871464626092244,1
116.48,4.257386348826073,1
116.49000000000001,3.219573252575343,1
116.5,3.8056118285666947,1
116.51,3.3772702265277372,1
116.52,4.087012819058616,1
116.53,4.542493844570223,1
116.54,3.2806188465371617,1
116.55,4.351746532023268,1
116.56,4.0794227236907314,1
116.57000000000001,4.38831229452413,1
116.58,3.822996760074551,1
116.59,4.424265386312158,1
116.60000000000001,3.575479765417317,1
116.61,2.90775629229532,1
116.62,3.0366517468787806,1
116.63,3.677889753354509,1
116.64,3.0066227114107074,1
116.65,5.021758887302869,1
116.66,4.078846798593653,1
116.67,4.6613377550041,1
116.68,4.5934925347375355,1
116.69,4.061673169740016,1
116.7,6.296821211556805,1
116.71000000000001,6.012628883160175,1
116.72,4.978318323051113,1
116.73,3.40948654083136,1
116.74000000000001,4.822118330544541,1
116.75,2.8393937116478734,1
116.76,4.765328606368682,1
116.77,2.327277629125156,1
116.78,3.6495488862623953,1
116.79,4.741587744637705,1
116.8,4.29590744174916,1
116.81,3.0831335469304397,1
116.82000000000001,4.101022266226985,1
116.83,4.318165283189345,1
116.84,4.224161882131303,1
116.85000000000001,3.824629552579882,1
116.86,4.615563889259177,1
116.87,4.83994189906518,1
116.88,3.9934930733808316,1
116.89,5.007505617586315,1
116.9,3.9575805723247766,1
116.91,3.654927743362488,1
116.92,4.814158627680184,1
116.93,4.843678204406306,1
116.94,3.5760749135293284,1
116.95,3.4026126347352723,1
116.96000000000001,5.037656230290986,1
116.97,3.935493033412474,1
116.98,3.955121922989414,1
116.99000000000001,3.8117418863616623,1
117.0,4.847687160116884,1
117.01,5.466783120008695,1
117.02,4.178955876668218,1
117.03,5.641325394566726,1
117.04,3.810900215194998,1
117.05,3.880598794665065,1
117.06,4.500839162247334,1
117.07000000000001,3.5601194046445497,1
117.08,4.445111565659609,1
117.09,3.712192328033656,1
117.10000000000001,2.9793748869339503,1
117.11,2.783454736203587,1
117.12,3.6713832109597684,1
117.13,4.18934155838633,1
117.14,3.0559799472102696,1
117.15,3.9837991523726677,1
117.16,4.04545509108439,1
117.17,3.833799992514292,1
117.18,3.3459126088309725,1
117.19,4.0947274362614525,1
117.2,3.914815315901394,1
117.21000000000001,4.656593774954603,1
117.22,3.2461248744750497,1
117.23,4.090611230267627,1
117.24000000000001,3.252429307468536,1
117.25,3.8767602201336278,1
117.26,3.3533705408579135,1
117.27,3.426201203519926,1
117.28,4.006216117738642,1
117.29,3.655278242082474,1
117.3,4.929467474577985,1
117.31,4.796122939893349,1
117.32000000000001,4.524374409160414,1
117.33,4.478864297853859,1
117.34,4.041049609858855,1
117.35000000000001,4.773617477598021,1
117.36,3.78434905788273,1
117.37,5.302014513021403,1
117.38,3.4236602239180143,1
117.39,3.2111049044799853,1
117.4,3.049049958012415,1
117.41,3.1755307433845297,1
117.42,2.9388981574164865,1
117.43,4.13714590249543,1
117.44,4.634414347392214,1
117.45,4.135649130004997,1
117.46000000000001,3.180606630104322,1
117.47,3.7062510427703583,1
117.48,4.57149504261619,1
117.49000000000001,3.834336404330832,1
117.5,3.4705639648943167,1
117.51,2.961325388226804,1
117.52,3.617851609542691,1
117.53,3.4593281420128585,1
117.54,3.839317045847467,1
117.55,4.224012839337348,1
117.56,3.7588806854460675,1
117.57000000000001,4.04528481113284,1
117.58,4.265828153294704,1
117.59,3.196114054203891,1
117.60000000000001,5.176968310047974,1
117.61,3.6142797656991905,1
117.62,4.357552971133977,1
117.63,3.346293695076557,1
117.64,4.104442577276543,1
117.65,4.17690542265634,1
117.66,5.1583705052719155,1
117.67,3.978728574990578,1
117.68,4.884996709903606,1
117.69,4.263457525461932,1
117.7,5.216024812794602,1
117.71000000000001,2.893260178042967,1
117.72,4.200901394012312,1
117.73,2.2159025715195644,1
117.74000000000001,3.783075761647193,1
117.75,4.573999084490032,1
117.76,4.90111349819229,1
117.77,4.473151511559337,1
117.78,3.796724380173664,1
117.79,4.3195988411096495,1
117.8,5.653356704370052,1
117.81,4.172830638112528,1
117.82000000000001,4.6794576336261215,1
117.83,3.824091255274109,1
117.84,4.756171257731608,1
117.85000000000001,4.708680535840653,1
117.86,3.717686415135763,1
117.87,4.547556184080009,1
117.88,4.6111365724244004,1
117.89,4.538664436715518,1
117.9,4.004139906634177,1
117.91,4.772997667910482,1
117.92,3.394233721284074,1
117.93,3.9080788479129085,1
117.94,3.994564663291493,1
117.95,4.684259621629161,1
117.96000000000001,3.342693954090157,1
117.97,4.056834856215714,1
117.98,3.6408306231480023,1
117.99000000000001,4.027565906209294,1
118.0,4.25766851711679,1
118.01,3.2107014565663237,1
118.02,4.818340640726639,1
118.03,4.3885897877414894,1
118.04,3.538434677505238,1
118.05,3.8263740671075146,1
118.06,5.0303448867838565,1
118.07000000000001,4.391793105779897,1
118.08,3.4406052188223746,1
118.09,3.479975519957168,1
118.10000000000001,4.372698372514059,1
118.11,4.480885383185614,1
118.12,4.218751182631748,1
118.13,3.7621153004675825,1
118.14,4.438871783068137,1
118.15,3.7485335031842655,1
118.16,3.359078974665497,1
118.17,4.930829901278984,1
118.18,4.329855342096683,1
118.19,3.4886962707961375,1
118.2,4.057913741408843,1
118.21000000000001,4.045905608693498,1
118.22,3.8212572770514943,1
118.23,4.202709347562636,1
118.24000000000001,3.481908177828844,1
118.25,4.611192425003086,1
118.26,4.103958519488136,1
118.27,3.0221332487787005,1
118.28,3.836435778448103,1
118.29,3.612494139902768,1
118.3,2.035004198806447,1
118.31,3.7562821200286525,1
118.32000000000001,4.612528863900279,1
118.33,3.9048982572340725,1
118.34,4.381557015968589,1
118.35000000000001,3.9529703053994467,1
118.36,3.6297871182561567,1
118.37,3.442946722855469,1
118.38,3.09112289749192,1
118.39,4.524230788399701,1
118.4,4.507068043039018,1
118.41,3.8745817381761056,1
118.42,2.7246124502468954,1
118.43,4.291678470604546,1
118.44,3.5026563896807104,1
118.45,4.138949360716122,1
118.46000000000001,3.0796158683440473,1
118.47,4.064624844736775,1
118.48,3.9618147061173326,1
118.49000000000001,2.4561146105539433,1
118.5,4.955662027987316,1
118.51,3.8212983554379822,1
118.52,3.7755151311147763,1
118.53,4.271544812697218,1
118.54,3.9112168447462237,1
118.55,4.155398832729745,1
118.56,3.1955308619345217,1
118.57000000000001,3.799324052610725,1
118.58,2.7059996488307,1
118.59,3.7462676264996846,1
118.60000000000001,4.9238612115331915,1
118.61,3.1030253864902706,1
118.62,3.764145421684425,1
118.63,2.669680541762739,1
118.64,3.997538173405411,1
118.65,4.377754790889664,1
118.66,4.342759970124284,1
118.67,3.6902124584510605,1
118.68,2.633352873697772,1
118.69,3.134341824983576,1
118.7,4.761814920171352,1
118.71000000000001,4.59129461016016,1
118.72,3.9306744604303847,1
118.73,4.039241012528639,1
118.74000000000001,3.263404421558167,1
118.75,4.717769322127847,1
118.76,3.505176612126077,1
118.77,4.19387148042364,1
118.78,3.10691192851978,1
118.79,3.808889054788248,1
118.8,4.800038863063686,1
118.81,3.4583260885894185,1
118.82000000000001,4.49924388870402,1
118.83,3.390622248262201,1
118.84,3.450452591634591,1
118.85000000000001,4.0366386665137615,1
118.86,4.703911070384253,1
118.87,3.908919476737024,1
118.88,4.439024256289236,1
118.89,4.790589534266384,1
118.9,3.54560856826983,1
118.91,2.9584435700107954,1
118.92,3.661298334348044,1
118.93,4.743794578670629,1
118.94,3.4451509777796643,1
118.95,4.549802898197122,1
118.96000000000001,3.7913857101466633,1
118.97,5.066808087667638,1
118.98,5.477763768919697,1
118.99000000000001,4.736008570536864,1
119.0,2.9772802307005093,1
119.01,2.4040739012889243,1
119.02,3.9894775300715737,1
119.03,4.649529410489107,1
119.04,4.4362427978139225,1
119.05,3.632121451086468,1
119.06,3.0850612793489542,1
119.07000000000001,4.6085352537022155,1
119.08,5.285564127436849,1
119.09,3.6642822021387627,1
119.10000000000001,4.513795501847977,1
119.11,5.694965318999304,1
119.12,3.9330622918871794,1
119.13,3.8241165366883845,1
119.14,4.280416100989671,1
119.15,3.756894553723344,1
119.16,4.783062277624872,1
119.17,3.7246957364819426,1
119.18,3.9201966928876195,1
119.19,3.037412119256337,1
119.2,3.790874604155346,1
119.21000000000001,3.358426988263726,1
119.22,4.231581496600912,1
119.23,2.9959928650708685,1
119.24000000000001,4.647740245935684,1
119.25,3.549057062554838,1
119.26,5.201822287527715,1
119.27,5.021652699062241,1
119.28,4.451980985038233,1
119.29,3.0511265296415497,1
119.3,3.534191844655542,1
119.31,3.365791714344066,1
119.32000000000001,3.4160788159252014,1
119.33,4.9261288345000604,1
119.34,3.884326780428708,1
119.35000000000001,3.4907835908251346,1
119.36,3.412897175038751,1
119.37,3.559545813321208,1
119.38,4.276012153811256,1
119.39,2.938957399448432,1
119.4,4.00152184945824,1
119.41,4.299622115350802,1
119.42,2.9375620434835583,1
119.43,3.078421213435739,1
119.44,3.985952607297556,1
119.45,5.009543336165713,1
119.46000000000001,4.912221941505721,1
119.47,3.7200967983705255,1
119.48,4.940732474704161,1
119.49000000000001,3.870960883941557,1
119.5,3.7778242542049107,1
119.51,4.022948075151018,1
119.52,4.500506479939398,1
119.53,3.5729947419288384,1
119.54,3.6439125381256554,1
119.55,3.093352549756657,1
119.56,4.102072794685692,1
119.57000000000001,4.551545561453802,1
119.58,4.635294537539534,1
119.59,3.129540704866676,1
119.60000000000001,3.700821395398367,1
119.61,4.814866282779194,1
119.62,4.245069595068155,1
119.63,4.098732315670164,1
119.64,4.084959418757918,1
119.65,4.43184647161096,1
119.66,4.282705842020051,1
119.67,3.703791597152075,1
119.68,4.597023950832129,1
119.69,3.2772547894912614,1
119.7,4.812984601184426,1
119.71000000000001,3.4427366903943297,1
119.72,4.276511515938806,1
119.73,3.8477877289523934,1
119.74000000000001,3.609578318472698,1
119.75,4.781971079995895,1
119.76,4.457652731866074,1
119.77,3.9290535462334812,1
119.78,5.084921379446237,1
119.79,4.678884927816793,1
119.8,3.519599413132266,1
119.81,2.5293179244820245,1
119.82000000000001,4.026632798411015,1
119.83,4.961151541702373,1
119.84,4.526078159026103,1
119.85000000000001,5.128232839267199,1
119.86,3.7507757976168423,1
119.87,3.969144405532314,1
119.88,3.98098499821189,1
119.89,4.177270405332326,1
119.9,4.50709203364785,1
119.91,5.064832851908055,1
119.92,5.213943780492457,1
119.93,5.092255990397865,1
119.94,4.427453311948703,1
119.95,3.7281684124636514,1
119.96000000000001,4.058975024632536,1
119.97,4.368516193888619,1
119.98,4.066607503161588,1
119.99000000000001,3.389200255334465,1
120.0,3.6648351877706835,1
120.01,4.567822246076365,1
120.02,3.919672134297742,1
120.03,4.0727645785790845,1
120.04,4.025685054192255,1
120.05,3.4980912680537086,1
120.06,3.930044592068084,1
120.07000000000001,3.7589138755170297,1
120.08,3.5798098391983553,1
120.09,3.3100270821172204,1
120.10000000000001,3.8918440567811596,1
120.11,4.369875938686842,1
120.12,4.703717818775276,1
120.13,3.0757597022719265,1
120.14,4.914625621214918,1
120.15,4.169514121138339,1
120.16,3.2076374678617996,1
120.17,3.6303711203796647,1
120.18,2.7165805012892488,1
120.19,2.848851045565063,1
120.2,5.049324725416005,1
120.21000000000001,3.6339541495057084,1
120.22,4.3719281069242095,1
120.23,4.01207166791735,1
120.24000000000001,4.084481006163644,1
120.25,4.319290449566913,1
120.26,2.7382690379869135,1
120.27,4.839960734365638,1
120.28,4.029491282293431,1
120.29,3.696477699828476,1
120.3,4.283961525077607,1
120.31,3.524433583676178,1
120.32000000000001,4.061020429446248,1
120.33,3.8344454943151693,1
120.34,4.379189429699236,1
120.35000000000001,3.808501885019323,1
120.36,3.2489186423267937,1
120.37,4.129876720875472,1
120.38,3.789070528230467,1
120.39,2.7839285190392555,1
120.4,4.056764116481659,1
120.41,3.679418134847509,1
120.42,4.250641540392707,1
120.43,3.5221555695629423,1
120.44,3.2607939999718334,1
120.45,4.796781372071603,1
120.46000000000001,4.666150219857385,1
120.47,4.09585627530039,1
120.48,4.332926872820127,1
120.49000000000001,4.56769609588966,1
120.5,4.025967111742176,1
120.51,3.1927228069034284,1
120.52,4.100328191566826,1
120.53,4.594390137330106,1
120.54,4.348335418937413,1
120.55,3.983943242342182,1
120.56,4.294529265565291,1
120.57000000000001,3.8126676951527245,1
120.58,4.623111626556402,1
120.59,4.889576462153224,1
120.60000000000001,3.2138571109653506,1
120.61,4.7016033397330235,1
120.62,5.5392506062745985,1
120.63,4.495271951955709,1
120.64,4.7402077640255476,1
120.65,3.699992434697567,1
120.66,3.7264644915672953,1
120.67,3.9078082552387663,1
120.68,3.776487268609385,1
120.69,3.1573399055077935,1
120.7,3.8359294111556514,1
120.71000000000001,4.508103937426325,1
120.72,3.1424268807784355,1
120.73,4.002871576677091,1
120.74000000000001,4.0242901059995555,1
120.75,3.7305200895718875,1
120.76,4.23470676237229,1
120.77,4.215183094660063,1
120.78,3.728126235840626,1
120.79,4.650124125261565,1
120.8,4.404231000971691,1
120.81,5.069891420305748,1
120.82000000000001,4.066632232143614,1
120.83,3.857127789106613,1
120.84,3.928370097950389,1
120.85000000000001,4.835663231177639,1
120.86,4.024945375971351,1
120.87,4.004787184241272,1
120.88,5.315762892495035,1
120.89,3.228509128534141,1
120.9,4.183742492716747,1
120.91,3.9464289221840065,1
120.92,3.788643851365556,1
120.93,3.3068493717350944,1
120.94,3.4554395986524002,1
120.95,3.6271103906740825,1
120.96000000000001,4.227992895937388,1
120.97,4.506611753328919,1
120.98,2.833114085606206,1
120.99000000000001,3.128476732009601,1
121.0,4.304678037324043,1
121.01,4.453230107271073,1
121.02,3.1230685036931396,1
121.03,4.576547920080483,1
121.04,4.097729070321839,1
121.05,4.5660205478613625,1
121.06,3.552614066331971,1
121.07000000000001,3.131425507319038,1
121.08,3.7907616425565354,1
121.09,3.8378760282795543,1
121.10000000000001,3.781048576915652,1
121.11,3.708970249684331,1
121.12,5.035394199820331,1
121.13,2.8973399881496347,1
121.14,3.3134604205338873,1
121.15,3.6117834768434594,1
121.16,3.920984691995709,1
121.17,4.396429191461448,1
121.18,4.542118051382106,1
121.19,4.709106771934384,1
121.2,4.356411162968796,1
121.21000000000001,2.9236184401884886,1
121.22,2.9010665959013218,1
121.23,4.740358928460121,1
121.24000000000001,4.819062196842542,1
121.25,4.5372475423527945,1
121.26,3.5713045495036,1
121.27,3.8251733068335922,1
121.28,3.77385513572805,1
121.29,3.343455952573043,1
121.3,4.1272023274651515,1
121.31,5.381441877980645,1
121.32000000000001,3.7157697298561896,1
121.33,4.762430894400471,1
121.34,3.3991105799644368,1
121.35000000000001,2.891480204499362,1
121.36,4.502920111838568,1
121.37,3.8280459905545965,1
121.38,4.771366210210708,1
121.39,4.978740229866003,1
121.4,3.879568549557191,1
121.41,4.888883280714059,1
121.42,3.530462766898275,1
121.43,3.4551026664188575,1
121.44,4.735230086504058,1
121.45,3.115286545557013,1
121.46000000000001,4.017190273911546,1
121.47,4.871999030458582,1
121.48,4.9498312809528215,1
121.49000000000001,3.7981624753654577,1
121.5,4.641224482471434,1
121.51,3.2851619126085083,1
121.52,3.478561398339974,1
121.53,4.056310069385251,1
121.54,4.176273220738941,1
121.55,3.2553459246683327,1
121.56,5.092335231970761,1
121.57000000000001,2.7872315941148216,1
121.58,3.9192634032881752,1
121.59,4.10036626717945,1
121.60000000000001,2.8740272608703927,1
121.61,4.816296478142372,1
121.62,3.6140748067849975,1
121.63,4.102625055082324,1
121.64,4.291199485667495,1
121.65,3.1493422409725915,1
121.66,3.3246107028936627,1
121.67,5.033770626765799,1
121.68,4.062452301093889,1
121.69,2.27571816567673,1
121.7,3.699164302654137,1
121.71000000000001,3.9358807993538036,1
121.72,4.092947335503248,1
121.73,2.646747116872203,1
121.74000000000001,3.827587305472943,1
121.75,3.3739715422573853,1
121.76,4.034567380605338,1
121.77,4.27044321031848,1
121.78,4.2326148231373075,1
121.79,4.902995385890838,1
121.8,5.4769683141084355,1
121.81,3.377824682808949,1
121.82000000000001,3.7603691119472025,1
121.83,4.529642104247839,1
121.84,4.021710776979591,1
121.85000000000001,2.3101151777044096,1
121.86,3.844961552843771,1
121.87,4.851604269416095,1
121.88,3.189287176063096,1
121.89,4.11632693164199,1
121.9,2.767945006243585,1
121.91,4.465855755584166,1
121.92,4.139145704461204,1
121.93,3.577859553161734,1
121.94,3.6312925800029423,1
121.95,2.9298038707968397,1
121.96000000000001,4.518284561506431,1
121.97,3.4522988544376836,1
121.98,4.24860671519915,1
121.99000000000001,3.3689011194095304,1
122.0,5.3900046966255655,1
122.01,5.120077268228969,1
122.02,5.4582497059732455,1
122.03,5.570673741923125,1
122.04,3.7547461641749313,1
122.05,3.487069740064424,1
122.06,5.355123429336925,1
122.07000000000001,4.049932764063118,1
122.08,4.586751420062603,1
122.09,3.654389093922235,1
122.10000000000001,3.5857361445933535,1
122.11,4.488923798025737,1
122.12,2.705684760170392,1
122.13,4.368587687830411,1
122.14,4.29020780378476,1
122.15,3.5979980094535335,1
122.16,3.9202861492915004,1
122.17,4.052404536087716,1
122.18,4.113795135089419,1
122.19,4.432712510040196,1
122.2,3.498661802519723,1
122.21000000000001,5.745003543094148,1
122.22,4.016844381913926,1
122.23,3.978112465379206,1
122.24000000000001,5.332658674532787,1
122.25,2.9686557291305053,1
122.26,5.264405305836433,1
122.27,4.196660229944048,1
122.28,3.7109453215789023,1
122.29,3.2780938630837375,1
122.3,3.131772418875683,1
122.31,3.701399962194262,1
122.32000000000001,4.116908055515797,1
122.33,4.3490082660269715,1
122.34,4.121338255351871,1
122.35000000000001,3.6008077754222105,1
122.36,4.7738784125655584,1
122.37,5.72111726611917,1
122.38,5.029883450368604,1
122.39,3.806774557106344,1
122.4,4.315652969960295,1
122.41,4.411011159168586,1
122.42,5.110711880952431,1
122.43,3.9091212326915574,1
122.44,3.4406821526409805,1
122.45,4.777551395245409,1
122.46000000000001,4.381606826870778,1
122.47,3.3636562646485966,1
122.48,4.462755527358553,1
122.49000000000001,5.242378673735871,1
122.5,3.6229281693125035,1
122.51,3.374546712328964,1
122.52,3.93643949642883,1
122.53,4.3756843828411345,1
122.54,3.901733885217293,1
122.55,4.6547170593823575,1
122.56,4.137152938712515,1
122.57000000000001,4.6044630717125,1
122.58,3.5254363076215967,1
122.59,3.153044876818004,1
122.60000000000001,3.730042272377574,1
122.61,3.1349103230199105,1
122.62,4.259215724943086,1
122.63,2.768957066432893,1
122.64,3.7045961426153013,1
122.65,3.872173232850912,1
122.66,3.384526871653167,1
122.67,3.8244567598087165,1
122.68,4.035378469398827,1
122.69,4.8475376731774515,1
122.7,3.3741093734704575,1
122.71000000000001,4.169575980535703,1
122.72,4.325227402437916,1
122.73,3.943878885082168,1
122.74000000000001,3.601287625016535,1
122.75,3.161631438816301,1
122.76,5.110257588787221,1
122.77,4.053590427760401,1
122.78,3.7553340270163575,1
122.79,5.339943159155342,1
122.8,4.226105842223994,1
122.81,5.688582680115704,1
122.82000000000001,3.227905836923875,1
122.83,3.861711779810954,1
122.84,3.1749958037840136,1
122.85000000000001,3.946697557924908,1
122.86,3.9857448404306446,1
122.87,3.76211661095033,1
122.88,4.063831023185042,1
122.89,3.760166031235342,1
122.9,3.9125132648266305,1
122.91,3.47964956439156,1
122.92,4.859383770684198,1
122.93,3.270274326845988,1
122.94,4.021802965193604,1
122.95,3.1520505462864197,1
122.96000000000001,3.3361019960740763,1
122.97,3.4274906443122806,1
122.98,3.8370069809969096,1
122.99000000000001,4.082139183855839,1
123.0,3.2883350615825457,1
123.01,3.713726503188722,1
123.02,3.385279296098413,1
123.03,3.3532778021807093,1
123.04,4.768884208204717,1
123.05,3.2184076040020777,1
123.06,4.072846573516177,1
123.07000000000001,5.1662862336265,1
123.08,4.8957072122703496,1
123.09,4.351627352755922,1
123.10000000000001,4.009068311401043,1
123.11,4.4537774313750855,1
123.12,4.221360562753416,1
123.13000000000001,4.874422401805243,1
123.14,3.893503396289233,1
123.15,4.5677190314980765,1
123.16,3.751438258505944,1
123.17,5.153485227560755,1
123.18,3.921058936316171,1
123.19,2.9229517145789163,1
123.2,3.9872777243725133,1
123.21000000000001,4.520053806452535,1
123.22,5.133478294931662,1
123.23,3.4835767768133787,1
123.24000000000001,2.9093841791039043,1
123.25,4.332279868032795,1
123.26,4.393426410249239,1
123.27,3.168217563328951,1
123.28,3.779380078718324,1
123.29,3.823906560373634,1
123.3,4.522015210175238,1
123.31,3.7381753617558413,1
123.32000000000001,3.656178905348821,1
123.33,3.9918436816579663,1
123.34,3.0331509078138126,1
123.35000000000001,5.099836466814754,1
123.36,4.600756151508602,1
123.37,3.520542214360852,1
123.38000000000001,3.2029367227359016,1
123.39,3.2553906905836363,1
123.4,4.337501577891587,1
123.41,3.389407336876151,1
123.42,3.8471332378803846,1
123.43,2.9556734102271083,1
123.44,4.360730866489345,1
123.45,4.4725881951277815,1
123.46000000000001,3.979886184788118,1
123.47,4.18453543002032,1
123.48,4.570511463724124,1
123.49000000000001,4.1642753423884304,1
123.5,4.515013272290937,1
123.51,3.248362391592602,1
123.52,4.155069987412077,1
123.53,4.072921065492359,1
123.54,4.712056646581221,1
123.55,3.9869952581090606,1
123.56,3.864764670976891,1
123.57000000000001,3.5702457755449934,1
123.58,4.89862751687466,1
123.59,2.5032577264130884,1
123.60000000000001,4.243340977240954,1
123.61,4.026097098817697,1
123.62,3.9279724399832974,1
123.63000000000001,3.843904405974372,1
123.64,4.026595160672499,1
123.65,4.387525310372341,1
123.66,3.578691635840174,1
123.67,4.122487360217055,1
123.68,4.2780725876460695,1
123.69,3.419763201124753,1
123.7,4.290629002394132,1
123.71000000000001,4.225595843314384,1
123.72,3.449604590672796,1
123.73,3.1342150665650856,1
123.74000000000001,3.348929322680171,1
123.75,3.9733372799311706,1
123.76,3.877849132967218,1
123.77,4.836932517908196,1
123.78,3.768872461166869,1
123.79,3.3873593318473176,1
123.8,4.39101884320756,1
123.81,3.4123138250530407,1
123.82000000000001,3.4971619746702958,1
123.83,3.5271061736504388,1
123.84,2.099058083575548,1
123.85000000000001,4.329177913901517,1
123.86,4.7009220735077735,1
123.87,4.6969844106133785,1
123.88000000000001,5.308279101574757,1
123.89,5.07820180609591,1
123.9,3.8465215867011824,1
123.91,4.685777193435804,1
123.92,3.9322552315287997,1
123.93,3.657653809492083,1
123.94,3.4170172766364932,1
123.95,3.715943950087789,1
123.96000000000001,4.125118833513412,1
123.97,4.973238936745652,1
123.98,4.488020815155614,1
123.99000000000001,3.506934085171761,1
124.0,3.2944385071774662,1
124.01,4.35127551081159,1
124.02,4.652102675139428,1
124.03,4.897448156787478,1
124.04,3.9516746167105015,1
124.05,4.3771624496711246,1
124.06,4.649199374540361,1
124.07000000000001,3.222501903050109,1
124.08,4.176715853902039,1
124.09,4.619269629929057,1
124.10000000000001,4.366829639335867,1
124.11,3.944962526053726,1
124.12,5.644566182637135,1
124.13000000000001,5.2893503711798475,1
124.14,4.01125601364695,1
124.15,3.8021401964772514,1
124.16,4.371204947074609,1
124.17,3.9247896379676916,1
124.18,4.7773613592981,1
124.19,3.20251099633507,1
124.2,3.797461042734933,1
124.21000000000001,4.457176485675749,1
124.22,4.724231044741971,1
124.23,3.144491580237382,1
124.24000000000001,3.401847095216964,1
124.25,2.95194012259568,1
124.26,3.4418574778069155,1
124.27,3.197974034864235,1
124.28,4.344821842264366,1
124.29,4.191174082960756,1
124.3,3.910178382541426,1
124.31,3.98682040590855,1
124.32000000000001,4.728526885435213,1
124.33,3.3055572709977508,1
124.34,2.6337615379047774,1
124.35000000000001,4.30359143746702,1
124.36,3.693262397006933,1
124.37,3.260649223385645,1
124.38000000000001,4.27195799003284,1
124.39,2.717751677489184,1
124.4,3.368120184459021,1
124.41,2.4369792343483927,1
124.42,4.119866760010701,1
124.43,5.090147729907759,1
124.44,3.7657151876518498,1
124.45,3.547801043182184,1
124.46000000000001,5.202022695763056,1
124.47,4.539375801600534,1
124.48,5.619999916069778,1
124.49000000000001,4.223433459430845,1
124.5,4.158971496999487,1
124.51,4.922264137648617,1
124.52,3.9133620551313726,1
124.53,4.093289664505524,1
124.54,2.362387434813439,1
124.55,4.953780855863948,1
124.56,4.239552791251388,1
124.57000000000001,3.8845481577246668,1
124.58,4.5386450551571365,1
124.59,3.24385256240001,1
124.60000000000001,3.59836406713699,1
124.61,4.359643339885658,1
124.62,4.095683586868992,1
124.63000000000001,4.357428471203947,1
124.64,4.255402459298154,1
124.65,4.499873766127771,1
124.66,3.2443021441853537,1
124.67,4.844111760601717,1
124.68,3.779826836437782,1
124.69,4.046148093277245,1
124.7,3.611484891347174,1
124.71000000000001,3.7654909077333585,1
124.72,4.089032692717654,1
124.73,4.420440712436151,1
124.74000000000001,4.537770017962668,1
124.75,4.2374571136835595,1
124.76,3.556393792353929,1
124.77,4.152934888150814,1
124.78,4.121943237950486,1
124.79,4.023739760356955,1
124.8,4.349527211246326,1
124.81,3.2179445538241667,1
124.82000000000001,2.6834918916146346,1
124.83,4.75501544338453,1
124.84,4.0322630486787485,1
124.85000000000001,4.347237167233965,1
124.86,3.529217034861159,1
124.87,4.850876914316887,1
124.88000000000001,4.321333682676989,1
124.89,3.9247037979173838,1
124.9,4.179428884144547,1
124.91,2.85597860685783,1
124.92,4.127916071548196,1
124.93,4.910471496583561,1
124.94,4.186989373949784,1
124.95,4.056559406218157,1
124.96000000000001,3.726410000854447,1
124.97,4.625955388232017,1
124.98,4.793132257076237,1
124.99000000000001,3.745430152577934,1
125.0,4.218909553293169,1
125.01,4.188523380567519,1
125.02,4.317531707441407,1
125.03,3.5795853478924453,1
125.04,4.7884427830089455,1
125.05,4.489471584953959,1
125.06,4.880808215749729,1
125.07000000000001,3.389337394095835,1
125.08,3.320955829763826,1
125.09,5.3173524186806755,1
125.10000000000001,4.821848550848379,1
125.11,3.4957370912733614,1
125.12,4.487487229785889,1
125.13000000000001,3.665115492866731,1
125.14,2.80553378012183,1
125.15,2.490193740443254,1
125.16,3.823860109912033,1
125.17,4.9419682864203756,1
125.18,5.000499192176155,1
125.19,4.8557484829973205,1
125.2,4.591363421236792,1
125.21000000000001,4.266118542651529,1
125.22,4.808934296053029,1
125.23,2.805714777244823,1
125.24000000000001,4.642747177660756,1
125.25,3.3866591648097226,1
125.26,3.442282935902357,1
125.27,4.478182287054642,1
125.28,4.67441782766296,1
125.29,3.666768585406479,1
125.3,4.397791530607542,1
125.31,4.364392665794437,1
125.32000000000001,3.7747670812045224,1
125.33,4.024408925992448,1
125.34,5.27940109758411,1
125.35000000000001,3.8186396505181586,1
125.36,3.7575134225604714,1
125.37,4.022623493357795,1
125.38000000000001,3.839512411938319,1
125.39,4.481371591425658,1
125.4,4.983653585343424,1
125.41,3.9236947568697516,1
125.42,3.485054222583453,1
125.43,5.3123806810280865,1
125.44,4.228679936683122,1
125.45,2.9832087879262765,1
125.46000000000001,5.218574406340388,1
125.47,4.863973907743851,1
125.48,5.13397535283042,1
125.49000000000001,5.0205198195547664,1
125.5,5.775892721753363,1
125.51,3.4090376570285743,1
125.52,3.4027632198296014,1
125.53,3.5828708785871424,1
125.54,3.5648309182969737,1
125.55,3.978229212132936,1
125.56,3.6095487723235404,1
125.57000000000001,3.1446017757220446,1
125.58,3.3381761920296684,1
125.59,3.747795077055086,1
125.60000000000001,4.728806240528258,1
125.61,3.695171828577753,1
125.62,4.552780413928104,1
125.63000000000001,3.2377828049020345,1
125.64,1.9509308009021493,1
125.65,3.866082918866538,1
125.66,3.6674581746992425,1
125.67,3.4681071631057834,1
125.68,3.3631430004729137,1
125.69,3.5246322637781415,1
125.7,3.3293734397467043,1
125.71000000000001,3.3532127425834037,1
125.72,3.0339937322611883,1
125.73,2.498522868407883,1
125.74000000000001,2.404182602546172,1
125.75,5.425641892638082,1
125.76,3.973217643482245,1
125.77,4.927404037533353,1
125.78,3.897278438998226,1
125.79,3.878325908781406,1
125.8,4.193159613648983,1
125.81,4.451607299794341,1
125.82000000000001,3.263760750571163,1
125.83,3.7713167219548662,1
125.84,4.256231471838828,1
125.85000000000001,2.8362813513945633,1
125.86,4.843212056576983,1
125.87,4.800296785917883,1
125.88000000000001,2.72746399400798,1
125.89,3.375226878937562,1
125.9,4.0290598783956035,1
125.91,4.523233891094673,1
125.92,4.976049993659393,1
125.93,3.583137478428789,1
125.94,5.4198598220237875,1
125.95,3.9781201995428344,1
125.96000000000001,3.781982020290385,1
125.97,4.2912259124654275,1
125.98,4.17598389923308,1
125.99000000000001,4.154035079285046,1
126.0,5.305892514090488,1
126.01,4.263576121406325,1
126.02,3.422728463087783,1
126.03,3.4824064215248494,1
126.04,4.996627143990249,1
126.05,4.578920705939059,1
126.06,3.0962155089951104,1
126.07000000000001,2.9642179772997936,1
126.08,3.9972487352299133,1
126.09,4.421730416333203,1
126.10000000000001,3.5838836061819106,1
126.11,2.8601685663849272,1
126.12,3.1560265855528473,1
126.13000000000001,4.955272553158037,1
126.14,4.30756364211247,1
126.15,4.591901080000538,1
126.16,4.7201109288268075,1
126.17,3.57687942005432,1
126.18,3.689437320871182,1
126.19,3.850459491810873,1
126.2,4.262868033499362,1
126.21000000000001,4.747395719803969,1
126.22,5.303616492014286,1
126.23,4.668459797642044,1
126.24000000000001,4.645377502555762,1
126.25,5.364211464665142,1
126.26,4.020089148666833,1
126.27,4.83282117727039,1
126.28,4.468315240262017,1
126.29,4.448997595059007,1
126.3,3.886264647329307,1
126.31,3.063836047103507,1
126.32000000000001,4.122029105401083,1
126.33,4.171917301263938,1
126.34,3.56474967605928,1
126.35000000000001,3.835685687679316,1
126.36,3.3466586181886653,1
126.37,3.3339488922558798,1
126.38000000000001,3.6048344108476447,1
126.39,3.092460887520288,1
126.4,3.568453417713059,1
126.41,4.461920236217635,1
126.42,5.018026205028562,1
126.43,5.469585688427536,1
126.44,3.9007582644604737,1
126.45,4.848144469188168,1
126.46000000000001,4.340292564049549,1
126.47,3.926571645073111,1
126.48,4.299694827047496,1
126.49000000000001,4.754972740517198,1
126.5,3.72050292223982,1
126.51,3.620261084177577,1
126.52,3.6657989812816805,1
126.53,3.5113788044439653,1
126.54,4.676351165906486,1
126.55,3.4695386672853186,1
126.56,3.5156260832314516,1
126.57000000000001,4.112698856849949,1
126.58,4.113064440706189,1
126.59,3.7189613058986604,1
126.60000000000001,5.077003217308124,1
126.61,3.680166783498167,1
126.62,3.915344024442487,1
126.63000000000001,2.8066891124958797,1
126.64,3.8027112480405387,1
126.65,3.2052250949594905,1
126.66,3.4290987389338565,1
126.67,2.756883873654931,1
126.68,3.389469930547977,1
126.69,3.9365662939322905,1
126.7,3.8362784947749944,1
126.71000000000001,3.6963392459220943,1
126.72,3.7254338591092124,1
126.73,3.5939736445076456,1
126.74000000000001,3.8809854072293724,1
126.75,3.8459061212306533,1
126.76,4.097885168103729,1
126.77,3.8153266968405006,1
126.78,3.664409101697473,1
126.79,4.462897720714909,1
126.8,4.420418908505823,1
126.81,4.028907766693044,1
126.82000000000001,4.822691698989062,1
126.83,4.164886550729666,1
126.84,3.9775209561429934,1
126.85000000000001,4.029582042344475,1
126.86,4.180192325231897,1
126.87,3.4758618786019495,1
126.88000000000001,2.796027221301718,1
126.89,4.132288245280437,1
126.9,4.547600588893094,1
126.91,3.35868386777716,1
126.92,4.612222164899984,1
126.93,2.906565137197752,1
126.94,3.4996346629658297,1
126.95,5.001455597310005,1
126.96000000000001,4.219744709185516,1
126.97,3.7567722095379086,1
126.98,4.105957146342164,1
126.99000000000001,4.760679534389354,1
127.0,3.109462465708808,1
127.01,4.82635465905602,1
127.02,3.777170932622632,1
127.03,4.508150890750132,1
127.04,3.7041642691933747,1
127.05,5.150133211438936,1
127.06,4.120073055519534,1
127.07000000000001,3.2051859023948013,1
127.08,4.300449883674254,1
127.09,4.8842026597796115,1
127.10000000000001,4.822548420592187,1
127.11,4.085297292237096,1
127.12,4.486476274449088,1
127.13000000000001,3.693763014116608,1
127.14,4.292906879033288,1
127.15,4.177543005660497,1
127.16,2.06083566157957,1
127.17,3.1742720352828098,1
127.18,4.04217237678209,1
127.19,4.087683710020495,1
127.2,3.9878779863456737,1
127.21000000000001,4.081982878263177,1
127.22,4.834028240906497,1
127.23,4.341706430355583,1
127.24000000000001,2.579228240351658,1
127.25,5.253919015831174,1
127.26,2.9094973648201408,1
127.27,4.616396799255252,1
127.28,3.065148004786804,1
127.29,4.889377929232272,1
127.3,3.8715055663719258,1
127.31,4.2168993757928535,1
127.32000000000001,2.6787963727461497,1
127.33,4.3321894909469805,1
127.34,4.21783905483085,1
127.35000000000001,4.338172618545731,1
127.36,4.565144587952377,1
127.37,4.089574108493212,1
127.38000000000001,3.825521413098594,1
127.39,3.4414914605930798,1
127.4,3.6804674434658944,1
127.41,4.788358037411607,1
127.42,3.54925886296503,1
127.43,2.839001636409039,1
127.44,3.3618013908117317,1
127.45,4.430361044720196,1
127.46000000000001,3.9006068822479074,1
127.47,4.446405682549239,1
127.48,2.7719668270327986,1
127.49000000000001,2.0130584772187503,1
127.5,4.050661511734748,1
127.51,4.63019215700414,1
127.52,2.8821287654605685,1
127.53,4.21233980267009,1
127.54,4.71281660726601,1
127.55,3.964489898840344,1
127.56,4.511238691352882,1
127.57000000000001,4.09406001761489,1
127.58,3.7919046291071354,1
127.59,4.49831293479121,1
127.60000000000001,5.272460497304394,1
127.61,3.7391255095494396,1
127.62,3.972964224221322,1
127.63000000000001,3.417492445232535,1
127.64,4.137957826752828,1
127.65,3.982235960432083,1
127.66,4.821855831295842,1
127.67,5.03064134473248,1
127.68,4.616245789704985,1
127.69,4.7380457430549345,1
127.7,3.5854813240741352,1
127.71000000000001,3.3308200508308703,1
127.72,4.1977294215323,1
127.73,3.962953497352425,1
127.74000000000001,5.2227075830321565,1
127.75,2.751108963543625,1
127.76,4.255783977402728,1
127.77,4.346467555142491,1
127.78,3.4832682415464395,1
127.79,3.3193040328816235,1
127.8,3.740518622928526,1
127.81,2.9440924867662357,1
127.82000000000001,4.927744793783459,1
127.83,5.869875791442635,1
127.84,3.9629586364614493,1
127.85000000000001,3.658419230181688,1
127.86,3.200266834408234,1
127.87,3.3009670435685865,1
127.88000000000001,3.618748958917245,1
127.89,4.7833085558053074,1
127.9,6.117230780469635,1
127.91,3.6333220794837766,1
127.92,3.347181431965436,1
127.93,3.1411030933070947,1
127.94,4.168750175597465,1
127.95,4.158030572923353,1
127.96000000000001,4.003680894920671,1
127.97,3.6517874533734918,1
127.98,4.8178590597257855,1
127.99000000000001,4.523046230671618,1
128.0,4.50058336720675,1
128.01,4.2949778993714665,1
128.02,3.940357262708188,1
128.03,3.5942995557131083,1
128.04,4.38518863586087,1
128.05,4.373106427612875,1
128.06,4.461680933803033,1
128.07,3.0728070922430533,1
128.08,4.207641443744434,1
128.09,3.8340864920157336,1
128.1,3.418502609435542,1
128.11,4.4130132828170145,1
128.12,4.0942594186937615,1
128.13,5.471178968212517,1
128.14000000000001,4.330415547868154,1
128.15,3.751544657677441,1
128.16,3.8435493898366926,1
128.17000000000002,3.1700932105808484,1
128.18,4.705675979272056,1
128.19,4.2248121390640385,1
128.2,4.2304673600179195,1
128.21,3.348053657674619,1
128.22,4.511861273712061,1
128.23,3.4856983896540132,1
128.24,3.681950619294112,1
128.25,4.137739706382846,1
128.26,3.7026146685479633,1
128.27,3.528226328835323,1
128.28,3.982303885546552,1
128.29,4.67615987248273,1
128.3,4.619837698492045,1
128.31,4.471460586296012,1
128.32,4.298234574840467,1
128.33,3.6474343572662256,1
128.34,4.633899397190578,1
128.35,2.836295223261132,1
128.36,4.140348227604622,1
128.37,4.494121142446454,1
128.38,3.927923946534772,1
128.39000000000001,3.505131642674008,1
128.4,3.947746213515742,1
128.41,3.5300365477689817,1
128.42000000000002,4.351008931507708,1
128.43,4.6965798978909055,1
128.44,4.403821293625878,1
128.45,4.350848957066011,1
128.46,4.585651497053201,1
128.47,4.663597712913718,1
128.48,3.5779888914377382,1
128.49,2.9986847685796705,1
128.5,4.118738711225378,1
128.51,4.582171160267515,1
128.52,2.963658058455578,1
128.53,3.9205797366553865,1
128.54,4.655130393265663,1
128.55,3.8883115111877986,1
128.56,4.908970129179533,1
128.57,4.859815221565952,1
128.58,3.8899001857144424,1
128.59,3.7328938568570784,1
128.6,3.758797606783804,1
128.61,4.097746997298502,1
128.62,3.2900013447492618,1
128.63,3.137949606143692,1
128.64000000000001,2.5466666638175455,1
128.65,3.9745102672555994,1
128.66,5.392642698996661,1
128.67000000000002,2.8522091891955226,1
128.68,3.8547818844438604,1
128.69,3.874202941496111,1
128.7,3.8923039100038,1
128.71,4.784265903897047,1
128.72,3.425094914930808,1
128.73,2.640820298444133,1
128.74,3.4995896694889734,1
128.75,3.4612302036875304,1
128.76,2.4489083572999393,1
128.77,4.006057108906117,1
128.78,3.1877045661373775,1
128.79,3.8754449130449173,1
128.8,3.7585888437525816,1
128.81,3.31338404043748,1
128.82,4.582207272241788,1
128.83,3.9142130942408784,1
128.84,4.102266988969356,1
128.85,4.462048300866872,1
128.86,4.286195637805334,1
128.87,4.171408296626876,1
128.88,3.5186644340476807,1
128.89000000000001,3.2713629339744865,1
128.9,4.057214528896581,1
128.91,3.3545928861673877,1
128.92000000000002,4.431192421251694,1
128.93,3.8799224213357957,1
128.94,4.341432361499221,1
128.95,3.305453517681549,1
128.96,3.146600310273868,1
128.97,4.977941207374538,1
128.98,3.918557318517599,1
128.99,4.565734590561701,1
129.0,3.119332527745853,1
129.01,3.788244374482505,1
129.02,4.877843640170235,1
129.03,3.0993980179161653,1
129.04,5.49445563714206,1
129.05,4.29651529238585,1
129.06,3.55772680351107,1
129.07,4.261974417368853,1
129.08,4.7784973513961955,1
129.09,3.5329623321449923,1
129.1,3.527974407619516,1
129.11,4.108599893403178,1
129.12,4.261397750920124,1
129.13,3.8250318456331347,1
129.14000000000001,4.178350333696904,1
129.15,4.489073533446927,1
129.16,4.070506966545189,1
129.17000000000002,3.495425018006565,1
129.18,3.913001464107381,1
129.19,5.112379171734942,1
129.2,4.28433162914561,1
129.21,4.8464820803303486,1
129.22,3.762610555838016,1
129.23,4.2180656873325955,1
129.24,4.600659772041729,1
129.25,5.083263049751498,1
129.26,4.9327754048226335,1
129.27,3.389909788995451,1
129.28,4.753889287888593,1
129.29,5.161059107893542,1
129.3,3.695172084057728,1
129.31,3.3766328986027587,1
129.32,3.901204548817942,1
129.33,4.0486355879293825,1
129.34,3.7035818907716895,1
129.35,3.136792081807461,1
129.36,4.832262644478564,1
129.37,3.431812079225381,1
129.38,3.593859902801739,1
129.39000000000001,4.024535356230471,1
129.4,3.04756769486847,1
129.41,2.962608095166681,1
129.42000000000002,3.7032058470189315,1
129.43,4.579785102883033,1
129.44,4.228970466949935,1
129.45,2.7529774487790553,1
129.46,4.898000286646486,1
129.47,4.631418584764448,1
129.48,4.204959952569692,1
129.49,4.140731449875476,1
129.5,4.443892545868776,1
129.51,5.5112952037016605,1
129.52,4.61644776033476,1
129.53,4.1672489607264875,1
129.54,3.141655042059457,1
129.55,3.979809083823583,1
129.56,4.429251345914807,1
129.57,3.8908639989807483,1
129.58,3.6111139310925555,1
129.59,4.313988255671943,1
129.6,3.3792422270120355,1
129.61,4.550635856860681,1
129.62,3.795971524310428,1
129.63,2.6725428243304816,1
129.64000000000001,3.697496273468613,1
129.65,4.020220515238287,1
129.66,4.430971759498809,1
129.67000000000002,4.369586061984844,1
129.68,3.228033023648978,1
129.69,4.0548001140767,1
129.7,3.6553267985886335,1
129.71,3.7208762624620935,1
129.72,3.290031159652576,1
129.73,3.862471941785833,1
129.74,5.951961375436811,1
129.75,5.2461962630642685,1
129.76,3.3554980978608904,1
129.77,3.9439601915647033,1
129.78,3.749775125027411,1
129.79,4.055237523177849,1
129.8,4.599325403922159,1
129.81,3.976772733398853,1
129.82,3.5820297657738234,1
129.83,4.787182105793394,1
129.84,3.3187563214976343,1
129.85,4.157386130903763,1
129.86,3.1165010151940176,1
129.87,3.341400383591116,1
129.88,4.486864082258635,1
129.89000000000001,3.610303007160819,1
129.9,2.757567344269274,1
129.91,3.431830194522029,1
129.92000000000002,3.3819908495235604,1
129.93,3.081960008001312,1
129.94,4.22962854315674,1
129.95,2.9347259434219666,1
129.96,3.483328179150769,1
129.97,3.995402269770355,1
129.98,3.7341725877041476,1
129.99,3.699899795473337,1
130.0,3.5145646096558187,1
130.01,3.2048111971454314,1
130.02,3.5846793497003264,1
130.03,4.463624329244114,1
130.04,3.818397631281766,1
130.05,4.1728418868824315,1
130.06,4.806473563279335,1
130.07,4.49771498073617,1
130.08,3.2449151210406253,1
130.09,4.267244235512236,1
130.1,4.694309678833753,1
130.11,3.639189492870188,1
130.12,2.9040129930869347,1
130.13,3.586404739247861,1
130.14000000000001,4.024999033999083,1
130.15,4.310436467172608,1
130.16,3.6094663908757734,1
130.17000000000002,2.595727867680867,1
130.18,3.0444334029866136,1
130.19,4.154293133437744,1
130.2,5.302348228159801,1
130.21,4.088622785866423,1
130.22,4.9026896956693955,1
130.23,3.4302782660760935,1
130.24,3.6178111371008583,1
130.25,2.5340593027377647,1
130.26,4.223166035398449,1
130.27,3.4937366665413285,1
130.28,4.401477816930123,1
130.29,3.720071433435013,1
130.3,5.293531803744962,1
130.31,5.2163716813068515,1
130.32,2.532949159820854,1
130.33,4.233671650597161,1
130.34,3.4595457033176182,1
130.35,4.311856535085629,1
130.36,3.0755651676294775,1
130.37,4.819491883970279,1
130.38,4.674772971574186,1
130.39000000000001,3.1013029810749453,1
130.4,3.829921881564473,1
130.41,4.1198839362585815,1
130.42000000000002,4.519447097493046,1
130.43,4.085314528532969,1
130.44,4.587541147847329,1
130.45,4.064772371961328,1
130.46,4.472106429988359,1
130.47,3.200972181908499,1
130.48,3.978333801361727,1
130.49,4.766832871429138,1
130.5,4.9600809824822925,1
130.51,4.145156623201346,1
130.52,3.8988481176960765,1
130.53,4.81965115015164,1
130.54,3.911492577718351,1
130.55,4.661856972843676,1
130.56,3.899233622215424,1
130.57,3.9597499611503157,1
130.58,3.2376722023659172,1
130.59,3.121789658084599,1
130.6,4.583429365333833,1
130.61,5.177542004787721,1
130.62,4.184781401430394,1
130.63,3.9651570144083848,1
130.64000000000001,4.733630116562182,1
130.65,4.338344912226352,1
130.66,2.5354841027944315,1
130.67000000000002,4.617008713472069,1
130.68,3.212737878621137,1
130.69,3.967059771362089,1
130.7,3.7100911399079792,1
130.71,3.5422062807198262,1
130.72,3.957447280099033,1
130.73,4.515358258932847,1
130.74,3.979042300519684,1
130.75,4.83808813917747,1
130.76,4.974304938620007,1
130.77,4.987682431741814,1
130.78,3.9798859893523164,1
130.79,3.666611573590249,1
130.8,3.9596160469061856,1
130.81,4.752439920410306,1
130.82,4.781924571951786,1
130.83,2.4249696043796165,1
130.84,4.176143277775495,1
130.85,2.549568505777259,1
130.86,3.9718865934293315,1
130.87,3.7152365838859778,1
130.88,3.483035924180717,1
130.89000000000001,4.541903786260223,1
130.9,3.6110529924412145,1
130.91,3.945774929145367,1
130.92000000000002,3.346259707262715,1
130.93,3.9467084886606716,1
130.94,4.5473021409835015,1
130.95,3.3878113946709076,1
130.96,4.307193495577598,1
130.97,3.9949252317056136,1
130.98,3.9872583910094095,1
130.99,3.749980757145006,1
131.0,4.48829111295639,1
131.01,4.4893297208740055,1
131.02,3.9883229378392793,1
131.03,4.1927029075625954,1
131.04,4.56582785310413,1
131.05,4.46073794215279,1
131.06,3.8999740480774117,1
131.07,4.8104997199941275,1
131.08,4.65244715110329,1
131.09,5.430879804828207,1
131.1,3.0659874349709506,1
131.11,4.374706488381318,1
131.12,4.7244518982423855,1
131.13,4.633748640219892,1
131.14000000000001,3.801856132573239,1
131.15,3.0282209818655135,1
131.16,4.869381214574689,1
131.17000000000002,3.6794370616555523,1
131.18,3.7459334913819022,1
131.19,5.303692693467637,1
131.2,3.2536714996566407,1
131.21,4.511259860956583,1
131.22,3.587135881263279,1
131.23,3.5338102337583037,1
131.24,4.153007796877546,1
131.25,4.5234669438155,1
131.26,4.719210259137327,1
131.27,4.805000000209469,1
131.28,3.632985051999526,1
131.29,3.25792571495921,1
131.3,3.731674982876675,1
131.31,4.184633350569039,1
131.32,3.832114483475723,1
131.33,1.5717793809399485,1
131.34,2.5965783650958287,1
131.35,3.684333862381637,1
131.36,4.464654577687987,1
131.37,3.3807620172016146,1
131.38,4.395343960092851,1
131.39000000000001,3.031105286181834,1
131.4,4.109169852815142,1
131.41,4.201817564284121,1
131.42000000000002,4.361779989850685,1
131.43,3.4294045838802187,1
131.44,3.033816390468991,1
131.45,4.488547416551992,1
131.46,3.110381419297457,1
131.47,3.5065906495856867,1
131.48,4.916498947182588,1
131.49,4.187118794225523,1
131.5,4.2490021095923876,1
131.51,4.395565397680965,1
131.52,4.3604322716255846,1
131.53,3.945916812374766,1
131.54,3.3396852714995857,1
131.55,5.626440588501442,1
131.56,3.8364320420685454,1
131.57,4.14482219274458,1
131.58,4.251124823411114,1
131.59,3.647373815456825,1
131.6,3.704126388784548,1
131.61,4.972577407034964,1
131.62,3.6244241850181247,1
131.63,4.306961863106538,1
131.64000000000001,4.671874893404704,1
131.65,3.9768055122583914,1
131.66,4.008978239840344,1
131.67000000000002,4.681562739774567,1
131.68,3.994916990055355,1
131.69,2.673842159328185,1
131.7,4.894710292412593,1
131.71,3.3960445313982226,1
131.72,4.058030691781258,1
131.73,3.0865691382512344,1
131.74,3.541519596696406,1
131.75,3.613851563375146,1
131.76,4.018553819873497,1
131.77,3.371848135809304,1
131.78,5.205691854018181,1
131.79,4.066358687050297,1
131.8,4.577110236872945,1
131.81,4.0536029770482465,1
131.82,4.695812119828056,1
131.83,2.7406861813776215,1
131.84,3.5393831306730634,1
131.85,3.7092416185909194,1
131.86,3.7100339690565836,1
131.87,4.379291520595027,1
131.88,4.4468666597896656,1
131.89000000000001,4.000665244926903,1
131.9,3.966571716094555,1
131.91,5.556747550621815,1
131.92000000000002,4.2584709364144375,1
131.93,2.5098293808985286,1
131.94,4.338059738499927,1
131.95,4.307845884148438,1
131.96,4.699402767774894,1
131.97,4.370065968945514,1
131.98,3.392033435605775,1
131.99,4.519082731336683,1
132.0,4.09706082396254,1
132.01,4.709326697553089,1
132.02,5.092420846144709,1
132.03,4.048374882455617,1
132.04,4.643346154405776,1
132.05,4.784699994683986,1
132.06,4.2213680302417504,1
132.07,5.343903988587206,1
132.08,4.8021525722034335,1
132.09,3.6902124587449103,1
132.1,4.148676477432253,1
132.11,4.542301711038867,1
132.12,5.232808157205516,1
132.13,4.414898225203455,1
132.14000000000001,4.14050275818145,1
132.15,4.752994559504881,1
132.16,3.83150687702428,1
132.17000000000002,3.287405079469348,1
132.18,4.370722261674557,1
132.19,3.754976833285521,1
132.2,5.748851386178135,1
132.21,4.2937866581801,1
132.22,4.523750284613477,1
132.23,3.685649498060368,1
132.24,4.873849567933568,1
132.25,4.110380574942314,1
132.26,3.9971045426575347,1
132.27,3.994760905485588,1
132.28,3.204924703297602,1
132.29,3.81164654962851,1
132.3,4.341583691457579,1
132.31,2.9930823384307454,1
132.32,4.556933836777157,1
132.33,3.7974102837458283,1
132.34,4.074429166051338,1
132.35,2.4795376169952577,1
132.36,3.9834658529436524,1
132.37,3.26202777170498,1
132.38,3.6845457675010955,1
132.39000000000001,2.942155741278652,1
132.4,3.3658223417198165,1
132.41,3.880549331215686,1
132.42000000000002,3.8620516602881745,1
132.43,4.627531984172429,1
132.44,2.897794541812863,1
132.45,3.9759727154201596,1
132.46,4.005555210188588,1
132.47,3.7634511266713746,1
132.48,3.4364321938688906,1
132.49,4.703210315515601,1
132.5,5.369325170231474,1
132.51,2.9453056362944707,1
132.52,3.2915408282608714,1
132.53,3.2439342712032757,1
132.54,3.699775388022681,1
132.55,4.72138061792644,1
132.56,4.314366191658587,1
132.57,3.858881680627508,1
132.58,3.959009865824651,1
132.59,3.7686559578524474,1
132.6,4.466858082530872,1
132.61,4.610943178407323,1
132.62,4.465847331947958,1
132.63,2.664671263085531,1
132.64000000000001,4.000607619184114,1
132.65,3.9544416241862224,1
132.66,4.711737495975578,1
132.67000000000002,4.257999786225917,1
132.68,4.419847607291445,1
132.69,3.7257277867984318,1
132.7,4.591569244870271,1
132.71,4.811307504752765,1
132.72,2.9474998125240384,1
132.73,3.03394504385811,1
132.74,4.364537490890563,1
132.75,3.8345842099997003,1
132.76,4.586249747403432,1
132.77,4.1319190273685455,1
132.78,4.414328230906982,1
132.79,3.5181304626820484,1
132.8,4.193039189407826,1
132.81,4.258613202905146,1
132.82,3.6140819636998334,1
132.83,4.688672630010913,1
132.84,2.883782057343111,1
132.85,4.143228189606386,1
132.86,3.24024337761189,1
132.87,3.3512719951342302,1
132.88,4.643952690934444,1
132.89000000000001,3.3468740804061565,1
132.9,3.218276317721252,1
132.91,4.304905064711682,1
132.92000000000002,3.2520458998022086,1
132.93,4.553866576872611,1
132.94,4.379269255143604,1
132.95,3.4427633797033157,1
132.96,4.53137740115792,1
132.97,2.7139265785362214,1
132.98,4.186262140707052,1
132.99,3.180684652876314,1
133.0,3.612792554724432,1
133.01,3.7038646307026624,1
133.02,4.859179086556669,1
133.03,3.7882062430275383,1
133.04,4.008483073415123,1
133.05,3.7916442806013175,1
133.06,3.4212178082744433,1
133.07,3.356940086619123,1
133.08,4.2048678188820166,1
133.09,4.01707014246484,1
133.1,4.494283755547905,1
133.11,3.847877897611869,1
133.12,3.80930038751265,1
133.13,4.4235007052299045,1
133.14000000000001,3.7117746268475154,1
133.15,2.97322362930498,1
133.16,4.417021915179258,1
133.17000000000002,3.5255163321712297,1
133.18,3.9717893775034567,1
133.19,3.5699071129162125,1
133.2,3.3446904443233874,1
133.21,2.7534571714681766,1
133.22,4.19080746313174,1
133.23,1.8712784647882794,1
133.24,4.786881619111785,1
133.25,4.7922497391671754,1
133.26,3.5287081513502807,1
133.27,5.062383237544583,1
133.28,5.443988699278203,1
133.29,3.9312036746044456,1
133.3,4.261038456292664,1
133.31,4.079356631048776,1
133.32,4.94129971971667,1
133.33,3.0909978178153414,1
133.34,3.725734669335223,1
133.35,4.504641093811342,1
133.36,4.486838270371491,1
133.37,3.941278822833381,1
133.38,4.8567089154858465,1
133.39000000000001,4.1809900420518575,1
133.4,4.086114654137941,1
133.41,4.482149928656067,1
133.42000000000002,4.034957886843056,1
133.43,4.096608622731176,1
133.44,3.567179921974324,1
133.45,5.952742493679503,1
133.46,3.881285093885606,1
133.47,4.526188301422548,1
133.48,5.313146118406566,1
133.49,3.2294283617246764,1
133.5,4.348830166622607,1
133.51,4.011237081607625,1
133.52,5.119608502814879,1
133.53,3.4153540319075204,1
133.54,3.4046353520945787,1
133.55,3.856461328706947,1
133.56,3.599896737421942,1
133.57,3.617844902340517,1
133.58,5.2500348132697185,1
133.59,4.135531080663596,1
133.6,3.5004885243607897,1
133.61,3.741696514085295,1
133.62,4.292746692788698,1
133.63,4.298358646018451,1
133.64000000000001,3.7155573282646204,1
133.65,3.0020542835224466,1
133.66,3.9786157950907945,1
133.67000000000002,4.008527402402309,1
133.68,3.6244231930010495,1
133.69,4.829723537496331,1
133.7,4.421102903963414,1
133.71,4.088018872167149,1
133.72,3.7257016663015685,1
133.73,5.046081243239494,1
133.74,3.2415082393853525,1
133.75,3.556849665335213,1
133.76,3.6086169514634694,1
133.77,4.1103350282264435,1
133.78,4.392281770407827,1
133.79,3.1344286158113346,1
133.8,3.5053541984201213,1
133.81,4.285487250795252,1
133.82,3.6311024027578815,1
133.83,3.7790821800284076,1
133.84,4.170963050518394,1
133.85,3.449888695839907,1
133.86,4.218400104717587,1
133.87,4.470706847234988,1
133.88,4.096288402584501,1
133.89000000000001,4.952507571608716,1
133.9,4.526342295977413,1
133.91,3.9803079738769065,1
133.92000000000002,3.7447292373729426,1
133.93,5.061296397083998,1
133.94,3.5623040292342467,1
133.95,3.7217098808218583,1
133.96,3.6461171374002963,1
133.97,4.17671709371134,1
133.98,5.430674166617519,1
133.99,4.223988853813288,1
134.0,3.8059516406460125,1
134.01,4.1354940354568805,1
134.02,3.2018485147499964,1
134.03,3.8921709421222337,1
134.04,5.171390707932978,1
134.05,4.575236643243675,1
134.06,4.904485948065419,1
134.07,4.771913924192779,1
134.08,3.629564660520989,1
134.09,5.24022718160417,1
134.1,2.9205786453417226,1
134.11,4.126247289039588,1
134.12,2.625674722527852,1
134.13,2.7439969221295604,1
134.14000000000001,4.459460325490087,1
134.15,3.503575977289753,1
134.16,4.706647833506501,1
134.17000000000002,2.5714500458487035,1
134.18,3.8137207817641747,1
134.19,3.177984594007845,1
134.2,3.73900821733679,1
134.21,5.013675251314275,1
134.22,5.2689331937216295,1
134.23,4.470839108955201,1
134.24,3.065816224638267,1
134.25,3.236451820694661,1
134.26,4.129319922784305,1
134.27,3.545018459265811,1
134.28,4.442752274071948,1
134.29,5.135853858796435,1
134.3,3.429083279233312,1
134.31,3.3602817895860055,1
134.32,3.150176856389765,1
134.33,3.722140070445436,1
134.34,3.945013865162105,1
134.35,3.935268594024784,1
134.36,4.507275792327027,1
134.37,4.2252516164478395,1
134.38,3.932280117271592,1
134.39000000000001,4.000583918022706,1
134.4,4.0570010529815095,1
134.41,3.9906364995987684,1
134.42000000000002,3.6056461345668227,1
134.43,3.2576517049175404,1
134.44,4.119973874237488,1
134.45,3.7586729247808597,1
134.46,4.397507518908893,1
134.47,4.130711185994359,1
134.48,4.060659136341849,1
134.49,4.66429457535397,1
134.5,3.127021684076951,1
134.51,5.070839999630216,1
134.52,2.601032897080567,1
134.53,4.795480224018618,1
134.54,4.105836430855289,1
134.55,3.590900618917013,1
134.56,2.9493292431185845,1
134.57,3.4878372427122524,1
134.58,3.819932283170056,1
134.59,4.093764421720385,1
134.6,4.945054575570678,1
134.61,4.1290578915162905,1
134.62,4.260683795838488,1
134.63,4.304704980622321,1
134.64000000000001,3.8779676193855033,1
134.65,3.943403568928042,1
134.66,3.998494889864835,1
134.67000000000002,4.466527864904827,1
134.68,3.4787966124518857,1
134.69,3.6619458937274483,1
134.7,4.209436676832042,1
134.71,3.2893911835048524,1
134.72,3.9855634635452204,1
134.73,3.5831824195382675,1
134.74,4.230634036982195,1
134.75,4.82977923017545,1
134.76,3.6251323460035074,1
134.77,4.408969890050863,1
134.78,4.11155580791481,1
134.79,3.735759474739449,1
134.8,3.9899317083369805,1
134.81,4.86626922948565,1
134.82,3.9860340093803077,1
134.83,4.910448882679789,1
134.84,4.04899043562741,1
134.85,3.161950747183197,1
134.86,3.925792161665793,1
134.87,3.0887503524023643,1
134.88,3.7823237566312673,1
134.89000000000001,3.777779489283143,1
134.9,5.164012027703914,1
134.91,5.089323670847249,1
134.92000000000002,4.075228435146913,1
134.93,4.728576831341461,1
134.94,3.713446529924952,1
134.95,2.981334675345878,1
134.96,4.2100647046322965,1
134.97,4.186923168063055,1
134.98,3.359779537357063,1
134.99,3.360086192029744,1
135.0,4.572706565362375,1
135.01,2.9667607575978048,1
135.02,4.345709222601008,1
135.03,3.8786015439724664,1
135.04,4.427978397040164,1
135.05,4.742354995018831,1
135.06,3.5485392226526526,1
135.07,3.293291733032486,1
135.08,4.9521061145372345,1
135.09,4.04192216950285,1
135.1,4.213684331322524,1
135.11,4.579034095078304,1
135.12,3.365491011064576,1
135.13,4.485248441353429,1
135.14000000000001,4.372263596131374,1
135.15,4.900694271914156,1
135.16,4.925235017150296,1
135.17000000000002,4.0365172718572415,1
135.18,4.447656142380776,1
135.19,4.033865489311884,1
135.2,4.097753823190854,1
135.21,3.298150079791608,1
135.22,3.8577695814850252,1
135.23,2.888870553019345,1
135.24,3.9163321691959205,1
135.25,4.926896811208594,1
135.26,4.631641345742939,1
135.27,4.170884609880531,1
135.28,3.922300063812631,1
135.29,3.6666627677429324,1
135.3,3.3825605352030075,1
135.31,4.469408363098696,1
135.32,2.9866505259281677,1
135.33,2.86641765720371,1
135.34,4.446557345464709,1
135.35,4.0862196207271495,1
135.36,3.9629726072763343,1
135.37,4.071968968472669,1
135.38,5.265380392095221,1
135.39000000000001,4.090382442739163,1
135.4,4.197201619033701,1
135.41,5.371881080665755,1
135.42000000000002,4.086592597007828,1
135.43,5.187180596212929,1
135.44,2.776341636238393,1
135.45,3.2481539461768896,1
135.46,3.5927742431032956,1
135.47,4.414633517927485,1
135.48,5.219033884429112,1
135.49,3.711701417317924,1
135.5,4.6159372881403335,1
135.51,5.463811262736404,1
135.52,5.0575511542916605,1
135.53,3.739508327250324,1
135.54,4.475717971583333,1
135.55,4.173325027672966,1
135.56,3.5112440189886245,1
135.57,4.1877584938912005,1
135.58,3.6607043919578746,1
135.59,4.038426520189769,1
135.6,3.109444540080841,1
135.61,2.827447379436401,1
135.62,3.789272951491556,1
135.63,4.255675821475171,1
135.64000000000001,3.3557511862888694,1
135.65,4.378255594614111,1
135.66,4.121716978099235,1
135.67000000000002,4.489361423851395,1
135.68,4.686058890361206,1
135.69,4.934814939673385,1
135.7,4.44602598967059,1
135.71,3.8104641489686095,1
135.72,4.0656279318341255,1
135.73,5.453277692091003,1
135.74,4.654393451206531,1
135.75,4.010243347721505,1
135.76,3.8316593889844515,1
135.77,3.5415882578950453,1
135.78,3.1590669723614586,1
135.79,5.035917423906721,1
135.8,4.374102359562528,1
135.81,3.2238982015895696,1
135.82,3.9176501251182874,1
135.83,4.881288690102169,1
135.84,3.8350908501770458,1
135.85,3.5370778548954602,1
135.86,4.274991110478012,1
135.87,4.50368277373874,1
135.88,3.7841885392994117,1
135.89000000000001,3.61995331477941,1
135.9,4.274556170637679,1
135.91,3.261919804142996,1
135.92000000000002,3.5609746377180236,1
135.93,3.8336659239487387,1
135.94,4.397324102989551,1
135.95,3.6709178405681984,1
135.96,4.274447397483519,1
135.97,4.712867818631993,1
135.98,3.6710408686549276,1
135.99,6.0494917232520145,1
136.0,5.045516670605583,1
136.01,4.264227947852991,1
136.02,3.9434448581081876,1
136.03,3.6981990662959685,1
136.04,5.13197325328671,1
136.05,4.279931626319001,1
136.06,3.154532811878534,1
136.07,2.8985541195118834,1
136.08,4.050008189009379,1
136.09,4.11213252915116,1
136.1,3.410287493967609,1
136.11,2.957285445194039,1
136.12,2.6181886905371488,1
136.13,3.3625160020273146,1
136.14000000000001,3.6541882825649217,1
136.15,4.352657569166682,1
136.16,3.8653104877499698,1
136.17000000000002,4.6221080520685955,1
136.18,4.386774844980614,1
136.19,4.33430501933052,1
136.2,4.65690644760488,1
136.21,3.164408174947892,1
136.22,3.6474734970732636,1
136.23,5.598855654691362,1
136.24,2.93131726601963,1
136.25,3.818097546351252,1
136.26,4.369309408429542,1
136.27,2.864503814732122,1
136.28,3.4866489818865034,1
136.29,5.286159118134985,1
136.3,4.186272987330781,1
136.31,3.613733673894348,1
136.32,4.0678436152428485,1
136.33,3.56821244511769,1
136.34,5.013025080231707,1
136.35,3.3423395645678387,1
136.36,3.550053160245208,1
136.37,2.9446502508126793,1
136.38,3.701846095389871,1
136.39000000000001,3.8469474396565544,1
136.4,4.768066398626526,1
136.41,3.4111207310664984,1
136.42000000000002,4.323998957120136,1
136.43,4.1376109995931145,1
136.44,2.852545959894949,1
136.45,3.535991598566103,1
136.46,3.5470497129562824,1
136.47,5.124983956267418,1
136.48,4.4647219690280835,1
136.49,4.143649634332833,1
136.5,1.220161695500705,1
136.51,2.5703479168560186,1
136.52,4.340891277420472,1
136.53,4.465965486456344,1
136.54,3.4741645701688726,1
136.55,3.910973369794746,1
136.56,3.895320778117867,1
136.57,4.043504377031304,1
136.58,3.718103415340654,1
136.59,4.490220842800851,1
136.6,4.748572527592869,1
136.61,3.4470088276743747,1
136.62,3.237416533565233,1
136.63,3.499603025472524,1
136.64000000000001,4.0737870820632205,1
136.65,4.310605996316256,1
136.66,4.601490066095404,1
136.67000000000002,4.726532329860876,1
136.68,4.3218986269274025,1
136.69,4.190179730319601,1
136.70000000000002,5.079778634757561,1
136.71,4.043309528254504,1
136.72,4.3398984952572635,1
136.73,4.166284403904131,1
136.74,3.8254074689590807,1
136.75,3.806002554979545,1
136.76,4.774799446618515,1
136.77,3.9277876440632324,1
136.78,3.7237057627078802,1
136.79,3.4832992624006485,1
136.8,4.2446344512932335,1
136.81,3.707109447815769,1
136.82,4.243243973669617,1
136.83,4.191806935511509,1
136.84,3.806407938547652,1
136.85,3.158323962863567,1
136.86,3.3529934353077557,1
136.87,3.4556404146468043,1
136.88,3.359034262743767,1
136.89000000000001,4.278832988035232,1
136.9,5.396717291825125,1
136.91,3.7275365265218823,1
136.92000000000002,3.6887841180677396,1
136.93,3.5401329791354317,1
136.94,4.45669224685389,1
136.95000000000002,4.228599278054774,1
136.96,3.9316430826027973,1
136.97,3.1486404629046243,1
136.98,3.2778666708330984,1
136.99,4.04850755562326,1
137.0,4.14926899201043,1
137.01,4.023225324158169,1
137.02,4.47835702460878,1
137.03,3.297357826767175,1
137.04,4.227020609077465,1
137.05,4.249956869031753,1
137.06,3.464743240725583,1
137.07,3.63556443445655,1
137.08,4.4709958712073075,1
137.09,3.3114085246422027,1
137.1,5.555767214170842,1
137.11,4.429218886534111,1
137.12,3.943011812213433,1
137.13,3.771076985278939,1
137.14000000000001,4.4254713262764565,1
137.15,3.6831978682016375,1
137.16,3.669435443749653,1
137.17000000000002,4.862491156346243,1
137.18,3.702648805579252,1
137.19,4.048552455794349,1
137.20000000000002,3.511148829631443,1
137.21,4.163463249074549,1
137.22,4.432066784562615,1
137.23,5.1797353153557495,1
137.24,3.5348062671800746,1
137.25,3.1081006121417527,1
137.26,3.844669092017553,1
137.27,3.6504350142093327,1
137.28,4.012143153732975,1
137.29,4.36130971438855,1
137.3,5.489807834204747,1
137.31,3.771730342426659,1
137.32,2.506590389094356,1
137.33,3.6940892945480646,1
137.34,4.136876612873179,1
137.35,3.303653177840361,1
137.36,4.038554608779857,1
137.37,4.031358987803632,1
137.38,4.127341333599087,1
137.39000000000001,4.499173078409808,1
137.4,3.97778116749243,1
137.41,4.378646509673081,1
137.42000000000002,2.9010402657568957,1
137.43,3.3715428656041566,1
137.44,3.8128964520165605,1
137.45000000000002,3.412051836236419,1
137.46,4.0402873085697335,1
137.47,3.8395429256335256,1
137.48,3.738208007810586,1
137.49,4.579630604850295,1
137.5,4.087680559153154,1
137.51,3.277397121063141,1
137.52,3.5196512622467755,1
137.53,4.397990293946536,1
137.54,4.08125538882842,1
137.55,4.705400990063253,1
137.56,4.520316221220668,1
137.57,3.7186247999509185,1
137.58,4.871377381974353,1
137.59,5.015185168236742,1
137.6,2.903962503731162,1
137.61,3.9795794257485366,1
137.62,3.6875625275752584,1
137.63,3.874149503703467,1
137.64000000000001,3.535107944055485,1
137.65,3.436720287422249,1
137.66,4.622195020907296,1
137.67000000000002,3.339615840020256,1
137.68,4.064087634069866,1
137.69,3.1503860536740738,1
137.70000000000002,4.771167115509517,1
137.71,4.0410355016537425,1
137.72,4.44048973346614,1
137.73,4.0911196718679745,1
137.74,3.768953801185635,1
137.75,3.9550633188656175,1
137.76,4.904020830329791,1
137.77,3.4118085678521166,1
137.78,2.2674775904371676,1
137.79,3.363608062433989,1
137.8,3.178808821731136,1
137.81,4.603525692696533,1
137.82,3.9677328265390326,1
137.83,4.596838173917253,1
137.84,4.128703711760754,1
137.85,4.0887864184927585,1
137.86,4.182983937534662,1
137.87,5.031417920602128,1
137.88,4.226049103194342,1
137.89000000000001,4.755124440100519,1
137.9,4.7219567550351425,1
137.91,3.9126477412383185,1
137.92000000000002,3.901248471320702,1
137.93,3.6870456128115343,1
137.94,4.741584022816675,1
137.95000000000002,3.358471837195859,1
137.96,3.4211258286616397,1
137.97,3.7258761355151213,1
137.98,3.1954585643339097,1
137.99,3.546178352763777,1
138.0,4.711366611818831,1
138.01,4.490054195795847,1
138.02,3.80195437357108,1
138.03,4.570915888769819,1
138.04,5.45725840905293,1
138.05,4.3660264924089605,1
138.06,5.014816440575513,1
138.07,4.673580748367972,1
138.08,3.892515155851392,1
138.09,4.143463533250104,1
138.1,4.34859182829386,1
138.11,3.512836217229146,1
138.12,2.232274581871938,1
138.13,3.2908641169765915,1
138.14000000000001,2.4849862923260004,1
138.15,3.346099514718107,1
138.16,2.781642005820436,1
138.17000000000002,4.437782234116073,1
138.18,3.2158239065572527,1
138.19,4.284082521430487,1
138.20000000000002,4.515921840819471,1
138.21,4.510835867611192,1
138.22,2.863959095267649,1
138.23,4.722141714846632,1
138.24,4.3882574412517785,1
138.25,4.620561267641596,1
138.26,5.295794886773669,1
138.27,4.653289664056424,1
138.28,3.314997659494746,1
138.29,4.404669055686128,1
138.3,3.0472066987425155,1
138.31,3.8772571263265374,1
138.32,3.620586477663744,1
138.33,3.921921162715796,1
138.34,2.943679375126666,1
138.35,2.956472328595856,1
138.36,3.574550964997016,1
138.37,3.769937336603213,1
138.38,3.666788529726283,1
138.39000000000001,4.899202885652545,1
138.4,4.330306727424024,1
138.41,4.301600250088865,1
138.42000000000002,3.815580240470984,1
138.43,3.1477740204703197,1
138.44,4.018393996477466,1
138.45000000000002,5.249147634159001,1
138.46,4.2918173766152306,1
138.47,4.799936799125384,1
138.48,4.89528842836925,1
138.49,4.438663860824511,1
138.5,4.167756678789725,1
138.51,3.3444752665062056,1
138.52,3.779882438422272,1
138.53,3.6907336805790294,1
138.54,4.123353450529708,1
138.55,3.0144789330867683,1
138.56,3.5209744594096337,1
138.57,4.173239383080779,1
138.58,3.5117024066344986,1
138.59,3.354728043388038,1
138.6,3.449273968592291,1
138.61,3.814930707589328,1
138.62,2.48977376956649,1
138.63,3.4871568514509157,1
138.64000000000001,4.659604512090952,1
138.65,4.325152997113005,1
138.66,4.363326888744822,1
138.67000000000002,2.896096970447393,1
138.68,3.7081610708436026,1
138.69,3.929203971157093,1
138.70000000000002,4.295560210136392,1
138.71,4.713767466893198,1
138.72,4.616740318211777,1
138.73,3.5952962064445586,1
138.74,3.5385617972349674,1
138.75,4.81303562375977,1
138.76,3.743873400055056,1
138.77,3.222057337854026,1
138.78,3.7757907567360327,1
138.79,4.8401511437082725,1
138.8,3.4647857390746473,1
138.81,3.714338836902753,1
138.82,3.468129003051219,1
138.83,4.650524053929066,1
138.84,4.298000731297247,1
138.85,4.6940528748372605,1
138.86,5.128357243775469,1
138.87,3.146762320760173,1
138.88,3.4993858937565125,1
138.89000000000001,3.7105815760137717,1
138.9,4.025815933245039,1
138.91,4.305068607641775,1
138.92000000000002,3.6538952391186843,1
138.93,3.4683820319215277,1
138.94,4.5166100124134525,1
138.95000000000002,4.309885550057369,1
138.96,4.152261854669063,1
138.97,2.556748898314928,1
138.98,4.653192034867487,1
138.99,4.1366560354300494,1
139.0,3.904585860644315,1
139.01,3.4873897776042266,1
139.02,3.6041297518233417,1
139.03,3.4600969265454706,1
139.04,2.74372265650976,1
139.05,3.4696264804308616,1
139.06,3.00196003818954,1
139.07,3.961040955302347,1
139.08,3.2941550365029557,1
139.09,4.453151657560222,1
139.1,2.9458463790777487,1
139.11,4.687214528246679,1
139.12,4.538513293906792,1
139.13,3.27860621010803,1
139.14000000000001,3.823351878841604,1
139.15,3.359621112535472,1
139.16,4.265704748429992,1
139.17000000000002,5.123585200532368,1
139.18,4.790584089843939,1
139.19,3.5793171431726534,1
139.20000000000002,4.050620566395662,1
139.21,5.015446451317596,1
139.22,4.446628373570406,1
139.23,4.744088069719211,1
139.24,4.539382458169763,1
139.25,4.157276429382256,1
139.26,4.035649857434844,1
139.27,3.276625778311124,1
139.28,3.502854341404527,1
139.29,3.406954076830284,1
139.3,3.7349702658655257,1
139.31,4.023966494580024,1
139.32,3.8858676824114817,1
139.33,4.0713107563446975,1
139.34,4.36305243347153,1
139.35,3.6767042018810803,1
139.36,4.388151310395642,1
139.37,4.701608409147329,1
139.38,4.268317371856188,1
139.39000000000001,3.640893694608424,1
139.4,4.594168918760947,1
139.41,4.3735275588870755,1
139.42000000000002,4.469462304238349,1
139.43,5.086131429562964,1
139.44,4.5976760734280955,1
139.45000000000002,5.132728120065184,1
139.46,4.042898926733269,1
139.47,3.782806786576,1
139.48,4.775566381784184,1
139.49,3.428853389501617,1
139.5,5.189502594425978,1
139.51,4.891363988648695,1
139.52,4.06478946276114,1
139.53,4.721408482608477,1
139.54,4.400824303895186,1
139.55,3.1116045667093752,1
139.56,3.3457784214116875,1
139.57,4.0859915121111685,1
139.58,4.065536445330761,1
139.59,4.830783891337554,1
139.6,4.247313968892169,1
139.61,3.216379204601169,1
139.62,3.6446979297759006,1
139.63,4.522703128217609,1
139.64000000000001,2.9209976740332437,1
139.65,3.0949642870119973,1
139.66,3.775193127607377,1
139.67000000000002,4.647947571535947,1
139.68,3.941383957190086,1
139.69,4.317449463403994,1
139.70000000000002,4.020687765492535,1
139.71,3.8851309946788044,1
139.72,3.523372674615879,1
139.73,4.454405548571636,1
139.74,3.1412577853018586,1
139.75,3.721437058803454,1
139.76,4.655643591565004,1
139.77,3.4833174677673933,1
139.78,2.9160627884615224,1
139.79,2.5396047863393516,1
139.8,4.3461578184804,1
139.81,4.521481872165285,1
139.82,3.853481920022476,1
139.83,3.228428918182434,1
139.84,3.931114986942642,1
139.85,4.835683619073535,1
139.86,3.2978689592309554,1
139.87,4.704602618273785,1
139.88,2.985502047638444,1
139.89000000000001,3.223322204458384,1
139.9,4.022818137654653,1
139.91,4.591512122481355,1
139.92000000000002,4.944795571324992,1
139.93,4.63826807983865,1
139.94,4.97324925195682,1
139.95000000000002,4.101086140723441,1
139.96,3.531476403859975,1
139.97,4.680001805746192,1
139.98,4.882341444474777,1
139.99,4.63498544026708,1
140.0,4.4370295102520645,1
140.01,4.954094631885521,1
140.02,4.324666000358955,1
140.03,4.068058703265421,1
140.04,4.547024089358181,1
140.05,4.418123888480115,1
140.06,4.670774459191004,1
140.07,4.0147986455072715,1
140.08,4.633975379512568,1
140.09,4.6163848997054115,1
140.1,4.173926998101732,1
140.11,3.498897052182923,1
140.12,4.7293472524177345,1
140.13,3.1970000704472596,1
140.14000000000001,3.2582315382242424,1
140.15,3.9890770505505024,1
140.16,2.3008623142689295,1
140.17000000000002,4.839012127708864,1
140.18,4.016733939277406,1
140.19,4.977965334330675,1
140.20000000000002,5.230670418960734,1
140.21,3.9981025287807728,1
140.22,4.920534414004629,1
140.23,3.4293010761866163,1
140.24,4.319095019022753,1
140.25,3.787431722801956,1
140.26,4.510430637611901,1
140.27,4.663421364097544,1
140.28,3.9791919455765314,1
140.29,4.374147361802879,1
140.3,4.633918354070309,1
140.31,4.13517688193848,1
140.32,5.609973925755919,1
140.33,3.9457189363947958,1
140.34,4.9989093787209775,1
140.35,4.7276626412791956,1
140.36,2.765621237589461,1
140.37,4.834465347313063,1
140.38,4.703734979118525,1
140.39000000000001,4.094385284473339,1
140.4,4.2464821956491265,1
140.41,4.35924730950945,1
140.42000000000002,4.959434433468039,1
140.43,3.8514500444217266,1
140.44,5.092332520148327,1
140.45000000000002,3.4376061934965594,1
140.46,2.89551535152701,1
140.47,4.378957989032052,1
140.48,4.882769653491654,1
140.49,3.9583472740590406,1
140.5,2.5269269637981173,1
140.51,2.9195290300449996,1
140.52,4.172705785738157,1
140.53,3.941938412787513,1
140.54,4.757593395260933,1
140.55,4.017336134134303,1
140.56,3.4492405263144583,1
140.57,4.10733892301685,1
140.58,4.6222592978119375,1
140.59,4.8921555776814785,1
140.6,3.9829865314183257,1
140.61,4.0674473211617785,1
140.62,4.555200563239967,1
140.63,3.609493268370269,1
140.64000000000001,4.52681074924894,1
140.65,3.956488863188681,1
140.66,4.019638148581724,1
140.67000000000002,4.063071106387084,1
140.68,4.13100547858196,1
140.69,5.271478695129783,1
140.70000000000002,3.7705165542898658,1
140.71,3.6906274650453583,1
140.72,4.874583333744982,1
140.73,4.279103301734095,1
140.74,4.442557320041223,1
140.75,3.2826621578621245,1
140.76,4.045568836444782,1
140.77,4.4683730827365125,1
140.78,3.5474123109924225,1
140.79,4.358729108611294,1
140.8,3.890388000943362,1
140.81,3.5993769482918534,1
140.82,4.678890090591969,1
140.83,4.840944369897385,1
140.84,4.206180931120324,1
140.85,4.380235841923392,1
140.86,4.953530405017266,1
140.87,3.8607646616715368,1
140.88,4.260955228938019,1
140.89000000000001,3.78688648889076,1
140.9,3.324924878699218,1
140.91,3.6787152159298753,1
140.92000000000002,3.205287433910543,1
140.93,4.166530298919697,1
140.94,3.436777684373393,1
140.95000000000002,2.984322832514518,1
140.96,4.349664547878222,1
140.97,4.400517358026722,1
140.98,3.7666060116433973,1
140.99,4.420353994921318,1
141.0,3.503686142665752,1
141.01,3.753372847098833,1
141.02,4.295029497164977,1
141.03,4.7503623053820085,1
141.04,3.8690852533502955,1
141.05,3.6809365371700067,1
141.06,4.689619718956719,1
141.07,4.4990621535569675,1
141.08,4.16957937954218,1
141.09,4.798418849442342,1
141.1,5.309695383456904,1
141.11,4.2912777608644,1
141.12,3.589211250801563,1
141.13,4.2361212276926254,1
141.14000000000001,3.409969195266875,1
141.15,4.695114380217245,1
141.16,3.5151718795276365,1
141.17000000000002,3.7854389257047245,1
141.18,3.400478081388436,1
141.19,4.060327982399873,1
141.20000000000002,4.146193596765472,1
141.21,4.515343166424357,1
141.22,4.154087443200101,1
141.23,4.10116463667855,1
141.24,3.70592110556431,1
141.25,3.8719997723479898,1
141.26,3.1598422475744226,1
141.27,4.914020313061759,1
141.28,4.036795005406088,1
141.29,5.08863902561051,1
141.3,3.9853079107623612,1
141.31,2.7402438000280456,1
141.32,3.586646475836072,1
141.33,3.911607800096983,1
141.34,3.9648964345323043,1
141.35,4.36161044119541,1
141.36,4.063230796471291,1
141.37,3.724984629397865,1
141.38,3.3466877357987426,1
141.39000000000001,3.675237719946816,1
141.4,4.374231410164382,1
141.41,4.6041382566670235,1
141.42000000000002,3.6445698985501958,1
141.43,4.693942632656307,1
141.44,4.483063040402906,1
141.45000000000002,3.5288528046585057,1
141.46,4.2030850672866755,1
141.47,4.31225696572344,1
141.48,3.3712336567230703,1
141.49,3.102650591188826,1
141.5,4.252103265296157,1
141.51,3.6956574263250794,1
141.52,4.91729526469902,1
141.53,5.10981534336302,1
141.54,4.300627993417571,1
141.55,4.560119280369246,1
141.56,3.2980168838475277,1
141.57,3.033551602961035,1
141.58,3.8071198586517276,1
141.59,3.1317694518923584,1
141.6,4.1489936987361125,1
141.61,3.5251890686082743,1
141.62,4.140624123068701,1
141.63,3.9580239027734914,1
141.64000000000001,4.48321534120461,1
141.65,4.31616589582335,1
141.66,3.8281774495105796,1
141.67000000000002,3.161998707666151,1
141.68,4.098301034358625,1
141.69,2.8972288365278254,1
141.70000000000002,4.74086068105849,1
141.71,4.362918022664894,1
141.72,4.523052079443827,1
141.73,3.3404538318037296,1
141.74,4.119261717889676,1
141.75,3.4992095790745736,1
141.76,3.995388798191489,1
141.77,3.2917527788031036,1
141.78,3.860226133696908,1
141.79,3.0752830873759724,1
141.8,3.84216778770085,1
141.81,2.9483289616342496,1
141.82,5.116017221044186,1
141.83,4.232936422150451,1
141.84,4.089862913705465,1
141.85,4.519472089658889,1
141.86,3.2594249728322686,1
141.87,3.509147960401961,1
141.88,4.3582553957521295,1
141.89000000000001,4.14815177399699,1
141.9,3.5404760223758927,1
141.91,4.368178016066227,1
141.92000000000002,4.172971964061617,1
141.93,4.276498519437876,1
141.94,4.197262278441276,1
141.95000000000002,3.494286818403496,1
141.96,3.8491605456134312,1
141.97,2.7258815353197634,1
141.98,3.5489706336778304,1
141.99,3.791852414903918,1
142.0,4.3956501954466205,1
142.01,4.380758701422295,1
142.02,3.580412619147414,1
142.03,3.534397524903791,1
142.04,4.89226784681313,1
142.05,3.938274722742477,1
142.06,4.141709659189352,1
142.07,4.578150914571804,1
142.08,4.026245610077224,1
142.09,3.9250733796290413,1
142.1,3.7894246685628183,1
142.11,3.632342823330967,1
142.12,4.025120326746244,1
142.13,2.7571400552596788,1
142.14000000000001,3.618924347847513,1
142.15,4.252230942562684,1
142.16,4.218744526981134,1
142.17000000000002,4.86850798096988,1
142.18,4.552311659226544,1
142.19,4.276128125938217,1
142.20000000000002,4.036648315563974,1
142.21,3.730708302415182,1
142.22,4.355917046762233,1
142.23,4.293144384186998,1
142.24,3.8469448857329946,1
142.25,3.503657440350804,1
142.26,4.007052354042258,1
142.27,4.810630208123348,1
142.28,4.163283089031111,1
142.29,4.0501221012483635,1
142.3,4.2760870342128845,1
142.31,4.304138579527548,1
142.32,4.1342070125102905,1
142.33,3.9188494934115248,1
142.34,3.593206510823264,1
142.35,4.552137590274421,1
142.36,3.684818649061634,1
142.37,4.9411051296852415,1
142.38,4.113479100659642,1
142.39000000000001,4.01909634769089,1
142.4,4.495725058877979,1
142.41,3.6306587802069235,1
142.42000000000002,4.395720742019322,1
142.43,4.160426126996188,1
142.44,4.3484185152262915,1
142.45000000000002,3.6528041388077632,1
142.46,3.600833507561596,1
142.47,2.8472158461060078,1
142.48,3.67729322100214,1
142.49,3.671825328038591,1
142.5,3.545817047915823,1
142.51,3.8731127610274165,1
142.52,3.9885444603218563,1
142.53,4.261659277818334,1
142.54,4.3105987826798895,1
142.55,4.365250283937688,1
142.56,4.399814479466692,1
142.57,4.142463621106596,1
142.58,4.001241078967921,1
142.59,4.581003788884252,1
142.6,4.486167435489134,1
142.61,3.092349071367061,1
142.62,3.8789706235966537,1
142.63,2.884539815207848,1
142.64000000000001,2.8224850725140365,1
142.65,3.6746110768403812,1
142.66,3.9687156751225334,1
142.67000000000002,3.7830605549479692,1
142.68,2.877744648298791,1
142.69,4.457469309879649,1
142.70000000000002,3.567279980463526,1
142.71,4.266836880786022,1
142.72,3.5296318061154492,1
142.73,3.5869996424039727,1
142.74,4.184405561391342,1
142.75,3.709092618639596,1
142.76,4.021891289312574,1
142.77,4.121091974646364,1
142.78,3.0381627874325816,1
142.79,4.230392934915415,1
142.8,3.4069555697724914,1
142.81,3.2682488089112605,1
142.82,3.5301939579910098,1
142.83,4.562175013496015,1
142.84,3.0675655599111136,1
142.85,4.441875105041279,1
142.86,4.318108819414219,1
142.87,4.127472701585073,1
142.88,4.210838752713115,1
142.89000000000001,3.8463228075680056,1
142.9,4.431983867774762,1
142.91,3.7244327453092234,1
142.92000000000002,2.8836705240778255,1
142.93,3.8210164973068057,1
142.94,4.437003129293615,1
142.95000000000002,4.2700341879453205,1
142.96,5.122154013568251,1
142.97,3.8428973727161737,1
142.98,3.8431338568557774,1
142.99,3.817310216391871,1
143.0,3.4868288950031974,1
143.01,3.686940091645727,1
143.02,3.3526971677843833,1
143.03,2.5347270053761704,1
143.04,3.607819513514823,1
143.05,4.067144091668134,1
143.06,4.48454310758768,1
143.07,3.715726821128887,1
143.08,3.6601073589096,1
143.09,4.6702023047191235,1
143.1,3.17502500914588,1
143.11,3.819843753180416,1
143.12,4.564745631457551,1
143.13,3.5123459837737085,1
143.14000000000001,2.9035372214908115,1
143.15,4.966230717809005,1
143.16,4.5052952603011445,1
143.17000000000002,4.508928677794763,1
143.18,3.929449593117944,1
143.19,4.389524386391428,1
143.20000000000002,2.409018345049997,1
143.21,3.6455334576230403,1
143.22,4.639082234063859,1
143.23,3.194541625836264,1
143.24,3.8075196648396674,1
143.25,4.271292021940885,1
143.26,3.5787005657543576,1
143.27,4.039663560060972,1
143.28,4.295762892944748,1
143.29,4.2355742583951645,1
143.3,3.752637459008863,1
143.31,3.4225234087824803,1
143.32,4.176846014386666,1
143.33,4.168762598685906,1
143.34,4.1261024372607364,1
143.35,4.006419237515328,1
143.36,4.149796823781923,1
143.37,4.517832512283717,1
143.38,4.189036546682845,1
143.39000000000001,4.052851068965836,1
143.4,3.6628118666039775,1
143.41,4.903687897444905,1
143.42000000000002,3.3711033775296766,1
143.43,3.892590276217294,1
143.44,3.735454978896641,1
143.45000000000002,2.8740848964891947,1
143.46,4.233293647265096,1
143.47,3.9422717873246698,1
143.48,4.060357982971614,1
143.49,3.909493871223931,1
143.5,4.481834050053184,1
143.51,4.576108989029896,1
143.52,3.274493938721504,1
143.53,5.039972176641306,1
143.54,3.8343645633549315,1
143.55,4.295866166183361,1
143.56,4.063460678113126,1
143.57,4.012241373680376,1
143.58,4.318885956999144,1
143.59,4.8525956493152735,1
143.6,4.556816028181652,1
143.61,3.900240336624497,1
143.62,3.984890843308943,1
143.63,3.6953826399845653,1
143.64000000000001,4.517961016951392,1
143.65,4.489258003662768,1
143.66,3.878664372141269,1
143.67000000000002,4.913553753638903,1
143.68,4.794665807137904,1
143.69,5.252723484782399,1
143.70000000000002,3.5612176144410737,1
143.71,3.8839452689372846,1
143.72,3.8199965807968046,1
143.73,5.616663537372013,1
143.74,4.031184726746783,1
143.75,4.747316363151919,1
143.76,4.6449416384796205,1
143.77,3.9240748509143293,1
143.78,3.98832198198001,1
143.79,4.316596164122922,1
143.8,4.836604151069263,1
143.81,3.9633154386312586,1
143.82,3.7133568521472724,1
143.83,4.649594505325859,1
143.84,3.3670553328917627,1
143.85,4.2014433639857085,1
143.86,4.771242009229882,1
143.87,4.385587860572151,1
143.88,3.698404741062432,1
143.89000000000001,3.354174839639713,1
143.9,4.729974796949774,1
143.91,3.9051000943556224,1
143.92000000000002,3.3639075865973447,1
143.93,4.638858139975608,1
143.94,4.485843663726811,1
143.95000000000002,3.27131561321901,1
143.96,5.516348338184928,1
143.97,3.6801118252888636,1
143.98,4.4463810748950054,1
143.99,5.29383627927638,1
144.0,4.655416376085217,1
144.01,4.232209466247278,1
144.02,3.130175883390061,1
144.03,5.333989197870536,1
144.04,4.713566217631004,1
144.05,3.2002507600781174,1
144.06,5.025498098659024,1
144.07,4.1613635135289515,1
144.08,3.8726689280161355,1
144.09,3.6430627316419253,1
144.1,4.088155180554055,1
144.11,4.504798244167312,1
144.12,3.663777420099197,1
144.13,4.000706615038583,1
144.14000000000001,6.121281689897797,1
144.15,4.360489673645499,1
144.16,4.577053930664899,1
144.17000000000002,3.3527142428163037,1
144.18,3.0373009791525893,1
144.19,4.870569335030176,1
144.20000000000002,4.818731164424127,1
144.21,5.185846011437168,1
144.22,4.065046136234727,1
144.23,4.879637879392109,1
144.24,2.4676993591968306,1
144.25,4.334656666949527,1
144.26,4.761621411835904,1
144.27,3.659269922834373,1
144.28,4.707751320061396,1
144.29,3.9477126920943997,1
144.3,3.9436674067787667,1
144.31,3.8041117501703456,1
144.32,4.968711987052535,1
144.33,3.701418191733377,1
144.34,3.5357271376665316,1
144.35,3.3405132240443636,1
144.36,3.6500036611346527,1
144.37,4.0453676591837615,1
144.38,4.373917549699164,1
144.39000000000001,3.511778090221926,1
144.4,4.214140817465216,1
144.41,4.434634225115432,1
144.42000000000002,3.466405936378282,1
144.43,4.070849228501761,1
144.44,4.021400048362784,1
144.45000000000002,4.124634749860636,1
144.46,3.734890066921875,1
144.47,3.9563335487616995,1
144.48,4.060679211459531,1
144.49,5.234989003896407,1
144.5,4.101644121902311,1
144.51,4.84977916068654,1
144.52,4.922963351173226,1
144.53,3.1376927263122885,1
144.54,3.6871283415739873,1
144.55,4.8246470064713876,1
144.56,4.095702711932501,1
144.57,3.8700726474555367,1
144.58,4.435705963172664,1
144.59,4.696883622117766,1
144.6,4.024239455342422,1
144.61,3.8456363546610026,1
144.62,2.5027255365522234,1
144.63,4.002593193867701,1
144.64000000000001,3.825051951093467,1
144.65,3.4118739145268986,1
144.66,3.902769545486065,1
144.67000000000002,3.7834935502943328,1
144.68,4.1399082830678005,1
144.69,3.8492693075467876,1
144.70000000000002,4.279497712230788,1
144.71,4.104883526546362,1
144.72,4.787069152773686,1
144.73,3.6386562168768566,1
144.74,5.060935704183993,1
144.75,4.680678183065488,1
144.76,4.93419881423612,1
144.77,4.159898870785474,1
144.78,3.783928124695185,1
144.79,3.6160997648705213,1
144.8,5.115450453883407,1
144.81,4.80319409102415,1
144.82,3.439636135765188,1
144.83,4.662583270915835,1
144.84,3.5764387300369314,1
144.85,4.260430481815485,1
144.86,4.622799324294337,1
144.87,5.043501352428672,1
144.88,4.259875316998558,1
144.89000000000001,3.9505519730420455,1
144.9,4.0241840892916985,1
144.91,4.66893055052232,1
144.92000000000002,4.5061211582791305,1
144.93,3.9578694687043265,1
144.94,2.716275599881174,1
144.95000000000002,2.2679843337868157,1
144.96,3.9709990695264845,1
144.97,3.1716746816094274,1
144.98,3.564031699734987,1
144.99,3.804695257346314,1
145.0,5.337048862939925,1
145.01,4.184343113338493,1
145.02,4.5237419105725785,1
145.03,4.420689423658758,1
145.04,2.5260518657754627,1
145.05,3.7277966918545102,1
145.06,3.2633613921131612,1
145.07,5.136617334337124,1
145.08,2.9309127642323585,1
145.09,3.6847119698639377,1
145.1,3.810431959709626,1
145.11,3.324263214241637,1
145.12,3.979723109722149,1
145.13,3.9094521909632483,1
145.14000000000001,4.028154627363016,1
145.15,4.25228525050892,1
145.16,4.097507525378435,1
145.17000000000002,4.192558165312702,1
145.18,4.690049051574514,1
145.19,2.9491526497851885,1
145.20000000000002,4.392590962864663,1
145.21,3.3697947958452543,1
145.22,3.590920169395525,1
145.23,4.115919038337113,1
145.24,4.346033363208066,1
145.25,4.439462505349662,1
145.26,3.484429861782107,1
145.27,5.087587804554892,1
145.28,3.8372800149508475,1
145.29,3.5453645844749655,1
145.3,3.1459697878653077,1
145.31,3.0348082054987384,1
145.32,2.9883187576994086,1
145.33,4.081363948055195,1
145.34,4.324689478252526,1
145.35,3.3833252078413505,1
145.36,3.1508309631275373,1
145.37,3.751571807332824,1
145.38,4.005077004131676,1
145.39000000000001,4.149032033616379,1
145.4,3.384768136239452,1
145.41,3.8793256672221657,1
145.42000000000002,5.055129237672075,1
145.43,3.3500102061819517,1
145.44,4.014302512147558,1
145.45000000000002,4.400695267799998,1
145.46,3.4673395303119117,1
145.47,4.42483510258907,1
145.48,3.1996949860958233,1
145.49,4.385574879996238,1
145.5,4.049782175675403,1
145.51,3.057304294223983,1
145.52,4.344076108984336,1
145.53,3.3774844283485543,1
145.54,3.7909753272216418,1
145.55,4.320894108814452,1
145.56,3.322210216971807,1
145.57,3.5564081039146354,1
145.58,4.660929651031412,1
145.59,2.6748049180708016,1
145.6,4.8424478335089525,1
145.61,3.125217597034207,1
145.62,3.539345674870984,1
145.63,4.217498035970447,1
145.64000000000001,4.476585714921203,1
145.65,4.297374626347998,1
145.66,4.11979414845159,1
145.67000000000002,3.784425323817205,1
145.68,5.043215695247997,1
145.69,4.586009398953131,1
145.70000000000002,4.7964437691356485,1
145.71,3.7496764542984145,1
145.72,2.428829776512233,1
145.73,4.505654993309777,1
145.74,4.189402475064559,1
145.75,4.054574925414775,1
145.76,3.563860759520755,1
145.77,3.687805941915172,1
145.78,3.5494480011290097,1
145.79,3.9803730856198145,1
145.8,3.263445251079055,1
145.81,4.475332087730778,1
145.82,5.39548336596716,1
145.83,3.757854689185142,1
145.84,3.024223891093831,1
145.85,3.95069804635552,1
145.86,4.2728524290168926,1
145.87,4.370611680117375,1
145.88,5.105131427551786,1
145.89000000000001,4.617524437058934,1
145.9,2.860161409269608,1
145.91,3.1049529868433856,1
145.92000000000002,4.163957557696481,1
145.93,3.653269763966531,1
145.94,4.890053237644104,1
145.95000000000002,3.369929452882428,1
145.96,4.514247671293129,1
145.97,3.549387866495512,1
145.98,4.099942263089704,1
145.99,3.4469142828337294,1
146.0,4.330902408784956,1
146.01,4.740581648628567,1
146.02,4.254125055085485,1
146.03,5.315847943932471,1
146.04,3.6837122450793136,1
146.05,4.120022491975778,1
146.06,4.627297445341851,1
146.07,3.4815507718023033,1
146.08,4.0524465697725525,1
146.09,4.455895085803527,1
146.1,4.628762188628711,1
146.11,4.7538653170908445,1
146.12,3.4358192363397744,1
146.13,4.091279554268336,1
146.14000000000001,3.080123176620305,1
146.15,3.3993775064558465,1
146.16,3.7797085175561858,1
146.17000000000002,4.66890443324249,1
146.18,4.339521413101044,1
146.19,4.024483497226908,1
146.20000000000002,4.294053751804191,1
146.21,4.380536754786955,1
146.22,4.307804785257818,1
146.23,3.707241703214592,1
146.24,3.4339078393638496,1
146.25,3.8965921496965343,1
146.26,3.5499999564079254,1
146.27,4.436259599053179,1
146.28,5.06134612990887,1
146.29,4.451287031648631,1
146.3,2.8511237064221753,1
146.31,3.4954745679724994,1
146.32,3.93596457505085,1
146.33,3.003320436084039,1
146.34,3.8882391827979137,1
146.35,4.222367431321109,1
146.36,4.856165762249069,1
146.37,5.171243417656478,1
146.38,3.2540397151290272,1
146.39000000000001,3.857696634218777,1
146.4,3.925488596535479,1
146.41,3.5576298537783697,1
146.42000000000002,4.083003311666882,1
146.43,4.01492867181669,1
146.44,4.471350045367254,1
146.45000000000002,4.9839263162601135,1
146.46,4.21620166202626,1
146.47,3.755169905298885,1
146.48,3.363064050787945,1
146.49,5.308891567045392,1
146.5,4.665457356702681,1
146.51,4.274550083905944,1
146.52,3.8632403759468192,1
146.53,4.9757279720257275,1
146.54,3.882773647646599,1
146.55,2.8066603793107987,1
146.56,4.029071914650977,1
146.57,3.144951874584228,1
146.58,4.07993728364714,1
146.59,4.855009391404872,1
146.6,2.967611823876146,1
146.61,3.3790692857562434,1
146.62,4.569343874494282,1
146.63,3.7719895485444086,1
146.64000000000001,4.327891286531419,1
146.65,4.365873719057103,1
146.66,4.670415659055372,1
146.67000000000002,3.6808538479461137,1
146.68,2.368290180337811,1
146.69,4.181494664013378,1
146.70000000000002,2.991391354140498,1
146.71,4.521531733995805,1
146.72,3.9583303142340274,1
146.73,3.7435261551856347,1
146.74,4.3604627938607585,1
146.75,2.8160340502107672,1
146.76,3.7277774963272563,1
146.77,4.214104124164293,1
146.78,4.1337590667737505,1
146.79,3.668958205787602,1
146.8,3.671004515339656,1
146.81,5.006281767162627,1
146.82,4.698084236533791,1
146.83,3.6728502512833185,1
146.84,4.92749274678917,1
146.85,4.621002913068804,1
146.86,4.4254260321151655,1
146.87,4.427348775065819,1
146.88,3.3251439221481935,1
146.89000000000001,4.9580674860525775,1
146.9,4.673366522077423,1
146.91,4.1747238083897535,1
146.92000000000002,4.123002867053358,1
146.93,3.886128553220297,1
146.94,3.5519717146374328,1
146.95000000000002,4.244513749244427,1
146.96,3.427303357899228,1
146.97,4.003259594439682,1
146.98,4.020229308181794,1
146.99,4.229230720686384,1
147.0,4.625947341971422,1
147.01,4.3239749994015035,1
147.02,4.514984008551521,1
147.03,2.834108132765044,1
147.04,4.300977257676443,1
147.05,4.142192467567175,1
147.06,4.32100197461138,1
147.07,3.736134155647177,1
147.08,4.7740612634890605,1
147.09,4.230830198345129,1
147.1,3.5291090815358803,1
147.11,3.5782861877541605,1
147.12,4.514903240590407,1
147.13,3.9136561490577937,1
147.14000000000001,3.9195579855446008,1
147.15,3.791456921722558,1
147.16,4.57225363117449,1
147.17000000000002,4.287128575109114,1
147.18,3.203841573688444,1
147.19,3.2972220195454054,1
147.20000000000002,3.9622801635676126,1
147.21,3.6052341247976525,1
147.22,2.6200383499739117,1
147.23,3.495707709657949,1
147.24,3.861230204523111,1
147.25,3.80757610382355,1
147.26,4.527390494329833,1
147.27,2.6419657382781376,1
147.28,3.4605244043333006,1
147.29,4.5057804477993155,1
147.3,3.595665350026185,1
147.31,3.1650330757082905,1
147.32,3.4627045265318785,1
147.33,4.195374477423368,1
147.34,3.7751056621577015,1
147.35,3.4406969897128246,1
147.36,4.2077501304819735,1
147.37,4.195533653279479,1
147.38,3.1487982704253783,1
147.39000000000001,3.988527771266833,1
147.4,3.157651370767409,1
147.41,4.733369566429135,1
147.42000000000002,4.888378080773858,1
147.43,3.9285517805227927,1
147.44,4.7588922681692605,1
147.45000000000002,3.630314765103099,1
147.46,3.9583429341985426,1
147.47,3.67822864254889,1
147.48,4.007815455289572,1
147.49,4.065350665321914,1
147.5,4.000709885484406,1
147.51,3.9168074306229688,1
147.52,4.032056714253914,1
147.53,4.754557092974896,1
147.54,2.6683577489904957,1
147.55,5.091015964363423,1
147.56,3.7665817928819028,1
147.57,3.875291799123387,1
147.58,4.811867254682474,1
147.59,4.420449442471291,1
147.6,4.373845976306119,1
147.61,4.855353471239125,1
147.62,3.989961348394936,1
147.63,4.657581541796391,1
147.64000000000001,3.293816334991364,1
147.65,4.303965706821814,1
147.66,4.454045411887702,1
147.67000000000002,4.830989365543494,1
147.68,4.5522608738080805,1
147.69,4.187711224959246,1
147.70000000000002,3.8037049905700586,1
147.71,3.7502035974052883,1
147.72,3.731664924053776,1
147.73,3.079898397157889,1
147.74,5.003780455359578,1
147.75,4.632761190884859,1
147.76,4.131808347613666,1
147.77,4.476507110037857,1
147.78,4.474053220076621,1
147.79,3.3622706616259603,1
147.8,4.376362173500308,1
147.81,4.871151038856929,1
147.82,3.6579708939007998,1
147.83,3.046268850348802,1
147.84,3.2610105597450088,1
147.85,3.968585695531723,1
147.86,3.277989156334948,1
147.87,3.9052337166515168,1
147.88,3.612655540614341,1
147.89000000000001,3.998140837444157,1
147.9,3.667721344642763,1
147.91,3.9319970629896703,1
147.92000000000002,4.341309820557918,1
147.93,3.336962320916363,1
147.94,4.070557095458865,1
147.95000000000002,3.3758323385750737,1
147.96,3.887533245203757,1
147.97,3.8799853996684166,1
147.98,4.1803699797336265,1
147.99,4.10871374868381,1
148.0,4.8118280013340575,1
148.01,4.056520938481321,1
148.02,3.641788251674274,1
148.03,4.643640319166709,1
148.04,4.32557166251158,1
148.05,4.668629673042108,1
148.06,4.033563285685333,1
148.07,3.2130483357818287,1
148.08,5.451837330541894,1
148.09,3.7179973232742616,1
148.1,3.228356185898287,1
148.11,4.394183073764687,1
148.12,3.364870345006901,1
148.13,3.645389425506257,1
148.14000000000001,3.9873489233528483,1
148.15,3.8308161999073254,1
148.16,3.682771417492348,1
148.17000000000002,4.952246520846921,1
148.18,3.94167397317605,1
148.19,3.3910266661597745,1
148.20000000000002,4.59882014435823,1
148.21,3.5918472556973584,1
148.22,3.950284600666013,1
148.23,3.4719690808777206,1
148.24,4.1777035628680155,1
148.25,4.11190773480569,1
148.26,4.059176942460319,1
148.27,4.161043034950998,1
148.28,4.5834153587501625,1
148.29,4.513092805724192,1
148.3,3.354904766279981,1
148.31,3.498838361462146,1
148.32,4.524150473226049,1
148.33,3.4616261313606804,1
148.34,4.214653524439502,1
148.35,4.482124873229254,1
148.36,2.892538158360407,1
148.37,3.60975167123628,1
148.38,4.462263299173086,1
148.39000000000001,3.910474905915266,1
148.4,3.733871182344449,1
148.41,4.548004957084923,1
148.42000000000002,4.794665843170758,1
148.43,3.669408062221712,1
148.44,5.198931323682079,1
148.45000000000002,2.989719347580687,1
148.46,3.032808919612781,1
148.47,3.7073102214522953,1
148.48,3.8085257728144546,1
148.49,3.823052739993556,1
148.5,3.641097467526027,1
148.51,3.482947151528733,1
148.52,3.7804922249354727,1
148.53,3.5422201271145455,1
148.54,4.342786422779576,1
148.55,3.9649958075449145,1
148.56,3.7831184042853616,1
148.57,3.880038145186254,1
148.58,4.6725628945041136,1
148.59,3.704805645102244,1
148.6,3.1575584048568754,1
148.61,3.3400323271690433,1
148.62,3.8547505791999757,1
148.63,4.365598235017724,1
148.64000000000001,4.664981719459534,1
148.65,5.185018108508503,1
148.66,4.621970813453209,1
148.67000000000002,3.524592341756911,1
148.68,3.8827562489149647,1
148.69,2.611019967414915,1
148.70000000000002,3.7130415142332525,1
148.71,3.565450262841069,1
148.72,2.4276296540268167,1
148.73,5.21118787354583,1
148.74,3.7552232365984994,1
148.75,2.54265951176409,1
148.76,3.6634048244374866,1
148.77,4.990715508330259,1
148.78,5.2536844785330965,1
148.79,4.09119356202475,1
148.8,4.069487567888455,1
148.81,4.824091004010357,1
148.82,3.997328508708133,1
148.83,4.360385173716084,1
148.84,4.638574686740757,1
148.85,3.41565085902786,1
148.86,5.033322697644663,1
148.87,3.5513882980781903,1
148.88,3.605000478363659,1
148.89000000000001,4.062967616824644,1
148.9,4.611935344210402,1
148.91,4.4515147026413455,1
148.92000000000002,3.9494994015428313,1
148.93,4.119447559470987,1
148.94,4.6313470607819776,1
148.95000000000002,3.9678917936050366,1
148.96,3.3999039591487827,1
148.97,3.5126409155152283,1
148.98,4.51758652640257,1
148.99,3.4828012462280915,1
149.0,2.953188983080416,1
149.01,3.7645462772484395,1
149.02,3.9825248100256423,1
149.03,4.619167684203254,1
149.04,3.1635037808876625,1
149.05,4.250046167312369,1
149.06,4.8332574569207845,1
149.07,3.579834511203628,1
149.08,4.070902412372459,1
149.09,2.6307880930553313,1
149.1,4.482897891514664,1
149.11,4.520458464625625,1
149.12,3.972725803485625,1
149.13,3.075285116348808,1
149.14000000000001,4.305009028067759,1
149.15,3.783903862965414,1
149.16,2.111757174111675,1
149.17000000000002,4.33147592617609,1
149.18,4.731736635124033,1
149.19,4.89098456669938,1
149.20000000000002,3.226385921600722,1
149.21,2.7346330979264892,1
149.22,3.703347764931264,1
149.23,4.380106351635474,1
149.24,3.483297707195293,1
149.25,3.0121236103514883,1
149.26,4.482133656359869,1
149.27,3.865104116635056,1
149.28,4.438999699547591,1
149.29,4.058489323853949,1
149.3,3.8942522199575036,1
149.31,3.9273204920594953,1
149.32,3.7175299581602173,1
149.33,3.6236362110424403,1
149.34,3.190673866307772,1
149.35,4.189616614894573,1
149.36,4.749530685991253,1
149.37,3.660090091688224,1
149.38,5.147245317534284,1
149.39000000000001,4.291269420426636,1
149.4,4.18647058567732,1
149.41,4.4609043506492645,1
149.42000000000002,4.705872036271656,1
149.43,3.809311592049336,1
149.44,4.420745480144257,1
149.45000000000002,4.779766534438712,1
149.46,3.8719195809069262,1
149.47,4.055546154270509,1
149.48,3.5486532224163394,1
149.49,3.67491521382351,1
149.5,3.752122045551903,1
149.51,3.3737369024756787,1
149.52,3.876042567864626,1
149.53,4.145313972210631,1
149.54,4.214184112474901,1
149.55,3.4128565450888537,1
149.56,3.5000876501261478,1
149.57,4.461948637554981,1
149.58,3.589617595587121,1
149.59,4.488236275442134,1
149.6,3.5555333628180117,1
149.61,4.24265929460704,1
149.62,4.548246640179587,1
149.63,2.3756016319713464,1
149.64000000000001,4.538223842617758,1
149.65,4.953847461119964,1
149.66,3.9280827275193966,1
149.67000000000002,4.280166329696307,1
149.68,3.5155026117253634,1
149.69,4.228666839890602,1
149.70000000000002,5.6090370618156316,1
149.71,2.6465151181714845,1
149.72,3.5483752367409,1
149.73,4.427959818348493,1
149.74,4.7720281072730755,1
149.75,3.0739311104323312,1
149.76,3.4590747255384184,1
149.77,3.5308611518822994,1
149.78,3.5050295556379747,1
149.79,3.8730243466833003,1
149.8,3.0668886917478377,1
149.81,3.803591235575862,1
149.82,3.426354511536868,1
149.83,3.9828062079868216,1
149.84,3.613660873072417,1
149.85,3.9425786665096467,1
149.86,3.3953686787249038,1
149.87,4.6420181435632735,1
149.88,3.8704041211186637,1
149.89000000000001,4.023096084044217,1
149.9,3.905290617143425,1
149.91,3.9742885502717726,1
149.92000000000002,3.9543403787309437,1
149.93,4.457757505571789,1
149.94,3.7696557261675494,1
149.95000000000002,3.443721534417449,1
149.96,3.922404857969361,1
149.97,3.537518010077471,1
149.98,3.8805054439148146,1
149.99,3.28834459298674,1
150.0,4.639913211288878,1
150.01,3.556683906119273,1
150.02,4.797148373333845,1
150.03,4.070068752679212,1
150.04,4.63190233518731,1
150.05,3.6154948555732576,1
150.06,2.7720681888849072,1
150.07,2.916684805533898,1
150.08,5.602096108798483,1
150.09,3.7300647840748025,1
150.1,4.693539685074202,1
150.11,3.1748691789635988,1
150.12,4.020998733788401,1
150.13,4.165416621362304,1
150.14000000000001,5.778069970583918,1
150.15,3.8250133193467226,1
150.16,3.456724979881742,1
150.17000000000002,4.1349430940763865,1
150.18,3.3649443132625434,1
150.19,4.205742009487987,1
150.20000000000002,3.9791229445662366,1
150.21,3.5343700227096977,1
150.22,4.338372346228762,1
150.23,4.152484370922518,1
150.24,4.574668210388629,1
150.25,5.182074600720851,1
150.26,3.816728447687449,1
150.27,3.782161665208475,1
150.28,3.1569742427925394,1
150.29,4.309377968338964,1
150.3,3.5987459301367775,1
150.31,4.1753919530789325,1
150.32,4.721176738817302,1
150.33,3.5373130997869344,1
150.34,3.592309133105615,1
150.35,4.558348801954503,1
150.36,4.421212817517504,1
150.37,4.3553764370412775,1
150.38,3.7242399203143743,1
150.39000000000001,3.029790861256555,1
150.4,3.4814123088169877,1
150.41,3.3386259205055184,1
150.42000000000002,4.383181175315288,1
150.43,4.269496669321656,1
150.44,3.6999710520230367,1
150.45000000000002,3.779815164249822,1
150.46,4.366688697585739,1
150.47,3.8749663276366433,1
150.48,3.6585727123940406,1
150.49,5.285181548092758,1
150.5,3.719015524886192,1
150.51,4.392252349728325,1
150.52,4.232710064680842,1
150.53,2.963730074385536,1
150.54,3.425071679591441,1
150.55,4.421539244949644,1
150.56,3.868697996104941,1
150.57,2.981470389798668,1
150.58,4.151704044489639,1
150.59,3.6093861436754504,1
150.6,4.260865910586645,1
150.61,5.784279309881838,1
150.62,4.400733835539099,1
150.63,4.483139592834876,1
150.64000000000001,3.9363906129534736,1
150.65,3.3451974866142375,1
150.66,4.696348496114591,1
150.67000000000002,3.7088511332183036,1
150.68,3.8769708853431397,1
150.69,5.1781770833125025,1
150.70000000000002,3.850092774597503,1
150.71,4.754824276637474,1
150.72,4.2511569364908866,1
150.73,3.594307950220901,1
150.74,4.1249721843026155,1
150.75,3.4672284939940847,1
150.76,4.483761026570475,1
150.77,4.778019946404806,1
150.78,4.035338901932691,1
150.79,4.851257907579681,1
150.8,4.156419236661839,1
150.81,4.627469082427589,1
150.82,5.998009458984065,1
150.83,5.7877072962257365,1
150.84,4.061018550373512,1
150.85,4.269530593890378,1
150.86,3.4036192110692682,1
150.87,4.542557828794469,1
150.88,4.328228106177514,1
150.89000000000001,3.5393878409758988,1
150.9,4.740941643679843,1
150.91,3.8473999362611107,1
150.92000000000002,3.6073242757466866,1
150.93,4.1737442359629195,1
150.94,3.6364707828034266,1
150.95000000000002,3.8821987241863103,1
150.96,5.054665409970129,1
150.97,3.60429837470516,1
150.98,4.371343586023969,1
150.99,3.6217894790558147,1
151.0,3.347355831471662,1
151.01,3.932651284981663,1
151.02,5.783232413195056,1
151.03,4.676035331160089,1
151.04,4.412556483282771,1
151.05,3.7598437863422083,1
151.06,3.8073465984464234,1
151.07,3.0860741202221105,1
151.08,5.152975289601111,1
151.09,4.265555664602171,1
151.1,4.132503959107117,1
151.11,4.115491057874448,1
151.12,5.31753939744579,1
151.13,4.211476973102223,1
151.14000000000001,3.8155664978540886,1
151.15,5.080814703435887,1
151.16,3.90944037242728,1
151.17000000000002,2.836861404497401,1
151.18,2.896306159009288,1
151.19,3.7874915063038435,1
151.20000000000002,4.177956407245588,1
151.21,4.568700804171347,1
151.22,3.4838405190576607,1
151.23,3.8847760683660373,1
151.24,3.5399634158641415,1
151.25,4.770442650743869,1
151.26,4.949582038333247,1
151.27,5.387708355439085,1
151.28,4.354488132412954,1
151.29,5.253427309482071,1
151.3,3.6241471471206386,1
151.31,4.092836775622296,1
151.32,3.2717405014354957,1
151.33,4.266400182654828,1
151.34,4.12853266424417,1
151.35,2.3401502160027783,1
151.36,4.54906966785098,1
151.37,4.527763745956957,1
151.38,3.6280098919689174,1
151.39000000000001,4.138242889209545,1
151.4,3.040594976810638,1
151.41,3.467415699987545,1
151.42000000000002,5.096531526610996,1
151.43,3.3787184696620187,1
151.44,4.041118275065653,1
151.45000000000002,3.171902589593998,1
151.46,4.240867317352403,1
151.47,4.439733640349176,1
151.48,4.539360201492688,1
151.49,4.357903169822899,1
151.5,4.945763107015854,1
151.51,3.672554848596481,1
151.52,3.248174626298088,1
151.53,3.512015829979219,1
151.54,3.025046189626205,1
151.55,3.9171823872375553,1
151.56,3.833155855830624,1
151.57,4.239673112931683,1
151.58,2.9225765984937317,1
151.59,3.905011800247464,1
151.6,4.783774328275192,1
151.61,4.443026846689746,1
151.62,2.842242606757659,1
151.63,3.9848374368625317,1
151.64000000000001,3.595845881356148,1
151.65,4.059530845144172,1
151.66,3.8278775758215726,1
151.67000000000002,5.178334797147307,1
151.68,4.16945282036597,1
151.69,4.237589382137304,1
151.70000000000002,3.984182336430384,1
151.71,4.282166873285413,1
151.72,3.8306689901227817,1
151.73,4.429820895478898,1
151.74,3.699295416424097,1
151.75,4.799605586459522,1
151.76,4.298801059899667,1
151.77,3.8587881943410385,1
151.78,4.49476130749286,1
151.79,4.327677853764589,1
151.8,4.557929969614149,1
151.81,4.11383026812276,1
151.82,3.8958797497804465,1
151.83,4.143423878097117,1
151.84,3.7561478453369137,1
151.85,4.69622057077824,1
151.86,5.066308686514845,1
151.87,4.499831111604045,1
151.88,4.993271111496996,1
151.89000000000001,4.812638591751812,1
151.9,3.8732255363123747,1
151.91,4.509958538967077,1
151.92000000000002,3.1526325658298946,1
151.93,4.00798477363898,1
151.94,3.161132116514349,1
151.95000000000002,3.803085073596386,1
151.96,2.9827849272583338,1
151.97,4.588826951499967,1
151.98,3.7359778232464684,1
151.99,4.550306985276865,1
152.0,3.985501730405343,1
152.01,2.827278042554454,1
152.02,3.6610378251762374,1
152.03,3.6972211748908523,1
152.04,4.0444464419753645,1
152.05,5.056558622252361,1
152.06,5.220569032937421,1
152.07,3.9833603131897584,1
152.08,3.2244358415647265,1
152.09,3.492566835352882,1
152.1,4.2792550396518125,1
152.11,3.9218030995914708,1
152.12,2.927653846117841,1
152.13,3.5470137914822293,1
152.14000000000001,4.751606712152736,1
152.15,4.159285598569126,1
152.16,3.9689566558274945,1
152.17000000000002,3.685720352282143,1
152.18,3.639569851569005,1
152.19,4.309411562836675,1
152.20000000000002,4.112221073343353,1
152.21,4.531712245752242,1
152.22,4.432122850627304,1
152.23,4.100622347065901,1
152.24,4.327525020356085,1
152.25,3.7106342059623234,1
152.26,4.022669371597608,1
152.27,4.931563898571922,1
152.28,4.105982348485719,1
152.29,3.887339415676795,1
152.3,4.12832547363811,1
152.31,3.2267223977883694,1
152.32,4.05135656491401,1
152.33,5.041623853390471,1
152.34,3.465643793031618,1
152.35,4.06577681029077,1
152.36,3.917418343767542,1
152.37,3.9030394898096468,1
152.38,3.907488403990976,1
152.39000000000001,4.436013593433183,1
152.4,3.3151511858924616,1
152.41,4.43046189769996,1
152.42000000000002,4.116223693116734,1
152.43,2.9251679410033793,1
152.44,4.254161365493264,1
152.45000000000002,4.164599132744955,1
152.46,3.5155413722816973,1
152.47,4.135272278138758,1
152.48,3.1972251605996758,1
152.49,3.529477884136463,1
152.5,3.994276274434444,1
152.51,2.881257833218407,1
152.52,3.140283965736132,1
152.53,3.2364672923936526,1
152.54,3.9333561964715154,1
152.55,4.206920016112139,1
152.56,3.361854604124544,1
152.57,3.2858610992371644,1
152.58,4.003623262007451,1
152.59,4.050434677217526,1
152.6,3.5501742005734402,1
152.61,5.184258489385379,1
152.62,4.236233379588028,1
152.63,3.965665965481741,1
152.64000000000001,3.8196345299273524,1
152.65,4.7191723730242,1
152.66,4.468075443936331,1
152.67000000000002,2.9608067864440395,1
152.68,3.529325526655499,1
152.69,3.7037716975992407,1
152.70000000000002,3.972988767516909,1
152.71,4.380561249471392,1
152.72,3.2829485515636874,1
152.73,3.843555051203089,1
152.74,5.020945408390501,1
152.75,4.004677025948812,1
152.76,3.478517128683654,1
152.77,3.0428795076873096,1
152.78,3.5835170394354177,1
152.79,3.2531879091946814,1
152.8,3.7006466043839814,1
152.81,4.358544593887363,1
152.82,4.091032298569518,1
152.83,3.7559141403385015,1
152.84,2.8957091743810675,1
152.85,4.548999921839485,1
152.86,3.875523962159186,1
152.87,4.122752629550061,1
152.88,3.458944197690027,1
152.89000000000001,3.7240939203533916,1
152.9,3.6056964632563004,1
152.91,3.0861352937275854,1
152.92000000000002,3.31051491600118,1
152.93,3.8871883513573215,1
152.94,4.114752553683412,1
152.95000000000002,3.487694271614062,1
152.96,3.1176310772459557,1
152.97,3.655634254408601,1
152.98,4.442044522096089,1
152.99,3.3952733106122936,1
153.0,3.973557976991466,1
153.01,3.594622629381566,1
153.02,4.7534271677153725,1
153.03,3.7784051196885637,1
153.04,4.488434265499813,1
153.05,4.7633468065503335,1
153.06,5.117242588153089,1
153.07,3.249122755750541,1
153.08,3.0909524602594898,1
153.09,4.7233852529134515,1
153.1,4.691711622758669,1
153.11,3.6165009431703963,1
153.12,1.831195314791354,1
153.13,3.860453632777595,1
153.14000000000001,2.93482950902546,1
153.15,3.32361946310539,1
153.16,4.005695551188299,1
153.17000000000002,4.144983959183514,1
153.18,4.991562257958028,1
153.19,3.79575147703811,1
153.20000000000002,3.355774988809693,1
153.21,4.581233446008939,1
153.22,4.32506784089809,1
153.23,3.8457935514642982,1
153.24,4.083555980813763,1
153.25,3.835169099626007,1
153.26,4.510407781449148,1
153.27,5.185964753526338,1
153.28,3.6435784375263323,1
153.29,4.273601175202578,1
153.3,3.0223824746369945,1
153.31,3.220713724917388,1
153.32,4.2727069082117595,1
153.33,3.908784313576479,1
153.34,3.202666516903263,1
153.35,3.8824098003062915,1
153.36,4.4919242707083615,1
153.37,3.030551167290822,1
153.38,5.0318969641675135,1
153.39000000000001,4.411811013430601,1
153.4,4.410923771307791,1
153.41,4.048503945528046,1
153.42000000000002,5.182037143181088,1
153.43,4.7572051766955035,1
153.44,3.879139600753147,1
153.45000000000002,4.559599650099467,1
153.46,3.6291777043118794,1
153.47,3.856073727448699,1
153.48,4.986098382101999,1
153.49,4.332541224097847,1
153.5,4.447684869032721,1
153.51,4.761026344540091,1
153.52,4.355825146919098,1
153.53,3.433133525615309,1
153.54,4.97167415834307,1
153.55,4.3177568351915365,1
153.56,4.32851181728485,1
153.57,3.995808286259004,1
153.58,4.6773025085571485,1
153.59,5.261217241119443,1
153.6,3.833622853457223,1
153.61,4.706010837830161,1
153.62,4.1102021929384955,1
153.63,2.772082221776615,1
153.64000000000001,3.087534643957034,1
153.65,4.2959795531463385,1
153.66,4.744590749416121,1
153.67000000000002,4.500017518767435,1
153.68,4.572154000649323,1
153.69,5.736440346828099,1
153.70000000000002,4.445533641038737,1
153.71,3.8301214360394646,1
153.72,3.8620970949934827,1
153.73,4.990662285613661,1
153.74,3.163751929627298,1
153.75,4.677614180268513,1
153.76,3.979862430112633,1
153.77,3.3990826672205787,1
153.78,2.9799067154337413,1
153.79,4.877546445957449,1
153.8,3.4978547139347973,1
153.81,4.0350548898777125,1
153.82,3.415196707562273,1
153.83,5.302318593239404,1
153.84,4.21403785598246,1
153.85,3.214707456834958,1
153.86,3.7459390256313823,1
153.87,4.948819087888715,1
153.88,3.4662721051629197,1
153.89000000000001,3.7553692473114397,1
153.9,4.754097659058181,1
153.91,4.242612726029903,1
153.92000000000002,3.1777976439524225,1
153.93,4.0336852563459225,1
153.94,3.8307112008519826,1
153.95000000000002,3.948416036457533,1
153.96,4.5397745069087465,1
153.97,4.128328863780285,1
153.98,3.904360250919087,1
153.99,3.8802864058334148,1
154.0,4.692962148195735,1
154.01,3.598917861701083,1
154.02,2.614873524308434,1
154.03,3.8326144916260056,1
154.04,4.3075867024609416,1
154.05,3.8237424879085617,1
154.06,3.719848599712299,1
154.07,3.8070127741950297,1
154.08,4.015627874999544,1
154.09,3.180467327712744,1
154.1,4.378469249237324,1
154.11,2.2705863726879816,1
154.12,4.201067828552194,1
154.13,4.153442181321418,1
154.14000000000001,4.259490035532439,1
154.15,2.6889153861308603,1
154.16,4.040046820678987,1
154.17000000000002,3.59025623290299,1
154.18,4.971823328038905,1
154.19,4.271104319699804,1
154.20000000000002,3.254253910744429,1
154.21,2.8831269801915362,1
154.22,3.579645863953157,1
154.23,4.563243220359115,1
154.24,4.853742422264523,1
154.25,4.244355576328291,1
154.26,4.1378723428292465,1
154.27,3.852987808930544,1
154.28,4.020462878093495,1
154.29,4.811924631106456,1
154.3,3.822333536103821,1
154.31,4.39206776189451,1
154.32,3.635131400637067,1
154.33,4.573649611268068,1
154.34,4.337709951882892,1
154.35,4.575566909290193,1
154.36,5.184422711568406,1
154.37,2.3356417311044435,1
154.38,4.346067080542988,1
154.39000000000001,4.3032471807236785,1
154.4,4.310027652738609,1
154.41,4.199425296867501,1
154.42000000000002,4.213147598969138,1
154.43,4.292933176090757,1
154.44,4.677612908491531,1
154.45000000000002,4.652216391436971,1
154.46,4.094223652188648,1
154.47,3.9441695353606168,1
154.48,4.052865914451217,1
154.49,3.757186050197657,1
154.5,5.139015651789147,1
154.51,3.2191112221914424,1
154.52,4.394092510566157,1
154.53,4.444370735239794,1
154.54,3.61032758783507,1
154.55,4.093270999925623,1
154.56,4.753756394340216,1
154.57,3.7709388473667347,1
154.58,4.794338096584644,1
154.59,4.7513036960558725,1
154.6,3.585983721488317,1
154.61,3.2809384457066915,1
154.62,4.10973305675783,1
154.63,3.2637425319363524,1
154.64000000000001,2.1433712038973725,1
154.65,3.6464923398755054,1
154.66,5.460791874275722,1
154.67000000000002,3.8576757956997585,1
154.68,4.280832725790801,1
154.69,4.4929236594426785,1
154.70000000000002,4.001376048328576,1
154.71,3.7588968536517444,1
154.72,4.737221148245163,1
154.73,4.008232136645198,1
154.74,3.868998871044985,1
154.75,4.434141342296765,1
154.76,3.2867540007192764,1
154.77,3.077505109766786,1
154.78,2.8472250444635185,1
154.79,4.277476437601221,1
154.8,3.9119428273680126,1
154.81,4.555602812429294,1
154.82,4.111908140964462,1
154.83,3.179097776899564,1
154.84,3.7922149742067996,1
154.85,4.644834952192763,1
154.86,3.9398711228826953,1
154.87,4.826588216798616,1
154.88,3.7984457727566228,1
154.89000000000001,4.476546914575877,1
154.9,2.8705135998500944,1
154.91,3.7605845062746175,1
154.92000000000002,3.688954216019469,1
154.93,3.0124587350455014,1
154.94,4.589992604347278,1
154.95000000000002,3.5446713336593527,1
154.96,3.419135258687458,1
154.97,4.749312560289747,1
154.98,4.106572417012865,1
154.99,4.49045216476241,1
155.0,2.9261457033485305,1
155.01,3.442173054250085,1
155.02,5.365779469387217,1
155.03,4.697977390574109,1
155.04,3.417669822219488,1
155.05,4.186501446389461,1
155.06,3.4364678174639915,1
155.07,4.930705145262776,1
155.08,2.6263038379735533,1
155.09,4.118099110191877,1
155.1,4.1744808186528415,1
155.11,3.263841240466486,1
155.12,3.7330620950759896,1
155.13,4.165747145691587,1
155.14000000000001,2.784044209774916,1
155.15,3.021394312976908,1
155.16,3.7693613024421304,1
155.17000000000002,3.3854917084705667,1
155.18,3.619497902762797,1
155.19,3.9422438651377103,1
155.20000000000002,3.4072853516826056,1
155.21,3.971914787703924,1
155.22,4.237204162450195,1
155.23,4.581484463372955,1
155.24,3.298761180139466,1
155.25,3.625633979960531,1
155.26,4.430685628037429,1
155.27,3.1243748534340083,1
155.28,4.059501200454082,1
155.29,4.0437007544616055,1
155.3,2.3227230722898478,1
155.31,3.553896215091857,1
155.32,4.142315125390541,1
155.33,3.809183721313355,1
155.34,3.608621339640184,1
155.35,4.002411936021522,1
155.36,4.5704841006318215,1
155.37,4.322876077426739,1
155.38,3.48581358244226,1
155.39000000000001,3.0006139596591153,1
155.4,4.278565382717545,1
155.41,3.277284441245111,1
155.42000000000002,3.6595726997111933,1
155.43,4.171853205363274,1
155.44,4.826411884913631,1
155.45000000000002,4.959292713166816,1
155.46,4.16821659672625,1
155.47,3.739676248656205,1
155.48,3.2485090319425742,1
155.49,5.24762644662393,1
155.5,3.885287938002598,1
155.51,4.408190768072275,1
155.52,4.106628586315107,1
155.53,3.622936683655452,1
155.54,3.5561335272691115,1
155.55,3.0005215497062263,1
155.56,4.59700880374264,1
155.57,3.8974604691565045,1
155.58,4.878256665543715,1
155.59,3.7396220659575348,1
155.6,3.7924962765227948,1
155.61,3.276976631662015,1
155.62,3.8000864934226324,1
155.63,3.245280066086072,1
155.64000000000001,4.288176451325026,1
155.65,4.162675252959887,1
155.66,5.037987251469314,1
155.67000000000002,3.176601355646878,1
155.68,4.782712847842571,1
155.69,3.4340200681245916,1
155.70000000000002,4.18790535148634,1
155.71,3.2433592772628503,1
155.72,4.040627429472927,1
155.73,2.311590135660722,1
155.74,3.3914014495877787,1
155.75,3.956889317893669,1
155.76,5.065113415406519,1
155.77,2.623032975305018,1
155.78,3.872764510819933,1
155.79,3.633889416189511,1
155.8,2.7363262332880733,1
155.81,3.219079715211551,1
155.82,3.6930141108976415,1
155.83,4.346533775946129,1
155.84,4.150024267579309,1
155.85,3.2328588098972073,1
155.86,2.835280961246013,1
155.87,4.261255785507838,1
155.88,3.9321197768255813,1
155.89000000000001,5.063366069406396,1
155.9,3.833570128049024,1
155.91,4.7070541448425525,1
155.92000000000002,4.3497416023229105,1
155.93,4.492166964390855,1
155.94,4.237890508269141,1
155.95000000000002,4.233622202623375,1
155.96,2.4557094272315365,1
155.97,3.693470524086164,1
155.98,3.5078939446428716,1
155.99,4.773010634691399,1
156.0,3.3979484312124955,1
156.01,3.806744219246252,1
156.02,4.55356905375058,1
156.03,4.290389191566527,1
156.04,4.198178532986341,1
156.05,4.807004579208113,1
156.06,4.288454269945918,1
156.07,3.7238944059476,1
156.08,3.1855161239418526,1
156.09,4.288817137265841,1
156.1,3.5161798108894993,1
156.11,3.7897916516301406,1
156.12,4.641517319781583,1
156.13,3.833022306548065,1
156.14000000000001,3.62954824600243,1
156.15,3.720915801085429,1
156.16,3.748059710046569,1
156.17000000000002,3.281608923423925,1
156.18,5.002075504034392,1
156.19,3.681810490691783,1
156.20000000000002,4.491325198832174,1
156.21,3.3933950928133596,1
156.22,4.365691936134455,1
156.23,4.193724389404802,1
156.24,4.100066236359061,1
156.25,4.1949428772286845,1
156.26,4.352867576724485,1
156.27,3.93410753874981,1
156.28,3.9243265781929493,1
156.29,4.392017089815083,1
156.3,3.2811047055634193,1
156.31,3.091068629585195,1
156.32,4.016029958842754,1
156.33,2.6350613209148586,1
156.34,2.7540273940677835,1
156.35,5.0211030026806345,1
156.36,4.995274564954798,1
156.37,3.6292329810537773,1
156.38,4.582910805671605,1
156.39000000000001,4.683833952697292,1
156.4,4.34817090924196,1
156.41,3.994402588112533,1
156.42000000000002,4.451661399913674,1
156.43,4.606757625410684,1
156.44,4.525225736845964,1
156.45000000000002,3.1016954748669647,1
156.46,5.336499389021256,1
156.47,5.699694807806686,1
156.48,2.906380496897274,1
156.49,4.287812854808542,1
156.5,5.343109311664631,1
156.51,4.706174643644118,1
156.52,4.654051056286557,1
156.53,3.04399085761496,1
156.54,4.383723385119903,1
156.55,4.1027862156202,1
156.56,4.440873036706607,1
156.57,3.2944163642903077,1
156.58,3.2193111988086227,1
156.59,3.8387624788045445,1
156.6,3.745781785424204,1
156.61,3.9073184484727945,1
156.62,3.728844795683942,1
156.63,3.9152050365038256,1
156.64000000000001,3.6349299350684636,1
156.65,4.022207981023113,1
156.66,3.148967951223282,1
156.67000000000002,4.342660765352329,1
156.68,4.2327473919091085,1
156.69,3.2171540404576766,1
156.70000000000002,4.812125895870105,1
156.71,3.487522155584708,1
156.72,4.695137727430658,1
156.73,4.193548355249782,1
156.74,4.588605818433369,1
156.75,4.0741981501367865,1
156.76,4.300948158199859,1
156.77,4.59998431249266,1
156.78,5.2302994412095,1
156.79,4.7491660029550316,1
156.8,4.337257005404038,1
156.81,3.1700026620271773,1
156.82,2.4282764742315464,1
156.83,3.8829824181809207,1
156.84,3.6016039036758163,1
156.85,3.6118042970872066,1
156.86,3.994508578918525,1
156.87,4.489866677969578,1
156.88,3.6696763744982874,1
156.89000000000001,4.582907162540126,1
156.9,4.055222627225519,1
156.91,4.002995982420349,1
156.92000000000002,5.171192186418159,1
156.93,4.123934220755061,1
156.94,3.900105808332169,1
156.95000000000002,4.258494206020943,1
156.96,5.110264697026855,1
156.97,3.976130905822217,1
156.98,4.240756054130448,1
156.99,3.9222861271247758,1
157.0,3.9299647372796898,1
157.01,3.7025330642357908,1
157.02,3.664292884102017,1
157.03,5.1422089264688,1
157.04,3.781390879050227,1
157.05,3.0627059266984618,1
157.06,4.096414427589741,1
157.07,4.72633047021524,1
157.08,4.892899792703366,1
157.09,3.3004703502103667,1
157.1,4.6785334364214615,1
157.11,5.351889765656198,1
157.12,3.5916746461404556,1
157.13,3.8006616494538537,1
157.14000000000001,3.1167696258357758,1
157.15,5.074305168125449,1
157.16,3.0248702583253775,1
157.17000000000002,3.621941757629565,1
157.18,4.443305638247943,1
157.19,3.5608909208551593,1
157.20000000000002,3.333369586424966,1
157.21,3.9508281532083553,1
157.22,5.593391716516391,1
157.23,3.9914029023286526,1
157.24,3.9373310864244977,1
157.25,3.3478675834692844,1
157.26,4.282017681554519,1
157.27,4.650462672378196,1
157.28,3.6887796407393343,1
157.29,4.3508249437197355,1
157.3,3.631223897242472,1
157.31,2.7244507976258574,1
157.32,4.1746789210740145,1
157.33,5.294500487256589,1
157.34,3.2295366177112723,1
157.35,3.9947240976974383,1
157.36,4.778205976614787,1
157.37,3.920364714814982,1
157.38,3.0263110839131637,1
157.39000000000001,3.948848853891649,1
157.4,4.965402907441658,1
157.41,3.753991293351244,1
157.42000000000002,4.181464902859441,1
157.43,3.389228637611967,1
157.44,3.971014013338534,1
157.45000000000002,4.324592433138724,1
157.46,4.172417009146168,1
157.47,3.790533318781625,1
157.48,4.317998027933832,1
157.49,4.47536926570628,1
157.5,4.504316794517653,1
157.51,3.8154770708331216,1
157.52,3.5404604366315047,1
157.53,5.184256073293171,1
157.54,4.088148663998167,1
157.55,3.7627887697057045,1
157.56,2.9561092258610064,1
157.57,3.27218987623075,1
157.58,3.4964372074349463,1
157.59,4.232990450882437,1
157.6,3.784332152541946,1
157.61,4.021641734460832,1
157.62,3.116904024443799,1
157.63,4.920148313957656,1
157.64000000000001,3.6489052787987237,1
157.65,4.206923549342114,1
157.66,3.739457224732604,1
157.67000000000002,3.8381103983109868,1
157.68,3.518226340548496,1
157.69,4.185243694314624,1
157.70000000000002,3.373556934142357,1
157.71,4.141589611090881,1
157.72,3.885858417392954,1
157.73,4.340026609602108,1
157.74,4.420989979038681,1
157.75,3.7437691719437303,1
157.76,4.150833397603295,1
157.77,3.6580352560896476,1
157.78,4.790251919572417,1
157.79,3.7925983843824356,1
157.8,3.8581203795551127,1
157.81,3.7120314751812824,1
157.82,3.552620311521692,1
157.83,5.354579267421268,1
157.84,4.469073922568895,1
157.85,4.147756289466392,1
157.86,3.7711639721002848,1
157.87,4.768645255792295,1
157.88,3.735230813094916,1
157.89000000000001,4.084378874068551,1
157.9,5.432918182272792,1
157.91,3.4401603197994555,1
157.92000000000002,4.270961604660913,1
157.93,4.141574169983349,1
157.94,4.2789782273399055,1
157.95000000000002,3.756450064307273,1
157.96,3.5298298087371505,1
157.97,4.058588687671387,1
157.98,3.6644907793319748,1
157.99,2.445135247207338,1
158.0,3.373253999276034,1
158.01,3.7816538845142826,1
158.02,3.3330990422406113,1
158.03,4.119850549741979,1
158.04,3.587841944469974,1
158.05,4.0225210314020154,1
158.06,5.479214331444632,1
158.07,4.945023933641016,1
158.08,4.483618066420795,1
158.09,5.224797153804202,1
158.1,4.0249087007191156,1
158.11,3.9362811636956465,1
158.12,3.2657359192558286,1
158.13,4.723348235659824,1
158.14000000000001,5.24095309803307,1
158.15,4.587775904407585,1
158.16,4.887516129924517,1
158.17000000000002,2.217031164956965,1
158.18,5.367945044991864,1
158.19,3.9924758263922975,1
158.20000000000002,5.5296521547317585,1
158.21,5.240045413236443,1
158.22,4.621114228048994,1
158.23,3.876595608937304,1
158.24,4.167467102033395,1
158.25,2.846203733299402,1
158.26,4.6059863451046565,1
158.27,2.438754227742697,1
158.28,3.7556668053205042,1
158.29,5.008537095414219,1
158.3,4.526656106745191,1
158.31,3.0142250262898713,1
158.32,3.0256849610254624,1
158.33,3.492007569879303,1
158.34,3.948171691459117,1
158.35,4.490186919560153,1
158.36,4.350108984850355,1
158.37,3.2738998738168026,1
158.38,4.314746292913507,1
158.39000000000001,4.4676044371812145,1
158.4,4.346505574349237,1
158.41,5.653429624713283,1
158.42000000000002,4.6160020802383706,1
158.43,4.726811669188796,1
158.44,5.332921138989509,1
158.45000000000002,4.706990780244493,1
158.46,3.7561630933362635,1
158.47,4.851827666905468,1
158.48,3.8338130168976123,1
158.49,3.374384035980823,1
158.5,3.378994738687617,1
158.51,4.73695316262338,1
158.52,4.401111061568581,1
158.53,4.650467814160313,1
158.54,4.3724038552976925,1
158.55,4.069438892405235,1
158.56,4.1392168735579435,1
158.57,4.3317055485247815,1
158.58,3.5858498834295394,1
158.59,3.116066900103661,1
158.6,3.633690600686849,1
158.61,4.35578577503544,1
158.62,3.6465511049173798,1
158.63,5.422449979089092,1
158.64000000000001,4.443852585874639,1
158.65,4.179593025905508,1
158.66,3.6886509018560734,1
158.67000000000002,4.635632021874312,1
158.68,3.294934263725119,1
158.69,4.184477695063916,1
158.70000000000002,3.72700111734379,1
158.71,4.0373613600272344,1
158.72,4.272210265452591,1
158.73,3.21109374912624,1
158.74,2.796315330113026,1
158.75,3.247860697337007,1
158.76,4.45406461252378,1
158.77,4.209187333251936,1
158.78,3.7079976586983987,1
158.79,5.237570676084735,1
158.8,4.9095465379144905,1
158.81,4.756322490768858,1
158.82,3.6210334683301646,1
158.83,4.7089790158087785,1
158.84,4.335801292888257,1
158.85,3.6269566363470838,1
158.86,3.9813583837026427,1
158.87,3.385271318954834,1
158.88,3.5433263549361134,1
158.89000000000001,3.2521252324558247,1
158.9,4.574284239377412,1
158.91,3.963716969265891,1
158.92000000000002,3.3413468985521515,1
158.93,4.234268263865332,1
158.94,3.9428302512982456,1
158.95000000000002,4.602733249588508,1
158.96,4.051392189869906,1
158.97,3.0104382695288714,1
158.98,3.575185090928481,1
158.99,3.2017895779873053,1
159.0,4.31888648107487,1
159.01,4.747484129159047,1
159.02,3.0886088240226757,1
159.03,3.9264398765837787,1
159.04,4.815725776953882,1
159.05,3.112787466962521,1
159.06,3.735800911088173,1
159.07,4.044155307765777,1
159.08,4.73837715209897,1
159.09,4.419612759460089,1
159.1,4.5096889417447645,1
159.11,4.396753450802864,1
159.12,3.736167155008112,1
159.13,4.988560158516881,1
159.14000000000001,3.5518070558873704,1
159.15,2.094960213716676,1
159.16,2.646169937890368,1
159.17000000000002,3.7827716994355045,1
159.18,3.7287109338861866,1
159.19,3.6138138369099377,1
159.20000000000002,4.075769060457438,1
159.21,4.808139895327347,1
159.22,4.388614550671245,1
159.23,4.5060150078093395,1
159.24,3.4019647055260354,1
159.25,3.7025191415583434,1
159.26,4.507846738286892,1
159.27,4.16070844348524,1
159.28,4.362313764783845,1
159.29,4.441840633445439,1
159.3,4.132856084907004,1
159.31,5.009636521391629,1
159.32,3.6701626749061256,1
159.33,3.386859428068949,1
159.34,2.7458474790667,1
159.35,4.335031403620768,1
159.36,3.578949657754436,1
159.37,4.7360019764310115,1
159.38,4.161899304062311,1
159.39000000000001,3.767969398209008,1
159.4,3.3032819038937586,1
159.41,4.532159493883539,1
159.42000000000002,4.042505385475671,1
159.43,4.238208155979191,1
159.44,4.478672764728452,1
159.45000000000002,4.276583512045239,1
159.46,3.5364927710792897,1
159.47,4.370559643593304,1
159.48,4.597543099282838,1
159.49,4.291479601837173,1
159.5,4.426291422662721,1
159.51,4.471610277182906,1
159.52,3.725780034528283,1
159.53,3.640342294154007,1
159.54,5.351023137020691,1
159.55,4.865817897965944,1
159.56,3.949387177659066,1
159.57,4.379846133460355,1
159.58,3.3712541697670058,1
159.59,3.5518037621008447,1
159.6,3.1655604334140723,1
159.61,4.160000358434111,1
159.62,4.248078688515241,1
159.63,4.7800024602466475,1
159.64000000000001,3.981427633412801,1
159.65,4.766353692702858,1
159.66,4.5408948089249686,1
159.67000000000002,5.688230365446411,1
159.68,5.226106459869709,1
159.69,5.063620853515238,1
159.70000000000002,4.6045490402520395,1
159.71,3.4313522672549506,1
159.72,4.11031483088689,1
159.73,5.402997784408536,1
159.74,4.340905537396577,1
159.75,3.4118256850198416,1
159.76,4.1114117352418935,1
159.77,3.304444155283822,1
159.78,3.3596035319716506,1
159.79,4.207577214232409,1
159.8,4.493776716504301,1
159.81,3.536633092403107,1
159.82,3.6546810911539165,1
159.83,3.1157074100881976,1
159.84,3.9352539878720427,1
159.85,2.8089113155612058,1
159.86,3.8057252643792907,1
159.87,4.1001316784838755,1
159.88,2.9099404654765038,1
159.89000000000001,3.302958326511453,1
159.9,3.9177049981924688,1
159.91,3.842796101202635,1
159.92000000000002,3.8474684078241888,1
159.93,4.115819217727752,1
159.94,2.850111652066449,1
159.95000000000002,4.315370934287226,1
159.96,3.740838156879079,1
159.97,3.53746393455572,1
159.98,2.7191360890013376,1
159.99,3.727636363245974,1
160.0,4.317361514602911,1
160.01,4.135619149714433,1
160.02,4.164505011637249,1
160.03,3.85178894812909,1
160.04,4.024022943044376,1
160.05,3.3583233400432335,1
160.06,4.029691577848739,1
160.07,3.7432969026423937,1
160.08,3.297935073491734,1
160.09,4.469459782620989,1
160.1,3.0047786550879754,1
160.11,4.255737031785629,1
160.12,4.350763393236264,1
160.13,3.617057999315971,1
160.14000000000001,4.573381401495081,1
160.15,3.60318901888761,1
160.16,3.5083711030998437,1
160.17000000000002,3.131520754107246,1
160.18,3.8992733528252392,1
160.19,3.3500515184560142,1
160.20000000000002,3.4488433760187593,1
160.21,3.949235283639226,1
160.22,4.027241385787986,1
160.23,4.878420566912398,1
160.24,4.7289875369689796,1
160.25,4.476673895665143,1
160.26,4.004799321614018,1
160.27,3.798307002214565,1
160.28,4.0137839598775145,1
160.29,3.661794933279086,1
160.3,3.5234406091350463,1
160.31,3.895561802268957,1
160.32,3.3782734687585347,1
160.33,3.3707515512313253,1
160.34,4.50959380118988,1
160.35,3.0599649695379014,1
160.36,3.197675570361077,1
160.37,4.7178411596347,1
160.38,3.7454996612466065,1
160.39000000000001,4.855635495612376,1
160.4,3.2954011314178784,1
160.41,4.030317435451825,1
160.42000000000002,4.548142423353192,1
160.43,3.506967980502354,1
160.44,5.128974913126312,1
160.45000000000002,3.8899031856039836,1
160.46,4.394991008282885,1
160.47,3.6439142897651333,1
160.48,4.989576636641325,1
160.49,4.278103149348293,1
160.5,5.375978812892015,1
160.51,4.822853418502792,1
160.52,4.546922835928484,1
160.53,3.351207796535353,1
160.54,3.943278204358244,1
160.55,3.7156923538534175,1
160.56,3.928674024353584,1
160.57,4.031409669749738,1
160.58,3.374346452325695,1
160.59,3.8389785408157624,1
160.6,3.929282130487508,1
160.61,3.3650128545306512,1
160.62,4.526774146564351,1
160.63,4.237861285363364,1
160.64000000000001,4.61413513914305,1
160.65,4.428404528596867,1
160.66,2.98513897477335,1
160.67000000000002,3.4585921214964377,1
160.68,5.0833064194191495,1
160.69,4.596286908555688,1
160.70000000000002,2.982127458644256,1
160.71,4.219163050389647,1
160.72,3.427839763625178,1
160.73,2.5435073324031463,1
160.74,4.915654368715412,1
160.75,4.0283779043984556,1
160.76,4.071200007001348,1
160.77,3.1286862337447565,1
160.78,3.156392650114061,1
160.79,2.8947832861940177,1
160.8,4.854545375062285,1
160.81,3.0097548912952643,1
160.82,5.0351417175377,1
160.83,3.4837676072795065,1
160.84,3.2445436954474425,1
160.85,3.994180375462622,1
160.86,3.627000498974743,1
160.87,4.100904479757264,1
160.88,3.4800692630392667,1
160.89000000000001,3.7873074643182756,1
160.9,3.4936877233650536,1
160.91,4.503688081501853,1
160.92000000000002,4.31728638101772,1
160.93,4.117864593649437,1
160.94,4.618442698902504,1
160.95000000000002,4.132430126349775,1
160.96,4.052671526592467,1
160.97,3.8651745543513623,1
160.98,3.4840484042246773,1
160.99,3.483851565679945,1
161.0,4.065970635481879,1
161.01,4.689126987938052,1
161.02,4.45695566421018,1
161.03,4.455657936477648,1
161.04,3.38183460147044,1
161.05,4.377573450663979,1
161.06,3.83492157381137,1
161.07,4.16427459274475,1
161.08,4.411159239845714,1
161.09,3.2963888469312352,1
161.1,4.058428135918984,1
161.11,4.13207816932507,1
161.12,4.610328291708658,1
161.13,3.6393559477226924,1
161.14000000000001,3.8664424893773375,1
161.15,4.0268293664590855,1
161.16,3.5950195704666634,1
161.17000000000002,3.5683904158265736,1
161.18,3.5587679892979267,1
161.19,3.8687556882576546,1
161.20000000000002,5.127169379901,1
161.21,4.032610320749792,1
161.22,4.363826217376997,1
161.23,4.1042279422622165,1
161.24,3.878922863766173,1
161.25,4.052470131064215,1
161.26,4.5736064299225445,1
161.27,4.059881454139509,1
161.28,3.9423134449641593,1
161.29,3.8661110413488067,1
161.3,3.3458847094981454,1
161.31,4.610872322518129,1
161.32,3.7011277413532264,1
161.33,4.873563109206936,1
161.34,4.138984880967778,1
161.35,4.8450832981293495,1
161.36,3.8496918718055126,1
161.37,3.4551183908775056,1
161.38,4.601043885726283,1
161.39000000000001,3.650160380794054,1
161.4,4.814586402372635,1
161.41,4.4490827755138005,1
161.42000000000002,5.022670172095462,1
161.43,3.4896970337554665,1
161.44,4.662195007838515,1
161.45000000000002,3.633250767669828,1
161.46,2.494409694863103,1
161.47,4.551117556175604,1
161.48,4.072052830277626,1
161.49,4.650665255672602,1
161.5,4.097257325881189,1
161.51,3.9950478215918674,1
161.52,4.925916692336185,1
161.53,4.070407293294226,1
161.54,3.6235048824656624,1
161.55,3.844635031138406,1
161.56,4.0216740368908965,1
161.57,2.0954508706351014,1
161.58,4.1612307585597,1
161.59,4.8694704507616295,1
161.6,4.021866164843613,1
161.61,3.753033581573507,1
161.62,4.282316343587258,1
161.63,5.210102985350031,1
161.64000000000001,4.449234626298075,1
161.65,4.241480833961666,1
161.66,3.832354249447843,1
161.67000000000002,3.356177319175643,1
161.68,4.019697695107716,1
161.69,4.050058057779311,1
161.70000000000002,2.7479195707131283,1
161.71,3.4285955482726482,1
161.72,4.672078924271885,1
161.73,3.810981734068974,1
161.74,2.32304684542289,1
161.75,4.862836793580726,1
161.76,3.4020487919031788,1
161.77,3.598843606048177,1
161.78,4.6220122990080625,1
161.79,3.533942014089585,1
161.8,2.6953523650728215,1
161.81,4.0876053147513405,1
161.82,4.56781011217124,1
161.83,3.7915960625328955,1
161.84,3.979992381692391,1
161.85,3.308748520790688,1
161.86,3.3839238470638886,1
161.87,3.8144781759407844,1
161.88,4.452846617529037,1
161.89000000000001,4.1125098707465355,1
161.9,4.667104821356243,1
161.91,5.088215594310548,1
161.92000000000002,4.594987082960627,1
161.93,2.942184931873509,1
161.94,3.6802064525919382,1
161.95000000000002,4.474397621705841,1
161.96,3.879615114994222,1
161.97,2.8819453907137316,1
161.98,3.5316372837174836,1
161.99,2.4755657962882096,1
162.0,3.729970036115335,1
162.01,3.5641228137089014,1
162.02,3.7853893949375763,1
162.03,4.815598643163944,1
162.04,3.2572854207814284,1
162.05,3.5648728338449582,1
162.06,3.304368379933961,1
162.07,4.713532249404504,1
162.08,4.819930925688731,1
162.09,4.30472310079642,1
162.1,4.216827322139945,1
162.11,3.2094740951677228,1
162.12,4.036268487288278,1
162.13,3.2123481687980306,1
162.14000000000001,3.907267480236447,1
162.15,3.696226674322446,1
162.16,3.524976407258229,1
162.17000000000002,3.9297056859364634,1
162.18,4.392069927210563,1
162.19,5.153592044535554,1
162.20000000000002,4.428193780103437,1
162.21,5.528438708551501,1
162.22,4.267611840939693,1
162.23,5.235394435244428,1
162.24,4.428944469944819,1
162.25,4.256754018298902,1
162.26,3.9775385696260157,1
162.27,4.252873961313708,1
162.28,4.3383325984735235,1
162.29,3.12251554528256,1
162.3,4.400082984402017,1
162.31,3.036425479508284,1
162.32,4.351586259898433,1
162.33,4.347813508130744,1
162.34,4.870814103621333,1
162.35,3.4174568696894836,1
162.36,3.2533021534733364,1
162.37,4.613463237841824,1
162.38,3.296281434202446,1
162.39000000000001,3.1746491661584866,1
162.4,4.0873195696292175,1
162.41,3.9996657091652086,1
162.42000000000002,4.146318519630275,1
162.43,4.419571749710402,1
162.44,4.449890998698969,1
162.45000000000002,4.051902222841123,1
162.46,4.105641900772307,1
162.47,4.023032820921842,1
162.48,4.067408532451772,1
162.49,3.125727493519844,1
162.5,4.436828067921525,1
162.51,4.682131545189568,1
162.52,4.408970883572743,1
162.53,4.326308985906627,1
162.54,3.304646599962577,1
162.55,2.9645835607538733,1
162.56,4.405697776758645,1
162.57,3.982721608777529,1
162.58,4.06582127522154,1
162.59,4.12121765741813,1
162.6,4.175539615950273,1
162.61,4.454748079251193,1
162.62,4.010907798583677,1
162.63,2.8264746684404445,1
162.64000000000001,4.448447143448398,1
162.65,4.477070725690715,1
162.66,3.2599058993178818,1
162.67000000000002,3.259185763847364,1
162.68,4.571600980809372,1
162.69,4.782283406792542,1
162.70000000000002,2.31720658199243,1
162.71,4.160342772865952,1
162.72,3.8209192889675827,1
162.73,3.975475067463362,1
162.74,4.011504099999835,1
162.75,3.4307550557433832,1
162.76,4.318032143851709,1
162.77,3.512434365972147,1
162.78,4.412290055192986,1
162.79,4.631571576639864,1
162.8,3.473495582809201,1
162.81,3.443106235060096,1
162.82,4.085868914297743,1
162.83,5.042668054905038,1
162.84,3.7501945521331392,1
162.85,3.7988410649533764,1
162.86,4.267535884528461,1
162.87,4.502346590077507,1
162.88,4.415191991508926,1
162.89000000000001,4.067764544369815,1
162.9,3.8043530370196437,1
162.91,4.178836064271794,1
162.92000000000002,1.8885682160735981,1
162.93,5.0242400939620575,1
162.94,3.8686969085329337,1
162.95000000000002,4.034966941229662,1
162.96,5.292951883424876,1
162.97,3.5364368591873916,1
162.98,5.442192141126344,1
162.99,4.544545063504027,1
163.0,4.323884042727708,1
163.01,4.46193451303886,1
163.02,3.5272757894862137,1
163.03,2.963645710834676,1
163.04,3.2441009769667097,1
163.05,4.735628271023202,1
163.06,3.508396328595473,1
163.07,2.9574331692684255,1
163.08,3.9291225957677924,1
163.09,4.3905308531379825,1
163.1,4.047026642003934,1
163.11,4.3715416961509765,1
163.12,4.726159074497978,1
163.13,4.352331634154671,1
163.14000000000001,3.8489847375649924,1
163.15,3.5623350948382204,1
163.16,4.402575929787384,1
163.17000000000002,4.142630175770138,1
163.18,3.406928040736412,1
163.19,4.787409199468942,1
163.20000000000002,4.218826873913674,1
163.21,4.461480134080345,1
163.22,3.8188753743486377,1
163.23,4.784673207784317,1
163.24,3.0906552991293896,1
163.25,5.107985519524467,1
163.26,2.8797884908021416,1
163.27,3.099751484884901,1
163.28,4.152519375269734,1
163.29,3.6866812111015492,1
163.3,3.766686352545457,1
163.31,3.616693010051981,1
163.32,3.4233800634213662,1
163.33,4.109166960814129,1
163.34,3.902840503206268,1
163.35,4.492841416080715,1
163.36,4.010303769032752,1
163.37,3.6700198856655653,1
163.38,4.439559032480145,1
163.39000000000001,2.815664781500535,1
163.4,2.2553160613143786,1
163.41,2.8898153580531454,1
163.42000000000002,3.756041592377317,1
163.43,4.301258332041129,1
163.44,2.3571386926259468,1
163.45000000000002,3.969330208778015,1
163.46,3.839383992553748,1
163.47,4.139384309524959,1
163.48,2.813808181886858,1
163.49,5.64758918765906,1
163.5,4.11846356957819,1
163.51,3.19264564669675,1
163.52,3.990004456329785,1
163.53,4.907395819342746,1
163.54,3.147427140522498,1
163.55,2.9035394883853933,1
163.56,3.7863401617032424,1
163.57,3.905805592023291,1
163.58,4.411491176066116,1
163.59,4.96000218336224,1
163.6,4.565170529620146,1
163.61,3.1582601965857915,1
163.62,3.300112206194003,1
163.63,3.5019461543378183,1
163.64000000000001,4.54689636476692,1
163.65,4.5018971894926425,1
163.66,4.919920063347878,1
163.67000000000002,4.4774717115542675,1
163.68,3.664666396677102,1
163.69,3.874089998269186,1
163.70000000000002,3.042749388133417,1
163.71,4.325401755619517,1
163.72,3.5677788173284966,1
163.73,4.7065269033521675,1
163.74,4.35968043085076,1
163.75,5.203576085350404,1
163.76,4.2733057813131605,1
163.77,4.2164699924768385,1
163.78,3.8514255091343106,1
163.79,3.7196616280126027,1
163.8,3.8168421779886046,1
163.81,4.662008049121914,1
163.82,3.2102425154334426,1
163.83,4.055603063369487,1
163.84,2.9943733966591175,1
163.85,4.257094404927057,1
163.86,3.7892028987327206,1
163.87,4.374272970801154,1
163.88,3.5838416256725023,1
163.89000000000001,3.830195448553953,1
163.9,4.39861939628755,1
163.91,4.080871221076071,1
163.92000000000002,4.960321707327164,1
163.93,3.683278243873917,1
163.94,3.5402686017724254,1
163.95000000000002,4.69944751284282,1
163.96,3.7324410786332995,1
163.97,3.6556822020412056,1
163.98,4.184768739736621,1
163.99,3.882873006804898,1
164.0,3.79231603668446,1
164.01,3.562624631545797,1
164.02,4.903212876056202,1
164.03,4.018350967118994,1
164.04,3.7085641512857075,1
164.05,3.8653221140482805,1
164.06,4.2934871897759335,1
164.07,5.02588888867658,1
164.08,3.9949634751039036,1
164.09,3.461791887641955,1
164.1,5.21124214571714,1
164.11,4.135902558438012,1
164.12,3.893885860442177,1
164.13,3.9783415276698864,1
164.14000000000001,3.118408764118571,1
164.15,3.842209086643271,1
164.16,4.412103660219175,1
164.17000000000002,4.7562192677999295,1
164.18,3.7698162784369607,1
164.19,4.086238605279945,1
164.20000000000002,4.809890797209079,1
164.21,4.097664610596665,1
164.22,4.518215446064878,1
164.23,4.368298352522633,1
164.24,3.6632977231925823,1
164.25,3.4608181564770404,1
164.26,4.726251890303714,1
164.27,2.3683523882350386,1
164.28,3.511418815317191,1
164.29,3.087273787801766,1
164.3,4.632026924362774,1
164.31,4.898709979023344,1
164.32,3.5384150952101736,1
164.33,5.704354105051083,1
164.34,4.923637962932791,1
164.35,4.107903418290795,1
164.36,4.908426297980481,1
164.37,3.577977398116581,1
164.38,3.752079031323099,1
164.39000000000001,4.26376907284984,1
164.4,3.568286268337227,1
164.41,3.16552080536569,1
164.42000000000002,3.3868744641536326,1
164.43,3.8974984253792675,1
164.44,4.370556525309973,1
164.45000000000002,3.8784352056611096,1
164.46,3.000013403498639,1
164.47,4.305314653223115,1
164.48,4.887660417959062,1
164.49,3.646968333398409,1
164.5,5.056201485573344,1
164.51,4.602400773844437,1
164.52,3.3066362461282894,1
164.53,3.476115788380071,1
164.54,3.693295254555342,1
164.55,3.785949883953291,1
164.56,2.3337811965940047,1
164.57,3.3511989829858226,1
164.58,3.5587184229423063,1
164.59,5.1782731040818994,1
164.6,4.219415582595069,1
164.61,3.5201108171572946,1
164.62,3.7322147644840893,1
164.63,4.321641984222224,1
164.64000000000001,3.8462723705757003,1
164.65,3.686421720560621,1
164.66,3.6935321337948417,1
164.67000000000002,4.3530311690377665,1
164.68,3.167824711183545,1
164.69,3.2667576758574097,1
164.70000000000002,3.3526393362388465,1
164.71,3.2200689953319603,1
164.72,3.373267100992176,1
164.73,4.482406202650118,1
164.74,4.629160825277587,1
164.75,4.138606121189502,1
164.76,4.0764085929716485,1
164.77,3.5097245527186156,1
164.78,2.5771704736281005,1
164.79,3.986065341528828,1
164.8,4.1938272319285765,1
164.81,3.599251097026988,1
164.82,3.323308029501145,1
164.83,3.1950695834628515,1
164.84,4.13267231300117,1
164.85,4.136537060478542,1
164.86,4.854539461579801,1
164.87,3.5888338849495622,1
164.88,3.8316490150888174,1
164.89000000000001,4.022959173434503,1
164.9,3.643129783054305,1
164.91,4.498244235862326,1
164.92000000000002,4.7877001396099494,1
164.93,3.268038092292916,1
164.94,3.586663419092982,1
164.95000000000002,4.759174475227122,1
164.96,4.183944084154766,1
164.97,4.026930765205552,1
164.98,4.179882934021867,1
164.99,4.41445304107763,1
165.0,4.278851199762159,1
165.01,4.180039058220471,1
165.02,4.0625544531322815,1
165.03,4.94042021234495,1
165.04,3.95585364788411,1
165.05,4.073588760420625,1
165.06,5.082678173212112,1
165.07,4.336457769522213,1
165.08,4.020124249118982,1
165.09,4.4323541526143355,1
165.1,4.171930000642631,1
165.11,3.506035090087447,1
165.12,4.083851595400936,1
165.13,3.418379469785415,1
165.14000000000001,5.078164300444947,1
165.15,4.144180325856552,1
165.16,3.3286301738699238,1
165.17000000000002,3.6448112543516693,1
165.18,4.428385491742225,1
165.19,3.2958470389002197,1
165.20000000000002,5.7243501158041346,1
165.21,3.18397219908408,1
165.22,4.597169550425176,1
165.23,3.7820040265317014,1
165.24,3.534305612179063,1
165.25,4.396389345866737,1
165.26,3.800527378794309,1
165.27,5.080833488252055,1
165.28,3.198790818874677,1
165.29,4.338649989285705,1
165.3,3.8402633824661283,1
165.31,4.157928761845245,1
165.32,4.2974957942815974,1
165.33,2.8324255384704795,1
165.34,4.009574850627838,1
165.35,4.631748927350712,1
165.36,4.269225883657215,1
165.37,3.716728290972219,1
165.38,3.022546652550193,1
165.39000000000001,4.249025717373023,1
165.4,5.233697464122242,1
165.41,4.528182984726479,1
165.42000000000002,4.828392061417727,1
165.43,4.716971780835563,1
165.44,3.8601786015162576,1
165.45000000000002,4.125756876146099,1
165.46,4.642352921304214,1
165.47,3.0737293048128524,1
165.48,4.410433051972099,1
165.49,4.863348295663122,1
165.5,4.016994238911416,1
165.51,4.504457893545961,1
165.52,3.6250355338416065,1
165.53,3.9404096770506327,1
165.54,3.7470201479519036,1
165.55,4.207726063508822,1
165.56,3.873359802055354,1
165.57,2.8446915938242117,1
165.58,3.4216000876380432,1
165.59,5.203751815746927,1
165.6,4.441941644454266,1
165.61,2.6900456749418837,1
165.62,4.750610045764341,1
165.63,3.35895272885472,1
165.64000000000001,4.613385838836601,1
165.65,4.9506770153493145,1
165.66,4.194304573064401,1
165.67000000000002,3.42500160106991,1
165.68,3.544620656495261,1
165.69,4.402858124444178,1
165.70000000000002,3.2859531026641986,1
165.71,3.554886708598854,1
165.72,4.2605341251230575,1
165.73,3.531231043963287,1
165.74,4.821516708492176,1
165.75,3.3003200865820363,1
165.76,1.7532834206248802,1
165.77,3.3001085571298083,1
165.78,4.116084021783157,1
165.79,4.545218487175248,1
165.8,3.769222045927182,1
165.81,3.830999723991339,1
165.82,4.015359538980276,1
165.83,5.193024646148172,1
165.84,4.389532490256114,1
165.85,3.779081386907029,1
165.86,5.38927398877822,1
165.87,4.150784957085828,1
165.88,2.7056610458574424,1
165.89000000000001,3.04442630893117,1
165.9,4.303382453156545,1
165.91,2.8403651222742914,1
165.92000000000002,4.208032328561378,1
165.93,3.444516159990586,1
165.94,4.658606045425747,1
165.95000000000002,4.072768630494515,1
165.96,2.8709340736621938,1
165.97,4.465274130666976,1
165.98,4.869518470327616,1
165.99,3.201824708494625,1
166.0,3.43272023097431,1
166.01,4.316645972656895,1
166.02,4.50685465306638,1
166.03,5.61916515482027,1
166.04,4.747398405780931,1
166.05,5.677977019732196,1
166.06,4.18455754422744,1
166.07,4.320137827015649,1
166.08,3.6937293974815475,1
166.09,3.6644438499295027,1
166.1,4.073826301738526,1
166.11,3.601762654745526,1
166.12,2.2669129206601615,1
166.13,3.401475202207262,1
166.14000000000001,4.5904775859809455,1
166.15,4.007234326222345,1
166.16,3.9800238790393583,1
166.17000000000002,3.4432999766064962,1
166.18,4.13948628092517,1
166.19,5.062654683706415,1
166.20000000000002,4.974061402306313,1
166.21,4.320551382675762,1
166.22,3.5108517507222516,1
166.23,5.179160350406627,1
166.24,4.830218178731525,1
166.25,3.1644335515593855,1
166.26,2.8812916052891,1
166.27,3.0681726007416463,1
166.28,3.66692359835257,1
166.29,4.5870182021295,1
166.3,4.603378134983316,1
166.31,4.2325502262727195,1
166.32,3.8772828029306354,1
166.33,5.469310274542714,1
166.34,4.03800979945844,1
166.35,3.870407056846025,1
166.36,3.591608232104363,1
166.37,5.350545490088092,1
166.38,4.505633919060281,1
166.39000000000001,3.337232284763178,1
166.4,3.213641361635514,1
166.41,2.887482966721478,1
166.42000000000002,3.9160015825180876,1
166.43,3.084604747645186,1
166.44,3.2597030343575133,1
166.45000000000002,4.724187900868783,1
166.46,4.6928399932281675,1
166.47,5.069391460502695,1
166.48,3.1533166749057373,1
166.49,3.320764675963945,1
166.5,3.5499316842060686,1
166.51,5.012409134477459,1
166.52,4.056004748036548,1
166.53,5.123643150703936,1
166.54,4.402321315854684,1
166.55,3.875762115510475,1
166.56,4.293583871776262,1
166.57,2.835386290197205,1
166.58,2.554134895887577,1
166.59,4.059562010328092,1
166.6,4.014401465019371,1
166.61,5.280172472661325,1
166.62,3.227647389900562,1
166.63,4.257216765295036,1
166.64000000000001,4.538751104448528,1
166.65,4.330186847646879,1
166.66,4.804123709251125,1
166.67000000000002,3.6981022948635935,1
166.68,4.565001652660791,1
166.69,4.420133834799642,1
166.70000000000002,4.780164736733802,1
166.71,3.6904308044870624,1
166.72,3.166243242992324,1
166.73,3.4802491285543637,1
166.74,3.2068707149298197,1
166.75,3.5104032450543587,1
166.76,3.6824469871019243,1
166.77,3.329453369531594,1
166.78,3.921671386493064,1
166.79,3.2084198774956953,1
166.8,3.9064939208030456,1
166.81,3.6977964688217075,1
166.82,3.9487491279441187,1
166.83,4.314046976965126,1
166.84,3.8196836356225314,1
166.85,3.559851312597303,1
166.86,3.6201985180167044,1
166.87,4.701200195272897,1
166.88,4.913321683673968,1
166.89000000000001,3.7426179209759174,1
166.9,3.882808228323405,1
166.91,2.8623839443705896,1
166.92000000000002,3.768155163496345,1
166.93,2.982378096117649,1
166.94,3.5498939756540646,1
166.95000000000002,4.596589116627348,1
166.96,2.9900348738537135,1
166.97,3.293995113940912,1
166.98,3.3324373910501124,1
166.99,2.855245839241948,1
167.0,4.492546316667076,1
167.01,4.23415419956284,1
167.02,5.233225762769789,1
167.03,3.490102149024005,1
167.04,2.891784263298328,1
167.05,4.619696880726075,1
167.06,3.8743443090391048,1
167.07,3.7498577388192706,1
167.08,4.987117319077566,1
167.09,4.191273764027905,1
167.1,4.596661560479908,1
167.11,3.6070867097202144,1
167.12,3.4603908261414844,1
167.13,3.6686587618250495,1
167.14000000000001,4.342871545099319,1
167.15,3.978162814899272,1
167.16,4.231031873282755,1
167.17000000000002,2.264653012703483,1
167.18,2.6316641180965363,1
167.19,2.498630432324621,1
167.20000000000002,3.665304276153072,1
167.21,3.097797434121309,1
167.22,5.0877043024541155,1
167.23,4.113287063347288,1
167.24,4.219592203843501,1
167.25,3.3815217916938884,1
167.26,3.3068463084073096,1
167.27,5.0250555951394595,1
167.28,5.261123582619368,1
167.29,4.367364763010557,1
167.3,2.7023017984618627,1
167.31,3.6213542217018455,1
167.32,4.134998727486772,1
167.33,3.798288818792746,1
167.34,2.5400709614014474,1
167.35,5.0369885691123315,1
167.36,3.4488421326513348,1
167.37,3.036597866167164,1
167.38,3.879022963691963,1
167.39000000000001,4.739219313624771,1
167.4,4.378696367575028,1
167.41,3.193817404471648,1
167.42000000000002,3.0365165935034755,1
167.43,2.582131270165436,1
167.44,3.797927603590952,1
167.45000000000002,3.756355493038372,1
167.46,4.3900799732167455,1
167.47,3.638782198986812,1
167.48,4.6532360769489856,1
167.49,4.485872206435858,1
167.5,3.554749541657858,1
167.51,4.202369012496215,1
167.52,4.8288781621706205,1
167.53,3.36449887135835,1
167.54,3.7512553946043377,1
167.55,3.7586006777276024,1
167.56,3.6821356491670194,1
167.57,4.44106538741416,1
167.58,4.554996264671593,1
167.59,4.2752611231550635,1
167.6,4.250886436101096,1
167.61,3.6749974483119194,1
167.62,4.240495492481243,1
167.63,3.242474455385072,1
167.64000000000001,5.634899506108514,1
167.65,5.04962082019187,1
167.66,4.7548904746776754,1
167.67000000000002,4.370390827553461,1
167.68,4.330852124596675,1
167.69,2.9451515575865193,1
167.70000000000002,3.118602218571606,1
167.71,3.1866423822419474,1
167.72,3.9435186356907117,1
167.73,3.7520522463933297,1
167.74,4.4393352141532025,1
167.75,3.324449897264618,1
167.76,4.554278955184379,1
167.77,3.440813974727739,1
167.78,3.6521223942047367,1
167.79,4.538217830041937,1
167.8,4.361210854637109,1
167.81,3.2344131418009976,1
167.82,4.689997658744764,1
167.83,4.161036736579924,1
167.84,2.6919378122027675,1
167.85,3.4501947839142955,1
167.86,3.772518663695277,1
167.87,3.287806789837988,1
167.88,4.87159877398124,1
167.89000000000001,3.831041528153593,1
167.9,4.2869592483257435,1
167.91,4.1265362509294645,1
167.92000000000002,4.419960666970331,1
167.93,5.048821332545251,1
167.94,4.42914211554531,1
167.95000000000002,5.080972115862284,1
167.96,4.449215177597265,1
167.97,4.0521383548161936,1
167.98,4.168558787645739,1
167.99,2.2847984381209,1
168.0,3.6032531506010272,1
168.01,3.9077560306762362,1
168.02,4.324227211258611,1
168.03,4.0648022435986455,1
168.04,4.292717774911257,1
168.05,3.234474059109121,1
168.06,2.9993319372106906,1
168.07,3.23246580263999,1
168.08,5.016523918372832,1
168.09,3.260241946892464,1
168.1,3.4424614821359016,1
168.11,4.010052949768579,1
168.12,2.922372602951893,1
168.13,3.3074397917298977,1
168.14000000000001,4.325360766773351,1
168.15,3.659872128881552,1
168.16,5.00060240290539,1
168.17000000000002,2.8978075137253176,1
168.18,3.666491559077697,1
168.19,3.674046397484765,1
168.20000000000002,3.9761293274752876,1
168.21,3.227329388380501,1
168.22,3.622548452561656,1
168.23,4.5512590205579,1
168.24,3.9304814126174272,1
168.25,3.3771933851991394,1
168.26,5.3835129403017605,1
168.27,4.175024443049588,1
168.28,4.451596317549846,1
168.29,4.544794717598579,1
168.3,3.985294677968098,1
168.31,3.4619877896623144,1
168.32,4.051424946694825,1
168.33,3.4869328160189093,1
168.34,4.138099319570228,1
168.35,3.8262871439120505,1
168.36,4.5862069621281405,1
168.37,3.2343775908049714,1
168.38,4.377117694096029,1
168.39000000000001,4.398965475396042,1
168.4,3.870335981122535,1
168.41,4.490713522993205,1
168.42000000000002,4.346772167918776,1
168.43,4.515573705643953,1
168.44,4.494714383156393,1
168.45000000000002,4.137637340026619,1
168.46,3.692708156356467,1
168.47,3.6473896059347126,1
168.48,3.8827141044179174,1
168.49,4.561918648453357,1
168.5,4.4424532124358285,1
168.51,4.654535733885831,1
168.52,4.7115179361744035,1
168.53,3.839999520593485,1
168.54,5.191474717886793,1
168.55,3.928588288992156,1
168.56,3.603976455773191,1
168.57,4.132358384981011,1
168.58,4.278648292339377,1
168.59,3.513673289105676,1
168.6,3.8693656675847294,1
168.61,3.726875303755083,1
168.62,4.120989192321288,1
168.63,4.585535706168292,1
168.64000000000001,3.934803746660894,1
168.65,4.443117215373975,1
168.66,3.1967470417637607,1
168.67000000000002,4.589279908831484,1
168.68,3.784297592980254,1
168.69,3.703189757423204,1
168.70000000000002,4.240460214558308,1
168.71,4.283561811398657,1
168.72,3.8986055019188974,1
168.73,3.3553380129584256,1
168.74,3.577960839832576,1
168.75,3.9610387587540874,1
168.76,4.244200916466179,1
168.77,3.420542580443688,1
168.78,3.5067503051870883,1
168.79,4.119110469652565,1
168.8,3.9546292220234784,1
168.81,4.117051439354196,1
168.82,2.3562375794842536,1
168.83,3.7719266295790983,1
168.84,4.612142769228934,1
168.85,3.712565987504243,1
168.86,4.369710357891437,1
168.87,3.2980703971942824,1
168.88,2.9870435745715964,1
168.89000000000001,4.232214744020576,1
168.9,3.977111165635172,1
168.91,3.7559721343664108,1
168.92000000000002,4.489030701743711,1
168.93,3.7651105463025214,1
168.94,3.503243713359025,1
168.95000000000002,3.41409423081694,1
168.96,3.275652013533449,1
168.97,4.1991573717309905,1
168.98,3.7663116475004115,1
168.99,4.705379366416545,1
169.0,2.1282478010631936,1
169.01,4.511181707485065,1
169.02,4.309548545067998,1
169.03,4.021543586646957,1
169.04,3.23558754768134,1
169.05,2.952593730722179,1
169.06,4.495769482219461,1
169.07,4.247014184895038,1
169.08,4.202791164158659,1
169.09,3.967581412554535,1
169.1,4.547951393196498,1
169.11,3.628025113772446,1
169.12,3.713872571825595,1
169.13,3.806352032136197,1
169.14000000000001,3.7775511637127783,1
169.15,4.778425060659079,1
169.16,3.161505337935544,1
169.17000000000002,2.621352104619515,1
169.18,2.9307272783369966,1
169.19,4.357516171839544,1
169.20000000000002,3.957548759212617,1
169.21,2.9848781254860692,1
169.22,4.049297782644564,1
169.23,3.8546467672571088,1
169.24,4.426496334399687,1
169.25,4.61636774146148,1
169.26,5.742121004168959,1
169.27,3.3976698789445825,1
169.28,2.798387022149543,1
169.29,4.332039726013069,1
169.3,4.658646821384889,1
169.31,3.1870900076727593,1
169.32,3.0786049067358765,1
169.33,4.106251118794138,1
169.34,5.046579906306516,1
169.35,3.4185907350700195,1
169.36,3.9503223797780356,1
169.37,2.7046429848660187,1
169.38,3.750290993357096,1
169.39000000000001,3.889379519959371,1
169.4,4.947028771854226,1
169.41,3.623030078423723,1
169.42000000000002,4.468284275047576,1
169.43,3.5892555879275294,1
169.44,4.1061667607304795,1
169.45000000000002,5.429631048998235,1
169.46,5.320478493088161,1
169.47,5.411458225012297,1
169.48,4.385783388403991,1
169.49,3.9086226211986452,1
169.5,4.177902105141227,1
169.51,4.288338375774516,1
169.52,4.224359425030137,1
169.53,3.4899933962370113,1
169.54,3.4095646229229097,1
169.55,3.5022695545675675,1
169.56,4.593303281386739,1
169.57,4.740435323727968,1
169.58,6.066790651804374,1
169.59,4.3782787457423336,1
169.6,3.5126243677317617,1
169.61,3.6847610758693086,1
169.62,3.924433236183706,1
169.63,5.034663689603704,1
169.64000000000001,4.609832981082173,1
169.65,3.2381765000727425,1
169.66,3.98869335202943,1
169.67000000000002,3.104741323431626,1
169.68,4.373840859334258,1
169.69,3.5857330862284096,1
169.70000000000002,3.5770743388383255,1
169.71,2.7309278394375656,1
169.72,4.369361819155764,1
169.73,4.744479668730176,1
169.74,3.522866543207667,1
169.75,3.790817070961128,1
169.76,3.6051762941325673,1
169.77,3.774540957519161,1
169.78,3.411516781202973,1
169.79,3.2289161262238153,1
169.8,4.84321833346769,1
169.81,2.3625906363550455,1
169.82,4.27437890616654,1
169.83,4.262196873131174,1
169.84,5.1610435336882,1
169.85,3.991723546386846,1
169.86,3.8298758595481277,1
169.87,3.525395885568531,1
169.88,4.245363305106917,1
169.89000000000001,3.577100653140884,1
169.9,3.2407540998096556,1
169.91,3.4514825108088645,1
169.92000000000002,3.307229624572582,1
169.93,3.2438399674800347,1
169.94,3.9377800189715257,1
169.95000000000002,3.7946108983020292,1
169.96,4.2729837801566255,1
169.97,4.051749743917371,1
169.98,3.1796047839275645,1
169.99,2.5517039182606553,1
170.0,3.229319332107051,1
170.01,4.474034308620887,1
170.02,4.554835136115405,1
170.03,4.734077374760226,1
170.04,4.659925584432372,1
170.05,4.820401960516902,1
170.06,4.38413846983939,1
170.07,5.253004893360331,1
170.08,4.3088488289515645,1
170.09,5.337611153946853,1
170.1,3.6723543495081294,1
170.11,3.532622731402456,1
170.12,3.801594457769463,1
170.13,3.901877922646283,1
170.14000000000001,3.7134790164103992,1
170.15,4.257525952226178,1
170.16,3.8777784580464623,1
170.17000000000002,3.538557526073308,1
170.18,3.672219341347041,1
170.19,4.7484623303609155,1
170.20000000000002,4.252177401692663,1
170.21,2.9522350363944914,1
170.22,4.9628104892347125,1
170.23,4.400941553623712,1
170.24,4.510944289750415,1
170.25,4.708900024839993,1
170.26,4.750145904443667,1
170.27,3.5088175407311093,1
170.28,3.319282259283075,1
170.29,5.5359113818619266,1
170.3,3.6377383517627684,1
170.31,4.199224273122403,1
170.32,5.024955611149328,1
170.33,3.7118378437483703,1
170.34,3.676851167827591,1
170.35,4.506292857360896,1
170.36,4.097211780105201,1
170.37,4.266919710266335,1
170.38,3.920692553337303,1
170.39000000000001,3.6318199735302175,1
170.4,3.7633706500879227,1
170.41,4.785209731368184,1
170.42000000000002,3.9008460954177204,1
170.43,4.334119084158584,1
170.44,3.4636626415563274,1
170.45000000000002,5.367046851222996,1
170.46,4.360202539198497,1
170.47,4.302118577607808,1
170.48,4.662263102520915,1
170.49,3.7496166799309227,1
170.5,4.758032056913886,1
170.51,3.0369379788737727,1
170.52,3.498022960029073,1
170.53,3.388121631992585,1
170.54,2.6708997657961495,1
170.55,3.5017928925542137,1
170.56,3.8651153368983784,1
170.57,3.224579949051943,1
170.58,3.1094706344800396,1
170.59,3.951319014020009,1
170.6,3.946661613486087,1
170.61,3.8490984008860565,1
170.62,3.2149825186578793,1
170.63,3.758811936832042,1
170.64000000000001,3.6254318599595523,1
170.65,4.108681321379802,1
170.66,3.7152188336454475,1
170.67000000000002,4.0179247364677595,1
170.68,3.193718616456614,1
170.69,3.0672084397811377,1
170.70000000000002,4.304297313571743,1
170.71,4.490119280154329,1
170.72,3.7290568353286035,1
170.73,3.939774539368008,1
170.74,3.632398294452188,1
170.75,4.614420783902332,1
170.76,3.833802939380455,1
170.77,3.6061869245033598,1
170.78,4.56019434234871,1
170.79,3.5094659613899837,1
170.8,4.073668451657475,1
170.81,3.3488637894934365,1
170.82,4.437650394853413,1
170.83,4.617226372483358,1
170.84,3.2730929843550776,1
170.85,3.0944950978495926,1
170.86,4.204168436282828,1
170.87,5.331665931860662,1
170.88,4.696585512922569,1
170.89000000000001,3.925926156442266,1
170.9,3.439776893313823,1
170.91,3.15261038546734,1
170.92000000000002,4.368875684175919,1
170.93,4.558955108707735,1
170.94,3.5518215822192354,1
170.95000000000002,3.7375899829410804,1
170.96,3.94343750899759,1
170.97,5.112677217800009,1
170.98,4.0658943495850455,1
170.99,3.345583713412819,1
171.0,3.211755298437335,1
171.01,3.386197993524064,1
171.02,4.828845485098004,1
171.03,4.444571063267617,1
171.04,3.874709220892283,1
171.05,2.1699003514055444,1
171.06,3.4082661315199974,1
171.07,4.24782957670041,1
171.08,4.28650585502911,1
171.09,4.26193652998787,1
171.1,3.1400625651463567,1
171.11,4.038526019876141,1
171.12,3.3235730468603317,1
171.13,3.8987413458520304,1
171.14000000000001,3.4235690629317697,1
171.15,4.584506439322901,1
171.16,4.1827312227292905,1
171.17000000000002,3.8578740738953328,1
171.18,4.843961888720054,1
171.19,3.7870537989641324,1
171.20000000000002,3.0705661885154827,1
171.21,4.6540366431221045,1
171.22,4.24842279375016,1
171.23,3.870038378559015,1
171.24,3.6467229692794896,1
171.25,4.385649454370856,1
171.26,4.62233345608004,1
171.27,3.600029463688044,1
171.28,4.385950394415768,1
171.29,4.2076575062607295,1
171.3,3.472824825889461,1
171.31,3.9461515910905822,1
171.32,3.5965455395873698,1
171.33,4.718660070772272,1
171.34,3.5498820549477297,1
171.35,4.876558988007327,1
171.36,4.066572557907623,1
171.37,2.8112986720640527,1
171.38,2.4755561295574595,1
171.39000000000001,3.7512830244531084,1
171.4,4.851855535179888,1
171.41,4.874294467147199,1
171.42000000000002,4.205905945979492,1
171.43,3.596022924834788,1
171.44,3.7772071114896586,1
171.45000000000002,4.196602000765387,1
171.46,4.788556560124449,1
171.47,4.476782972523315,1
171.48,4.699997570604571,1
171.49,4.481534593388949,1
171.5,4.636584497775607,1
171.51,2.5463419834168315,1
171.52,3.2881236437975963,1
171.53,3.1785529125374863,1
171.54,3.100010130230596,1
171.55,3.8741797820943646,1
171.56,2.9821294929477404,1
171.57,3.266428600003874,1
171.58,3.8488031823372983,1
171.59,2.928560402345082,1
171.6,3.6217569686810913,1
171.61,4.416526622209211,1
171.62,3.2754447841693124,1
171.63,4.535088362617304,1
171.64000000000001,3.5812377708913403,1
171.65,4.226563082677042,1
171.66,3.367141580177311,1
171.67000000000002,4.316337697024894,1
171.68,3.8651465029060708,1
171.69,4.316290858844007,1
171.70000000000002,3.6637528375614483,1
171.71,4.315892946896064,1
171.72,4.522907090989395,1
171.73,4.047155499165266,1
171.74,3.6194875288258124,1
171.75,3.750106386706857,1
171.76,3.093430281748787,1
171.77,4.0171088982027685,1
171.78,4.3620835998823075,1
171.79,5.016065717537363,1
171.8,4.911316988027771,1
171.81,3.4452866502844923,1
171.82,4.1498782052744225,1
171.83,3.9846072893058984,1
171.84,4.861548881307372,1
171.85,3.6669961123559,1
171.86,4.621028638253457,1
171.87,3.4570028379987994,1
171.88,3.941796003724273,1
171.89000000000001,3.444511203232328,1
171.9,2.6902120584906126,1
171.91,3.3098792872835054,1
171.92000000000002,3.74597171937451,1
171.93,4.848198239407806,1
171.94,3.273185393137019,1
171.95000000000002,3.487941050315315,1
171.96,2.96345174486484,1
171.97,4.62722933832548,1
171.98,3.6957331021968556,1
171.99,3.7403019068828027,1
172.0,3.7602811457158554,1
172.01,2.7447512345104763,1
172.02,3.0186484252166665,1
172.03,3.385475046875925,1
172.04,4.435019220635242,1
172.05,2.4799539356128784,1
172.06,4.331297233640291,1
172.07,4.302646319278423,1
172.08,2.8837454036932275,1
172.09,3.7492640362610503,1
172.1,4.738618904996082,1
172.11,3.325010565995505,1
172.12,3.55582263933357,1
172.13,5.702902398139592,1
172.14000000000001,4.241424878803064,1
172.15,3.771656620989543,1
172.16,3.6054854338525026,1
172.17000000000002,4.158224718561163,1
172.18,4.4107422633967746,1
172.19,2.6040240776353047,1
172.20000000000002,2.4682826745237647,1
172.21,3.2852564255112005,1
172.22,3.90283687525439,1
172.23,4.105101728930059,1
172.24,2.973254127065689,1
172.25,3.880960614331659,1
172.26,4.017531001171528,1
172.27,3.509802549813653,1
172.28,3.6669348787948275,1
172.29,3.5305413027942496,1
172.3,4.271600674620148,1
172.31,3.9960318270093755,1
172.32,3.213075662966356,1
172.33,4.510546524130242,1
172.34,3.071292517052726,1
172.35,2.7574578940382573,1
172.36,3.695102074787227,1
172.37,3.7592000980633413,1
172.38,3.989638794077493,1
172.39000000000001,3.2110030731486376,1
172.4,4.533599922162871,1
172.41,5.16930890319514,1
172.42000000000002,4.10165197586888,1
172.43,4.273035810297539,1
172.44,2.7162186805258077,1
172.45000000000002,3.7162388631323275,1
172.46,3.6026761815133628,1
172.47,3.4795536968094254,1
172.48,3.585307199271174,1
172.49,3.6351567186774756,1
172.5,3.0326235007016074,1
172.51,3.6010824913567814,1
172.52,3.254652345758699,1
172.53,4.404872647990043,1
172.54,4.166418589340944,1
172.55,4.149766756356083,1
172.56,4.571468764878499,1
172.57,3.438018022178587,1
172.58,4.098188470504289,1
172.59,4.678380892191913,1
172.6,3.4607309026141446,1
172.61,2.675780169060847,1
172.62,3.5179450176801117,1
172.63,4.653595090268738,1
172.64000000000001,3.4930377308764213,1
172.65,3.7432473672327937,1
172.66,3.549990632738878,1
172.67000000000002,3.909648783951673,1
172.68,3.3574198290870214,1
172.69,3.0210512338601814,1
172.70000000000002,3.653745560655564,1
172.71,3.77905432602364,1
172.72,4.665609140364031,1
172.73,4.021029375120882,1
172.74,3.168817857426247,1
172.75,3.3999577349451324,1
172.76,4.355647724895059,1
172.77,3.6861982956045676,1
172.78,3.228792967225373,1
172.79,3.9852450376759063,1
172.8,3.4880956738146747,1
172.81,4.304241302737362,1
172.82,4.299296956722833,1
172.83,3.3354042960078343,1
172.84,5.190464762430697,1
172.85,4.06709004532916,1
172.86,2.346975473268793,1
172.87,4.207889758496001,1
172.88,2.3697784204876315,1
172.89000000000001,4.598758510403882,1
172.9,4.071465981369243,1
172.91,3.8847195361656675,1
172.92000000000002,3.8926204181076414,1
172.93,4.257203489118216,1
172.94,3.5765419533492038,1
172.95000000000002,3.837589202165538,1
172.96,3.9406243088111266,1
172.97,2.0118832244859752,1
172.98,4.168024020639961,1
172.99,4.428154062375839,1
173.0,4.265572136138439,1
173.01,4.233174311514885,1
173.02,5.040203915695702,1
173.03,4.040578319500946,1
173.04,4.013236399240379,1
173.05,3.5979449249372433,1
173.06,2.750322200716396,1
173.07,4.227148685486851,1
173.08,3.6485322496732318,1
173.09,2.696891299084537,1
173.1,3.816395495053368,1
173.11,3.8421915084509326,1
173.12,3.7405020432406277,1
173.13,3.9554055702144315,1
173.14000000000001,2.8571723174491352,1
173.15,4.444580145154666,1
173.16,4.181527993747463,1
173.17000000000002,4.701930472373397,1
173.18,3.583984095408938,1
173.19,4.177106544445447,1
173.20000000000002,2.7445246137565493,1
173.21,3.3534985297468425,1
173.22,3.061311061183762,1
173.23,4.119045054606588,1
173.24,3.307603678113143,1
173.25,3.6949703338570004,1
173.26,3.9952654462512447,1
173.27,3.740357279090816,1
173.28,3.1184509946130277,1
173.29,4.981898649792253,1
173.3,4.077151621771181,1
173.31,4.998634481494403,1
173.32,3.289763687268354,1
173.33,3.5965726832703577,1
173.34,3.9049435126672294,1
173.35,4.8580356857584235,1
173.36,4.994338647862101,1
173.37,3.662717975401658,1
173.38,3.4081145071345382,1
173.39000000000001,3.8839555836251134,1
173.4,4.718225712188723,1
173.41,4.100823426547196,1
173.42000000000002,4.202958059126112,1
173.43,4.791765253449238,1
173.44,4.732733198908,1
173.45000000000002,4.757506455783941,1
173.46,4.520333937690424,1
173.47,4.968655774203977,1
173.48,3.3128999104856405,1
173.49,5.440060708013493,1
173.5,4.772912079837678,1
173.51,3.9176406681313263,1
173.52,4.669533945115022,1
173.53,3.7528387624175923,1
173.54,4.2210496322081825,1
173.55,4.321918480848391,1
173.56,4.507419525469308,1
173.57,3.672038669217025,1
173.58,4.510347523084969,1
173.59,3.722002153767239,1
173.6,4.4590803757041,1
173.61,4.040665839254727,1
173.62,2.8645415857852417,1
173.63,3.5157416697710375,1
173.64000000000001,4.593432231019841,1
173.65,3.9140236699542115,1
173.66,4.853510910124942,1
173.67000000000002,3.3241475345218174,1
173.68,4.454262666209562,1
173.69,4.018315421463102,1
173.70000000000002,3.839494247565411,1
173.71,3.201129470176246,1
173.72,4.04279550789841,1
173.73,3.286066261110598,1
173.74,3.472268011515793,1
173.75,3.801631760810207,1
173.76,3.679520240374338,1
173.77,4.587474709656028,1
173.78,2.3115425436627564,1
173.79,3.7610573607848172,1
173.8,3.751765463803174,1
173.81,4.004305091835645,1
173.82,3.692656618646341,1
173.83,4.7077831041731235,1
173.84,3.9474566812758254,1
173.85,4.15854171671535,1
173.86,4.659718421245652,1
173.87,4.1334801453248815,1
173.88,3.2276484697413985,1
173.89000000000001,3.69877863718402,1
173.9,3.8999126625554394,1
173.91,2.90093619564092,1
173.92000000000002,3.42667416753645,1
173.93,3.8594070354806047,1
173.94,5.224939341944243,1
173.95000000000002,4.2388431252400265,1
173.96,4.045391742601235,1
173.97,5.0394955779717465,1
173.98,4.400643052784782,1
173.99,4.475066725491912,1
174.0,3.7659815238867917,1
174.01,3.1896037707363707,1
174.02,4.166680269032014,1
174.03,5.2541963076678,1
174.04,5.129151999160495,1
174.05,4.570010200361033,1
174.06,3.659996248193997,1
174.07,3.033659831305048,1
174.08,3.4516612917343323,1
174.09,4.130257255291454,1
174.1,3.700726470171572,1
174.11,4.607484961410547,1
174.12,3.0246812323897805,1
174.13,3.7960386003029596,1
174.14000000000001,3.418111351074445,1
174.15,4.532827814477014,1
174.16,4.312746852575676,1
174.17000000000002,3.419428061784062,1
174.18,4.476262137411854,1
174.19,2.953779839206579,1
174.20000000000002,2.7795804294222246,1
174.21,3.3771721630009073,1
174.22,2.721606274924272,1
174.23,3.9121619748395426,1
174.24,4.014513332272125,1
174.25,3.813203196308598,1
174.26,4.409740814043109,1
174.27,3.615383250933808,1
174.28,3.1781187379502516,1
174.29,3.4553200702419327,1
174.3,3.1740206439206546,1
174.31,3.528794646148115,1
174.32,4.31290143593235,1
174.33,2.817259108191298,1
174.34,3.636434243139691,1
174.35,4.524081552296594,1
174.36,4.655517145869969,1
174.37,3.5366567371058877,1
174.38,5.365063585761054,1
174.39000000000001,3.3776897142943825,1
174.4,3.8159066206780414,1
174.41,3.2543592189946593,1
174.42000000000002,4.281799753003996,1
174.43,5.896321063572793,1
174.44,5.382253051186158,1
174.45000000000002,4.707534887120978,1
174.46,3.7195792365026485,1
174.47,3.934371265033845,1
174.48,4.763325013954391,1
174.49,4.554000853193963,1
174.5,4.085555972141403,1
174.51,4.072488877311556,1
174.52,4.643779043667577,1
174.53,4.8223975993205626,1
174.54,3.0034204395609367,1
174.55,4.012073751245418,1
174.56,4.304575430231667,1
174.57,3.61283987694041,1
174.58,4.7634965224645205,1
174.59,3.836709196215332,1
174.6,4.839569063932938,1
174.61,3.8361043244264788,1
174.62,4.203995592177184,1
174.63,4.228082038092803,1
174.64000000000001,5.16464649038603,1
174.65,4.626094041667438,1
174.66,3.811916646031567,1
174.67000000000002,3.8722246134587324,1
174.68,3.856286418668665,1
174.69,4.02527883718483,1
174.70000000000002,3.387181362067811,1
174.71,3.885739246063975,1
174.72,4.835251303527404,1
174.73,4.8470375628230125,1
174.74,2.9633006256132113,1
174.75,2.7443041651486846,1
174.76,3.4685328069242,1
174.77,2.7536210686344296,1
174.78,3.0623553215362596,1
174.79,4.149715838566466,1
174.8,3.985886626705793,1
174.81,2.907279909836546,1
174.82,4.739127589569492,1
174.83,3.8324671423665215,1
174.84,3.725875629799906,1
174.85,4.718558304368338,1
174.86,4.380988390131635,1
174.87,4.055491780022119,1
174.88,3.725566043201571,1
174.89000000000001,4.37502040647796,1
174.9,3.7401966416602015,1
174.91,3.811518839288308,1
174.92000000000002,3.1798071111998816,1
174.93,4.630214652732165,1
174.94,4.972980700710363,1
174.95000000000002,4.120426368652033,1
174.96,3.6205139667262896,1
174.97,4.524021420079446,1
174.98,4.370235505901861,1
174.99,3.712383602548686,1
175.0,4.731121437479265,1
175.01,3.7931887516761553,1
175.02,3.198654218681056,1
175.03,3.9711315491004884,1
175.04,4.77402292600032,1
175.05,4.188555397474897,1
175.06,3.3217585234321123,1
175.07,3.757903019232458,1
175.08,4.804817529151911,1
175.09,4.247854304150881,1
175.1,4.001138259654757,1
175.11,3.890731130667128,1
175.12,4.64855990749083,1
175.13,4.6353593708755945,1
175.14000000000001,3.056795227832694,1
175.15,4.477825378641966,1
175.16,4.2924550647005155,1
175.17000000000002,4.990966332985223,1
175.18,3.9714639253922366,1
175.19,4.712959691911296,1
175.20000000000002,4.348518151668448,1
175.21,3.322903412524674,1
175.22,4.667107046880843,1
175.23,4.627102365631715,1
175.24,3.6881363112321828,1
175.25,4.2445668123266005,1
175.26,5.453530393367015,1
175.27,3.8339585128616713,1
175.28,4.504336243468133,1
175.29,3.341770348822393,1
175.3,3.588990046426659,1
175.31,4.4765350334363205,1
175.32,4.149594755807187,1
175.33,3.8165069303996275,1
175.34,5.021418223868811,1
175.35,3.387751478563489,1
175.36,3.7972650258718623,1
175.37,4.246755856385868,1
175.38,3.406206461422238,1
175.39000000000001,4.272875711958666,1
175.4,4.71513636123523,1
175.41,3.993272421098724,1
175.42000000000002,3.600519706103606,1
175.43,3.8352109662353575,1
175.44,2.3244851890132487,1
175.45000000000002,4.6277061956498144,1
175.46,4.2806207590584275,1
175.47,3.9625230349080214,1
175.48,2.959429163644356,1
175.49,4.679042555765995,1
175.5,3.7553338796219697,1
175.51,4.327344830475934,1
175.52,3.9667088816774645,1
175.53,2.888309705286693,1
175.54,4.6841648270908465,1
175.55,4.665431206016327,1
175.56,4.4643684476460574,1
175.57,4.171987789879124,1
175.58,3.1902208529670117,1
175.59,4.49332231148564,1
175.6,5.461749694241069,1
175.61,4.187778596975178,1
175.62,4.144844754178719,1
175.63,3.355685524510504,1
175.64000000000001,2.6902069938705764,1
175.65,3.7638427550526,1
175.66,5.0184642815576455,1
175.67000000000002,4.993133693840528,1
175.68,4.060288775998598,1
175.69,4.304597653229481,1
175.70000000000002,3.2262842048063667,1
175.71,4.001022508692775,1
175.72,3.6142557066861887,1
175.73,3.950427579427513,1
175.74,3.7466213134830433,1
175.75,3.719575899892912,1
175.76,4.55838250435877,1
175.77,5.247596587095767,1
175.78,3.921768522853072,1
175.79,4.893854577793866,1
175.8,3.2495516996073,1
175.81,3.9198473861496663,1
175.82,3.199722435003521,1
175.83,3.811212634490125,1
175.84,4.525240131870371,1
175.85,4.832751536095037,1
175.86,3.616119759748324,1
175.87,4.334330291250855,1
175.88,4.861255291159323,1
175.89000000000001,4.779324457612134,1
175.9,4.21329499554993,1
175.91,3.605796553218728,1
175.92000000000002,3.4838717165210924,1
175.93,3.3603966108351293,1
175.94,3.868912129484308,1
175.95000000000002,3.3826127166537123,1
175.96,4.331603809820558,1
175.97,4.107891400718814,1
175.98,4.0820805935541635,1
175.99,2.788871038508973,1
176.0,3.9468399527417537,1
176.01,3.723642506235182,1
176.02,5.434592550689836,1
176.03,3.317508531328742,1
176.04,3.897966337307458,1
176.05,4.317878313231491,1
176.06,3.4592330077936952,1
176.07,5.278816425397157,1
176.08,5.384298680171289,1
176.09,3.5479916843733035,1
176.1,3.58741393286067,1
176.11,5.343437821623485,1
176.12,4.940358800442288,1
176.13,3.7548786905716027,1
176.14000000000001,4.193019512874062,1
176.15,3.03639674265129,1
176.16,5.296206655704693,1
176.17000000000002,4.064890795086951,1
176.18,4.340699316925064,1
176.19,3.3918571028789017,1
176.20000000000002,3.2278661161426463,1
176.21,4.271074409097652,1
176.22,5.305154310336047,1
176.23,3.789531193100431,1
176.24,3.424302765131208,1
176.25,4.238870841765717,1
176.26,5.147875001183287,1
176.27,3.7146938297920142,1
176.28,3.863883442255728,1
176.29,4.5568834936151195,1
176.3,4.644693828974321,1
176.31,3.829404922067001,1
176.32,4.655760575348978,1
176.33,4.3205258572083665,1
176.34,3.957535584257217,1
176.35,4.50755705265849,1
176.36,4.455266618431112,1
176.37,3.2878275357368767,1
176.38,4.8766758000595,1
176.39000000000001,4.254805728825943,1
176.4,4.909309549883435,1
176.41,4.112885166085606,1
176.42000000000002,4.212988214957123,1
176.43,4.333488491987427,1
176.44,4.4470223369559685,1
176.45000000000002,5.093796284105629,1
176.46,4.439552966787836,1
176.47,4.068369278882972,1
176.48,4.7022559700720885,1
176.49,4.343303643279518,1
176.5,5.93675036107452,1
176.51,4.280564044279847,1
176.52,4.77432685562306,1
176.53,4.556880043786179,1
176.54,2.631178223520905,1
176.55,3.3643862029160703,1
176.56,3.605467373305671,1
176.57,2.9431545285349263,1
176.58,3.636995598667029,1
176.59,3.0666549702716552,1
176.6,3.2258242637448085,1
176.61,4.135016345573191,1
176.62,5.299001497041171,1
176.63,3.255998618192572,1
176.64000000000001,3.238919674895436,1
176.65,3.6841133729667384,1
176.66,3.9568387370787796,1
176.67000000000002,3.0569856626644016,1
176.68,3.532972133334304,1
176.69,3.480362227576245,1
176.70000000000002,4.173901380984923,1
176.71,4.261872952625571,1
176.72,3.871057035498504,1
176.73,3.685258830948751,1
176.74,3.448440274468954,1
176.75,3.9249368402926716,1
176.76,3.290899005076418,1
176.77,4.901190454438199,1
176.78,3.039049861683564,1
176.79,3.4946141135139497,1
176.8,4.534474361905932,1
176.81,3.798142393464709,1
176.82,4.469423758790904,1
176.83,5.204230485312783,1
176.84,4.684996367511937,1
176.85,3.336625990433162,1
176.86,3.2825853946313446,1
176.87,3.895520601594962,1
176.88,4.324333009865224,1
176.89000000000001,4.8239356339719315,1
176.9,3.538630729859976,1
176.91,3.6329766803984223,1
176.92000000000002,3.769810017617242,1
176.93,3.748640413082227,1
176.94,4.883135085709716,1
176.95000000000002,3.910044465981213,1
176.96,4.0226234670604395,1
176.97,4.5325978693613544,1
176.98,5.021160206741417,1
176.99,4.016533515729838,1
177.0,4.819475095011506,1
177.01,5.259800446221947,1
177.02,4.049535969443015,1
177.03,3.6991671981874856,1
177.04,5.47318383086145,1
177.05,4.891216506907869,1
177.06,4.132861869842384,1
177.07,4.489841919021803,1
177.08,3.3945192646319047,1
177.09,4.705394188824752,1
177.1,2.8729285488271397,1
177.11,4.602317963551861,1
177.12,3.5223326379921645,1
177.13,2.8363556605577434,1
177.14000000000001,2.5594302184285174,1
177.15,3.5291893084998436,1
177.16,4.36185807063019,1
177.17000000000002,3.0597531256922665,1
177.18,3.0987703891284037,1
177.19,3.6033616793379313,1
177.20000000000002,4.501648752834578,1
177.21,4.659872407296805,1
177.22,4.175883759994568,1
177.23,4.710491697880231,1
177.24,4.560972489699865,1
177.25,3.838539850871128,1
177.26,4.651714695625229,1
177.27,3.2660476462136927,1
177.28,4.314748853939582,1
177.29,3.284241035344922,1
177.3,4.048224303879228,1
177.31,4.768814094350835,1
177.32,4.138918457222348,1
177.33,3.938274373880158,1
177.34,4.070750742549035,1
177.35,4.3591845138553085,1
177.36,5.334868828135916,1
177.37,4.443258233350038,1
177.38,3.6574104378012597,1
177.39000000000001,3.822164560527026,1
177.4,3.406136123018496,1
177.41,3.1850359469535245,1
177.42000000000002,2.418380752987735,1
177.43,3.6675020373986458,1
177.44,3.1410115865102743,1
177.45000000000002,4.086866632392177,1
177.46,3.745934553749341,1
177.47,3.3405944274044757,1
177.48,2.6387600168242065,1
177.49,3.7135644744509158,1
177.5,2.8443330997407594,1
177.51,4.364116873527387,1
177.52,4.1416923948820585,1
177.53,3.7994481798846755,1
177.54,4.857052465151832,1
177.55,3.9823639447594408,1
177.56,4.17815859500243,1
177.57,4.396580062736772,1
177.58,3.6452870341584003,1
177.59,3.625076976392915,1
177.6,4.005879861628397,1
177.61,3.1514097237497793,1
177.62,5.152987421300604,1
177.63,4.235396750032769,1
177.64000000000001,3.955948376275898,1
177.65,5.425942096761106,1
177.66,3.442160788450039,1
177.67000000000002,5.0233849891773925,1
177.68,4.63223119612959,1
177.69,4.784594926687151,1
177.70000000000002,3.9316905740787216,1
177.71,4.007427112475172,1
177.72,3.732167446710832,1
177.73,4.568485720323999,1
177.74,4.216077357758463,1
177.75,3.575168375110705,1
177.76,3.570662893966738,1
177.77,3.9044723994881836,1
177.78,3.7355336895780193,1
177.79,4.8976959924363,1
177.8,4.57973833797116,1
177.81,4.582534412810219,1
177.82,4.2322638525050555,1
177.83,3.5395749276559707,1
177.84,4.4962304651141105,1
177.85,2.7438471631843626,1
177.86,4.108847403058234,1
177.87,3.539760862021516,1
177.88,3.438640435703761,1
177.89000000000001,3.687593804964603,1
177.9,3.925311685206598,1
177.91,3.9556046081551424,1
177.92000000000002,4.464526124925881,1
177.93,3.8531500987379395,1
177.94,3.8529801037817335,1
177.95000000000002,3.0102298991544396,1
177.96,3.0483088328273875,1
177.97,4.069000946500754,1
177.98,4.370196418790906,1
177.99,3.831310102776168,1
178.0,4.596692020739167,1
178.01,3.147041850935368,1
178.02,4.252945508760569,1
178.03,3.5244187553753004,1
178.04,3.4397687150571308,1
178.05,3.545521459510825,1
178.06,3.991612770018043,1
178.07,4.344422086263593,1
178.08,4.299316281064972,1
178.09,3.8513857182283022,1
178.1,4.399833214326458,1
178.11,5.09367527221393,1
178.12,3.942603533851783,1
178.13,3.996162463581485,1
178.14000000000001,3.530660391568808,1
178.15,3.64209064824324,1
178.16,4.717204756886196,1
178.17000000000002,4.79952988124277,1
178.18,3.8743738539246153,1
178.19,4.288651912237865,1
178.20000000000002,4.61602172707438,1
178.21,3.771969483952314,1
178.22,3.184546634627173,1
178.23,4.4602163871363265,1
178.24,4.6814164543333385,1
178.25,4.6024736894641265,1
178.26,3.864674355814054,1
178.27,5.040275169587771,1
178.28,4.289995252142219,1
178.29,3.294710376493733,1
178.3,2.9206115984265084,1
178.31,3.7176871267277316,1
178.32,4.083385916916101,1
178.33,3.756275346471771,1
178.34,5.2066562692883664,1
178.35,4.259080652606798,1
178.36,3.3128532498616887,1
178.37,2.425551458730634,1
178.38,4.014877466539482,1
178.39000000000001,4.620654696422332,1
178.4,5.2479886752461935,1
178.41,3.9682700802471307,1
178.42000000000002,5.160918606029185,1
178.43,3.249843520079028,1
178.44,3.8040543562466826,1
178.45000000000002,3.40550776000337,1
178.46,4.549552983941576,1
178.47,3.2489528034451434,1
178.48,4.258743491930817,1
178.49,3.2316897587945883,1
178.5,5.092917654737796,1
178.51,3.798025549708376,1
178.52,4.187577177561659,1
178.53,2.7887471864829343,1
178.54,2.8852526471097333,1
178.55,3.355878213996077,1
178.56,4.4419089511653524,1
178.57,4.393995233680761,1
178.58,4.6847325988934125,1
178.59,3.039626908202444,1
178.6,4.272732416828411,1
178.61,3.6778076211837525,1
178.62,3.501886511710602,1
178.63,3.6834443224504705,1
178.64000000000001,3.977640223114959,1
178.65,4.502998093185483,1
178.66,4.829972985823526,1
178.67000000000002,4.448041346773889,1
178.68,4.480906403161894,1
178.69,5.2336016896099595,1
178.70000000000002,4.524814018488508,1
178.71,3.8680252534163637,1
178.72,4.323579548679433,1
178.73,5.065484873227223,1
178.74,3.4270126603375064,1
178.75,3.610581458811817,1
178.76,4.846235224096087,1
178.77,3.8021505885773665,1
178.78,4.440882760398742,1
178.79,4.840950100385142,1
178.8,3.237127610988888,1
178.81,3.7139526044950357,1
178.82,4.810013972217007,1
178.83,4.028471591805167,1
178.84,2.764188298103718,1
178.85,3.6704030767320366,1
178.86,4.566978942406694,1
178.87,4.922400696061245,1
178.88,4.1314734818376735,1
178.89000000000001,4.343679909827935,1
178.9,3.779680620654052,1
178.91,4.548071538190591,1
178.92000000000002,4.912052883627149,1
178.93,4.491253513586911,1
178.94,3.880603965598817,1
178.95000000000002,4.199065133731155,1
178.96,4.558661106835877,1
178.97,3.991337035062494,1
178.98,4.4757470805710655,1
178.99,4.24691201776914,1
179.0,4.937218428687802,1
179.01,4.5352240355910665,1
179.02,3.754174510882352,1
179.03,4.9584268278228825,1
179.04,4.428203974471469,1
179.05,4.010462445430533,1
179.06,3.19339548024314,1
179.07,4.161885363545634,1
179.08,5.243381686159198,1
179.09,2.325604578387214,1
179.1,2.1528892581286847,1
179.11,4.362323978734541,1
179.12,4.129435330482169,1
179.13,4.382128146535475,1
179.14000000000001,3.609192022394564,1
179.15,2.5114694635196155,1
179.16,3.2995876955894317,1
179.17000000000002,4.909995567732944,1
179.18,3.7184560294450724,1
179.19,3.6738224298598916,1
179.20000000000002,2.275881803358004,1
179.21,2.7504754228593695,1
179.22,4.690876653829014,1
179.23,3.935028158332861,1
179.24,4.7114234030819055,1
179.25,3.6290983647326716,1
179.26,3.0966909518415515,1
179.27,3.836662973644727,1
179.28,3.6615907491502298,1
179.29,3.4610624151452636,1
179.3,3.442569416493336,1
179.31,3.854281058655541,1
179.32,3.6267733702596248,1
179.33,3.310823736613473,1
179.34,5.057399107490988,1
179.35,4.28514349339275,1
179.36,4.048652286469125,1
179.37,3.899586265912821,1
179.38,4.382705699249964,1
179.39000000000001,4.346124788864867,1
179.4,3.351180515764155,1
179.41,2.9916109816006315,1
179.42000000000002,2.5095442957657697,1
179.43,5.13512942088089,1
179.44,3.85137902731003,1
179.45000000000002,4.450663035946729,1
179.46,4.229427503356014,1
179.47,4.666016462004757,1
179.48,4.041226492686331,1
179.49,3.162748809456562,1
179.5,3.2753702347282423,1
179.51,3.7042187680147163,1
179.52,2.9081444745353555,1
179.53,3.318276346959972,1
179.54,3.109064650502524,1
179.55,3.6578474620398347,1
179.56,3.5863462788688727,1
179.57,3.9925477081237215,1
179.58,4.510816469538342,1
179.59,3.851333242769803,1
179.6,3.0177562849248196,1
179.61,2.6367661565919995,1
179.62,4.069062001098881,1
179.63,3.63424835113904,1
179.64000000000001,3.948155516862882,1
179.65,4.286140099798103,1
179.66,5.024827946768863,1
179.67000000000002,2.9878138234603715,1
179.68,3.3254965549367412,1
179.69,3.926127306604581,1
179.70000000000002,3.2542937556844462,1
179.71,2.9643936528682113,1
179.72,4.742015783211036,1
179.73,3.3026760955484606,1
179.74,3.036522060018262,1
179.75,3.1218037736454454,1
179.76,4.580647913562112,1
179.77,3.523498844098649,1
179.78,3.0292425892546184,1
179.79,3.3747332051744494,1
179.8,3.9327127541539912,1
179.81,4.599290959149534,1
179.82,4.605600566420931,1
179.83,3.59359698065848,1
179.84,3.703208351961073,1
179.85,5.422039483281086,1
179.86,4.8026358338654935,1
179.87,3.9449521626244186,1
179.88,2.550675331783036,1
179.89000000000001,3.6372391958331036,1
179.9,3.1160020288904984,1
179.91,3.3625061086894577,1
179.92000000000002,3.289875600318192,1
179.93,3.7454779973009145,1
179.94,3.957789498535474,1
179.95000000000002,3.4473616154889384,1
179.96,3.0665443381955524,1
179.97,3.76774058662267,1
179.98,3.619627203271246,1
179.99,2.7240992884500144,1
180.0,4.319138852592887,1
180.01,3.570972507463403,1
180.02,3.8449694711484153,1
180.03,3.9099554703775343,1
180.04,4.056780058935066,1
180.05,4.173598866400649,1
180.06,3.235239659849461,1
180.07,4.21693789907639,1
180.08,3.8328721009267603,1
180.09,4.715490316620347,1
180.1,4.5702281178354465,1
180.11,4.867739139343319,1
180.12,3.3976861462017514,1
180.13,4.73678667385327,1
180.14000000000001,4.033044240144051,1
180.15,4.374361531860137,1
180.16,4.388735024036197,1
180.17000000000002,4.261015980973756,1
180.18,3.2664501220052897,1
180.19,4.553770969493076,1
180.20000000000002,4.26288873776386,1
180.21,3.0847142142646495,1
180.22,3.676796430631582,1
180.23,3.2554252807607957,1
180.24,3.1021621893001505,1
180.25,4.575226129376216,1
180.26,3.1459377283106655,1
180.27,3.151732762197474,1
180.28,5.275771824765085,1
180.29,3.8078450276153624,1
180.3,4.41369677952485,1
180.31,4.729923705211611,1
180.32,4.500588082594574,1
180.33,4.065182484226064,1
180.34,3.9075316961095727,1
180.35,4.267831533246707,1
180.36,3.799017803568858,1
180.37,4.37864752971698,1
180.38,3.811559270629202,1
180.39000000000001,3.8723655302208653,1
180.4,5.214765649060557,1
180.41,3.785916199791258,1
180.42000000000002,4.045178881002794,1
180.43,4.343972283027549,1
180.44,4.413875893447509,1
180.45000000000002,4.290285095441292,1
180.46,3.2774122974684214,1
180.47,4.121939453823908,1
180.48,4.208010346906397,1
180.49,4.774019831167947,1
180.5,4.524599208514482,1
180.51,4.789151698008205,1
180.52,3.350900867403674,1
180.53,3.252907203792117,1
180.54,4.095853755810998,1
180.55,4.665343455554007,1
180.56,3.8385887555104063,1
180.57,3.4498377577896124,1
180.58,2.884772451955881,1
180.59,4.146730252260428,1
180.6,3.9370253459562283,1
180.61,3.739385946732705,1
180.62,4.617216191648044,1
180.63,4.042618098235902,1
180.64000000000001,4.075333763078662,1
180.65,4.663819072658928,1
180.66,5.532526450379731,1
180.67000000000002,3.863727758903697,1
180.68,3.466433475609976,1
180.69,3.348155911001458,1
180.70000000000002,4.268783397463823,1
180.71,3.28384536011006,1
180.72,3.6693337188928865,1
180.73,3.733162124125548,1
180.74,4.921625267872547,1
180.75,4.7538248245268,1
180.76,2.9768796685931376,1
180.77,4.9067363432136535,1
180.78,3.2221905292426576,1
180.79,4.035432886675433,1
180.8,3.462133219729623,1
180.81,3.7405060831519386,1
180.82,3.3938522018239823,1
180.83,5.112658631955507,1
180.84,4.048062714369552,1
180.85,4.224687895819495,1
180.86,3.389041947675392,1
180.87,3.1053637561617333,1
180.88,3.7012875739004545,1
180.89000000000001,4.342315630936491,1
180.9,3.9402539849996936,1
180.91,4.604003312958887,1
180.92000000000002,4.071266328194042,1
180.93,3.9465708087030755,1
180.94,4.271789608094366,1
180.95000000000002,4.005949686966341,1
180.96,4.541585932966514,1
180.97,4.332575697441113,1
180.98,4.5678754124861625,1
180.99,4.477030411164892,1
181.0,4.912688052101594,1
181.01,4.6173191162387734,1
181.02,5.216469256097585,1
181.03,3.783751339077401,1
181.04,4.600858440522561,1
181.05,3.2156374235595537,1
181.06,4.63871117130421,1
181.07,4.135101836124972,1
181.08,4.659068987793127,1
181.09,5.151159510460625,1
181.1,4.587361026509935,1
181.11,3.742719008369054,1
181.12,3.2331158307298873,1
181.13,4.239866317332327,1
181.14000000000001,3.7566665109219377,1
181.15,4.340527362489665,1
181.16,3.6203591756131455,1
181.17000000000002,3.3139931247066876,1
181.18,3.7588522604073105,1
181.19,4.288663417456988,1
181.20000000000002,4.098089143214444,1
181.21,3.503053155104981,1
181.22,5.183948400683199,1
181.23,4.042916484586925,1
181.24,2.6072392407148293,1
181.25,4.596770813658129,1
181.26,4.099886236059433,1
181.27,3.9555098698795423,1
181.28,3.9169367936625776,1
181.29,3.8970366594613433,1
181.3,5.075219271019562,1
181.31,4.34119369185543,1
181.32,4.143872774509222,1
181.33,3.7762596927612258,1
181.34,5.035858191582231,1
181.35,4.533634310698323,1
181.36,4.60246041218298,1
181.37,4.1564747680883425,1
181.38,4.615037355293586,1
181.39000000000001,4.27011156141542,1
181.4,3.7767867707592377,1
181.41,4.251016240156332,1
181.42000000000002,5.42125031899445,1
181.43,4.2794182440614374,1
181.44,4.913089218805529,1
181.45000000000002,4.903221927892274,1
181.46,4.490683975214239,1
181.47,5.164560493231503,1
181.48,2.7031568129930794,1
181.49,2.752594336565604,1
181.5,5.044736249943682,1
181.51,3.617894049563421,1
181.52,4.004055059886476,1
181.53,5.0741691344024735,1
181.54,4.121787757234121,1
181.55,5.028139411304505,1
181.56,3.7385026995655606,1
181.57,4.323763945291096,1
181.58,4.014006103825798,1
181.59,4.946106607244446,1
181.6,3.888506172245964,1
181.61,3.392363803597642,1
181.62,3.7056766154215195,1
181.63,3.769622033607182,1
181.64000000000001,3.6384888848892145,1
181.65,3.6068808146968396,1
181.66,4.775500007004687,1
181.67000000000002,5.020120335925795,1
181.68,4.358640662760695,1
181.69,3.6234122864252485,1
181.70000000000002,3.596985556252012,1
181.71,2.606132922873553,1
181.72,4.117179516323899,1
181.73,3.502155652731333,1
181.74,4.852420590262637,1
181.75,3.081550117785029,1
181.76,3.4892730818254334,1
181.77,3.8471969195730233,1
181.78,4.24954667672062,1
181.79,5.162876142757093,1
181.8,3.182080614183325,1
181.81,3.7797400915390957,1
181.82,3.1056865060378325,1
181.83,4.520784637939027,1
181.84,3.6837246491905162,1
181.85,3.9894319641796265,1
181.86,3.9588808693543114,1
181.87,4.133139471971165,1
181.88,3.949735183619067,1
181.89000000000001,3.3884286709581195,1
181.9,4.0169080001501545,1
181.91,3.460871727542927,1
181.92000000000002,4.450624948148292,1
181.93,4.002389086586352,1
181.94,3.2533268945023845,1
181.95000000000002,5.4414152844914545,1
181.96,5.091511505926476,1
181.97,5.590730174124602,1
181.98,3.8298238702558454,1
181.99,3.4259965424813363,1
182.0,4.490323075382001,1
182.01,4.77306145447489,1
182.02,4.2195655564407195,1
182.03,2.710106324701757,1
182.04,3.3582385739577116,1
182.05,4.311062486666517,1
182.06,3.661608715693926,1
182.07,3.154194654854537,1
182.08,3.825216780919754,1
182.09,1.9049000412562926,1
182.1,3.481368592908372,1
182.11,3.6677445121033228,1
182.12,4.135919644942837,1
182.13,4.301567642029878,1
182.14000000000001,4.190961880200787,1
182.15,4.51818379787226,1
182.16,3.8508167646519897,1
182.17000000000002,2.986465055664972,1
182.18,3.924723043961228,1
182.19,3.4055332700852756,1
182.20000000000002,3.085427681789227,1
182.21,4.345529671485611,1
182.22,3.1495520523761678,1
182.23,4.452212744091645,1
182.24,3.2609440182840492,1
182.25,3.8425771018075947,1
182.26,3.6958848735691996,1
182.27,4.779559762223202,1
182.28,4.475535919225142,1
182.29,3.515638162270744,1
182.3,3.8672027145148693,1
182.31,4.829872130789054,1
182.32,4.972967124101837,1
182.33,3.108354854407623,1
182.34,4.728286593383422,1
182.35,4.772581724519569,1
182.36,4.090959794638504,1
182.37,3.886413537075936,1
182.38,3.5929066904867626,1
182.39000000000001,3.1404297096994287,1
182.4,4.169825155542312,1
182.41,3.924573153950326,1
182.42000000000002,4.323202927513392,1
182.43,4.378981841564469,1
182.44,5.728627714998153,1
182.45000000000002,4.955595597662254,1
182.46,4.483475609377811,1
182.47,2.702642229958387,1
182.48,4.219839777519987,1
182.49,5.0617113616683165,1
182.5,3.7851951403486686,1
182.51,5.383767593884713,1
182.52,4.390361479249366,1
182.53,4.152637494784811,1
182.54,3.2941168702431023,1
182.55,4.857856374850196,1
182.56,3.441252443651526,1
182.57,3.540136903009356,1
182.58,2.7087714669036713,1
182.59,4.482076851651541,1
182.6,4.41170205775966,1
182.61,4.056042918673894,1
182.62,4.529194448531776,1
182.63,4.512788694573832,1
182.64000000000001,3.8658107294510637,1
182.65,3.5581584959678545,1
182.66,2.9318557367936515,1
182.67000000000002,3.8807860792530975,1
182.68,3.1872215721886366,1
182.69,4.078677055937224,1
182.70000000000002,3.8991539085435973,1
182.71,3.7083786596415824,1
182.72,4.61597315666864,1
182.73,3.3350767543845388,1
182.74,2.688878848048886,1
182.75,3.699656269206093,1
182.76,3.430598267229199,1
182.77,3.9845571983931083,1
182.78,3.363166331600096,1
182.79,4.212740742372406,1
182.8,3.3830145961065896,1
182.81,3.349447694298702,1
182.82,4.40646715935844,1
182.83,4.056148617845689,1
182.84,3.3053665278838764,1
182.85,3.4161913656342766,1
182.86,3.7943631695797904,1
182.87,3.306231384025314,1
182.88,3.814692887762416,1
182.89000000000001,3.8467942064034095,1
182.9,3.394306121797392,1
182.91,4.360700694833007,1
182.92000000000002,3.314048834942592,1
182.93,4.705168565084297,1
182.94,3.8283500219228817,1
182.95000000000002,3.486260571649695,1
182.96,4.2478470246129625,1
182.97,3.9770642625347317,1
182.98,4.44852469394817,1
182.99,2.706667854102501,1
183.0,4.259231519842169,1
183.01,3.7033532750584315,1
183.02,4.0521265046099595,1
183.03,4.007820322433183,1
183.04,4.946393955322497,1
183.05,2.925074671027584,1
183.06,5.054060247441867,1
183.07,4.581761281959427,1
183.08,4.176755752591687,1
183.09,3.1023928640927076,1
183.1,2.8597742990568835,1
183.11,3.54290663954152,1
183.12,4.339108084924421,1
183.13,3.9545518238370554,1
183.14000000000001,4.300250805611319,1
183.15,2.993112138370622,1
183.16,3.8971100000638854,1
183.17000000000002,4.644385453885511,1
183.18,4.937549750211731,1
183.19,3.220742760455066,1
183.20000000000002,3.726390425012815,1
183.21,3.7871857910778135,1
183.22,3.6263671021512565,1
183.23,4.628469467227451,1
183.24,5.973005747738315,1
183.25,3.471205011447759,1
183.26,4.315158643266483,1
183.27,4.270815830972862,1
183.28,4.265056610532891,1
183.29,4.902690577532049,1
183.3,4.294881439750775,1
183.31,2.6068795321826013,1
183.32,2.9386198512039012,1
183.33,3.1821550940584458,1
183.34,3.3930367325454136,1
183.35,3.7975825478497414,1
183.36,3.7772616772591525,1
183.37,2.743406188963711,1
183.38,2.8376922404457967,1
183.39000000000001,2.533504829105469,1
183.4,2.905204620538884,1
183.41,4.602129694034792,1
183.42000000000002,3.906189453801727,1
183.43,3.4381294649514933,1
183.44,2.794310351238949,1
183.45000000000002,3.34594399847811,1
183.46,4.4259988465731706,1
183.47,4.394340802664784,1
183.48,3.9029947464727566,1
183.49,3.8428172334043023,1
183.5,2.8398461573233393,1
183.51,3.4021416166791214,1
183.52,4.2790652361990835,1
183.53,3.517004627206405,1
183.54,4.952177521060059,1
183.55,4.763901529964509,1
183.56,3.680127591949653,1
183.57,3.748474211590753,1
183.58,5.384164478947731,1
183.59,4.610834462124959,1
183.6,4.083729937317577,1
183.61,4.150234361589147,1
183.62,4.151159240055635,1
183.63,4.0599565856763435,1
183.64000000000001,3.3809174025566167,1
183.65,3.777255518507534,1
183.66,3.126175846260249,1
183.67000000000002,4.4780049349286974,1
183.68,3.9858579235756584,1
183.69,4.52420842875526,1
183.70000000000002,3.2030834120401543,1
183.71,4.850149833626065,1
183.72,4.84746129777763,1
183.73,2.9674129672450715,1
183.74,3.537613825179981,1
183.75,3.63902336202859,1
183.76,2.974109008119612,1
183.77,3.7096803439197332,1
183.78,4.301547436972765,1
183.79,3.6916138232447495,1
183.8,2.871612749448083,1
183.81,4.458230766174572,1
183.82,3.5593581932057163,1
183.83,3.5901891620081736,1
183.84,5.138483767020867,1
183.85,4.4011047161244985,1
183.86,3.570409581087669,1
183.87,3.262859716406537,1
183.88,4.625608875300832,1
183.89000000000001,4.641465258485765,1
183.9,3.708222869918841,1
183.91,3.14088989194691,1
183.92000000000002,4.153101828854451,1
183.93,4.332639830710863,1
183.94,3.705912589850134,1
183.95000000000002,3.191155483240486,1
183.96,3.8962489040999952,1
183.97,4.233214970614892,1
183.98,3.654809535693217,1
183.99,4.1273124767981235,1
184.0,4.243332212374728,1
184.01,4.782531453584185,1
184.02,3.819539958569968,1
184.03,3.311890092557154,1
184.04,3.9872356944656833,1
184.05,5.169569256149844,1
184.06,2.997492740775274,1
184.07,2.4992255919396316,1
184.08,3.882994519544677,1
184.09,3.768794866542314,1
184.1,3.849451163803772,1
184.11,3.8069102537703223,1
184.12,4.595322526387453,1
184.13,3.9462689464809624,1
184.14000000000001,4.4563482231537686,1
184.15,2.34446989833521,1
184.16,3.4861283611902176,1
184.17000000000002,3.3800236489995465,1
184.18,2.437313875946114,1
184.19,3.9514255364874,1
184.20000000000002,3.933484793284675,1
184.21,3.717696439729942,1
184.22,3.9468642966618623,1
184.23,4.125794651164848,1
184.24,4.737076663671506,1
184.25,4.536551429718315,1
184.26,4.316653424241363,1
184.27,5.5761587675345785,1
184.28,3.678290846094145,1
184.29,3.120254077469104,1
184.3,4.707555829994299,1
184.31,5.22899059371386,1
184.32,3.6160688595373314,1
184.33,4.809021858688361,1
184.34,3.6302184965365165,1
184.35,4.281782863265939,1
184.36,4.361050057134445,1
184.37,3.5520613325995742,1
184.38,5.128192783746625,1
184.39000000000001,5.318523161192895,1
184.4,3.41800632952973,1
184.41,4.120251553909431,1
184.42000000000002,4.646110178472252,1
184.43,2.879192039936343,1
184.44,4.021971943185287,1
184.45000000000002,3.0041236114715613,1
184.46,4.444615041841401,1
184.47,4.142615087460365,1
184.48,3.8091842375315266,1
184.49,2.993800056696566,1
184.5,3.5497545383645046,1
184.51,4.285133941931788,1
184.52,3.9449858974973706,1
184.53,4.708547682861557,1
184.54,4.702034000083989,1
184.55,4.670857741073344,1
184.56,3.620047056117878,1
184.57,4.108435043077143,1
184.58,3.337094650173922,1
184.59,3.1208437718420576,1
184.6,4.715554601366105,1
184.61,3.29780350582576,1
184.62,3.1638531223870543,1
184.63,4.079984515403132,1
184.64000000000001,3.9013779649865143,1
184.65,3.9499914502957303,1
184.66,5.56425939012048,1
184.67000000000002,3.508773298216772,1
184.68,4.334857812858184,1
184.69,4.098240100041467,1
184.70000000000002,4.659299436283421,1
184.71,3.5049940410758236,1
184.72,3.7791208210937137,1
184.73,3.998908922007123,1
184.74,2.997428607865374,1
184.75,2.692917472238731,1
184.76,3.836795767801488,1
184.77,4.797949344719793,1
184.78,3.776217446763756,1
184.79,3.825119945518357,1
184.8,4.737601660927958,1
184.81,3.972421382800218,1
184.82,4.547965851058595,1
184.83,5.82485937316986,1
184.84,3.8072767810222548,1
184.85,3.9489933076707193,1
184.86,4.325301920096725,1
184.87,5.047483071734918,1
184.88,4.031290937669229,1
184.89000000000001,4.496948444603693,1
184.9,4.254051557618561,1
184.91,3.943650353150027,1
184.92000000000002,3.6782977833182415,1
184.93,3.5235213698156134,1
184.94,5.88821197727931,1
184.95000000000002,3.0379810957609577,1
184.96,2.932599736720147,1
184.97,4.034594382561282,1
184.98,4.090820988006865,1
184.99,4.260179325779647,1
185.0,3.4496639200369414,1
185.01,3.325696128621888,1
185.02,3.819842699850503,1
185.03,4.639976941512175,1
185.04,3.450264300622016,1
185.05,4.140504942285027,1
185.06,3.7473460014479083,1
185.07,3.055869709024503,1
185.08,3.155077326811071,1
185.09,4.561864619768837,1
185.1,3.6404442952424096,1
185.11,4.760724372056779,1
185.12,3.975936589792949,1
185.13,3.0491709569644483,1
185.14000000000001,4.180369478500706,1
185.15,3.415453911213473,1
185.16,3.6491346249051464,1
185.17000000000002,4.65373599342546,1
185.18,3.1593038450744295,1
185.19,3.6359348625533965,1
185.20000000000002,3.2766124470678055,1
185.21,3.2089956502604076,1
185.22,3.691059138100853,1
185.23,3.486947466823142,1
185.24,3.863699282891882,1
185.25,4.481754808582386,1
185.26,3.6130097826619982,1
185.27,3.0843374222324402,1
185.28,4.4044079777432135,1
185.29,3.554625478397821,1
185.3,5.157703680172751,1
185.31,3.7793723280236944,1
185.32,3.8529981651986804,1
185.33,2.434318124050857,1
185.34,3.0800913993775474,1
185.35,2.390598196344922,1
185.36,4.022963736756615,1
185.37,3.8881494358893436,1
185.38,4.358991605450034,1
185.39000000000001,4.523510468947935,1
185.4,4.656724731353799,1
185.41,3.9181122561620256,1
185.42000000000002,4.096044558300926,1
185.43,4.4432970048425195,1
185.44,3.583156517223102,1
185.45000000000002,3.441814693463244,1
185.46,5.037033605457321,1
185.47,2.9504866865987247,1
185.48,4.304585863032256,1
185.49,4.261563180220943,1
185.5,3.2853676058317367,1
185.51,3.499084789686147,1
185.52,3.6928767597137067,1
185.53,4.06025586584846,1
185.54,4.159588610850456,1
185.55,3.9140724044067348,1
185.56,4.0457944157336065,1
185.57,4.370461798649408,1
185.58,4.376991103798182,1
185.59,4.996221883066999,1
185.6,4.7380732536399695,1
185.61,4.080549280703848,1
185.62,4.466065565511362,1
185.63,4.364852648412092,1
185.64000000000001,4.200764146735176,1
185.65,3.5239089732101014,1
185.66,4.147995367630942,1
185.67000000000002,2.7290428830971645,1
185.68,4.662637729747268,1
185.69,4.2889739935708,1
185.70000000000002,3.912571300642845,1
185.71,3.6970587226546483,1
185.72,4.360944184183665,1
185.73,5.151988982976618,1
185.74,4.240280792908339,1
185.75,5.17321538839849,1
185.76,4.508020120254081,1
185.77,3.447756467315354,1
185.78,4.240178706275264,1
185.79,4.245598199066158,1
185.8,3.4932681573266113,1
185.81,3.7297727875961897,1
185.82,3.751918900700237,1
185.83,4.112044316296642,1
185.84,3.897226635640433,1
185.85,4.243587352886961,1
185.86,4.365341469499831,1
185.87,4.904576749024963,1
185.88,4.453711935610507,1
185.89000000000001,3.5936831856223144,1
185.9,5.343882386516905,1
185.91,3.6046723118096913,1
185.92000000000002,3.679259646139948,1
185.93,4.306528171244595,1
185.94,5.824744692785727,1
185.95000000000002,4.294610017704369,1
185.96,3.5301151905106374,1
185.97,2.8480081920073625,1
185.98,2.780952782592132,1
185.99,3.912067165933557,1
186.0,4.349654134577917,1
186.01,3.1244846181338586,1
186.02,4.137030604959847,1
186.03,3.2178382710731763,1
186.04,3.425490921263748,1
186.05,4.450860980431735,1
186.06,3.613254512373491,1
186.07,4.886970508095843,1
186.08,3.717196367190444,1
186.09,4.724769760810515,1
186.1,5.511740082191198,1
186.11,3.5821633835320004,1
186.12,5.529421047268044,1
186.13,4.0386154513644605,1
186.14000000000001,3.5196877125746413,1
186.15,3.7036662943356338,1
186.16,3.6491684256269252,1
186.17000000000002,4.828315938792341,1
186.18,4.861610462887451,1
186.19,4.877146575588595,1
186.20000000000002,3.2110153696497683,1
186.21,4.100207346909313,1
186.22,3.0460654549392228,1
186.23,4.660693912304714,1
186.24,3.7980346093312933,1
186.25,4.389728671020926,1
186.26,3.769047916146554,1
186.27,2.9070509471880777,1
186.28,4.551875641725378,1
186.29,4.679439761292412,1
186.3,4.129709824755193,1
186.31,2.613123506219204,1
186.32,4.358099467976617,1
186.33,3.481017464179151,1
186.34,4.231829472758028,1
186.35,3.6201575430052433,1
186.36,3.6542044978652557,1
186.37,4.241964622213205,1
186.38,3.4387514629018834,1
186.39000000000001,3.836275611866334,1
186.4,4.322302307950555,1
186.41,5.449714400565993,1
186.42000000000002,4.084204553607978,1
186.43,4.611637230101586,1
186.44,3.348596429201315,1
186.45000000000002,5.135877555198933,1
186.46,3.6151586716882416,1
186.47,3.9512961078907916,1
186.48,4.371908636987733,1
186.49,3.538183595300021,1
186.5,4.672132390514287,1
186.51,3.586206820900057,1
186.52,4.468565714483395,1
186.53,4.6589698978089755,1
186.54,4.342638360222507,1
186.55,4.404773890434377,1
186.56,5.595106576034437,1
186.57,4.305816086659892,1
186.58,4.046476346169018,1
186.59,4.19904625012822,1
186.6,4.838299630159897,1
186.61,5.586320563759166,1
186.62,4.032710978554547,1
186.63,3.4718845338601194,1
186.64000000000001,4.794810036319299,1
186.65,3.2387124936871183,1
186.66,4.192848627335815,1
186.67000000000002,4.269376787634036,1
186.68,3.9896587017753844,1
186.69,3.9897852406247023,1
186.70000000000002,2.925718149734029,1
186.71,3.347455641535904,1
186.72,4.523319453345858,1
186.73,2.6450648986283825,1
186.74,3.7907071200687454,1
186.75,3.7092057056545373,1
186.76,2.6185159505988866,1
186.77,4.955017494840582,1
186.78,3.345693751647337,1
186.79,4.295001175057291,1
186.8,3.7149490115665476,1
186.81,3.459448821100629,1
186.82,3.8599954465513835,1
186.83,3.8222868758327158,1
186.84,3.9403803442529326,1
186.85,3.5612606533959656,1
186.86,3.3870576172849347,1
186.87,4.675100147278794,1
186.88,4.088145579878031,1
186.89000000000001,3.9880556019984685,1
186.9,3.4193832848968184,1
186.91,4.961957187181781,1
186.92000000000002,3.9554517018404782,1
186.93,2.7054361174533197,1
186.94,4.029087293518812,1
186.95000000000002,3.4304792286196717,1
186.96,4.485519671564483,1
186.97,4.642739387457894,1
186.98,4.594250970427617,1
186.99,3.7143809121135707,1
187.0,3.911094418784705,1
187.01,4.180689548175777,1
187.02,4.635565412360785,1
187.03,3.4267096088150004,1
187.04,4.0984212827733035,1
187.05,5.2933026757292545,1
187.06,3.801503815104439,1
187.07,4.031331047255075,1
187.08,5.7407257747466485,1
187.09,3.9698222397101155,1
187.1,2.9982919283937095,1
187.11,3.877945943434216,1
187.12,5.032582336690638,1
187.13,4.685681968755082,1
187.14000000000001,3.3332877878822793,1
187.15,4.154082452450079,1
187.16,3.8238671967881435,1
187.17000000000002,4.456146730773168,1
187.18,3.58494159749773,1
187.19,4.27405390516832,1
187.20000000000002,5.257353840162063,1
187.21,2.405183669670442,1
187.22,4.3345364352682365,1
187.23,4.937821074647215,1
187.24,3.118674021711492,1
187.25,3.555011271601839,1
187.26,3.7891388807073128,1
187.27,3.57326896142842,1
187.28,3.494700447110171,1
187.29,3.748437964410097,1
187.3,4.536027262819719,1
187.31,4.972672163965163,1
187.32,4.858020468404826,1
187.33,4.634387988500441,1
187.34,5.154591342751042,1
187.35,5.311824724692669,1
187.36,4.115168923907368,1
187.37,4.8752055244783765,1
187.38,4.284423839242999,1
187.39000000000001,3.854863289597686,1
187.4,3.960483697802735,1
187.41,4.679301020669964,1
187.42000000000002,5.0372155694511935,1
187.43,4.500748517926371,1
187.44,3.8452853076986626,1
187.45000000000002,3.748563951500197,1
187.46,2.853733743105689,1
187.47,4.225564760055084,1
187.48,4.2467106168708035,1
187.49,3.358911677208733,1
187.5,4.267015585581513,1
187.51,4.287381869768067,1
187.52,3.009027809835712,1
187.53,3.6698848725759694,1
187.54,4.822221499849763,1
187.55,3.563072509790386,1
187.56,3.913946263538946,1
187.57,4.0387895066501445,1
187.58,3.942100145940393,1
187.59,4.421477140230797,1
187.6,4.633570821319848,1
187.61,4.8832334620198985,1
187.62,3.8951270162831624,1
187.63,4.395507428397694,1
187.64000000000001,4.6408372359649395,1
187.65,4.037107007141724,1
187.66,3.606898017733081,1
187.67000000000002,4.129727852982175,1
187.68,3.6579070591704053,1
187.69,3.5444508426461816,1
187.70000000000002,4.114013020393691,1
187.71,3.8599343435759854,1
187.72,4.059940207803715,1
187.73,2.9352157241620107,1
187.74,3.750011645041301,1
187.75,2.443040478094312,1
187.76,3.1569665968388176,1
187.77,3.831559045157685,1
187.78,4.733863038067609,1
187.79,4.370456169872187,1
187.8,4.082284896938064,1
187.81,3.7852154107034646,1
187.82,3.8700608209675345,1
187.83,4.9013309790911626,1
187.84,3.4084501059095844,1
187.85,3.5691917108462903,1
187.86,4.737577811218545,1
187.87,3.881261069159049,1
187.88,5.294150317584461,1
187.89000000000001,4.54769508649275,1
187.9,4.780747996659972,1
187.91,2.967369330801229,1
187.92000000000002,4.57988927930915,1
187.93,3.4217847542580593,1
187.94,4.357514616574835,1
187.95000000000002,3.710036017031885,1
187.96,4.055878946747672,1
187.97,3.2254422218497387,1
187.98,2.794024629305395,1
187.99,4.003426857372346,1
188.0,3.811063018737874,1
188.01,3.43346466924143,1
188.02,2.9201846994398633,1
188.03,2.261458589079063,1
188.04,4.307589138483186,1
188.05,3.9283968387607584,1
188.06,3.6751832590943283,1
188.07,4.178745548012231,1
188.08,4.712039117604362,1
188.09,4.239524902691543,1
188.1,3.7253732759075207,1
188.11,5.342421297729569,1
188.12,3.6225109969287326,1
188.13,3.0008413349394107,1
188.14000000000001,3.9326125152918787,1
188.15,3.75470658719438,1
188.16,4.528500032703447,1
188.17000000000002,3.63008237744211,1
188.18,3.8275087690712697,1
188.19,3.4060153590656954,1
188.20000000000002,4.489876429900326,1
188.21,4.147266315813783,1
188.22,3.8758276782415915,1
188.23,3.9571315600221695,1
188.24,4.055802264644439,1
188.25,3.1461816707610915,1
188.26,4.774454274225987,1
188.27,4.822949069592638,1
188.28,4.118911096928403,1
188.29,3.986088378170401,1
188.3,3.3510214538485887,1
188.31,5.057084849137183,1
188.32,4.981691470741835,1
188.33,4.25289621673598,1
188.34,4.475043468280232,1
188.35,4.751439347737895,1
188.36,4.640454151417087,1
188.37,3.4227468806880244,1
188.38,3.7203574016572807,1
188.39000000000001,4.2650916075783085,1
188.4,4.149311879369998,1
188.41,4.5222865936624235,1
188.42000000000002,4.494544408387909,1
188.43,4.251814801230347,1
188.44,2.397930387221123,1
188.45000000000002,4.740280877173881,1
188.46,4.660092097167843,1
188.47,5.442327834555306,1
188.48,3.819864953949411,1
188.49,2.815361047387402,1
188.5,3.8103582749494813,1
188.51,4.260207559468816,1
188.52,3.683265306524089,1
188.53,4.809155366615963,1
188.54,3.5480304765419763,1
188.55,3.831989581871818,1
188.56,3.7590294686640733,1
188.57,5.725439057352477,1
188.58,3.472497392437731,1
188.59,4.325191727879264,1
188.6,3.241616586826216,1
188.61,4.201743810701553,1
188.62,3.4383582336827287,1
188.63,4.741877356294073,1
188.64000000000001,4.705934012924637,1
188.65,4.293961171050463,1
188.66,3.186122475116196,1
188.67000000000002,3.9768031454628234,1
188.68,3.8444143820249335,1
188.69,4.551347779388892,1
188.70000000000002,3.44603698032226,1
188.71,4.691478181611466,1
188.72,4.623617883219999,1
188.73,3.0837659787169103,1
188.74,3.7303398839616104,1
188.75,3.8750775255481726,1
188.76,4.573908218643576,1
188.77,3.528649072026529,1
188.78,4.063278999855591,1
188.79,4.6949977289338,1
188.8,4.206213948552661,1
188.81,2.8320106069309308,1
188.82,3.654600816813439,1
188.83,4.627868196100252,1
188.84,4.615554694668033,1
188.85,2.6528984349679803,1
188.86,4.120702916325048,1
188.87,4.681193604418678,1
188.88,4.433680962016951,1
188.89000000000001,4.471979223742235,1
188.9,5.364926059424283,1
188.91,4.0289805492991,1
188.92000000000002,4.153947138600384,1
188.93,3.3377649562885856,1
188.94,3.4762716624507095,1
188.95000000000002,3.677746876474352,1
188.96,4.460706892840138,1
188.97,3.4824159095134504,1
188.98,4.726864612783178,1
188.99,3.3124339934650546,1
189.0,4.375223495624554,1
189.01,4.40543153233013,1
189.02,4.236924666333545,1
189.03,4.714977532773467,1
189.04,3.633317558877068,1
189.05,3.7509974853542722,1
189.06,3.4312929246064514,1
189.07,4.031881112991098,1
189.08,3.9672305076755476,1
189.09,4.57562665293326,1
189.1,4.284028938754076,1
189.11,4.439634292090493,1
189.12,3.8529354540905043,1
189.13,4.192489478517529,1
189.14000000000001,5.115503337655101,1
189.15,3.1184686206721572,1
189.16,2.682565999099576,1
189.17000000000002,4.27404527613956,1
189.18,3.4227440912667673,1
189.19,3.0469574054271127,1
189.20000000000002,4.29071555396554,1
189.21,3.390495974805361,1
189.22,5.007553433244494,1
189.23,4.223875210910018,1
189.24,3.9541772236869557,1
189.25,3.5396204065743664,1
189.26,4.183282191288767,1
189.27,3.0389174058422115,1
189.28,2.3839765684190577,1
189.29,2.916558450439748,1
189.3,4.671352115092312,1
189.31,3.4159515410550143,1
189.32,2.9886709617707936,1
189.33,3.8198033469487402,1
189.34,5.360428688581888,1
189.35,4.714643619691222,1
189.36,3.452242375126123,1
189.37,3.3759350522909957,1
189.38,3.402977848786748,1
189.39000000000001,3.351672640756273,1
189.4,4.3154124719805855,1
189.41,3.825673006483342,1
189.42000000000002,3.3128425466309537,1
189.43,3.1536617556617785,1
189.44,5.514398154376607,1
189.45000000000002,4.6456187494972445,1
189.46,3.5545655842088184,1
189.47,4.820044137680496,1
189.48,3.3446387346727824,1
189.49,3.8936170575920404,1
189.5,3.832155760109051,1
189.51,4.083506480536491,1
189.52,3.3482076700582173,1
189.53,3.982361311290818,1
189.54,2.7923411187593032,1
189.55,3.6076709680453547,1
189.56,4.771512108516403,1
189.57,4.651412809188675,1
189.58,3.5443511400168295,1
189.59,2.960689708924796,1
189.6,2.5226370677958547,1
189.61,4.336712547891112,1
189.62,4.246369478300663,1
189.63,4.3269180867420864,1
189.64000000000001,5.188728358552466,1
189.65,4.245960841758366,1
189.66,4.234028457060074,1
189.67000000000002,3.1675376692990302,1
189.68,5.046849174264834,1
189.69,3.9783303622060484,1
189.70000000000002,3.4672036898913996,1
189.71,4.078174268491688,1
189.72,5.2570109908058695,1
189.73,5.398899706986846,1
189.74,3.382109409721275,1
189.75,4.650106756394376,1
189.76,4.185554169823928,1
189.77,4.59175535701185,1
189.78,4.1719073336188535,1
189.79,4.387369562969985,1
189.8,4.8820265459421055,1
189.81,2.9427309944977895,1
189.82,4.215924464526976,1
189.83,3.3160420929665704,1
189.84,3.730367120953118,1
189.85,4.059887153446637,1
189.86,3.4209671431467505,1
189.87,3.6481930861395133,1
189.88,3.113205739851659,1
189.89000000000001,3.5837551236544787,1
189.9,4.305646101943935,1
189.91,4.55514814215758,1
189.92000000000002,3.48857414571483,1
189.93,4.768923911179506,1
189.94,4.348557792153597,1
189.95000000000002,4.875502858083423,1
189.96,2.8323137088321744,1
189.97,4.0717311115231825,1
189.98,4.357737110192004,1
189.99,2.884536076162172,1
190.0,5.500989358862915,1
190.01,3.701760518196193,1
190.02,4.38051643010157,1
190.03,4.686029427104891,1
190.04,4.179013389820564,1
190.05,4.985341098455788,1
190.06,5.424957063656542,1
190.07,3.4257055532056193,1
190.08,4.084040804672824,1
190.09,4.621060087222302,1
190.1,2.9762175379315474,1
190.11,4.604383004893348,1
190.12,5.097973202366171,1
190.13,4.837001360325391,1
190.14000000000001,4.262494575418298,1
190.15,4.939160717107623,1
190.16,4.216989855622635,1
190.17000000000002,3.096657560410229,1
190.18,3.5640396315765503,1
190.19,3.7860860672092733,1
190.20000000000002,3.9471555920137904,1
190.21,3.96041170168257,1
190.22,3.8236976414824886,1
190.23,4.193313861622153,1
190.24,5.059792125820488,1
190.25,4.277944853167324,1
190.26,4.49589066416326,1
190.27,2.6664299602794186,1
190.28,4.044862980120286,1
190.29,4.7297616489524135,1
190.3,4.85129483165963,1
190.31,4.769331954745062,1
190.32,4.197482588750632,1
190.33,4.21852212478313,1
190.34,3.504429080552006,1
190.35,4.443103176122249,1
190.36,3.522277241759356,1
190.37,4.352964222858096,1
190.38,4.0049731138691635,1
190.39000000000001,3.988092929676906,1
190.4,4.6504035649512785,1
190.41,4.427872882594205,1
190.42000000000002,4.254569295824336,1
190.43,3.7542345947521922,1
190.44,5.097082521329588,1
190.45000000000002,4.357296219014639,1
190.46,4.577648825429766,1
190.47,4.147336046395759,1
190.48,3.60186610315613,1
190.49,4.22831081858813,1
190.5,3.625665230446295,1
190.51,4.236861467292069,1
190.52,1.8500501644795404,1
190.53,3.549043325875905,1
190.54,3.891431514035611,1
190.55,3.298790205835403,1
190.56,4.122675301684592,1
190.57,3.673253236266033,1
190.58,3.933421345457833,1
190.59,3.616259464045825,1
190.6,4.609062833444701,1
190.61,4.415507460804467,1
190.62,4.263759994050595,1
190.63,4.117947037937506,1
190.64000000000001,5.721225413543774,1
190.65,4.076576433531194,1
190.66,3.6237190572912312,1
190.67000000000002,3.276463592822853,1
190.68,4.58714795700073,1
190.69,5.115510853364015,1
190.70000000000002,3.515204072714424,1
190.71,3.761341673212181,1
190.72,3.706932244109679,1
190.73,3.8399983310264365,1
190.74,2.7712169328690046,1
190.75,4.374265392660285,1
190.76,4.723436257325362,1
190.77,2.747519797491546,1
190.78,5.022310808627335,1
190.79,5.088944192015295,1
190.8,2.0750119517243406,1
190.81,2.4991103063815774,1
190.82,3.869237425832689,1
190.83,4.907939350300362,1
190.84,4.314689253352185,1
190.85,4.108191080095875,1
190.86,4.449984536684131,1
190.87,3.5628404471337882,1
190.88,4.845697920772414,1
190.89000000000001,4.005412386467997,1
190.9,2.9392856149271216,1
190.91,3.3955068313974364,1
190.92000000000002,4.15761435518825,1
190.93,3.759604522958085,1
190.94,3.6582138910691406,1
190.95000000000002,4.035726539031053,1
190.96,4.1635449898681465,1
190.97,3.1513495027268488,1
190.98,4.699778249933544,1
190.99,3.9350111141059,1
191.0,4.26988858797076,1
191.01,4.104098885195287,1
191.02,3.7856898573734505,1
191.03,4.640542212167284,1
191.04,4.163298703347249,1
191.05,4.132803431146335,1
191.06,2.4645162142137016,1
191.07,4.5000358441399655,1
191.08,3.9624945155247384,1
191.09,4.509471653860938,1
191.1,5.096383542683528,1
191.11,4.5752857170913455,1
191.12,4.0241125524195445,1
191.13,3.753704559873706,1
191.14000000000001,5.551783348315391,1
191.15,4.331306455412596,1
191.16,4.084607934978776,1
191.17000000000002,3.826223498993961,1
191.18,3.364721891723276,1
191.19,2.6743212430713332,1
191.20000000000002,4.908925764199612,1
191.21,3.573570612302141,1
191.22,3.8964715359567186,1
191.23000000000002,3.986874473208428,1
191.24,5.001255614913885,1
191.25,3.638317896940103,1
191.26,4.216558914002931,1
191.27,4.405456222446934,1
191.28,3.1691940684339364,1
191.29,3.0127812793527773,1
191.3,3.4753582193959476,1
191.31,4.101900255463961,1
191.32,4.036156677920196,1
191.33,3.8630051964175043,1
191.34,4.34286599194572,1
191.35,3.389223237921851,1
191.36,3.7814144661194624,1
191.37,3.8530589285169343,1
191.38,3.4096537724206453,1
191.39000000000001,5.436085543188194,1
191.4,2.6858937129700076,1
191.41,4.750864617898625,1
191.42000000000002,4.609701425460581,1
191.43,4.622922469862554,1
191.44,4.171765891634079,1
191.45000000000002,4.951005261200158,1
191.46,3.8374361525659877,1
191.47,4.305028364059519,1
191.48000000000002,4.108935795309037,1
191.49,3.8777060986771983,1
191.5,4.070240192871197,1
191.51,3.363910693614299,1
191.52,3.4854515315490215,1
191.53,4.932580407097405,1
191.54,5.853417650954429,1
191.55,4.373132198337638,1
191.56,4.491939997817986,1
191.57,4.132885434265837,1
191.58,4.260086156902527,1
191.59,4.346533076463724,1
191.6,4.694091204132423,1
191.61,5.0635843605837065,1
191.62,3.5355211076824533,1
191.63,5.868788790019418,1
191.64000000000001,4.274041471188103,1
191.65,4.181802556422753,1
191.66,3.8142851416729933,1
191.67000000000002,3.783589140659125,1
191.68,4.43007417030723,1
191.69,4.461110132367253,1
191.70000000000002,4.392916804722852,1
191.71,3.7037431052206418,1
191.72,2.1840791605811956,1
191.73000000000002,2.6641505883052328,1
191.74,3.856269338321945,1
191.75,4.1338707654796885,1
191.76,3.664436955594702,1
191.77,3.470134906162549,1
191.78,4.11757169764593,1
191.79,3.9153200164987565,1
191.8,3.687240240786197,1
191.81,2.9577688159463555,1
191.82,3.435436472878862,1
191.83,4.633119154340182,1
191.84,3.48560435952787,1
191.85,4.475169422999051,1
191.86,4.999333795315847,1
191.87,3.6068522514902885,1
191.88,3.7310463923729187,1
191.89000000000001,4.64638401461599,1
191.9,4.837196683341623,1
191.91,3.6071490200257665,1
191.92000000000002,2.8789249679980897,1
191.93,4.6850356461024045,1
191.94,4.34772459466803,1
191.95000000000002,4.205368709372225,1
191.96,4.535100288325991,1
191.97,3.2030169650056175,1
191.98000000000002,4.162862736869124,1
191.99,3.8027825950289857,1
192.0,4.380735659908679,1
192.01,4.566004720725457,1
192.02,4.7131158756178415,1
192.03,4.493050629340782,1
192.04,4.2644348357621364,1
192.05,4.275673919850082,1
192.06,4.325792240645773,1
192.07,3.674636115787465,1
192.08,3.7832289077069072,1
192.09,4.269941384291119,1
192.1,4.43676344446404,1
192.11,3.579101434669096,1
192.12,3.2306565543113526,1
192.13,2.804956863372012,1
192.14000000000001,3.0377053243282646,1
192.15,3.5167469559334252,1
192.16,3.6099434061980538,1
192.17000000000002,3.7329276279197416,1
192.18,3.1589852940220995,1
192.19,2.751609181489915,1
192.20000000000002,4.008697817975826,1
192.21,4.107624009976951,1
192.22,4.455137593061917,1
192.23000000000002,4.618028503195137,1
192.24,4.363856223703276,1
192.25,4.171665983141085,1
192.26,4.649962569099548,1
192.27,5.023124735780052,1
192.28,3.665479899447315,1
192.29,4.501596203219119,1
192.3,3.6236285891529354,1
192.31,4.094812221810687,1
192.32,4.65409751030761,1
192.33,3.799782314027489,1
192.34,3.2980506722454392,1
192.35,3.584498081204192,1
192.36,3.2854200962216886,1
192.37,3.1999885644356443,1
192.38,4.691719520285876,1
192.39000000000001,4.365020788083399,1
192.4,3.5565172511004497,1
192.41,3.3594106568822926,1
192.42000000000002,3.413161787824066,1
192.43,3.5597101424827637,1
192.44,4.793661860094465,1
192.45000000000002,4.05162507884018,1
192.46,5.457435135180553,1
192.47,4.121818447957084,1
192.48000000000002,3.6769536252945287,1
192.49,4.604480734207076,1
192.5,2.951148840300158,1
192.51,4.03461831800617,1
192.52,3.1700438741756467,1
192.53,2.4724735296529863,1
192.54,3.7598139297972817,1
192.55,4.451780901619965,1
192.56,4.094623692304727,1
192.57,4.006339356418489,1
192.58,2.271076377155221,1
192.59,3.7738197134111098,1
192.6,3.8937098596190687,1
192.61,4.421436579234027,1
192.62,3.38427939078644,1
192.63,4.563261404191351,1
192.64000000000001,3.7754979421130583,1
192.65,3.8677704392369394,1
192.66,4.405893163351919,1
192.67000000000002,3.3127760917430504,1
192.68,4.536675062789714,1
192.69,3.175169880387567,1
192.70000000000002,4.374123735011814,1
192.71,3.844945613014255,1
192.72,3.845386907155294,1
192.73000000000002,1.9400724677967802,1
192.74,3.4209019716752946,1
192.75,3.753420985025773,1
192.76,4.918712986440076,1
192.77,3.971660739692741,1
192.78,3.5314954231063362,1
192.79,4.490891309120957,1
192.8,3.7031718467999095,1
192.81,4.676641003840444,1
192.82,4.255709047569381,1
192.83,3.4935841271019705,1
192.84,4.650330595678517,1
192.85,4.504424458847642,1
192.86,4.682710891451803,1
192.87,3.9829566598144908,1
192.88,4.432148219034066,1
192.89000000000001,5.293897339942447,1
192.9,4.187360558456799,1
192.91,3.7278694227408185,1
192.92000000000002,4.939898314924743,1
192.93,4.427333532056848,1
192.94,3.6611498641068922,1
192.95000000000002,5.030034424783401,1
192.96,3.2097057685020673,1
192.97,4.235763423686823,1
192.98000000000002,4.714881295192641,1
192.99,4.716372047452322,1
193.0,3.460539595524166,1
193.01,3.18744226434179,1
193.02,4.145696426654993,1
193.03,4.527902858843176,1
193.04,3.404464259991279,1
193.05,4.235508213064187,1
193.06,3.1397556155229682,1
193.07,4.69684812087796,1
193.08,3.7142857593171588,1
193.09,3.8983317825664017,1
193.1,4.553210573514862,1
193.11,4.508850357034625,1
193.12,4.292501480799082,1
193.13,4.623607975394302,1
193.14000000000001,4.230616512266453,1
193.15,4.877603229819729,1
193.16,2.8713654298498645,1
193.17000000000002,3.8334770131141727,1
193.18,3.8806458144021168,1
193.19,3.828864213084723,1
193.20000000000002,4.313961336020047,1
193.21,4.182405839854451,1
193.22,4.59165108622056,1
193.23000000000002,3.3292679273910633,1
193.24,5.519210575939907,1
193.25,3.912913541239971,1
193.26,4.252115162268711,1
193.27,3.9414676953933947,1
193.28,4.092225990018144,1
193.29,3.6803681334098752,1
193.3,4.112869758764682,1
193.31,4.358434380233523,1
193.32,2.417652006373782,1
193.33,3.62998781249113,1
193.34,3.667750629845003,1
193.35,5.410606542364322,1
193.36,4.5713909477342,1
193.37,4.947409268809335,1
193.38,4.375826746968891,1
193.39000000000001,4.054085675494496,1
193.4,4.241004247185263,1
193.41,4.767799905400408,1
193.42000000000002,5.227134937773538,1
193.43,4.331507631893697,1
193.44,3.6879157742996203,1
193.45000000000002,4.656600462359741,1
193.46,3.55711663105098,1
193.47,4.286884811462992,1
193.48000000000002,4.502408688187333,1
193.49,3.9819216718294355,1
193.5,3.410358362879763,1
193.51,3.644974182094979,1
193.52,3.7278559894850596,1
193.53,3.2381700491385135,1
193.54,3.6315786018046383,1
193.55,2.9603834606891297,1
193.56,4.249879405335903,1
193.57,4.171117583782257,1
193.58,4.139520288190265,1
193.59,3.7360896819853164,1
193.6,3.822111962417692,1
193.61,3.476204305139917,1
193.62,4.341881184523813,1
193.63,3.2014069411928365,1
193.64000000000001,4.078634315133552,1
193.65,3.6689917287478084,1
193.66,5.191617866632608,1
193.67000000000002,4.473445145935795,1
193.68,4.071257243893477,1
193.69,3.3085555584185546,1
193.70000000000002,3.0723393746981458,1
193.71,4.24130856283996,1
193.72,5.136049445265467,1
193.73000000000002,4.271603774721365,1
193.74,4.057828551320497,1
193.75,4.05114797501375,1
193.76,3.998625828403539,1
193.77,4.071692885472796,1
193.78,3.5166109954811544,1
193.79,3.3174180915830513,1
193.8,4.031402051553289,1
193.81,4.995578122810716,1
193.82,4.609434192142177,1
193.83,3.298185501631406,1
193.84,3.864518190221445,1
193.85,4.540300058139963,1
193.86,5.087891225529605,1
193.87,5.287668910748939,1
193.88,3.983680864787147,1
193.89000000000001,4.555705744051474,1
193.9,4.1935937525800355,1
193.91,3.9092114250539645,1
193.92000000000002,3.989465479294676,1
193.93,3.9858869785398126,1
193.94,4.6894322371638015,1
193.95000000000002,3.0546704927203274,1
193.96,4.1757424900181235,1
193.97,4.949207192205824,1
193.98000000000002,4.942798082359877,1
193.99,4.403834334199354,1
194.0,3.5345171231330506,1
194.01,4.500788629622543,1
194.02,4.935246351552276,1
194.03,3.78377678212282,1
194.04,4.291256068912963,1
194.05,3.959725224718219,1
194.06,3.6704953716593787,1
194.07,3.835894621243158,1
194.08,4.116687575885299,1
194.09,3.433123127783465,1
194.1,3.2623997739399515,1
194.11,3.353820472316437,1
194.12,4.128441186948409,1
194.13,2.9947446350321214,1
194.14000000000001,2.4290429461980976,1
194.15,4.72082785609781,1
194.16,3.314557752790567,1
194.17000000000002,3.772838442775106,1
194.18,4.541638538738773,1
194.19,3.0774139730108776,1
194.20000000000002,3.012176644167111,1
194.21,3.5550137114134603,1
194.22,4.642562658863026,1
194.23000000000002,4.08640886957456,1
194.24,4.072145750468122,1
194.25,3.8880846466114134,1
194.26,4.429298903743709,1
194.27,5.014937675453506,1
194.28,6.040157271731315,1
194.29,4.0482271821430835,1
194.3,4.991489492977408,1
194.31,4.683119940229908,1
194.32,4.1686813235625735,1
194.33,2.5143131070427325,1
194.34,3.5934734170139966,1
194.35,3.6806984826512297,1
194.36,4.142357749104598,1
194.37,3.8202630169741876,1
194.38,3.580656477964006,1
194.39000000000001,5.270068609394877,1
194.4,4.926470622758991,1
194.41,2.767843128148123,1
194.42000000000002,3.7892324970676396,1
194.43,4.458614949124054,1
194.44,4.963248936606167,1
194.45000000000002,3.8607367879950796,1
194.46,3.923190159514833,1
194.47,4.1170466058274355,1
194.48000000000002,4.479588130849396,1
194.49,3.054374499938859,1
194.5,2.634143706643497,1
194.51,4.70731582395342,1
194.52,3.3545102495063004,1
194.53,5.2766135825429314,1
194.54,3.444084674273487,1
194.55,3.7712042096876073,1
194.56,4.154145934072897,1
194.57,2.565817152416986,1
194.58,5.729309453826226,1
194.59,3.8255731915188336,1
194.6,3.4469669142475405,1
194.61,3.2347663801080437,1
194.62,4.234341650517274,1
194.63,4.264675220228063,1
194.64000000000001,3.3531987634669727,1
194.65,3.146471416569222,1
194.66,4.704753620718986,1
194.67000000000002,3.676999549696184,1
194.68,2.9071143402309167,1
194.69,3.8603509305483725,1
194.70000000000002,3.729486153660308,1
194.71,5.224283667329293,1
194.72,3.6891088798626526,1
194.73000000000002,3.719460574970975,1
194.74,4.053355919891912,1
194.75,3.5573704139666353,1
194.76,4.188263263281343,1
194.77,3.291363535742735,1
194.78,3.759069220093533,1
194.79,4.227596805910702,1
194.8,4.753271167643298,1
194.81,3.6895824319119197,1
194.82,3.6388325394072765,1
194.83,5.040225604992242,1
194.84,3.776577798544793,1
194.85,4.025214077041667,1
194.86,5.184080936894807,1
194.87,4.174969439146267,1
194.88,3.8928868246232122,1
194.89000000000001,3.90312195813607,1
194.9,3.5122773443979822,1
194.91,4.23849654069677,1
194.92000000000002,3.369237688907291,1
194.93,4.405373343796359,1
194.94,3.9619934254163582,1
194.95000000000002,4.0750668414449525,1
194.96,5.055499837204968,1
194.97,3.0629692690735255,1
194.98000000000002,3.91648431263376,1
194.99,4.387094952110991,1
195.0,3.624878745134492,1
195.01,4.61932585203718,1
195.02,3.7292909127703506,1
195.03,4.234870930551934,1
195.04,4.006166770424214,1
195.05,4.180775790764382,1
195.06,4.130111145223526,1
195.07,4.047222691491842,1
195.08,3.738773762803129,1
195.09,3.5749467089852356,1
195.1,4.178034275629773,1
195.11,4.020157962301296,1
195.12,3.506616783068923,1
195.13,4.131294600681364,1
195.14000000000001,3.635558440504067,1
195.15,4.911913069682607,1
195.16,5.598482499146739,1
195.17000000000002,4.937006462344687,1
195.18,4.878180400569884,1
195.19,4.559046195749022,1
195.20000000000002,3.8988812690485144,1
195.21,2.7864888910147285,1
195.22,3.307675368999276,1
195.23000000000002,3.5812723531467596,1
195.24,4.83069238213754,1
195.25,4.291462290215879,1
195.26,3.660854352224563,1
195.27,2.8425972423029715,1
195.28,5.477776199335295,1
195.29,4.456595834222338,1
195.3,4.6153799453169775,1
195.31,3.6646493524476274,1
195.32,3.8444037691843764,1
195.33,3.7056543755134626,1
195.34,3.9518815612717733,1
195.35,5.119278102433062,1
195.36,3.2144997179288604,1
195.37,3.8659403164517494,1
195.38,4.18296272180193,1
195.39000000000001,3.913283344993337,1
195.4,4.642075853756206,1
195.41,2.937109571053108,1
195.42000000000002,5.2040099941795415,1
195.43,3.244908059156888,1
195.44,3.293649156272344,1
195.45000000000002,3.7414356515965457,1
195.46,3.6355981466604317,1
195.47,4.313722306936588,1
195.48000000000002,4.262251070303769,1
195.49,4.111314119959825,1
195.5,3.0852328662603488,1
195.51,3.829911842763637,1
195.52,3.957058229485442,1
195.53,4.735058799936813,1
195.54,4.101307036273304,1
195.55,4.178922711131405,1
195.56,5.212774303713104,1
195.57,3.2598993629789943,1
195.58,3.660638956805476,1
195.59,3.220766074104989,1
195.6,4.997085532597842,1
195.61,5.17123353698047,1
195.62,5.107565475670984,1
195.63,4.483521042849201,1
195.64000000000001,4.348093024396464,1
195.65,3.7991299515763104,1
195.66,4.558462873650695,1
195.67000000000002,3.262275523448424,1
195.68,3.165273532508917,1
195.69,3.699391051861613,1
195.70000000000002,5.2048210539501145,1
195.71,3.714423231472122,1
195.72,3.691822766398188,1
195.73000000000002,4.106324287876378,1
195.74,4.517224383706144,1
195.75,4.767945829766637,1
195.76,3.2478597042043313,1
195.77,3.831989854357281,1
195.78,4.092450722493326,1
195.79,4.194364330574181,1
195.8,4.574897067799215,1
195.81,4.591309413200574,1
195.82,4.097559677073222,1
195.83,4.815450537884669,1
195.84,4.749704043778694,1
195.85,4.6968250780778185,1
195.86,3.7699877461395626,1
195.87,4.508904262749993,1
195.88,4.854583339159983,1
195.89000000000001,3.7397744275518914,1
195.9,4.068262447277927,1
195.91,4.994627007460472,1
195.92000000000002,4.271392502018504,1
195.93,3.8973826902755793,1
195.94,4.869972466615771,1
195.95000000000002,3.6714899824001064,1
195.96,2.8085094607343786,1
195.97,3.362807699223348,1
195.98000000000002,4.65570470432381,1
195.99,4.355283413086727,1
196.0,4.066992994477276,1
196.01,4.717232485884384,1
196.02,4.196836183429079,1
196.03,3.9294508503890015,1
196.04,4.609818628264437,1
196.05,3.864155047063214,1
196.06,4.381219728650856,1
196.07,3.5673843329722987,1
196.08,3.332961483757178,1
196.09,3.420168656105695,1
196.1,3.946815333009618,1
196.11,3.5516773201182037,1
196.12,3.5253682638003077,1
196.13,3.8100647490412896,1
196.14000000000001,3.869543934506171,1
196.15,2.9103708182815984,1
196.16,2.226716522959138,1
196.17000000000002,4.092957643559309,1
196.18,4.052768649746758,1
196.19,3.092218019976396,1
196.20000000000002,4.230086349144377,1
196.21,4.320411648775514,1
196.22,3.8686800440367555,1
196.23000000000002,5.3253143703336345,1
196.24,4.975221363926723,1
196.25,3.8750192033506616,1
196.26,3.8169574750006316,1
196.27,3.1032585607711027,1
196.28,4.783972640132857,1
196.29,4.2290823433198055,1
196.3,4.5462874448045065,1
196.31,2.62348640414361,1
196.32,4.3763527476970365,1
196.33,3.630007618351279,1
196.34,4.284712775489108,1
196.35,4.279833230866078,1
196.36,3.9321096648721063,1
196.37,3.483318507722363,1
196.38,4.184652529929485,1
196.39000000000001,3.4468157039497918,1
196.4,4.649934979325745,1
196.41,3.5954904545607427,1
196.42000000000002,4.036025606842245,1
196.43,3.5801695545175196,1
196.44,4.150004140452094,1
196.45000000000002,3.414999021393434,1
196.46,3.5111884113842446,1
196.47,5.519584753540963,1
196.48000000000002,4.682067230640118,1
196.49,4.302533506471533,1
196.5,4.350242697121117,1
196.51,4.1946017062217695,1
196.52,3.9084608403676424,1
196.53,4.423589618523771,1
196.54,3.4166425293916762,1
196.55,4.924793119010433,1
196.56,4.062279897564239,1
196.57,4.463750089496294,1
196.58,5.0055416235648345,1
196.59,4.357142131823355,1
196.6,3.4970435633337233,1
196.61,4.78581954454385,1
196.62,5.193226276022275,1
196.63,2.8705336453042674,1
196.64000000000001,3.938334475943449,1
196.65,4.26082857873182,1
196.66,3.9156077555065005,1
196.67000000000002,3.246689388570933,1
196.68,3.4249901948549715,1
196.69,2.78763412340123,1
196.70000000000002,4.545476923650055,1
196.71,4.899210729521664,1
196.72,4.890579283098812,1
196.73000000000002,3.9723488717232653,1
196.74,4.10256725270385,1
196.75,4.624916247092538,1
196.76,3.8151072766060103,1
196.77,3.3128287286766085,1
196.78,3.5453325732350676,1
196.79,4.064720503356459,1
196.8,3.5423372254503898,1
196.81,4.304350323307944,1
196.82,3.1845701738889054,1
196.83,3.8555337736220396,1
196.84,4.326665631560869,1
196.85,4.181012291478017,1
196.86,3.6051771431464297,1
196.87,4.5133871632432125,1
196.88,4.244253391742543,1
196.89000000000001,2.6811537628248336,1
196.9,4.21480924153312,1
196.91,3.714233218667367,1
196.92000000000002,3.5967020626970676,1
196.93,3.3754223693639487,1
196.94,3.2395308813058543,1
196.95000000000002,4.012974101574856,1
196.96,4.283771493853107,1
196.97,4.056252652993969,1
196.98000000000002,4.576268524759988,1
196.99,4.389908253513185,1
197.0,2.7227026972616515,1
197.01,3.3534188704709758,1
197.02,4.777825460641304,1
197.03,3.2849567155181254,1
197.04,2.2547333054729926,1
197.05,5.159016718709034,1
197.06,4.333276319715148,1
197.07,3.6369658442132793,1
197.08,3.470891591942346,1
197.09,4.398530419634344,1
197.1,4.332567404171507,1
197.11,4.207531033763186,1
197.12,3.844446164129549,1
197.13,3.0978874155652703,1
197.14000000000001,3.850336997066883,1
197.15,4.606682217264717,1
197.16,3.6134829211668427,1
197.17000000000002,4.306643511272875,1
197.18,3.7127225990914905,1
197.19,4.480733756063259,1
197.20000000000002,3.3945097849315022,1
197.21,3.9972728716390904,1
197.22,4.341549301025287,1
197.23000000000002,3.6441411018186236,1
197.24,4.286123765727785,1
197.25,4.073428336379769,1
197.26,4.04704075636922,1
197.27,3.6232324593855285,1
197.28,4.6676382083365615,1
197.29,3.448731023638643,1
197.3,4.146960041389306,1
197.31,3.4331055008803006,1
197.32,3.8775131002371825,1
197.33,4.34785876326436,1
197.34,3.7612551968372965,1
197.35,1.9143152967425607,1
197.36,2.931096723157381,1
197.37,2.4755380032137775,1
197.38,3.9094547858145456,1
197.39000000000001,3.9694151591259645,1
197.4,3.77215313209513,1
197.41,3.6045875099606053,1
197.42000000000002,4.165291546266013,1
197.43,3.1327549447921585,1
197.44,4.640483437394228,1
197.45000000000002,4.162603979664702,1
197.46,3.4680302161642342,1
197.47,3.7567554350266885,1
197.48000000000002,3.943331776653683,1
197.49,3.1226051408790165,1
197.5,4.381158087146301,1
197.51,4.624573545121563,1
197.52,4.068116328905938,1
197.53,4.5524419591906655,1
197.54,5.680347546743188,1
197.55,2.8066299581879224,1
197.56,3.8907915905555788,1
197.57,3.0618375883399738,1
197.58,4.913209137627124,1
197.59,4.192705044625643,1
197.6,3.5601011606920063,1
197.61,3.8293999898027575,1
197.62,4.902333505556875,1
197.63,4.409495395158214,1
197.64000000000001,4.472391065212893,1
197.65,5.069287377676505,1
197.66,4.754665647937974,1
197.67000000000002,4.834724871261353,1
197.68,4.01125270390841,1
197.69,2.560189632698367,1
197.70000000000002,3.9793230677721545,1
197.71,3.5429182984964056,1
197.72,4.43869228021203,1
197.73000000000002,2.8157876750799313,1
197.74,4.394129048953625,1
197.75,4.070543576915572,1
197.76,4.162502391697587,1
197.77,4.351064100219524,1
197.78,3.9594558321808564,1
197.79,3.7596145554107947,1
197.8,4.723466224162257,1
197.81,4.452988428734656,1
197.82,4.519658522760664,1
197.83,4.039535138236336,1
197.84,4.145639946804572,1
197.85,4.075582681677913,1
197.86,2.9441594078838964,1
197.87,3.1006919454238124,1
197.88,3.909256114147595,1
197.89000000000001,2.798328030085093,1
197.9,3.8549551434496654,1
197.91,3.3863544210687904,1
197.92000000000002,3.868345826697986,1
197.93,4.040504014624876,1
197.94,2.7245630731362103,1
197.95000000000002,4.058958028262887,1
197.96,3.6405760732904513,1
197.97,2.411174734919908,1
197.98000000000002,3.5624984066810828,1
197.99,4.198192089183075,1
198.0,3.750157311110109,1
198.01,3.706953803956778,1
198.02,4.127789256905239,1
198.03,3.758620727978563,1
198.04,3.8843824456839595,1
198.05,3.207851612540892,1
198.06,3.6874777682148134,1
198.07,5.263850150771562,1
198.08,4.234731597716211,1
198.09,4.210599512489511,1
198.1,3.59416793844232,1
198.11,3.6948442700302597,1
198.12,3.7879034713659276,1
198.13,4.492579103161002,1
198.14000000000001,4.735200835947349,1
198.15,3.6738814436601337,1
198.16,3.893953679587589,1
198.17000000000002,3.780984546900147,1
198.18,4.438363189492535,1
198.19,4.308434426129481,1
198.20000000000002,3.961624913713292,1
198.21,4.677506474357262,1
198.22,4.422357016348297,1
198.23000000000002,3.586913348797662,1
198.24,4.0527443387519035,1
198.25,3.9640682896393877,1
198.26,3.4281672469649975,1
198.27,3.879658880546881,1
198.28,4.774992034589,1
198.29,4.778810317210654,1
198.3,4.637788167828166,1
198.31,4.519076984230577,1
198.32,4.12055065258727,1
198.33,3.5551515362442494,1
198.34,4.26688994511111,1
198.35,2.8723938885947984,1
198.36,3.4251226330287823,1
198.37,4.622148987447736,1
198.38,3.674903127211246,1
198.39000000000001,4.37382921121843,1
198.4,3.7883498657289243,1
198.41,4.36898700558094,1
198.42000000000002,3.068422318875959,1
198.43,4.831185251092097,1
198.44,3.398008270804491,1
198.45000000000002,3.155716809318741,1
198.46,4.810940812067865,1
198.47,4.106983624265739,1
198.48000000000002,3.8508563209815696,1
198.49,5.030085490084128,1
198.5,4.534668778154356,1
198.51,3.7157095660437593,1
198.52,3.850209748241201,1
198.53,4.625897360473365,1
198.54,3.3401567270867356,1
198.55,4.821530697187973,1
198.56,3.690343023981813,1
198.57,3.355816666591046,1
198.58,4.62343025998912,1
198.59,4.492139242460384,1
198.6,2.8783063475815505,1
198.61,3.888108554084149,1
198.62,3.3217412579210546,1
198.63,4.539189552038613,1
198.64000000000001,5.220287669344904,1
198.65,4.497539831447894,1
198.66,3.608242540266527,1
198.67000000000002,4.614070228334797,1
198.68,4.04731200270337,1
198.69,3.97686496411327,1
198.70000000000002,3.682255361761657,1
198.71,4.024136441872944,1
198.72,3.909858036298365,1
198.73000000000002,2.3727786279329974,1
198.74,3.84694781892224,1
198.75,3.8260919642191156,1
198.76,4.143307162608706,1
198.77,2.646416226002042,1
198.78,4.2078476346551374,1
198.79,4.009132067589802,1
198.8,4.323289431038344,1
198.81,2.9870939013007654,1
198.82,3.183643384161632,1
198.83,2.7963728930733525,1
198.84,4.094918596728413,1
198.85,3.8572387285055476,1
198.86,3.9692901200325448,1
198.87,3.1548509431581175,1
198.88,3.2074565684432557,1
198.89000000000001,2.354810731283091,1
198.9,3.026775057257146,1
198.91,3.495122855133042,1
198.92000000000002,3.5359424268491417,1
198.93,3.866379595577275,1
198.94,4.413949114568715,1
198.95000000000002,3.5023717627931923,1
198.96,4.2159982904200906,1
198.97,4.457761881228689,1
198.98000000000002,4.730504152926717,1
198.99,4.3397177370988205,1
199.0,4.069417515263611,1
199.01,3.328127004312232,1
199.02,4.1820393831214595,1
199.03,3.8286756602110565,1
199.04,4.955026873480732,1
199.05,4.191954408467202,1
199.06,3.9790093197871195,1
199.07,4.977592141342367,1
199.08,3.788815976187644,1
199.09,4.007155145711775,1
199.1,5.302697840815558,1
199.11,4.226181804426742,1
199.12,4.698053841108061,1
199.13,4.955685793408963,1
199.14000000000001,3.627075045176127,1
199.15,4.491828963386428,1
199.16,3.742328167741622,1
199.17000000000002,5.247954886885363,1
199.18,4.9684013042307456,1
199.19,4.518473703570071,1
199.20000000000002,4.710356921031317,1
199.21,3.616023199466736,1
199.22,5.136895579753716,1
199.23000000000002,3.5433250318455887,1
199.24,4.308895452847449,1
199.25,3.6307306576043707,1
199.26,4.607372760037061,1
199.27,5.228853096532685,1
199.28,4.409844868045913,1
199.29,4.25092468658533,1
199.3,3.9398535813718367,1
199.31,4.036852574545697,1
199.32,3.7388349272579586,1
199.33,4.982194219895619,1
199.34,4.501883187750887,1
199.35,3.7292695667645686,1
199.36,3.9516576977564033,1
199.37,5.828857238845206,1
199.38,4.243172987225821,1
199.39000000000001,4.935407235216616,1
199.4,3.6835198351531395,1
199.41,4.313015898073743,1
199.42000000000002,3.659126942336371,1
199.43,3.6941226501976985,1
199.44,4.568851416565682,1
199.45000000000002,3.5284792865684906,1
199.46,3.269564809381992,1
199.47,4.460925484308256,1
199.48000000000002,3.754044496873594,1
199.49,3.8254702109822256,1
199.5,2.819429084683102,1
199.51,3.08088766710784,1
199.52,4.0424962248599385,1
199.53,3.7890981193668183,1
199.54,4.505044065091858,1
199.55,3.3711023234067437,1
199.56,3.783235907991137,1
199.57,3.9569987738537256,1
199.58,3.8218359760737903,1
199.59,4.355090850522528,1
199.6,3.318305726903064,1
199.61,4.316212273303819,1
199.62,4.803597431346786,1
199.63,3.575913330714793,1
199.64000000000001,4.306721691544825,1
199.65,4.325715105932466,1
199.66,4.472849405824479,1
199.67000000000002,4.089494747674361,1
199.68,4.9687383456864795,1
199.69,5.4492398943749905,1
199.70000000000002,4.49104392138332,1
199.71,4.208416571919484,1
199.72,3.9759058177481754,1
199.73000000000002,3.0843922845228735,1
199.74,2.9467149875677,1
199.75,3.112641818638048,1
199.76,4.047893289471624,1
199.77,3.8176686007020977,1
199.78,4.936757968403601,1
199.79,2.4088677280475914,1
199.8,3.9324404172525425,1
199.81,4.301863429319616,1
199.82,4.646094497090592,1
199.83,4.193658027325272,1
199.84,4.320510450613981,1
199.85,4.208880142581515,1
199.86,4.3691413431618615,1
199.87,4.069794042814527,1
199.88,5.4203650681766815,1
199.89000000000001,4.482044150202181,1
199.9,4.155511370179941,1
199.91,3.5056927895485326,1
199.92000000000002,3.702712641465833,1
199.93,4.900072561824348,1
199.94,2.3694788339908777,1
199.95000000000002,3.8635866186801753,1
199.96,3.9043599908372086,1
199.97,4.258574815605618,1
199.98000000000002,4.144454387124502,1
199.99,4.97026936085373,1
200.0,4.123418433127483,1
200.01,3.9905311910233583,1
200.02,4.662520802256184,1
200.03,5.096196450982864,1
200.04,4.583619204997811,1
200.05,4.766770946016409,1
200.06,3.9762326193568867,1
200.07,4.14009651351096,1
200.08,5.0155313034364175,1
200.09,4.424577509676816,1
200.1,3.8669553800336818,1
200.11,3.988415705377154,1
200.12,4.626699181309965,1
200.13,4.706430643591744,1
200.14000000000001,3.4237855386315865,1
200.15,4.125251918087356,1
200.16,3.9311419305211777,1
200.17000000000002,3.8931906723681204,1
200.18,4.813594205868198,1
200.19,3.8727940412846174,1
200.20000000000002,3.620399839308181,1
200.21,3.4731554016291435,1
200.22,3.900677761463459,1
200.23000000000002,3.5788915950665525,1
200.24,3.4858392967043903,1
200.25,3.4671469087166624,1
200.26,3.500433189260239,1
200.27,3.5365322032631257,1
200.28,4.274248427239315,1
200.29,2.766661503415148,1
200.3,3.469198589022002,1
200.31,3.878463373627117,1
200.32,4.692429164433678,1
200.33,3.820081178191318,1
200.34,3.817522991918315,1
200.35,3.856554083626142,1
200.36,2.7368473871208634,1
200.37,4.291693236351501,1
200.38,4.374963041653082,1
200.39000000000001,4.5290664759784685,1
200.4,5.659094018959734,1
200.41,3.2817485988314057,1
200.42000000000002,3.0369696834630413,1
200.43,4.462105316458853,1
200.44,3.8809548612129667,1
200.45000000000002,3.4287880803911133,1
200.46,3.8536770982058517,1
200.47,3.650177672186384,1
200.48000000000002,5.141235484373609,1
200.49,5.5579034106357925,1
200.5,3.030791415755833,1
200.51,2.9590985164944716,1
200.52,3.399306430990975,1
200.53,3.4546726436207904,1
200.54,3.392067701077314,1
200.55,3.7620643755272094,1
200.56,3.624519988841479,1
200.57,3.039051880335916,1
200.58,3.2329806664696608,1
200.59,4.935388242919403,1
200.6,3.8256838072912998,1
200.61,3.74913083763836,1
200.62,3.04398375945011,1
200.63,3.703990595376377,1
200.64000000000001,4.67790198517388,1
200.65,4.502520085360459,1
200.66,4.62770042830104,1
200.67000000000002,3.3168896927733957,1
200.68,3.2108296652281605,1
200.69,4.709955674209927,1
200.70000000000002,4.577224637413687,1
200.71,3.842213997598257,1
200.72,4.498470518751451,1
200.73000000000002,3.187469373617126,1
200.74,3.0715999930931948,1
200.75,2.8194054575369245,1
200.76,4.092412285879298,1
200.77,4.086001278737036,1
200.78,3.623061578421814,1
200.79,3.44914239070792,1
200.8,5.535060848553324,1
200.81,3.9486933212504027,1
200.82,4.943079194654042,1
200.83,4.023529641677291,1
200.84,3.748736120238407,1
200.85,4.979528791250111,1
200.86,4.642607835695221,1
200.87,4.083070126454534,1
200.88,4.783710277371521,1
200.89000000000001,5.7041704252007115,1
200.9,3.6255948816978347,1
200.91,4.258890724224772,1
200.92000000000002,3.704486505978196,1
200.93,3.31401193536161,1
200.94,3.262292932650286,1
200.95000000000002,4.913454482616761,1
200.96,2.7995652477541895,1
200.97,4.1973314784067774,1
200.98000000000002,3.433258754590356,1
200.99,5.094141564557918,1
201.0,3.8899517413868794,1
201.01,3.7819397493689944,1
201.02,5.050798989932704,1
201.03,4.69384120220545,1
201.04,4.4734302214731025,1
201.05,4.6266748630502175,1
201.06,3.4060257532327207,1
201.07,4.505762830182049,1
201.08,3.9443331726203805,1
201.09,4.252738372514311,1
201.1,4.3280729847693005,1
201.11,3.2744325825543976,1
201.12,4.296215704779024,1
201.13,3.834958948083865,1
201.14000000000001,3.1133993733539724,1
201.15,3.776272896041439,1
201.16,3.92828472612573,1
201.17000000000002,4.320706349085065,1
201.18,2.4265104876816133,1
201.19,4.135524659507953,1
201.20000000000002,3.677505140428027,1
201.21,4.53084100187495,1
201.22,4.0761791889979,1
201.23000000000002,3.8501631718923006,1
201.24,3.9480436351733244,1
201.25,4.288643438144213,1
201.26,4.677681030818351,1
201.27,3.5226383468833755,1
201.28,3.7915213753546415,1
201.29,4.9627455210002935,1
201.3,3.8219817306682407,1
201.31,4.20287979972333,1
201.32,3.1658537963927254,1
201.33,2.775629280352173,1
201.34,3.179421491813223,1
201.35,3.4277084258479658,1
201.36,4.569102447814319,1
201.37,4.719835770981632,1
201.38,2.750847063945286,1
201.39000000000001,3.5519753207303184,1
201.4,4.427347759200815,1
201.41,3.982006068514281,1
201.42000000000002,5.020660984939331,1
201.43,4.560126555242483,1
201.44,3.9321269892103636,1
201.45000000000002,3.9554366884829886,1
201.46,4.031763835431169,1
201.47,3.5131804730574294,1
201.48000000000002,4.623319683850605,1
201.49,4.541008477997326,1
201.5,4.325721250072701,1
201.51,4.152211395257974,1
201.52,3.30295695423158,1
201.53,4.223412568440826,1
201.54,4.024968935524757,1
201.55,5.225193352108932,1
201.56,3.1631023810553436,1
201.57,3.420334871071372,1
201.58,2.89261963941042,1
201.59,3.770199636522402,1
201.6,2.8581493593019416,1
201.61,4.725398097118107,1
201.62,4.797738605350906,1
201.63,4.006190458516561,1
201.64000000000001,3.414840628758883,1
201.65,3.0514435176408954,1
201.66,3.5576833969514956,1
201.67000000000002,4.439376339900679,1
201.68,3.558839552419942,1
201.69,5.233769830406293,1
201.70000000000002,5.039749257986323,1
201.71,4.038198194259129,1
201.72,3.6570788602471866,1
201.73000000000002,3.548213966087911,1
201.74,4.937764705639618,1
201.75,3.55474801438997,1
201.76,4.508245981496264,1
201.77,3.9844778892345105,1
201.78,4.418908953267509,1
201.79,3.4709370376053075,1
201.8,3.7537322826926625,1
201.81,3.994254977762366,1
201.82,3.6355459007613438,1
201.83,4.850565544393783,1
201.84,3.6273299348914145,1
201.85,3.678679569085343,1
201.86,4.933569198487053,1
201.87,4.872008950349687,1
201.88,5.125786667321142,1
201.89000000000001,2.8513043263665767,1
201.9,4.059829707527443,1
201.91,4.037445559524351,1
201.92000000000002,3.5922386401178565,1
201.93,4.124152971716998,1
201.94,3.7266872397576716,1
201.95000000000002,4.013271578285903,1
201.96,6.136747105784772,1
201.97,4.273812157223628,1
201.98000000000002,4.206304166772314,1
201.99,4.523309134501687,1
202.0,4.150089230127551,1
202.01,3.321291330399007,1
202.02,2.9363827843299806,1
202.03,3.9790780680850553,1
202.04,3.8963388991614063,1
202.05,2.795173394703436,1
202.06,5.056192105175346,1
202.07,4.192954486331702,1
202.08,4.988664779326246,1
202.09,2.633123025701871,1
202.1,4.862812717797584,1
202.11,3.7122323033363087,1
202.12,4.754172479785361,1
202.13,4.122763243645376,1
202.14000000000001,4.229250525329978,1
202.15,4.233223914571903,1
202.16,3.6668672693826077,1
202.17000000000002,3.5003782731763806,1
202.18,3.692551973018497,1
202.19,3.0046358291377966,1
202.20000000000002,3.629862672077034,1
202.21,3.550414655987175,1
202.22,3.047977726027078,1
202.23000000000002,4.302374609728648,1
202.24,4.095351009534164,1
202.25,4.24079537038173,1
202.26,4.5382585048100585,1
202.27,3.938121308551925,1
202.28,3.4303604369401226,1
202.29,4.18492799890968,1
202.3,2.1136066551418864,1
202.31,3.791959815578354,1
202.32,4.438441601051194,1
202.33,4.643681919332178,1
202.34,3.6229015876394652,1
202.35,2.447662253425309,1
202.36,2.127036103772971,1
202.37,4.241452553384737,1
202.38,3.7416731571738593,1
202.39000000000001,5.27148243007232,1
202.4,3.1622073445078844,1
202.41,4.196571243244917,1
202.42000000000002,5.135915671098325,1
202.43,4.264013406705646,1
202.44,3.0551484130398676,1
202.45000000000002,5.817694287494851,1
202.46,5.205877070947374,1
202.47,3.9850651197593416,1
202.48000000000002,4.573604556018964,1
202.49,4.594624438978381,1
202.5,4.45059384075522,1
202.51,3.105798266327807,1
202.52,4.111131204726573,1
202.53,4.8925225097002825,1
202.54,4.308701972021381,1
202.55,4.200770255472251,1
202.56,3.5924545048859917,1
202.57,3.3288634548389373,1
202.58,2.8962974717558727,1
202.59,4.403342813990597,1
202.6,3.882367701265669,1
202.61,3.1473375032874165,1
202.62,4.627901993884291,1
202.63,3.718769213370791,1
202.64000000000001,3.4987198142705735,1
202.65,3.7233780423342475,1
202.66,3.929405303071687,1
202.67000000000002,4.353098583300888,1
202.68,3.4963966597349034,1
202.69,4.647243605716279,1
202.70000000000002,4.3515335077952155,1
202.71,3.6624425643746203,1
202.72,3.830530761020115,1
202.73000000000002,3.6537166657002764,1
202.74,3.9497567027411886,1
202.75,4.907688695772035,1
202.76,3.7022751855871703,1
202.77,4.044911132149886,1
202.78,3.5062944060924512,1
202.79,4.293625504197529,1
202.8,4.198441449245269,1
202.81,4.899322353718068,1
202.82,3.5614962214988473,1
202.83,4.483655020633101,1
202.84,4.921394538770477,1
202.85,3.846779547205229,1
202.86,3.9797201243324984,1
202.87,4.182695917625505,1
202.88,3.9006022065016217,1
202.89000000000001,4.130985949668809,1
202.9,4.443320793728748,1
202.91,3.9279269177768628,1
202.92000000000002,3.871109491608927,1
202.93,4.1033844684306935,1
202.94,3.6750098150350876,1
202.95000000000002,3.6781615731572512,1
202.96,3.326198600632725,1
202.97,3.872073033545652,1
202.98000000000002,4.239697908272004,1
202.99,3.8178577880370126,1
203.0,3.4886783909086274,1
203.01,3.931613895187436,1
203.02,4.2990784589552264,1
203.03,4.162874877570857,1
203.04,5.528570289007608,1
203.05,3.7412475033874637,1
203.06,3.9582294169132353,1
203.07,4.56328080564413,1
203.08,3.626207992122052,1
203.09,5.250556690098788,1
203.1,4.07654515983043,1
203.11,4.343957681909003,1
203.12,3.987434519521169,1
203.13,4.598267863975873,1
203.14000000000001,3.2740905567902083,1
203.15,4.90087067794037,1
203.16,4.133113587163706,1
203.17000000000002,4.375057705436661,1
203.18,3.5002846442517837,1
203.19,4.166930117168354,1
203.20000000000002,3.3834391828130164,1
203.21,4.750519846265776,1
203.22,3.2537056940728246,1
203.23000000000002,4.1171545080293255,1
203.24,3.8272084036672642,1
203.25,3.051189229096578,1
203.26,3.4074680568781828,1
203.27,4.316313795157739,1
203.28,3.4804062352511598,1
203.29,3.556547132579435,1
203.3,4.214146311736605,1
203.31,4.581703075066597,1
203.32,4.41809357895939,1
203.33,3.932965103003347,1
203.34,4.064987190834543,1
203.35,4.005509982714393,1
203.36,3.2566283226477983,1
203.37,4.076549581534629,1
203.38,3.283258786403762,1
203.39000000000001,4.333655677632052,1
203.4,4.109182537267406,1
203.41,2.627076664545256,1
203.42000000000002,4.598443703855167,1
203.43,3.7590973069006957,1
203.44,3.6653327366162953,1
203.45000000000002,4.675572779867928,1
203.46,4.0058897887991955,1
203.47,4.44812798545441,1
203.48000000000002,3.6461111631246568,1
203.49,4.522110531577798,1
203.5,4.15779265168384,1
203.51,4.247467849659299,1
203.52,3.8534772416403085,1
203.53,4.9867505510909504,1
203.54,5.200601486415134,1
203.55,2.566765645471304,1
203.56,4.443767836104921,1
203.57,3.2659028012554177,1
203.58,4.243507718175799,1
203.59,2.8393027766150434,1
203.6,4.193474078049361,1
203.61,3.49375468291298,1
203.62,3.7174684427311786,1
203.63,3.764592889405801,1
203.64000000000001,3.581479043969761,1
203.65,3.591336559264582,1
203.66,3.7885216083173154,1
203.67000000000002,3.947592573090429,1
203.68,4.249652404251783,1
203.69,5.244161054524834,1
203.70000000000002,3.458805908805058,1
203.71,4.025019259654351,1
203.72,4.457280873854895,1
203.73000000000002,3.5055872444535674,1
203.74,2.4335518827930804,1
203.75,2.591783408771609,1
203.76,2.403504511301399,1
203.77,4.843326396031972,1
203.78,4.405941774500969,1
203.79,4.492955212020632,1
203.8,4.667826558555321,1
203.81,3.6914089013892206,1
203.82,5.521306134672213,1
203.83,4.3708387941223075,1
203.84,4.047234652031319,1
203.85,4.798470314268158,1
203.86,4.552156212940797,1
203.87,4.959502103343995,1
203.88,5.005069018614744,1
203.89000000000001,3.853007549647904,1
203.9,4.1110442886604135,1
203.91,3.3920290270490234,1
203.92000000000002,2.8615055991050364,1
203.93,4.412728601886536,1
203.94,4.573515046415798,1
203.95000000000002,2.6728413249147778,1
203.96,3.3837406072096448,1
203.97,3.939256679854708,1
203.98000000000002,4.051440610994721,1
203.99,5.308042230186822,1
204.0,3.6731902179345424,1
204.01,3.893964172985667,1
204.02,4.460823663501372,1
204.03,3.862327507455595,1
204.04,3.7362977601326595,1
204.05,3.678711332347943,1
204.06,4.203171534296731,1
204.07,3.9583535356057205,1
204.08,4.483453510219649,1
204.09,4.282836389022574,1
204.1,2.1238976103701708,1
204.11,2.7262713575141744,1
204.12,3.5531273986980336,1
204.13,4.547141699798009,1
204.14000000000001,3.537799427413809,1
204.15,4.1398786186318315,1
204.16,4.3254295526741275,1
204.17000000000002,4.3099098713207695,1
204.18,3.620270335601437,1
204.19,3.2104038222589333,1
204.20000000000002,3.102698346739375,1
204.21,5.898512014550386,1
204.22,4.454944023464996,1
204.23000000000002,5.283420099835879,1
204.24,3.6086603933991,1
204.25,4.86189969107752,1
204.26,3.8136299278747603,1
204.27,4.03019149634953,1
204.28,3.8591499151321265,1
204.29,3.442845420151478,1
204.3,3.4043463172827706,1
204.31,3.9141654695879593,1
204.32,3.568396020273656,1
204.33,3.9944235255508724,1
204.34,3.383856263025085,1
204.35,4.346617548518387,1
204.36,3.6510749523010118,1
204.37,4.980998279019215,1
204.38,3.982873444898224,1
204.39000000000001,3.910774176616128,1
204.4,5.0365497030594755,1
204.41,3.765562481519576,1
204.42000000000002,3.7674610162581037,1
204.43,3.593135561351464,1
204.44,4.180431881776811,1
204.45000000000002,3.6092545687769237,1
204.46,4.551762539369232,1
204.47,4.06304053154045,1
204.48000000000002,4.5912183930535395,1
204.49,4.5285429155883214,1
204.5,3.6977157151709026,1
204.51,3.4789719421382914,1
204.52,3.7101491588200224,1
204.53,3.9264628862872812,1
204.54,4.140109682120895,1
204.55,4.221785745851661,1
204.56,3.9213075356011737,1
204.57,3.493153247320198,1
204.58,3.5458310235826644,1
204.59,4.287172763327786,1
204.6,3.596855808830893,1
204.61,4.364029058168875,1
204.62,4.452111232105831,1
204.63,5.0842761467847915,1
204.64000000000001,3.8252659737415176,1
204.65,3.8539815421512165,1
204.66,2.5619783593222265,1
204.67000000000002,3.361982011164376,1
204.68,3.384494273961463,1
204.69,4.313064078843534,1
204.70000000000002,5.189980309958008,1
204.71,4.423490049149053,1
204.72,4.622724347197869,1
204.73000000000002,3.5139318446329693,1
204.74,3.1213540556294523,1
204.75,3.714815798287017,1
204.76,3.506894619921977,1
204.77,3.351556945632514,1
204.78,4.059567724390648,1
204.79,3.212214643521845,1
204.8,4.490460751070062,1
204.81,3.794980033927188,1
204.82,4.003886316124267,1
204.83,4.126877414319006,1
204.84,3.776996011104645,1
204.85,4.883179397581838,1
204.86,3.082398213997661,1
204.87,4.83776507284723,1
204.88,3.868226755072656,1
204.89000000000001,4.6114011903696674,1
204.9,4.165771737478094,1
204.91,4.537051856199506,1
204.92000000000002,3.9098544900746437,1
204.93,4.087395473332187,1
204.94,4.645394874082441,1
204.95000000000002,4.025478294028906,1
204.96,4.7932374171826995,1
204.97,4.215953393892104,1
204.98000000000002,3.4944077402735263,1
204.99,3.7175527553447356,1
205.0,4.560766346168678,1
205.01,3.2539618395570367,1
205.02,4.515220755605663,1
205.03,3.85549209876542,1
205.04,3.2267235491007966,1
205.05,4.163512183913386,1
205.06,3.6267915079035764,1
205.07,3.666877147071234,1
205.08,3.6171564092576447,1
205.09,4.0734754069417916,1
205.1,3.7499037059046083,1
205.11,4.213931702729017,1
205.12,4.62418405757817,1
205.13,4.327013908784304,1
205.14000000000001,5.118755716654551,1
205.15,5.322664730171853,1
205.16,3.819748699212081,1
205.17000000000002,3.1811748475386574,1
205.18,3.720133569083861,1
205.19,4.038099568550408,1
205.20000000000002,5.447914017519,1
205.21,3.8684134886991046,1
205.22,4.217973617013538,1
205.23000000000002,3.633021293512125,1
205.24,3.825250203051962,1
205.25,3.2770210553352945,1
205.26,3.0788426628592873,1
205.27,4.887898056512101,1
205.28,4.788192906112139,1
205.29,3.8293830681368384,1
205.3,4.678233085151886,1
205.31,3.1680139866721486,1
205.32,3.7920582315515574,1
205.33,4.038690065781432,1
205.34,4.751572797378282,1
205.35,4.097829585409426,1
205.36,4.288035401924777,1
205.37,3.6522016863526208,1
205.38,4.107256168799413,1
205.39000000000001,4.804888796498816,1
205.4,3.000938270318269,1
205.41,4.7018957598935645,1
205.42000000000002,3.951418015705703,1
205.43,3.146761933924297,1
205.44,3.8476844399335555,1
205.45000000000002,4.903337991336224,1
205.46,3.812531902274699,1
205.47,4.243128474332814,1
205.48000000000002,3.0110454881518582,1
205.49,2.778017601692376,1
205.5,3.226578332239102,1
205.51,4.586012492888042,1
205.52,3.956640380666543,1
205.53,4.649013165586226,1
205.54,4.718157213579846,1
205.55,3.4757438370874922,1
205.56,4.913975725326424,1
205.57,3.6414730205568713,1
205.58,4.584412805035629,1
205.59,4.635710637288586,1
205.6,4.081822195841463,1
205.61,4.072883386936012,1
205.62,4.2578367158403285,1
205.63,4.152269296683861,1
205.64000000000001,3.8282052008889833,1
205.65,3.7563488668045517,1
205.66,3.8087214361234065,1
205.67000000000002,4.839093643431942,1
205.68,3.062924160524908,1
205.69,3.6433101283011724,1
205.70000000000002,3.7656355001553057,1
205.71,3.8132200327095735,1
205.72,4.135809885808833,1
205.73000000000002,3.0714653290976313,1
205.74,4.537341419577481,1
205.75,4.532286860280247,1
205.76,4.398180072023466,1
205.77,3.829064495967761,1
205.78,3.467540178852774,1
205.79,3.7351522143781235,1
205.8,4.025083459108172,1
205.81,4.4584669749884664,1
205.82,4.02029049351246,1
205.83,4.296989508862747,1
205.84,3.808488046649823,1
205.85,4.249720714718294,1
205.86,3.9245796327560685,1
205.87,4.2294857863788184,1
205.88,2.9104659815155163,1
205.89000000000001,4.2725753659515755,1
205.9,4.3652408905052935,1
205.91,4.340399255467051,1
205.92000000000002,3.3342031340659686,1
205.93,3.4373988349709608,1
205.94,3.33047725853616,1
205.95000000000002,4.098494697561606,1
205.96,4.361700538500225,1
205.97,3.5095955914285413,1
205.98000000000002,4.781043818542587,1
205.99,4.869988870456369,1
206.0,4.143194290273388,1
206.01,4.273954549511949,1
206.02,2.972235843549404,1
206.03,3.6569777967292447,1
206.04,3.2390528088640123,1
206.05,3.4393525980385578,1
206.06,4.3714803960519015,1
206.07,4.572997039692108,1
206.08,4.595192637634614,1
206.09,4.214427968340444,1
206.1,4.350962939371757,1
206.11,2.965260625455775,1
206.12,3.0556903627117826,1
206.13,3.745695161926117,1
206.14000000000001,4.300206840263804,1
206.15,3.6523797787511376,1
206.16,3.024942559917191,1
206.17000000000002,3.432504608917846,1
206.18,3.317138577658353,1
206.19,2.8182301608193883,1
206.20000000000002,5.373827415578395,1
206.21,4.907073746891092,1
206.22,2.818099127910362,1
206.23000000000002,2.7439033534874397,1
206.24,3.473886388001563,1
206.25,3.077545351764744,1
206.26,5.561849235455627,1
206.27,3.633298878428574,1
206.28,4.255715308684727,1
206.29,3.7090678191820508,1
206.3,3.22375775420458,1
206.31,4.608253276159948,1
206.32,4.41582868909808,1
206.33,3.9244000501668386,1
206.34,5.468730962155531,1
206.35,4.165199480872895,1
206.36,3.642457309168387,1
206.37,5.161075760591333,1
206.38,4.288571332748638,1
206.39000000000001,5.051655669401744,1
206.4,4.039220814467691,1
206.41,2.071217965899352,1
206.42000000000002,2.918447944640929,1
206.43,4.699500800337736,1
206.44,3.7319701915292076,1
206.45000000000002,4.2237178090350636,1
206.46,4.820380601442982,1
206.47,4.225834026493909,1
206.48000000000002,3.4990854720373394,1
206.49,3.9846517423474532,1
206.5,4.066976336716405,1
206.51,3.7144740740730575,1
206.52,3.0387150023759064,1
206.53,3.6497756973872404,1
206.54,3.846564860268049,1
206.55,2.9789809547608033,1
206.56,3.271770165878773,1
206.57,3.4310364298592164,1
206.58,2.715666031415453,1
206.59,3.9842429868893503,1
206.6,4.154282292447466,1
206.61,3.680803847971953,1
206.62,3.138390514998507,1
206.63,4.274268072255259,1
206.64000000000001,4.442969674587129,1
206.65,4.165976183003416,1
206.66,4.1082094725556795,1
206.67000000000002,4.452016587473411,1
206.68,4.008317699156015,1
206.69,3.426931069912593,1
206.70000000000002,3.9185302847176007,1
206.71,3.7160158084111314,1
206.72,3.8917987458695955,1
206.73000000000002,4.50534551036056,1
206.74,3.1781761991934743,1
206.75,3.9904062196383467,1
206.76,3.115426156648952,1
206.77,3.2910270809328868,1
206.78,4.935473498497157,1
206.79,4.330942083884932,1
206.8,4.125763113771447,1
206.81,2.9562025883322307,1
206.82,3.829956584684374,1
206.83,2.706810652931925,1
206.84,4.018780523370523,1
206.85,3.2674956187777564,1
206.86,4.389279426094718,1
206.87,4.188171703205595,1
206.88,3.2653936945894273,1
206.89000000000001,4.225412310150786,1
206.9,5.370292356207604,1
206.91,3.9259620501653054,1
206.92000000000002,4.521184220299905,1
206.93,2.604892589947992,1
206.94,4.147546981972232,1
206.95000000000002,3.564057290664961,1
206.96,3.7280143121754916,1
206.97,4.309652082336788,1
206.98000000000002,3.8174616522293134,1
206.99,2.9177070823865376,1
207.0,4.927450481188662,1
207.01,3.1394364461244195,1
207.02,3.449190993300508,1
207.03,4.11197848268822,1
207.04,4.168090795433657,1
207.05,4.363201300548443,1
207.06,4.179545172410565,1
207.07,4.816057025133619,1
207.08,4.410222858324742,1
207.09,3.2771967118042724,1
207.1,2.269432796114521,1
207.11,3.9694747504275165,1
207.12,4.903904852477452,1
207.13,3.1797585051073147,1
207.14000000000001,3.197346827272009,1
207.15,4.106646436497944,1
207.16,4.248494270664081,1
207.17000000000002,4.682924155692497,1
207.18,5.062635751617506,1
207.19,4.1950368032137675,1
207.20000000000002,3.411915151725527,1
207.21,3.4080099423633516,1
207.22,3.657298873467694,1
207.23000000000002,4.710415879223576,1
207.24,3.7903573903926575,1
207.25,4.686755566001186,1
207.26,3.123133448749891,1
207.27,4.193862479971323,1
207.28,3.5674410815921633,1
207.29,4.334705969375596,1
207.3,3.8523209154556395,1
207.31,4.48387896118669,1
207.32,3.7013085185709533,1
207.33,3.903326388897845,1
207.34,4.446305051152543,1
207.35,3.885233116809131,1
207.36,3.9596630244616025,1
207.37,4.43084174461532,1
207.38,3.9329115441740212,1
207.39000000000001,2.945803109904597,1
207.4,3.5677239550307607,1
207.41,2.7507944597809613,1
207.42000000000002,3.80841767808722,1
207.43,4.356206278891892,1
207.44,4.174416623563673,1
207.45000000000002,4.9907938355222825,1
207.46,4.962964446771812,1
207.47,4.284511613830584,1
207.48000000000002,2.50809396603028,1
207.49,4.367973653100281,1
207.5,3.519890222462328,1
207.51,4.518238541898937,1
207.52,4.188411355722566,1
207.53,4.375090752541104,1
207.54,4.27580181775369,1
207.55,5.491931742724345,1
207.56,4.356390157220388,1
207.57,3.130635376318469,1
207.58,4.599797106482219,1
207.59,3.7348039860037487,1
207.6,4.858371689066472,1
207.61,5.077292142501008,1
207.62,4.513648426196944,1
207.63,3.2637533522425013,1
207.64000000000001,3.729358233122579,1
207.65,4.929114815115255,1
207.66,5.424042150229434,1
207.67000000000002,4.185778285803265,1
207.68,3.8759884208907214,1
207.69,3.248758452551725,1
207.70000000000002,3.196226834657502,1
207.71,4.078088039450907,1
207.72,4.413811428176498,1
207.73000000000002,2.9978897297916127,1
207.74,4.405769955636252,1
207.75,4.839284523008838,1
207.76,4.3882177294424585,1
207.77,5.035561375187597,1
207.78,4.249633255349237,1
207.79,4.230138540649575,1
207.8,4.23995694598569,1
207.81,4.921151811115903,1
207.82,4.449644683978384,1
207.83,3.7451591140900966,1
207.84,4.331645528463064,1
207.85,4.376566907610107,1
207.86,3.956110111624581,1
207.87,4.721004510795309,1
207.88,4.145758506833094,1
207.89000000000001,4.4882561332886235,1
207.9,4.358559309646444,1
207.91,3.5258892332762626,1
207.92000000000002,3.2904533584215505,1
207.93,3.4314435530388487,1
207.94,3.8410276546178954,1
207.95000000000002,4.947655538997873,1
207.96,3.954812689691661,1
207.97,4.179635310939901,1
207.98000000000002,4.534076484533843,1
207.99,3.777310342117167,1
208.0,3.719070555304989,1
208.01,4.690160563677966,1
208.02,4.455594487251219,1
208.03,3.723303368032696,1
208.04,3.788057678084658,1
208.05,4.118074337226473,1
208.06,4.292236533566803,1
208.07,4.884819227560008,1
208.08,4.441402454206305,1
208.09,3.4102566419877505,1
208.1,3.4529718362952684,1
208.11,4.143413886648437,1
208.12,4.055705726084256,1
208.13,3.3938489147816133,1
208.14000000000001,4.5745797823377625,1
208.15,2.5005168145374954,1
208.16,4.05650914387161,1
208.17000000000002,2.939521535912383,1
208.18,4.464654404213427,1
208.19,3.8340460735660122,1
208.20000000000002,4.476672701632938,1
208.21,3.7996333691257287,1
208.22,4.893698345881398,1
208.23000000000002,2.9049368181829034,1
208.24,4.577135791503546,1
208.25,3.7156735270834806,1
208.26,4.297600626039413,1
208.27,4.34863234261032,1
208.28,3.1606142996731474,1
208.29,4.618688568908497,1
208.3,4.291083593643617,1
208.31,4.06861839882031,1
208.32,4.208492301013749,1
208.33,4.031863392238152,1
208.34,4.471274422909867,1
208.35,3.646969176334748,1
208.36,4.450073837846468,1
208.37,4.338171510467851,1
208.38,3.8655407142366505,1
208.39000000000001,5.167929339362633,1
208.4,4.3645712548983004,1
208.41,4.173117328995534,1
208.42000000000002,4.428328970177354,1
208.43,4.019623679005668,1
208.44,4.852687425306372,1
208.45000000000002,4.1127387518465,1
208.46,4.6097176336206855,1
208.47,3.4036083563525934,1
208.48000000000002,2.8421757848658804,1
208.49,4.213670825183512,1
208.5,3.762312205203088,1
208.51,3.8360120428468427,1
208.52,2.4254508971215483,1
208.53,4.947042137805013,1
208.54,4.052460884836216,1
208.55,4.793623307457159,1
208.56,3.0727872972630093,1
208.57,3.948217233679716,1
208.58,4.2181638707805265,1
208.59,4.078111587091548,1
208.6,4.157670049759953,1
208.61,3.1323644575081375,1
208.62,4.1991676113393215,1
208.63,3.527094636570613,1
208.64000000000001,3.643035885436725,1
208.65,4.064727795366698,1
208.66,3.8468376334009347,1
208.67000000000002,3.8599395708306603,1
208.68,4.764003942803495,1
208.69,3.9664905500620278,1
208.70000000000002,3.738989150922455,1
208.71,3.8797985562168953,1
208.72,3.2260830590683534,1
208.73000000000002,3.99714012528094,1
208.74,4.3959781961010815,1
208.75,4.152045459122699,1
208.76,3.961622207967545,1
208.77,4.327797021431177,1
208.78,3.6170041782140894,1
208.79,3.9805853732128824,1
208.8,4.907581144577576,1
208.81,3.8883713727714566,1
208.82,4.433255890964294,1
208.83,4.498538231912671,1
208.84,3.6105102526292647,1
208.85,4.4984220030274695,1
208.86,3.7074491235610587,1
208.87,4.320991658198405,1
208.88,3.658204242881441,1
208.89000000000001,4.183752300970127,1
208.9,4.093386017415996,1
208.91,4.053510517498518,1
208.92000000000002,4.134127383092681,1
208.93,3.601843121446578,1
208.94,3.147148331712513,1
208.95000000000002,3.926342607985431,1
208.96,4.639820241813453,1
208.97,4.356658474195572,1
208.98000000000002,4.268447212635495,1
208.99,3.662728604607986,1
209.0,4.102247894392494,1
209.01,3.49200656426282,1
209.02,3.7402238564127197,1
209.03,4.278009332301746,1
209.04,2.9101780462018887,1
209.05,5.132221078793258,1
209.06,3.2735694837402955,1
209.07,5.24202361858417,1
209.08,3.573356580535539,1
209.09,3.4455874867191185,1
209.1,3.7072775127024613,1
209.11,3.672604841029004,1
209.12,3.54226789548139,1
209.13,3.670199782187212,1
209.14000000000001,3.967518185746245,1
209.15,3.3403439320513506,1
209.16,4.434615626660907,1
209.17000000000002,4.882208846638742,1
209.18,2.7480110819767765,1
209.19,5.106809940520716,1
209.20000000000002,4.56913806758693,1
209.21,4.225982462415048,1
209.22,3.686520450372635,1
209.23000000000002,4.151196655701759,1
209.24,4.663566532015657,1
209.25,5.808636413510788,1
209.26,5.601992664587248,1
209.27,3.1644632431857778,1
209.28,3.858167045741701,1
209.29,4.063690008666669,1
209.3,4.874075885383065,1
209.31,3.9733155541233613,1
209.32,3.4628318808519083,1
209.33,3.9407697215645494,1
209.34,3.67422852630978,1
209.35,4.5450973496760945,1
209.36,5.51055992261708,1
209.37,4.6212743592904095,1
209.38,4.6110776224644505,1
209.39000000000001,4.816450097703807,1
209.4,4.34538944957067,1
209.41,3.7867285198531593,1
209.42000000000002,3.8379529798907104,1
209.43,4.763295325172151,1
209.44,4.305470004489377,1
209.45000000000002,3.4564334722634595,1
209.46,4.888066803321955,1
209.47,3.6111718945817213,1
209.48000000000002,3.2883318544593605,1
209.49,3.4102447976090895,1
209.5,4.161923731318948,1
209.51,4.61612566248043,1
209.52,4.156684925083941,1
209.53,3.586196084134014,1
209.54,3.378764911205769,1
209.55,4.387616322488518,1
209.56,3.8918202575532064,1
209.57,4.1546064306326675,1
209.58,3.8751252107077705,1
209.59,4.164893544863182,1
209.6,4.264581045848073,1
209.61,5.614249450144749,1
209.62,4.403540265866129,1
209.63,3.8347628991831244,1
209.64000000000001,4.176229614666386,1
209.65,3.4698589511777795,1
209.66,3.417621092384408,1
209.67000000000002,4.83604006765952,1
209.68,4.290649945979464,1
209.69,4.7653840972186305,1
209.70000000000002,2.990147224074684,1
209.71,3.2817362768119454,1
209.72,4.104863678089862,1
209.73000000000002,3.4095234263627026,1
209.74,2.968455352302351,1
209.75,3.162643859858286,1
209.76,3.670093716297563,1
209.77,4.18808186489452,1
209.78,5.080990177602115,1
209.79,3.360006792841861,1
209.8,3.3136717017928325,1
209.81,3.0421311115864307,1
209.82,4.359920717798686,1
209.83,4.164475505730417,1
209.84,3.4560581475228105,1
209.85,3.5037365784908325,1
209.86,3.9611001955871386,1
209.87,4.014118352583178,1
209.88,3.3694119704203755,1
209.89000000000001,4.099029268022791,1
209.9,3.111503127869982,1
209.91,3.9537699073116594,1
209.92000000000002,3.8364694052989354,1
209.93,4.1885393907296615,1
209.94,4.725024101008453,1
209.95000000000002,3.727560887297611,1
209.96,3.912628032246036,1
209.97,2.6494786675553517,1
209.98000000000002,5.155138750987292,1
209.99,2.8402017759202507,1
210.0,3.8781277411514945,1
210.01,2.3638025752616043,1
210.02,3.4116555232999417,1
210.03,5.152608017740022,1
210.04,4.884078566707568,1
210.05,4.767583808246022,1
210.06,3.9922762742209863,1
210.07,5.130863117688864,1
210.08,4.277974373281015,1
210.09,4.486168746592281,1
210.1,5.745078199187988,1
210.11,4.787415940684428,1
210.12,3.959234434193357,1
210.13,4.266835104466275,1
210.14000000000001,4.854851846562025,1
210.15,4.379733478424234,1
210.16,4.45957315626759,1
210.17000000000002,4.803067370004423,1
210.18,5.646672058556698,1
210.19,3.470371855304362,1
210.20000000000002,4.425235017001844,1
210.21,4.348428701330322,1
210.22,3.8161974099097455,1
210.23000000000002,3.630831413818455,1
210.24,5.121951874740683,1
210.25,3.4794927853978543,1
210.26,3.125822935385008,1
210.27,3.642424235990163,1
210.28,2.8655354749376265,1
210.29,3.404999528312992,1
210.3,3.279887586109364,1
210.31,3.9879011935524717,1
210.32,4.891606028905689,1
210.33,3.6092686391013222,1
210.34,4.465657812598801,1
210.35,4.439945472909005,1
210.36,2.5144060639372388,1
210.37,3.4926050224687786,1
210.38,3.6824491680167557,1
210.39000000000001,4.206547795663158,1
210.4,4.383751247688056,1
210.41,4.262396362314436,1
210.42000000000002,3.480585938893153,1
210.43,3.6198187636848687,1
210.44,3.074043102011177,1
210.45000000000002,4.0629502848319135,1
210.46,3.8368209199605188,1
210.47,4.395975724347401,1
210.48000000000002,4.519053817012483,1
210.49,3.8364826025584406,1
210.5,4.17173945973619,1
210.51,3.845553314640227,1
210.52,3.2227305650205604,1
210.53,3.372295388354654,1
210.54,2.4180065838042397,1
210.55,3.5728744029726074,1
210.56,3.517979382982677,1
210.57,3.200366042483975,1
210.58,4.440389504072785,1
210.59,4.345989748475042,1
210.6,4.3815300138112345,1
210.61,4.496358983713784,1
210.62,4.074158236047735,1
210.63,4.058513905490848,1
210.64000000000001,4.61437515152099,1
210.65,4.54524348564697,1
210.66,4.77061613580439,1
210.67000000000002,4.078099141436182,1
210.68,3.4078338099145458,1
210.69,4.140209449256075,1
210.70000000000002,3.6317422763657676,1
210.71,4.377215983552872,1
210.72,4.1638266671971245,1
210.73000000000002,3.981306017238459,1
210.74,3.6723188628454038,1
210.75,4.554172033916206,1
210.76,4.561418971358169,1
210.77,3.609867700322288,1
210.78,3.1364421160492166,1
210.79,4.042715899392255,1
210.8,4.773494123066801,1
210.81,3.252445902666519,1
210.82,4.305870906994331,1
210.83,3.5475801818085912,1
210.84,3.385259150889504,1
210.85,4.642729948776513,1
210.86,4.53180881340875,1
210.87,3.9932543802032776,1
210.88,4.554985154310722,1
210.89000000000001,4.498686450641874,1
210.9,3.064117220665941,1
210.91,3.9738034090269947,1
210.92000000000002,4.869557608995208,1
210.93,4.2976977295988394,1
210.94,2.248467934367372,1
210.95000000000002,3.1248049535748343,1
210.96,4.522290749641186,1
210.97,3.6096763174815596,1
210.98000000000002,4.6609983321738415,1
210.99,5.345330425615168,1
211.0,3.927815677753247,1
211.01,3.619518127352271,1
211.02,3.3698903555628084,1
211.03,4.5160636570274315,1
211.04,3.7121287782251504,1
211.05,3.7971799477016988,1
211.06,3.3398422283419964,1
211.07,3.73988644711054,1
211.08,3.5689948071924977,1
211.09,2.7100715683154437,1
211.1,3.3769641988725643,1
211.11,4.422045918952846,1
211.12,4.855050642808105,1
211.13,3.920192624743807,1
211.14000000000001,3.944872716119501,1
211.15,4.106811133888293,1
211.16,5.208522863234686,1
211.17000000000002,3.3571349274100712,1
211.18,3.099373846426825,1
211.19,3.8905862061788414,1
211.20000000000002,4.250692932935871,1
211.21,4.018113239734893,1
211.22,3.1612721511382866,1
211.23000000000002,4.585665002456303,1
211.24,4.017713289010194,1
211.25,4.436193742786033,1
211.26,5.104952314099857,1
211.27,3.1770299752194457,1
211.28,2.8788398136841575,1
211.29,4.321585059658952,1
211.3,2.6977839634821574,1
211.31,3.6376933316022857,1
211.32,3.5620481421260233,1
211.33,4.145305496390035,1
211.34,3.504326720768107,1
211.35,4.214026571470987,1
211.36,3.249263602185648,1
211.37,3.0889025997851234,1
211.38,3.9147059504735093,1
211.39000000000001,4.041292036086452,1
211.4,4.195499708779554,1
211.41,4.996443425767486,1
211.42000000000002,4.9362229640230755,1
211.43,4.411095679026549,1
211.44,4.622024735305914,1
211.45000000000002,4.282839811445514,1
211.46,4.853550187407894,1
211.47,4.3474668523190925,1
211.48000000000002,3.7056766400065793,1
211.49,3.5160194884104228,1
211.5,4.716267846491778,1
211.51,3.8994636965131533,1
211.52,5.1921017909149185,1
211.53,3.2930334630437805,1
211.54,4.6973511835261155,1
211.55,3.689689574184294,1
211.56,4.1743427085748035,1
211.57,3.105703613030217,1
211.58,2.7103340102420432,1
211.59,4.860977572462471,1
211.6,3.7685108609571225,1
211.61,4.650169371795603,1
211.62,3.658628971927646,1
211.63,4.681635544125372,1
211.64000000000001,3.8349962184066313,1
211.65,3.2801416876264753,1
211.66,4.447551132379866,1
211.67000000000002,4.699893515836668,1
211.68,4.500663907461149,1
211.69,3.9580199410305186,1
211.70000000000002,2.8612888418468447,1
211.71,3.2133922735556495,1
211.72,3.4517792605499102,1
211.73000000000002,3.73763928862695,1
211.74,4.645752325672896,1
211.75,3.887160695269499,1
211.76,2.555106878230373,1
211.77,2.1720833382204225,1
211.78,3.3964077530898367,1
211.79,3.6088248451196665,1
211.8,4.208767258052257,1
211.81,3.0948250627334266,1
211.82,3.094109672320505,1
211.83,4.301848887750879,1
211.84,4.955983714136754,1
211.85,2.858793725771956,1
211.86,3.503902238184738,1
211.87,4.751394860839397,1
211.88,4.693629836026378,1
211.89000000000001,3.4629023718185175,1
211.9,4.718853335519628,1
211.91,4.047546829270215,1
211.92000000000002,4.385573746269564,1
211.93,3.504437099206357,1
211.94,4.087793343369887,1
211.95000000000002,3.1734225496812596,1
211.96,3.523986491240708,1
211.97,3.718659791362913,1
211.98000000000002,4.030898658960081,1
211.99,5.541380341045624,1
212.0,5.754877198390899,1
212.01,3.8783299824490696,1
212.02,4.998246129570324,1
212.03,3.402144453494111,1
212.04,4.295392463458539,1
212.05,3.6482875327186295,1
212.06,3.7575837615615595,1
212.07,5.771989126570878,1
212.08,3.898372885554839,1
212.09,3.594165939576942,1
212.1,3.325129651752828,1
212.11,3.4356638986231847,1
212.12,2.9981086488619573,1
212.13,4.022578917772382,1
212.14000000000001,4.0620774595395375,1
212.15,4.1474104479506995,1
212.16,3.93014644662732,1
212.17000000000002,3.567520261433059,1
212.18,3.5047318224229036,1
212.19,4.0515500926970995,1
212.20000000000002,3.9711521806002135,1
212.21,3.6104869689406875,1
212.22,3.8362149470600286,1
212.23000000000002,5.050911805491204,1
212.24,5.4135609567140035,1
212.25,4.0173561584972655,1
212.26,3.5962292051054985,1
212.27,4.00796584127964,1
212.28,4.780610416342089,1
212.29,4.040400839163065,1
212.3,4.231333736888288,1
212.31,3.562531760700488,1
212.32,3.1712302512332635,1
212.33,4.382491798937372,1
212.34,4.077169124949185,1
212.35,4.354720508473427,1
212.36,2.839986589425423,1
212.37,5.059314672141102,1
212.38,4.184106050324173,1
212.39000000000001,2.8165617831237286,1
212.4,4.570811494850355,1
212.41,3.816704629557523,1
212.42000000000002,4.054336244266159,1
212.43,3.755199944780232,1
212.44,3.993995303935744,1
212.45000000000002,4.044242139961192,1
212.46,2.9903490902734027,1
212.47,4.561308795062868,1
212.48000000000002,4.150050341978569,1
212.49,4.320403681139513,1
212.5,4.547153534035471,1
212.51,4.086525017826968,1
212.52,4.1744750620532685,1
212.53,2.994515936772414,1
212.54,3.3286997653045436,1
212.55,3.9394456676111416,1
212.56,4.045572832256029,1
212.57,4.202568684403076,1
212.58,4.881298050597287,1
212.59,3.9698524119281973,1
212.6,4.235129953347415,1
212.61,4.077104122646153,1
212.62,3.8881397768334676,1
212.63,3.918394745373394,1
212.64000000000001,3.558437730997019,1
212.65,3.973021469311481,1
212.66,3.927650705427423,1
212.67000000000002,3.957393756713705,1
212.68,2.9103868886877784,1
212.69,3.892327282594118,1
212.70000000000002,3.4229987065663288,1
212.71,3.9005271077995474,1
212.72,3.238173853650032,1
212.73000000000002,3.9247844501214373,1
212.74,3.7306044877593703,1
212.75,3.502051830953991,1
212.76,4.0865688893227805,1
212.77,4.188657572277283,1
212.78,3.936186463260944,1
212.79,4.343317421414424,1
212.8,3.7539232781521936,1
212.81,4.269457230084559,1
212.82,4.034310968911765,1
212.83,3.4155633463246495,1
212.84,3.5171944851500068,1
212.85,4.802613001906143,1
212.86,5.142215750524134,1
212.87,4.591468887966799,1
212.88,3.7002380363054685,1
212.89000000000001,4.930262608020372,1
212.9,4.451771997510358,1
212.91,4.22016221166974,1
212.92000000000002,5.1630139816923535,1
212.93,3.449903865029739,1
212.94,4.396328624344584,1
212.95000000000002,3.4198081738670716,1
212.96,3.500304887462464,1
212.97,5.598154877298967,1
212.98000000000002,4.3786977354005945,1
212.99,5.200628094376154,1
213.0,4.42621190110613,1
213.01,4.311395749308148,1
213.02,3.6579930053978154,1
213.03,4.675767049240459,1
213.04,4.129169187026966,1
213.05,4.135400438294247,1
213.06,3.909981349287645,1
213.07,3.9893674782714035,1
213.08,4.05867575387488,1
213.09,4.105149483763304,1
213.1,3.9719177198265383,1
213.11,2.9634657941866713,1
213.12,4.243896055534265,1
213.13,3.872914600821544,1
213.14000000000001,1.767801489354862,1
213.15,2.7603675359080917,1
213.16,3.5471454199905965,1
213.17000000000002,4.742262721131473,1
213.18,4.3956996074754136,1
213.19,3.5559983922393976,1
213.20000000000002,3.851111791183921,1
213.21,4.732447650592677,1
213.22,3.689591888637984,1
213.23000000000002,3.33867616727785,1
213.24,4.603847204641669,1
213.25,4.835803448106037,1
213.26,3.7289584311165687,1
213.27,4.360271093270239,1
213.28,4.038413414872223,1
213.29,3.6409629002674913,1
213.3,4.735281819162751,1
213.31,3.5885923826623847,1
213.32,4.420292764562296,1
213.33,4.0074874406916665,1
213.34,3.8163272074964567,1
213.35,3.5532980633025,1
213.36,3.261768819123304,1
213.37,3.7334060324752825,1
213.38,3.6083931452992766,1
213.39000000000001,4.014630949779724,1
213.4,3.2254207822914034,1
213.41,3.879835508798402,1
213.42000000000002,4.301730174564439,1
213.43,3.643164142616207,1
213.44,4.531561939325783,1
213.45000000000002,4.658551095131851,1
213.46,3.3275640818913694,1
213.47,3.5277345613526903,1
213.48000000000002,3.1450949078264716,1
213.49,4.245111874068166,1
213.5,4.096194394399328,1
213.51,2.9421927469740523,1
213.52,3.467926196612479,1
213.53,4.106223714692795,1
213.54,4.0074586896453885,1
213.55,4.710195350020908,1
213.56,3.2239284432267863,1
213.57,3.8875069374891713,1
213.58,3.3001400023796443,1
213.59,4.007579200367231,1
213.6,3.884465037345543,1
213.61,4.194113657844539,1
213.62,3.7917166618275298,1
213.63,4.544023317377862,1
213.64000000000001,3.6411375105903385,1
213.65,3.3951653526844465,1
213.66,4.181126935075515,1
213.67000000000002,5.273868319914691,1
213.68,3.132494290331773,1
213.69,3.227230910632881,1
213.70000000000002,4.102389266644841,1
213.71,4.712798262841525,1
213.72,4.196051898769936,1
213.73000000000002,3.555377261893925,1
213.74,4.173821278029751,1
213.75,4.270005506827191,1
213.76,3.503589074851471,1
213.77,4.445242721309527,1
213.78,3.9611795622591637,1
213.79,2.8405165523568963,1
213.8,3.8444325487198334,1
213.81,3.646162923590597,1
213.82,4.870960934729032,1
213.83,3.2518955943112786,1
213.84,3.7138505236360166,1
213.85,4.225149174057939,1
213.86,5.654335521230654,1
213.87,5.4278279937907286,1
213.88,4.0994578095038,1
213.89000000000001,4.254498661032198,1
213.9,4.404371836121141,1
213.91,3.3426434988243883,1
213.92000000000002,3.9215997450553792,1
213.93,4.813349203070186,1
213.94,4.068482600111773,1
213.95000000000002,5.1937638171900105,1
213.96,3.7111980373891265,1
213.97,3.864995299432562,1
213.98000000000002,3.8963987233039084,1
213.99,3.1275342862024025,1
214.0,4.66672150017098,1
214.01,3.8481799470467917,1
214.02,4.203903379403658,1
214.03,3.685890372385153,1
214.04,5.1726905605768865,1
214.05,4.945579244094338,1
214.06,4.165879068064552,1
214.07,3.2758164550338322,1
214.08,4.482386060866411,1
214.09,4.753509132307757,1
214.1,3.4420591239547527,1
214.11,3.848763997923383,1
214.12,3.9952471616423875,1
214.13,4.643077298361297,1
214.14000000000001,3.8681865003731866,1
214.15,4.540857685388178,1
214.16,3.459689448808349,1
214.17000000000002,3.222632982430015,1
214.18,5.09856237055176,1
214.19,3.192463393813938,1
214.20000000000002,3.465608935777553,1
214.21,4.501958073276797,1
214.22,3.731353855842627,1
214.23000000000002,3.6841820751159,1
214.24,3.925094364570143,1
214.25,2.672081749534236,1
214.26,4.718686145073466,1
214.27,4.2173962543157,1
214.28,3.529697235943112,1
214.29,2.8800944229119687,1
214.3,3.0454393839578486,1
214.31,2.8835751849966824,1
214.32,4.0349282521653205,1
214.33,4.09412522395144,1
214.34,4.330632558362153,1
214.35,4.4197266346658335,1
214.36,4.361469984697272,1
214.37,4.959328745623861,1
214.38,4.789927440403795,1
214.39000000000001,4.647329520404886,1
214.4,4.193952508762497,1
214.41,4.503994733475356,1
214.42000000000002,3.809366697770494,1
214.43,3.907071265092834,1
214.44,5.183529247930802,1
214.45000000000002,3.7849743145661576,1
214.46,3.6491543145613123,1
214.47,3.804182305417414,1
214.48000000000002,3.674985175598838,1
214.49,3.7009869612048156,1
214.5,4.137786176134025,1
214.51,4.161995163180386,1
214.52,4.555323373487449,1
214.53,5.391107243651104,1
214.54,3.772275330900023,1
214.55,3.86836301713638,1
214.56,2.7283026387190357,1
214.57,3.0250552988488697,1
214.58,3.803497735684301,1
214.59,4.267095497253076,1
214.6,4.336332379758887,1
214.61,4.445280814537726,1
214.62,4.888137119810807,1
214.63,5.2218878405227915,1
214.64000000000001,3.98759187486267,1
214.65,3.5542477910437253,1
214.66,4.469449523125469,1
214.67000000000002,4.69421523274161,1
214.68,4.17292391451947,1
214.69,3.916137941181281,1
214.70000000000002,3.6663673996442285,1
214.71,3.927857105761446,1
214.72,4.397868229232631,1
214.73000000000002,3.5283844274159355,1
214.74,3.379819164403918,1
214.75,4.276387643874839,1
214.76,3.395062792661529,1
214.77,4.001626897925146,1
214.78,4.0206807875077955,1
214.79,3.9796073720793506,1
214.8,3.5832845517084846,1
214.81,5.12472680083221,1
214.82,4.371471821634124,1
214.83,3.7504259244007865,1
214.84,4.271948244739581,1
214.85,5.28055249343514,1
214.86,4.206196139103404,1
214.87,5.067411142791045,1
214.88,3.362488231717097,1
214.89000000000001,3.4313990676659656,1
214.9,2.575646826237982,1
214.91,5.1717500995103425,1
214.92000000000002,2.9205517332968585,1
214.93,3.9863613709085937,1
214.94,5.054410466540218,1
214.95000000000002,4.617948449505942,1
214.96,4.209941958324853,1
214.97,4.784967976397534,1
214.98000000000002,3.5702892089571123,1
214.99,4.288207031584791,1
215.0,3.945686440172377,1
215.01,3.935008735420303,1
215.02,4.165299325227528,1
215.03,4.834399901283594,1
215.04,5.138681545131213,1
215.05,3.9705088448912287,1
215.06,3.363139944216385,1
215.07,3.490177501198204,1
215.08,5.2763358729662135,1
215.09,5.059250762987454,1
215.1,3.354017067958739,1
215.11,5.014230463444157,1
215.12,3.5535692060022197,1
215.13,4.342529292331515,1
215.14000000000001,3.486119716402784,1
215.15,5.2970649165399415,1
215.16,3.6366154406645483,1
215.17000000000002,3.2368935507870127,1
215.18,3.61486778507268,1
215.19,5.65938609812969,1
215.20000000000002,4.27010168372843,1
215.21,3.373791910347653,1
215.22,3.4964428565380685,1
215.23000000000002,2.8977415361165932,1
215.24,4.3565192401023625,1
215.25,3.285437664682593,1
215.26,4.745794147930204,1
215.27,4.617534320577919,1
215.28,4.015296368989971,1
215.29,4.824848984926027,1
215.3,4.6485568495894904,1
215.31,4.116000140577501,1
215.32,3.4630230578769012,1
215.33,4.174194224169223,1
215.34,4.202776794841791,1
215.35,4.255601862739608,1
215.36,3.9953301064213234,1
215.37,4.151830622818989,1
215.38,4.162013844749296,1
215.39000000000001,4.871585013679148,1
215.4,3.227105226600944,1
215.41,3.328488082575548,1
215.42000000000002,4.053995342372804,1
215.43,3.5720372669871403,1
215.44,4.18334376386884,1
215.45000000000002,3.3641884658225445,1
215.46,3.413257478207313,1
215.47,5.361861177605479,1
215.48000000000002,3.976053568696836,1
215.49,3.2605277111552007,1
215.5,3.8796480750014033,1
215.51,4.640517445740592,1
215.52,4.775074592070924,1
215.53,3.0366189345460706,1
215.54,3.3723160056847976,1
215.55,4.031402672083676,1
215.56,3.9085562018846924,1
215.57,2.8962267244495745,1
215.58,2.9576245281790947,1
215.59,3.2228656100682,1
215.6,2.805851989896952,1
215.61,3.6556031494410584,1
215.62,4.79989976295257,1
215.63,3.677875612702906,1
215.64000000000001,4.755072542530358,1
215.65,4.140007284591884,1
215.66,3.960701339444692,1
215.67000000000002,2.977018341797588,1
215.68,4.740771780586694,1
215.69,4.14188773887876,1
215.70000000000002,2.9689733122160566,1
215.71,4.161175376484881,1
215.72,3.582726368780588,1
215.73000000000002,3.952850777398636,1
215.74,4.080775796521368,1
215.75,4.718216120467321,1
215.76,3.2403974190394793,1
215.77,4.265321249012428,1
215.78,4.8346175638285205,1
215.79,5.663541836561387,1
215.8,4.782280668289255,1
215.81,4.306149172601975,1
215.82,4.242350605536227,1
215.83,5.083489515587674,1
215.84,3.951361999032827,1
215.85,4.588921258085765,1
215.86,5.530217111533405,1
215.87,4.081003990599801,1
215.88,2.7412892856250766,1
215.89000000000001,3.387856706436419,1
215.9,4.152183996136932,1
215.91,3.4413720104185264,1
215.92000000000002,3.695660303736614,1
215.93,3.728405343264285,1
215.94,4.275463225549956,1
215.95000000000002,3.3273228399201145,1
215.96,3.5095914176187972,1
215.97,4.823352140585342,1
215.98000000000002,3.69355063460827,1
215.99,4.430623707091625,1
216.0,4.036364147072102,1
216.01,4.01190374364609,1
216.02,4.525181377115185,1
216.03,2.884991446303775,1
216.04,4.292955410992643,1
216.05,4.451660456798345,1
216.06,4.64887891698061,1
216.07,3.8554727397185067,1
216.08,4.034808947494144,1
216.09,2.4327156795042875,1
216.1,3.4698672371038324,1
216.11,4.057395499961168,1
216.12,4.912111923808201,1
216.13,5.190421510269455,1
216.14000000000001,3.7770339418907546,1
216.15,4.478284104173499,1
216.16,3.861900558282966,1
216.17000000000002,2.8830770257085043,1
216.18,4.282422461834538,1
216.19,5.183236231949453,1
216.20000000000002,3.824990076046807,1
216.21,3.4255662244528944,1
216.22,4.0547843730053845,1
216.23000000000002,3.985516332229095,1
216.24,5.764802932830193,1
216.25,4.833955563392049,1
216.26,4.2052738956940265,1
216.27,2.19389898513458,1
216.28,3.8417972692868396,1
216.29,5.2141860767403,1
216.3,4.123305024769751,1
216.31,4.515916660250384,1
216.32,4.239730019584361,1
216.33,3.636723380316492,1
216.34,5.00337676005193,1
216.35,4.107335305400859,1
216.36,3.4765176999305143,1
216.37,3.922400845503668,1
216.38,4.878438109496711,1
216.39000000000001,3.0708952599737698,1
216.4,4.121093567368863,1
216.41,4.079763338318025,1
216.42000000000002,3.0510582207124184,1
216.43,4.502464620524123,1
216.44,4.268742412788348,1
216.45000000000002,4.661573897116581,1
216.46,4.849397059111547,1
216.47,4.0750711491807365,1
216.48000000000002,3.68715203083525,1
216.49,3.0788531743177256,1
216.5,3.5251824634641187,1
216.51,3.9538928866155314,1
216.52,3.3264975054202983,1
216.53,4.276250361478571,1
216.54,3.3582049582451323,1
216.55,2.7422891574639423,1
216.56,3.478271655888267,1
216.57,4.028072480080485,1
216.58,3.141380285592439,1
216.59,3.3502526370553536,1
216.6,3.5536241079488358,1
216.61,3.6742522226225875,1
216.62,4.219269273812147,1
216.63,4.488943404813729,1
216.64000000000001,3.7937132434643153,1
216.65,3.3889643964945924,1
216.66,4.1233404725805,1
216.67000000000002,4.4034714224036575,1
216.68,5.11441103329772,1
216.69,4.832433729374332,1
216.70000000000002,3.231685859632374,1
216.71,3.837700224508259,1
216.72,4.240693365112848,1
216.73000000000002,3.4009121575817294,1
216.74,3.6643066383507428,1
216.75,4.341707747343896,1
216.76,4.111406624986947,1
216.77,3.947649560000923,1
216.78,3.529677786829362,1
216.79,3.011931398027589,1
216.8,3.7394822456703554,1
216.81,3.949899786589728,1
216.82,3.089775198373488,1
216.83,4.038411417910933,1
216.84,4.328875511649909,1
216.85,3.6461831803354654,1
216.86,4.311822219875888,1
216.87,4.257751583650817,1
216.88,3.861015620316236,1
216.89000000000001,3.7436669779450367,1
216.9,3.767598120162171,1
216.91,3.4058070160291245,1
216.92000000000002,4.1424232385267885,1
216.93,3.3982084595126922,1
216.94,3.384903401231592,1
216.95000000000002,4.210299543021369,1
216.96,3.7842708578290742,1
216.97,3.96693062507112,1
216.98000000000002,2.8443310354178517,1
216.99,3.569225420923449,1
217.0,5.0661691179895225,1
217.01,2.9332515877254064,1
217.02,5.116744350853323,1
217.03,4.298387711923898,1
217.04,3.7442870879061347,1
217.05,3.927457933153154,1
217.06,4.865324741814761,1
217.07,2.634371243207313,1
217.08,4.879573006692726,1
217.09,4.247031873926447,1
217.1,4.670111221124162,1
217.11,2.8811228544993686,1
217.12,3.7397412528902887,1
217.13,2.4117825926439087,1
217.14000000000001,4.609532379859721,1
217.15,3.3235271092753425,1
217.16,3.240982368745117,1
217.17000000000002,2.6391888446045595,1
217.18,4.163531550982436,1
217.19,4.03455649187765,1
217.20000000000002,3.518316780300194,1
217.21,4.166529359535132,1
217.22,3.549488679071812,1
217.23000000000002,2.893392268755481,1
217.24,3.769762096072798,1
217.25,5.128761566513172,1
217.26,4.7694554775653515,1
217.27,4.401781793459919,1
217.28,4.22557672815712,1
217.29,3.799694995372938,1
217.3,4.464021415967877,1
217.31,4.369918363075417,1
217.32,3.9227290628024036,1
217.33,4.062632908533532,1
217.34,2.8896280015580733,1
217.35,3.546311995070086,1
217.36,3.1273721131054675,1
217.37,3.1009891570678607,1
217.38,4.2080468352537075,1
217.39000000000001,3.1700676701670654,1
217.4,4.450045750012885,1
217.41,4.721315867099596,1
217.42000000000002,4.048782930190501,1
217.43,3.671950570343881,1
217.44,4.721475929589081,1
217.45000000000002,4.4771166651021375,1
217.46,4.875378660987835,1
217.47,3.410964720666073,1
217.48000000000002,3.838875703055018,1
217.49,3.8704213083060837,1
217.5,4.126622778209698,1
217.51,4.388320630631358,1
217.52,4.0671886557326955,1
217.53,4.808579243817349,1
217.54,3.733168037708745,1
217.55,3.227926885179878,1
217.56,3.4504860934121098,1
217.57,3.3942479312442657,1
217.58,3.6246979696012933,1
217.59,3.780924085135973,1
217.6,3.841199492963285,1
217.61,4.165674602439654,1
217.62,3.756307950240812,1
217.63,4.72777092152956,1
217.64000000000001,2.8583104076686148,1
217.65,2.562084308149753,1
217.66,4.634688017964997,1
217.67000000000002,4.696933173536802,1
217.68,4.888869872207454,1
217.69,4.488359078018516,1
217.70000000000002,4.029458692033058,1
217.71,3.809370198205248,1
217.72,2.9035111092955734,1
217.73000000000002,3.9681236421222894,1
217.74,2.9936491511945764,1
217.75,5.464270473576907,1
217.76,3.346948752480867,1
217.77,3.851717472844994,1
217.78,4.925366491366837,1
217.79,3.796132170433754,1
217.8,3.75613934571457,1
217.81,2.3317093023057107,1
217.82,3.0956196904832476,1
217.83,4.371978611964612,1
217.84,5.17990381718359,1
217.85,3.5680244619421426,1
217.86,4.173016519883497,1
217.87,5.8278603210742155,1
217.88,4.520568534596323,1
217.89000000000001,4.686439689084873,1
217.9,3.5426519537776318,1
217.91,4.955062531908245,1
217.92000000000002,3.5625729410252416,1
217.93,3.348667624116951,1
217.94,4.848582350843866,1
217.95000000000002,3.562215964537337,1
217.96,3.900064029504517,1
217.97,4.988963703968413,1
217.98000000000002,3.423090151291188,1
217.99,3.789837166589006,1
218.0,3.5929509167038787,1
218.01,3.7870097734469645,1
218.02,4.058221437405978,1
218.03,4.934887529028529,1
218.04,5.193860385241863,1
218.05,4.248179892225572,1
218.06,3.61474743839043,1
218.07,4.476971552883495,1
218.08,4.075174045125965,1
218.09,4.050999550652858,1
218.1,3.3320999564324683,1
218.11,2.8859928011490683,1
218.12,3.8753442007570427,1
218.13,3.2367248649615576,1
218.14000000000001,3.5379494372158335,1
218.15,4.858836762951777,1
218.16,3.9347258189502483,1
218.17000000000002,4.654240886725599,1
218.18,4.188261060176913,1
218.19,4.368205749174969,1
218.20000000000002,3.666695788158777,1
218.21,4.752765437240079,1
218.22,4.292379840303092,1
218.23000000000002,3.9078912009022666,1
218.24,4.268006287773039,1
218.25,3.627445277167916,1
218.26,3.858381781038059,1
218.27,4.015797489208534,1
218.28,3.703005214373372,1
218.29,5.015423027826825,1
218.3,3.790059408278803,1
218.31,5.313881339137336,1
218.32,4.076938216477134,1
218.33,3.7906764746906716,1
218.34,3.5879519310105987,1
218.35,4.1739135715657385,1
218.36,4.519328550059905,1
218.37,2.324316841816236,1
218.38,3.859487918713981,1
218.39000000000001,2.6797353490056444,1
218.4,4.559304327399528,1
218.41,4.706904984087649,1
218.42000000000002,4.114538806742043,1
218.43,4.203984616101201,1
218.44,3.156767042085977,1
218.45000000000002,3.6697458471316113,1
218.46,3.6542691281643416,1
218.47,3.748085038621929,1
218.48000000000002,4.593916464042966,1
218.49,4.889142063061272,1
218.5,4.448023482516584,1
218.51,3.7923245473718703,1
218.52,3.457867540920806,1
218.53,3.9643067051961554,1
218.54,4.11804938008987,1
218.55,3.7882682537826824,1
218.56,3.4883904712025524,1
218.57,4.308342712062375,1
218.58,4.438316235767152,1
218.59,3.153178432348373,1
218.6,3.7016950557671566,1
218.61,4.511548197722705,1
218.62,4.717652536165908,1
218.63,4.146851958667751,1
218.64000000000001,4.318051835810937,1
218.65,4.258372095579644,1
218.66,4.705969886708028,1
218.67000000000002,3.382827043730916,1
218.68,4.17973934749843,1
218.69,3.4559671963047665,1
218.70000000000002,4.671853147357223,1
218.71,3.3289036982137623,1
218.72,4.179234150750281,1
218.73000000000002,3.3756132190401598,1
218.74,4.37853010038083,1
218.75,4.23230027002611,1
218.76,4.098153931572576,1
218.77,5.21804457688097,1
218.78,3.5741225972059354,1
218.79,4.553408870949467,1
218.8,4.795123470468922,1
218.81,4.673476333386459,1
218.82,3.6464646023457687,1
218.83,3.888474017825462,1
218.84,3.672342882716671,1
218.85,3.862878565160721,1
218.86,3.517281728118167,1
218.87,3.7955106765253084,1
218.88,4.98310905831831,1
218.89000000000001,3.873755835021985,1
218.9,4.059612107511642,1
218.91,3.5081743520297013,1
218.92000000000002,3.9152234033402578,1
218.93,4.469381364614165,1
218.94,4.273530341000697,1
218.95000000000002,4.86120646489983,1
218.96,3.195429525571078,1
218.97,3.4008161504176178,1
218.98000000000002,3.6530074507708425,1
218.99,4.946691289318039,1
219.0,4.2521453174943185,1
219.01,3.1204200119464716,1
219.02,4.701439514728873,1
219.03,4.17509325043273,1
219.04,4.66037232604114,1
219.05,5.142511008463855,1
219.06,3.505540614457292,1
219.07,5.0577363793395635,1
219.08,4.058459983560054,1
219.09,3.7568443880709657,1
219.1,4.08427739139102,1
219.11,3.2066063259660478,1
219.12,3.8939267596831275,1
219.13,3.774270082835781,1
219.14000000000001,3.305555293451821,1
219.15,3.463500806873554,1
219.16,4.634970921135272,1
219.17000000000002,3.862659458058822,1
219.18,3.312293584074563,1
219.19,4.227616389346379,1
219.20000000000002,4.512567742009867,1
219.21,4.054176816007734,1
219.22,3.2480530324597074,1
219.23000000000002,2.364534809143365,1
219.24,3.389579478783024,1
219.25,4.722843058836343,1
219.26,4.7393757696918515,1
219.27,3.5880204696527205,1
219.28,3.86535018992401,1
219.29,4.466575645530987,1
219.3,3.9366789709563506,1
219.31,4.578990936637673,1
219.32,3.92611735651564,1
219.33,4.2461415494723225,1
219.34,3.733140125725278,1
219.35,3.399919732622249,1
219.36,4.649048948856214,1
219.37,3.004265946269863,1
219.38,3.508016157093192,1
219.39000000000001,3.887368455969469,1
219.4,4.55184859125007,1
219.41,3.487586523633559,1
219.42000000000002,4.097094831035138,1
219.43,3.1681117022104024,1
219.44,4.308020998824002,1
219.45000000000002,5.277194463318811,1
219.46,2.876491431769739,1
219.47,3.520796599948596,1
219.48000000000002,4.557415416284894,1
219.49,5.9652687430848905,1
219.5,4.497986177716856,1
219.51,3.531877286345974,1
219.52,3.8299716654555107,1
219.53,3.131880318526344,1
219.54,4.398104435019173,1
219.55,4.627194552116201,1
219.56,4.878782132750813,1
219.57,3.7784079534031942,1
219.58,3.4196192406482395,1
219.59,4.913254383624401,1
219.6,4.952196211559884,1
219.61,3.440891713520764,1
219.62,3.7683156645715115,1
219.63,4.5602637726693205,1
219.64000000000001,3.942158965202049,1
219.65,4.0924962792892385,1
219.66,3.1236371021902642,1
219.67000000000002,3.279379502044112,1
219.68,3.940576035979284,1
219.69,3.5649482624595636,1
219.70000000000002,3.2275474915313827,1
219.71,3.7251057622740635,1
219.72,3.3685921639018677,1
219.73000000000002,3.9184270496873688,1
219.74,4.566863643625895,1
219.75,3.7631069213579695,1
219.76,3.638046827047665,1
219.77,4.614773018199157,1
219.78,4.4696780334890365,1
219.79,4.524050929527878,1
219.8,2.397418302036046,1
219.81,3.637693037746137,1
219.82,3.6528397098351233,1
219.83,3.5054076543384713,1
219.84,4.7261257660478835,1
219.85,3.7663912812338376,1
219.86,3.155142456582449,1
219.87,4.169185821703895,1
219.88,4.048350491386844,1
219.89000000000001,3.4263034658930835,1
219.9,4.624522787181803,1
219.91,4.35720206760036,1
219.92000000000002,4.318252399589775,1
219.93,4.271206565589773,1
219.94,4.651031647293424,1
219.95000000000002,3.8627952835915784,1
219.96,3.114925499938711,1
219.97,3.7522887679697705,1
219.98000000000002,2.867781281350933,1
219.99,3.2210735328561286,1
220.0,5.005250924444999,1
220.01,3.370945436907592,1
220.02,3.2461038872187764,1
220.03,4.4511365068538415,1
220.04,4.6593461850556,1
220.05,3.0338450410465168,1
220.06,4.174733390497585,1
220.07,3.7148270380904056,1
220.08,4.240517171453178,1
220.09,3.839947891459832,1
220.1,3.1028710338018617,1
220.11,3.6091322922842686,1
220.12,4.33703753411076,1
220.13,5.219454212695742,1
220.14000000000001,4.253911642085778,1
220.15,3.68615572705462,1
220.16,3.1444953695540137,1
220.17000000000002,3.7857053199317052,1
220.18,3.69845783991951,1
220.19,4.158405792914204,1
220.20000000000002,3.9723011485221837,1
220.21,4.334224625005725,1
220.22,3.832205761985791,1
220.23000000000002,5.160756979521811,1
220.24,4.5206471947815965,1
220.25,3.648149951538438,1
220.26,4.699723107336326,1
220.27,3.3520865795077177,1
220.28,3.4497232711670796,1
220.29,3.4691800664965826,1
220.3,4.828558480196711,1
220.31,3.909012795252489,1
220.32,3.5410914861121405,1
220.33,4.017040833867706,1
220.34,4.28053068164525,1
220.35,4.972503798435004,1
220.36,3.015774113523798,1
220.37,4.700464060891918,1
220.38,2.6575350358956826,1
220.39000000000001,4.485576848031692,1
220.4,4.785388881252262,1
220.41,4.860217048587906,1
220.42000000000002,4.466231132330094,1
220.43,3.398804314125302,1
220.44,4.520856287971102,1
220.45000000000002,3.4140574522948604,1
220.46,3.4270736789164014,1
220.47,3.729742595675523,1
220.48000000000002,3.7893547026455563,1
220.49,4.165436492077593,1
220.5,3.557246929195532,1
220.51,4.162629469073728,1
220.52,3.0738181184070346,1
220.53,3.9077124337130043,1
220.54,3.7454833508440486,1
220.55,4.567095754371444,1
220.56,4.685842699282822,1
220.57,3.8707200559033974,1
220.58,2.6777319185697945,1
220.59,2.942213590553654,1
220.6,4.667133848159194,1
220.61,3.9717354181306086,1
220.62,5.178745838326757,1
220.63,4.714425081860787,1
220.64000000000001,4.280629222735384,1
220.65,4.1756794885623645,1
220.66,3.336391901643684,1
220.67000000000002,3.6107250361610506,1
220.68,4.289875470741667,1
220.69,3.815390889348244,1
220.70000000000002,4.291274066616508,1
220.71,4.660554733304247,1
220.72,3.87752746540651,1
220.73000000000002,3.6507535014657773,1
220.74,3.325293625983825,1
220.75,4.425780876361603,1
220.76,4.443155127314895,1
220.77,5.385473233701036,1
220.78,4.154740477449595,1
220.79,3.9246827449317276,1
220.8,4.300178697672552,1
220.81,3.855898524565195,1
220.82,3.462475023204155,1
220.83,4.0872517799582155,1
220.84,4.374477790347877,1
220.85,4.437949864169291,1
220.86,4.385684729275175,1
220.87,4.773579311834517,1
220.88,4.427282607890374,1
220.89000000000001,4.223110431307157,1
220.9,3.190754488607181,1
220.91,4.086257111667322,1
220.92000000000002,3.84878304903515,1
220.93,3.2012911591527327,1
220.94,4.204855179202496,1
220.95000000000002,4.2730777095351336,1
220.96,4.221114340619107,1
220.97,4.313596659267328,1
220.98000000000002,4.0560750229799645,1
220.99,3.821380393375201,1
221.0,5.139221092703745,1
221.01,4.189254014960302,1
221.02,2.4071941250870763,1
221.03,2.391162741778335,1
221.04,4.757473372449387,1
221.05,2.9309338584015956,1
221.06,3.6539594664004382,1
221.07,3.2505448044985625,1
221.08,3.801854361602474,1
221.09,4.260530568888836,1
221.1,3.582900089750739,1
221.11,3.4210625346164183,1
221.12,4.392902845836689,1
221.13,5.669314070688988,1
221.14000000000001,4.378601086992151,1
221.15,3.354236365998997,1
221.16,4.455189330306558,1
221.17000000000002,5.098802545400269,1
221.18,4.712716321546309,1
221.19,3.0192578702995623,1
221.20000000000002,4.285511276413125,1
221.21,3.744014540371473,1
221.22,4.064254325116966,1
221.23000000000002,3.822996799541604,1
221.24,4.543498117870788,1
221.25,3.8790413572774263,1
221.26,4.983957503799193,1
221.27,4.117266424744976,1
221.28,3.9051763196588665,1
221.29,4.3871942485263995,1
221.3,4.2535164970734645,1
221.31,4.380058023696985,1
221.32,3.890816109836376,1
221.33,4.797408682280121,1
221.34,4.618155251656999,1
221.35,3.95369007577849,1
221.36,4.459713635326132,1
221.37,3.796781236960343,1
221.38,4.314673244163519,1
221.39000000000001,4.532470337291751,1
221.4,4.195454792272799,1
221.41,3.504324267457893,1
221.42000000000002,3.241462792442775,1
221.43,4.206815134792429,1
221.44,3.6149443126941336,1
221.45000000000002,4.7364080402395015,1
221.46,3.1365390400796485,1
221.47,4.8630118942355605,1
221.48000000000002,4.1279884709916885,1
221.49,3.4752994195026146,1
221.5,3.6741898783061617,1
221.51,3.8236440268966105,1
221.52,4.257280405293623,1
221.53,3.158559030472093,1
221.54,3.2550250633994855,1
221.55,3.6694772115370533,1
221.56,3.8889470539802873,1
221.57,4.3980628977165335,1
221.58,4.155430440799452,1
221.59,3.734717692989621,1
221.6,4.138982150627672,1
221.61,4.140431072991238,1
221.62,3.8906353490907906,1
221.63,4.130772499417528,1
221.64000000000001,2.6840696106573816,1
221.65,4.602151115417047,1
221.66,4.462939532685378,1
221.67000000000002,5.059866855181685,1
221.68,3.5805639237166034,1
221.69,4.36753954680051,1
221.70000000000002,2.7845608206002987,1
221.71,2.756759816660379,1
221.72,3.726127393785687,1
221.73000000000002,3.546211959385918,1
221.74,4.580115840222955,1
221.75,4.723915712123522,1
221.76,4.80500788389978,1
221.77,4.37607323588829,1
221.78,4.395330358322472,1
221.79,3.1702168425879194,1
221.8,4.859863397977409,1
221.81,4.888577017486996,1
221.82,3.2035088085140413,1
221.83,4.317793015078531,1
221.84,3.736545011900353,1
221.85,5.2597115338812905,1
221.86,3.5142510038729724,1
221.87,4.091087385032819,1
221.88,4.169266932565284,1
221.89000000000001,3.9974377423264116,1
221.9,5.392278381659027,1
221.91,5.156019563896976,1
221.92000000000002,2.961297645327503,1
221.93,4.191838074627181,1
221.94,3.9319448275932443,1
221.95000000000002,4.4617945476462,1
221.96,4.094556256547143,1
221.97,3.4182739000387117,1
221.98000000000002,3.248800493762694,1
221.99,3.6722594064423677,1
222.0,3.9036100940022607,1
222.01,4.144750907543356,1
222.02,3.684031187300157,1
222.03,5.1498270387364515,1
222.04,4.488479486507739,1
222.05,4.671792477481638,1
222.06,4.0215797559044555,1
222.07,3.388273746945905,1
222.08,4.579573047369484,1
222.09,3.4120859066856934,1
222.1,2.6507816261297905,1
222.11,4.261318126323383,1
222.12,3.479875861602203,1
222.13,3.6900140238560786,1
222.14000000000001,4.35947979285081,1
222.15,3.342477023048728,1
222.16,2.849705884181958,1
222.17000000000002,4.662023420166428,1
222.18,3.958749585471645,1
222.19,4.791426518104525,1
222.20000000000002,4.455222022467389,1
222.21,4.477437406497352,1
222.22,4.180227149094792,1
222.23000000000002,4.1782175333095415,1
222.24,4.818997716023336,1
222.25,4.653027786298932,1
222.26,3.728291056106092,1
222.27,4.363726960598474,1
222.28,3.663115216645114,1
222.29,3.7988590504192885,1
222.3,4.355231524364889,1
222.31,3.584950814303643,1
222.32,4.025333045755803,1
222.33,4.18624150379368,1
222.34,3.718803321212431,1
222.35,4.374644962597712,1
222.36,3.6660561004179333,1
222.37,4.531413062471679,1
222.38,4.073544556555407,1
222.39000000000001,4.094660086489561,1
222.4,3.424024707049215,1
222.41,3.837932125607817,1
222.42000000000002,4.162243948500281,1
222.43,4.736308498900699,1
222.44,3.9076616405493887,1
222.45000000000002,4.732160137350331,1
222.46,3.624944973584701,1
222.47,4.2544675923177335,1
222.48000000000002,3.7295966707307198,1
222.49,5.007577457931175,1
222.5,4.943763248836621,1
222.51,4.217279248382376,1
222.52,3.6203269476201703,1
222.53,2.931062897541449,1
222.54,4.109108629214859,1
222.55,4.0657679207327,1
222.56,4.48946047958597,1
222.57,3.017792939637184,1
222.58,3.9897498377758134,1
222.59,4.255823384859224,1
222.6,3.431608082857378,1
222.61,4.066222989684167,1
222.62,3.5778473736744805,1
222.63,3.501057503728284,1
222.64000000000001,3.6979926880094247,1
222.65,3.8846621783857187,1
222.66,4.868091295672223,1
222.67000000000002,3.903467197157349,1
222.68,3.4885347546040486,1
222.69,4.518638850554092,1
222.70000000000002,4.696429249265707,1
222.71,4.548745906477365,1
222.72,4.875805477150283,1
222.73000000000002,4.115391958533822,1
222.74,4.035684050374617,1
222.75,3.470011743458736,1
222.76,4.804639985656833,1
222.77,3.9283234510524827,1
222.78,3.7555929695538723,1
222.79,3.7084405924641355,1
222.8,4.397017078487514,1
222.81,4.102748776764793,1
222.82,4.174658681152237,1
222.83,3.861811856176991,1
222.84,3.9352469108417045,1
222.85,3.9754804857622683,1
222.86,4.992169446141208,1
222.87,2.950995237090814,1
222.88,4.2709987491543675,1
222.89000000000001,4.7441911418063905,1
222.9,2.8502779025258094,1
222.91,3.859917942775346,1
222.92000000000002,4.583277443196878,1
222.93,3.4845487478949866,1
222.94,4.071108852879307,1
222.95000000000002,3.3241374099491696,1
222.96,3.909630369162573,1
222.97,4.763358242352032,1
222.98000000000002,5.1028235929183055,1
222.99,4.20987437414475,1
223.0,3.1842460065964806,1
223.01,3.774333362315396,1
223.02,2.855562824002359,1
223.03,3.802486925002605,1
223.04,4.686274682625451,1
223.05,3.2323337149241507,1
223.06,3.8908690412091778,1
223.07,3.524042140952733,1
223.08,5.178379530059241,1
223.09,4.35128209678058,1
223.1,4.571340809769502,1
223.11,4.199403600358433,1
223.12,4.460173018645787,1
223.13,4.666861465758486,1
223.14000000000001,3.992662191348076,1
223.15,3.5794757978598537,1
223.16,3.2966712230955686,1
223.17000000000002,5.038760071206308,1
223.18,4.551666129719545,1
223.19,2.568722198524221,1
223.20000000000002,3.756887637042949,1
223.21,4.28010170417068,1
223.22,5.147353837856208,1
223.23000000000002,3.4152933415112576,1
223.24,4.313747540940441,1
223.25,3.8349033312514216,1
223.26,3.284775046378665,1
223.27,4.890196624710183,1
223.28,3.470969743561909,1
223.29,4.620030858632886,1
223.3,3.0011059516164935,1
223.31,3.597410130109721,1
223.32,4.301457217253439,1
223.33,4.421253298221275,1
223.34,4.236535615649749,1
223.35,4.578125435593806,1
223.36,3.776150097599369,1
223.37,4.829834015931882,1
223.38,4.238034013937807,1
223.39000000000001,4.469145898047612,1
223.4,4.265541168001694,1
223.41,4.359511759324389,1
223.42000000000002,3.4175379163489006,1
223.43,3.4159803697864417,1
223.44,3.686025063214673,1
223.45000000000002,4.390299981890098,1
223.46,3.7127931258516758,1
223.47,3.8508212827907777,1
223.48000000000002,3.987057130975644,1
223.49,4.941079350903774,1
223.5,4.44608612759037,1
223.51,3.053906388292223,1
223.52,4.0013060289212525,1
223.53,3.7413092389518483,1
223.54,3.764132350258415,1
223.55,3.9108311738169395,1
223.56,4.653843913442407,1
223.57,3.451248526734521,1
223.58,4.056220802547883,1
223.59,4.170046059872287,1
223.6,3.868051386292134,1
223.61,3.602642267437987,1
223.62,3.531613663393845,1
223.63,3.7608739478739612,1
223.64000000000001,4.536446073726085,1
223.65,3.875121839247315,1
223.66,3.999467629063639,1
223.67000000000002,3.3094480843979803,1
223.68,3.69393521909879,1
223.69,4.152348894487693,1
223.70000000000002,2.9259152072591834,1
223.71,4.588790333268087,1
223.72,3.605122316995656,1
223.73000000000002,5.058284707670367,1
223.74,4.263794013230678,1
223.75,2.7498902431094354,1
223.76,4.033776997184848,1
223.77,3.7355271462032267,1
223.78,4.129141946209968,1
223.79,5.034833494260741,1
223.8,4.52097965618354,1
223.81,3.9095227164956268,1
223.82,3.1337773596456486,1
223.83,4.576210242036964,1
223.84,4.437503589175438,1
223.85,4.852965553883328,1
223.86,4.029768656927904,1
223.87,4.253417712223525,1
223.88,3.8985615826876785,1
223.89000000000001,4.072163236528651,1
223.9,3.0201806009949057,1
223.91,4.1229916743708275,1
223.92000000000002,4.209948913667423,1
223.93,3.6237831354912156,1
223.94,4.298841862753659,1
223.95000000000002,4.50863894609763,1
223.96,4.867701192643289,1
223.97,3.3300666140270074,1
223.98000000000002,4.35098069788904,1
223.99,4.867226886253068,1
224.0,3.8259108424252384,1
224.01,4.91933992119853,1
224.02,3.6297104433071397,1
224.03,4.084911666541376,1
224.04,2.9567470131818854,1
224.05,2.8013076432810893,1
224.06,2.9914883496398144,1
224.07,4.920161001059551,1
224.08,3.595124598551863,1
224.09,3.4960296334383094,1
224.1,4.233162617889651,1
224.11,3.5068289481688035,1
224.12,4.706702756373067,1
224.13,5.189688896920454,1
224.14000000000001,2.557700895290418,1
224.15,4.175587943777069,1
224.16,2.602350260987783,1
224.17000000000002,2.973493776041949,1
224.18,4.205181924171407,1
224.19,3.3781125618378995,1
224.20000000000002,4.133462650200354,1
224.21,4.052882052077141,1
224.22,2.9794011253063535,1
224.23000000000002,4.427212558849901,1
224.24,4.291832328437067,1
224.25,4.118136747294876,1
224.26,3.657899438484493,1
224.27,4.292459388641534,1
224.28,3.221170689626897,1
224.29,3.3211328748394826,1
224.3,4.1660118972696125,1
224.31,4.653631896287867,1
224.32,3.684102372760759,1
224.33,4.2156680550026,1
224.34,4.073721644694823,1
224.35,4.197801172548712,1
224.36,3.4917344745191174,1
224.37,3.812511905949679,1
224.38,3.920803430769474,1
224.39000000000001,4.945545417474106,1
224.4,3.3415869485932355,1
224.41,3.074396871587946,1
224.42000000000002,5.93609412309471,1
224.43,4.378534152535743,1
224.44,4.450800271979902,1
224.45000000000002,4.519139776347544,1
224.46,4.6032543824228584,1
224.47,4.679648115752305,1
224.48000000000002,4.587706349089933,1
224.49,4.788405723793327,1
224.5,4.154429364052652,1
224.51,4.680234843611858,1
224.52,5.22285013897474,1
224.53,4.13858684214219,1
224.54,4.248061525751886,1
224.55,3.563250982263485,1
224.56,3.795565992503575,1
224.57,4.156518871841388,1
224.58,3.7137053464465106,1
224.59,4.0209251932898065,1
224.6,4.224202268213761,1
224.61,5.024797549473355,1
224.62,3.5465738155048983,1
224.63,4.307308369349508,1
224.64000000000001,3.6986402830658505,1
224.65,4.554379879324764,1
224.66,4.653131821190092,1
224.67000000000002,5.187729625194805,1
224.68,3.8382045752235014,1
224.69,4.106635406837211,1
224.70000000000002,4.526612290494437,1
224.71,4.43421810850046,1
224.72,2.366357498258328,1
224.73000000000002,3.394046160232646,1
224.74,4.261349566871173,1
224.75,3.8041244224991866,1
224.76,4.443455938576345,1
224.77,4.64257889801229,1
224.78,3.8568964018298835,1
224.79,4.359345283518319,1
224.8,4.967831014257398,1
224.81,4.743625726593217,1
224.82,3.590138920527201,1
224.83,3.9171883824210294,1
224.84,4.08506278580634,1
224.85,3.4737370097262232,1
224.86,4.7339520892207325,1
224.87,3.685727586266296,1
224.88,3.9584761829819857,1
224.89000000000001,4.714849707786964,1
224.9,3.748790267462514,1
224.91,3.741804927237121,1
224.92000000000002,4.158305521269385,1
224.93,3.6822832099582965,1
224.94,4.903138098540226,1
224.95000000000002,3.384786222594073,1
224.96,2.402861640794813,1
224.97,4.390975967265377,1
224.98000000000002,3.7483181152789586,1
224.99,3.4389849378373962,1
225.0,4.216916903631124,1
225.01,4.30984948513939,1
225.02,3.569798551350993,1
225.03,4.806176048315901,1
225.04,4.6797825558437705,1
225.05,5.397382184248364,1
225.06,3.8575524007975788,1
225.07,4.15300107361904,1
225.08,4.2037120061140145,1
225.09,3.8219898381587885,1
225.1,4.249456213434571,1
225.11,4.300661596055344,1
225.12,4.283211195532082,1
225.13,3.743254516974737,1
225.14000000000001,3.7765798586179637,1
225.15,3.5432121825034115,1
225.16,3.4141530518604397,1
225.17000000000002,3.863200890016893,1
225.18,4.9326224381997745,1
225.19,5.357051514222843,1
225.20000000000002,4.9353756210061945,1
225.21,3.779866224689004,1
225.22,4.296840747173711,1
225.23000000000002,2.7516137326220713,1
225.24,3.8967271451814844,1
225.25,3.817133641902552,1
225.26,5.276436739013199,1
225.27,4.305703576927775,1
225.28,4.094391399111261,1
225.29,3.9831614617245212,1
225.3,3.808786352283216,1
225.31,4.308695518059039,1
225.32,3.5431964268727887,1
225.33,4.267462153673767,1
225.34,4.872811674621622,1
225.35,4.0500182643735485,1
225.36,3.7277693821912674,1
225.37,3.874639884468047,1
225.38,4.728378335274021,1
225.39000000000001,4.11213103793853,1
225.4,3.6128575696770806,1
225.41,4.5261706525340974,1
225.42000000000002,3.6159925148807437,1
225.43,3.887404971136721,1
225.44,4.214133053601519,1
225.45000000000002,3.564658297974383,1
225.46,2.886088759680974,1
225.47,4.284933426922608,1
225.48000000000002,2.638106659000237,1
225.49,3.339006225647026,1
225.5,4.46376671892248,1
225.51,4.275093266598166,1
225.52,3.8684961951963275,1
225.53,3.3491869721032357,1
225.54,3.609094480154728,1
225.55,4.275151917536838,1
225.56,3.8593414303019395,1
225.57,3.1299975160493823,1
225.58,3.333738360704201,1
225.59,3.6561287993243234,1
225.6,4.218959198876866,1
225.61,4.105701408152983,1
225.62,3.2431463440230734,1
225.63,4.890497905372956,1
225.64000000000001,3.6436154883673417,1
225.65,4.3402155982770925,1
225.66,3.477020607267182,1
225.67000000000002,5.639126614561941,1
225.68,5.0011965583145095,1
225.69,3.579509879490087,1
225.70000000000002,4.030683105750629,1
225.71,3.3093271322219393,1
225.72,3.682045911129748,1
225.73000000000002,4.193442536967916,1
225.74,4.487696474594305,1
225.75,3.150325797970829,1
225.76,3.392049217782384,1
225.77,4.514411295102949,1
225.78,4.846718171232559,1
225.79,3.5272758690132133,1
225.8,4.593955185072743,1
225.81,3.2586705008475034,1
225.82,3.8080324728641974,1
225.83,3.3078568890600075,1
225.84,3.7674194488791892,1
225.85,5.300271219766335,1
225.86,4.113679473109925,1
225.87,3.8840517603017686,1
225.88,3.6697406637222936,1
225.89000000000001,3.8075537824976213,1
225.9,3.4623866865452158,1
225.91,4.031784025278828,1
225.92000000000002,3.935219583921821,1
225.93,3.6374338327058635,1
225.94,3.552258560414849,1
225.95000000000002,4.016329977102752,1
225.96,3.456487955620431,1
225.97,3.751426281741583,1
225.98000000000002,3.6491823512834287,1
225.99,2.525671913395767,1
226.0,4.471075985844661,1
226.01,2.863908426039435,1
226.02,2.8300608026976266,1
226.03,4.572624149384954,1
226.04,3.3873547393922396,1
226.05,2.6913938228534193,1
226.06,4.860496116198343,1
226.07,3.6978206926794535,1
226.08,4.81316239796574,1
226.09,3.47683541279016,1
226.1,2.9007884833376227,1
226.11,3.7006340343262427,1
226.12,3.1527099379069234,1
226.13,4.149554101945733,1
226.14000000000001,4.375481707178755,1
226.15,4.550314904740333,1
226.16,3.759547100060256,1
226.17000000000002,4.821019173392435,1
226.18,3.4042166038304598,1
226.19,4.0293620643452135,1
226.20000000000002,3.913474019361959,1
226.21,5.299426713675912,1
226.22,4.907158523720451,1
226.23000000000002,4.137193451136379,1
226.24,4.209189973654581,1
226.25,5.084313460956609,1
226.26,3.6486918813060507,1
226.27,2.7199665786218974,1
226.28,3.338497015355505,1
226.29,3.7132716059762645,1
226.3,4.864214144913239,1
226.31,4.699171648805385,1
226.32,3.9679529213207143,1
226.33,4.2389079808288415,1
226.34,3.482175964251036,1
226.35,5.2485942928538485,1
226.36,4.790714825341556,1
226.37,4.022031754073174,1
226.38,3.9104251033064297,1
226.39000000000001,4.427883681713264,1
226.4,3.990059795562886,1
226.41,2.842360647038482,1
226.42000000000002,4.970906859862393,1
226.43,4.8784010601292636,1
226.44,4.366272352717818,1
226.45000000000002,3.8251590243919513,1
226.46,4.067163708897714,1
226.47,2.3487593274348857,1
226.48000000000002,3.225558307099605,1
226.49,5.121978028385138,1
226.5,4.401454889867506,1
226.51,2.7349934823919626,1
226.52,3.3415106955239393,1
226.53,2.649407254365824,1
226.54,3.340379011404374,1
226.55,3.7778249382863773,1
226.56,4.954552558082678,1
226.57,4.506518996427091,1
226.58,3.7912105463112487,1
226.59,3.801404546401157,1
226.6,3.4701584513756036,1
226.61,4.7003618648206835,1
226.62,4.872347374818695,1
226.63,3.245932893165961,1
226.64000000000001,2.910546855897804,1
226.65,3.803405037126579,1
226.66,3.932375362742925,1
226.67000000000002,4.223928403046684,1
226.68,2.9699816289626866,1
226.69,3.4957855540308125,1
226.70000000000002,3.9147985276525805,1
226.71,3.464857857907998,1
226.72,4.478956941732804,1
226.73000000000002,5.179195556175469,1
226.74,3.649065014522232,1
226.75,4.480447020606213,1
226.76,3.7257978024257747,1
226.77,3.3198693669657406,1
226.78,3.4539301059321503,1
226.79,4.444044414760638,1
226.8,3.611821778122433,1
226.81,3.7120159819431904,1
226.82,3.286109087824151,1
226.83,4.430378090930444,1
226.84,4.395291408475395,1
226.85,5.043216440994726,1
226.86,4.520774920265967,1
226.87,4.359309880112806,1
226.88,4.443147379318707,1
226.89000000000001,3.8824302210176076,1
226.9,4.062908786491575,1
226.91,4.583237279491462,1
226.92000000000002,3.4572746672012205,1
226.93,5.009636711612836,1
226.94,4.402319366166183,1
226.95000000000002,5.260093211310509,1
226.96,3.241651638167204,1
226.97,3.1315929965909968,1
226.98000000000002,4.146128334273208,1
226.99,4.067037970052922,1
227.0,3.7089526556470114,1
227.01,3.183659342658666,1
227.02,3.822834801818396,1
227.03,4.192147348640309,1
227.04,3.2347400745951327,1
227.05,3.763253481544231,1
227.06,4.305214814441125,1
227.07,4.589549849934763,1
227.08,3.8927948580879606,1
227.09,3.4957222387145053,1
227.1,4.043016091154985,1
227.11,3.8437043252035483,1
227.12,2.9945157319398796,1
227.13,3.585467347233888,1
227.14000000000001,3.5202593704110168,1
227.15,3.9105628790500613,1
227.16,3.447292755087744,1
227.17000000000002,3.5508359559977625,1
227.18,3.811708987879423,1
227.19,4.381008005341604,1
227.20000000000002,4.084562002449485,1
227.21,5.758856406793729,1
227.22,3.330372862500318,1
227.23000000000002,4.613250718856688,1
227.24,4.058335999319102,1
227.25,3.174322838472416,1
227.26,3.7762298343328355,1
227.27,3.0647447948662645,1
227.28,4.04064784630122,1
227.29,3.8264534529420904,1
227.3,3.543556410379017,1
227.31,3.260052467383198,1
227.32,4.569729912783283,1
227.33,3.8686645212144515,1
227.34,4.055848139525364,1
227.35,4.042672714373302,1
227.36,4.001394706347239,1
227.37,3.728054149384545,1
227.38,4.925215126651195,1
227.39000000000001,5.484602968264661,1
227.4,5.029998548630963,1
227.41,4.100436123014697,1
227.42000000000002,4.020752182245577,1
227.43,4.772157834703747,1
227.44,3.626957580061564,1
227.45000000000002,5.162753987226955,1
227.46,4.654547610687623,1
227.47,3.917931192440952,1
227.48000000000002,4.221123313467644,1
227.49,4.441907940718927,1
227.5,3.7476424985661083,1
227.51,4.631263738220045,1
227.52,4.818184663603331,1
227.53,3.816783301102494,1
227.54,3.608189828501697,1
227.55,3.832662780751082,1
227.56,3.1680912972866557,1
227.57,2.807957750152724,1
227.58,3.60422402207875,1
227.59,3.331507447705019,1
227.6,5.110266984295134,1
227.61,3.7953360263814524,1
227.62,4.328935658431238,1
227.63,3.6740366609498634,1
227.64000000000001,5.209009349775026,1
227.65,4.022163873261196,1
227.66,3.2656933160747745,1
227.67000000000002,4.4509781380485,1
227.68,4.238532273956535,1
227.69,4.8167968868477615,1
227.70000000000002,3.947529461473002,1
227.71,4.042123965969297,1
227.72,2.9789482995910874,1
227.73000000000002,4.418925023293368,1
227.74,3.9936244612769074,1
227.75,3.8435992111419552,1
227.76,3.770560828178456,1
227.77,3.742926540778162,1
227.78,4.492304772930973,1
227.79,3.407089335473487,1
227.8,4.44830882089434,1
227.81,3.010025862666221,1
227.82,2.7426228861923887,1
227.83,4.901778611680612,1
227.84,3.4626331456819335,1
227.85,4.111835315068249,1
227.86,3.9041053340459997,1
227.87,4.277712485567085,1
227.88,4.093151560174341,1
227.89000000000001,4.704224091406428,1
227.9,3.1134651834364524,1
227.91,4.3574060831958805,1
227.92000000000002,3.942617647639552,1
227.93,2.940482935833717,1
227.94,3.5204125453117032,1
227.95000000000002,2.8551397162571055,1
227.96,2.7743849690068583,1
227.97,3.583004930946171,1
227.98000000000002,4.70157073833339,1
227.99,4.22303268605723,1
228.0,4.857939465357149,1
228.01,4.125477003023275,1
228.02,5.0586021404912564,1
228.03,5.064008682137511,1
228.04,3.5196556395633163,1
228.05,4.092681547637114,1
228.06,3.6081131829839372,1
228.07,3.9426809634854902,1
228.08,5.115596496935316,1
228.09,3.6725386494874344,1
228.1,3.20925502469782,1
228.11,3.201143853121474,1
228.12,3.649938287197637,1
228.13,6.347206760381132,1
228.14000000000001,5.024240908825968,1
228.15,2.121965669332285,1
228.16,3.792802307724566,1
228.17000000000002,3.5193250823010223,1
228.18,4.567974675819579,1
228.19,3.2472070483905933,1
228.20000000000002,3.2838448037584547,1
228.21,3.6109552346417226,1
228.22,3.5733977445718854,1
228.23000000000002,4.459044890601501,1
228.24,3.8826774729636337,1
228.25,4.719331434148786,1
228.26,3.5886700181141884,1
228.27,4.597205827814761,1
228.28,3.3282449219780146,1
228.29,4.38046464673026,1
228.3,3.6970046708217827,1
228.31,4.535617784640211,1
228.32,2.4028577981700185,1
228.33,3.334072227212634,1
228.34,4.645886172120297,1
228.35,3.8323564337280973,1
228.36,2.814831792430253,1
228.37,3.4100194124050587,1
228.38,4.170342388636793,1
228.39000000000001,3.4621773710852524,1
228.4,4.722538411517354,1
228.41,4.77211846054642,1
228.42000000000002,4.525099085491806,1
228.43,4.7622450242838665,1
228.44,3.7836719021809904,1
228.45000000000002,5.027343866564598,1
228.46,4.830825438234916,1
228.47,4.0263864722786336,1
228.48000000000002,2.9894334682323995,1
228.49,2.4256561297057146,1
228.5,4.5461829110749,1
228.51,2.9627445551269553,1
228.52,3.2944577136181197,1
228.53,4.205311866482875,1
228.54,3.0967944561353185,1
228.55,5.449839739013229,1
228.56,4.169769412838226,1
228.57,4.909059393531021,1
228.58,4.687864692789364,1
228.59,2.3726657392208703,1
228.6,4.3868672454346616,1
228.61,4.037463832954068,1
228.62,4.007255843990579,1
228.63,4.045855368612751,1
228.64000000000001,4.7592817203167685,1
228.65,5.188555109944655,1
228.66,3.369114864819309,1
228.67000000000002,4.0724593941860885,1
228.68,4.9570960787376475,1
228.69,3.944751276470987,1
228.70000000000002,4.126901717713204,1
228.71,4.123873771340243,1
228.72,5.334017163533997,1
228.73000000000002,4.5036983914912625,1
228.74,5.301499030052083,1
228.75,5.133951816082639,1
228.76,3.8494414022198473,1
228.77,4.125965834812131,1
228.78,5.295916245554219,1
228.79,3.3150682661905826,1
228.8,4.454219113636392,1
228.81,4.552335156017529,1
228.82,3.899342600503885,1
228.83,3.809028436885332,1
228.84,3.9029415965731773,1
228.85,4.52537928868197,1
228.86,5.0585092108171725,1
228.87,4.6031606064111505,1
228.88,3.26325170235523,1
228.89000000000001,4.954736870314385,1
228.9,4.82980673093053,1
228.91,3.8657136573156627,1
228.92000000000002,3.5217598829413514,1
228.93,3.3201516781713103,1
228.94,4.5840689107504,1
228.95000000000002,2.740212135786556,1
228.96,4.566107023840215,1
228.97,3.680974356128789,1
228.98000000000002,4.122573899891663,1
228.99,1.7655643132327397,1
229.0,2.7168240773291026,1
229.01,3.506935726139927,1
229.02,3.4239688805086756,1
229.03,4.519425732790782,1
229.04,4.300092631433168,1
229.05,5.348316828416997,1
229.06,4.485247445767732,1
229.07,3.6674795947313426,1
229.08,4.816930964830213,1
229.09,3.7704668666917343,1
229.1,3.647036921380155,1
229.11,3.955478285492759,1
229.12,5.0023679025619385,1
229.13,4.68019418773337,1
229.14000000000001,4.630337971576827,1
229.15,5.234422694844669,1
229.16,4.64913039372388,1
229.17000000000002,3.1817351444719186,1
229.18,4.257043990040197,1
229.19,5.046674647956349,1
229.20000000000002,3.0792153862022844,1
229.21,3.9595016651072146,1
229.22,3.350256759709026,1
229.23000000000002,4.106270376159166,1
229.24,4.815151162665903,1
229.25,4.995550196286483,1
229.26,4.011511805319188,1
229.27,4.4899745729452905,1
229.28,3.0966582384636436,1
229.29,2.833253332206579,1
229.3,4.654937779526827,1
229.31,2.050915174444414,1
229.32,3.3915584323159145,1
229.33,4.340790316906491,1
229.34,4.091391763584852,1
229.35,2.0898210735722578,1
229.36,4.15516694440305,1
229.37,3.3903247004242996,1
229.38,3.9986685178322365,1
229.39000000000001,3.573151159222233,1
229.4,3.5267610577312802,1
229.41,2.8286748189140547,1
229.42000000000002,3.742311943949024,1
229.43,4.848513760538419,1
229.44,3.848893554729079,1
229.45000000000002,3.8216364085534624,1
229.46,3.603477005190479,1
229.47,3.201894766782978,1
229.48000000000002,3.347863080134681,1
229.49,4.126538303209604,1
229.5,5.601739733233449,1
229.51,4.704340944016443,1
229.52,4.399019737513194,1
229.53,5.254181447134555,1
229.54,4.306655099710166,1
229.55,4.640214073725076,1
229.56,4.1059290357674,1
229.57,4.239484616997524,1
229.58,3.057349993772339,1
229.59,3.7204233225482914,1
229.6,3.620116327634683,1
229.61,3.6029214571548303,1
229.62,3.584624898603043,1
229.63,4.965458514103182,1
229.64000000000001,3.891008340124021,1
229.65,3.9751663186180295,1
229.66,5.539223492026016,1
229.67000000000002,4.655649281884754,1
229.68,4.087643616828264,1
229.69,4.713872310937274,1
229.70000000000002,3.607210015638075,1
229.71,3.676180336562962,1
229.72,3.7003742929064445,1
229.73000000000002,4.082041011098285,1
229.74,4.235538504532426,1
229.75,3.3228196433155834,1
229.76,4.152150663982608,1
229.77,4.341159950771686,1
229.78,3.6738727994805407,1
229.79,3.8511334006099345,1
229.8,3.2548646070359477,1
229.81,3.000985923737749,1
229.82,3.241312961067457,1
229.83,4.48394889396042,1
229.84,4.440588058277133,1
229.85,5.352516724267097,1
229.86,4.177270431891534,1
229.87,4.104343416128141,1
229.88,4.26814906095039,1
229.89000000000001,3.3457147968780627,1
229.9,4.545414838345385,1
229.91,4.255911086018838,1
229.92000000000002,3.355140388560798,1
229.93,4.140560644874179,1
229.94,4.428344801161855,1
229.95000000000002,3.086377430277084,1
229.96,4.559907831184301,1
229.97,3.681307938643493,1
229.98000000000002,1.945622605545601,1
229.99,4.485475469011452,1
230.0,4.901816900374913,1
230.01,3.349841324850372,1
230.02,2.9223298224431438,1
230.03,4.858792805006073,1
230.04,3.7231668652576433,1
230.05,4.931423626287545,1
230.06,2.964493218751571,1
230.07,4.90973184461065,1
230.08,4.794145486817621,1
230.09,4.420282014681312,1
230.1,2.7233131011104983,1
230.11,3.6635375365948026,1
230.12,4.587976111332204,1
230.13,2.8788049857814215,1
230.14000000000001,3.521612962194714,1
230.15,4.153089395383799,1
230.16,3.18592562184229,1
230.17000000000002,4.734802769230036,1
230.18,4.716352235933872,1
230.19,4.178221670789623,1
230.20000000000002,4.293785056587755,1
230.21,3.6916733171088665,1
230.22,4.409659555755531,1
230.23000000000002,3.6986618445425505,1
230.24,3.92644358028151,1
230.25,3.751532415142689,1
230.26,4.9877870076651725,1
230.27,4.902598118937565,1
230.28,3.4462310102170144,1
230.29,4.856563411562722,1
230.3,3.5321333808947095,1
230.31,5.149402325656114,1
230.32,5.042702813574888,1
230.33,5.4233963325033105,1
230.34,4.203273794913351,1
230.35,3.7547724950984174,1
230.36,3.7175602506827525,1
230.37,4.166326146510778,1
230.38,3.308916110917329,1
230.39000000000001,2.373195271949304,1
230.4,3.6445612054024554,1
230.41,4.029950246929904,1
230.42000000000002,4.40777824974009,1
230.43,4.344097380345974,1
230.44,4.184219944637759,1
230.45000000000002,4.845274675636619,1
230.46,3.555818471928094,1
230.47,3.5974764461821835,1
230.48000000000002,5.387481635161886,1
230.49,2.0394272004058145,1
230.5,4.606942587021577,1
230.51,4.3772518103109785,1
230.52,3.976197886466723,1
230.53,4.518133350053671,1
230.54,4.425065608631445,1
230.55,3.003233317324809,1
230.56,3.2370012765887317,1
230.57,3.5821834602618887,1
230.58,2.5554584861488863,1
230.59,3.885821178424589,1
230.6,4.408269422643589,1
230.61,4.805578369328395,1
230.62,4.144463235615112,1
230.63,3.584224974545998,1
230.64000000000001,4.192595514701789,1
230.65,4.035909511451872,1
230.66,4.582822572166296,1
230.67000000000002,4.065680908655202,1
230.68,4.6241848035186965,1
230.69,3.889733550783088,1
230.70000000000002,4.829037021441667,1
230.71,4.140216866880313,1
230.72,3.574946781941939,1
230.73000000000002,3.6964490646087564,1
230.74,4.381312096964511,1
230.75,3.1229608060840053,1
230.76,3.7920409771673858,1
230.77,4.621098162277927,1
230.78,4.32949637586606,1
230.79,3.2511897572306845,1
230.8,4.158496523477746,1
230.81,3.163499650042384,1
230.82,4.116383167609778,1
230.83,4.964168119894958,1
230.84,4.177675457447483,1
230.85,3.351678318494691,1
230.86,3.9084657562653367,1
230.87,4.1808402385035,1
230.88,4.762579546946943,1
230.89000000000001,4.770419764238306,1
230.9,3.338013624059743,1
230.91,3.7252816562939675,1
230.92000000000002,4.193400950274826,1
230.93,3.557312406676218,1
230.94,4.224602960122506,1
230.95000000000002,3.063399670861465,1
230.96,4.042126093462969,1
230.97,4.608926852874315,1
230.98000000000002,4.028400668204515,1
230.99,4.093829096282435,1
231.0,4.554924844337415,1
231.01,3.7698692798064064,1
231.02,4.4353258352220815,1
231.03,4.068190936787659,1
231.04,3.487096952928078,1
231.05,4.630107120035917,1
231.06,5.018051655927977,1
231.07,4.872921960667802,1
231.08,4.680924372232165,1
231.09,4.394078131141388,1
231.1,4.257651716636239,1
231.11,3.929864614814562,1
231.12,3.520324042397786,1
231.13,2.5689071796411134,1
231.14000000000001,2.824986131961322,1
231.15,3.8635225573789214,1
231.16,3.092366111273949,1
231.17000000000002,4.1540608713543,1
231.18,5.099860375167288,1
231.19,1.9514196199405809,1
231.20000000000002,3.247585327374279,1
231.21,5.397837791093675,1
231.22,4.670679101141787,1
231.23000000000002,4.029688797730929,1
231.24,3.7288771381678645,1
231.25,4.439260884956436,1
231.26,4.732976654111214,1
231.27,3.280519561924348,1
231.28,4.967890288853625,1
231.29,4.338507474491119,1
231.3,4.627521244133974,1
231.31,4.677329246060703,1
231.32,4.197710600647657,1
231.33,4.238971097625494,1
231.34,4.278067447944527,1
231.35,3.7095517835908307,1
231.36,4.332031095395839,1
231.37,3.7913559360727906,1
231.38,3.9447686540370346,1
231.39000000000001,4.989496632888031,1
231.4,4.037470697458705,1
231.41,4.29526559340835,1
231.42000000000002,3.9498565122042515,1
231.43,3.821532509458963,1
231.44,5.312897393900573,1
231.45000000000002,3.2040518264194002,1
231.46,4.057334033371561,1
231.47,3.283821581541987,1
231.48000000000002,4.814055307781761,1
231.49,4.0307885751303125,1
231.5,3.6961846078623584,1
231.51,2.7664410450250863,1
231.52,4.903182273100045,1
231.53,3.130772490453028,1
231.54,4.191468047042068,1
231.55,4.540618091550953,1
231.56,5.371640042887083,1
231.57,3.6644691622432246,1
231.58,3.3816661019721876,1
231.59,3.6637713485576873,1
231.6,3.599576846199996,1
231.61,2.7785500654081705,1
231.62,5.033380966494687,1
231.63,3.8526597131917772,1
231.64000000000001,3.959759390203256,1
231.65,4.48013289454125,1
231.66,4.99943158233143,1
231.67000000000002,3.367112933331879,1
231.68,4.237199962471235,1
231.69,3.2472958143779005,1
231.70000000000002,4.169835171365466,1
231.71,4.175065734128327,1
231.72,3.6580605095799252,1
231.73000000000002,4.069056341916018,1
231.74,4.095309067101209,1
231.75,3.8772880071095126,1
231.76,3.7886029713035656,1
231.77,3.041915168646176,1
231.78,3.1916878061630762,1
231.79,3.531074354864722,1
231.8,3.3188882859162123,1
231.81,3.611888723237154,1
231.82,3.9728401838578495,1
231.83,4.117529544358352,1
231.84,4.443685767629414,1
231.85,4.203846607099734,1
231.86,4.16073110448209,1
231.87,4.417836101440998,1
231.88,3.473306315128357,1
231.89000000000001,3.4496652532723937,1
231.9,3.7233465767217164,1
231.91,3.5063133135756246,1
231.92000000000002,2.7873969817302435,1
231.93,4.239060733477126,1
231.94,3.294404616916288,1
231.95000000000002,5.05765195606131,1
231.96,4.0994699124855964,1
231.97,2.971448757163044,1
231.98000000000002,4.327873028953417,1
231.99,4.019363967471536,1
232.0,4.191442182419703,1
232.01,3.7133723877000624,1
232.02,3.4241226626888235,1
232.03,3.0792326539732975,1
232.04,3.1851557685733876,1
232.05,3.13888150183584,1
232.06,3.7877252805801067,1
232.07,4.013935478300959,1
232.08,3.0401851915035514,1
232.09,4.549994636625819,1
232.1,4.123419607431317,1
232.11,5.557467560735891,1
232.12,3.7850686964552853,1
232.13,5.374020595852881,1
232.14000000000001,4.494256744425828,1
232.15,2.682941934832016,1
232.16,3.0771501499800316,1
232.17000000000002,4.090768377707546,1
232.18,2.828418776736726,1
232.19,3.326287850895349,1
232.20000000000002,2.9279058274500995,1
232.21,5.348053827599181,1
232.22,4.83924438652843,1
232.23000000000002,3.8923127622961418,1
232.24,5.04703039106522,1
232.25,4.954423983361775,1
232.26,4.978736388014314,1
232.27,3.7559703431008225,1
232.28,3.8280836508520446,1
232.29,3.3000842115121127,1
232.3,3.8827406119933476,1
232.31,3.4410322179956454,1
232.32,3.2239960974002795,1
232.33,4.6257529017095536,1
232.34,4.401104731500918,1
232.35,3.3760956928677794,1
232.36,4.504718940401026,1
232.37,4.170496936561021,1
232.38,3.7624729522720104,1
232.39000000000001,4.995980048977267,1
232.4,4.259383218626918,1
232.41,5.1935914337713465,1
232.42000000000002,4.484330315004868,1
232.43,4.513913411722841,1
232.44,3.404991977675738,1
232.45000000000002,3.6782695229730376,1
232.46,4.997625569349896,1
232.47,4.873911913147533,1
232.48000000000002,3.863077394568031,1
232.49,3.135859675712985,1
232.5,5.023577679980412,1
232.51,4.728761984418542,1
232.52,3.2556500427479156,1
232.53,3.15082301283299,1
232.54,5.066509851510647,1
232.55,3.659199144494787,1
232.56,3.5904484472340528,1
232.57,3.4737265628657,1
232.58,4.155923253011261,1
232.59,3.0789162027245855,1
232.6,4.100377411069928,1
232.61,3.118012151967209,1
232.62,3.0844521835375156,1
232.63,3.120903672028287,1
232.64000000000001,3.1583461403479616,1
232.65,4.493626484107954,1
232.66,4.569805035299474,1
232.67000000000002,3.9887784129359547,1
232.68,3.6326906719845535,1
232.69,4.896411667421333,1
232.70000000000002,4.50313347447385,1
232.71,3.2407012196620713,1
232.72,4.136356061852575,1
232.73000000000002,4.1402723817245635,1
232.74,4.402366777049376,1
232.75,5.732342866519873,1
232.76,3.5016336306052795,1
232.77,4.269667543063547,1
232.78,4.943701303299866,1
232.79,5.149568207857861,1
232.8,4.187603165569245,1
232.81,3.1875409639451617,1
232.82,2.832211097270313,1
232.83,4.528068928157147,1
232.84,4.326128069035271,1
232.85,4.178136137783051,1
232.86,4.265361377969986,1
232.87,4.710967418051041,1
232.88,4.440280999400761,1
232.89000000000001,4.299190040145753,1
232.9,3.6313344699774563,1
232.91,4.627602826849362,1
232.92000000000002,3.617547395835298,1
232.93,4.543054732283323,1
232.94,3.7056162559387866,1
232.95000000000002,4.289340744878994,1
232.96,5.090358530036675,1
232.97,4.433864034342305,1
232.98000000000002,4.901861042948295,1
232.99,3.791214612748387,1
233.0,4.051348027434793,1
233.01,3.7977183855906924,1
233.02,2.956541130674902,1
233.03,4.692702587249747,1
233.04,4.482867800934799,1
233.05,4.427473222984215,1
233.06,4.896138267321184,1
233.07,3.3772366916964187,1
233.08,3.1133968916200025,1
233.09,4.774138783127643,1
233.1,3.999325496359711,1
233.11,4.11463939873956,1
233.12,3.009440770054176,1
233.13,4.833823721002774,1
233.14000000000001,4.413358149492133,1
233.15,3.5759003845290325,1
233.16,5.256533386356151,1
233.17000000000002,3.1305787249372887,1
233.18,3.6909600036377945,1
233.19,4.599926707004374,1
233.20000000000002,4.785758543430723,1
233.21,3.103078023226544,1
233.22,3.807866464371732,1
233.23000000000002,4.534267470434699,1
233.24,5.060021251462471,1
233.25,5.040210253812137,1
233.26,4.588159420141701,1
233.27,4.153636980781315,1
233.28,3.935973640221371,1
233.29,4.341252927722355,1
233.3,4.949425136781163,1
233.31,3.8933811344184917,1
233.32,3.770822290168091,1
233.33,4.667422930129648,1
233.34,4.656646902692064,1
233.35,3.639617225760653,1
233.36,3.05144441268919,1
233.37,2.7711985432338127,1
233.38,3.9675877725463824,1
233.39000000000001,3.259460495473948,1
233.4,4.538570804216839,1
233.41,2.94316798409912,1
233.42000000000002,5.029099528412584,1
233.43,3.905122866279724,1
233.44,3.548268591117799,1
233.45000000000002,3.697212640615576,1
233.46,3.4920310428916226,1
233.47,5.012462128062312,1
233.48000000000002,4.539660145806471,1
233.49,4.117119494062155,1
233.5,3.2250808580353745,1
233.51,3.8930700226511576,1
233.52,3.4480423800049707,1
233.53,2.1979459197956244,1
233.54,3.369643964812186,1
233.55,4.279440771678438,1
233.56,3.668990355879057,1
233.57,3.8259097226488663,1
233.58,4.6218421239825505,1
233.59,4.5746695599087435,1
233.6,5.308263301536149,1
233.61,2.6799790093378806,1
233.62,3.4198376134862554,1
233.63,4.616318869362245,1
233.64000000000001,4.389082186215637,1
233.65,4.163316460361463,1
233.66,3.6886773339741965,1
233.67000000000002,4.188405197472187,1
233.68,4.164022521157494,1
233.69,2.8301155501632587,1
233.70000000000002,4.066935436142857,1
233.71,3.643830470339194,1
233.72,4.478797123019484,1
233.73000000000002,4.190450885588827,1
233.74,5.208273776346973,1
233.75,3.9970138646369664,1
233.76,3.2204620679404563,1
233.77,2.2783587062810646,1
233.78,3.2447815340085637,1
233.79,4.177623387339875,1
233.8,4.42276556620727,1
233.81,3.6574141614547746,1
233.82,3.745903916324291,1
233.83,4.092030940066764,1
233.84,4.324312619020103,1
233.85,4.756752211956028,1
233.86,3.7354525779475622,1
233.87,3.56244284768949,1
233.88,5.330630049559012,1
233.89000000000001,5.258748046315108,1
233.9,3.730534574770836,1
233.91,4.700423161284718,1
233.92000000000002,5.4269647094153255,1
233.93,4.878198581924049,1
233.94,3.4854927789269294,1
233.95000000000002,3.961700025163971,1
233.96,2.789791279094359,1
233.97,3.241145733712887,1
233.98000000000002,3.9014012820663857,1
233.99,4.11476801516916,1
234.0,3.558736884664828,1
234.01,2.212880402647333,1
234.02,4.063901547297136,1
234.03,4.538192911352778,1
234.04,4.601575669452855,1
234.05,3.977966840620123,1
234.06,3.9822658018068826,1
234.07,4.2190322322010525,1
234.08,4.32158707940452,1
234.09,3.9805625882897924,1
234.1,2.4901323840440868,1
234.11,4.79113148618241,1
234.12,3.7006524041706395,1
234.13,3.1260376867907618,1
234.14000000000001,3.620640830093224,1
234.15,3.9742687657034192,1
234.16,3.531981751108339,1
234.17000000000002,3.5613697389558414,1
234.18,3.719909751083028,1
234.19,4.196048607639408,1
234.20000000000002,3.494839097612209,1
234.21,4.213354160750909,1
234.22,3.162775717228428,1
234.23000000000002,5.313143074925719,1
234.24,4.846739469530067,1
234.25,3.9480258439374953,1
234.26,4.285361561750227,1
234.27,3.3193360676176034,1
234.28,4.366825869904142,1
234.29,4.592435085346764,1
234.3,4.206863686866866,1
234.31,4.573118644862084,1
234.32,3.9842852355819587,1
234.33,3.8713765286882693,1
234.34,3.4919396853986946,1
234.35,4.254767835545147,1
234.36,3.40121816527355,1
234.37,4.172764868078438,1
234.38,4.1639659252876084,1
234.39000000000001,4.859953238996761,1
234.4,4.43167402193223,1
234.41,2.910757501403735,1
234.42000000000002,3.5496747208991657,1
234.43,3.5875218568096225,1
234.44,3.5725850153542766,1
234.45000000000002,4.6769488545661195,1
234.46,2.682298315205722,1
234.47,4.90532073610205,1
234.48000000000002,4.745337110566599,1
234.49,4.187143137870677,1
234.5,4.236315764864646,1
234.51,4.038126624623913,1
234.52,4.059641074484637,1
234.53,4.672482700229959,1
234.54,3.8230021943961146,1
234.55,4.303462702916616,1
234.56,3.38162976879366,1
234.57,4.248267216379608,1
234.58,3.7947964884506624,1
234.59,4.24347709975167,1
234.6,3.4551334022110414,1
234.61,4.2835131533045825,1
234.62,4.03220415883515,1
234.63,5.079154691114163,1
234.64000000000001,4.304965043328785,1
234.65,4.413756285710537,1
234.66,3.8096384556999685,1
234.67000000000002,4.251228316816439,1
234.68,4.365764148484121,1
234.69,3.8140042180562044,1
234.70000000000002,3.706910456951502,1
234.71,3.434333290445787,1
234.72,3.871175952858601,1
234.73000000000002,3.5065821005302618,1
234.74,4.087818399450277,1
234.75,3.416996434303333,1
234.76,3.8142589951861603,1
234.77,3.3150681716458674,1
234.78,4.658279470406128,1
234.79,4.033720210949785,1
234.8,4.013838152455412,1
234.81,4.41191627480435,1
234.82,5.222084816378947,1
234.83,4.18784226515231,1
234.84,3.1161386819800505,1
234.85,4.789277012693829,1
234.86,3.2379764521584713,1
234.87,3.692330479075997,1
234.88,4.79842060179494,1
234.89000000000001,3.8523029301644045,1
234.9,3.618349391856418,1
234.91,4.134896199404909,1
234.92000000000002,3.9688387598618218,1
234.93,3.4863436215429235,1
234.94,4.46638970807681,1
234.95000000000002,4.749294589794758,1
234.96,4.874197153144043,1
234.97,4.35029396028214,1
234.98000000000002,3.5230056629553523,1
234.99,3.135018400121839,1
235.0,2.4463216012165367,1
235.01,4.60181544247913,1
235.02,4.207890457369523,1
235.03,3.802568755011772,1
235.04,2.805973327972291,1
235.05,3.2361629425038294,1
235.06,2.8799481793132213,1
235.07,4.92850305507749,1
235.08,4.511308375886296,1
235.09,3.20524489707199,1
235.1,5.011711884920841,1
235.11,3.5674343393330927,1
235.12,4.15512933963752,1
235.13,4.175548570391966,1
235.14000000000001,3.877401866483903,1
235.15,3.720554385721475,1
235.16,3.9340054261750352,1
235.17000000000002,3.754225403985733,1
235.18,4.10373694183277,1
235.19,4.171696772878301,1
235.20000000000002,3.671652554953965,1
235.21,4.719540261315468,1
235.22,3.54561822587871,1
235.23000000000002,4.287810871462788,1
235.24,3.86927179055316,1
235.25,3.503763339951797,1
235.26,3.8615133602919096,1
235.27,3.6230826971379995,1
235.28,4.4479281964950665,1
235.29,3.9874275464117193,1
235.3,4.886151230099729,1
235.31,3.4111446184758316,1
235.32,2.4937363561102264,1
235.33,4.103855137027821,1
235.34,5.051728450931497,1
235.35,4.304813601171313,1
235.36,3.3355419944791054,1
235.37,3.2362759671090475,1
235.38,5.225456253237881,1
235.39000000000001,3.80547437060816,1
235.4,3.3313114960520496,1
235.41,4.756978820700716,1
235.42000000000002,3.995429139607189,1
235.43,2.746220207976463,1
235.44,5.3484184050989425,1
235.45000000000002,4.535519879653145,1
235.46,3.122598748188169,1
235.47,4.913142402635065,1
235.48000000000002,3.4180635988166497,1
235.49,3.268062971988756,1
235.5,3.376009865401035,1
235.51,5.196247791648487,1
235.52,5.353360729042501,1
235.53,3.6637812760311625,1
235.54,5.0142806378600016,1
235.55,2.501546965700256,1
235.56,4.4318747757749355,1
235.57,4.850870653412566,1
235.58,4.985335416684731,1
235.59,4.087113409469548,1
235.6,4.373997735509664,1
235.61,3.5818766801868165,1
235.62,4.0367687836992,1
235.63,3.957558136028823,1
235.64000000000001,3.925797171439932,1
235.65,4.807180809757868,1
235.66,4.259180785373478,1
235.67000000000002,5.1742863286487895,1
235.68,4.274490663685042,1
235.69,5.460156461623305,1
235.70000000000002,4.8823754930068874,1
235.71,3.971902430483282,1
235.72,4.066058400723031,1
235.73000000000002,3.397055878254167,1
235.74,3.9955689073666387,1
235.75,3.2868123990113642,1
235.76,4.749106550766442,1
235.77,3.761847158116891,1
235.78,4.173326145982738,1
235.79,2.5083298785648047,1
235.8,3.7386616247771296,1
235.81,3.7678963951992785,1
235.82,4.629135081323505,1
235.83,4.438653986714079,1
235.84,4.759228049398952,1
235.85,4.408192002335627,1
235.86,4.894196629547451,1
235.87,4.385751557071024,1
235.88,3.173347107615033,1
235.89000000000001,3.9137030123541567,1
235.9,3.968160161078708,1
235.91,1.8548193241928699,1
235.92000000000002,3.166191045718029,1
235.93,5.212808811661551,1
235.94,3.8224313733474435,1
235.95000000000002,3.8455597165325504,1
235.96,2.5060755687139777,1
235.97,2.976083712913855,1
235.98000000000002,4.209675660616287,1
235.99,3.68913831214758,1
236.0,3.263347639242009,1
236.01,4.822301180394135,1
236.02,3.639956260490256,1
236.03,3.196213492765598,1
236.04,4.050225613292957,1
236.05,3.5496791013346254,1
236.06,3.5146693357045686,1
236.07,3.991388896712583,1
236.08,3.6250573875487677,1
236.09,2.917857652588606,1
236.1,4.2960021884614,1
236.11,4.554874600504164,1
236.12,3.825160694127598,1
236.13,4.329990491241163,1
236.14000000000001,3.708241877011853,1
236.15,2.6678258636756684,1
236.16,4.430410584057154,1
236.17000000000002,3.9013136313100842,1
236.18,4.048910830529877,1
236.19,3.912046547192415,1
236.20000000000002,3.878394555543804,1
236.21,4.109590643483168,1
236.22,4.15671961172718,1
236.23000000000002,4.891118841942648,1
236.24,4.409952347652244,1
236.25,4.86340556111524,1
236.26,5.100901309827283,1
236.27,3.0806984713651793,1
236.28,4.8163253797136045,1
236.29,4.494628142964889,1
236.3,4.345088238430778,1
236.31,4.638043734927314,1
236.32,3.820933867058979,1
236.33,4.318331099270574,1
236.34,3.2605833647442166,1
236.35,2.9640195784059826,1
236.36,4.211530794461989,1
236.37,3.9074633547599364,1
236.38,3.94941948623783,1
236.39000000000001,3.4575287647485324,1
236.4,4.222741978171257,1
236.41,3.761464273761696,1
236.42000000000002,4.001017009583236,1
236.43,3.7461862295788446,1
236.44,3.5365725666043284,1
236.45000000000002,3.9133129457865183,1
236.46,4.835325819479589,1
236.47,3.8034031302126667,1
236.48000000000002,3.9491868058901436,1
236.49,3.84684309871922,1
236.5,3.5759525358766293,1
236.51,4.74740303600393,1
236.52,3.1158193336357725,1
236.53,3.8296546428281477,1
236.54,3.370284098005135,1
236.55,4.254816143822493,1
236.56,4.030891308097011,1
236.57,4.708798432820752,1
236.58,4.475988906462032,1
236.59,4.059602727944358,1
236.6,4.488011536420793,1
236.61,4.596265756290505,1
236.62,3.489258538556945,1
236.63,4.53288632916847,1
236.64000000000001,4.297046992069871,1
236.65,4.410839878502337,1
236.66,3.8314949045221653,1
236.67000000000002,3.495718401461335,1
236.68,3.341854136121989,1
236.69,1.7710240321010622,1
236.70000000000002,3.404538793540698,1
236.71,5.522210218858412,1
236.72,4.57939821889843,1
236.73000000000002,4.179490470794319,1
236.74,4.56211854696676,1
236.75,3.789576886884245,1
236.76,3.661805381497644,1
236.77,3.731238991057617,1
236.78,3.463196314917911,1
236.79,3.5217513831249034,1
236.8,3.9625322896569215,1
236.81,4.064298965488167,1
236.82,4.909878942547525,1
236.83,4.781313827382788,1
236.84,3.155213586436378,1
236.85,3.833697917426462,1
236.86,3.3439480611686974,1
236.87,2.328437762887162,1
236.88,3.999454564850547,1
236.89000000000001,4.396385261404959,1
236.9,4.068581059720896,1
236.91,4.262870614158784,1
236.92000000000002,3.7530484054592192,1
236.93,3.256455261409371,1
236.94,3.645058303482102,1
236.95000000000002,4.7913769554042105,1
236.96,4.219262116055651,1
236.97,2.966302858875228,1
236.98000000000002,3.9792306941538715,1
236.99,4.803320396003199,1
237.0,4.543661636938823,1
237.01,4.89226093202704,1
237.02,3.133272207740339,1
237.03,4.091508216042317,1
237.04,3.8517290090493015,1
237.05,4.4525741159307275,1
237.06,3.5475066906626243,1
237.07,3.470751762659548,1
237.08,4.009393709057261,1
237.09,3.424403745341618,1
237.1,4.132303523254796,1
237.11,2.660157330390137,1
237.12,4.636923929903537,1
237.13,2.1691978578636792,1
237.14000000000001,4.404960430728957,1
237.15,3.5719502884841803,1
237.16,2.96253048956379,1
237.17000000000002,3.987891871098749,1
237.18,4.530746126428644,1
237.19,4.761614649413173,1
237.20000000000002,4.7776247734559405,1
237.21,3.514399276964755,1
237.22,4.149315549563656,1
237.23000000000002,2.9172128990675974,1
237.24,4.0586829070240364,1
237.25,4.29832608991181,1
237.26,3.84578589281054,1
237.27,2.859858914182374,1
237.28,3.5894239106042645,1
237.29,5.2347868562243365,1
237.3,4.326308516985723,1
237.31,3.680385343037451,1
237.32,3.8320084019091136,1
237.33,4.177570115547815,1
237.34,2.93327589709333,1
237.35,2.8891117872210947,1
237.36,3.3844027999936657,1
237.37,3.5711592240826104,1
237.38,5.095102504406893,1
237.39000000000001,4.089648930078809,1
237.4,3.6714778472805683,1
237.41,4.041682013280336,1
237.42000000000002,2.734260419715209,1
237.43,3.399355956248828,1
237.44,3.5505232001797427,1
237.45000000000002,3.3863064563217202,1
237.46,4.8354312788585485,1
237.47,4.538561058524582,1
237.48000000000002,3.2900222543787265,1
237.49,3.1573396868994204,1
237.5,3.130803530810596,1
237.51,3.8019683698389786,1
237.52,4.072428971109242,1
237.53,4.212445839685443,1
237.54,3.282366560085293,1
237.55,3.765778157524571,1
237.56,3.8784045033373378,1
237.57,4.7091578135171615,1
237.58,4.501739248629331,1
237.59,3.0769636687808517,1
237.6,2.723865164701913,1
237.61,3.87612529273384,1
237.62,3.624655081072936,1
237.63,3.4158848236323154,1
237.64000000000001,3.5463791472042825,1
237.65,4.424243373206725,1
237.66,3.121115915565396,1
237.67000000000002,5.2066808703727485,1
237.68,3.649988752390212,1
237.69,4.4113059137394055,1
237.70000000000002,3.589102175331021,1
237.71,2.9655290172698585,1
237.72,3.7976973188480008,1
237.73000000000002,3.1123193150242052,1
237.74,3.969980185445635,1
237.75,3.9064151016347606,1
237.76,3.472415729471457,1
237.77,4.006444642030238,1
237.78,4.63127610344054,1
237.79,3.9446413562930767,1
237.8,3.525449459775563,1
237.81,4.255741536888434,1
237.82,4.347388347562945,1
237.83,3.8978908075975887,1
237.84,4.957223147387367,1
237.85,3.938517719027309,1
237.86,5.033014826873766,1
237.87,3.697330303599489,1
237.88,4.576730625315365,1
237.89000000000001,3.913894921819426,1
237.9,4.167590917047826,1
237.91,2.6706818474742464,1
237.92000000000002,5.281836156810659,1
237.93,4.220647386283366,1
237.94,4.600744932670609,1
237.95000000000002,3.066729605270956,1
237.96,3.984051440281557,1
237.97,3.822473242850084,1
237.98000000000002,3.2600050418997912,1
237.99,4.76763034787651,1
238.0,4.142446661662873,1
238.01,3.9981266118597705,1
238.02,4.450783383407929,1
238.03,3.5344041074670582,1
238.04,4.148914942070371,1
238.05,4.142882676837424,1
238.06,4.166885999617906,1
238.07,4.736713415664917,1
238.08,3.811932812246556,1
238.09,3.6667542124342227,1
238.1,3.5799010432401697,1
238.11,3.5245951876167885,1
238.12,4.641162611570025,1
238.13,3.9307037350272274,1
238.14000000000001,4.587266449789669,1
238.15,4.1356477439618,1
238.16,3.369697644067421,1
238.17000000000002,2.9242646296256036,1
238.18,2.9501980576469276,1
238.19,3.3370965147391556,1
238.20000000000002,4.623333928855074,1
238.21,4.906112853946703,1
238.22,4.160217128459784,1
238.23000000000002,4.6729203714096395,1
238.24,3.7524834882744234,1
238.25,3.653230892035801,1
238.26,4.550577901743861,1
238.27,4.201068777177574,1
238.28,4.5311093214309865,1
238.29,4.0870039688510795,1
238.3,3.7601898368369007,1
238.31,3.820909679400445,1
238.32,4.142990250710653,1
238.33,4.102309070467398,1
238.34,3.329286728423302,1
238.35,3.8053580150987094,1
238.36,2.930455009795341,1
238.37,3.64915528508039,1
238.38,3.3383953121197627,1
238.39000000000001,1.96215471890585,1
238.4,5.313136045324776,1
238.41,3.6024218196226037,1
238.42000000000002,3.4109436158080944,1
238.43,5.079554594954855,1
238.44,3.3765383895071497,1
238.45000000000002,3.096323713812768,1
238.46,3.883789442251498,1
238.47,3.7320305221363896,1
238.48000000000002,3.6122274660133233,1
238.49,3.403460034776665,1
238.5,3.840362118380159,1
238.51,5.027502584133227,1
238.52,2.971079432983216,1
238.53,4.421772480615038,1
238.54,4.948208334673711,1
238.55,3.575162813832403,1
238.56,4.147442126333331,1
238.57,3.869557756051036,1
238.58,2.8335099159797976,1
238.59,4.69902446010636,1
238.6,4.066277220267227,1
238.61,3.690667730342178,1
238.62,3.039676468375029,1
238.63,4.34225702795467,1
238.64000000000001,4.191435331787764,1
238.65,4.4799847070187715,1
238.66,4.460355413939242,1
238.67000000000002,3.560150303904585,1
238.68,1.7978145680480584,1
238.69,3.818436692021072,1
238.70000000000002,3.8726638603399968,1
238.71,4.073927808966103,1
238.72,4.94373928439118,1
238.73000000000002,3.963108208314093,1
238.74,4.374950809147705,1
238.75,4.191730644832723,1
238.76,3.041715332114781,1
238.77,3.0452391444923506,1
238.78,4.648053429267611,1
238.79,3.44635974777524,1
238.8,4.207787313526151,1
238.81,3.3728231455528346,1
238.82,4.4922181380733255,1
238.83,4.251968472451284,1
238.84,3.8940715318654133,1
238.85,4.501578465058195,1
238.86,4.269879462573604,1
238.87,3.6077220140028867,1
238.88,4.027357424417348,1
238.89000000000001,4.4576792925806465,1
238.9,4.744682198843393,1
238.91,3.936442528182996,1
238.92000000000002,5.109749597531917,1
238.93,3.5216207614944466,1
238.94,2.8889699757240894,1
238.95000000000002,2.9423656030038874,1
238.96,3.858800082335687,1
238.97,3.939173677879083,1
238.98000000000002,4.034705448555062,1
238.99,3.546727820536734,1
239.0,5.418395140716865,1
239.01,5.0901602628929945,1
239.02,3.3685025210433794,1
239.03,3.9578754792405415,1
239.04,4.101650906874972,1
239.05,4.526390594970251,1
239.06,3.113922035232065,1
239.07,2.8948172044668277,1
239.08,3.185964172877465,1
239.09,4.9489666545979665,1
239.1,3.6306632298629684,1
239.11,4.477715694621331,1
239.12,4.365173786587429,1
239.13,3.8434263639133484,1
239.14000000000001,4.455269160986127,1
239.15,3.1554301449257194,1
239.16,3.5721608473721256,1
239.17000000000002,2.47590702888695,1
239.18,3.9287938398175917,1
239.19,3.459746414999037,1
239.20000000000002,5.389956625046007,1
239.21,4.1461947166780595,1
239.22,4.585936247702217,1
239.23000000000002,4.52062165470354,1
239.24,4.053057120847638,1
239.25,4.722313404413919,1
239.26,4.136081100727069,1
239.27,4.376896487153785,1
239.28,5.595689808385477,1
239.29,4.242387903123405,1
239.3,3.6706156192598716,1
239.31,3.4962637908197745,1
239.32,3.870338209047894,1
239.33,4.0063519282818785,1
239.34,3.9665583985985298,1
239.35,2.896114466079635,1
239.36,2.393822264324417,1
239.37,3.214938492601594,1
239.38,3.9478491805852705,1
239.39000000000001,4.015970135956416,1
239.4,4.2973559628070355,1
239.41,4.278089631909738,1
239.42000000000002,3.7381193072480663,1
239.43,3.383941292644786,1
239.44,4.373318206228537,1
239.45000000000002,4.244544565022983,1
239.46,3.3766511998440984,1
239.47,4.428127537279329,1
239.48000000000002,4.689780166821824,1
239.49,4.575515753622555,1
239.5,4.658824512602876,1
239.51,3.52779173009862,1
239.52,4.478799753689855,1
239.53,3.864416361242236,1
239.54,5.246402962637309,1
239.55,4.579485111462978,1
239.56,4.242091604482965,1
239.57,5.067927434052187,1
239.58,3.6924368432090477,1
239.59,4.316947168873697,1
239.6,5.4710107551657154,1
239.61,4.64060245365529,1
239.62,4.182236424626559,1
239.63,3.8977705882485516,1
239.64000000000001,3.437823841777149,1
239.65,3.853832632468845,1
239.66,3.5312341339876228,1
239.67000000000002,3.882664134793254,1
239.68,3.9646043537292748,1
239.69,4.661305253430189,1
239.70000000000002,3.7730734752638737,1
239.71,3.5745517497577732,1
239.72,4.504597233506209,1
239.73000000000002,4.420412458601892,1
239.74,3.7950668934338405,1
239.75,4.302152091748823,1
239.76,3.776831749662602,1
239.77,3.788133042806511,1
239.78,4.9523435666450375,1
239.79,3.945813166083746,1
239.8,3.734909893020603,1
239.81,4.020417186615562,1
239.82,2.771586238743316,1
239.83,3.8792235170963436,1
239.84,4.230233080620765,1
239.85,5.374829634379693,1
239.86,4.213712932050494,1
239.87,4.3571120328720365,1
239.88,4.289341081849022,1
239.89000000000001,5.511195558766426,1
239.9,4.739769737656866,1
239.91,3.0782152071849156,1
239.92000000000002,4.696666950278902,1
239.93,3.3668042059365413,1
239.94,3.4657116842360796,1
239.95000000000002,3.049200000711636,1
239.96,5.054050722182525,1
239.97,4.772820347250926,1
239.98000000000002,4.801718530384296,1
239.99,4.698317053182074,1
240.0,4.491555768807032,1
240.01,3.8467894535987472,1
240.02,4.17003713002161,1
240.03,3.7370842368552095,1
240.04,3.504055325399,1
240.05,3.6301149774164045,1
240.06,5.576546541230921,1
240.07,3.9067006990613926,1
240.08,4.686874195621495,1
240.09,5.410840309205046,1
240.1,4.5897116225282275,1
240.11,3.4993717758941902,1
240.12,3.446488691113688,1
240.13,3.9820045180168036,1
240.14000000000001,5.390982261691948,1
240.15,4.931659692336924,1
240.16,4.332809119455358,1
240.17000000000002,3.8273377662028447,1
240.18,4.192695394353437,1
240.19,4.112449165401424,1
240.20000000000002,4.126906326902736,1
240.21,3.4643461685563586,1
240.22,3.4332213604254256,1
240.23000000000002,4.241232819151248,1
240.24,3.33426028484132,1
240.25,3.6299005020594493,1
240.26,4.068312688498205,1
240.27,4.278883848727486,1
240.28,4.783802971666901,1
240.29,3.2559131929913643,1
240.3,3.1428350607413607,1
240.31,4.771423606201104,1
240.32,5.088501353892768,1
240.33,3.3259772476746448,1
240.34,3.3389519147664766,1
240.35,4.238878061395268,1
240.36,3.9746613440359324,1
240.37,3.974990350128868,1
240.38,3.4488612856579404,1
240.39000000000001,4.411990991200606,1
240.4,3.8723246326922305,1
240.41,3.841844513688757,1
240.42000000000002,3.302069839414415,1
240.43,4.533469580412435,1
240.44,3.869745145704641,1
240.45000000000002,4.03832396280959,1
240.46,4.845558540140187,1
240.47,3.431669089499786,1
240.48000000000002,3.9528010561599634,1
240.49,3.0080939440904944,1
240.5,3.599248775981919,1
240.51,4.787066851203616,1
240.52,3.00157925566821,1
240.53,4.031111514839767,1
240.54,4.970089742495067,1
240.55,4.338817360984349,1
240.56,3.570256014764416,1
240.57,3.1927348282492543,1
240.58,2.656436739433121,1
240.59,4.911169156320159,1
240.6,3.7830726886331107,1
240.61,2.842528236837387,1
240.62,3.313529840360848,1
240.63,3.321211692880313,1
240.64000000000001,3.7102296193162796,1
240.65,5.607682961071008,1
240.66,4.7665755513560235,1
240.67000000000002,4.4203832737029405,1
240.68,4.845316736964715,1
240.69,5.26248147442891,1
240.70000000000002,4.416931915203201,1
240.71,4.935385180179122,1
240.72,3.5948384577637724,1
240.73000000000002,3.3540252534045876,1
240.74,3.2197095544544867,1
240.75,4.068469897027484,1
240.76,2.226483103585392,1
240.77,4.692938409844903,1
240.78,3.6781308046737755,1
240.79,4.494907875723255,1
240.8,3.128132226943105,1
240.81,4.693418779594778,1
240.82,4.9843791152885935,1
240.83,4.187734278467051,1
240.84,4.425902298803351,1
240.85,3.4351385162762855,1
240.86,4.0669462478969285,1
240.87,4.695020995529309,1
240.88,3.8882414733057495,1
240.89000000000001,5.005553017109488,1
240.9,2.9018583051335045,1
240.91,3.696151475532689,1
240.92000000000002,2.68971246964974,1
240.93,4.064618212355327,1
240.94,3.7934601903397573,1
240.95000000000002,3.798061952089249,1
240.96,4.396734058735933,1
240.97,3.779539356129623,1
240.98000000000002,5.7647009958237305,1
240.99,4.608578124215666,1
241.0,4.057492476889546,1
241.01,3.590399612508319,1
241.02,3.430062155331604,1
241.03,4.311260322521203,1
241.04,3.7492430692814094,1
241.05,4.70330396036921,1
241.06,4.060097762084131,1
241.07,4.012559093583349,1
241.08,4.118281651976981,1
241.09,3.9303620386660882,1
241.1,4.174157514453101,1
241.11,5.328488006643545,1
241.12,4.385068982357384,1
241.13,4.23588084440355,1
241.14000000000001,4.452584739072545,1
241.15,3.8813161191873604,1
241.16,3.296348762947052,1
241.17000000000002,1.9387561615063755,1
241.18,2.502549230169736,1
241.19,4.373540195468748,1
241.20000000000002,4.26318333107893,1
241.21,3.944494468012733,1
241.22,5.574929935427042,1
241.23000000000002,4.134167487898104,1
241.24,2.5478729675923644,1
241.25,4.475249797662184,1
241.26,4.853056431434,1
241.27,4.5785514923950785,1
241.28,4.84069760459813,1
241.29,2.929831921779258,1
241.3,3.9957424944812714,1
241.31,3.436478326632217,1
241.32,4.2600503420995395,1
241.33,4.940126420368242,1
241.34,3.745354067287902,1
241.35,4.332065540303116,1
241.36,3.3799646962127547,1
241.37,3.891277019521283,1
241.38,3.6167037722029702,1
241.39000000000001,5.12364374487204,1
241.4,3.3682846604413594,1
241.41,4.044068895482168,1
241.42000000000002,4.936633191208571,1
241.43,2.8561513445165687,1
241.44,4.283378256656833,1
241.45000000000002,4.164530606924783,1
241.46,3.639186856260502,1
241.47,4.827552070515007,1
241.48000000000002,5.206158699361323,1
241.49,4.521189962022187,1
241.5,3.8372355067702895,1
241.51,3.02670449814016,1
241.52,4.012841032303769,1
241.53,3.839176886929728,1
241.54,3.8578417250710677,1
241.55,3.593641275641655,1
241.56,3.5248808230313244,1
241.57,3.930192938487548,1
241.58,3.1537749180602233,1
241.59,4.599780509279046,1
241.6,3.542214243743398,1
241.61,4.069947577759889,1
241.62,3.8393304489806894,1
241.63,4.4741283225623105,1
241.64000000000001,4.486985306353954,1
241.65,4.433634906161116,1
241.66,3.3388915137991533,1
241.67000000000002,3.8956182167253113,1
241.68,5.07646908840841,1
241.69,3.8646625671046113,1
241.70000000000002,4.671200503287243,1
241.71,4.008970588212181,1
241.72,3.7540150804137316,1
241.73000000000002,4.04438682601598,1
241.74,3.39050349051185,1
241.75,4.471859434560232,1
241.76,3.4029775504183726,1
241.77,4.263254277602465,1
241.78,4.672488370952888,1
241.79,4.294675538552448,1
241.8,3.649969292021526,1
241.81,4.1242113505949485,1
241.82,3.5766113354702114,1
241.83,3.8993790590196107,1
241.84,3.7266426420856837,1
241.85,3.5651143651592374,1
241.86,4.454326775801521,1
241.87,4.725825490754864,1
241.88,4.770083325595614,1
241.89000000000001,4.225198135954981,1
241.9,4.965252242576261,1
241.91,3.594002476172192,1
241.92000000000002,4.763942603156363,1
241.93,4.574086211766421,1
241.94,3.9880878259114483,1
241.95000000000002,4.068581793466142,1
241.96,4.6052155924637574,1
241.97,4.4055966243455424,1
241.98000000000002,4.150853431391428,1
241.99,3.6950237374954806,1
242.0,3.383475939119426,1
242.01,4.058007644110896,1
242.02,3.306536358841049,1
242.03,4.495379845341544,1
242.04,2.950698678370054,1
242.05,4.211659699115855,1
242.06,3.9043729864471763,1
242.07,3.7693142186360555,1
242.08,3.849873408422152,1
242.09,2.14279249533505,1
242.1,3.6003686952071075,1
242.11,3.388317742695272,1
242.12,3.363001338234228,1
242.13,5.924860058450421,1
242.14000000000001,3.142120004538227,1
242.15,4.130119739786433,1
242.16,3.420321981846972,1
242.17000000000002,3.3131936929096657,1
242.18,3.041807004194373,1
242.19,4.652682342485838,1
242.20000000000002,4.822103520311126,1
242.21,3.6716022826816923,1
242.22,4.617657067692395,1
242.23000000000002,3.426884020894472,1
242.24,3.777569124669654,1
242.25,4.502620413000894,1
242.26,3.451826739913026,1
242.27,3.547579135932435,1
242.28,4.031892220391554,1
242.29,4.048010278034571,1
242.3,3.301754348533991,1
242.31,5.382201246223225,1
242.32,3.489891515200253,1
242.33,4.525679379126354,1
242.34,4.345947624365951,1
242.35,3.422774825984126,1
242.36,4.19465790682104,1
242.37,3.4061278485859257,1
242.38,3.9671977728044667,1
242.39000000000001,4.5108061419680405,1
242.4,3.6699436498701616,1
242.41,4.27189859072595,1
242.42000000000002,3.688120176381449,1
242.43,4.15714855584909,1
242.44,4.150495238942562,1
242.45000000000002,3.846578971362989,1
242.46,2.873862741449941,1
242.47,4.499252393328401,1
242.48000000000002,5.3645731789495965,1
242.49,4.194358627136529,1
242.5,3.612421034955856,1
242.51,4.0870401344101985,1
242.52,4.7032581061170795,1
242.53,4.810500223601921,1
242.54,4.5679571195627355,1
242.55,4.247488163926935,1
242.56,4.381719555736762,1
242.57,4.039494005924004,1
242.58,3.3389261029069144,1
242.59,3.6928208824412834,1
242.6,3.773531718980391,1
242.61,4.20095248991991,1
242.62,2.913070646445639,1
242.63,4.328260271998322,1
242.64000000000001,2.7858288079219307,1
242.65,4.269470466003128,1
242.66,4.846482641326042,1
242.67000000000002,4.6915430484226315,1
242.68,3.503471700336089,1
242.69,4.396720287588116,1
242.70000000000002,4.479326371574712,1
242.71,5.110795050833137,1
242.72,4.258393759393135,1
242.73000000000002,4.619379443559105,1
242.74,3.6813414613204323,1
242.75,3.3526019355523995,1
242.76,4.450627528562655,1
242.77,4.536647939156668,1
242.78,3.576742955639673,1
242.79,3.1664323715834786,1
242.8,4.031433223059277,1
242.81,4.055011580660779,1
242.82,4.200585321525824,1
242.83,4.6486866567368095,1
242.84,4.778677231744067,1
242.85,4.127250476600681,1
242.86,3.4331410290807405,1
242.87,3.555302813596714,1
242.88,3.6293179239532023,1
242.89000000000001,3.921695241133733,1
242.9,3.659952250897252,1
242.91,3.796067736913061,1
242.92000000000002,3.990110699836812,1
242.93,3.520260193624482,1
242.94,4.107933654265374,1
242.95000000000002,5.116870560259327,1
242.96,3.8875514402544105,1
242.97,3.490813151484452,1
242.98000000000002,4.125292378464943,1
242.99,3.4697424358694446,1
243.0,3.874089492336991,1
243.01,3.576971659386352,1
243.02,3.326009670686911,1
243.03,3.4514120884581483,1
243.04,3.610532798799049,1
243.05,3.3761699596208485,1
243.06,4.863586132478655,1
243.07,4.391859247284553,1
243.08,4.677726181492874,1
243.09,3.181239999722496,1
243.1,3.7586737281434277,1
243.11,4.232776145938177,1
243.12,5.0407527193276,1
243.13,3.5121639151217066,1
243.14000000000001,3.0639373838713286,1
243.15,3.9920846106824346,1
243.16,3.4910922212865763,1
243.17000000000002,5.016089835771485,1
243.18,4.369500147059917,1
243.19,3.8149119325939953,1
243.20000000000002,3.80690345262949,1
243.21,3.9309822868793693,1
243.22,2.8574930587035365,1
243.23000000000002,4.020582276548647,1
243.24,3.757466936173576,1
243.25,4.471433565179207,1
243.26,3.5171636506854496,1
243.27,4.47403145754003,1
243.28,4.423882038903886,1
243.29,4.150967532340953,1
243.3,4.821011818778859,1
243.31,2.8016667003480626,1
243.32,4.170563556873883,1
243.33,3.9193008265982705,1
243.34,3.8748973563260978,1
243.35,3.2800328700236867,1
243.36,2.964403192796147,1
243.37,4.456671041151574,1
243.38,4.4956121318149185,1
243.39000000000001,5.174832566818269,1
243.4,5.345562213790927,1
243.41,3.1009792132696212,1
243.42000000000002,3.8912876533044787,1
243.43,4.218057918106323,1
243.44,4.709481687629696,1
243.45000000000002,5.043778043169646,1
243.46,3.4662072143032128,1
243.47,3.6771150676055226,1
243.48000000000002,4.913206551310883,1
243.49,2.991142509549354,1
243.5,3.2395121343719153,1
243.51,4.213693253552101,1
243.52,5.300190219545145,1
243.53,2.9279957735079662,1
243.54,3.9021296878106844,1
243.55,4.278403734888514,1
243.56,4.899086128464553,1
243.57,4.283638921215842,1
243.58,2.778959932918701,1
243.59,3.0704981206140376,1
243.6,4.8359238221155785,1
243.61,4.360531976651591,1
243.62,3.336702124331008,1
243.63,4.342297079530624,1
243.64000000000001,4.292032749181834,1
243.65,2.4744751598337027,1
243.66,2.6175684244111252,1
243.67000000000002,4.17885163511608,1
243.68,5.374514579587769,1
243.69,4.275503655486782,1
243.70000000000002,2.4257874931854726,1
243.71,2.8346406906233055,1
243.72,4.290550931636632,1
243.73000000000002,4.432278099554409,1
243.74,3.8277215990141853,1
243.75,3.600266756187767,1
243.76,4.419822844956216,1
243.77,4.681906760020074,1
243.78,4.448037310847689,1
243.79,3.386057025160908,1
243.8,4.548102175063884,1
243.81,3.8285620958381457,1
243.82,3.6449362654992368,1
243.83,3.6249102685167545,1
243.84,4.063369888666567,1
243.85,4.449273395630028,1
243.86,2.7871935158022962,1
243.87,3.5132548647551256,1
243.88,3.7149015325533203,1
243.89000000000001,4.677222104312409,1
243.9,3.4768057895663422,1
243.91,3.7291361646285357,1
243.92000000000002,4.463523963648189,1
243.93,3.991605577823788,1
243.94,4.922028533532622,1
243.95000000000002,3.8824588057380964,1
243.96,5.1433915477703085,1
243.97,5.346774937331886,1
243.98000000000002,4.334859342175696,1
243.99,4.269580570251641,1
244.0,4.380370276904139,1
244.01,4.577373567875803,1
244.02,4.160450589535527,1
244.03,4.829838569743906,1
244.04,4.4466582122688605,1
244.05,5.00158008629091,1
244.06,3.1887801707349452,1
244.07,4.151800531799851,1
244.08,4.711098844891926,1
244.09,3.323911115234562,1
244.1,4.237316454248992,1
244.11,4.38441226713333,1
244.12,5.098631737654775,1
244.13,3.783703900896028,1
244.14000000000001,4.0518151235705355,1
244.15,3.5670431446215574,1
244.16,3.811370884955266,1
244.17000000000002,4.979275440270626,1
244.18,3.996665986491278,1
244.19,3.5177291063117595,1
244.20000000000002,3.8539872802996227,1
244.21,3.679268438719324,1
244.22,3.739919823833659,1
244.23000000000002,3.6966495131050388,1
244.24,3.7296152651064953,1
244.25,3.2891942071831126,1
244.26,4.073552302466637,1
244.27,3.429620088690799,1
244.28,4.749488542639464,1
244.29,3.864440807603623,1
244.3,4.2554819329932725,1
244.31,4.257053007018897,1
244.32,2.77837705155216,1
244.33,3.6918913856232205,1
244.34,5.0242816669683865,1
244.35,3.4826109803257896,1
244.36,5.371468288301591,1
244.37,4.375290037434386,1
244.38,4.3147858308217595,1
244.39000000000001,4.152293501396838,1
244.4,4.689336174976871,1
244.41,4.780729392590606,1
244.42000000000002,4.080322509288844,1
244.43,3.7875107002255537,1
244.44,3.1349902779760246,1
244.45000000000002,4.551521121718523,1
244.46,4.146997150596909,1
244.47,3.5214972004739984,1
244.48000000000002,3.6378124288779494,1
244.49,3.9558048265927064,1
244.5,3.35907256530108,1
244.51,3.968344350167061,1
244.52,2.901392385656541,1
244.53,3.5267378831001377,1
244.54,3.1455431855900806,1
244.55,4.003294069815757,1
244.56,3.2944641575363884,1
244.57,3.5348129964258885,1
244.58,5.3951649831628865,1
244.59,4.623046190214466,1
244.6,4.428575646813866,1
244.61,4.89234318252462,1
244.62,4.431585835577113,1
244.63,3.1766394469114863,1
244.64000000000001,3.1686182171399233,1
244.65,2.2673065012876736,1
244.66,4.098348863696213,1
244.67000000000002,3.3781996256016695,1
244.68,3.635725569842347,1
244.69,3.7925003104231805,1
244.70000000000002,3.5912598429030558,1
244.71,3.928372033134637,1
244.72,3.766558325128955,1
244.73000000000002,3.675850005037333,1
244.74,2.903957090199826,1
244.75,4.015632482412303,1
244.76,5.341418595322629,1
244.77,4.199597031663113,1
244.78,5.441057753982876,1
244.79,3.695824259197641,1
244.8,3.8192248578592825,1
244.81,4.00098895671009,1
244.82,3.935431473637932,1
244.83,4.813866638720326,1
244.84,2.6995583904948783,1
244.85,3.702387771304542,1
244.86,5.132672917629039,1
244.87,3.8058823537560524,1
244.88,4.633985243167238,1
244.89000000000001,4.451907480011146,1
244.9,3.9785316066269925,1
244.91,4.17940844610648,1
244.92000000000002,3.90975463334282,1
244.93,2.5530623023186783,1
244.94,4.13942600849838,1
244.95000000000002,3.5331889459911263,1
244.96,3.0073964626962244,1
244.97,4.131384052070316,1
244.98000000000002,4.17300496035804,1
244.99,4.625242166271816,1
245.0,3.8695250297361987,1
245.01,4.5740784462028445,1
245.02,4.093744893595873,1
245.03,4.291540800480359,1
245.04,4.367231446486651,1
245.05,3.2341112833477603,1
245.06,4.269993922476337,1
245.07,4.143772588561807,1
245.08,3.875833618333419,1
245.09,4.088634597899121,1
245.1,5.658076846476078,1
245.11,2.8293753917180067,1
245.12,3.798869810079563,1
245.13,4.4527827064651655,1
245.14000000000001,3.1464732474009285,1
245.15,4.1141001293889135,1
245.16,4.131717951721806,1
245.17000000000002,2.916741039861139,1
245.18,3.5127461261160384,1
245.19,5.105997749542829,1
245.20000000000002,3.0357696009191915,1
245.21,3.6820750514327436,1
245.22,3.919300218822931,1
245.23000000000002,4.059814327323664,1
245.24,3.8078117555830864,1
245.25,4.1172989064774645,1
245.26,4.055236253148796,1
245.27,4.524296380388378,1
245.28,4.622556570933937,1
245.29,4.3444270067418325,1
245.3,4.172757357674458,1
245.31,2.971197258001804,1
245.32,3.967852467161266,1
245.33,4.658961383445198,1
245.34,2.922204570646529,1
245.35,3.0052743193497173,1
245.36,4.837035033447402,1
245.37,3.0182022245612976,1
245.38,3.83129264754737,1
245.39000000000001,3.6100570653791975,1
245.4,4.907026277701328,1
245.41,4.275677207392563,1
245.42000000000002,4.5754635011403755,1
245.43,4.132559368040053,1
245.44,5.374714869541529,1
245.45000000000002,3.675211838951451,1
245.46,4.274709132033102,1
245.47,4.892264325871266,1
245.48000000000002,5.05942007810572,1
245.49,3.9115904428040666,1
245.5,2.679276833325944,1
245.51,3.64681070910063,1
245.52,5.064564983374045,1
245.53,3.5067493094757274,1
245.54,4.087141671154696,1
245.55,3.7305299505332634,1
245.56,3.865666680883913,1
245.57,4.783137399838038,1
245.58,4.168962704575213,1
245.59,5.313105427399092,1
245.6,4.71370511741675,1
245.61,4.152695387877987,1
245.62,3.9936151031984046,1
245.63,4.276776224456603,1
245.64000000000001,3.288685135679581,1
245.65,3.3465213556029174,1
245.66,4.5232468988930785,1
245.67000000000002,4.688188200698319,1
245.68,3.2260416995955055,1
245.69,4.533140816567407,1
245.70000000000002,3.916496492747857,1
245.71,3.430942639573263,1
245.72,3.716201733083147,1
245.73000000000002,4.497413229841396,1
245.74,4.352640524334951,1
245.75,4.138629444880917,1
245.76,4.182605377654411,1
245.77,3.2105428810765524,1
245.78,4.2642929714003035,1
245.79,3.6972848405800294,1
245.8,5.294758337716482,1
245.81,3.855829499179524,1
245.82,5.481298865222928,1
245.83,4.046188849436466,1
245.84,4.013398487581538,1
245.85,3.8852811389949604,1
245.86,3.2480987334666445,1
245.87,4.875614451177879,1
245.88,4.158675243868518,1
245.89000000000001,4.438295104363817,1
245.9,5.072731469556326,1
245.91,3.9545610410587493,1
245.92000000000002,3.8915557222078747,1
245.93,4.025615020442078,1
245.94,3.0969719858075155,1
245.95000000000002,2.6837872082963248,1
245.96,2.8741047373195507,1
245.97,4.67765445656403,1
245.98000000000002,3.7860235692115185,1
245.99,4.474188482307862,1
246.0,3.8621931881640683,1
246.01000000000002,2.9928218498677372,1
246.02,4.547034060255125,1
246.03,3.517927161256609,1
246.04,4.419514133757008,1
246.05,4.6998016953449815,1
246.06,4.084525296393307,1
246.07,4.372827535796892,1
246.08,3.142151751410638,1
246.09,5.868269406638206,1
246.1,4.396180666597587,1
246.11,4.50593163558272,1
246.12,4.590985596669736,1
246.13,3.8832576724484804,1
246.14000000000001,3.9712360237591717,1
246.15,4.626792404423178,1
246.16,3.727730110489329,1
246.17000000000002,4.177287375529625,1
246.18,4.271007204545988,1
246.19,3.5177883198609887,1
246.20000000000002,4.260496901856642,1
246.21,2.941025562720344,1
246.22,4.577601657060533,1
246.23000000000002,5.11513395960207,1
246.24,4.726777103853639,1
246.25,5.090529151060629,1
246.26000000000002,3.6421794366859106,1
246.27,3.892716784380528,1
246.28,4.11808392003027,1
246.29,4.112562451883987,1
246.3,3.721539620000383,1
246.31,3.366092954867349,1
246.32,5.036931980433339,1
246.33,3.459799850993502,1
246.34,4.970100318697992,1
246.35,4.304002737400927,1
246.36,4.078678992369941,1
246.37,4.296870296629366,1
246.38,4.963127197132929,1
246.39000000000001,2.33306133893562,1
246.4,4.1344869845029315,1
246.41,4.129469488176558,1
246.42000000000002,4.173952674079663,1
246.43,4.682563335705723,1
246.44,3.7171126918095294,1
246.45000000000002,3.3117303143894334,1
246.46,3.1318467821971114,1
246.47,3.419351999246511,1
246.48000000000002,4.4543313083245435,1
246.49,4.376719852209458,1
246.5,4.594250179560189,1
246.51000000000002,3.7126019099516703,1
246.52,3.6677160038159804,1
246.53,4.991145956804813,1
246.54,4.64893191261008,1
246.55,4.451542411907879,1
246.56,2.771854447403825,1
246.57,5.13636589866275,1
246.58,3.965386640623204,1
246.59,4.0882075440987595,1
246.6,4.29717032863186,1
246.61,4.149303552564618,1
246.62,3.9429151256624446,1
246.63,4.15257706679608,1
246.64000000000001,4.494324913215339,1
246.65,4.6558201225294065,1
246.66,4.9020615632045095,1
246.67000000000002,3.4021565593825223,1
246.68,3.6530616754963434,1
246.69,4.554505287346185,1
246.70000000000002,3.0129915649748997,1
246.71,4.02090271641198,1
246.72,3.4457639045254242,1
246.73000000000002,4.2624648956338715,1
246.74,3.3952353555525514,1
246.75,3.6549744268666435,1
246.76000000000002,3.719578210958428,1
246.77,4.082854825764938,1
246.78,4.58361878692442,1
246.79,4.682675741943924,1
246.8,4.1754164204244395,1
246.81,3.315270138452622,1
246.82,5.678183416237258,1
246.83,4.107322013678367,1
246.84,4.256232318096027,1
246.85,4.247996517215128,1
246.86,4.315732295496879,1
246.87,3.529502982487141,1
246.88,4.2994684487352846,1
246.89000000000001,5.221711121394696,1
246.9,2.7681969534860826,1
246.91,3.9223361309384734,1
246.92000000000002,3.222096059389602,1
246.93,4.533036359245846,1
246.94,4.700182084475322,1
246.95000000000002,3.8837516211509246,1
246.96,3.9612477217576574,1
246.97,3.365930430384624,1
246.98000000000002,2.3890294043045177,1
246.99,3.7061293590974413,1
247.0,3.845191701583681,1
247.01000000000002,4.043352231793744,1
247.02,1.9209167578820612,1
247.03,2.8176927144500814,1
247.04,3.0389956035864922,1
247.05,4.071691564255789,1
247.06,4.455324099992716,1
247.07,3.3331631314023906,1
247.08,3.824141216476987,1
247.09,3.6357430126299723,1
247.1,5.29508486398101,1
247.11,3.803310688039607,1
247.12,3.665587668006069,1
247.13,3.3885928715714977,1
247.14000000000001,2.6577048657833924,1
247.15,4.26348403886628,1
247.16,3.7716545788959506,1
247.17000000000002,3.6741563014032566,1
247.18,4.055634104221184,1
247.19,2.957702549745398,1
247.20000000000002,5.087743007294846,1
247.21,2.9087226970273883,1
247.22,5.132609861084042,1
247.23000000000002,4.120171491095464,1
247.24,3.828768904298315,1
247.25,4.500619448958929,1
247.26000000000002,3.8765786108960003,1
247.27,4.657330774962022,1
247.28,4.28235912928407,1
247.29,4.5012989585789,1
247.3,4.703445391636701,1
247.31,3.904391511516743,1
247.32,4.574575316188177,1
247.33,4.308615323948989,1
247.34,4.811831119022116,1
247.35,3.734987258762605,1
247.36,4.798920339498428,1
247.37,3.486174176404475,1
247.38,2.6238077969430615,1
247.39000000000001,3.009992180097758,1
247.4,3.7267506690994803,1
247.41,4.178675397954451,1
247.42000000000002,4.066607783172303,1
247.43,4.576335806538792,1
247.44,3.3277952992083515,1
247.45000000000002,5.15397254315661,1
247.46,5.01340142324135,1
247.47,4.727726981852784,1
247.48000000000002,4.9076761029391065,1
247.49,3.0689097700776733,1
247.5,4.396137529051558,1
247.51000000000002,4.479437525334791,1
247.52,4.6109018390420875,1
247.53,4.524241238554778,1
247.54,4.2476815149189635,1
247.55,4.201866001325844,1
247.56,4.71444881930558,1
247.57,3.578260505748453,1
247.58,4.169603002547186,1
247.59,3.62947591913919,1
247.6,3.8805673878899616,1
247.61,2.2836675806378195,1
247.62,3.3777147490358095,1
247.63,3.741462394936738,1
247.64000000000001,3.7821409328517808,1
247.65,3.845989889289858,1
247.66,3.2931783487288793,1
247.67000000000002,3.8020576489622333,1
247.68,4.73551215738163,1
247.69,3.8723176285187955,1
247.70000000000002,4.833166908230283,1
247.71,4.82495412455445,1
247.72,3.623064746728201,1
247.73000000000002,4.284911522811672,1
247.74,3.092954007254003,1
247.75,3.186339029557087,1
247.76000000000002,3.9523983701070695,1
247.77,4.266952614732001,1
247.78,5.019677818063297,1
247.79,3.933590543318865,1
247.8,4.1114059516953505,1
247.81,4.094867997075714,1
247.82,5.2149388252040465,1
247.83,5.005725183814299,1
247.84,4.382133491977623,1
247.85,4.613451922863285,1
247.86,4.334987026892197,1
247.87,4.777599997562024,1
247.88,4.64894934489959,1
247.89000000000001,3.8648505569692277,1
247.9,4.054929780349147,1
247.91,4.0835883630454175,1
247.92000000000002,4.058001677368495,1
247.93,3.6121027592539137,1
247.94,4.1231173817517845,1
247.95000000000002,3.60166563353657,1
247.96,3.525110428094355,1
247.97,3.834306774928845,1
247.98000000000002,4.121737846341487,1
247.99,4.78065451507961,1
248.0,4.509027103943542,1
248.01000000000002,4.775546025029121,1
248.02,5.242215853383901,1
248.03,3.75663145462021,1
248.04,4.519065651182287,1
248.05,4.593992809429761,1
248.06,4.2729655616905475,1
248.07,4.655810372161835,1
248.08,4.139291375449797,1
248.09,4.465489484907864,1
248.1,3.1074072646896727,1
248.11,3.9231011234846815,1
248.12,4.409446495706839,1
248.13,4.629932796921379,1
248.14000000000001,3.4070663143518227,1
248.15,3.835909038268381,1
248.16,3.229045185552383,1
248.17000000000002,3.6419469988964073,1
248.18,4.140368872647847,1
248.19,4.658376440448494,1
248.20000000000002,4.62737721813515,1
248.21,4.206898377088357,1
248.22,3.635632595335755,1
248.23000000000002,3.9496289360144594,1
248.24,5.7153814362752176,1
248.25,3.2709208796403852,1
248.26000000000002,3.2439204535246247,1
248.27,4.128434095705074,1
248.28,4.509435185042714,1
248.29,4.6127625794066125,1
248.3,4.222242410265817,1
248.31,3.0027184237206397,1
248.32,3.752146229222984,1
248.33,2.777559911819783,1
248.34,4.1107039097716855,1
248.35,4.226941631727159,1
248.36,3.8603922806285826,1
248.37,3.16391437606746,1
248.38,3.3753382067268314,1
248.39000000000001,2.887444597545349,1
248.4,3.901362011265117,1
248.41,6.074448889180768,1
248.42000000000002,4.103768626659963,1
248.43,3.795534609403877,1
248.44,4.200669903559159,1
248.45000000000002,3.3410305896760755,1
248.46,3.3077235591509035,1
248.47,3.617043171870532,1
248.48000000000002,4.594389480252662,1
248.49,4.273994626999912,1
248.5,3.9115729562268866,1
248.51000000000002,4.455858480557771,1
248.52,5.090413292935214,1
248.53,4.481173435075283,1
248.54,3.2962008546454022,1
248.55,2.660364270857844,1
248.56,2.7165374005733245,1
248.57,4.426684415414303,1
248.58,3.490780583224393,1
248.59,4.47853359399143,1
248.6,3.735120228566217,1
248.61,4.260608805233144,1
248.62,4.516056201551703,1
248.63,3.5849361872352983,1
248.64000000000001,4.581138272529142,1
248.65,3.6822491505359602,1
248.66,3.5967372188158113,1
248.67000000000002,4.5687104406904995,1
248.68,4.487383199429433,1
248.69,4.349610568930636,1
248.70000000000002,3.3039808004179916,1
248.71,3.6843217121919496,1
248.72,4.382584727894039,1
248.73000000000002,5.442802207476364,1
248.74,5.189502588088517,1
248.75,3.6923287227956347,1
248.76000000000002,3.482603985673412,1
248.77,5.031231608730405,1
248.78,4.408481869385076,1
248.79,3.699077927842532,1
248.8,4.065622451573517,1
248.81,3.218038636747544,1
248.82,4.653283444436678,1
248.83,5.009356638058097,1
248.84,5.132010452727004,1
248.85,4.873819862692478,1
248.86,3.9158310503670113,1
248.87,4.635253509168802,1
248.88,5.02902344761847,1
248.89000000000001,4.696843242146165,1
248.9,4.593948194737641,1
248.91,4.135000739002471,1
248.92000000000002,3.3748092150606928,1
248.93,5.104377194465667,1
248.94,3.9702803097062853,1
248.95000000000002,4.710591841528906,1
248.96,5.579153057697108,1
248.97,4.624005468257328,1
248.98000000000002,4.756612811288382,1
248.99,3.4164442706274007,1
249.0,3.494508659886289,1
249.01000000000002,4.815143684736847,1
249.02,3.7378628061473984,1
249.03,3.1758557610280302,1
249.04,2.9451853249535374,1
249.05,3.871579939188191,1
249.06,3.9148041943003156,1
249.07,4.7024964874293955,1
249.08,3.4435166615969464,1
249.09,4.882240940196739,1
249.1,3.2646718793222664,1
249.11,3.1616707160190005,1
249.12,3.993995516835742,1
249.13,3.9722181397206695,1
249.14000000000001,4.302235132352412,1
249.15,3.17990018949342,1
249.16,4.108589007928876,1
249.17000000000002,2.8575219680111017,1
249.18,2.4640158740002107,1
249.19,5.072014062199458,1
249.20000000000002,4.744838762157976,1
249.21,4.066990340229276,1
249.22,2.7372470218155214,1
249.23000000000002,3.6889299281872794,1
249.24,4.344700352538409,1
249.25,3.797510468139873,1
249.26000000000002,5.072119478442914,1
249.27,4.53274637471218,1
249.28,3.4761315986532977,1
249.29,2.9550493686019426,1
249.3,4.50330841155572,1
249.31,4.551160936894655,1
249.32,4.47808624631434,1
249.33,5.060287273308111,1
249.34,4.288365410587066,1
249.35,4.002740817397706,1
249.36,4.424886293955128,1
249.37,4.766499991276051,1
249.38,4.448870683010444,1
249.39000000000001,4.025431131417769,1
249.4,4.631254615572131,1
249.41,4.12498487562014,1
249.42000000000002,3.73646036445695,1
249.43,4.124900712872744,1
249.44,3.872658024000173,1
249.45000000000002,4.012093649911537,1
249.46,3.523039397985313,1
249.47,4.679729006828625,1
249.48000000000002,4.222657586527028,1
249.49,4.496270136047465,1
249.5,4.341213519397147,1
249.51000000000002,3.410405012741298,1
249.52,4.777601224992962,1
249.53,3.8386507259716565,1
249.54,3.6838033128034886,1
249.55,4.044757098520733,1
249.56,4.083244767208829,1
249.57,5.632230796529498,1
249.58,4.441814508960148,1
249.59,3.6895629796518246,1
249.6,5.214371549291071,1
249.61,3.039881304642028,1
249.62,3.6751915544405196,1
249.63,3.6818757406864098,1
249.64000000000001,4.050336083504727,1
249.65,4.3030779737717495,1
249.66,4.372144549842206,1
249.67000000000002,4.353169242376693,1
249.68,4.473029808590471,1
249.69,4.011215535281188,1
249.70000000000002,4.835910187139954,1
249.71,2.979558451279798,1
249.72,2.23722405544419,1
249.73000000000002,4.312948636788471,1
249.74,3.731678289117364,1
249.75,5.022720901067133,1
249.76000000000002,4.666578810764015,1
249.77,4.361878074827977,1
249.78,3.6627554541633147,1
249.79,4.396368322636782,1
249.8,3.7680639816290133,1
249.81,4.0495008922726194,1
249.82,3.836801838478918,1
249.83,4.220250237425328,1
249.84,3.922627568470558,1
249.85,4.720065838684473,1
249.86,4.408207324387588,1
249.87,3.7542746493558443,1
249.88,3.7381007280120877,1
249.89000000000001,3.182156283963737,1
249.9,2.682748776736777,1
249.91,4.501457978975828,1
249.92000000000002,3.753463516533762,1
249.93,3.133461624050372,1
249.94,4.164171033356487,1
249.95000000000002,3.466312371603927,1
249.96,3.8517289916369455,1
249.97,3.0925262725513067,1
249.98000000000002,4.323554840934355,1
249.99,4.054645980090495,1
250.0,4.329004530801519,1
250.01000000000002,3.7669745396666494,1
250.02,4.1919010457079375,1
250.03,3.129129175398154,1
250.04,5.495718066524366,1
250.05,4.434281900653735,1
250.06,5.205212637330786,1
250.07,3.9598129224128082,1
250.08,3.359544464184477,1
250.09,3.66454508827851,1
250.1,3.9499592474711283,1
250.11,3.8966361818014525,1
250.12,5.1560941277316585,1
250.13,3.452244339605837,1
250.14000000000001,3.502539741215338,1
250.15,4.357335095787423,1
250.16,2.9206818724972523,1
250.17000000000002,3.848803507671475,1
250.18,4.039740991103011,1
250.19,4.261654323850155,1
250.20000000000002,4.243541674791672,1
250.21,5.329035394080465,1
250.22,3.55122212473833,1
250.23000000000002,3.6168985701798424,1
250.24,4.444644169141765,1
250.25,4.248997918464523,1
250.26000000000002,4.31411133563336,1
250.27,3.1672997221103523,1
250.28,5.4083244511853845,1
250.29,4.399362652954127,1
250.3,2.995970622349996,1
250.31,4.311669479979351,1
250.32,3.2572698737737715,1
250.33,4.4963831490839326,1
250.34,3.10398612542671,1
250.35,4.523560395511757,1
250.36,3.1680517482286588,1
250.37,3.257756224705294,1
250.38,4.0016536611613125,1
250.39000000000001,3.5813381332150036,1
250.4,3.6166350203592796,1
250.41,3.0091236657519205,1
250.42000000000002,3.7721309606766407,1
250.43,4.621693464966378,1
250.44,5.328244349283099,1
250.45000000000002,4.692074022887345,1
250.46,4.55712419347873,1
250.47,2.9980331616728715,1
250.48000000000002,3.964366453660947,1
250.49,3.596974243544103,1
250.5,2.9941514324420164,1
250.51000000000002,3.08954756193813,1
250.52,4.333238306989606,1
250.53,3.5964752951071883,1
250.54,2.946543064762674,1
250.55,3.448507855289269,1
250.56,4.083440026647668,1
250.57,3.5073763932275557,1
250.58,3.142159480055176,1
250.59,3.329573847202362,1
250.6,4.535121141425769,1
250.61,2.7086560769071193,1
250.62,3.7941548968689762,1
250.63,3.974836544848201,1
250.64000000000001,3.5802503236939653,1
250.65,3.428581937227779,1
250.66,4.675076677248652,1
250.67000000000002,4.736520791092332,1
250.68,4.1556649328890725,1
250.69,3.6786852882148935,1
250.70000000000002,4.052310319602849,1
250.71,4.240793084689726,1
250.72,3.8963238424086155,1
250.73000000000002,4.211753970803492,1
250.74,3.711062209408972,1
250.75,1.8625704748960636,1
250.76000000000002,3.674973301408828,1
250.77,4.3647482618328555,1
250.78,3.998637728410262,1
250.79,4.201000479953677,1
250.8,3.8374959419305794,1
250.81,3.889756358246999,1
250.82,4.149770684655113,1
250.83,5.331922079145948,1
250.84,4.698613508214368,1
250.85,4.578003984551364,1
250.86,4.238848699230488,1
250.87,3.210428721542553,1
250.88,4.790998926207828,1
250.89000000000001,4.658013594997124,1
250.9,4.275420424626805,1
250.91,3.963354859659908,1
250.92000000000002,4.306467847656096,1
250.93,3.8065422313709085,1
250.94,4.388503402056463,1
250.95000000000002,3.4042206842098643,1
250.96,2.6536715648014324,1
250.97,3.079707016474306,1
250.98000000000002,3.9931420805022895,1
250.99,3.7819115986211704,1
251.0,3.892539004118942,1
251.01000000000002,3.1773384025998967,1
251.02,4.192084669513921,1
251.03,3.400847168274082,1
251.04,4.35844496562467,1
251.05,3.1790036599255536,1
251.06,3.477828584268864,1
251.07,3.397407943356273,1
251.08,4.379280250410706,1
251.09,3.744972416630482,1
251.1,4.258768773893068,1
251.11,4.730744512286859,1
251.12,5.153230004012852,1
251.13,4.157276464654705,1
251.14000000000001,3.2222611895613023,1
251.15,4.689734103296233,1
251.16,4.950710679734955,1
251.17000000000002,3.9580585391980754,1
251.18,4.80991423390072,1
251.19,4.242948569933111,1
251.20000000000002,2.939534366182321,1
251.21,3.5516812344035955,1
251.22,3.6908745077691236,1
251.23000000000002,3.8073847019817713,1
251.24,3.454990158780685,1
251.25,3.416816483014874,1
251.26000000000002,4.909574432129149,1
251.27,2.987921350420624,1
251.28,3.5126447811249877,1
251.29,4.395613260815569,1
251.3,3.6605425044230246,1
251.31,4.214662435975979,1
251.32,3.7069100054976953,1
251.33,4.204335376657792,1
251.34,3.266604241220131,1
251.35,2.6746904917045287,1
251.36,3.588956678859419,1
251.37,2.7549604367919165,1
251.38,3.8387727105529468,1
251.39000000000001,3.2309009448328645,1
251.4,3.2255995209250554,1
251.41,4.933353817665908,1
251.42000000000002,4.279137042214296,1
251.43,3.081904227700052,1
251.44,3.985772305658932,1
251.45000000000002,3.981830056658091,1
251.46,2.7281124242502157,1
251.47,4.209409559531272,1
251.48000000000002,4.673922681961929,1
251.49,3.7879796856946655,1
251.5,3.79629665456738,1
251.51000000000002,3.6015276724043965,1
251.52,4.18064591318838,1
251.53,3.7870801794690485,1
251.54,3.779012643405671,1
251.55,3.386131647534586,1
251.56,5.216360216124095,1
251.57,3.8443819825567025,1
251.58,4.4020835423885565,1
251.59,4.174466576513033,1
251.6,2.3511854477130325,1
251.61,3.6852717240546347,1
251.62,3.2785721833841466,1
251.63,4.6523483063769255,1
251.64000000000001,3.2896778753887643,1
251.65,4.35386924736754,1
251.66,4.739069740082689,1
251.67000000000002,4.2864368567357385,1
251.68,4.062776333927906,1
251.69,3.768788477758702,1
251.70000000000002,3.9045126017325513,1
251.71,3.100054643877378,1
251.72,4.015875158202452,1
251.73000000000002,4.621288266964871,1
251.74,3.399044379229373,1
251.75,3.9004362346870862,1
251.76000000000002,3.855612026060748,1
251.77,4.134033150432208,1
251.78,3.616850463031496,1
251.79,2.9763225146831704,1
251.8,3.213220629910972,1
251.81,2.4732781444454965,1
251.82,4.45746538939131,1
251.83,4.3473595135285485,1
251.84,4.083611427480867,1
251.85,3.6281761389814147,1
251.86,3.943821051798499,1
251.87,4.038292033216724,1
251.88,3.7072233622500903,1
251.89000000000001,3.6908228363392506,1
251.9,4.829600731590852,1
251.91,3.213488563420216,1
251.92000000000002,4.551470981207747,1
251.93,2.9232465931118643,1
251.94,4.906365950808247,1
251.95000000000002,2.4285056359990564,1
251.96,4.136383525114368,1
251.97,3.520645288164455,1
251.98000000000002,3.819730357123619,1
251.99,3.8795527997058556,1
252.0,4.387198878977635,1
252.01000000000002,2.7752276957354294,1
252.02,3.9520736614914496,1
252.03,4.179195665765029,1
252.04,3.6538806569446973,1
252.05,3.982611265111567,1
252.06,3.639336058266542,1
252.07,4.398469137722918,1
252.08,4.3031906124326715,1
252.09,4.180876263398975,1
252.1,4.439145665742071,1
252.11,4.810838879577904,1
252.12,3.359791599014744,1
252.13,5.341471370455951,1
252.14000000000001,4.263357154369996,1
252.15,3.6152087513736015,1
252.16,5.397677898745854,1
252.17000000000002,3.7544053096121237,1
252.18,3.15633552846963,1
252.19,3.5966916536283473,1
252.20000000000002,3.6153343804273588,1
252.21,4.705580028459379,1
252.22,4.014693905413876,1
252.23000000000002,4.1277215939953305,1
252.24,4.121120973354606,1
252.25,4.839320556986663,1
252.26000000000002,3.9123497492057036,1
252.27,3.921870839747011,1
252.28,3.591616316538297,1
252.29,3.724432123332993,1
252.3,4.322720031759799,1
252.31,4.467415173325689,1
252.32,5.085404929293066,1
252.33,3.9357066908610365,1
252.34,3.752800762415929,1
252.35,4.16742370552633,1
252.36,3.6345516430665223,1
252.37,3.5021934248288296,1
252.38,4.136948176575271,1
252.39000000000001,3.732090567936046,1
252.4,3.797556811791126,1
252.41,4.405563466675102,1
252.42000000000002,4.271085193269552,1
252.43,5.376166935501839,1
252.44,4.752874023189709,1
252.45000000000002,3.6227329951238794,1
252.46,3.789271858519022,1
252.47,3.1567820956578894,1
252.48000000000002,3.361242137574734,1
252.49,4.802541400375598,1
252.5,3.866449027811557,1
252.51000000000002,3.0679196751888216,1
252.52,2.6351303175998386,1
252.53,2.901333528810364,1
252.54,3.3411721009037616,1
252.55,3.887448048266561,1
252.56,3.6646737580550472,1
252.57,4.372919491897397,1
252.58,3.3720418539912003,1
252.59,4.736181067290831,1
252.6,3.9571897885273724,1
252.61,4.319510872378735,1
252.62,3.7271942409876226,1
252.63,4.705349634797877,1
252.64000000000001,3.253376942187842,1
252.65,3.2300149450433158,1
252.66,3.3960346104948447,1
252.67000000000002,4.7868988561421935,1
252.68,3.9365290918384916,1
252.69,3.402748629342351,1
252.70000000000002,3.835248234290716,1
252.71,4.076991826821026,1
252.72,3.260258653458885,1
252.73000000000002,3.997245888366064,1
252.74,3.8393289023608363,1
252.75,3.5867101190928334,1
252.76000000000002,3.082280890620639,1
252.77,4.461293910145266,1
252.78,3.6803683248502423,1
252.79,2.0548038630816747,1
252.8,4.115767764972134,1
252.81,4.278820762170333,1
252.82,4.667578482619807,1
252.83,4.3700717316386,1
252.84,4.184215076262623,1
252.85,3.770590675718872,1
252.86,3.7434965435015224,1
252.87,4.483278193996493,1
252.88,3.970413921556887,1
252.89000000000001,3.087576291898236,1
252.9,3.7204484544118186,1
252.91,3.9233085018625014,1
252.92000000000002,2.6582673073537246,1
252.93,4.342125405749811,1
252.94,3.948742959288923,1
252.95000000000002,3.037268051216845,1
252.96,3.6779636643089773,1
252.97,3.854159359518556,1
252.98000000000002,4.561866055255165,1
252.99,4.6068929886338825,1
253.0,4.737388663798288,1
253.01000000000002,4.312851381023264,1
253.02,3.640320935293198,1
253.03,3.451690259415566,1
253.04,3.584662483448901,1
253.05,4.007777794102602,1
253.06,4.0554387808993795,1
253.07,4.731105440577156,1
253.08,3.921977873633118,1
253.09,2.7041515317808313,1
253.1,3.1469405070009975,1
253.11,3.2909841218094025,1
253.12,3.2782042033576273,1
253.13,2.074349364154187,1
253.14000000000001,4.830571239352949,1
253.15,2.5582966173307167,1
253.16,3.469951649534688,1
253.17000000000002,4.335227347798161,1
253.18,4.359571424749185,1
253.19,3.04610101391473,1
253.20000000000002,4.727217160327644,1
253.21,4.75682545323713,1
253.22,3.9732407523455637,1
253.23000000000002,4.077975964948833,1
253.24,3.4840342314367985,1
253.25,4.208252777642791,1
253.26000000000002,4.230522673432347,1
253.27,3.7581909209571287,1
253.28,4.447479067775034,1
253.29,4.263843130836368,1
253.3,6.099234155366835,1
253.31,3.5162093068833653,1
253.32,4.790260068365955,1
253.33,3.432508380971354,1
253.34,4.235972254037216,1
253.35,2.2521390711816047,1
253.36,3.4914139715190564,1
253.37,4.215619381828225,1
253.38,4.12545889688706,1
253.39000000000001,2.6846384836287407,1
253.4,3.655316183320185,1
253.41,4.96217752817654,1
253.42000000000002,4.770879193115485,1
253.43,4.7313281994226575,1
253.44,5.64225859781366,1
253.45000000000002,3.041826732305812,1
253.46,3.757886794530037,1
253.47,4.065790584926691,1
253.48000000000002,3.5726721555439993,1
253.49,4.077277901760643,1
253.5,4.847266964610866,1
253.51000000000002,4.097695965512296,1
253.52,2.53032030140751,1
253.53,4.289116774445852,1
253.54,3.9354180556928555,1
253.55,2.5067166523234237,1
253.56,3.4397628062997496,1
253.57,2.780057148518829,1
253.58,3.696913341323918,1
253.59,3.6329488100492626,1
253.6,2.9899009615574874,1
253.61,4.126994929077486,1
253.62,3.3506809626906393,1
253.63,4.882012782783279,1
253.64000000000001,4.234252076468608,1
253.65,3.920264652272278,1
253.66,4.880176920782792,1
253.67000000000002,4.2818196289425225,1
253.68,4.284935041187096,1
253.69,3.9968126914615754,1
253.70000000000002,3.7948027865253966,1
253.71,4.225211656467301,1
253.72,4.95680202310696,1
253.73000000000002,1.7767755341063258,1
253.74,5.006600604343582,1
253.75,3.3309083384529012,1
253.76000000000002,4.013418637765011,1
253.77,2.8265901825063655,1
253.78,4.854143755131908,1
253.79,3.1321709400579496,1
253.8,4.677613855381633,1
253.81,3.9088946823732815,1
253.82,3.934501338162579,1
253.83,3.2409645177568156,1
253.84,4.817690394881621,1
253.85,4.028814452235494,1
253.86,4.538660043443134,1
253.87,2.751814450275926,1
253.88,3.3899852176277085,1
253.89000000000001,4.147964240804594,1
253.9,2.9836255612720777,1
253.91,4.148690068269108,1
253.92000000000002,3.533944965339969,1
253.93,3.405541596928995,1
253.94,4.224814394071487,1
253.95000000000002,4.048852815862305,1
253.96,3.202358634741127,1
253.97,4.620712082207727,1
253.98000000000002,4.322063526814696,1
253.99,2.6903637508624882,1
254.0,3.726194559662558,1
254.01000000000002,4.250467343878134,1
254.02,3.988438809359284,1
254.03,1.9048547250772576,1
254.04,3.987700591801433,1
254.05,4.566217791805945,1
254.06,4.052427415521554,1
254.07,4.099298669863456,1
254.08,4.710840347546039,1
254.09,3.036651301117093,1
254.1,4.418524704355889,1
254.11,4.2207284118671895,1
254.12,2.9142315255752695,1
254.13,4.3256607915382785,1
254.14000000000001,5.119251692465587,1
254.15,4.208314639733311,1
254.16,4.300970546756904,1
254.17000000000002,3.2666500272326737,1
254.18,3.511495100789748,1
254.19,3.288344301033601,1
254.20000000000002,4.215607320812826,1
254.21,3.7015825909100766,1
254.22,3.6515125607378423,1
254.23000000000002,4.497601416438353,1
254.24,5.185426024505446,1
254.25,4.0896867600879965,1
254.26000000000002,3.054808419698575,1
254.27,4.029506696419394,1
254.28,4.16920019936663,1
254.29,4.571494345187102,1
254.3,3.822899654717105,1
254.31,4.536276322759819,1
254.32,4.458750711740481,1
254.33,3.7722219514652435,1
254.34,4.446370086800039,1
254.35,4.554875493936203,1
254.36,3.2540566977645238,1
254.37,4.518193197479625,1
254.38,3.9101079020369274,1
254.39000000000001,3.8121508432854445,1
254.4,3.9201721399479212,1
254.41,4.825263156260496,1
254.42000000000002,4.898598118462902,1
254.43,4.4248714738659105,1
254.44,4.27261101479559,1
254.45000000000002,4.024119826951634,1
254.46,5.823573199874534,1
254.47,3.725261173897032,1
254.48000000000002,3.7365104623622964,1
254.49,4.202322143808276,1
254.5,3.422373105981632,1
254.51000000000002,4.621083643527748,1
254.52,3.0370728237170495,1
254.53,3.4171476736451,1
254.54,3.632165273331153,1
254.55,3.2506361257701704,1
254.56,4.559168852465894,1
254.57,3.120190660594234,1
254.58,3.279129684680828,1
254.59,3.4956659547608293,1
254.6,4.518182928132244,1
254.61,4.998217332448602,1
254.62,4.4443761670062685,1
254.63,3.236200302118534,1
254.64000000000001,3.6239767978264754,1
254.65,5.072885495745351,1
254.66,4.154384296158858,1
254.67000000000002,3.1313390587104575,1
254.68,5.414572823942592,1
254.69,3.7370803836485695,1
254.70000000000002,3.936329564060606,1
254.71,3.5271769077410924,1
254.72,3.3060882878889455,1
254.73000000000002,4.737336055599047,1
254.74,4.099357073506622,1
254.75,4.135107276595064,1
254.76000000000002,3.106631771388227,1
254.77,3.6920629564509064,1
254.78,3.534795414336887,1
254.79,3.414479255530226,1
254.8,4.269557903028155,1
254.81,3.8216789032670335,1
254.82,4.484241103487364,1
254.83,4.558589445846429,1
254.84,3.8234676667431136,1
254.85,4.359384197806603,1
254.86,3.7929605068055774,1
254.87,3.536515037048565,1
254.88,3.3273999371404877,1
254.89000000000001,4.0373253791609915,1
254.9,3.5193302462255205,1
254.91,4.840619221211918,1
254.92000000000002,5.059883535678814,1
254.93,4.3098372633068545,1
254.94,4.104386177201758,1
254.95000000000002,3.9428809121588264,1
254.96,5.465433473459422,1
254.97,5.301050726721938,1
254.98000000000002,3.9021832878910834,1
254.99,3.843181757550605,1
255.0,4.204197088608052,1
255.01000000000002,3.2716166529807005,1
255.02,2.834011531194176,1
255.03,3.1238345779720866,1
255.04,3.823880230187213,1
255.05,3.451748594503422,1
255.06,4.9823426899414995,1
255.07,3.165800891557964,1
255.08,3.1265994516240583,1
255.09,2.779268611732966,1
255.1,3.5065769534064444,1
255.11,3.6872300086989087,1
255.12,3.8840733577675755,1
255.13,3.9085660289145956,1
255.14000000000001,3.5188777917956093,1
255.15,3.212833282009114,1
255.16,4.15325186261083,1
255.17000000000002,3.36528645548002,1
255.18,4.425621278962394,1
255.19,3.0418076090295068,1
255.20000000000002,3.4585617614290087,1
255.21,5.3172987769891815,1
255.22,5.538114857951419,1
255.23000000000002,3.271090094178192,1
255.24,4.811896864079549,1
255.25,5.171061900258785,1
255.26000000000002,4.831329623078335,1
255.27,4.06667951127651,1
255.28,2.7949425312404887,1
255.29,4.004556863372135,1
255.3,4.265783341580298,1
255.31,4.1459165600471835,1
255.32,4.272678481979971,1
255.33,3.4275471084311264,1
255.34,3.5795354225810008,1
255.35,2.345972925180992,1
255.36,4.407075328171607,1
255.37,3.381837438001089,1
255.38,3.7581548790056774,1
255.39000000000001,4.127850698066605,1
255.4,3.6454376708568206,1
255.41,3.3075681157887584,1
255.42000000000002,4.169996699656181,1
255.43,2.9149354065289548,1
255.44,4.504651921656389,1
255.45000000000002,4.534228227641144,1
255.46,3.746662845844417,1
255.47,3.724416605338716,1
255.48000000000002,3.385715869576379,1
255.49,3.737064696299009,1
255.5,3.85243548555454,1
255.51000000000002,3.759792606248568,1
255.52,4.8799841128379695,1
255.53,2.8560609210486203,1
255.54,3.2700112322955333,1
255.55,4.355334394246267,1
255.56,5.283316804139016,1
255.57,3.456244880901284,1
255.58,4.580934556123096,1
255.59,3.2667241958445645,1
255.6,3.7048680583570617,1
255.61,4.013606964851298,1
255.62,3.5983293423245133,1
255.63,3.765787791725667,1
255.64000000000001,3.1734066566868457,1
255.65,4.4633409280512515,1
255.66,3.5164063093893847,1
255.67000000000002,3.6004171885802454,1
255.68,3.5118167654321244,1
255.69,3.5197604442228334,1
255.70000000000002,4.063474820254057,1
255.71,4.019794589466288,1
255.72,5.589790052025247,1
255.73000000000002,3.8744716888203743,1
255.74,3.855108126253565,1
255.75,4.783352344166408,1
255.76000000000002,4.121628325319142,1
255.77,3.8830869211327044,1
255.78,3.863188993954275,1
255.79,4.095753706750265,1
255.8,4.639690496548558,1
255.81,4.9360030138434485,1
255.82,4.770990892440688,1
255.83,4.411084522375419,1
255.84,4.233614202549023,1
255.85,5.411868142393206,1
255.86,3.848150040867763,1
255.87,4.504080084781841,1
255.88,4.8352478647196415,1
255.89000000000001,4.749591273111335,1
255.9,3.548829276899103,1
255.91,5.77474251103061,1
255.92000000000002,5.144839943177736,1
255.93,4.694537344265434,1
255.94,3.3164699547841527,1
255.95000000000002,4.519257074557398,1
255.96,2.4601473930586923,1
255.97,3.6967869355806964,1
255.98000000000002,4.007877358427502,1
255.99,3.6871158181422308,1
256.0,5.010002938317379,1
256.01,4.152640940727627,1
256.02,3.4310311695283966,1
256.03000000000003,4.5164147220401905,1
256.04,4.361690410140659,1
256.05,2.9595979925301794,1
256.06,4.876964514829901,1
256.07,4.1784932501317105,1
256.08,4.69311168686096,1
256.09000000000003,4.3298478326098735,1
256.1,3.7997430001056594,1
256.11,4.238527124036303,1
256.12,3.903398132221392,1
256.13,4.1209798975683345,1
256.14,4.325172344989957,1
256.15,4.039396402895926,1
256.16,4.232856228558464,1
256.17,3.712397275008121,1
256.18,3.568841409294214,1
256.19,4.4549667147470275,1
256.2,4.969703741940855,1
256.21,3.74713489851214,1
256.22,4.234857087529704,1
256.23,3.161743156509429,1
256.24,5.192857674704093,1
256.25,4.890580718538303,1
256.26,3.745929955540557,1
256.27,3.8159410400915004,1
256.28000000000003,4.816700808334658,1
256.29,4.185046198302322,1
256.3,4.420193047777266,1
256.31,3.360611605488521,1
256.32,4.2904144237929716,1
256.33,3.859118112009944,1
256.34000000000003,4.113247749671525,1
256.35,3.673442876066092,1
256.36,3.77223592686315,1
256.37,3.9935764788264807,1
256.38,3.57682354492966,1
256.39,5.424450662417668,1
256.4,3.4025763453532507,1
256.41,4.31319584840055,1
256.42,4.2607532430618225,1
256.43,4.571251504570797,1
256.44,2.4840430267986777,1
256.45,2.889942193493085,1
256.46,3.648830829930229,1
256.47,4.636167522740996,1
256.48,3.9099967634188224,1
256.49,3.8187334783032916,1
256.5,3.9978840576218553,1
256.51,3.4294818001912657,1
256.52,4.225217426438645,1
256.53000000000003,4.076183274973684,1
256.54,4.2583446524843405,1
256.55,4.923806358932669,1
256.56,3.834797639821695,1
256.57,4.001416563458302,1
256.58,3.317563909818907,1
256.59000000000003,3.124382654217697,1
256.6,3.944134767674171,1
256.61,4.088147050394387,1
256.62,4.4981317818863,1
256.63,4.4650931359331825,1
256.64,4.2651394549875405,1
256.65,5.184538095946785,1
256.66,3.9398694331154673,1
256.67,3.9335065786280627,1
256.68,4.22293010560685,1
256.69,3.267124425878101,1
256.7,4.400904995009166,1
256.71,4.045688588099709,1
256.72,4.015740504147383,1
256.73,4.291228465929402,1
256.74,4.189171903395046,1
256.75,4.2026098527011815,1
256.76,3.688035710823134,1
256.77,4.939446176180971,1
256.78000000000003,3.0645386972100663,1
256.79,3.477147935472775,1
256.8,3.6116332618217943,1
256.81,3.5338237115895335,1
256.82,2.8843246118878128,1
256.83,5.061670147693788,1
256.84000000000003,4.552775300048973,1
256.85,3.6989641241413085,1
256.86,4.505570035467652,1
256.87,3.986337119820413,1
256.88,3.853511514520761,1
256.89,3.390179260015143,1
256.9,3.9731137840187634,1
256.91,3.5634065107460797,1
256.92,3.2974831958491824,1
256.93,4.515965977115552,1
256.94,3.4252429427960807,1
256.95,4.801385203232595,1
256.96,3.5131116948530514,1
256.97,2.9354652325606785,1
256.98,4.2336592130584885,1
256.99,3.7022387497800207,1
257.0,2.9579368301018767,1
257.01,4.127461599151321,1
257.02,3.20587548458509,1
257.03000000000003,2.7236115419076086,1
257.04,4.434898778817847,1
257.05,5.067631883125662,1
257.06,3.879247328939793,1
257.07,4.839057263265615,1
257.08,4.613871475243742,1
257.09000000000003,4.4916549740833265,1
257.1,3.9179071291767924,1
257.11,3.583564810641448,1
257.12,4.1527506586968155,1
257.13,4.3677159476759355,1
257.14,3.1319306705393033,1
257.15,3.6620712998669487,1
257.16,3.7855943477722755,1
257.17,3.74388439823896,1
257.18,3.5034648016579797,1
257.19,3.083658708348585,1
257.2,3.749088960877846,1
257.21,3.829472613728838,1
257.22,3.7285670023708337,1
257.23,4.466919604352797,1
257.24,3.2122158854056986,1
257.25,4.210095112700166,1
257.26,2.9200661056209003,1
257.27,3.952377787740183,1
257.28000000000003,2.5767827758684962,1
257.29,3.359141624855902,1
257.3,3.9458247020041393,1
257.31,3.0474392361972322,1
257.32,2.9769195638237673,1
257.33,4.513796730368327,1
257.34000000000003,2.923370390511209,1
257.35,3.7828637938849767,1
257.36,4.873385467057668,1
257.37,4.084654323457134,1
257.38,3.9807190595338624,1
257.39,3.513973497837573,1
257.4,3.511570046744405,1
257.41,3.886558459863492,1
257.42,2.743312130055517,1
257.43,4.643582238501495,1
257.44,4.245493756882489,1
257.45,2.956148513174169,1
257.46,4.674367690774981,1
257.47,4.5413311990738405,1
257.48,4.36051299427818,1
257.49,5.494482945307293,1
257.5,4.150691426831587,1
257.51,4.977133013592438,1
257.52,4.029640979566698,1
257.53000000000003,4.2334256150871825,1
257.54,3.5827795866073515,1
257.55,2.6762800652120244,1
257.56,2.6641512730959267,1
257.57,3.804901072441789,1
257.58,3.7912155592253263,1
257.59000000000003,3.199974128051108,1
257.6,3.773648189770518,1
257.61,4.303201279604729,1
257.62,4.901317310238121,1
257.63,3.6668972522360614,1
257.64,4.307150824436889,1
257.65,5.2223260561884866,1
257.66,4.631247626155633,1
257.67,3.5987800015412903,1
257.68,4.084856159345925,1
257.69,4.146877651921816,1
257.7,4.420932280142423,1
257.71,4.025879413884246,1
257.72,4.269806634303606,1
257.73,4.615890292471187,1
257.74,3.2823003630440093,1
257.75,3.024656532366713,1
257.76,4.265219125219703,1
257.77,3.8563066902778145,1
257.78000000000003,4.5082502408102805,1
257.79,4.714309509194713,1
257.8,2.8437489814581123,1
257.81,3.4122536310157154,1
257.82,3.929078302135153,1
257.83,3.3934318806040165,1
257.84000000000003,3.728933952721015,1
257.85,3.22952730078189,1
257.86,3.7404833789405663,1
257.87,3.4177959901725705,1
257.88,4.231809294258761,1
257.89,4.621324872580031,1
257.9,4.301002051757589,1
257.91,5.678831094581274,1
257.92,4.664352336517843,1
257.93,4.562782979546534,1
257.94,3.9082952021671016,1
257.95,3.7199647144364287,1
257.96,4.7379423999807795,1
257.97,3.819947096064892,1
257.98,3.9687151979894897,1
257.99,3.8645051096673853,1
258.0,4.343693957675389,1
258.01,4.623792153068686,1
258.02,4.773533590372275,1
258.03000000000003,3.9112287399608823,1
258.04,4.185065552159954,1
258.05,4.3015386565868035,1
258.06,5.039393877934374,1
258.07,2.9636134429423615,1
258.08,3.988382486310515,1
258.09000000000003,3.603961379878449,1
258.1,3.62923446965246,1
258.11,3.401210352548809,1
258.12,4.2683305768282285,1
258.13,2.3640907888137277,1
258.14,3.739810239468597,1
258.15,2.7270836627766206,1
258.16,3.4030221874352957,1
258.17,3.7653422247218122,1
258.18,3.6795888912247205,1
258.19,4.400823921441604,1
258.2,4.836351607729143,1
258.21,5.345413012505812,1
258.22,4.121388490268429,1
258.23,4.822528624768602,1
258.24,5.071404068049978,1
258.25,3.8307048067769482,1
258.26,4.861193475448647,1
258.27,2.700179873213819,1
258.28000000000003,4.158310404857432,1
258.29,5.073068464124079,1
258.3,4.127340181465201,1
258.31,3.8593888446318143,1
258.32,3.819225895919882,1
258.33,4.8800356597921795,1
258.34000000000003,2.9478733482989288,1
258.35,3.6077433390276052,1
258.36,4.451699756240525,1
258.37,4.173202641409933,1
258.38,4.737328189437793,1
258.39,4.465010911155408,1
258.4,3.7232166363382877,1
258.41,4.385385465463152,1
258.42,3.2124778396707376,1
258.43,2.705837291166525,1
258.44,3.597786605390434,1
258.45,4.103140343597822,1
258.46,3.550864818788746,1
258.47,4.146351227457544,1
258.48,4.089894891213982,1
258.49,2.8204003316373716,1
258.5,3.5775812627431,1
258.51,4.560506093807773,1
258.52,4.303755462330108,1
258.53000000000003,3.5044457288704565,1
258.54,4.299627251657493,1
258.55,5.0813505502849114,1
258.56,3.7181964241516887,1
258.57,4.404000266124689,1
258.58,4.359759205296349,1
258.59000000000003,3.689944773693234,1
258.6,3.247887965591711,1
258.61,5.050594860477312,1
258.62,4.814906408978079,1
258.63,3.930392426323971,1
258.64,4.855405740479869,1
258.65,4.486767513994581,1
258.66,4.883116345746819,1
258.67,2.9501122462767495,1
258.68,3.7152349021688043,1
258.69,5.025706579829414,1
258.7,5.780740310817935,1
258.71,3.829226452713875,1
258.72,3.680021478049721,1
258.73,4.3620916863186165,1
258.74,4.172890403338887,1
258.75,4.280947024174243,1
258.76,2.5426195576732775,1
258.77,3.6974988628078598,1
258.78000000000003,4.4612442092619045,1
258.79,2.478186819262896,1
258.8,2.8607553551312734,1
258.81,2.805407296187592,1
258.82,4.396072835969805,1
258.83,3.4825041062732347,1
258.84000000000003,3.2619336152854084,1
258.85,4.066824516648425,1
258.86,3.270375014054784,1
258.87,4.309387972622661,1
258.88,5.627928480873863,1
258.89,3.8803533281144005,1
258.9,2.730645876815165,1
258.91,3.6052655872133674,1
258.92,4.2486777296850065,1
258.93,4.206077570091303,1
258.94,4.484166352565978,1
258.95,3.5683439735236404,1
258.96,3.721121905929361,1
258.97,2.3322176708632343,1
258.98,4.255207788633954,1
258.99,3.143336579683017,1
259.0,4.079887629716546,1
259.01,3.4642290630837187,1
259.02,3.957031303225517,1
259.03000000000003,4.681177285582168,1
259.04,3.829414081039773,1
259.05,3.5852880822904707,1
259.06,4.048075813216164,1
259.07,3.6461777972426557,1
259.08,3.4108327168162194,1
259.09000000000003,5.197647149043713,1
259.1,2.866898403420831,1
259.11,4.331534625777461,1
259.12,3.886371418997794,1
259.13,3.3954568708114166,1
259.14,4.116929922921748,1
259.15,3.9539037544554088,1
259.16,4.78274784228425,1
259.17,3.2507107325284834,1
259.18,3.5770170198675104,1
259.19,4.6090779582321355,1
259.2,3.9050427966937185,1
259.21,4.373773150336484,1
259.22,4.856165240229989,1
259.23,4.478036193023669,1
259.24,3.704363242706623,1
259.25,3.829963227817068,1
259.26,4.854784724041582,1
259.27,4.212149462735836,1
259.28000000000003,3.9236862355321436,1
259.29,4.266218422411758,1
259.3,3.1812454764066436,1
259.31,3.772541272627678,1
259.32,3.8898567043205428,1
259.33,3.8699285880890137,1
259.34000000000003,3.6641822968161404,1
259.35,3.7040574244130635,1
259.36,3.8370132438909508,1
259.37,4.877534979949568,1
259.38,2.580080452654172,1
259.39,4.346418658580862,1
259.4,3.965972583069005,1
259.41,3.9825811301023504,1
259.42,3.7809432961477536,1
259.43,4.374344022649134,1
259.44,4.711183706506822,1
259.45,2.887798486903246,1
259.46,5.363160962312008,1
259.47,4.235456276204036,1
259.48,4.128434399686662,1
259.49,3.1249984147401513,1
259.5,3.5755333330378933,1
259.51,4.831612616197246,1
259.52,4.0489165789504185,1
259.53000000000003,4.210790817587774,1
259.54,3.6412117309240783,1
259.55,5.181728646726283,1
259.56,3.900179058107166,1
259.57,4.667362629424376,1
259.58,3.8987534238690738,1
259.59000000000003,4.197516890312218,1
259.6,4.24185160120231,1
259.61,4.6391187944588665,1
259.62,4.563222705340742,1
259.63,3.78810362664787,1
259.64,4.811505220517444,1
259.65,3.4816947206406335,1
259.66,3.2722677876034965,1
259.67,3.827411909657275,1
259.68,4.288034340572423,1
259.69,3.3759113204792595,1
259.7,3.9105730577913453,1
259.71,3.071437761209509,1
259.72,3.7238473808943335,1
259.73,4.552086693896482,1
259.74,3.4135757206039474,1
259.75,3.096727253565874,1
259.76,4.12018186995688,1
259.77,3.4360426039525276,1
259.78000000000003,5.4950397973779594,1
259.79,4.192369266577295,1
259.8,4.677833224096011,1
259.81,3.212392401481253,1
259.82,4.295037112311962,1
259.83,3.4268189910264844,1
259.84000000000003,3.9215998005166077,1
259.85,3.582635887852015,1
259.86,4.720833427883566,1
259.87,4.31177875662947,1
259.88,4.138025424193451,1
259.89,4.913277853571949,1
259.9,4.0636073340241845,1
259.91,4.647639865684751,1
259.92,5.161597837494606,1
259.93,4.098728464295171,1
259.94,4.102116199575319,1
259.95,4.550029513893353,1
259.96,4.893925925344845,1
259.97,4.076662073719792,1
259.98,3.5478744131055575,1
259.99,4.513226829024048,1
260.0,4.403195502344282,1
260.01,4.604929775338935,1
260.02,4.535199039982079,1
260.03000000000003,4.228168022584246,1
260.04,4.257566383129483,1
260.05,4.546525838202372,1
260.06,3.163580742748698,1
260.07,4.872706293326747,1
260.08,4.38746121826611,1
260.09000000000003,3.4961505350431326,1
260.1,4.088393057760681,1
260.11,4.836121641807,1
260.12,4.1929677508672425,1
260.13,3.4746986461924503,1
260.14,3.0693531338313296,1
260.15,5.468020315572075,1
260.16,2.888537711251609,1
260.17,4.091755179115637,1
260.18,3.5818088171645823,1
260.19,4.629373850353592,1
260.2,3.2500700723937235,1
260.21,5.023282960311208,1
260.22,4.025792820057837,1
260.23,3.920611957947984,1
260.24,3.8641827810353777,1
260.25,3.6827940072225225,1
260.26,3.813028230230462,1
260.27,4.515026835722038,1
260.28000000000003,2.956933307402122,1
260.29,3.473354543210121,1
260.3,4.937007672315999,1
260.31,3.9728247123908096,1
260.32,3.5814194430601125,1
260.33,3.0858674217141555,1
260.34000000000003,3.113670015002421,1
260.35,4.50866775549914,1
260.36,3.425497668560259,1
260.37,4.427378360625962,1
260.38,3.3463168913771164,1
260.39,3.8572913402160927,1
260.4,3.9480945428009107,1
260.41,3.5326133845099466,1
260.42,4.067428257204971,1
260.43,2.6930883710553384,1
260.44,3.936357194995236,1
260.45,4.360452697735492,1
260.46,3.5511767127995912,1
260.47,4.171428443925302,1
260.48,4.153005874145447,1
260.49,4.156725341043573,1
260.5,3.1353635757023546,1
260.51,3.9851501518532886,1
260.52,2.8361050598610715,1
260.53000000000003,3.459866542166705,1
260.54,3.8928863410225567,1
260.55,4.053317534624347,1
260.56,3.1472834633981916,1
260.57,3.7043028523354637,1
260.58,4.454643620958781,1
260.59000000000003,3.3697280345682574,1
260.6,2.566325131443637,1
260.61,4.282299668484252,1
260.62,3.4511459128804525,1
260.63,3.6143057380811077,1
260.64,4.133797915803966,1
260.65,4.133590431301868,1
260.66,4.742104664854383,1
260.67,3.947767557213576,1
260.68,4.0843240998885335,1
260.69,2.928551286500267,1
260.7,4.341833619378913,1
260.71,3.5471987724128846,1
260.72,6.023702340642313,1
260.73,3.9209291175243766,1
260.74,4.198414321937337,1
260.75,4.35023311408871,1
260.76,3.8921954887889463,1
260.77,4.216758083703577,1
260.78000000000003,5.433265775133275,1
260.79,3.575039295239519,1
260.8,2.5204880212141703,1
260.81,3.090594708761719,1
260.82,4.638027343984353,1
260.83,3.789355183624251,1
260.84000000000003,5.572574349930509,1
260.85,4.641561513365365,1
260.86,3.6860762821960984,1
260.87,3.536196420935563,1
260.88,3.725760103581083,1
260.89,2.665950916507239,1
260.9,4.098682302636328,1
260.91,4.431177482970451,1
260.92,3.3526997755656947,1
260.93,2.892553777487648,1
260.94,3.27055717954164,1
260.95,4.527828427511684,1
260.96,4.481538262111737,1
260.97,4.108452974187407,1
260.98,5.028660367874618,1
260.99,2.943890534690597,1
261.0,3.8029148725039463,1
261.01,4.376380742513813,1
261.02,4.580547426304286,1
261.03000000000003,4.618232286950323,1
261.04,4.578993898035573,1
261.05,4.966299626441102,1
261.06,4.6231306026955545,1
261.07,3.3485265905198975,1
261.08,3.708939722862038,1
261.09000000000003,2.904508896171974,1
261.1,4.579224987359897,1
261.11,4.785112587893518,1
261.12,3.2097555503246955,1
261.13,3.644149834873876,1
261.14,2.767477132790512,1
261.15,3.7720956443338003,1
261.16,3.3784621628528324,1
261.17,3.1449078142397235,1
261.18,3.889486130506561,1
261.19,5.192466993446518,1
261.2,4.588925511630912,1
261.21,3.8967238753033238,1
261.22,4.007828138053726,1
261.23,5.281080731615701,1
261.24,4.965707613228344,1
261.25,3.9318100274106715,1
261.26,4.392371271238074,1
261.27,3.4357834621056553,1
261.28000000000003,4.02535049435147,1
261.29,4.519264892117076,1
261.3,4.691705789641796,1
261.31,3.6014434420265986,1
261.32,4.580515750928193,1
261.33,4.069243532338181,1
261.34000000000003,3.7447471556374943,1
261.35,5.148046472460364,1
261.36,3.763800490368833,1
261.37,3.206792184451146,1
261.38,3.472973707773124,1
261.39,4.417309043381653,1
261.4,3.386318629338236,1
261.41,4.526015620296448,1
261.42,3.5233357510858148,1
261.43,3.984590695097394,1
261.44,5.505284031555191,1
261.45,3.59316027508447,1
261.46,2.7362031073397755,1
261.47,4.871594915269483,1
261.48,3.186870082862712,1
261.49,3.4459987648531154,1
261.5,4.438099564586081,1
261.51,4.448400781828373,1
261.52,2.4410649137638334,1
261.53000000000003,3.6219561828040416,1
261.54,4.458043663629544,1
261.55,5.268207204722341,1
261.56,3.201014515759833,1
261.57,4.5849437767215635,1
261.58,3.562437036344058,1
261.59000000000003,4.627682842529485,1
261.6,3.364139516067063,1
261.61,3.8373162792655973,1
261.62,4.287139059481394,1
261.63,4.698269573809123,1
261.64,4.484129927250871,1
261.65,3.8259858038127956,1
261.66,3.7349599079601585,1
261.67,5.198508650987926,1
261.68,4.2949037328855315,1
261.69,3.731092647706379,1
261.7,4.331487308667047,1
261.71,4.399278232082397,1
261.72,3.1002795765543016,1
261.73,4.199625599313215,1
261.74,2.9623722428258588,1
261.75,3.443908063180129,1
261.76,3.2554213809361205,1
261.77,3.8113563733990614,1
261.78000000000003,3.6619387248458226,1
261.79,3.8279490596990806,1
261.8,2.761744713162236,1
261.81,3.90103572600293,1
261.82,3.3250543195238715,1
261.83,5.503012431616855,1
261.84000000000003,3.903084052485175,1
261.85,3.9023444945584624,1
261.86,4.516391691872235,1
261.87,4.949211967349776,1
261.88,3.3360199737539866,1
261.89,4.35387036135609,1
261.9,4.646692905045889,1
261.91,4.133893352413526,1
261.92,4.069307722900248,1
261.93,3.610095529493797,1
261.94,3.6953652925859912,1
261.95,3.8363609514702164,1
261.96,3.642548483768158,1
261.97,4.494605601028071,1
261.98,3.420856962597511,1
261.99,4.4984090058613155,1
262.0,4.8929027020897955,1
262.01,4.318251005961263,1
262.02,2.9035636655372588,1
262.03000000000003,4.393324953632581,1
262.04,3.6781391631341247,1
262.05,3.713762986341425,1
262.06,4.288960667539309,1
262.07,4.794713708083506,1
262.08,3.0128734915954762,1
262.09000000000003,4.000027182704086,1
262.1,5.290821163910833,1
262.11,3.3396772617364854,1
262.12,3.7848104149252477,1
262.13,3.525515336675357,1
262.14,4.355667272314932,1
262.15,3.1345591546455984,1
262.16,2.8578144447240974,1
262.17,4.411161944687571,1
262.18,4.136378587253796,1
262.19,3.216645197986431,1
262.2,3.910055124920862,1
262.21,3.1876344351848984,1
262.22,4.595202020784613,1
262.23,4.278172639437791,1
262.24,3.625198645636275,1
262.25,3.6765259891505377,1
262.26,3.7539378812971584,1
262.27,3.3478953698530405,1
262.28000000000003,4.873434201542311,1
262.29,4.828986882475589,1
262.3,3.7879048801465274,1
262.31,3.7584905707994936,1
262.32,3.2113804240963466,1
262.33,3.786569321714557,1
262.34000000000003,4.232429728862983,1
262.35,4.704903101375226,1
262.36,3.389574362184372,1
262.37,2.8101095625527313,1
262.38,3.232000309131206,1
262.39,4.292908217152221,1
262.4,3.990827783446561,1
262.41,4.668057863499395,1
262.42,4.112606828328543,1
262.43,5.116973264989031,1
262.44,3.110398349173837,1
262.45,2.4062268653231174,1
262.46,4.853668056207968,1
262.47,3.595046851542052,1
262.48,4.108115246675337,1
262.49,4.115583074176326,1
262.5,4.217500325321309,1
262.51,3.680962958892163,1
262.52,3.3177197338461015,1
262.53000000000003,3.227655031450918,1
262.54,4.27313259788887,1
262.55,4.441523688927463,1
262.56,3.7929413753108805,1
262.57,3.540199540779752,1
262.58,4.2982425941106355,1
262.59000000000003,3.034675043980614,1
262.6,5.208584350160368,1
262.61,4.390750905041058,1
262.62,3.9655125600282477,1
262.63,4.598294779325669,1
262.64,4.5172917771972685,1
262.65,4.258982559647215,1
262.66,2.8603710595590406,1
262.67,4.258414869203636,1
262.68,5.003265277278661,1
262.69,3.721853885621718,1
262.7,4.603827174520915,1
262.71,4.562387034696219,1
262.72,4.179007495008138,1
262.73,4.0592483354811195,1
262.74,4.294597618946076,1
262.75,4.212044722098262,1
262.76,5.168283119457774,1
262.77,4.6371994699061005,1
262.78000000000003,4.453887414859771,1
262.79,4.691270956886352,1
262.8,4.50219926951997,1
262.81,2.704759077048645,1
262.82,3.8920717830653153,1
262.83,3.6534297699039264,1
262.84000000000003,4.264203137430665,1
262.85,3.7300769140243557,1
262.86,4.438623733149945,1
262.87,3.8132400202650154,1
262.88,5.133439963343122,1
262.89,5.160519617392156,1
262.9,3.129463016524685,1
262.91,4.132534786953019,1
262.92,3.6627317725118385,1
262.93,4.081377948571646,1
262.94,4.313342534225991,1
262.95,3.1136744850734006,1
262.96,3.243832581815236,1
262.97,3.3435103675757416,1
262.98,3.559695139448581,1
262.99,3.612827659472751,1
263.0,4.495217368324047,1
263.01,4.198793275790707,1
263.02,3.4922363714365576,1
263.03000000000003,3.8240515282843184,1
263.04,2.5241327711228907,1
263.05,5.297332220643213,1
263.06,4.160848178801432,1
263.07,4.7138368359810245,1
263.08,4.600602138606294,1
263.09000000000003,4.034534316597521,1
263.1,2.455136236169224,1
263.11,3.520585688721022,1
263.12,4.155131026691813,1
263.13,3.9866680303944624,1
263.14,4.602024068857418,1
263.15,3.9594139417491165,1
263.16,5.121465622568487,1
263.17,3.3196035598828693,1
263.18,4.251922466574631,1
263.19,3.325613278076916,1
263.2,4.554103363588566,1
263.21,3.5693332211660933,1
263.22,2.8799809681051807,1
263.23,3.030334086991512,1
263.24,3.7077307183718498,1
263.25,5.069187351769148,1
263.26,4.616471794250005,1
263.27,4.387096638197382,1
263.28000000000003,4.024148857199946,1
263.29,3.2925626881127763,1
263.3,3.3508392354134116,1
263.31,3.5783366924858293,1
263.32,3.5123791009335386,1
263.33,3.4827115496008356,1
263.34000000000003,3.2794568058422584,1
263.35,3.8852781590055065,1
263.36,3.434395436779434,1
263.37,4.640145244205892,1
263.38,4.722978580650909,1
263.39,4.41143802531314,1
263.4,4.341228684790273,1
263.41,3.0380819129227543,1
263.42,5.474178292280707,1
263.43,3.9676449597592383,1
263.44,4.585244297861813,1
263.45,4.651004613598882,1
263.46,3.4347795339950853,1
263.47,3.6188772337407995,1
263.48,4.278447758539263,1
263.49,3.0354694947262075,1
263.5,3.882655750165447,1
263.51,2.4142261116311334,1
263.52,3.8658894922710334,1
263.53000000000003,4.822324014960126,1
263.54,3.975577601877656,1
263.55,2.973697972437612,1
263.56,3.5084232874427466,1
263.57,4.3094543951402615,1
263.58,4.08364826086952,1
263.59000000000003,4.276345872803664,1
263.6,3.9062965214094874,1
263.61,3.5222526813908233,1
263.62,4.098251841301147,1
263.63,4.111878246346811,1
263.64,4.745373418725562,1
263.65,3.815290744933651,1
263.66,4.091827363615279,1
263.67,3.9714440486178226,1
263.68,5.516839724608917,1
263.69,3.6243441693217493,1
263.7,3.726421482098727,1
263.71,3.3376542310333845,1
263.72,4.760685596922598,1
263.73,4.87779821218409,1
263.74,3.8397368942074364,1
263.75,4.684196871102219,1
263.76,4.18264910424498,1
263.77,4.406293990038898,1
263.78000000000003,3.3357483199113505,1
263.79,4.042951423812416,1
263.8,5.218908686791232,1
263.81,5.056469885734611,1
263.82,4.631429544415334,1
263.83,4.716863131827881,1
263.84000000000003,5.69381933616326,1
263.85,4.686891975294991,1
263.86,3.683178834618663,1
263.87,4.828183656641518,1
263.88,4.0446181219124275,1
263.89,4.3417089376358975,1
263.9,4.0959015416320295,1
263.91,3.5211518680354796,1
263.92,4.1258937778932285,1
263.93,4.572989833511207,1
263.94,4.441504190624118,1
263.95,4.262448090884204,1
263.96,3.8142790029938727,1
263.97,2.8523144869649237,1
263.98,3.857248168202168,1
263.99,4.3291734944333795,1
264.0,2.6205336968578252,1
264.01,3.8984790876370656,1
264.02,3.977927658020113,1
264.03000000000003,3.4671133866417674,1
264.04,4.533608420985544,1
264.05,4.7200704222763905,1
264.06,5.291554785117451,1
264.07,4.119353838475021,1
264.08,4.888271036178787,1
264.09000000000003,3.5436403301436536,1
264.1,3.730296079007039,1
264.11,4.399963443249505,1
264.12,3.5528040442571527,1
264.13,3.8060436042488512,1
264.14,4.460889629721312,1
264.15,3.94829476063636,1
264.16,3.328925338770682,1
264.17,3.5170606510518407,1
264.18,3.7504964066627835,1
264.19,4.344348278812164,1
264.2,3.811324608890124,1
264.21,2.4244011319397445,1
264.22,4.461161090974281,1
264.23,4.508352422295971,1
264.24,3.411347875154806,1
264.25,3.3047954387557397,1
264.26,4.90620058520649,1
264.27,3.958422227957522,1
264.28000000000003,4.529586608183476,1
264.29,3.6034065653482856,1
264.3,4.399882884083792,1
264.31,3.4004978951570637,1
264.32,4.192481086371587,1
264.33,4.18121292600215,1
264.34000000000003,2.5991033292437886,1
264.35,3.9209513751083156,1
264.36,3.457714710239037,1
264.37,4.616480007249642,1
264.38,4.146451091156464,1
264.39,3.826431530167516,1
264.4,4.976545252167049,1
264.41,2.8484518752354635,1
264.42,5.226929747484188,1
264.43,5.352362415038719,1
264.44,3.900501330821802,1
264.45,4.645883075137066,1
264.46,4.424955961761848,1
264.47,2.4731908155656432,1
264.48,3.879171891065444,1
264.49,3.19385094653055,1
264.5,3.0701894944282704,1
264.51,3.7336197935576485,1
264.52,3.7751118078726167,1
264.53000000000003,4.7134637771273376,1
264.54,3.4823665240885067,1
264.55,3.637338793610565,1
264.56,4.794121868800489,1
264.57,3.8683000169357236,1
264.58,3.616016227815385,1
264.59000000000003,4.511013944696675,1
264.6,4.376433660991844,1
264.61,4.112144233078471,1
264.62,4.6518197506685945,1
264.63,3.2914835553891306,1
264.64,3.6521474441021846,1
264.65,5.351142649621808,1
264.66,2.1835094920211624,1
264.67,3.514622427416814,1
264.68,3.2461687555955616,1
264.69,4.022748853608817,1
264.7,4.392383576321443,1
264.71,4.7170506063765485,1
264.72,3.7312145553497142,1
264.73,3.323242518701772,1
264.74,2.9455674872005924,1
264.75,3.8923942183562095,1
264.76,5.302512081898671,1
264.77,3.636679629178739,1
264.78000000000003,3.8884879477760363,1
264.79,4.059774524291409,1
264.8,3.730714351973285,1
264.81,4.932008043810784,1
264.82,4.886103252955637,1
264.83,4.645981590365224,1
264.84000000000003,4.734182403602525,1
264.85,3.674885815639136,1
264.86,3.306987123142083,1
264.87,3.5790988107751542,1
264.88,4.199825726406969,1
264.89,3.8232965139050874,1
264.9,4.357157512573036,1
264.91,4.066923953568544,1
264.92,3.089486161732982,1
264.93,4.688521613509933,1
264.94,3.6373491255453474,1
264.95,4.412981580261038,1
264.96,3.4035428094940414,1
264.97,3.3324088756019252,1
264.98,3.314039999120636,1
264.99,3.0079202113309544,1
265.0,3.028493056620657,1
265.01,4.2133872745283,1
265.02,3.4565490172719513,1
265.03000000000003,4.253741544452529,1
265.04,4.153451871470706,1
265.05,4.655650141222615,1
265.06,3.4498043379088927,1
265.07,4.71545098011083,1
265.08,3.4983236578933474,1
265.09000000000003,2.212438089168506,1
265.1,4.014706214904855,1
265.11,3.4083180198829326,1
265.12,4.892084828739122,1
265.13,4.186915432421623,1
265.14,3.883741655503483,1
265.15,4.048373446631437,1
265.16,3.608909172721521,1
265.17,5.009187485616241,1
265.18,3.6617748512083335,1
265.19,4.258411619896097,1
265.2,3.4856209387465555,1
265.21,3.994934911485098,1
265.22,3.2426217648505578,1
265.23,4.164782405350955,1
265.24,4.124143662051003,1
265.25,4.438990620458193,1
265.26,4.4013609119184585,1
265.27,4.103127563132996,1
265.28000000000003,5.37260815220348,1
265.29,4.092390566539474,1
265.3,4.029474037388708,1
265.31,3.921749737145286,1
265.32,4.08121948714338,1
265.33,3.7573608559160903,1
265.34000000000003,3.6742987212750284,1
265.35,4.392982351708225,1
265.36,3.9208920326527927,1
265.37,4.618965709824403,1
265.38,2.7651907156105695,1
265.39,4.892059932009398,1
265.4,4.635870496731938,1
265.41,4.029499119506845,1
265.42,3.99700275085892,1
265.43,4.4774135085586275,1
265.44,3.434914719471914,1
265.45,4.06644677733289,1
265.46,4.175944365090483,1
265.47,2.7445052161551513,1
265.48,4.193582023519263,1
265.49,3.156137743417208,1
265.5,4.650544797670418,1
265.51,4.882483129202476,1
265.52,4.987499675746704,1
265.53000000000003,3.788144852238402,1
265.54,3.696804245008693,1
265.55,2.624104577523831,1
265.56,4.2874932120401725,1
265.57,2.9782333356758555,1
265.58,2.955313416303601,1
265.59000000000003,3.7183449615302466,1
265.6,3.2671550794188318,1
265.61,3.3567427889893935,1
265.62,4.037500878966303,1
265.63,4.636073572737076,1
265.64,4.460407551341085,1
265.65,4.2259758482777965,1
265.66,4.828992096389675,1
265.67,4.192699897430734,1
265.68,3.7129857233970927,1
265.69,3.5050353891707897,1
265.7,4.327198207772789,1
265.71,3.280521807581459,1
265.72,4.137610943834997,1
265.73,3.668420547335121,1
265.74,3.3641981938712306,1
265.75,3.3315064542479296,1
265.76,4.514949054013502,1
265.77,3.4143290930912995,1
265.78000000000003,3.7405551313333394,1
265.79,3.6584506960457848,1
265.8,4.66819922756569,1
265.81,5.062909817566626,1
265.82,4.699000796927153,1
265.83,3.860109878344027,1
265.84000000000003,4.285875702788843,1
265.85,3.5023518469451096,1
265.86,4.177954164859534,1
265.87,2.930782959699638,1
265.88,4.131646421913706,1
265.89,3.993995079889049,1
265.9,4.284129170968772,1
265.91,3.9843329022611256,1
265.92,4.495329269428292,1
265.93,3.4724425559410483,1
265.94,4.3869666424027844,1
265.95,4.2542355409790265,1
265.96,4.6508637360733145,1
265.97,4.729392659875658,1
265.98,3.382997862655946,1
265.99,4.276545648376345,1
266.0,3.2617464413335955,1
266.01,4.732852075777425,1
266.02,3.5359788022086134,1
266.03000000000003,3.7874885403909553,1
266.04,4.200605944265133,1
266.05,4.566617694073648,1
266.06,4.346193517576945,1
266.07,4.577694386493663,1
266.08,4.085898957736952,1
266.09000000000003,4.185432081032941,1
266.1,2.8632812221655075,1
266.11,4.572832520515127,1
266.12,3.799910221747995,1
266.13,3.646814496742756,1
266.14,5.163264818692337,1
266.15,2.2367928937078467,1
266.16,3.8847495301595747,1
266.17,2.479637673699064,1
266.18,4.08591735240668,1
266.19,3.5296449874852978,1
266.2,2.069409644656994,1
266.21,4.615544913810697,1
266.22,3.2456308212612535,1
266.23,4.6322067895190315,1
266.24,3.4777420622086876,1
266.25,3.7428609809074214,1
266.26,2.574194902041333,1
266.27,4.2501272649004145,1
266.28000000000003,3.685762107963262,1
266.29,3.7652113292860263,1
266.3,3.922773545835465,1
266.31,2.9013659323856618,1
266.32,4.336949526216358,1
266.33,3.5927017508598045,1
266.34000000000003,5.392551007128968,1
266.35,3.6969416197856053,1
266.36,3.657766010711205,1
266.37,3.039118908234752,1
266.38,2.852250873162854,1
266.39,4.478703721081373,1
266.4,4.7187064502066915,1
266.41,3.70099599023118,1
266.42,4.106317873424774,1
266.43,4.874037587839135,1
266.44,4.3124571386199575,1
266.45,4.408745134866702,1
266.46,4.152430307702037,1
266.47,3.645931594504953,1
266.48,4.2719883024610334,1
266.49,5.24812259995832,1
266.5,3.735740271983058,1
266.51,4.522260034679488,1
266.52,4.103472386078162,1
266.53000000000003,3.5616364821751416,1
266.54,4.482380751741078,1
266.55,4.458941969422472,1
266.56,4.332828424984332,1
266.57,5.094365850188634,1
266.58,5.213478558447391,1
266.59000000000003,4.08592413385412,1
266.6,3.9377898462396517,1
266.61,3.0948658121847084,1
266.62,4.986018127217385,1
266.63,4.073675149529091,1
266.64,3.681591773301543,1
266.65,3.450699614640146,1
266.66,3.428075282332511,1
266.67,5.166948432350516,1
266.68,4.695985448670689,1
266.69,3.098208589110665,1
266.7,3.0051934468516706,1
266.71,3.9946598976158896,1
266.72,3.2946303690130674,1
266.73,3.7322352872139195,1
266.74,4.919378449838118,1
266.75,4.673596674955237,1
266.76,2.858738669655517,1
266.77,3.215325827632395,1
266.78000000000003,4.069194286383789,1
266.79,4.715276994659374,1
266.8,3.5111503407857705,1
266.81,4.234500689039057,1
266.82,3.76444581720372,1
266.83,5.18455635868154,1
266.84000000000003,4.54711550159275,1
266.85,3.982867785906535,1
266.86,3.1004736114005267,1
266.87,3.3174823622882785,1
266.88,2.363748728632516,1
266.89,4.100366762506334,1
266.9,4.4366815664692085,1
266.91,4.466336982741217,1
266.92,3.5840647612621757,1
266.93,4.7436937069248515,1
266.94,4.9998797802173405,1
266.95,3.552850085816323,1
266.96,4.668485595460232,1
266.97,4.070697251909384,1
266.98,3.6193234782032215,1
266.99,4.7540951497815795,1
267.0,3.263906006230409,1
267.01,3.017082468774367,1
267.02,3.7294950373259206,1
267.03000000000003,3.8973896602510893,1
267.04,2.9998216525041106,1
267.05,4.333781364562949,1
267.06,3.5848922124573686,1
267.07,3.1857059476238945,1
267.08,4.415807706471365,1
267.09000000000003,3.768235048448873,1
267.1,4.670792003829315,1
267.11,4.31349455875015,1
267.12,3.844833131792187,1
267.13,4.641187406478491,1
267.14,4.239018148955593,1
267.15,3.926106958815435,1
267.16,4.256296663368082,1
267.17,4.308351874785569,1
267.18,3.2652887644524564,1
267.19,5.464078323845646,1
267.2,4.1332167948248895,1
267.21,4.089580561684002,1
267.22,2.910845132839678,1
267.23,4.079948300588548,1
267.24,4.188473764093596,1
267.25,3.340718864224429,1
267.26,3.357229214986793,1
267.27,3.43810130449197,1
267.28000000000003,3.817959057082473,1
267.29,4.149372214698329,1
267.3,3.8628015175765613,1
267.31,4.1634816792075915,1
267.32,4.402407457918485,1
267.33,4.3144859323010545,1
267.34000000000003,4.182907468661045,1
267.35,4.120901464645175,1
267.36,4.123604814174805,1
267.37,3.852035536356414,1
267.38,3.5198644425064707,1
267.39,3.888842846919292,1
267.4,4.4185983408257075,1
267.41,4.469943833406205,1
267.42,4.403256745600387,1
267.43,3.77777164109316,1
267.44,3.9184208645155825,1
267.45,3.9325705826864,1
267.46,3.6733596420701553,1
267.47,4.620576684466726,1
267.48,2.886144030783797,1
267.49,5.267005803211536,1
267.5,5.420133003202091,1
267.51,4.092932788580089,1
267.52,4.222942833585082,1
267.53000000000003,4.502437968290512,1
267.54,3.4661734604502903,1
267.55,4.260812504192363,1
267.56,4.800208095253674,1
267.57,2.818200763054258,1
267.58,2.9512030611756437,1
267.59000000000003,4.401922306476024,1
267.6,3.850362055819878,1
267.61,3.7648918368579727,1
267.62,3.819155706957946,1
267.63,3.319837507602879,1
267.64,3.76524307313174,1
267.65,3.2046651260915864,1
267.66,4.87270137206877,1
267.67,4.1989834061613,1
267.68,4.124213056093743,1
267.69,4.461890036352873,1
267.7,5.836601046619913,1
267.71,3.4025877699931195,1
267.72,2.723329450854796,1
267.73,3.8415894316965447,1
267.74,2.7330599692921447,1
267.75,3.628814760615975,1
267.76,4.473837686623014,1
267.77,4.959679770828722,1
267.78000000000003,2.9985285159316377,1
267.79,3.3059889929063258,1
267.8,4.195665555553711,1
267.81,4.525653425819183,1
267.82,4.60315262338285,1
267.83,5.055187171352444,1
267.84000000000003,4.608248333928441,1
267.85,4.034152437872737,1
267.86,4.762379138710734,1
267.87,4.151192176568154,1
267.88,4.230456110123865,1
267.89,3.715060964278182,1
267.9,4.0831277479798,1
267.91,2.922916187950119,1
267.92,4.561197709213497,1
267.93,3.3170232183489246,1
267.94,3.3106208659391605,1
267.95,2.3736759801556575,1
267.96,3.2974730617600647,1
267.97,3.275844782543986,1
267.98,4.054389980465843,1
267.99,3.141431012512497,1
268.0,3.6618504459998444,1
268.01,3.5631719607410255,1
268.02,2.877305679195587,1
268.03000000000003,4.149034063986027,1
268.04,3.9388941194827907,1
268.05,4.09768061767998,1
268.06,4.615798381458491,1
268.07,4.101992498605753,1
268.08,3.833221997806341,1
268.09000000000003,4.610512825980204,1
268.1,3.8238313235010613,1
268.11,3.63731257666665,1
268.12,4.367130246062619,1
268.13,3.454026414308212,1
268.14,4.652375357577999,1
268.15,4.06777927261599,1
268.16,4.950787495509495,1
268.17,3.9580249555942655,1
268.18,4.569601090997663,1
268.19,2.948743449707684,1
268.2,4.77026750960368,1
268.21,4.518169020828784,1
268.22,3.657833840489457,1
268.23,4.602561087209632,1
268.24,3.286179052005974,1
268.25,3.709922643956173,1
268.26,3.501668597810077,1
268.27,4.627176625007064,1
268.28000000000003,4.890722099896187,1
268.29,3.7840512390766925,1
268.3,3.160626178546281,1
268.31,3.291091833228598,1
268.32,3.97166535456856,1
268.33,3.955398642325991,1
268.34000000000003,3.704462347558288,1
268.35,3.368497615035023,1
268.36,4.947394576545007,1
268.37,3.5944128681004592,1
268.38,3.3921478396918743,1
268.39,4.686048082925483,1
268.4,3.85936014412688,1
268.41,4.348430193544449,1
268.42,3.4986121199112707,1
268.43,4.360178124594355,1
268.44,4.570827036858819,1
268.45,3.3853997825090794,1
268.46,3.6878859761471317,1
268.47,3.4543465595494736,1
268.48,3.6678018446624745,1
268.49,5.040794626214568,1
268.5,4.227644547866292,1
268.51,5.252875555500317,1
268.52,4.991700425374334,1
268.53000000000003,4.731356289198908,1
268.54,4.915324299327627,1
268.55,4.73208071520967,1
268.56,5.078581629048084,1
268.57,4.357950111553682,1
268.58,4.423643326800423,1
268.59000000000003,4.430402075990194,1
268.6,3.7421701831704026,1
268.61,4.558277018188089,1
268.62,4.8951355677787936,1
268.63,3.7260432645782053,1
268.64,3.499561154361952,1
268.65,3.687893265062808,1
268.66,4.932849557065983,1
268.67,3.9622773413578223,1
268.68,3.324481960232704,1
268.69,3.307537413991794,1
268.7,3.3705385824552994,1
268.71,3.4749787812340895,1
268.72,3.0152797735343357,1
268.73,4.271956627001041,1
268.74,3.8212700579240737,1
268.75,4.260608838392155,1
268.76,2.453718131612291,1
268.77,4.542886958972012,1
268.78000000000003,3.9361558809587662,1
268.79,4.298693143810267,1
268.8,5.006485014101724,1
268.81,4.323781582776071,1
268.82,5.4350356067483006,1
268.83,2.928382618832523,1
268.84000000000003,3.801859919944677,1
268.85,2.893404817334428,1
268.86,4.20888020072567,1
268.87,4.122325871527636,1
268.88,3.34184013255716,1
268.89,5.392645926113756,1
268.9,3.848866168243119,1
268.91,2.53477386586118,1
268.92,4.307870660851293,1
268.93,4.407947728063141,1
268.94,3.6411665972872607,1
268.95,4.414548305155874,1
268.96,3.3370421063351214,1
268.97,3.62941030229287,1
268.98,4.190072431177161,1
268.99,4.589240385012275,1
269.0,3.891362750966856,1
269.01,3.705200332497234,1
269.02,4.001109159501497,1
269.03000000000003,2.7342097696404246,1
269.04,3.8148668206734815,1
269.05,2.7792782272886853,1
269.06,3.451975366105887,1
269.07,3.104383524342758,1
269.08,4.332150815320139,1
269.09000000000003,3.5675820969332874,1
269.1,4.775758577139399,1
269.11,2.8232864500395727,1
269.12,3.7258672851879395,1
269.13,3.976509401614499,1
269.14,4.244362537510002,1
269.15,5.336539182040643,1
269.16,2.7328396094346377,1
269.17,3.3722783616543865,1
269.18,5.214899839218756,1
269.19,3.453371580543658,1
269.2,4.255309431646639,1
269.21,3.430293070861164,1
269.22,3.106902523818849,1
269.23,3.4791702260370063,1
269.24,5.324091057124831,1
269.25,3.397986307826778,1
269.26,3.841672750695558,1
269.27,3.8854426917914533,1
269.28000000000003,4.630815287609801,1
269.29,4.792203231596482,1
269.3,4.115962522414489,1
269.31,1.91264736010349,1
269.32,3.252259961903768,1
269.33,3.115925994554885,1
269.34000000000003,4.62654069135926,1
269.35,3.3645504177812033,1
269.36,4.982887144226475,1
269.37,4.263661756529732,1
269.38,4.708969842075234,1
269.39,5.4842477951996615,1
269.4,3.4781558664225734,1
269.41,2.942343757279863,1
269.42,4.103410533785408,1
269.43,4.687136982714921,1
269.44,3.6820339102936614,1
269.45,4.079965487706265,1
269.46,4.865732067308801,1
269.47,4.837529836804647,1
269.48,3.715919400240513,1
269.49,4.180910429403964,1
269.5,3.4022514433058966,1
269.51,2.9986366582280244,1
269.52,4.77563343273656,1
269.53000000000003,2.6005534346835724,1
269.54,3.9677533049391682,1
269.55,3.682372576208888,1
269.56,4.2657092881618395,1
269.57,3.511340380579494,1
269.58,4.668254832797757,1
269.59000000000003,3.8740102902052316,1
269.6,4.935662386791033,1
269.61,4.222861288210972,1
269.62,3.3777591867244707,1
269.63,4.376597111831776,1
269.64,4.365742925903436,1
269.65,4.027947915623432,1
269.66,3.587404641470918,1
269.67,4.593806527661775,1
269.68,3.4525042277884688,1
269.69,3.4310466280355456,1
269.7,4.306619068849616,1
269.71,3.8568902133847955,1
269.72,2.671075539178343,1
269.73,3.2342637499133464,1
269.74,4.145180229168367,1
269.75,3.7582540503003945,1
269.76,3.8486152651661563,1
269.77,4.10078256419654,1
269.78000000000003,4.258968433314738,1
269.79,4.06897410821229,1
269.8,1.8463220092367765,1
269.81,3.8596704822333603,1
269.82,3.7021031825926047,1
269.83,4.063900725725053,1
269.84000000000003,4.768785408554445,1
269.85,3.4257178557968664,1
269.86,4.08241682749122,1
269.87,4.3746209713119955,1
269.88,3.864785020992119,1
269.89,3.1644215189415497,1
269.9,3.1672592900813528,1
269.91,3.9028978536121293,1
269.92,3.546128471107351,1
269.93,2.6600421837030144,1
269.94,3.32955646185711,1
269.95,3.0404900960900267,1
269.96,4.35672605041913,1
269.97,2.998208291466469,1
269.98,4.818349349111507,1
269.99,5.428487852553334,1
270.0,3.6066784989171845,1
270.01,3.6028885144111027,1
270.02,4.634052792539587,1
270.03000000000003,4.803279311784415,1
270.04,3.800900749728187,1
270.05,3.778169116669863,1
270.06,3.7779424449551,1
270.07,3.494231471092899,1
270.08,4.604200112178362,1
270.09000000000003,4.158995904220338,1
270.1,3.537433999781472,1
270.11,3.989448477686604,1
270.12,3.708360399163073,1
270.13,5.5449388839107625,1
270.14,3.859065638019564,1
270.15,4.396369544609861,1
270.16,4.234545584035352,1
270.17,3.85617237057545,1
270.18,4.233885125940676,1
270.19,4.128705292933803,1
270.2,5.622695472737526,1
270.21,4.0590873795094815,1
270.22,2.357717505347531,1
270.23,5.383676068890074,1
270.24,3.8245518154373066,1
270.25,4.121009719439275,1
270.26,3.7257269964561317,1
270.27,3.6551057488751915,1
270.28000000000003,3.296625680684803,1
270.29,2.680426414697395,1
270.3,3.453813759419192,1
270.31,4.276166683301074,1
270.32,2.9027872873004705,1
270.33,4.200148742433771,1
270.34000000000003,5.444926905402126,1
270.35,4.197342040673077,1
270.36,3.039024298108443,1
270.37,4.14334734491333,1
270.38,4.586787313818228,1
270.39,4.859529309644651,1
270.4,4.174839721899671,1
270.41,4.427389362047518,1
270.42,4.622823192365051,1
270.43,4.490037918537085,1
270.44,4.308157933890045,1
270.45,3.679419307456776,1
270.46,4.671305964218856,1
270.47,3.7527764127664742,1
270.48,5.716870862535078,1
270.49,3.7097768888537774,1
270.5,4.501841446162194,1
270.51,3.1765028559181947,1
270.52,3.5957318989801563,1
270.53000000000003,3.5315415202597014,1
270.54,3.0125699366158427,1
270.55,3.4926260805366103,1
270.56,4.132095308960338,1
270.57,3.787245602041725,1
270.58,4.718126957724755,1
270.59000000000003,3.4168597528740783,1
270.6,4.4189385758257576,1
270.61,3.6653779334263725,1
270.62,4.758105046576114,1
270.63,4.615658606214058,1
270.64,4.766406904298595,1
270.65,4.016719276492111,1
270.66,4.934812942016219,1
270.67,3.0392103904235848,1
270.68,4.275055559096266,1
270.69,4.128087421030092,1
270.7,4.547316978005932,1
270.71,3.9589773234728183,1
270.72,3.3135190526675338,1
270.73,3.188489424543216,1
270.74,3.8714457355276934,1
270.75,3.748080751559934,1
270.76,4.469597887363431,1
270.77,4.586900058529075,1
270.78000000000003,4.023106057711378,1
270.79,3.996140209554228,1
270.8,4.69200301802566,1
270.81,3.9073173803184864,1
270.82,3.907519216320542,1
270.83,3.1981184806362046,1
270.84000000000003,4.594127842349832,1
270.85,4.052809100114146,1
270.86,4.8120770447698895,1
270.87,3.325735803683591,1
270.88,3.683840177723364,1
270.89,4.61677131422526,1
270.9,4.247164613594606,1
270.91,3.2224596874554243,1
270.92,4.50639115889029,1
270.93,3.1218950743018103,1
270.94,4.412317079740885,1
270.95,3.313678522068333,1
270.96,4.673576575592339,1
270.97,4.053504881934568,1
270.98,4.183301112707701,1
270.99,3.9365153251082945,1
271.0,4.05456062554333,1
271.01,4.081822193422019,1
271.02,4.50830223248917,1
271.03000000000003,4.051542485266992,1
271.04,5.02408181731873,1
271.05,3.659252145895415,1
271.06,4.6092602565403995,1
271.07,4.462765171788142,1
271.08,4.871171334725854,1
271.09000000000003,4.152627681197916,1
271.1,4.2214143438607135,1
271.11,4.194952900138543,1
271.12,3.1772324932531464,1
271.13,4.144260199188637,1
271.14,6.05806451121593,1
271.15,5.0921256083276925,1
271.16,3.4882318289314727,1
271.17,2.7409079462205947,1
271.18,3.915173526037717,1
271.19,4.675904882891526,1
271.2,4.016961628633843,1
271.21,5.2515044820766255,1
271.22,3.6143821619743774,1
271.23,4.184731672479276,1
271.24,4.012806234107541,1
271.25,4.550765875910052,1
271.26,4.623341609882274,1
271.27,4.868777501760231,1
271.28000000000003,4.014854118349042,1
271.29,4.838883280521845,1
271.3,4.27268420460752,1
271.31,4.873865218188641,1
271.32,4.9799060378461375,1
271.33,4.008771927262601,1
271.34000000000003,3.491078383825316,1
271.35,4.026184245865503,1
271.36,4.573045026760207,1
271.37,2.997710114240333,1
271.38,3.575660043508984,1
271.39,4.395527460088553,1
271.4,2.34610893593849,1
271.41,3.254493776271602,1
271.42,3.603059548691862,1
271.43,3.983914164534926,1
271.44,3.8624363712633345,1
271.45,3.8706524944258027,1
271.46,3.199867722908305,1
271.47,5.160422876683074,1
271.48,3.7183586505228026,1
271.49,2.7702643169146173,1
271.5,4.661317168078528,1
271.51,3.512059029984994,1
271.52,3.1387416806804946,1
271.53000000000003,4.326335242471759,1
271.54,3.6107322423092367,1
271.55,4.010527921055739,1
271.56,3.51827682504276,1
271.57,3.610576206894253,1
271.58,3.289483453112363,1
271.59000000000003,3.147780148419402,1
271.6,6.202791875377467,1
271.61,3.6196672011339475,1
271.62,3.0735979550101566,1
271.63,4.739790278774769,1
271.64,4.289512371092526,1
271.65,4.104103439790548,1
271.66,3.7609572687424677,1
271.67,3.782049090978437,1
271.68,3.8371117293554646,1
271.69,4.749544485699515,1
271.7,3.8823431519372766,1
271.71,4.710461505727223,1
271.72,3.962268151774307,1
271.73,3.8027318276303017,1
271.74,3.2532887695177504,1
271.75,5.271323036307396,1
271.76,4.014713030974943,1
271.77,3.939933599131585,1
271.78000000000003,5.159344349769013,1
271.79,4.317901899977523,1
271.8,4.362634320533677,1
271.81,4.085234298152359,1
271.82,3.548396280352225,1
271.83,4.82427272343983,1
271.84000000000003,3.2026864322936297,1
271.85,3.3938585783930613,1
271.86,3.5307455643227237,1
271.87,4.195024836887419,1
271.88,4.044565169187222,1
271.89,2.8160065893427983,1
271.9,5.431072338797648,1
271.91,4.554145193605405,1
271.92,3.6691476302047734,1
271.93,4.199408878980724,1
271.94,4.2297817281599315,1
271.95,3.7241486116337157,1
271.96,4.167713407196033,1
271.97,4.213075174645769,1
271.98,4.677789564868518,1
271.99,4.063575999956372,1
272.0,4.213984891940509,1
272.01,3.9020414362307063,1
272.02,3.758446035517134,1
272.03000000000003,3.5481254506638784,1
272.04,3.523402764818185,1
272.05,3.745233321121699,1
272.06,3.9029629221587068,1
272.07,4.706985858709084,1
272.08,3.839464709250762,1
272.09000000000003,3.7964603658244633,1
272.1,3.7966029509450525,1
272.11,3.931994759991583,1
272.12,5.052209308434991,1
272.13,3.7552331939821446,1
272.14,4.277178187882999,1
272.15,4.168091687540665,1
272.16,3.9790764519883983,1
272.17,3.3169377218360703,1
272.18,4.255645914886191,1
272.19,2.7440297258982955,1
272.2,3.2639597975686963,1
272.21,3.6291525573459307,1
272.22,3.8776074883805083,1
272.23,4.109104223687082,1
272.24,4.981416571883016,1
272.25,4.543191628271595,1
272.26,4.213443372130496,1
272.27,3.8550052223998437,1
272.28000000000003,3.823325903567246,1
272.29,3.2752001181135886,1
272.3,2.5876322039787767,1
272.31,3.0630982949643246,1
272.32,4.657923807621172,1
272.33,3.5157952105226324,1
272.34000000000003,3.5583065642578107,1
272.35,4.560548613465903,1
272.36,2.2481946126904577,1
272.37,3.4545139009578065,1
272.38,3.2117671969354364,1
272.39,4.121288128546529,1
272.4,4.370093264580986,1
272.41,4.418809898280069,1
272.42,5.049243796019522,1
272.43,4.484302887058775,1
272.44,4.262778745817216,1
272.45,5.670053579949437,1
272.46,2.790814119685908,1
272.47,5.415488726407827,1
272.48,5.258286489358522,1
272.49,4.001080869543151,1
272.5,3.539831967269933,1
272.51,3.5205486348160746,1
272.52,3.7384869572023955,1
272.53000000000003,4.69863996459794,1
272.54,2.3692022922718996,1
272.55,5.130691675681402,1
272.56,3.995952076925742,1
272.57,4.703139231514414,1
272.58,3.2012481073648344,1
272.59000000000003,4.3996945602749005,1
272.6,4.2763900125329055,1
272.61,4.407255836311693,1
272.62,3.6211144755032625,1
272.63,3.7908883026584355,1
272.64,3.258310546518544,1
272.65,4.526699297932992,1
272.66,4.973972350773068,1
272.67,4.301767971300546,1
272.68,2.3228010928055602,1
272.69,4.801542129822108,1
272.7,4.123906547537938,1
272.71,2.26046517480079,1
272.72,2.7449548567759336,1
272.73,3.1791477656677216,1
272.74,3.8782819635966037,1
272.75,3.25448337059145,1
272.76,3.306559690802117,1
272.77,4.4912206364426055,1
272.78000000000003,4.756743355447167,1
272.79,4.639556561586513,1
272.8,2.9783732407459476,1
272.81,4.575270310221058,1
272.82,3.7693308845461524,1
272.83,5.321421045273923,1
272.84000000000003,4.320361784640638,1
272.85,4.88388853139469,1
272.86,4.485162135057775,1
272.87,4.370102998882714,1
272.88,3.8265171998949166,1
272.89,4.794925345418032,1
272.9,4.650268767045004,1
272.91,3.799487352104182,1
272.92,3.6567131892436375,1
272.93,3.4552456578675184,1
272.94,4.425564854286181,1
272.95,4.103446363192139,1
272.96,4.121566127599129,1
272.97,3.713234674568725,1
272.98,4.885515140851993,1
272.99,3.0651849307532553,1
273.0,4.452868002314645,1
273.01,4.688994621589111,1
273.02,3.8809240378900562,1
273.03000000000003,3.11404773642162,1
273.04,4.267229528858165,1
273.05,4.867785714610244,1
273.06,5.273061575044108,1
273.07,4.562891475847167,1
273.08,3.678707536038606,1
273.09000000000003,4.452459090759388,1
273.1,4.350422820291029,1
273.11,4.205133435127362,1
273.12,3.3927909570094066,1
273.13,4.289969647915555,1
273.14,4.250084096470121,1
273.15000000000003,5.514708934712658,1
273.16,4.076372698514947,1
273.17,5.044431622015547,1
273.18,4.922246015704832,1
273.19,4.065838622381356,1
273.2,4.80816187890285,1
273.21,3.564927282987236,1
273.22,3.8947469727481705,1
273.23,3.707955960374014,1
273.24,3.9524664086631343,1
273.25,2.772143330880331,1
273.26,5.165102500347755,1
273.27,3.9324898415594283,1
273.28000000000003,4.549684880075017,1
273.29,4.214056242616905,1
273.3,3.8351203619661156,1
273.31,3.1367373441646786,1
273.32,3.3095985545599604,1
273.33,3.7437656256293006,1
273.34000000000003,3.6044636937167627,1
273.35,3.269013084761105,1
273.36,3.4390506062223047,1
273.37,4.205399455970525,1
273.38,4.538134793926376,1
273.39,3.2535468687029203,1
273.40000000000003,3.385665863249708,1
273.41,4.1273747566344285,1
273.42,3.9471255181629945,1
273.43,3.821095677098147,1
273.44,4.659945987691457,1
273.45,4.234943825061582,1
273.46,3.032231865278052,1
273.47,3.4833568006130173,1
273.48,2.9343818883248938,1
273.49,3.841702273982135,1
273.5,3.127298313166568,1
273.51,2.780259728194155,1
273.52,2.547773024908239,1
273.53000000000003,5.138504035659551,1
273.54,3.1102196847020607,1
273.55,3.666370462212966,1
273.56,3.94728945746444,1
273.57,4.013920349161593,1
273.58,4.360548490775462,1
273.59000000000003,3.9666375385084383,1
273.6,3.705172859529565,1
273.61,4.149607390076014,1
273.62,4.190400726629255,1
273.63,4.106225325045893,1
273.64,4.494403345474751,1
273.65000000000003,3.699102745752859,1
273.66,3.9229479461288776,1
273.67,3.1953033322552025,1
273.68,3.8359378037437972,1
273.69,3.5980068425683553,1
273.7,4.659144612445042,1
273.71,3.06594327492959,1
273.72,3.59007619969822,1
273.73,3.573405972050816,1
273.74,4.337442068869962,1
273.75,3.1166609221437613,1
273.76,3.8781294149594947,1
273.77,3.983564071309405,1
273.78000000000003,4.55518369297894,1
273.79,3.4567308979083817,1
273.8,3.12060695525111,1
273.81,4.280182894409918,1
273.82,3.1573542093967046,1
273.83,3.6721729956055325,1
273.84000000000003,3.8977085389466266,1
273.85,4.468810203544211,1
273.86,3.0990767487401203,1
273.87,3.8139745759929857,1
273.88,4.048875341719851,1
273.89,3.466170255009004,1
273.90000000000003,3.7344536643778756,1
273.91,4.536186586165148,1
273.92,3.6576263755480483,1
273.93,3.681416618414256,1
273.94,4.4832926832290605,1
273.95,3.8120460684558872,1
273.96,4.785792315723411,1
273.97,2.9239582213877293,1
273.98,3.7149172925483462,1
273.99,4.4646750672163735,1
274.0,3.562634325620379,1
274.01,3.846408483708953,1
274.02,4.855995153943257,1
274.03000000000003,3.6106203640050167,1
274.04,4.36196149581886,1
274.05,4.58160221248003,1
274.06,4.155904144238635,1
274.07,4.0954719244854445,1
274.08,3.3838728046876723,1
274.09000000000003,4.459250562277267,1
274.1,3.212222978244582,1
274.11,4.181858829242556,1
274.12,3.629018066805282,1
274.13,3.6597202316120567,1
274.14,3.7767923387033764,1
274.15000000000003,4.235260743584207,1
274.16,4.956264584051382,1
274.17,4.069456681422565,1
274.18,3.4938518046088616,1
274.19,3.013706651435738,1
274.2,4.694911928295447,1
274.21,4.180203688132994,1
274.22,3.906074220396982,1
274.23,4.094230902821023,1
274.24,4.5752884936240585,1
274.25,3.8438860161397153,1
274.26,3.6297892060975894,1
274.27,3.1880192735894934,1
274.28000000000003,3.294191694367334,1
274.29,3.755862926706407,1
274.3,4.68114850005697,1
274.31,3.6862287742952002,1
274.32,4.104713355632504,1
274.33,4.674003238960488,1
274.34000000000003,4.215938278480689,1
274.35,5.218117759381268,1
274.36,4.04576104835921,1
274.37,3.840735598699965,1
274.38,3.6996560043601803,1
274.39,5.25275758574945,1
274.40000000000003,4.867862872618196,1
274.41,3.1299123367277275,1
274.42,5.362420691318009,1
274.43,4.466749360915681,1
274.44,4.18393475635124,1
274.45,4.4227433522645505,1
274.46,3.4745598145761623,1
274.47,4.156380541612892,1
274.48,3.8522301305134055,1
274.49,3.77923236445087,1
274.5,4.607410858881772,1
274.51,3.840128575374497,1
274.52,4.00951741885855,1
274.53000000000003,4.151317974776422,1
274.54,4.5491171118779175,1
274.55,4.780243264444268,1
274.56,3.9851477715607784,1
274.57,3.6935172480408,1
274.58,5.173709079832699,1
274.59000000000003,2.374335588489969,1
274.6,4.466730561960415,1
274.61,3.959259528410412,1
274.62,4.413255339813385,1
274.63,4.113189421415396,1
274.64,4.910456599220964,1
274.65000000000003,4.402002267617901,1
274.66,3.1734521490153025,1
274.67,3.059401788827238,1
274.68,3.8471758548548354,1
274.69,4.406979523314173,1
274.7,4.871089828655456,1
274.71,3.593211330858995,1
274.72,2.4952436155311664,1
274.73,4.127512447198974,1
274.74,3.962935444201191,1
274.75,4.015272597538294,1
274.76,3.2151365571512085,1
274.77,4.666670776826872,1
274.78000000000003,3.4672136434626086,1
274.79,4.14600680864888,1
274.8,4.189120888020782,1
274.81,4.39284842774596,1
274.82,3.5859889114030015,1
274.83,3.4379542269526393,1
274.84000000000003,4.591967825168596,1
274.85,4.4695184549775195,1
274.86,4.3168572173577715,1
274.87,4.809591199818263,1
274.88,4.313418198349859,1
274.89,3.8006112029936263,1
274.90000000000003,4.3226398996974265,1
274.91,4.286914470635955,1
274.92,4.28022919265144,1
274.93,3.3819562089876256,1
274.94,3.255469395402685,1
274.95,4.450966343729281,1
274.96,3.8594867534909034,1
274.97,2.6706100889745428,1
274.98,2.987319433850342,1
274.99,3.061841542338869,1
275.0,4.637704965140477,1
275.01,4.031595221116066,1
275.02,4.070374791219495,1
275.03000000000003,3.8369238418129665,1
275.04,3.3754555093104486,1
275.05,4.530940895906792,1
275.06,4.526389875345528,1
275.07,3.6346350086063532,1
275.08,4.930912494470592,1
275.09000000000003,4.561086231357072,1
275.1,3.478189032004478,1
275.11,3.757555825536374,1
275.12,3.7011707573525525,1
275.13,4.12286012620054,1
275.14,3.008231526640583,1
275.15000000000003,3.407604719647602,1
275.16,4.408599856749788,1
275.17,2.934759371111652,1
275.18,3.764642445979207,1
275.19,3.1683400021545265,1
275.2,4.544096248217611,1
275.21,4.280114965251276,1
275.22,3.1100585435683215,1
275.23,3.332149860962895,1
275.24,4.041158440689529,1
275.25,2.581044462765221,1
275.26,3.272349914412902,1
275.27,3.481880278128358,1
275.28000000000003,4.845692685653443,1
275.29,3.6984823658207273,1
275.3,4.408249850205435,1
275.31,3.692917217047838,1
275.32,4.419116024728814,1
275.33,2.9561265681626323,1
275.34000000000003,3.395885756856315,1
275.35,3.817389698816889,1
275.36,4.033144642239185,1
275.37,4.151914632228178,1
275.38,4.0910085221034755,1
275.39,4.31183734879853,1
275.40000000000003,4.012667201529842,1
275.41,4.138407656583115,1
275.42,3.396448521374264,1
275.43,2.975840573838599,1
275.44,3.285452951737097,1
275.45,2.9379827241605803,1
275.46,4.153185199756791,1
275.47,4.678657628549024,1
275.48,3.4688569167654717,1
275.49,4.644379322287395,1
275.5,4.3303155838489955,1
275.51,3.6358093420617883,1
275.52,3.705915115786646,1
275.53000000000003,4.644210907795759,1
275.54,2.458746500514697,1
275.55,4.553211019028062,1
275.56,4.543272212659138,1
275.57,3.590132603887079,1
275.58,3.872021618678382,1
275.59000000000003,5.0259244831948084,1
275.6,3.2131479017734628,1
275.61,3.859397112435793,1
275.62,4.457047104797926,1
275.63,4.225386344230953,1
275.64,4.119499554442305,1
275.65000000000003,5.261376698119779,1
275.66,3.427946459159407,1
275.67,3.335896425686648,1
275.68,2.372761957117712,1
275.69,3.2243965162059736,1
275.7,3.520457427313529,1
275.71,4.15404153256675,1
275.72,4.5864173033573215,1
275.73,3.3478648440368413,1
275.74,3.7960996420691973,1
275.75,4.818048368576896,1
275.76,3.8561451681760155,1
275.77,4.267760640780605,1
275.78000000000003,4.70018189388849,1
275.79,3.416774136737872,1
275.8,3.231144119904995,1
275.81,5.030363617852051,1
275.82,4.483171801536255,1
275.83,3.229910974624002,1
275.84000000000003,3.3404038315175746,1
275.85,3.9058527958266427,1
275.86,4.969874083997669,1
275.87,4.755325803838265,1
275.88,4.780801412154841,1
275.89,3.7855829058916197,1
275.90000000000003,3.9806820196343704,1
275.91,3.4561265382364774,1
275.92,3.652138107111402,1
275.93,3.188716810159012,1
275.94,3.313403960720472,1
275.95,3.412221300048152,1
275.96,3.7993035416750085,1
275.97,4.200763341811781,1
275.98,5.050042072788431,1
275.99,3.8039548128801615,1
276.0,4.371188686088109,1
276.01,3.9307096014150846,1
276.02,4.666123292515365,1
276.03000000000003,3.2873889681934587,1
276.04,3.681949307573998,1
276.05,4.486426007885661,1
276.06,4.477810390455664,1
276.07,4.478087764770248,1
276.08,4.986181872542727,1
276.09000000000003,2.956184926018662,1
276.1,3.121967544258406,1
276.11,4.286755420747116,1
276.12,4.499431150072878,1
276.13,4.393109092059305,1
276.14,5.70886384391142,1
276.15000000000003,3.4328513480839753,1
276.16,4.134238863681575,1
276.17,3.9019025800928393,1
276.18,4.354144947596613,1
276.19,4.243193959969262,1
276.2,3.6802393004287066,1
276.21,4.257152627855583,1
276.22,4.115125784977116,1
276.23,4.151984576879164,1
276.24,4.816950509534177,1
276.25,5.733990045577467,1
276.26,2.9336014660781635,1
276.27,4.832409981905124,1
276.28000000000003,4.509939858794858,1
276.29,3.5712767318262792,1
276.3,3.7375411355523123,1
276.31,4.531839008067405,1
276.32,4.019159813525985,1
276.33,3.907459351252837,1
276.34000000000003,3.476724913750027,1
276.35,3.400646280769607,1
276.36,3.2661830045275795,1
276.37,3.564968090696866,1
276.38,3.8473731347203106,1
276.39,4.1989245560575466,1
276.40000000000003,3.479406594311723,1
276.41,4.483687128426658,1
276.42,3.4854773724000925,1
276.43,4.529910073635409,1
276.44,3.54210310410969,1
276.45,5.356704140545018,1
276.46,4.573335689442268,1
276.47,4.6402389600002705,1
276.48,3.969954020361563,1
276.49,4.414010687469488,1
276.5,3.2109208557952145,1
276.51,3.2946424207241707,1
276.52,3.7127213974268467,1
276.53000000000003,4.905717289148895,1
276.54,4.63523401635552,1
276.55,2.511547873201102,1
276.56,3.199620455748926,1
276.57,3.835508861274143,1
276.58,4.762133910468299,1
276.59000000000003,4.182264953292699,1
276.6,2.3660928151858647,1
276.61,3.1658346827289985,1
276.62,4.462691179141283,1
276.63,4.222085716507944,1
276.64,4.173066286356352,1
276.65000000000003,4.8073011277102005,1
276.66,3.8951171598892973,1
276.67,4.507265877252694,1
276.68,5.138851763982286,1
276.69,4.2358539098405386,1
276.7,3.4323698534456453,1
276.71,3.6644901864822517,1
276.72,3.3482848956009903,1
276.73,2.444962273072171,1
276.74,3.32156552996309,1
276.75,4.296192097601376,1
276.76,3.9525840958460887,1
276.77,4.8186743267236,1
276.78000000000003,4.09936275391918,1
276.79,4.557376394542708,1
276.8,2.8932017042712848,1
276.81,3.6737187156840707,1
276.82,3.8514587041926043,1
276.83,3.5174144091930466,1
276.84000000000003,5.033195204283714,1
276.85,2.8852313646065904,1
276.86,3.9305096666129873,1
276.87,4.7907925744970274,1
276.88,4.585875699736727,1
276.89,3.8106208198141394,1
276.90000000000003,3.40319512396348,1
276.91,4.647343420175084,1
276.92,3.655194580743623,1
276.93,3.3785476311614744,1
276.94,4.5393931531215035,1
276.95,4.156364703222969,1
276.96,3.709696016665654,1
276.97,4.133435743271477,1
276.98,4.253681411569427,1
276.99,3.958448293072221,1
277.0,4.098732084993588,1
277.01,2.627437489309198,1
277.02,3.894669116819321,1
277.03000000000003,3.6405881140548413,1
277.04,3.5320029972363716,1
277.05,3.603116012044375,1
277.06,3.725237411672186,1
277.07,3.8508754900777906,1
277.08,4.141942226157332,1
277.09000000000003,3.5544810905753867,1
277.1,4.307934921397285,1
277.11,4.471205162730137,1
277.12,4.453527684241988,1
277.13,4.5720537838654085,1
277.14,3.5933557515098666,1
277.15000000000003,3.724529339547313,1
277.16,4.072188402129622,1
277.17,3.6684563118795506,1
277.18,3.1853027711380246,1
277.19,3.6032725903886016,1
277.2,5.038314420002311,1
277.21,3.6048350905423288,1
277.22,3.5068246504712817,1
277.23,3.6774513889506313,1
277.24,4.414193287422514,1
277.25,4.326087700227079,1
277.26,4.549077657165579,1
277.27,5.736280864647757,1
277.28000000000003,4.68003897026402,1
277.29,4.646325506806029,1
277.3,5.892721820708811,1
277.31,4.406482977036082,1
277.32,3.7245805349865093,1
277.33,3.725065951508538,1
277.34000000000003,4.596983499711034,1
277.35,3.148190736266512,1
277.36,2.6146013208885703,1
277.37,3.3239889284636925,1
277.38,4.448247455476459,1
277.39,4.389572803995504,1
277.40000000000003,3.9210498273587806,1
277.41,4.713704852479355,1
277.42,4.4830416934978645,1
277.43,4.314063445243023,1
277.44,4.079839457188805,1
277.45,4.6618043364035096,1
277.46,4.601059347968455,1
277.47,3.9190532265347175,1
277.48,4.566047498515664,1
277.49,3.6317103113637015,1
277.5,4.128815619089011,1
277.51,4.242801501601839,1
277.52,3.7516572788663867,1
277.53000000000003,4.010211343223586,1
277.54,4.322925846556326,1
277.55,3.241626635469148,1
277.56,4.002596393986663,1
277.57,5.376994486784195,1
277.58,3.503330297298151,1
277.59000000000003,4.616573948849094,1
277.6,3.9764189178143527,1
277.61,4.790865651417965,1
277.62,3.6236015725050565,1
277.63,4.0432524464056785,1
277.64,5.509279124829506,1
277.65000000000003,4.053612272389629,1
277.66,4.4854823563492525,1
277.67,4.475030229233266,1
277.68,2.755466620186748,1
277.69,4.236753864101214,1
277.7,3.2097764683785894,1
277.71,4.338510598967845,1
277.72,4.0511476235701975,1
277.73,3.217635431380719,1
277.74,3.108456592330755,1
277.75,3.8238654107791032,1
277.76,5.527909953846628,1
277.77,5.084774968816383,1
277.78000000000003,4.255229037278035,1
277.79,4.327767055818376,1
277.8,4.411499410258433,1
277.81,3.7026445154044403,1
277.82,3.5783056489720217,1
277.83,4.588796731092952,1
277.84000000000003,3.7171297694948193,1
277.85,4.993134732238412,1
277.86,3.252824174622338,1
277.87,3.430353478540499,1
277.88,4.927484438557196,1
277.89,3.891430867475643,1
277.90000000000003,3.912457223559203,1
277.91,4.388800921856775,1
277.92,4.729633499216632,1
277.93,4.377519970579405,1
277.94,4.136834933225342,1
277.95,4.452273910549028,1
277.96,4.221317270265699,1
277.97,4.6571768269453475,1
277.98,5.849932616945132,1
277.99,4.4169722574284584,1
278.0,3.4686098962306136,1
278.01,4.666806579713738,1
278.02,3.9906628792366545,1
278.03000000000003,4.280089046846716,1
278.04,4.326910467861722,1
278.05,3.717673937311218,1
278.06,3.8137548836296813,1
278.07,2.5512532243860466,1
278.08,3.8904038918585293,1
278.09000000000003,4.379187769466809,1
278.1,4.03076324715541,1
278.11,3.678647601011555,1
278.12,4.179856601350771,1
278.13,3.337363755660987,1
278.14,3.2016035810150996,1
278.15000000000003,4.2178396065915305,1
278.16,4.318687554478165,1
278.17,4.290550473572983,1
278.18,3.779301799093037,1
278.19,4.674412983873941,1
278.2,3.3128242434527206,1
278.21,3.7907853383787944,1
278.22,4.518187113343056,1
278.23,4.650719356500003,1
278.24,3.610099397599713,1
278.25,5.442219290818344,1
278.26,4.073137754861705,1
278.27,4.121524884630546,1
278.28000000000003,4.68506428943125,1
278.29,5.069944684002932,1
278.3,4.1026390021283845,1
278.31,4.742685750136972,1
278.32,3.703049863061524,1
278.33,5.002809764600131,1
278.34000000000003,4.013011010801442,1
278.35,4.129358161327492,1
278.36,3.711479630825283,1
278.37,4.062671433429482,1
278.38,3.4867487318222943,1
278.39,3.9067850747275945,1
278.40000000000003,4.007002107283566,1
278.41,3.340026347311441,1
278.42,3.635344140226343,1
278.43,2.6776638775309927,1
278.44,3.1878795963587594,1
278.45,4.017585413925454,1
278.46,4.6948838289836825,1
278.47,3.8702174672907783,1
278.48,4.015520453427389,1
278.49,4.7765716497387345,1
278.5,4.585732122149073,1
278.51,4.541647886722599,1
278.52,4.064311222916312,1
278.53000000000003,3.6239514760993052,1
278.54,4.162017433601926,1
278.55,4.766422053777002,1
278.56,5.1474258374855495,1
278.57,5.5697622347685956,1
278.58,5.043558587004902,1
278.59000000000003,4.069062181604506,1
278.6,3.225458344050403,1
278.61,4.368836962926408,1
278.62,4.77916712816156,1
278.63,2.4519813741575844,1
278.64,3.019633262187,1
278.65000000000003,3.720209280046372,1
278.66,3.5556151254576065,1
278.67,2.989490439502061,1
278.68,4.229095229447767,1
278.69,4.840965353906297,1
278.7,3.9267308723225542,1
278.71,2.893768671358528,1
278.72,4.021930438217271,1
278.73,3.2192364587228623,1
278.74,3.2265308391894716,1
278.75,4.500862429655408,1
278.76,4.737503527435031,1
278.77,3.796392526689873,1
278.78000000000003,4.419008078354487,1
278.79,3.306231122404497,1
278.8,4.303142678657544,1
278.81,3.7938411943854904,1
278.82,3.1731017180350785,1
278.83,3.4237075458467934,1
278.84000000000003,4.3036801286565955,1
278.85,3.1329980634764403,1
278.86,3.836507060400477,1
278.87,4.743556242130808,1
278.88,3.7679933116275097,1
278.89,3.007963172878939,1
278.90000000000003,3.759270008148565,1
278.91,4.400515568221827,1
278.92,3.136523346922721,1
278.93,4.656492310620219,1
278.94,4.4624603176239175,1
278.95,4.179478625731978,1
278.96,4.314074971295267,1
278.97,4.041199929708708,1
278.98,4.176218379917926,1
278.99,4.035038173070954,1
279.0,4.576451215749455,1
279.01,4.898165058684677,1
279.02,3.566851718377214,1
279.03000000000003,3.580542072723971,1
279.04,3.793162771295405,1
279.05,3.668031697687411,1
279.06,4.787019443585445,1
279.07,3.134384634642362,1
279.08,4.3433254125457985,1
279.09000000000003,4.942230726872564,1
279.1,3.6795487168432404,1
279.11,4.9111685214068315,1
279.12,4.76004248188975,1
279.13,3.7571068274252037,1
279.14,4.4444822413475675,1
279.15000000000003,3.4149008118970356,1
279.16,3.178771379676739,1
279.17,3.589650542940454,1
279.18,4.808359645904297,1
279.19,3.7292392831334995,1
279.2,4.012277994098518,1
279.21,3.3737897844905747,1
279.22,4.5702759751182125,1
279.23,4.635591824137259,1
279.24,3.6533668648803808,1
279.25,2.551266565441843,1
279.26,3.7496610663362473,1
279.27,4.332263552149786,1
279.28000000000003,4.0545139325022435,1
279.29,4.077389039724433,1
279.3,4.229943769125549,1
279.31,3.6575522286243176,1
279.32,3.119423187682943,1
279.33,4.364753200064051,1
279.34000000000003,3.3755357410128823,1
279.35,3.1074529459872435,1
279.36,4.199619122705095,1
279.37,3.234336661105058,1
279.38,3.3800572150087005,1
279.39,4.966428240039733,1
279.40000000000003,5.09017485674844,1
279.41,4.863059874872742,1
279.42,4.590021921623073,1
279.43,4.84760579167736,1
279.44,5.396452102887387,1
279.45,4.869126356088984,1
279.46,4.2864687984099605,1
279.47,4.643738989812282,1
279.48,3.7800963911136107,1
279.49,4.103642853779884,1
279.5,4.1285281865258225,1
279.51,3.8933979861598105,1
279.52,3.7437846662442036,1
279.53000000000003,4.758329061522651,1
279.54,3.3549791135950855,1
279.55,3.9817436090869878,1
279.56,3.0910661557549948,1
279.57,2.5826437099049895,1
279.58,4.647289413738954,1
279.59000000000003,4.851246765553097,1
279.6,3.7376119862694552,1
279.61,4.041829845232245,1
279.62,3.8603472855352683,1
279.63,3.866499406857237,1
279.64,3.7475429995556997,1
279.65000000000003,4.358798625328743,1
279.66,3.845504522088467,1
279.67,4.320158902211547,1
279.68,5.1444070898314935,1
279.69,4.343320123047612,1
279.7,4.10008946644399,1
279.71,3.6104890822673634,1
279.72,3.921754542670376,1
279.73,2.849567473239024,1
279.74,4.8577572731864525,1
279.75,3.3544163016905895,1
279.76,2.645134793562525,1
279.77,3.790717024637436,1
279.78000000000003,4.174132056465384,1
279.79,4.847925543843394,1
279.8,4.211185769694431,1
279.81,4.637876260621599,1
279.82,4.687114246424594,1
279.83,4.642939144533758,1
279.84000000000003,3.3752396990341706,1
279.85,4.369461291445986,1
279.86,3.1947991762677717,1
279.87,5.305864827637265,1
279.88,4.574146476834163,1
279.89,3.650963777085101,1
279.90000000000003,4.221439835849493,1
279.91,3.3328822197708425,1
279.92,2.905708033946037,1
279.93,4.441323294630759,1
279.94,3.317871753451215,1
279.95,3.766189948358224,1
279.96,4.048054225769031,1
279.97,3.8243675065415403,1
279.98,3.2793032206846013,1
279.99,3.974244708781977,1
280.0,4.095980860389503,1
280.01,4.5958107262909795,1
280.02,5.66760337223757,1
280.03000000000003,2.8796628527291976,1
280.04,3.4868773788635345,1
280.05,4.189298791243803,1
280.06,4.738458656802562,1
280.07,4.329176597726053,1
280.08,4.791520273629667,1
280.09000000000003,3.109241399135935,1
280.1,3.7389608058025257,1
280.11,4.907946893020949,1
280.12,3.4507823971936658,1
280.13,2.0241688125995556,1
280.14,3.2793039948696596,1
280.15000000000003,4.1650703650075975,1
280.16,3.8926791158006595,1
280.17,3.0997410948613053,1
280.18,3.4346969569990033,1
280.19,3.0808622473347995,1
280.2,3.1592974578830972,1
280.21,3.40396197316737,1
280.22,4.0782174021185424,1
280.23,2.5171733601011477,1
280.24,4.869362876685091,1
280.25,4.060435109029089,1
280.26,3.3568783301990974,1
280.27,3.3899107578511787,1
280.28000000000003,3.5946989824317748,1
280.29,4.001634810555596,1
280.3,4.09680966856565,1
280.31,3.855320987687811,1
280.32,3.455645234188247,1
280.33,3.8983257794275588,1
280.34000000000003,2.576034627570727,1
280.35,3.0505682820478848,1
280.36,3.433004422168241,1
280.37,3.0349475734393714,1
280.38,3.7570485566885616,1
280.39,3.0953501588772965,1
280.40000000000003,5.058669547529265,1
280.41,3.142497395716441,1
280.42,4.974625053052403,1
280.43,2.8193260702056935,1
280.44,5.302333568738604,1
280.45,4.532489592345051,1
280.46,4.616840355396989,1
280.47,3.2113119812504354,1
280.48,3.7864595085973605,1
280.49,3.842050926755439,1
280.5,3.923659629191469,1
280.51,4.796399735434001,1
280.52,4.450791614305829,1
280.53000000000003,3.8576226747504663,1
280.54,4.567501456740795,1
280.55,4.726272761248839,1
280.56,3.603791454363015,1
280.57,3.528560998484792,1
280.58,5.331144571449821,1
280.59000000000003,3.902348510479747,1
280.6,3.5784460904510587,1
280.61,3.8991790793707457,1
280.62,4.736632425683547,1
280.63,4.572204220318888,1
280.64,4.025051899692997,1
280.65000000000003,4.473754558848662,1
280.66,4.262101518378399,1
280.67,3.9836084136799874,1
280.68,3.8474887289431243,1
280.69,4.1088024903414535,1
280.7,3.7350318937136042,1
280.71,4.0052122446201235,1
280.72,3.9226333713403236,1
280.73,2.9922592485755724,1
280.74,3.5239179154584086,1
280.75,3.7283431917238086,1
280.76,5.119052939927765,1
280.77,3.903159996625261,1
280.78000000000003,4.128336443077541,1
280.79,5.3816405987373805,1
280.8,3.059731525829579,1
280.81,2.972740776212803,1
280.82,3.478903821488437,1
280.83,3.814529128788869,1
280.84000000000003,3.91047113936999,1
280.85,3.73859359479664,1
280.86,3.2551612751374766,1
280.87,4.647417702982488,1
280.88,3.787400248967245,1
280.89,4.777574917025559,1
280.90000000000003,3.3852891281304975,1
280.91,5.20989948200258,1
280.92,2.9462531572137074,1
280.93,3.865472637990414,1
280.94,3.2719539329788754,1
280.95,3.9039568877317286,1
280.96,3.28741720930419,1
280.97,2.50512386592559,1
280.98,3.3606333328334568,1
280.99,4.975338494833907,1
281.0,3.4111598748782255,1
281.01,4.319284726969444,1
281.02,4.068392166173192,1
281.03000000000003,3.770996110254503,1
281.04,5.384250117964929,1
281.05,3.954417342226176,1
281.06,4.178485558119431,1
281.07,4.126445934669287,1
281.08,5.07263295042322,1
281.09000000000003,3.113928777260439,1
281.1,5.401435515954567,1
281.11,5.045226220692131,1
281.12,4.275191656802232,1
281.13,4.35568975056372,1
281.14,3.8011635274694617,1
281.15000000000003,4.010014719671509,1
281.16,4.201819080313454,1
281.17,3.362421607979865,1
281.18,4.904437034233574,1
281.19,4.177782573796108,1
281.2,4.104029334040284,1
281.21,3.4686278027815503,1
281.22,4.77261997529428,1
281.23,4.078448336148937,1
281.24,3.7361603720532512,1
281.25,3.3549611426189747,1
281.26,3.9277776028339235,1
281.27,3.2968817560391086,1
281.28000000000003,4.225337858335716,1
281.29,4.537857612656661,1
281.3,3.7757811549783735,1
281.31,4.1150184137727,1
281.32,4.753017049235921,1
281.33,3.8711397389395352,1
281.34000000000003,3.851669682612552,1
281.35,3.9192423247763384,1
281.36,3.6380038553426517,1
281.37,3.6899610899826816,1
281.38,3.439468358280805,1
281.39,4.2231285526440425,1
281.40000000000003,3.968439839366377,1
281.41,4.41136575863663,1
281.42,4.733170258819497,1
281.43,3.4241869420194915,1
281.44,3.494749134855378,1
281.45,4.494033135715536,1
281.46,3.935884611518603,1
281.47,4.108678694597268,1
281.48,4.103884818147778,1
281.49,3.413031411841109,1
281.5,4.29163661459412,1
281.51,4.154283441513552,1
281.52,3.3093892708529404,1
281.53000000000003,3.7894915779968437,1
281.54,3.8444299914560722,1
281.55,4.400268262514271,1
281.56,4.713889210675102,1
281.57,3.9772504034510487,1
281.58,2.865007337744326,1
281.59000000000003,4.381125402008785,1
281.6,5.450523978414755,1
281.61,4.577550130728836,1
281.62,3.903185763298819,1
281.63,4.316295488186958,1
281.64,4.610406343221298,1
281.65000000000003,4.185379853046332,1
281.66,4.935575107498156,1
281.67,3.381599578013562,1
281.68,3.74388921768115,1
281.69,4.304423344132454,1
281.7,4.469872150256445,1
281.71,3.6484729921780232,1
281.72,3.6396457999498706,1
281.73,3.4839844426576247,1
281.74,3.413712100591234,1
281.75,4.226135496479644,1
281.76,3.9179501267436803,1
281.77,4.7766226190998085,1
281.78000000000003,3.293878227253487,1
281.79,3.8337386917863303,1
281.8,4.468936538193866,1
281.81,4.27622690658632,1
281.82,3.3495629021512423,1
281.83,4.770416151772862,1
281.84000000000003,4.180633827442543,1
281.85,5.330109252583688,1
281.86,4.065378643771549,1
281.87,4.8154276294886875,1
281.88,3.859543120738871,1
281.89,3.8602841495096683,1
281.90000000000003,4.310673030850334,1
281.91,2.889467889171156,1
281.92,2.5778092706669264,1
281.93,3.4135110594484113,1
281.94,3.0494178086277386,1
281.95,2.4040256943238476,1
281.96,4.314728780953577,1
281.97,3.4454367251227116,1
281.98,3.700597455763189,1
281.99,4.0504445177390584,1
282.0,4.331857581929639,1
282.01,4.228186675983681,1
282.02,4.190350790324453,1
282.03000000000003,4.377925673876733,1
282.04,3.770642265280143,1
282.05,3.599255866727175,1
282.06,2.543902787118554,1
282.07,4.386943966970999,1
282.08,3.621539670734309,1
282.09000000000003,5.286150508857872,1
282.1,4.554428552182335,1
282.11,4.624987542073951,1
282.12,4.449864336601866,1
282.13,4.30941817974714,1
282.14,4.25519870650585,1
282.15000000000003,4.309108445043213,1
282.16,4.060785203520688,1
282.17,3.543522716773557,1
282.18,3.164707032570737,1
282.19,4.202329839669048,1
282.2,4.851604973618296,1
282.21,3.994449214910701,1
282.22,4.143450225223647,1
282.23,3.215638405035013,1
282.24,3.7305859502158385,1
282.25,3.2619558967840208,1
282.26,3.2747517246850135,1
282.27,4.080703247044211,1
282.28000000000003,4.010618591019088,1
282.29,4.533591620541076,1
282.3,4.527666940579067,1
282.31,3.439880165750123,1
282.32,2.6649874336971395,1
282.33,3.2426063680538353,1
282.34000000000003,3.421308825496704,1
282.35,4.24802578633398,1
282.36,4.340951936294344,1
282.37,3.930086004578315,1
282.38,4.432894221845423,1
282.39,5.666548149374035,1
282.40000000000003,4.024612391928217,1
282.41,3.87492830949195,1
282.42,3.492604493870715,1
282.43,4.238298974205925,1
282.44,4.824474906756809,1
282.45,3.8013681681737057,1
282.46,3.805594219361359,1
282.47,3.710081202133201,1
282.48,3.2790746850229064,1
282.49,4.06572151757479,1
282.5,4.112729769522597,1
282.51,3.9552156271984575,1
282.52,5.14499612922991,1
282.53000000000003,4.266438437742853,1
282.54,3.219431741283648,1
282.55,4.287997173256375,1
282.56,3.7257436734981364,1
282.57,3.7099988938639656,1
282.58,3.826898137528133,1
282.59000000000003,3.7826068254334158,1
282.6,4.163579573002681,1
282.61,5.407076177269023,1
282.62,3.890965598739925,1
282.63,4.113137870930287,1
282.64,4.231018881169436,1
282.65000000000003,3.756664191837196,1
282.66,3.7962171470879245,1
282.67,4.692543532638586,1
282.68,3.753604352868247,1
282.69,3.4309264068910106,1
282.7,5.121186792237176,1
282.71,3.260559719826952,1
282.72,4.483252007965156,1
282.73,3.8364133836246843,1
282.74,3.12949534139644,1
282.75,3.627870292227423,1
282.76,3.7599860542894006,1
282.77,2.8677681919096325,1
282.78000000000003,4.1665279842737615,1
282.79,4.200356402714969,1
282.8,3.787493367831407,1
282.81,4.319143440547583,1
282.82,4.197113794481471,1
282.83,4.913099270709513,1
282.84000000000003,3.4275724993507213,1
282.85,3.8512397551990185,1
282.86,4.71190923349043,1
282.87,4.454101897586005,1
282.88,2.5770507122678628,1
282.89,2.853479066488268,1
282.90000000000003,3.9302198218562028,1
282.91,5.035052915589795,1
282.92,3.736442143086572,1
282.93,4.343335980596846,1
282.94,4.001993258866958,1
282.95,4.300288319715936,1
282.96,4.641457086365676,1
282.97,4.590952767975553,1
282.98,4.582116607132275,1
282.99,3.6140348499650763,1
283.0,3.8802051668122624,1
283.01,4.353957797519258,1
283.02,4.379798750946264,1
283.03000000000003,4.4705566205020615,1
283.04,2.952822520144709,1
283.05,4.7892939954321,1
283.06,3.013485042680859,1
283.07,3.513763068552051,1
283.08,4.1406923215289835,1
283.09000000000003,4.011258590466016,1
283.1,4.919699867942988,1
283.11,3.2708211281741866,1
283.12,3.6744754290077153,1
283.13,2.6408397561481727,1
283.14,3.931635281059189,1
283.15000000000003,3.7854506218004214,1
283.16,3.111296036121828,1
283.17,4.73595699906021,1
283.18,4.701748754495352,1
283.19,4.0669766020953055,1
283.2,4.744188012726603,1
283.21,4.009398764039963,1
283.22,4.509204333000688,1
283.23,4.652456349692604,1
283.24,3.4180080860117457,1
283.25,4.32110876280904,1
283.26,4.199806772971646,1
283.27,3.407681223340739,1
283.28000000000003,3.1787443452242305,1
283.29,4.2956757459957915,1
283.3,3.8333431898182804,1
283.31,3.0148125960843375,1
283.32,4.271332932979397,1
283.33,4.560928595658245,1
283.34000000000003,3.2016361348166766,1
283.35,3.8756612305366565,1
283.36,4.906453404178222,1
283.37,3.402887514208665,1
283.38,5.028698503210009,1
283.39,3.829723323050155,1
283.40000000000003,3.9457340353372277,1
283.41,3.1165674704525275,1
283.42,3.1113201683129708,1
283.43,3.5829718383753466,1
283.44,4.621823426287307,1
283.45,5.631383881188005,1
283.46,5.859964238101436,1
283.47,4.091786693611906,1
283.48,3.8173854759228827,1
283.49,3.372335761916717,1
283.5,4.6841027126273485,1
283.51,3.545243143788463,1
283.52,3.773276256985039,1
283.53000000000003,4.246936849071807,1
283.54,4.235456235812089,1
283.55,3.5425781212362115,1
283.56,3.8395424376357328,1
283.57,3.5514093347659212,1
283.58,3.3898089957047106,1
283.59000000000003,3.276302303579149,1
283.6,3.00325848273333,1
283.61,4.199738292499197,1
283.62,3.9013799801371953,1
283.63,3.3192186513162056,1
283.64,3.2346656750639795,1
283.65000000000003,3.22266779504431,1
283.66,3.62746289719212,1
283.67,4.768172420215631,1
283.68,3.647194208566551,1
283.69,4.3625426209659395,1
283.7,5.0327955311636305,1
283.71,4.146558100438984,1
283.72,3.4669993451610317,1
283.73,3.848054648379762,1
283.74,3.8905595252586878,1
283.75,5.038934568400533,1
283.76,2.8670259037167307,1
283.77,4.5957091331996445,1
283.78000000000003,2.8616661391044853,1
283.79,4.43643094285101,1
283.8,3.762093295478835,1
283.81,5.195119985403416,1
283.82,4.554362508802286,1
283.83,4.467257627585577,1
283.84000000000003,3.4891706586207447,1
283.85,5.216108591264374,1
283.86,5.9707487386133264,1
283.87,5.483487822382402,1
283.88,3.481306490949531,1
283.89,3.867582406901995,1
283.90000000000003,3.2194033865706655,1
283.91,3.532968230783888,1
283.92,4.110394550653517,1
283.93,4.418133746551938,1
283.94,4.298765297757229,1
283.95,2.825990371315818,1
283.96,3.834686680142704,1
283.97,4.265740746254154,1
283.98,4.588320644024024,1
283.99,4.291206863269649,1
284.0,4.336011015879657,1
284.01,3.890375762891388,1
284.02,4.215358038838208,1
284.03000000000003,5.751787965926802,1
284.04,4.96039876797117,1
284.05,4.369712939769818,1
284.06,4.566283282860438,1
284.07,4.143354031557029,1
284.08,4.0978007456279,1
284.09000000000003,4.644437048923448,1
284.1,3.648567630129678,1
284.11,3.8701943878318166,1
284.12,3.0577100792989587,1
284.13,4.38522323122662,1
284.14,4.6449017856878605,1
284.15000000000003,4.354555449301479,1
284.16,3.7979774189586597,1
284.17,3.8990700266312204,1
284.18,4.046121255871048,1
284.19,4.691268571948113,1
284.2,4.7154358695680525,1
284.21,3.1367649835136016,1
284.22,3.42392395218158,1
284.23,4.30921949908148,1
284.24,3.222302516195044,1
284.25,4.624811176604454,1
284.26,3.9301110725713935,1
284.27,4.51480450750038,1
284.28000000000003,4.0962241039397425,1
284.29,3.963601872394251,1
284.3,3.2910211282802218,1
284.31,3.577539212552285,1
284.32,3.8543056703046448,1
284.33,3.8330270520336165,1
284.34000000000003,4.3876864021178035,1
284.35,3.530803694193663,1
284.36,3.881352420508511,1
284.37,4.9088681229404205,1
284.38,4.544441400418412,1
284.39,4.07879872142302,1
284.40000000000003,3.0601821627643053,1
284.41,3.077041332100513,1
284.42,4.403715306774113,1
284.43,4.566129189450635,1
284.44,2.8441718222949843,1
284.45,4.4601277111210065,1
284.46,3.7341755550038878,1
284.47,3.781194062238623,1
284.48,4.606756879856896,1
284.49,4.533483981756625,1
284.5,3.966476549066241,1
284.51,4.419801039905664,1
284.52,3.74379007653159,1
284.53000000000003,3.41027017977168,1
284.54,4.709904846905342,1
284.55,4.827357276308025,1
284.56,3.5607966259683974,1
284.57,3.5671674511963443,1
284.58,4.509206488200091,1
284.59000000000003,3.558707975699122,1
284.6,4.494596141343111,1
284.61,3.3897054498528005,1
284.62,3.822941156473927,1
284.63,4.686211669767054,1
284.64,3.48461809160282,1
284.65000000000003,3.663049162904219,1
284.66,4.295190287000217,1
284.67,2.911150630483742,1
284.68,4.025081080052971,1
284.69,4.776849607186752,1
284.7,4.6062346358824335,1
284.71,3.979451615136551,1
284.72,3.9666113489809063,1
284.73,4.9040264802656095,1
284.74,4.871312462853498,1
284.75,3.91547104417705,1
284.76,3.5151189529774585,1
284.77,4.46698799059465,1
284.78000000000003,4.718421111819437,1
284.79,4.915767745347628,1
284.8,4.435090215420509,1
284.81,3.81976739887415,1
284.82,2.9512306713030614,1
284.83,5.256578849814686,1
284.84000000000003,5.187560601811474,1
284.85,3.649042988680491,1
284.86,4.173951951564652,1
284.87,3.9273453985997633,1
284.88,4.081747173180219,1
284.89,3.7670304125699805,1
284.90000000000003,4.43321917354222,1
284.91,3.265459741938889,1
284.92,3.654840914601699,1
284.93,4.484153273433359,1
284.94,2.6763693431454194,1
284.95,4.045331390565537,1
284.96,3.576014348360943,1
284.97,4.9624945609341715,1
284.98,4.228138377755075,1
284.99,3.48113582806814,1
285.0,4.912474128739582,1
285.01,4.093599774223757,1
285.02,4.136319028636089,1
285.03000000000003,4.6457776417696595,1
285.04,3.717903297477017,1
285.05,4.997550431375709,1
285.06,4.505554124532285,1
285.07,3.67441884764628,1
285.08,3.7430242226854946,1
285.09000000000003,3.191301351183984,1
285.1,4.149655186781768,1
285.11,3.8689109772444246,1
285.12,4.149486433430673,1
285.13,2.842953098446398,1
285.14,3.5184475454778465,1
285.15000000000003,3.2584495194724523,1
285.16,4.204086997647711,1
285.17,3.561617354851671,1
285.18,4.235726565876561,1
285.19,3.646370116068412,1
285.2,5.035322056427465,1
285.21,4.120319423809173,1
285.22,4.646986011570417,1
285.23,4.027164976614969,1
285.24,4.672608459596829,1
285.25,3.6142468023453764,1
285.26,4.020904315767627,1
285.27,3.7596777289754892,1
285.28000000000003,5.241137813719357,1
285.29,3.3251644395862816,1
285.3,5.301266391795164,1
285.31,3.1616728204614986,1
285.32,4.381698259282637,1
285.33,3.557530324760127,1
285.34000000000003,4.066614262072271,1
285.35,3.8177079902268014,1
285.36,3.3789467398959374,1
285.37,3.955172125752873,1
285.38,3.683540770192624,1
285.39,4.329839515165746,1
285.40000000000003,3.3688869879680587,1
285.41,4.293409125567175,1
285.42,4.623807378829573,1
285.43,4.029097248103276,1
285.44,3.215665503333846,1
285.45,5.152346856259162,1
285.46,4.443421103761942,1
285.47,3.6189097365075487,1
285.48,4.34070145643233,1
285.49,2.95512201465846,1
285.5,4.699085388501401,1
285.51,5.395652229834334,1
285.52,4.572892587770485,1
285.53000000000003,3.3216571347081496,1
285.54,2.5965287685327842,1
285.55,4.725372480581442,1
285.56,3.876553411653751,1
285.57,3.6784659445378907,1
285.58,4.693443828737368,1
285.59000000000003,3.636652608924264,1
285.6,4.474297385650849,1
285.61,4.068571079983462,1
285.62,4.209887170036304,1
285.63,5.131608409219287,1
285.64,3.8228740964217955,1
285.65000000000003,3.6882849595116296,1
285.66,3.9213652309147955,1
285.67,3.274970480125545,1
285.68,4.60721699081922,1
285.69,4.579692645658277,1
285.7,4.0272271502774855,1
285.71,3.37732344388173,1
285.72,2.1359430684995537,1
285.73,3.285340612853162,1
285.74,3.734958824013019,1
285.75,2.67644536171784,1
285.76,5.467806147490059,1
285.77,4.297511770916132,1
285.78000000000003,4.32794672646248,1
285.79,3.9004527920725804,1
285.8,4.474045714568999,1
285.81,3.8579452575201576,1
285.82,3.931925170422397,1
285.83,4.969410755983261,1
285.84000000000003,4.842778394121947,1
285.85,4.118898686484072,1
285.86,5.390658121623235,1
285.87,4.090376035754875,1
285.88,3.720393318351922,1
285.89,4.087497230819988,1
285.90000000000003,4.1989862376059515,1
285.91,3.21355012108438,1
285.92,4.223566297924032,1
285.93,5.32357868076513,1
285.94,4.623644238199923,1
285.95,4.392850962427291,1
285.96,4.263985584912953,1
285.97,3.308250422585473,1
285.98,3.2688245413963672,1
285.99,4.04006170296096,1
286.0,3.726059805902635,1
286.01,3.0696552040020078,1
286.02,3.762243605392092,1
286.03000000000003,4.3400500773662,1
286.04,4.469121120935349,1
286.05,3.563262451872233,1
286.06,4.015288888037228,1
286.07,4.33018685897612,1
286.08,3.240065374293924,1
286.09000000000003,3.4751259040017395,1
286.1,3.958466089674329,1
286.11,3.382863654548398,1
286.12,3.704656983633161,1
286.13,5.539715946514245,1
286.14,3.042250681791125,1
286.15000000000003,4.791459253929079,1
286.16,4.1978854211560614,1
286.17,3.1575382220823793,1
286.18,4.346601502512696,1
286.19,4.026730837107007,1
286.2,4.785144840138983,1
286.21,4.5003774475973675,1
286.22,4.202942771790881,1
286.23,3.875247359865109,1
286.24,4.823143634539098,1
286.25,3.8704567632719504,1
286.26,3.155032345951596,1
286.27,2.7793611946702996,1
286.28000000000003,3.167948915254906,1
286.29,4.4929638873128255,1
286.3,3.7924249754103436,1
286.31,3.4619234800912912,1
286.32,3.640863279147713,1
286.33,4.454718767907318,1
286.34000000000003,4.365998205131157,1
286.35,4.051638023395077,1
286.36,3.542649096511983,1
286.37,3.659000750408457,1
286.38,3.8505409400719572,1
286.39,3.3886630741853065,1
286.40000000000003,3.8930961277695877,1
286.41,3.4040094287063734,1
286.42,4.24712593688286,1
286.43,4.386977533051113,1
286.44,4.820298661522939,1
286.45,4.2936580153202915,1
286.46,4.237331597507453,1
286.47,3.5321534049761567,1
286.48,3.984239482476742,1
286.49,3.3575108158910867,1
286.5,2.8541768924956474,1
286.51,3.73448804443988,1
286.52,3.6116728138502396,1
286.53000000000003,4.31151211371909,1
286.54,3.3225015272578697,1
286.55,5.709385295517238,1
286.56,3.719886780942301,1
286.57,3.877410198107733,1
286.58,3.5817134389707452,1
286.59000000000003,4.457676823619759,1
286.6,3.8902294633289247,1
286.61,3.382754724976382,1
286.62,2.818890200707687,1
286.63,4.363408259297956,1
286.64,4.515621195340997,1
286.65000000000003,4.3287398371461245,1
286.66,3.9513526942789188,1
286.67,3.8501227062927446,1
286.68,4.538619942207675,1
286.69,3.988652214418735,1
286.7,4.72746312238333,1
286.71,3.954661700518647,1
286.72,3.863936167855144,1
286.73,4.170557484019502,1
286.74,4.841034039348284,1
286.75,4.738531127668771,1
286.76,3.941729917411081,1
286.77,3.6938596716202263,1
286.78000000000003,3.1545000243755883,1
286.79,4.376409391188134,1
286.8,2.8666858440052754,1
286.81,5.063117966070829,1
286.82,4.656375287683229,1
286.83,3.617281430570491,1
286.84000000000003,4.847876642041522,1
286.85,4.481983449881605,1
286.86,4.40365501923871,1
286.87,3.9111864904968314,1
286.88,4.396389743431428,1
286.89,3.1264373877216487,1
286.90000000000003,3.9868839750157448,1
286.91,3.533368589586041,1
286.92,3.739564233310633,1
286.93,3.47548585502318,1
286.94,3.4825691276338495,1
286.95,4.729500208303891,1
286.96,3.042798826183997,1
286.97,4.147563721823587,1
286.98,3.2320904547913845,1
286.99,4.789455369256425,1
287.0,4.32642009876855,1
287.01,3.132903117329614,1
287.02,4.210655633987842,1
287.03000000000003,3.623042417680296,1
287.04,4.196788531488598,1
287.05,3.2253214473824805,1
287.06,4.8234866644351255,1
287.07,2.813588368324176,1
287.08,3.447977263984667,1
287.09000000000003,3.2867597155084303,1
287.1,4.201793086976572,1
287.11,3.6678286475401514,1
287.12,3.8148863613251116,1
287.13,3.510748816575281,1
287.14,3.0105575751359646,1
287.15000000000003,3.7169138316445536,1
287.16,3.0663737419838366,1
287.17,2.6951472314773373,1
287.18,4.284684184520266,1
287.19,3.191239111449726,1
287.2,4.898374258991172,1
287.21,4.998445781274641,1
287.22,4.6801087274720405,1
287.23,3.3657749164286153,1
287.24,5.410707219784134,1
287.25,2.6337438819286447,1
287.26,3.416392928043291,1
287.27,4.565756550772519,1
287.28000000000003,4.566752979507779,1
287.29,3.5854127703980843,1
287.3,3.4638881860598527,1
287.31,3.8033604666729994,1
287.32,3.886228079562323,1
287.33,3.6266857609966006,1
287.34000000000003,4.9811554429360365,1
287.35,3.5398747164416293,1
287.36,4.852594357630803,1
287.37,4.254379268503725,1
287.38,4.633402811318739,1
287.39,3.046162151442728,1
287.40000000000003,4.611243439007014,1
287.41,4.705425540210407,1
287.42,3.655724357123848,1
287.43,4.591410089334793,1
287.44,3.14747585070185,1
287.45,3.716330931669283,1
287.46,4.8115128942928855,1
287.47,3.990777536260746,1
287.48,3.8711453804902356,1
287.49,4.92548696330271,1
287.5,2.786566384104437,1
287.51,3.7872108654788033,1
287.52,3.8988477774252845,1
287.53000000000003,3.4150820546654863,1
287.54,4.7842907917106805,1
287.55,3.3811446791085666,1
287.56,3.309241895426581,1
287.57,2.294331468017583,1
287.58,4.575206753986328,1
287.59000000000003,3.7989396226146854,1
287.6,3.776888780369585,1
287.61,3.8729927617781628,1
287.62,4.8121396884151775,1
287.63,5.157099895199123,1
287.64,3.0175574215947996,1
287.65000000000003,3.716131783613357,1
287.66,3.3177251550087203,1
287.67,3.8741002987084245,1
287.68,3.9765038892631477,1
287.69,2.905356340548059,1
287.7,4.172038594519403,1
287.71,3.6941573725404155,1
287.72,4.442513245474489,1
287.73,3.984309035830608,1
287.74,2.813328960584364,1
287.75,4.252159067901477,1
287.76,3.0743737480286204,1
287.77,3.085281561440898,1
287.78000000000003,3.6964389628355123,1
287.79,3.7749050181886803,1
287.8,2.850276080585428,1
287.81,3.85984167857992,1
287.82,3.979386838877407,1
287.83,3.977536128786196,1
287.84000000000003,2.975650953513176,1
287.85,4.107345497181251,1
287.86,4.47969165748358,1
287.87,3.2152274101247826,1
287.88,3.298202083318953,1
287.89,4.4906416558890045,1
287.90000000000003,5.053089551229311,1
287.91,3.930518012397943,1
287.92,3.6585955695696213,1
287.93,4.046227572310411,1
287.94,4.8106062195022705,1
287.95,3.4216751148549758,1
287.96,3.579965829465049,1
287.97,3.583560747957248,1
287.98,3.012676835878172,1
287.99,4.4721739428380145,1
288.0,4.19924730428131,1
288.01,2.727809808589279,1
288.02,3.961843263679313,1
288.03000000000003,5.138128930670558,1
288.04,4.31918292264367,1
288.05,5.135301046280213,1
288.06,3.775968079810819,1
288.07,4.673603536162635,1
288.08,4.9367174301728545,1
288.09000000000003,4.030913706184626,1
288.1,3.7336130672543972,1
288.11,4.672994568890303,1
288.12,4.3452540422928845,1
288.13,4.577800610297847,1
288.14,4.230497404125897,1
288.15000000000003,3.8867121902749844,1
288.16,3.864339409884183,1
288.17,3.7015080037433785,1
288.18,4.198658635849504,1
288.19,3.874965755520164,1
288.2,4.158372440386681,1
288.21,3.51989719582169,1
288.22,3.4641666287603448,1
288.23,4.408762904792677,1
288.24,4.348779884719145,1
288.25,3.8173958217968353,1
288.26,4.953696889539763,1
288.27,3.5846400954824382,1
288.28000000000003,4.301974145365617,1
288.29,4.336994372379828,1
288.3,4.053438615514159,1
288.31,4.800022393378675,1
288.32,5.05827888911542,1
288.33,3.254932786393284,1
288.34000000000003,2.4069457299505492,1
288.35,3.511584868762724,1
288.36,3.261653638237896,1
288.37,3.6119404812502784,1
288.38,5.114136863148282,1
288.39,5.794572096194636,1
288.40000000000003,3.493953755704731,1
288.41,4.139864626048348,1
288.42,4.184803978533765,1
288.43,4.297324780234575,1
288.44,3.200833625579138,1
288.45,4.8293036051045215,1
288.46,4.70625174824406,1
288.47,3.7910690372422295,1
288.48,4.829157102738548,1
288.49,3.1361104826997215,1
288.5,2.8480417434931486,1
288.51,4.078000789943575,1
288.52,4.238945639389168,1
288.53000000000003,3.8461444925980053,1
288.54,4.637048809353613,1
288.55,3.536189453928909,1
288.56,4.682324477387915,1
288.57,4.492122701590798,1
288.58,5.195056553519736,1
288.59000000000003,2.8994847682910145,1
288.6,3.6198998435808503,1
288.61,3.413946174684686,1
288.62,4.5144873453762235,1
288.63,5.1133985542939655,1
288.64,3.8976181593801376,1
288.65000000000003,4.458197888848022,1
288.66,5.035438182735928,1
288.67,4.333953543378623,1
288.68,4.51830268939481,1
288.69,2.766207601104165,1
288.7,4.940455311335696,1
288.71,3.8378576842424565,1
288.72,5.676944214258854,1
288.73,3.486668478587167,1
288.74,4.204913940303092,1
288.75,4.472499542348641,1
288.76,2.3339980828753326,1
288.77,4.993112976294914,1
288.78000000000003,4.4985917917966995,1
288.79,3.038375954959822,1
288.8,4.183688092756045,1
288.81,4.2718885726154445,1
288.82,3.9746760681375592,1
288.83,3.67364382865601,1
288.84000000000003,4.008485381494682,1
288.85,4.634800871606071,1
288.86,4.641982183969666,1
288.87,4.104181977498997,1
288.88,4.197746046571778,1
288.89,3.9513387477511404,1
288.90000000000003,3.3643022658764803,1
288.91,3.899967729564044,1
288.92,3.4718415644532667,1
288.93,3.2604789698439047,1
288.94,2.3138836453937843,1
288.95,3.5581337820053487,1
288.96,4.411840779085607,1
288.97,4.758148489801726,1
288.98,4.291843674415219,1
288.99,3.1550457282533935,1
289.0,3.8504036881125954,1
289.01,3.2664223336150733,1
289.02,5.240406807630782,1
289.03000000000003,3.8850591015749143,1
289.04,3.7445982521761914,1
289.05,4.658877894566864,1
289.06,4.0854512033139585,1
289.07,4.760595092550578,1
289.08,3.3600575676368356,1
289.09000000000003,4.041262551799856,1
289.1,4.330128557195721,1
289.11,2.29652053441192,1
289.12,3.409325911414217,1
289.13,3.5043899220691794,1
289.14,3.9339001162252942,1
289.15000000000003,3.719371979632972,1
289.16,4.103967634920368,1
289.17,3.7939456740103807,1
289.18,4.688970748087948,1
289.19,5.388928885320935,1
289.2,3.1112125729535487,1
289.21,3.9874151223775898,1
289.22,4.749633924636242,1
289.23,3.6508004047187055,1
289.24,4.232819808112407,1
289.25,3.8429635101441164,1
289.26,3.4108095484246777,1
289.27,3.365099153382863,1
289.28000000000003,2.4018275161663336,1
289.29,4.033713364432687,1
289.3,4.15095088037024,1
289.31,3.3667561699325548,1
289.32,3.734907157901318,1
289.33,2.986424084336738,1
289.34000000000003,4.212506517379319,1
289.35,3.677400349651478,1
289.36,4.409340657293691,1
289.37,3.755402791528805,1
289.38,3.301336377484572,1
289.39,3.5884601945800014,1
289.40000000000003,4.955290587383272,1
289.41,5.4420315169729605,1
289.42,3.1542589971332213,1
289.43,4.598812103008866,1
289.44,3.389053920363208,1
289.45,3.545743616056688,1
289.46,4.179621607490669,1
289.47,4.388430855094052,1
289.48,3.5939669503183853,1
289.49,4.393420035347815,1
289.5,4.790480125943033,1
289.51,4.495363981238737,1
289.52,3.3572673903193935,1
289.53000000000003,3.61100411521398,1
289.54,4.472343612660023,1
289.55,4.9594925588078915,1
289.56,3.161658373701858,1
289.57,4.085983892121105,1
289.58,4.438453802110268,1
289.59000000000003,3.098314889284413,1
289.6,4.6084619550213635,1
289.61,5.4334086819978245,1
289.62,4.5622548201390645,1
289.63,4.462671250894201,1
289.64,3.6125369009910786,1
289.65000000000003,3.7340360976894567,1
289.66,3.635381294727391,1
289.67,3.4644416734369377,1
289.68,3.8538964920661236,1
289.69,4.213749168408116,1
289.7,3.4549086996902103,1
289.71,3.717169152678836,1
289.72,4.144428497382145,1
289.73,2.573347799892094,1
289.74,4.458115531799255,1
289.75,4.090279925594363,1
289.76,4.081225116908708,1
289.77,4.69499412891575,1
289.78000000000003,4.607255605618004,1
289.79,4.408558263258971,1
289.8,4.207435401165357,1
289.81,4.030828306377747,1
289.82,3.6704862952000163,1
289.83,3.4187570953995383,1
289.84000000000003,4.288631178563958,1
289.85,4.34845786649369,1
289.86,4.183770219300907,1
289.87,3.1991552475433958,1
289.88,2.27231138356648,1
289.89,3.9543116129249327,1
289.90000000000003,2.80588683412987,1
289.91,4.1099013644585884,1
289.92,5.2253898262224885,1
289.93,4.226531661788008,1
289.94,3.658158274310208,1
289.95,3.225486543096492,1
289.96,3.5080771379737667,1
289.97,3.8863851705676904,1
289.98,4.646182677596177,1
289.99,4.107868138201899,1
290.0,3.818680447235538,1
290.01,4.450545440157956,1
290.02,5.030274705601818,1
290.03000000000003,4.327149197102752,1
290.04,4.215905006677389,1
290.05,3.0113635421963307,1
290.06,3.128398445719516,1
290.07,3.0412238252898103,1
290.08,3.861503568663523,1
290.09000000000003,3.472604814269022,1
290.1,3.6450237510366543,1
290.11,3.404763546764383,1
290.12,3.4268200458921405,1
290.13,2.700696080637638,1
290.14,3.99257840913472,1
290.15000000000003,4.378399996070085,1
290.16,3.996652368249311,1
290.17,4.176387808365224,1
290.18,4.2692007601755355,1
290.19,4.270126254508783,1
290.2,4.566931574014157,1
290.21,4.831303786024718,1
290.22,5.119487542467369,1
290.23,2.8795806504015076,1
290.24,4.3080903411977145,1
290.25,3.3087915746379597,1
290.26,4.942166009900098,1
290.27,4.159546605660239,1
290.28000000000003,4.232004493620802,1
290.29,4.1118752597316375,1
290.3,4.141727628381889,1
290.31,5.052633923330225,1
290.32,4.821933145968987,1
290.33,5.028440837875188,1
290.34000000000003,3.8631807343195446,1
290.35,2.537769280070643,1
290.36,4.3258481770942,1
290.37,3.2349919814777697,1
290.38,3.6760526794811534,1
290.39,3.9183528378485746,1
290.40000000000003,3.9978994472588294,1
290.41,4.442294275573898,1
290.42,3.4729495670897945,1
290.43,4.436786795757975,1
290.44,3.9749544763935107,1
290.45,5.762271015077663,1
290.46,3.145273092766128,1
290.47,4.091593353368886,1
290.48,4.447567882072134,1
290.49,3.7819518471680516,1
290.5,3.613126821502402,1
290.51,4.81147279630297,1
290.52,4.548791211250695,1
290.53000000000003,3.452753919472819,1
290.54,2.932801381827629,1
290.55,4.242326718631363,1
290.56,4.152681937511906,1
290.57,4.319444314410854,1
290.58,3.890898456801318,1
290.59000000000003,4.528750716387742,1
290.6,5.071575750686532,1
290.61,5.082019698043055,1
290.62,3.579123348390075,1
290.63,5.65846123095557,1
290.64,4.59875469740818,1
290.65000000000003,3.185806487549601,1
290.66,4.306180561098823,1
290.67,4.227438488944409,1
290.68,3.9811404277649123,1
290.69,3.8888225367535094,1
290.7,4.447457713151534,1
290.71,4.460279648735501,1
290.72,3.601425176945412,1
290.73,3.566514077643513,1
290.74,3.528711231835083,1
290.75,3.782883816934091,1
290.76,4.490840264294962,1
290.77,4.7495391377710625,1
290.78000000000003,3.8627957742521017,1
290.79,4.682884498473259,1
290.8,4.329040141636831,1
290.81,4.130786860572748,1
290.82,5.265095300468937,1
290.83,4.351345194565525,1
290.84000000000003,4.00543505730165,1
290.85,4.617987997115034,1
290.86,3.3097509032614383,1
290.87,3.876421727863153,1
290.88,4.205566043890237,1
290.89,4.500982918463872,1
290.90000000000003,4.18498390964301,1
290.91,3.1500031687090297,1
290.92,3.329276978881349,1
290.93,3.618206915220703,1
290.94,4.061631352176779,1
290.95,3.086780826615799,1
290.96,4.788182971729443,1
290.97,4.190158486392805,1
290.98,4.1536556300867336,1
290.99,3.874966415556551,1
291.0,3.0575117212748317,1
291.01,4.027093071414117,1
291.02,4.532641015121272,1
291.03000000000003,3.994415276825378,1
291.04,4.765566901789751,1
291.05,4.08093069501717,1
291.06,4.527742254475103,1
291.07,4.019977799086798,1
291.08,4.2904696623635985,1
291.09000000000003,4.602593276908613,1
291.1,3.3336681177494882,1
291.11,4.35529671248259,1
291.12,4.659845303378286,1
291.13,5.398877709345317,1
291.14,4.057896777858371,1
291.15000000000003,2.566013097853481,1
291.16,2.6872178680183287,1
291.17,3.285464097417613,1
291.18,4.746060885195415,1
291.19,5.448180672356366,1
291.2,3.8246555087460314,1
291.21,4.048751960538863,1
291.22,2.3736795032002327,1
291.23,4.386946982619071,1
291.24,4.1826301313252765,1
291.25,3.9241654611299857,1
291.26,3.4415430884819327,1
291.27,3.7979984774321442,1
291.28000000000003,3.158192078058176,1
291.29,3.4129060086911953,1
291.3,3.1388730466113928,1
291.31,3.2637925830925147,1
291.32,3.16079627046478,1
291.33,4.262165003262814,1
291.34000000000003,3.197486983197206,1
291.35,3.842478264866695,1
291.36,3.2107719034690656,1
291.37,3.2094426548411943,1
291.38,3.2008323097746993,1
291.39,4.564453946183659,1
291.40000000000003,3.9169106480384546,1
291.41,3.5349499728151437,1
291.42,3.366136919313663,1
291.43,3.151625901171737,1
291.44,3.5552060484508394,1
291.45,3.116661759059855,1
291.46,3.7362890562521165,1
291.47,3.5850795616941515,1
291.48,3.512661030554764,1
291.49,4.796056796986982,1
291.5,3.887948622212137,1
291.51,3.8504142326877644,1
291.52,4.7772713457999885,1
291.53000000000003,3.10314623086444,1
291.54,3.557983820641947,1
291.55,2.8928571836219064,1
291.56,3.907882608979569,1
291.57,4.328249177064043,1
291.58,2.403209634455819,1
291.59000000000003,4.440279871565215,1
291.6,4.2297108419916105,1
291.61,4.06217651134243,1
291.62,3.24352429812185,1
291.63,4.517370755759857,1
291.64,5.195152550052737,1
291.65000000000003,3.882753556758428,1
291.66,3.858277544465653,1
291.67,4.066411544774973,1
291.68,3.7879449158642835,1
291.69,3.893578529956146,1
291.7,4.659449392271745,1
291.71,3.9718202706714285,1
291.72,4.140961968074763,1
291.73,5.265747601277845,1
291.74,4.953828316193771,1
291.75,3.3026777363494766,1
291.76,5.01863836636839,1
291.77,4.894333461211593,1
291.78000000000003,4.9801220112849265,1
291.79,3.63106712220612,1
291.8,4.116609953639814,1
291.81,3.7776223496537047,1
291.82,4.110725315256388,1
291.83,5.205147384180906,1
291.84000000000003,4.235383906124433,1
291.85,2.9736215063565496,1
291.86,3.767617525904461,1
291.87,3.6215344096887803,1
291.88,5.181717054868766,1
291.89,3.5652309465604666,1
291.90000000000003,3.708237305446326,1
291.91,3.716028717690028,1
291.92,4.975293193775308,1
291.93,4.619739281611944,1
291.94,4.333503194011703,1
291.95,4.095684172345298,1
291.96,4.074007343904866,1
291.97,3.993691385900035,1
291.98,5.290018555524284,1
291.99,3.2333914911579495,1
292.0,2.1611838097196485,1
292.01,4.201837235987656,1
292.02,4.967779028588775,1
292.03000000000003,4.2403590439087795,1
292.04,2.8018867386148356,1
292.05,4.487456694626454,1
292.06,3.409603776315801,1
292.07,3.191878218748712,1
292.08,3.3602442004653152,1
292.09000000000003,2.939772684476843,1
292.1,4.066834566921836,1
292.11,3.55895230796007,1
292.12,3.064734401824326,1
292.13,5.426118197887318,1
292.14,3.6685891302072786,1
292.15000000000003,3.938237940950339,1
292.16,4.933309381450673,1
292.17,4.43541927091928,1
292.18,5.221246968904347,1
292.19,3.5997163383512976,1
292.2,4.657068058709193,1
292.21,4.38242090759034,1
292.22,4.714093752662646,1
292.23,4.652599378364159,1
292.24,3.610484635424476,1
292.25,5.883985105830096,1
292.26,2.717540497636209,1
292.27,3.422467291085995,1
292.28000000000003,4.45042475831168,1
292.29,4.237506123664887,1
292.3,4.099653149740383,1
292.31,4.445534544907122,1
292.32,3.4343753833312753,1
292.33,4.449123010482873,1
292.34000000000003,3.870922317933045,1
292.35,4.825803340651685,1
292.36,3.7806165462287105,1
292.37,4.230206796560453,1
292.38,4.38427842483028,1
292.39,4.588463472954438,1
292.40000000000003,4.061039420055206,1
292.41,3.8424823518446067,1
292.42,3.533239830471096,1
292.43,4.349332458426667,1
292.44,2.8621269911095277,1
292.45,4.207592629437226,1
292.46,4.332432666674344,1
292.47,5.296018361004462,1
292.48,3.6922473552192105,1
292.49,4.1252318382679825,1
292.5,4.10923517873124,1
292.51,3.2641944802099694,1
292.52,3.906738853986946,1
292.53000000000003,3.0620640166021516,1
292.54,4.496321930101983,1
292.55,4.3376272209107185,1
292.56,4.22898787096866,1
292.57,3.5403043691153426,1
292.58,4.849814338537096,1
292.59000000000003,3.3252382497599657,1
292.6,3.9934517122747315,1
292.61,3.2657226756751876,1
292.62,3.882611774645529,1
292.63,4.879554075220996,1
292.64,4.431486388495676,1
292.65000000000003,3.5037371254247995,1
292.66,3.7027727316543766,1
292.67,3.7961066422480223,1
292.68,3.489588130695484,1
292.69,4.1681387861251675,1
292.7,5.425531469536399,1
292.71,3.697836418767628,1
292.72,5.188451325452438,1
292.73,4.0070608424167515,1
292.74,4.137254972836562,1
292.75,4.102056323108563,1
292.76,2.834196191551611,1
292.77,4.164913158490698,1
292.78000000000003,2.3887784053928947,1
292.79,4.017176114587854,1
292.8,4.108135053979659,1
292.81,3.0353122443134892,1
292.82,4.029683515050608,1
292.83,3.8736505563759156,1
292.84000000000003,3.964903577563873,1
292.85,3.9801758961833813,1
292.86,3.6878971460179732,1
292.87,4.090546190960954,1
292.88,4.610239589668287,1
292.89,3.9034745580349814,1
292.90000000000003,3.960120344345542,1
292.91,4.394079685629296,1
292.92,5.450682817457306,1
292.93,3.9000432564379928,1
292.94,2.8173170171796666,1
292.95,3.2718072645552327,1
292.96,4.275906801132846,1
292.97,4.937832531207755,1
292.98,3.3995294352466603,1
292.99,3.9138997379860605,1
293.0,4.008830639021613,1
293.01,3.526417820145793,1
293.02,5.013228436643968,1
293.03000000000003,4.877979654512048,1
293.04,4.348176667267365,1
293.05,3.8238793556238777,1
293.06,4.681145151112922,1
293.07,4.434481546910896,1
293.08,3.785643289802594,1
293.09000000000003,4.6393553087074215,1
293.1,4.276446995999441,1
293.11,2.9143603948557244,1
293.12,3.2455369499339466,1
293.13,3.030285773812882,1
293.14,4.538688644739095,1
293.15000000000003,3.5013120937779947,1
293.16,4.305721497939378,1
293.17,5.36736094662941,1
293.18,4.554159691796318,1
293.19,3.7395103051851075,1
293.2,3.5033351985620502,1
293.21,3.796154366528719,1
293.22,3.366467268411988,1
293.23,3.28131496728815,1
293.24,3.506795752288922,1
293.25,4.391155797418616,1
293.26,3.7568060994867607,1
293.27,3.899393947148688,1
293.28000000000003,4.34152496500191,1
293.29,4.514244185920745,1
293.3,2.777578858564591,1
293.31,2.783785215703659,1
293.32,3.6310188633213794,1
293.33,3.1926365833973014,1
293.34000000000003,4.433804535453759,1
293.35,3.64963480562327,1
293.36,5.07403644835568,1
293.37,3.687710979715085,1
293.38,4.138366462156029,1
293.39,3.553594023330792,1
293.40000000000003,4.291065972263438,1
293.41,4.3728290120403575,1
293.42,4.643907323359126,1
293.43,4.013409178769131,1
293.44,4.897243678941169,1
293.45,4.323678826252642,1
293.46,3.673409711897228,1
293.47,3.627900865629059,1
293.48,4.493694765155876,1
293.49,4.87181008301697,1
293.5,3.322798716624776,1
293.51,4.42190476467328,1
293.52,3.015383955347793,1
293.53000000000003,3.4783820274966626,1
293.54,4.214255087049011,1
293.55,3.3875296073906718,1
293.56,4.84299087515664,1
293.57,4.385287439751672,1
293.58,3.21337133980181,1
293.59000000000003,4.35618736196941,1
293.6,3.1661612764196043,1
293.61,3.977091476787096,1
293.62,4.613395442363252,1
293.63,4.558917115225214,1
293.64,4.049708931187058,1
293.65000000000003,3.8550322675482613,1
293.66,3.3113721960742515,1
293.67,4.137310405740905,1
293.68,4.573353330687687,1
293.69,5.395955406327097,1
293.7,3.7863219856653485,1
293.71,4.511798304769135,1
293.72,4.481182563497458,1
293.73,3.657809604796811,1
293.74,4.37505096533421,1
293.75,3.417393901573191,1
293.76,4.060521769130593,1
293.77,3.8063816822058354,1
293.78000000000003,4.233031291068522,1
293.79,4.331528625608167,1
293.8,3.6783247741408225,1
293.81,3.9991445149176874,1
293.82,3.9620274889776734,1
293.83,3.3527477713188603,1
293.84000000000003,3.7934416886209084,1
293.85,3.6873377595139165,1
293.86,3.321225895126188,1
293.87,3.4978856769677678,1
293.88,3.8454481517920334,1
293.89,4.0483281138811185,1
293.90000000000003,3.194483762816047,1
293.91,4.705736603958462,1
293.92,4.394762441732075,1
293.93,3.9065054279840266,1
293.94,3.131315689531299,1
293.95,3.7345365545878018,1
293.96,3.7354899085704294,1
293.97,3.2229276724740177,1
293.98,3.1564553912268885,1
293.99,4.4247874199105866,1
294.0,3.816750559047825,1
294.01,4.58830973206053,1
294.02,4.072293197211313,1
294.03000000000003,4.553949049423804,1
294.04,4.571509395207335,1
294.05,4.412507441038806,1
294.06,4.863354825987071,1
294.07,4.177053563090755,1
294.08,3.083935141834918,1
294.09000000000003,3.1006098759041554,1
294.1,3.5209982890307936,1
294.11,4.427935720873494,1
294.12,3.720569082820288,1
294.13,4.054543910707483,1
294.14,4.278634110360295,1
294.15000000000003,4.047952452953279,1
294.16,2.445042565695378,1
294.17,3.0764427405853736,1
294.18,5.047223913730389,1
294.19,4.252490641398877,1
294.2,2.2650107149222585,1
294.21,3.965859132548675,1
294.22,5.213093267109156,1
294.23,4.312332546471551,1
294.24,4.11974667107258,1
294.25,2.8963254816513846,1
294.26,3.829308101370037,1
294.27,2.983744831681199,1
294.28000000000003,3.1889991436393297,1
294.29,3.031674747939082,1
294.3,5.069016239021165,1
294.31,4.51179099141301,1
294.32,4.894166087482415,1
294.33,3.1330452348922173,1
294.34000000000003,3.999555520492527,1
294.35,3.270458072598391,1
294.36,3.3002704919661023,1
294.37,4.2024482746517755,1
294.38,4.0850200841599,1
294.39,4.168915549201441,1
294.40000000000003,3.196607908032605,1
294.41,4.0593030383890945,1
294.42,4.274699540881895,1
294.43,3.640292744425757,1
294.44,3.8741790550684434,1
294.45,3.0003712356995487,1
294.46,2.6126159453405133,1
294.47,5.279969312495483,1
294.48,4.252841379710317,1
294.49,3.8041946081983107,1
294.5,4.504686293240024,1
294.51,3.441007031399353,1
294.52,3.99239257492835,1
294.53000000000003,4.655411082957355,1
294.54,3.252071410359251,1
294.55,3.5604644008265276,1
294.56,3.006464395353801,1
294.57,4.422147100514685,1
294.58,4.115442893183721,1
294.59000000000003,4.7452523677265654,1
294.6,4.593046867642918,1
294.61,3.8906890080211314,1
294.62,4.305506910266578,1
294.63,4.35369194378288,1
294.64,4.569310584872539,1
294.65000000000003,5.061046623837027,1
294.66,3.427412791214784,1
294.67,2.808390686291543,1
294.68,3.289577752251908,1
294.69,4.286029060665007,1
294.7,4.284137063638952,1
294.71,3.6232647251242667,1
294.72,3.755522723497782,1
294.73,3.3821153456077,1
294.74,3.821239835389449,1
294.75,3.4637289819001977,1
294.76,4.958548096152622,1
294.77,4.85565242017294,1
294.78000000000003,4.47781469119997,1
294.79,4.027044561952089,1
294.8,4.742251073431576,1
294.81,4.133320952365304,1
294.82,4.158114536513498,1
294.83,2.9502240554919257,1
294.84000000000003,4.178349591178861,1
294.85,3.248383924056614,1
294.86,3.764820251037186,1
294.87,4.155675222286572,1
294.88,3.469382299234458,1
294.89,4.300666941658583,1
294.90000000000003,4.698949958620612,1
294.91,3.443773467581524,1
294.92,3.9972539492192194,1
294.93,3.1291946380323785,1
294.94,3.118416527635559,1
294.95,4.072829699802557,1
294.96,4.39598355435855,1
294.97,2.9843669162174695,1
294.98,5.225150958535353,1
294.99,3.7292211514015903,1
295.0,4.119804846783986,1
295.01,3.685358860681678,1
295.02,3.842137696523025,1
295.03000000000003,5.037575464007708,1
295.04,5.111249119253505,1
295.05,3.0712559337566634,1
295.06,3.6498381359797896,1
295.07,5.953607628469276,1
295.08,3.879401000021008,1
295.09000000000003,4.288911904204544,1
295.1,4.753171904285268,1
295.11,4.574082878479046,1
295.12,2.160793695341842,1
295.13,4.044433149675699,1
295.14,5.0654665264287555,1
295.15000000000003,4.007567106912833,1
295.16,3.253621369932627,1
295.17,3.231884045064578,1
295.18,3.7816118102516505,1
295.19,4.403099709706312,1
295.2,5.900548979434879,1
295.21,3.9507310508366853,1
295.22,4.407204456302807,1
295.23,3.084162858857045,1
295.24,2.9240034323426425,1
295.25,3.688465498013189,1
295.26,4.341605567335665,1
295.27,4.024641931281971,1
295.28000000000003,4.079174876809778,1
295.29,3.84855259335783,1
295.3,3.9714304715442337,1
295.31,3.782914663628895,1
295.32,3.0657487619175234,1
295.33,2.914313309442467,1
295.34000000000003,4.74467655684894,1
295.35,3.435115427111179,1
295.36,3.738749434752702,1
295.37,4.6962425022778165,1
295.38,3.823696013151829,1
295.39,4.536858483039064,1
295.40000000000003,3.457513050075,1
295.41,5.001352179113286,1
295.42,4.252915745562845,1
295.43,4.05965827772171,1
295.44,3.9688438875437044,1
295.45,4.5699474803897235,1
295.46,4.258753984030635,1
295.47,2.0011461746971553,1
295.48,3.6325080589961485,1
295.49,4.208759400176779,1
295.5,3.3828413678784344,1
295.51,3.6113405610734026,1
295.52,3.679389419320307,1
295.53000000000003,4.953730486597172,1
295.54,4.372899672973297,1
295.55,4.160432365221893,1
295.56,3.181945438763767,1
295.57,3.4465135459244687,1
295.58,4.475325379498523,1
295.59000000000003,4.434915382714993,1
295.6,3.1059028357297356,1
295.61,4.879051163831037,1
295.62,3.5398728044104137,1
295.63,4.26677301316541,1
295.64,5.86178524935554,1
295.65000000000003,3.9156863293970385,1
295.66,4.174926314662903,1
295.67,3.70809252119659,1
295.68,4.139334890637279,1
295.69,4.954923250784073,1
295.7,3.9295867898967036,1
295.71,3.780098880097243,1
295.72,4.6572816705986,1
295.73,3.157916229040973,1
295.74,3.931203115519348,1
295.75,3.4482883656325662,1
295.76,3.7412056341066564,1
295.77,3.3485800658262703,1
295.78000000000003,2.990720438210793,1
295.79,2.484604469515779,1
295.8,3.6168196045152397,1
295.81,4.149629838413191,1
295.82,4.58217070061304,1
295.83,3.2303389333734858,1
295.84000000000003,4.124840492782776,1
295.85,4.445786092801497,1
295.86,4.3317387723553695,1
295.87,4.247296777889427,1
295.88,2.654995613285118,1
295.89,3.8636035785759897,1
295.90000000000003,3.936948217220557,1
295.91,4.325355304876159,1
295.92,4.874227854807624,1
295.93,3.8224216437014205,1
295.94,3.693327830026784,1
295.95,3.9908566583616585,1
295.96,3.9422994361177075,1
295.97,4.216977393269296,1
295.98,4.3131621484542455,1
295.99,3.882620843690995,1
296.0,4.318361883653115,1
296.01,3.901876838344878,1
296.02,3.0985587779524186,1
296.03000000000003,3.257624938741551,1
296.04,2.512656820834767,1
296.05,5.065007592175902,1
296.06,4.9690954684402255,1
296.07,4.789647547059678,1
296.08,3.9501202740953314,1
296.09000000000003,4.652603565288692,1
296.1,4.620182831873067,1
296.11,3.0689797886192935,1
296.12,3.3884683493763954,1
296.13,4.250143676590079,1
296.14,3.6254708272570904,1
296.15000000000003,3.4432159170155776,1
296.16,4.429694861080045,1
296.17,3.428193305898301,1
296.18,5.532687480760322,1
296.19,5.104471324449895,1
296.2,3.929252097771142,1
296.21,4.831257349654414,1
296.22,4.216443677354292,1
296.23,3.8050825785579154,1
296.24,5.343933973482631,1
296.25,4.409419346613251,1
296.26,3.515473668910882,1
296.27,4.329584470060883,1
296.28000000000003,5.151295222321394,1
296.29,4.0925040265794355,1
296.3,4.1400417907735365,1
296.31,3.7892072523275746,1
296.32,4.170184121115901,1
296.33,3.3138924464804402,1
296.34000000000003,3.370474199330236,1
296.35,3.6646694628349676,1
296.36,4.017393621130275,1
296.37,4.662666650686438,1
296.38,3.9011355056331714,1
296.39,4.509039419192578,1
296.40000000000003,3.7463575463859544,1
296.41,4.391468154809218,1
296.42,4.846962601973747,1
296.43,4.038005785565964,1
296.44,4.302393958210131,1
296.45,3.713145276791552,1
296.46,4.434572983526143,1
296.47,2.268574330700118,1
296.48,2.8842916889788057,1
296.49,4.326606470863686,1
296.5,2.956658504943034,1
296.51,3.5954398730347794,1
296.52,4.840739708913401,1
296.53000000000003,4.549075337618317,1
296.54,5.5146275988409315,1
296.55,4.064356962496237,1
296.56,3.878895768102999,1
296.57,3.9391595654419387,1
296.58,3.3531468331864622,1
296.59000000000003,3.8009752669024195,1
296.6,3.17167543751961,1
296.61,4.736156076334609,1
296.62,4.568835471335207,1
296.63,3.3430778914573525,1
296.64,3.6012903523782,1
296.65000000000003,4.304928161657088,1
296.66,4.265487495007407,1
296.67,3.395136558328835,1
296.68,4.049740174193304,1
296.69,4.395568133693604,1
296.7,4.411562504797056,1
296.71,5.093025968286439,1
296.72,4.182289517724343,1
296.73,3.1439343884202158,1
296.74,3.185733714358536,1
296.75,4.69075546741815,1
296.76,5.01538478508571,1
296.77,3.9781423036613575,1
296.78000000000003,4.203647249333789,1
296.79,4.050696292033308,1
296.8,3.811108877974921,1
296.81,3.045947135683566,1
296.82,4.297965092825291,1
296.83,5.235958966956067,1
296.84000000000003,4.256799961919908,1
296.85,3.8949278322588046,1
296.86,3.78489547713823,1
296.87,4.36966649237842,1
296.88,4.812190227005081,1
296.89,4.416245491104486,1
296.90000000000003,2.8103974202777353,1
296.91,5.034405569513172,1
296.92,4.557171214324747,1
296.93,3.8546712580765936,1
296.94,3.574995144104164,1
296.95,3.609204962183006,1
296.96,4.464977552045823,1
296.97,2.686000579287948,1
296.98,4.211328610709029,1
296.99,4.1728064822717785,1
297.0,4.184821623535226,1
297.01,3.2813606311220465,1
297.02,2.89677770821479,1
297.03000000000003,5.451929847236776,1
297.04,4.245568038586931,1
297.05,5.346273261283052,1
297.06,4.738176819664987,1
297.07,4.177384451571149,1
297.08,4.2042450910012565,1
297.09000000000003,4.735107078833208,1
297.1,4.816541194439189,1
297.11,4.333108605043169,1
297.12,4.683469102062549,1
297.13,4.718990561151002,1
297.14,4.184823511582942,1
297.15000000000003,3.5438948443221983,1
297.16,4.223898342164173,1
297.17,3.467764043458031,1
297.18,3.6781122127516572,1
297.19,4.216726995074955,1
297.2,3.963083380345675,1
297.21,4.876061245078865,1
297.22,3.6696032728154493,1
297.23,2.661281159739088,1
297.24,4.841867060562392,1
297.25,4.1567765968685055,1
297.26,4.142371396779767,1
297.27,3.5571525572146765,1
297.28000000000003,2.794411839352901,1
297.29,3.418280794922608,1
297.3,4.333451079485896,1
297.31,3.86476873438498,1
297.32,3.730572921727686,1
297.33,2.8193717997909515,1
297.34000000000003,5.032173070369935,1
297.35,3.948022691743099,1
297.36,5.445103457645461,1
297.37,4.264523605552286,1
297.38,4.979114054536117,1
297.39,3.5711237257688877,1
297.40000000000003,2.993179468949578,1
297.41,3.843307348616549,1
297.42,4.399488911607617,1
297.43,4.519683408807399,1
297.44,4.359361243892478,1
297.45,5.583964428103163,1
297.46,4.420553502871222,1
297.47,3.884198949834447,1
297.48,3.8846589324240766,1
297.49,3.492462507078074,1
297.5,4.15828428934194,1
297.51,4.686526573259471,1
297.52,4.909840122408159,1
297.53000000000003,3.800101111913891,1
297.54,3.8815101152907667,1
297.55,3.5011718122443223,1
297.56,4.5270581225771265,1
297.57,3.1704362523075726,1
297.58,3.4386328697083877,1
297.59000000000003,1.2467598961627904,1
297.6,3.071166169942729,1
297.61,3.585492516429595,1
297.62,3.6892640165647013,1
297.63,3.2030992562069494,1
297.64,3.2913059041173427,1
297.65000000000003,4.851456289711777,1
297.66,3.616332925775792,1
297.67,2.8632322414501745,1
297.68,3.2983058567977586,1
297.69,3.3117925466871947,1
297.7,3.9115802770760952,1
297.71,4.2033029560548725,1
297.72,3.0884159277091454,1
297.73,4.078249767790863,1
297.74,4.84068501969708,1
297.75,4.6342329594793945,1
297.76,4.342585984349898,1
297.77,4.224941015301173,1
297.78000000000003,3.764758069009262,1
297.79,4.884592836183557,1
297.8,4.33306197506386,1
297.81,3.522800884980779,1
297.82,3.919085731187,1
297.83,3.618631439248112,1
297.84000000000003,3.9592178677598535,1
297.85,4.861618338273889,1
297.86,4.008604128064219,1
297.87,3.5451158157922493,1
297.88,4.691069734661096,1
297.89,4.891612609078219,1
297.90000000000003,3.542452320245841,1
297.91,4.908055453717819,1
297.92,4.633445026373197,1
297.93,3.6180080580802048,1
297.94,4.6957328506115354,1
297.95,3.167019384731833,1
297.96,3.5661906205032228,1
297.97,3.2033844392511073,1
297.98,3.2753950761136363,1
297.99,4.486835466753266,1
298.0,4.0211901650583135,1
298.01,3.305094155540661,1
298.02,3.6212926556729714,1
298.03000000000003,3.607941805543123,1
298.04,4.2114379247960345,1
298.05,5.562986285839359,1
298.06,4.298552626593518,1
298.07,4.254506767070614,1
298.08,5.0583579608493165,1
298.09000000000003,3.7331829576296593,1
298.1,4.847318270948561,1
298.11,3.7506885883931145,1
298.12,3.7057922111071764,1
298.13,3.7065310490129555,1
298.14,3.8407558692993593,1
298.15000000000003,3.8015080607358875,1
298.16,4.149252547032817,1
298.17,3.6735102028669133,1
298.18,4.002448910340742,1
298.19,2.932560070348602,1
298.2,4.445091274765236,1
298.21,4.785917939957487,1
298.22,4.236455086540548,1
298.23,4.5613175076182495,1
298.24,3.5625300406334843,1
298.25,5.033838211082886,1
298.26,4.256718697781499,1
298.27,3.034104248465964,1
298.28000000000003,4.773764810238539,1
298.29,4.534012411391622,1
298.3,5.244926440871896,1
298.31,5.129542900759695,1
298.32,4.892841978832082,1
298.33,4.299202325033217,1
298.34000000000003,4.4083839323741385,1
298.35,3.2492151671617666,1
298.36,3.7039410174478538,1
298.37,5.85833753521616,1
298.38,2.947399416162811,1
298.39,4.116237608510455,1
298.40000000000003,3.982864169761561,1
298.41,4.577368419072177,1
298.42,4.209049736954444,1
298.43,4.862491686764928,1
298.44,4.133777957457924,1
298.45,4.585827275192299,1
298.46,4.3437002324812894,1
298.47,3.891571119982378,1
298.48,3.755020120250148,1
298.49,4.836314400887511,1
298.5,4.454179104979706,1
298.51,4.648894235174342,1
298.52,4.807541372659153,1
298.53000000000003,3.6505973951855024,1
298.54,3.7311144594039125,1
298.55,3.687308505136009,1
298.56,4.578980295235329,1
298.57,4.033544141592236,1
298.58,4.077777756017209,1
298.59000000000003,3.2984172871283874,1
298.6,4.494046875843517,1
298.61,4.610505935358702,1
298.62,4.446169536442593,1
298.63,4.194307678395616,1
298.64,4.760747866860081,1
298.65000000000003,4.089281419045231,1
298.66,4.997713126920116,1
298.67,4.583854194127499,1
298.68,3.2592037520041943,1
298.69,3.890800720222585,1
298.7,4.202790787269319,1
298.71,3.53544876982143,1
298.72,4.62703735152606,1
298.73,2.6935847698188673,1
298.74,4.370937827899457,1
298.75,4.394740435659726,1
298.76,2.66285592968673,1
298.77,3.9267718305811155,1
298.78000000000003,3.670243397160951,1
298.79,4.8780489845701505,1
298.8,3.510776714253178,1
298.81,4.5138951769498705,1
298.82,4.724112545778609,1
298.83,3.850620812065321,1
298.84000000000003,4.905250503807758,1
298.85,3.860146525119366,1
298.86,4.9274839809894155,1
298.87,5.805589757274752,1
298.88,4.755041574082856,1
298.89,4.464396004258163,1
298.90000000000003,3.719410430275085,1
298.91,5.163353310330911,1
298.92,4.600574706408693,1
298.93,3.6753914930933753,1
298.94,4.880991516045156,1
298.95,4.0487210343214395,1
298.96,4.370796299313789,1
298.97,3.6958100380290078,1
298.98,3.3296267498444556,1
298.99,3.3626285820352906,1
299.0,3.7157874579116235,1
299.01,4.340633820898133,1
299.02,3.8725678535727077,1
299.03000000000003,3.5408392522853562,1
299.04,3.4275428501083254,1
299.05,4.862817266041504,1
299.06,4.043572315777207,1
299.07,2.7925918561454015,1
299.08,3.9656703278767145,1
299.09000000000003,3.750324849449425,1
299.1,4.116198599145583,1
299.11,3.6142188551068557,1
299.12,4.766275877731167,1
299.13,3.8845517256157,1
299.14,3.7843591200398117,1
299.15000000000003,3.7065678987845696,1
299.16,4.218452525856887,1
299.17,4.20919466301266,1
299.18,3.7158221173853505,1
299.19,3.9765274544199674,1
299.2,3.835912245922822,1
299.21,4.566191308394611,1
299.22,3.243308103137443,1
299.23,3.795502693117304,1
299.24,3.933053835008034,1
299.25,4.97632838090958,1
299.26,4.892461417544372,1
299.27,4.36814476393808,1
299.28000000000003,3.4200238083697028,1
299.29,4.0242413802766865,1
299.3,5.219540759771681,1
299.31,3.951973710544868,1
299.32,4.0350300877176375,1
299.33,4.061150501909685,1
299.34000000000003,3.3801117478592153,1
299.35,3.3624851674500484,1
299.36,3.3649114514284126,1
299.37,3.7082105230399787,1
299.38,4.226266724549361,1
299.39,4.101935403150019,1
299.40000000000003,4.336801444778724,1
299.41,5.446666481335372,1
299.42,5.815958643142517,1
299.43,4.231743090874581,1
299.44,4.685097548704967,1
299.45,4.544187138235825,1
299.46,4.80268605595226,1
299.47,4.7841976332812,1
299.48,3.7474723301614294,1
299.49,5.292289370052054,1
299.5,5.06947493488954,1
299.51,4.666589894882514,1
299.52,4.439335729621034,1
299.53000000000003,4.222953667363672,1
299.54,4.07433680594598,1
299.55,4.44007623328178,1
299.56,4.119762703765837,1
299.57,4.192271038363398,1
299.58,3.9837062383303254,1
299.59000000000003,3.8905015689743148,1
299.6,5.2378981254441195,1
299.61,4.235677455346006,1
299.62,3.8749732380559863,1
299.63,4.243107520999383,1
299.64,3.3842688223757738,1
299.65000000000003,4.730417984590032,1
299.66,4.20462439107967,1
299.67,3.941555643637374,1
299.68,3.842284851609745,1
299.69,3.0697823092106726,1
299.7,5.208734013152227,1
299.71,4.258480134251776,1
299.72,5.2267647647866795,1
299.73,3.930548700600193,1
299.74,4.3062230169131395,1
299.75,4.506853821488619,1
299.76,4.364035957354987,1
299.77,3.7557866567474627,1
299.78000000000003,2.8800855234100124,1
299.79,5.462176245220047,1
299.8,3.7017866916883526,1
299.81,5.739560924634476,1
299.82,3.844839044214405,1
299.83,5.033575418133215,1
299.84000000000003,4.6002733032153404,1
299.85,4.607189589562193,1
299.86,3.7864847078971087,1
299.87,3.8699548415895286,1
299.88,3.867156271518268,1
299.89,4.192207360521728,1
299.90000000000003,3.9550703816475603,1
299.91,3.708693373986456,1
299.92,3.4078448302884916,1
299.93,3.4373680996980482,1
299.94,4.240348540215602,1
299.95,3.4836011974397745,1
299.96,3.1846398052329956,1
299.97,3.9824135581927766,1
299.98,2.5400781388389735,1
299.99,3.886353759041223,1
